{"type": "FeatureCollection", "features": [{"type": "Feature", "geometry": {"type": "LineString", "coordinates": [[16.4953837, 43.5277799], [16.4953957, 43.5277768]]}, "properties": {"tema": "granica", "opis": "Granica obuhvata plana", "cad_sloj": "TPS_A001_Granica obuhvata", "list": "0_Granica obuhvata_ID_DPU_DRACEVAC", "plan": "DPU radne zone Dračevac", "izvor": "DPU radne zone Dračevac (split.hr), vektorizirano iz PDF-a"}}, {"type": "Feature", "geometry": {"type": "LineString", "coordinates": [[16.49539, 43.5277646], [16.4953785, 43.5277677]]}, "properties": {"tema": "granica", "opis": "Granica obuhvata plana", "cad_sloj": "TPS_A001_Granica obuhvata", "list": "0_Granica obuhvata_ID_DPU_DRACEVAC", "plan": "DPU radne zone Dračevac", "izvor": "DPU radne zone Dračevac (split.hr), vektorizirano iz PDF-a"}}, {"type": "Feature", "geometry": {"type": "LineString", "coordinates": [[16.495413, 43.5273224], [16.495425, 43.5273227]]}, "properties": {"tema": "granica", "opis": "Granica obuhvata plana", "cad_sloj": "TPS_A001_Granica obuhvata", "list": "0_Granica obuhvata_ID_DPU_DRACEVAC", "plan": "DPU radne zone Dračevac", "izvor": "DPU radne zone Dračevac (split.hr), vektorizirano iz PDF-a"}}, {"type": "Feature", "geometry": {"type": "LineString", "coordinates": [[16.4954319, 43.5269634], [16.4954444, 43.5269638]]}, "properties": {"tema": "granica", "opis": "Granica obuhvata plana", "cad_sloj": "TPS_A001_Granica obuhvata", "list": "0_Granica obuhvata_ID_DPU_DRACEVAC", "plan": "DPU radne zone Dračevac", "izvor": "DPU radne zone Dračevac (split.hr), vektorizirano iz PDF-a"}}, {"type": "Feature", "geometry": {"type": "LineString", "coordinates": [[16.4991491, 43.5236852], [16.4991371, 43.5236882]]}, "properties": {"tema": "granica", "opis": "Granica obuhvata plana", "cad_sloj": "TPS_A001_Granica obuhvata", "list": "0_Granica obuhvata_ID_DPU_DRACEVAC", "plan": "DPU radne zone Dračevac", "izvor": "DPU radne zone Dračevac (split.hr), vektorizirano iz PDF-a"}}, {"type": "Feature", "geometry": {"type": "LineString", "coordinates": [[16.5004422, 43.526723], [16.5004307, 43.526726]]}, "properties": {"tema": "granica", "opis": "Granica obuhvata plana", "cad_sloj": "TPS_A001_Granica obuhvata", "list": "0_Granica obuhvata_ID_DPU_DRACEVAC", "plan": "DPU radne zone Dračevac", "izvor": "DPU radne zone Dračevac (split.hr), vektorizirano iz PDF-a"}}, {"type": "Feature", "geometry": {"type": "LineString", "coordinates": [[16.5006734, 43.5271801], [16.5006619, 43.5271831]]}, "properties": {"tema": "granica", "opis": "Granica obuhvata plana", "cad_sloj": "TPS_A001_Granica obuhvata", "list": "0_Granica obuhvata_ID_DPU_DRACEVAC", "plan": "DPU radne zone Dračevac", "izvor": "DPU radne zone Dračevac (split.hr), vektorizirano iz PDF-a"}}, {"type": "Feature", "geometry": {"type": "LineString", "coordinates": [[16.501455, 43.5278911], [16.5014534, 43.5279002]]}, "properties": {"tema": "granica", "opis": "Granica obuhvata plana", "cad_sloj": "TPS_A001_Granica obuhvata", "list": "0_Granica obuhvata_ID_DPU_DRACEVAC", "plan": "DPU radne zone Dračevac", "izvor": "DPU radne zone Dračevac (split.hr), vektorizirano iz PDF-a"}}, {"type": "Feature", "geometry": {"type": "Polygon", "coordinates": [[[16.5013901, 43.5280468], [16.5013875, 43.5280555], [16.5013666, 43.5280437], [16.5013901, 43.5280468]]]}, "properties": {"tema": "granica", "opis": "Granica obuhvata plana", "cad_sloj": "TPS_A001_Granica obuhvata", "list": "0_Granica obuhvata_ID_DPU_DRACEVAC", "plan": "DPU radne zone Dračevac", "izvor": "DPU radne zone Dračevac (split.hr), vektorizirano iz PDF-a"}}, {"type": "Feature", "geometry": {"type": "Polygon", "coordinates": [[[16.5013875, 43.5280555], [16.5013666, 43.5280437], [16.5013645, 43.5280525], [16.5013875, 43.5280555]]]}, "properties": {"tema": "granica", "opis": "Granica obuhvata plana", "cad_sloj": "TPS_A001_Granica obuhvata", "list": "0_Granica obuhvata_ID_DPU_DRACEVAC", "plan": "DPU radne zone Dračevac", "izvor": "DPU radne zone Dračevac (split.hr), vektorizirano iz PDF-a"}}, {"type": "Feature", "geometry": {"type": "Polygon", "coordinates": [[[16.501355, 43.5280422], [16.501353, 43.5280509], [16.501332, 43.5280392], [16.501355, 43.5280422]]]}, "properties": {"tema": "granica", "opis": "Granica obuhvata plana", "cad_sloj": "TPS_A001_Granica obuhvata", "list": "0_Granica obuhvata_ID_DPU_DRACEVAC", "plan": "DPU radne zone Dračevac", "izvor": "DPU radne zone Dračevac (split.hr), vektorizirano iz PDF-a"}}, {"type": "Feature", "geometry": {"type": "Polygon", "coordinates": [[[16.501353, 43.5280509], [16.501332, 43.5280392], [16.5013299, 43.5280479], [16.501353, 43.5280509]]]}, "properties": {"tema": "granica", "opis": "Granica obuhvata plana", "cad_sloj": "TPS_A001_Granica obuhvata", "list": "0_Granica obuhvata_ID_DPU_DRACEVAC", "plan": "DPU radne zone Dračevac", "izvor": "DPU radne zone Dračevac (split.hr), vektorizirano iz PDF-a"}}, {"type": "Feature", "geometry": {"type": "Polygon", "coordinates": [[[16.5013205, 43.5280376], [16.5013184, 43.5280464], [16.5012975, 43.5280342], [16.5013205, 43.5280376]]]}, "properties": {"tema": "granica", "opis": "Granica obuhvata plana", "cad_sloj": "TPS_A001_Granica obuhvata", "list": "0_Granica obuhvata_ID_DPU_DRACEVAC", "plan": "DPU radne zone Dračevac", "izvor": "DPU radne zone Dračevac (split.hr), vektorizirano iz PDF-a"}}, {"type": "Feature", "geometry": {"type": "Polygon", "coordinates": [[[16.5013184, 43.5280464], [16.5012975, 43.5280342], [16.5012949, 43.5280433], [16.5013184, 43.5280464]]]}, "properties": {"tema": "granica", "opis": "Granica obuhvata plana", "cad_sloj": "TPS_A001_Granica obuhvata", "list": "0_Granica obuhvata_ID_DPU_DRACEVAC", "plan": "DPU radne zone Dračevac", "izvor": "DPU radne zone Dračevac (split.hr), vektorizirano iz PDF-a"}}, {"type": "Feature", "geometry": {"type": "Polygon", "coordinates": [[[16.501286, 43.5280327], [16.5012834, 43.5280418], [16.501263, 43.5280296], [16.501286, 43.5280327]]]}, "properties": {"tema": "granica", "opis": "Granica obuhvata plana", "cad_sloj": "TPS_A001_Granica obuhvata", "list": "0_Granica obuhvata_ID_DPU_DRACEVAC", "plan": "DPU radne zone Dračevac", "izvor": "DPU radne zone Dračevac (split.hr), vektorizirano iz PDF-a"}}, {"type": "Feature", "geometry": {"type": "Polygon", "coordinates": [[[16.5012834, 43.5280418], [16.501263, 43.5280296], [16.5012604, 43.5280384], [16.5012834, 43.5280418]]]}, "properties": {"tema": "granica", "opis": "Granica obuhvata plana", "cad_sloj": "TPS_A001_Granica obuhvata", "list": "0_Granica obuhvata_ID_DPU_DRACEVAC", "plan": "DPU radne zone Dračevac", "izvor": "DPU radne zone Dračevac (split.hr), vektorizirano iz PDF-a"}}, {"type": "Feature", "geometry": {"type": "Polygon", "coordinates": [[[16.5012509, 43.5280281], [16.5012489, 43.5280369], [16.5012279, 43.5280251], [16.5012509, 43.5280281]]]}, "properties": {"tema": "granica", "opis": "Granica obuhvata plana", "cad_sloj": "TPS_A001_Granica obuhvata", "list": "0_Granica obuhvata_ID_DPU_DRACEVAC", "plan": "DPU radne zone Dračevac", "izvor": "DPU radne zone Dračevac (split.hr), vektorizirano iz PDF-a"}}, {"type": "Feature", "geometry": {"type": "Polygon", "coordinates": [[[16.5012489, 43.5280369], [16.5012279, 43.5280251], [16.5012258, 43.5280338], [16.5012489, 43.5280369]]]}, "properties": {"tema": "granica", "opis": "Granica obuhvata plana", "cad_sloj": "TPS_A001_Granica obuhvata", "list": "0_Granica obuhvata_ID_DPU_DRACEVAC", "plan": "DPU radne zone Dračevac", "izvor": "DPU radne zone Dračevac (split.hr), vektorizirano iz PDF-a"}}, {"type": "Feature", "geometry": {"type": "Polygon", "coordinates": [[[16.5012164, 43.5280235], [16.5012143, 43.5280323], [16.5011934, 43.5280205], [16.5012164, 43.5280235]]]}, "properties": {"tema": "granica", "opis": "Granica obuhvata plana", "cad_sloj": "TPS_A001_Granica obuhvata", "list": "0_Granica obuhvata_ID_DPU_DRACEVAC", "plan": "DPU radne zone Dračevac", "izvor": "DPU radne zone Dračevac (split.hr), vektorizirano iz PDF-a"}}, {"type": "Feature", "geometry": {"type": "Polygon", "coordinates": [[[16.5012143, 43.5280323], [16.5011934, 43.5280205], [16.5011913, 43.5280293], [16.5012143, 43.5280323]]]}, "properties": {"tema": "granica", "opis": "Granica obuhvata plana", "cad_sloj": "TPS_A001_Granica obuhvata", "list": "0_Granica obuhvata_ID_DPU_DRACEVAC", "plan": "DPU radne zone Dračevac", "izvor": "DPU radne zone Dračevac (split.hr), vektorizirano iz PDF-a"}}, {"type": "Feature", "geometry": {"type": "Polygon", "coordinates": [[[16.5011819, 43.5280186], [16.5011798, 43.5280277], [16.5011589, 43.5280156], [16.5011819, 43.5280186]]]}, "properties": {"tema": "granica", "opis": "Granica obuhvata plana", "cad_sloj": "TPS_A001_Granica obuhvata", "list": "0_Granica obuhvata_ID_DPU_DRACEVAC", "plan": "DPU radne zone Dračevac", "izvor": "DPU radne zone Dračevac (split.hr), vektorizirano iz PDF-a"}}, {"type": "Feature", "geometry": {"type": "Polygon", "coordinates": [[[16.5011798, 43.5280277], [16.5011589, 43.5280156], [16.5011568, 43.5280247], [16.5011798, 43.5280277]]]}, "properties": {"tema": "granica", "opis": "Granica obuhvata plana", "cad_sloj": "TPS_A001_Granica obuhvata", "list": "0_Granica obuhvata_ID_DPU_DRACEVAC", "plan": "DPU radne zone Dračevac", "izvor": "DPU radne zone Dračevac (split.hr), vektorizirano iz PDF-a"}}, {"type": "Feature", "geometry": {"type": "Polygon", "coordinates": [[[16.5011474, 43.528014], [16.5011448, 43.5280228], [16.5011238, 43.528011], [16.5011474, 43.528014]]]}, "properties": {"tema": "granica", "opis": "Granica obuhvata plana", "cad_sloj": "TPS_A001_Granica obuhvata", "list": "0_Granica obuhvata_ID_DPU_DRACEVAC", "plan": "DPU radne zone Dračevac", "izvor": "DPU radne zone Dračevac (split.hr), vektorizirano iz PDF-a"}}, {"type": "Feature", "geometry": {"type": "Polygon", "coordinates": [[[16.5011448, 43.5280228], [16.5011238, 43.528011], [16.5011217, 43.5280201], [16.5011448, 43.5280228]]]}, "properties": {"tema": "granica", "opis": "Granica obuhvata plana", "cad_sloj": "TPS_A001_Granica obuhvata", "list": "0_Granica obuhvata_ID_DPU_DRACEVAC", "plan": "DPU radne zone Dračevac", "izvor": "DPU radne zone Dračevac (split.hr), vektorizirano iz PDF-a"}}, {"type": "Feature", "geometry": {"type": "Polygon", "coordinates": [[[16.5011123, 43.5280098], [16.5011102, 43.5280186], [16.5010893, 43.5280068], [16.5011123, 43.5280098]]]}, "properties": {"tema": "granica", "opis": "Granica obuhvata plana", "cad_sloj": "TPS_A001_Granica obuhvata", "list": "0_Granica obuhvata_ID_DPU_DRACEVAC", "plan": "DPU radne zone Dračevac", "izvor": "DPU radne zone Dračevac (split.hr), vektorizirano iz PDF-a"}}, {"type": "Feature", "geometry": {"type": "Polygon", "coordinates": [[[16.5011102, 43.5280186], [16.5010893, 43.5280068], [16.5010872, 43.5280156], [16.5011102, 43.5280186]]]}, "properties": {"tema": "granica", "opis": "Granica obuhvata plana", "cad_sloj": "TPS_A001_Granica obuhvata", "list": "0_Granica obuhvata_ID_DPU_DRACEVAC", "plan": "DPU radne zone Dračevac", "izvor": "DPU radne zone Dračevac (split.hr), vektorizirano iz PDF-a"}}, {"type": "Feature", "geometry": {"type": "Polygon", "coordinates": [[[16.5010778, 43.5280053], [16.5010757, 43.528014], [16.5010548, 43.5280022], [16.5010778, 43.5280053]]]}, "properties": {"tema": "granica", "opis": "Granica obuhvata plana", "cad_sloj": "TPS_A001_Granica obuhvata", "list": "0_Granica obuhvata_ID_DPU_DRACEVAC", "plan": "DPU radne zone Dračevac", "izvor": "DPU radne zone Dračevac (split.hr), vektorizirano iz PDF-a"}}, {"type": "Feature", "geometry": {"type": "Polygon", "coordinates": [[[16.5010757, 43.528014], [16.5010548, 43.5280022], [16.5010527, 43.5280114], [16.5010757, 43.528014]]]}, "properties": {"tema": "granica", "opis": "Granica obuhvata plana", "cad_sloj": "TPS_A001_Granica obuhvata", "list": "0_Granica obuhvata_ID_DPU_DRACEVAC", "plan": "DPU radne zone Dračevac", "izvor": "DPU radne zone Dračevac (split.hr), vektorizirano iz PDF-a"}}, {"type": "Feature", "geometry": {"type": "Polygon", "coordinates": [[[16.5010427, 43.5280007], [16.5010407, 43.5280098], [16.5010197, 43.527998], [16.5010427, 43.5280007]]]}, "properties": {"tema": "granica", "opis": "Granica obuhvata plana", "cad_sloj": "TPS_A001_Granica obuhvata", "list": "0_Granica obuhvata_ID_DPU_DRACEVAC", "plan": "DPU radne zone Dračevac", "izvor": "DPU radne zone Dračevac (split.hr), vektorizirano iz PDF-a"}}, {"type": "Feature", "geometry": {"type": "Polygon", "coordinates": [[[16.5010407, 43.5280098], [16.5010197, 43.527998], [16.5010176, 43.5280068], [16.5010407, 43.5280098]]]}, "properties": {"tema": "granica", "opis": "Granica obuhvata plana", "cad_sloj": "TPS_A001_Granica obuhvata", "list": "0_Granica obuhvata_ID_DPU_DRACEVAC", "plan": "DPU radne zone Dračevac", "izvor": "DPU radne zone Dračevac (split.hr), vektorizirano iz PDF-a"}}, {"type": "Feature", "geometry": {"type": "Polygon", "coordinates": [[[16.5010082, 43.5279965], [16.5010061, 43.5280053], [16.5009852, 43.5279935], [16.5010082, 43.5279965]]]}, "properties": {"tema": "granica", "opis": "Granica obuhvata plana", "cad_sloj": "TPS_A001_Granica obuhvata", "list": "0_Granica obuhvata_ID_DPU_DRACEVAC", "plan": "DPU radne zone Dračevac", "izvor": "DPU radne zone Dračevac (split.hr), vektorizirano iz PDF-a"}}, {"type": "Feature", "geometry": {"type": "Polygon", "coordinates": [[[16.5010061, 43.5280053], [16.5009852, 43.5279935], [16.5009831, 43.5280022], [16.5010061, 43.5280053]]]}, "properties": {"tema": "granica", "opis": "Granica obuhvata plana", "cad_sloj": "TPS_A001_Granica obuhvata", "list": "0_Granica obuhvata_ID_DPU_DRACEVAC", "plan": "DPU radne zone Dračevac", "izvor": "DPU radne zone Dračevac (split.hr), vektorizirano iz PDF-a"}}, {"type": "Feature", "geometry": {"type": "Polygon", "coordinates": [[[16.5009737, 43.527992], [16.5009716, 43.5280007], [16.5009502, 43.5279889], [16.5009737, 43.527992]]]}, "properties": {"tema": "granica", "opis": "Granica obuhvata plana", "cad_sloj": "TPS_A001_Granica obuhvata", "list": "0_Granica obuhvata_ID_DPU_DRACEVAC", "plan": "DPU radne zone Dračevac", "izvor": "DPU radne zone Dračevac (split.hr), vektorizirano iz PDF-a"}}, {"type": "Feature", "geometry": {"type": "Polygon", "coordinates": [[[16.5009716, 43.5280007], [16.5009502, 43.5279889], [16.5009481, 43.527998], [16.5009716, 43.5280007]]]}, "properties": {"tema": "granica", "opis": "Granica obuhvata plana", "cad_sloj": "TPS_A001_Granica obuhvata", "list": "0_Granica obuhvata_ID_DPU_DRACEVAC", "plan": "DPU radne zone Dračevac", "izvor": "DPU radne zone Dračevac (split.hr), vektorizirano iz PDF-a"}}, {"type": "Feature", "geometry": {"type": "Polygon", "coordinates": [[[16.5009386, 43.5279878], [16.5009366, 43.5279965], [16.5009156, 43.5279847], [16.5009386, 43.5279878]]]}, "properties": {"tema": "granica", "opis": "Granica obuhvata plana", "cad_sloj": "TPS_A001_Granica obuhvata", "list": "0_Granica obuhvata_ID_DPU_DRACEVAC", "plan": "DPU radne zone Dračevac", "izvor": "DPU radne zone Dračevac (split.hr), vektorizirano iz PDF-a"}}, {"type": "Feature", "geometry": {"type": "Polygon", "coordinates": [[[16.5009366, 43.5279965], [16.5009156, 43.5279847], [16.5009135, 43.5279935], [16.5009366, 43.5279965]]]}, "properties": {"tema": "granica", "opis": "Granica obuhvata plana", "cad_sloj": "TPS_A001_Granica obuhvata", "list": "0_Granica obuhvata_ID_DPU_DRACEVAC", "plan": "DPU radne zone Dračevac", "izvor": "DPU radne zone Dračevac (split.hr), vektorizirano iz PDF-a"}}, {"type": "Feature", "geometry": {"type": "Polygon", "coordinates": [[[16.5009041, 43.5279832], [16.500902, 43.527992], [16.5008811, 43.5279805], [16.5009041, 43.5279832]]]}, "properties": {"tema": "granica", "opis": "Granica obuhvata plana", "cad_sloj": "TPS_A001_Granica obuhvata", "list": "0_Granica obuhvata_ID_DPU_DRACEVAC", "plan": "DPU radne zone Dračevac", "izvor": "DPU radne zone Dračevac (split.hr), vektorizirano iz PDF-a"}}, {"type": "Feature", "geometry": {"type": "Polygon", "coordinates": [[[16.500902, 43.527992], [16.5008811, 43.5279805], [16.500879, 43.5279893], [16.500902, 43.527992]]]}, "properties": {"tema": "granica", "opis": "Granica obuhvata plana", "cad_sloj": "TPS_A001_Granica obuhvata", "list": "0_Granica obuhvata_ID_DPU_DRACEVAC", "plan": "DPU radne zone Dračevac", "izvor": "DPU radne zone Dračevac (split.hr), vektorizirano iz PDF-a"}}, {"type": "Feature", "geometry": {"type": "Polygon", "coordinates": [[[16.5008691, 43.527979], [16.500867, 43.5279878], [16.5008461, 43.5279764], [16.5008691, 43.527979]]]}, "properties": {"tema": "granica", "opis": "Granica obuhvata plana", "cad_sloj": "TPS_A001_Granica obuhvata", "list": "0_Granica obuhvata_ID_DPU_DRACEVAC", "plan": "DPU radne zone Dračevac", "izvor": "DPU radne zone Dračevac (split.hr), vektorizirano iz PDF-a"}}, {"type": "Feature", "geometry": {"type": "Polygon", "coordinates": [[[16.500867, 43.5279878], [16.5008461, 43.5279764], [16.500844, 43.5279851], [16.500867, 43.5279878]]]}, "properties": {"tema": "granica", "opis": "Granica obuhvata plana", "cad_sloj": "TPS_A001_Granica obuhvata", "list": "0_Granica obuhvata_ID_DPU_DRACEVAC", "plan": "DPU radne zone Dračevac", "izvor": "DPU radne zone Dračevac (split.hr), vektorizirano iz PDF-a"}}, {"type": "Feature", "geometry": {"type": "Polygon", "coordinates": [[[16.5008345, 43.5279748], [16.5008325, 43.527984], [16.500811, 43.5279722], [16.5008345, 43.5279748]]]}, "properties": {"tema": "granica", "opis": "Granica obuhvata plana", "cad_sloj": "TPS_A001_Granica obuhvata", "list": "0_Granica obuhvata_ID_DPU_DRACEVAC", "plan": "DPU radne zone Dračevac", "izvor": "DPU radne zone Dračevac (split.hr), vektorizirano iz PDF-a"}}, {"type": "Feature", "geometry": {"type": "Polygon", "coordinates": [[[16.5008325, 43.527984], [16.500811, 43.5279722], [16.5008094, 43.5279809], [16.5008325, 43.527984]]]}, "properties": {"tema": "granica", "opis": "Granica obuhvata plana", "cad_sloj": "TPS_A001_Granica obuhvata", "list": "0_Granica obuhvata_ID_DPU_DRACEVAC", "plan": "DPU radne zone Dračevac", "izvor": "DPU radne zone Dračevac (split.hr), vektorizirano iz PDF-a"}}, {"type": "Feature", "geometry": {"type": "Polygon", "coordinates": [[[16.5007995, 43.5279706], [16.5007974, 43.5279798], [16.5007765, 43.527968], [16.5007995, 43.5279706]]]}, "properties": {"tema": "granica", "opis": "Granica obuhvata plana", "cad_sloj": "TPS_A001_Granica obuhvata", "list": "0_Granica obuhvata_ID_DPU_DRACEVAC", "plan": "DPU radne zone Dračevac", "izvor": "DPU radne zone Dračevac (split.hr), vektorizirano iz PDF-a"}}, {"type": "Feature", "geometry": {"type": "Polygon", "coordinates": [[[16.5007974, 43.5279798], [16.5007765, 43.527968], [16.5007744, 43.5279767], [16.5007974, 43.5279798]]]}, "properties": {"tema": "granica", "opis": "Granica obuhvata plana", "cad_sloj": "TPS_A001_Granica obuhvata", "list": "0_Granica obuhvata_ID_DPU_DRACEVAC", "plan": "DPU radne zone Dračevac", "izvor": "DPU radne zone Dračevac (split.hr), vektorizirano iz PDF-a"}}, {"type": "Feature", "geometry": {"type": "Polygon", "coordinates": [[[16.500765, 43.5279665], [16.5007629, 43.5279756], [16.5007414, 43.5279638], [16.500765, 43.5279665]]]}, "properties": {"tema": "granica", "opis": "Granica obuhvata plana", "cad_sloj": "TPS_A001_Granica obuhvata", "list": "0_Granica obuhvata_ID_DPU_DRACEVAC", "plan": "DPU radne zone Dračevac", "izvor": "DPU radne zone Dračevac (split.hr), vektorizirano iz PDF-a"}}, {"type": "Feature", "geometry": {"type": "Polygon", "coordinates": [[[16.5007629, 43.5279756], [16.5007414, 43.5279638], [16.5007399, 43.5279725], [16.5007629, 43.5279756]]]}, "properties": {"tema": "granica", "opis": "Granica obuhvata plana", "cad_sloj": "TPS_A001_Granica obuhvata", "list": "0_Granica obuhvata_ID_DPU_DRACEVAC", "plan": "DPU radne zone Dračevac", "izvor": "DPU radne zone Dračevac (split.hr), vektorizirano iz PDF-a"}}, {"type": "Feature", "geometry": {"type": "Polygon", "coordinates": [[[16.5007299, 43.5279627], [16.5007284, 43.5279714], [16.5007069, 43.5279596], [16.5007299, 43.5279627]]]}, "properties": {"tema": "granica", "opis": "Granica obuhvata plana", "cad_sloj": "TPS_A001_Granica obuhvata", "list": "0_Granica obuhvata_ID_DPU_DRACEVAC", "plan": "DPU radne zone Dračevac", "izvor": "DPU radne zone Dračevac (split.hr), vektorizirano iz PDF-a"}}, {"type": "Feature", "geometry": {"type": "Polygon", "coordinates": [[[16.5007284, 43.5279714], [16.5007069, 43.5279596], [16.5007048, 43.5279687], [16.5007284, 43.5279714]]]}, "properties": {"tema": "granica", "opis": "Granica obuhvata plana", "cad_sloj": "TPS_A001_Granica obuhvata", "list": "0_Granica obuhvata_ID_DPU_DRACEVAC", "plan": "DPU radne zone Dračevac", "izvor": "DPU radne zone Dračevac (split.hr), vektorizirano iz PDF-a"}}, {"type": "Feature", "geometry": {"type": "Polygon", "coordinates": [[[16.5006954, 43.5279585], [16.5006933, 43.5279672], [16.5006719, 43.5279554], [16.5006954, 43.5279585]]]}, "properties": {"tema": "granica", "opis": "Granica obuhvata plana", "cad_sloj": "TPS_A001_Granica obuhvata", "list": "0_Granica obuhvata_ID_DPU_DRACEVAC", "plan": "DPU radne zone Dračevac", "izvor": "DPU radne zone Dračevac (split.hr), vektorizirano iz PDF-a"}}, {"type": "Feature", "geometry": {"type": "Polygon", "coordinates": [[[16.5006933, 43.5279672], [16.5006719, 43.5279554], [16.5006703, 43.5279646], [16.5006933, 43.5279672]]]}, "properties": {"tema": "granica", "opis": "Granica obuhvata plana", "cad_sloj": "TPS_A001_Granica obuhvata", "list": "0_Granica obuhvata_ID_DPU_DRACEVAC", "plan": "DPU radne zone Dračevac", "izvor": "DPU radne zone Dračevac (split.hr), vektorizirano iz PDF-a"}}, {"type": "Feature", "geometry": {"type": "Polygon", "coordinates": [[[16.5006603, 43.5279543], [16.5006588, 43.527963], [16.5006373, 43.5279516], [16.5006603, 43.5279543]]]}, "properties": {"tema": "granica", "opis": "Granica obuhvata plana", "cad_sloj": "TPS_A001_Granica obuhvata", "list": "0_Granica obuhvata_ID_DPU_DRACEVAC", "plan": "DPU radne zone Dračevac", "izvor": "DPU radne zone Dračevac (split.hr), vektorizirano iz PDF-a"}}, {"type": "Feature", "geometry": {"type": "Polygon", "coordinates": [[[16.5006588, 43.527963], [16.5006373, 43.5279516], [16.5006352, 43.5279604], [16.5006588, 43.527963]]]}, "properties": {"tema": "granica", "opis": "Granica obuhvata plana", "cad_sloj": "TPS_A001_Granica obuhvata", "list": "0_Granica obuhvata_ID_DPU_DRACEVAC", "plan": "DPU radne zone Dračevac", "izvor": "DPU radne zone Dračevac (split.hr), vektorizirano iz PDF-a"}}, {"type": "Feature", "geometry": {"type": "Polygon", "coordinates": [[[16.5006258, 43.5279505], [16.5006237, 43.5279592], [16.5006023, 43.5279478], [16.5006258, 43.5279505]]]}, "properties": {"tema": "granica", "opis": "Granica obuhvata plana", "cad_sloj": "TPS_A001_Granica obuhvata", "list": "0_Granica obuhvata_ID_DPU_DRACEVAC", "plan": "DPU radne zone Dračevac", "izvor": "DPU radne zone Dračevac (split.hr), vektorizirano iz PDF-a"}}, {"type": "Feature", "geometry": {"type": "Polygon", "coordinates": [[[16.5006237, 43.5279592], [16.5006023, 43.5279478], [16.5006007, 43.5279566], [16.5006237, 43.5279592]]]}, "properties": {"tema": "granica", "opis": "Granica obuhvata plana", "cad_sloj": "TPS_A001_Granica obuhvata", "list": "0_Granica obuhvata_ID_DPU_DRACEVAC", "plan": "DPU radne zone Dračevac", "izvor": "DPU radne zone Dračevac (split.hr), vektorizirano iz PDF-a"}}, {"type": "Feature", "geometry": {"type": "Polygon", "coordinates": [[[16.5005908, 43.5279463], [16.5005887, 43.5279554], [16.5005678, 43.527944], [16.5005908, 43.5279463]]]}, "properties": {"tema": "granica", "opis": "Granica obuhvata plana", "cad_sloj": "TPS_A001_Granica obuhvata", "list": "0_Granica obuhvata_ID_DPU_DRACEVAC", "plan": "DPU radne zone Dračevac", "izvor": "DPU radne zone Dračevac (split.hr), vektorizirano iz PDF-a"}}, {"type": "Feature", "geometry": {"type": "Polygon", "coordinates": [[[16.5005887, 43.5279554], [16.5005678, 43.527944], [16.5005657, 43.5279528], [16.5005887, 43.5279554]]]}, "properties": {"tema": "granica", "opis": "Granica obuhvata plana", "cad_sloj": "TPS_A001_Granica obuhvata", "list": "0_Granica obuhvata_ID_DPU_DRACEVAC", "plan": "DPU radne zone Dračevac", "izvor": "DPU radne zone Dračevac (split.hr), vektorizirano iz PDF-a"}}, {"type": "Feature", "geometry": {"type": "Polygon", "coordinates": [[[16.5005557, 43.5279425], [16.5005542, 43.5279516], [16.5005327, 43.5279398], [16.5005557, 43.5279425]]]}, "properties": {"tema": "granica", "opis": "Granica obuhvata plana", "cad_sloj": "TPS_A001_Granica obuhvata", "list": "0_Granica obuhvata_ID_DPU_DRACEVAC", "plan": "DPU radne zone Dračevac", "izvor": "DPU radne zone Dračevac (split.hr), vektorizirano iz PDF-a"}}, {"type": "Feature", "geometry": {"type": "Polygon", "coordinates": [[[16.5005542, 43.5279516], [16.5005327, 43.5279398], [16.5005306, 43.5279489], [16.5005542, 43.5279516]]]}, "properties": {"tema": "granica", "opis": "Granica obuhvata plana", "cad_sloj": "TPS_A001_Granica obuhvata", "list": "0_Granica obuhvata_ID_DPU_DRACEVAC", "plan": "DPU radne zone Dračevac", "izvor": "DPU radne zone Dračevac (split.hr), vektorizirano iz PDF-a"}}, {"type": "Feature", "geometry": {"type": "Polygon", "coordinates": [[[16.5005212, 43.5279387], [16.5005191, 43.5279474], [16.5004977, 43.527936], [16.5005212, 43.5279387]]]}, "properties": {"tema": "granica", "opis": "Granica obuhvata plana", "cad_sloj": "TPS_A001_Granica obuhvata", "list": "0_Granica obuhvata_ID_DPU_DRACEVAC", "plan": "DPU radne zone Dračevac", "izvor": "DPU radne zone Dračevac (split.hr), vektorizirano iz PDF-a"}}, {"type": "Feature", "geometry": {"type": "Polygon", "coordinates": [[[16.5005191, 43.5279474], [16.5004977, 43.527936], [16.5004961, 43.5279451], [16.5005191, 43.5279474]]]}, "properties": {"tema": "granica", "opis": "Granica obuhvata plana", "cad_sloj": "TPS_A001_Granica obuhvata", "list": "0_Granica obuhvata_ID_DPU_DRACEVAC", "plan": "DPU radne zone Dračevac", "izvor": "DPU radne zone Dračevac (split.hr), vektorizirano iz PDF-a"}}, {"type": "Feature", "geometry": {"type": "Polygon", "coordinates": [[[16.5004862, 43.5279349], [16.5004846, 43.5279436], [16.5004631, 43.5279322], [16.5004862, 43.5279349]]]}, "properties": {"tema": "granica", "opis": "Granica obuhvata plana", "cad_sloj": "TPS_A001_Granica obuhvata", "list": "0_Granica obuhvata_ID_DPU_DRACEVAC", "plan": "DPU radne zone Dračevac", "izvor": "DPU radne zone Dračevac (split.hr), vektorizirano iz PDF-a"}}, {"type": "Feature", "geometry": {"type": "Polygon", "coordinates": [[[16.5004846, 43.5279436], [16.5004631, 43.5279322], [16.500461, 43.527941], [16.5004846, 43.5279436]]]}, "properties": {"tema": "granica", "opis": "Granica obuhvata plana", "cad_sloj": "TPS_A001_Granica obuhvata", "list": "0_Granica obuhvata_ID_DPU_DRACEVAC", "plan": "DPU radne zone Dračevac", "izvor": "DPU radne zone Dračevac (split.hr), vektorizirano iz PDF-a"}}, {"type": "Feature", "geometry": {"type": "Polygon", "coordinates": [[[16.5004511, 43.5279311], [16.5004495, 43.5279398], [16.5004281, 43.5279284], [16.5004511, 43.5279311]]]}, "properties": {"tema": "granica", "opis": "Granica obuhvata plana", "cad_sloj": "TPS_A001_Granica obuhvata", "list": "0_Granica obuhvata_ID_DPU_DRACEVAC", "plan": "DPU radne zone Dračevac", "izvor": "DPU radne zone Dračevac (split.hr), vektorizirano iz PDF-a"}}, {"type": "Feature", "geometry": {"type": "Polygon", "coordinates": [[[16.5004495, 43.5279398], [16.5004281, 43.5279284], [16.5004265, 43.5279372], [16.5004495, 43.5279398]]]}, "properties": {"tema": "granica", "opis": "Granica obuhvata plana", "cad_sloj": "TPS_A001_Granica obuhvata", "list": "0_Granica obuhvata_ID_DPU_DRACEVAC", "plan": "DPU radne zone Dračevac", "izvor": "DPU radne zone Dračevac (split.hr), vektorizirano iz PDF-a"}}, {"type": "Feature", "geometry": {"type": "Polygon", "coordinates": [[[16.5004166, 43.5279273], [16.5004145, 43.527936], [16.500393, 43.5279246], [16.5004166, 43.5279273]]]}, "properties": {"tema": "granica", "opis": "Granica obuhvata plana", "cad_sloj": "TPS_A001_Granica obuhvata", "list": "0_Granica obuhvata_ID_DPU_DRACEVAC", "plan": "DPU radne zone Dračevac", "izvor": "DPU radne zone Dračevac (split.hr), vektorizirano iz PDF-a"}}, {"type": "Feature", "geometry": {"type": "Polygon", "coordinates": [[[16.5004145, 43.527936], [16.500393, 43.5279246], [16.5003915, 43.5279337], [16.5004145, 43.527936]]]}, "properties": {"tema": "granica", "opis": "Granica obuhvata plana", "cad_sloj": "TPS_A001_Granica obuhvata", "list": "0_Granica obuhvata_ID_DPU_DRACEVAC", "plan": "DPU radne zone Dračevac", "izvor": "DPU radne zone Dračevac (split.hr), vektorizirano iz PDF-a"}}, {"type": "Feature", "geometry": {"type": "Polygon", "coordinates": [[[16.5003815, 43.5279234], [16.50038, 43.5279326], [16.5003585, 43.5279212], [16.5003815, 43.5279234]]]}, "properties": {"tema": "granica", "opis": "Granica obuhvata plana", "cad_sloj": "TPS_A001_Granica obuhvata", "list": "0_Granica obuhvata_ID_DPU_DRACEVAC", "plan": "DPU radne zone Dračevac", "izvor": "DPU radne zone Dračevac (split.hr), vektorizirano iz PDF-a"}}, {"type": "Feature", "geometry": {"type": "Polygon", "coordinates": [[[16.50038, 43.5279326], [16.5003585, 43.5279212], [16.5003564, 43.5279299], [16.50038, 43.5279326]]]}, "properties": {"tema": "granica", "opis": "Granica obuhvata plana", "cad_sloj": "TPS_A001_Granica obuhvata", "list": "0_Granica obuhvata_ID_DPU_DRACEVAC", "plan": "DPU radne zone Dračevac", "izvor": "DPU radne zone Dračevac (split.hr), vektorizirano iz PDF-a"}}, {"type": "Feature", "geometry": {"type": "Polygon", "coordinates": [[[16.5003465, 43.52792], [16.5003449, 43.5279288], [16.5003235, 43.5279177], [16.5003465, 43.52792]]]}, "properties": {"tema": "granica", "opis": "Granica obuhvata plana", "cad_sloj": "TPS_A001_Granica obuhvata", "list": "0_Granica obuhvata_ID_DPU_DRACEVAC", "plan": "DPU radne zone Dračevac", "izvor": "DPU radne zone Dračevac (split.hr), vektorizirano iz PDF-a"}}, {"type": "Feature", "geometry": {"type": "Polygon", "coordinates": [[[16.5003449, 43.5279288], [16.5003235, 43.5279177], [16.5003219, 43.5279265], [16.5003449, 43.5279288]]]}, "properties": {"tema": "granica", "opis": "Granica obuhvata plana", "cad_sloj": "TPS_A001_Granica obuhvata", "list": "0_Granica obuhvata_ID_DPU_DRACEVAC", "plan": "DPU radne zone Dračevac", "izvor": "DPU radne zone Dračevac (split.hr), vektorizirano iz PDF-a"}}, {"type": "Feature", "geometry": {"type": "Polygon", "coordinates": [[[16.500312, 43.5279166], [16.5003099, 43.5279254], [16.5002884, 43.5279139], [16.500312, 43.5279166]]]}, "properties": {"tema": "granica", "opis": "Granica obuhvata plana", "cad_sloj": "TPS_A001_Granica obuhvata", "list": "0_Granica obuhvata_ID_DPU_DRACEVAC", "plan": "DPU radne zone Dračevac", "izvor": "DPU radne zone Dračevac (split.hr), vektorizirano iz PDF-a"}}, {"type": "Feature", "geometry": {"type": "Polygon", "coordinates": [[[16.5003099, 43.5279254], [16.5002884, 43.5279139], [16.5002868, 43.5279231], [16.5003099, 43.5279254]]]}, "properties": {"tema": "granica", "opis": "Granica obuhvata plana", "cad_sloj": "TPS_A001_Granica obuhvata", "list": "0_Granica obuhvata_ID_DPU_DRACEVAC", "plan": "DPU radne zone Dračevac", "izvor": "DPU radne zone Dračevac (split.hr), vektorizirano iz PDF-a"}}, {"type": "Feature", "geometry": {"type": "Polygon", "coordinates": [[[16.5002769, 43.5279128], [16.5002753, 43.5279219], [16.5002534, 43.5279105], [16.5002769, 43.5279128]]]}, "properties": {"tema": "granica", "opis": "Granica obuhvata plana", "cad_sloj": "TPS_A001_Granica obuhvata", "list": "0_Granica obuhvata_ID_DPU_DRACEVAC", "plan": "DPU radne zone Dračevac", "izvor": "DPU radne zone Dračevac (split.hr), vektorizirano iz PDF-a"}}, {"type": "Feature", "geometry": {"type": "Polygon", "coordinates": [[[16.5002753, 43.5279219], [16.5002534, 43.5279105], [16.5002518, 43.5279193], [16.5002753, 43.5279219]]]}, "properties": {"tema": "granica", "opis": "Granica obuhvata plana", "cad_sloj": "TPS_A001_Granica obuhvata", "list": "0_Granica obuhvata_ID_DPU_DRACEVAC", "plan": "DPU radne zone Dračevac", "izvor": "DPU radne zone Dračevac (split.hr), vektorizirano iz PDF-a"}}, {"type": "Feature", "geometry": {"type": "Polygon", "coordinates": [[[16.5002419, 43.5279094], [16.5002403, 43.5279181], [16.5002225, 43.5279075], [16.5002419, 43.5279094]]]}, "properties": {"tema": "granica", "opis": "Granica obuhvata plana", "cad_sloj": "TPS_A001_Granica obuhvata", "list": "0_Granica obuhvata_ID_DPU_DRACEVAC", "plan": "DPU radne zone Dračevac", "izvor": "DPU radne zone Dračevac (split.hr), vektorizirano iz PDF-a"}}, {"type": "Feature", "geometry": {"type": "Polygon", "coordinates": [[[16.5002403, 43.5279181], [16.5002225, 43.5279075], [16.5002204, 43.5279162], [16.5002403, 43.5279181]]]}, "properties": {"tema": "granica", "opis": "Granica obuhvata plana", "cad_sloj": "TPS_A001_Granica obuhvata", "list": "0_Granica obuhvata_ID_DPU_DRACEVAC", "plan": "DPU radne zone Dračevac", "izvor": "DPU radne zone Dračevac (split.hr), vektorizirano iz PDF-a"}}, {"type": "Feature", "geometry": {"type": "Polygon", "coordinates": [[[16.5002225, 43.5279075], [16.5002204, 43.5279162], [16.5002188, 43.5279071], [16.5002225, 43.5279075]]]}, "properties": {"tema": "granica", "opis": "Granica obuhvata plana", "cad_sloj": "TPS_A001_Granica obuhvata", "list": "0_Granica obuhvata_ID_DPU_DRACEVAC", "plan": "DPU radne zone Dračevac", "izvor": "DPU radne zone Dračevac (split.hr), vektorizirano iz PDF-a"}}, {"type": "Feature", "geometry": {"type": "Polygon", "coordinates": [[[16.5002204, 43.5279162], [16.5002188, 43.5279071], [16.5002167, 43.5279158], [16.5002204, 43.5279162]]]}, "properties": {"tema": "granica", "opis": "Granica obuhvata plana", "cad_sloj": "TPS_A001_Granica obuhvata", "list": "0_Granica obuhvata_ID_DPU_DRACEVAC", "plan": "DPU radne zone Dračevac", "izvor": "DPU radne zone Dračevac (split.hr), vektorizirano iz PDF-a"}}, {"type": "Feature", "geometry": {"type": "Polygon", "coordinates": [[[16.5002068, 43.5279059], [16.5002052, 43.5279147], [16.5001838, 43.5279037], [16.5002068, 43.5279059]]]}, "properties": {"tema": "granica", "opis": "Granica obuhvata plana", "cad_sloj": "TPS_A001_Granica obuhvata", "list": "0_Granica obuhvata_ID_DPU_DRACEVAC", "plan": "DPU radne zone Dračevac", "izvor": "DPU radne zone Dračevac (split.hr), vektorizirano iz PDF-a"}}, {"type": "Feature", "geometry": {"type": "Polygon", "coordinates": [[[16.5002052, 43.5279147], [16.5001838, 43.5279037], [16.5001822, 43.5279124], [16.5002052, 43.5279147]]]}, "properties": {"tema": "granica", "opis": "Granica obuhvata plana", "cad_sloj": "TPS_A001_Granica obuhvata", "list": "0_Granica obuhvata_ID_DPU_DRACEVAC", "plan": "DPU radne zone Dračevac", "izvor": "DPU radne zone Dračevac (split.hr), vektorizirano iz PDF-a"}}, {"type": "Feature", "geometry": {"type": "Polygon", "coordinates": [[[16.5001718, 43.5279025], [16.5001702, 43.5279116], [16.5001487, 43.5279002], [16.5001718, 43.5279025]]]}, "properties": {"tema": "granica", "opis": "Granica obuhvata plana", "cad_sloj": "TPS_A001_Granica obuhvata", "list": "0_Granica obuhvata_ID_DPU_DRACEVAC", "plan": "DPU radne zone Dračevac", "izvor": "DPU radne zone Dračevac (split.hr), vektorizirano iz PDF-a"}}, {"type": "Feature", "geometry": {"type": "Polygon", "coordinates": [[[16.5001702, 43.5279116], [16.5001487, 43.5279002], [16.5001472, 43.5279094], [16.5001702, 43.5279116]]]}, "properties": {"tema": "granica", "opis": "Granica obuhvata plana", "cad_sloj": "TPS_A001_Granica obuhvata", "list": "0_Granica obuhvata_ID_DPU_DRACEVAC", "plan": "DPU radne zone Dračevac", "izvor": "DPU radne zone Dračevac (split.hr), vektorizirano iz PDF-a"}}, {"type": "Feature", "geometry": {"type": "Polygon", "coordinates": [[[16.5001372, 43.5278995], [16.5001357, 43.5279082], [16.5001137, 43.5278972], [16.5001372, 43.5278995]]]}, "properties": {"tema": "granica", "opis": "Granica obuhvata plana", "cad_sloj": "TPS_A001_Granica obuhvata", "list": "0_Granica obuhvata_ID_DPU_DRACEVAC", "plan": "DPU radne zone Dračevac", "izvor": "DPU radne zone Dračevac (split.hr), vektorizirano iz PDF-a"}}, {"type": "Feature", "geometry": {"type": "Polygon", "coordinates": [[[16.5001357, 43.5279082], [16.5001137, 43.5278972], [16.5001121, 43.5279059], [16.5001357, 43.5279082]]]}, "properties": {"tema": "granica", "opis": "Granica obuhvata plana", "cad_sloj": "TPS_A001_Granica obuhvata", "list": "0_Granica obuhvata_ID_DPU_DRACEVAC", "plan": "DPU radne zone Dračevac", "izvor": "DPU radne zone Dračevac (split.hr), vektorizirano iz PDF-a"}}, {"type": "Feature", "geometry": {"type": "Polygon", "coordinates": [[[16.5001022, 43.527896], [16.5001006, 43.5279048], [16.5000786, 43.5278938], [16.5001022, 43.527896]]]}, "properties": {"tema": "granica", "opis": "Granica obuhvata plana", "cad_sloj": "TPS_A001_Granica obuhvata", "list": "0_Granica obuhvata_ID_DPU_DRACEVAC", "plan": "DPU radne zone Dračevac", "izvor": "DPU radne zone Dračevac (split.hr), vektorizirano iz PDF-a"}}, {"type": "Feature", "geometry": {"type": "Polygon", "coordinates": [[[16.5001006, 43.5279048], [16.5000786, 43.5278938], [16.5000771, 43.5279029], [16.5001006, 43.5279048]]]}, "properties": {"tema": "granica", "opis": "Granica obuhvata plana", "cad_sloj": "TPS_A001_Granica obuhvata", "list": "0_Granica obuhvata_ID_DPU_DRACEVAC", "plan": "DPU radne zone Dračevac", "izvor": "DPU radne zone Dračevac (split.hr), vektorizirano iz PDF-a"}}, {"type": "Feature", "geometry": {"type": "Polygon", "coordinates": [[[16.5000671, 43.5278926], [16.5000656, 43.5279018], [16.5000436, 43.5278903], [16.5000671, 43.5278926]]]}, "properties": {"tema": "granica", "opis": "Granica obuhvata plana", "cad_sloj": "TPS_A001_Granica obuhvata", "list": "0_Granica obuhvata_ID_DPU_DRACEVAC", "plan": "DPU radne zone Dračevac", "izvor": "DPU radne zone Dračevac (split.hr), vektorizirano iz PDF-a"}}, {"type": "Feature", "geometry": {"type": "Polygon", "coordinates": [[[16.5000656, 43.5279018], [16.5000436, 43.5278903], [16.500042, 43.5278995], [16.5000656, 43.5279018]]]}, "properties": {"tema": "granica", "opis": "Granica obuhvata plana", "cad_sloj": "TPS_A001_Granica obuhvata", "list": "0_Granica obuhvata_ID_DPU_DRACEVAC", "plan": "DPU radne zone Dračevac", "izvor": "DPU radne zone Dračevac (split.hr), vektorizirano iz PDF-a"}}, {"type": "Feature", "geometry": {"type": "Polygon", "coordinates": [[[16.5000321, 43.5278896], [16.5000305, 43.5278983], [16.5000253, 43.5278888], [16.5000321, 43.5278896]]]}, "properties": {"tema": "granica", "opis": "Granica obuhvata plana", "cad_sloj": "TPS_A001_Granica obuhvata", "list": "0_Granica obuhvata_ID_DPU_DRACEVAC", "plan": "DPU radne zone Dračevac", "izvor": "DPU radne zone Dračevac (split.hr), vektorizirano iz PDF-a"}}, {"type": "Feature", "geometry": {"type": "Polygon", "coordinates": [[[16.5000305, 43.5278983], [16.5000253, 43.5278888], [16.5000237, 43.5278976], [16.5000305, 43.5278983]]]}, "properties": {"tema": "granica", "opis": "Granica obuhvata plana", "cad_sloj": "TPS_A001_Granica obuhvata", "list": "0_Granica obuhvata_ID_DPU_DRACEVAC", "plan": "DPU radne zone Dračevac", "izvor": "DPU radne zone Dračevac (split.hr), vektorizirano iz PDF-a"}}, {"type": "Feature", "geometry": {"type": "Polygon", "coordinates": [[[16.5000253, 43.5278888], [16.5000237, 43.5278976], [16.5000085, 43.5278873], [16.5000253, 43.5278888]]]}, "properties": {"tema": "granica", "opis": "Granica obuhvata plana", "cad_sloj": "TPS_A001_Granica obuhvata", "list": "0_Granica obuhvata_ID_DPU_DRACEVAC", "plan": "DPU radne zone Dračevac", "izvor": "DPU radne zone Dračevac (split.hr), vektorizirano iz PDF-a"}}, {"type": "Feature", "geometry": {"type": "Polygon", "coordinates": [[[16.5000237, 43.5278976], [16.5000085, 43.5278873], [16.5000075, 43.5278964], [16.5000237, 43.5278976]]]}, "properties": {"tema": "granica", "opis": "Granica obuhvata plana", "cad_sloj": "TPS_A001_Granica obuhvata", "list": "0_Granica obuhvata_ID_DPU_DRACEVAC", "plan": "DPU radne zone Dračevac", "izvor": "DPU radne zone Dračevac (split.hr), vektorizirano iz PDF-a"}}, {"type": "Feature", "geometry": {"type": "Polygon", "coordinates": [[[16.499997, 43.5278865], [16.4999955, 43.5278953], [16.499974, 43.5278842], [16.499997, 43.5278865]]]}, "properties": {"tema": "granica", "opis": "Granica obuhvata plana", "cad_sloj": "TPS_A001_Granica obuhvata", "list": "0_Granica obuhvata_ID_DPU_DRACEVAC", "plan": "DPU radne zone Dračevac", "izvor": "DPU radne zone Dračevac (split.hr), vektorizirano iz PDF-a"}}, {"type": "Feature", "geometry": {"type": "Polygon", "coordinates": [[[16.4999955, 43.5278953], [16.499974, 43.5278842], [16.4999725, 43.5278934], [16.4999955, 43.5278953]]]}, "properties": {"tema": "granica", "opis": "Granica obuhvata plana", "cad_sloj": "TPS_A001_Granica obuhvata", "list": "0_Granica obuhvata_ID_DPU_DRACEVAC", "plan": "DPU radne zone Dračevac", "izvor": "DPU radne zone Dračevac (split.hr), vektorizirano iz PDF-a"}}, {"type": "Feature", "geometry": {"type": "Polygon", "coordinates": [[[16.499962, 43.5278835], [16.4999604, 43.5278922], [16.499939, 43.5278812], [16.499962, 43.5278835]]]}, "properties": {"tema": "granica", "opis": "Granica obuhvata plana", "cad_sloj": "TPS_A001_Granica obuhvata", "list": "0_Granica obuhvata_ID_DPU_DRACEVAC", "plan": "DPU radne zone Dračevac", "izvor": "DPU radne zone Dračevac (split.hr), vektorizirano iz PDF-a"}}, {"type": "Feature", "geometry": {"type": "Polygon", "coordinates": [[[16.4999604, 43.5278922], [16.499939, 43.5278812], [16.4999374, 43.5278903], [16.4999604, 43.5278922]]]}, "properties": {"tema": "granica", "opis": "Granica obuhvata plana", "cad_sloj": "TPS_A001_Granica obuhvata", "list": "0_Granica obuhvata_ID_DPU_DRACEVAC", "plan": "DPU radne zone Dračevac", "izvor": "DPU radne zone Dračevac (split.hr), vektorizirano iz PDF-a"}}, {"type": "Feature", "geometry": {"type": "Polygon", "coordinates": [[[16.4999269, 43.5278804], [16.4999254, 43.5278892], [16.4999039, 43.5278782], [16.4999269, 43.5278804]]]}, "properties": {"tema": "granica", "opis": "Granica obuhvata plana", "cad_sloj": "TPS_A001_Granica obuhvata", "list": "0_Granica obuhvata_ID_DPU_DRACEVAC", "plan": "DPU radne zone Dračevac", "izvor": "DPU radne zone Dračevac (split.hr), vektorizirano iz PDF-a"}}, {"type": "Feature", "geometry": {"type": "Polygon", "coordinates": [[[16.4999254, 43.5278892], [16.4999039, 43.5278782], [16.4999024, 43.5278873], [16.4999254, 43.5278892]]]}, "properties": {"tema": "granica", "opis": "Granica obuhvata plana", "cad_sloj": "TPS_A001_Granica obuhvata", "list": "0_Granica obuhvata_ID_DPU_DRACEVAC", "plan": "DPU radne zone Dračevac", "izvor": "DPU radne zone Dračevac (split.hr), vektorizirano iz PDF-a"}}, {"type": "Feature", "geometry": {"type": "Polygon", "coordinates": [[[16.4998919, 43.5278774], [16.4998908, 43.5278861], [16.4998689, 43.5278755], [16.4998919, 43.5278774]]]}, "properties": {"tema": "granica", "opis": "Granica obuhvata plana", "cad_sloj": "TPS_A001_Granica obuhvata", "list": "0_Granica obuhvata_ID_DPU_DRACEVAC", "plan": "DPU radne zone Dračevac", "izvor": "DPU radne zone Dračevac (split.hr), vektorizirano iz PDF-a"}}, {"type": "Feature", "geometry": {"type": "Polygon", "coordinates": [[[16.4998908, 43.5278861], [16.4998689, 43.5278755], [16.4998673, 43.5278842], [16.4998908, 43.5278861]]]}, "properties": {"tema": "granica", "opis": "Granica obuhvata plana", "cad_sloj": "TPS_A001_Granica obuhvata", "list": "0_Granica obuhvata_ID_DPU_DRACEVAC", "plan": "DPU radne zone Dračevac", "izvor": "DPU radne zone Dračevac (split.hr), vektorizirano iz PDF-a"}}, {"type": "Feature", "geometry": {"type": "Polygon", "coordinates": [[[16.4998568, 43.5278743], [16.4998558, 43.5278831], [16.4998338, 43.5278724], [16.4998568, 43.5278743]]]}, "properties": {"tema": "granica", "opis": "Granica obuhvata plana", "cad_sloj": "TPS_A001_Granica obuhvata", "list": "0_Granica obuhvata_ID_DPU_DRACEVAC", "plan": "DPU radne zone Dračevac", "izvor": "DPU radne zone Dračevac (split.hr), vektorizirano iz PDF-a"}}, {"type": "Feature", "geometry": {"type": "Polygon", "coordinates": [[[16.4998558, 43.5278831], [16.4998338, 43.5278724], [16.4998323, 43.5278812], [16.4998558, 43.5278831]]]}, "properties": {"tema": "granica", "opis": "Granica obuhvata plana", "cad_sloj": "TPS_A001_Granica obuhvata", "list": "0_Granica obuhvata_ID_DPU_DRACEVAC", "plan": "DPU radne zone Dračevac", "izvor": "DPU radne zone Dračevac (split.hr), vektorizirano iz PDF-a"}}, {"type": "Feature", "geometry": {"type": "Polygon", "coordinates": [[[16.4998218, 43.5278713], [16.4998207, 43.5278804], [16.4997988, 43.5278694], [16.4998218, 43.5278713]]]}, "properties": {"tema": "granica", "opis": "Granica obuhvata plana", "cad_sloj": "TPS_A001_Granica obuhvata", "list": "0_Granica obuhvata_ID_DPU_DRACEVAC", "plan": "DPU radne zone Dračevac", "izvor": "DPU radne zone Dračevac (split.hr), vektorizirano iz PDF-a"}}, {"type": "Feature", "geometry": {"type": "Polygon", "coordinates": [[[16.4998207, 43.5278804], [16.4997988, 43.5278694], [16.4997972, 43.5278785], [16.4998207, 43.5278804]]]}, "properties": {"tema": "granica", "opis": "Granica obuhvata plana", "cad_sloj": "TPS_A001_Granica obuhvata", "list": "0_Granica obuhvata_ID_DPU_DRACEVAC", "plan": "DPU radne zone Dračevac", "izvor": "DPU radne zone Dračevac (split.hr), vektorizirano iz PDF-a"}}, {"type": "Feature", "geometry": {"type": "Polygon", "coordinates": [[[16.4997867, 43.5278686], [16.4997857, 43.5278774], [16.4997637, 43.5278667], [16.4997867, 43.5278686]]]}, "properties": {"tema": "granica", "opis": "Granica obuhvata plana", "cad_sloj": "TPS_A001_Granica obuhvata", "list": "0_Granica obuhvata_ID_DPU_DRACEVAC", "plan": "DPU radne zone Dračevac", "izvor": "DPU radne zone Dračevac (split.hr), vektorizirano iz PDF-a"}}, {"type": "Feature", "geometry": {"type": "Polygon", "coordinates": [[[16.4997857, 43.5278774], [16.4997637, 43.5278667], [16.4997622, 43.5278759], [16.4997857, 43.5278774]]]}, "properties": {"tema": "granica", "opis": "Granica obuhvata plana", "cad_sloj": "TPS_A001_Granica obuhvata", "list": "0_Granica obuhvata_ID_DPU_DRACEVAC", "plan": "DPU radne zone Dračevac", "izvor": "DPU radne zone Dračevac (split.hr), vektorizirano iz PDF-a"}}, {"type": "Feature", "geometry": {"type": "Polygon", "coordinates": [[[16.4997517, 43.527866], [16.4997507, 43.5278747], [16.4997287, 43.5278641], [16.4997517, 43.527866]]]}, "properties": {"tema": "granica", "opis": "Granica obuhvata plana", "cad_sloj": "TPS_A001_Granica obuhvata", "list": "0_Granica obuhvata_ID_DPU_DRACEVAC", "plan": "DPU radne zone Dračevac", "izvor": "DPU radne zone Dračevac (split.hr), vektorizirano iz PDF-a"}}, {"type": "Feature", "geometry": {"type": "Polygon", "coordinates": [[[16.4997507, 43.5278747], [16.4997287, 43.5278641], [16.4997271, 43.5278728], [16.4997507, 43.5278747]]]}, "properties": {"tema": "granica", "opis": "Granica obuhvata plana", "cad_sloj": "TPS_A001_Granica obuhvata", "list": "0_Granica obuhvata_ID_DPU_DRACEVAC", "plan": "DPU radne zone Dračevac", "izvor": "DPU radne zone Dračevac (split.hr), vektorizirano iz PDF-a"}}, {"type": "Feature", "geometry": {"type": "Polygon", "coordinates": [[[16.4997166, 43.5278629], [16.4997156, 43.5278721], [16.4996936, 43.5278614], [16.4997166, 43.5278629]]]}, "properties": {"tema": "granica", "opis": "Granica obuhvata plana", "cad_sloj": "TPS_A001_Granica obuhvata", "list": "0_Granica obuhvata_ID_DPU_DRACEVAC", "plan": "DPU radne zone Dračevac", "izvor": "DPU radne zone Dračevac (split.hr), vektorizirano iz PDF-a"}}, {"type": "Feature", "geometry": {"type": "Polygon", "coordinates": [[[16.4997156, 43.5278721], [16.4996936, 43.5278614], [16.4996921, 43.5278702], [16.4997156, 43.5278721]]]}, "properties": {"tema": "granica", "opis": "Granica obuhvata plana", "cad_sloj": "TPS_A001_Granica obuhvata", "list": "0_Granica obuhvata_ID_DPU_DRACEVAC", "plan": "DPU radne zone Dračevac", "izvor": "DPU radne zone Dračevac (split.hr), vektorizirano iz PDF-a"}}, {"type": "Feature", "geometry": {"type": "Polygon", "coordinates": [[[16.4996816, 43.5278603], [16.4996806, 43.5278694], [16.4996586, 43.5278584], [16.4996816, 43.5278603]]]}, "properties": {"tema": "granica", "opis": "Granica obuhvata plana", "cad_sloj": "TPS_A001_Granica obuhvata", "list": "0_Granica obuhvata_ID_DPU_DRACEVAC", "plan": "DPU radne zone Dračevac", "izvor": "DPU radne zone Dračevac (split.hr), vektorizirano iz PDF-a"}}, {"type": "Feature", "geometry": {"type": "Polygon", "coordinates": [[[16.4996806, 43.5278694], [16.4996586, 43.5278584], [16.499657, 43.5278675], [16.4996806, 43.5278694]]]}, "properties": {"tema": "granica", "opis": "Granica obuhvata plana", "cad_sloj": "TPS_A001_Granica obuhvata", "list": "0_Granica obuhvata_ID_DPU_DRACEVAC", "plan": "DPU radne zone Dračevac", "izvor": "DPU radne zone Dračevac (split.hr), vektorizirano iz PDF-a"}}, {"type": "Feature", "geometry": {"type": "Polygon", "coordinates": [[[16.4996466, 43.5278576], [16.4996455, 43.5278667], [16.4996309, 43.5278565], [16.4996466, 43.5278576]]]}, "properties": {"tema": "granica", "opis": "Granica obuhvata plana", "cad_sloj": "TPS_A001_Granica obuhvata", "list": "0_Granica obuhvata_ID_DPU_DRACEVAC", "plan": "DPU radne zone Dračevac", "izvor": "DPU radne zone Dračevac (split.hr), vektorizirano iz PDF-a"}}, {"type": "Feature", "geometry": {"type": "Polygon", "coordinates": [[[16.4996455, 43.5278667], [16.4996309, 43.5278565], [16.4996298, 43.5278652], [16.4996455, 43.5278667]]]}, "properties": {"tema": "granica", "opis": "Granica obuhvata plana", "cad_sloj": "TPS_A001_Granica obuhvata", "list": "0_Granica obuhvata_ID_DPU_DRACEVAC", "plan": "DPU radne zone Dračevac", "izvor": "DPU radne zone Dračevac (split.hr), vektorizirano iz PDF-a"}}, {"type": "Feature", "geometry": {"type": "Polygon", "coordinates": [[[16.4996309, 43.5278565], [16.4996298, 43.5278652], [16.4996235, 43.5278557], [16.4996309, 43.5278565]]]}, "properties": {"tema": "granica", "opis": "Granica obuhvata plana", "cad_sloj": "TPS_A001_Granica obuhvata", "list": "0_Granica obuhvata_ID_DPU_DRACEVAC", "plan": "DPU radne zone Dračevac", "izvor": "DPU radne zone Dračevac (split.hr), vektorizirano iz PDF-a"}}, {"type": "Feature", "geometry": {"type": "Polygon", "coordinates": [[[16.4996298, 43.5278652], [16.4996235, 43.5278557], [16.499622, 43.5278648], [16.4996298, 43.5278652]]]}, "properties": {"tema": "granica", "opis": "Granica obuhvata plana", "cad_sloj": "TPS_A001_Granica obuhvata", "list": "0_Granica obuhvata_ID_DPU_DRACEVAC", "plan": "DPU radne zone Dračevac", "izvor": "DPU radne zone Dračevac (split.hr), vektorizirano iz PDF-a"}}, {"type": "Feature", "geometry": {"type": "Polygon", "coordinates": [[[16.4996115, 43.5278549], [16.4996105, 43.5278641], [16.4995885, 43.5278534], [16.4996115, 43.5278549]]]}, "properties": {"tema": "granica", "opis": "Granica obuhvata plana", "cad_sloj": "TPS_A001_Granica obuhvata", "list": "0_Granica obuhvata_ID_DPU_DRACEVAC", "plan": "DPU radne zone Dračevac", "izvor": "DPU radne zone Dračevac (split.hr), vektorizirano iz PDF-a"}}, {"type": "Feature", "geometry": {"type": "Polygon", "coordinates": [[[16.4996105, 43.5278641], [16.4995885, 43.5278534], [16.4995869, 43.5278622], [16.4996105, 43.5278641]]]}, "properties": {"tema": "granica", "opis": "Granica obuhvata plana", "cad_sloj": "TPS_A001_Granica obuhvata", "list": "0_Granica obuhvata_ID_DPU_DRACEVAC", "plan": "DPU radne zone Dračevac", "izvor": "DPU radne zone Dračevac (split.hr), vektorizirano iz PDF-a"}}, {"type": "Feature", "geometry": {"type": "Polygon", "coordinates": [[[16.4995765, 43.5278527], [16.4995754, 43.5278614], [16.4995529, 43.5278507], [16.4995765, 43.5278527]]]}, "properties": {"tema": "granica", "opis": "Granica obuhvata plana", "cad_sloj": "TPS_A001_Granica obuhvata", "list": "0_Granica obuhvata_ID_DPU_DRACEVAC", "plan": "DPU radne zone Dračevac", "izvor": "DPU radne zone Dračevac (split.hr), vektorizirano iz PDF-a"}}, {"type": "Feature", "geometry": {"type": "Polygon", "coordinates": [[[16.4995754, 43.5278614], [16.4995529, 43.5278507], [16.4995519, 43.5278599], [16.4995754, 43.5278614]]]}, "properties": {"tema": "granica", "opis": "Granica obuhvata plana", "cad_sloj": "TPS_A001_Granica obuhvata", "list": "0_Granica obuhvata_ID_DPU_DRACEVAC", "plan": "DPU radne zone Dračevac", "izvor": "DPU radne zone Dračevac (split.hr), vektorizirano iz PDF-a"}}, {"type": "Feature", "geometry": {"type": "Polygon", "coordinates": [[[16.4995414, 43.52785], [16.4995404, 43.5278591], [16.4995179, 43.5278485], [16.4995414, 43.52785]]]}, "properties": {"tema": "granica", "opis": "Granica obuhvata plana", "cad_sloj": "TPS_A001_Granica obuhvata", "list": "0_Granica obuhvata_ID_DPU_DRACEVAC", "plan": "DPU radne zone Dračevac", "izvor": "DPU radne zone Dračevac (split.hr), vektorizirano iz PDF-a"}}, {"type": "Feature", "geometry": {"type": "Polygon", "coordinates": [[[16.4995404, 43.5278591], [16.4995179, 43.5278485], [16.4995168, 43.5278572], [16.4995404, 43.5278591]]]}, "properties": {"tema": "granica", "opis": "Granica obuhvata plana", "cad_sloj": "TPS_A001_Granica obuhvata", "list": "0_Granica obuhvata_ID_DPU_DRACEVAC", "plan": "DPU radne zone Dračevac", "izvor": "DPU radne zone Dračevac (split.hr), vektorizirano iz PDF-a"}}, {"type": "Feature", "geometry": {"type": "Polygon", "coordinates": [[[16.4995064, 43.5278477], [16.4995053, 43.5278565], [16.4994828, 43.5278458], [16.4995064, 43.5278477]]]}, "properties": {"tema": "granica", "opis": "Granica obuhvata plana", "cad_sloj": "TPS_A001_Granica obuhvata", "list": "0_Granica obuhvata_ID_DPU_DRACEVAC", "plan": "DPU radne zone Dračevac", "izvor": "DPU radne zone Dračevac (split.hr), vektorizirano iz PDF-a"}}, {"type": "Feature", "geometry": {"type": "Polygon", "coordinates": [[[16.4995053, 43.5278565], [16.4994828, 43.5278458], [16.4994818, 43.5278549], [16.4995053, 43.5278565]]]}, "properties": {"tema": "granica", "opis": "Granica obuhvata plana", "cad_sloj": "TPS_A001_Granica obuhvata", "list": "0_Granica obuhvata_ID_DPU_DRACEVAC", "plan": "DPU radne zone Dračevac", "izvor": "DPU radne zone Dračevac (split.hr), vektorizirano iz PDF-a"}}, {"type": "Feature", "geometry": {"type": "Polygon", "coordinates": [[[16.4994713, 43.527845], [16.4994703, 43.5278542], [16.4994478, 43.5278435], [16.4994713, 43.527845]]]}, "properties": {"tema": "granica", "opis": "Granica obuhvata plana", "cad_sloj": "TPS_A001_Granica obuhvata", "list": "0_Granica obuhvata_ID_DPU_DRACEVAC", "plan": "DPU radne zone Dračevac", "izvor": "DPU radne zone Dračevac (split.hr), vektorizirano iz PDF-a"}}, {"type": "Feature", "geometry": {"type": "Polygon", "coordinates": [[[16.4994703, 43.5278542], [16.4994478, 43.5278435], [16.4994467, 43.5278527], [16.4994703, 43.5278542]]]}, "properties": {"tema": "granica", "opis": "Granica obuhvata plana", "cad_sloj": "TPS_A001_Granica obuhvata", "list": "0_Granica obuhvata_ID_DPU_DRACEVAC", "plan": "DPU radne zone Dračevac", "izvor": "DPU radne zone Dračevac (split.hr), vektorizirano iz PDF-a"}}, {"type": "Feature", "geometry": {"type": "Polygon", "coordinates": [[[16.4994363, 43.5278428], [16.4994352, 43.5278515], [16.4994336, 43.5278424], [16.4994363, 43.5278428]]]}, "properties": {"tema": "granica", "opis": "Granica obuhvata plana", "cad_sloj": "TPS_A001_Granica obuhvata", "list": "0_Granica obuhvata_ID_DPU_DRACEVAC", "plan": "DPU radne zone Dračevac", "izvor": "DPU radne zone Dračevac (split.hr), vektorizirano iz PDF-a"}}, {"type": "Feature", "geometry": {"type": "Polygon", "coordinates": [[[16.4994352, 43.5278515], [16.4994336, 43.5278424], [16.4994326, 43.5278515], [16.4994352, 43.5278515]]]}, "properties": {"tema": "granica", "opis": "Granica obuhvata plana", "cad_sloj": "TPS_A001_Granica obuhvata", "list": "0_Granica obuhvata_ID_DPU_DRACEVAC", "plan": "DPU radne zone Dračevac", "izvor": "DPU radne zone Dračevac (split.hr), vektorizirano iz PDF-a"}}, {"type": "Feature", "geometry": {"type": "Polygon", "coordinates": [[[16.4994336, 43.5278424], [16.4994326, 43.5278515], [16.4994127, 43.5278412], [16.4994336, 43.5278424]]]}, "properties": {"tema": "granica", "opis": "Granica obuhvata plana", "cad_sloj": "TPS_A001_Granica obuhvata", "list": "0_Granica obuhvata_ID_DPU_DRACEVAC", "plan": "DPU radne zone Dračevac", "izvor": "DPU radne zone Dračevac (split.hr), vektorizirano iz PDF-a"}}, {"type": "Feature", "geometry": {"type": "Polygon", "coordinates": [[[16.4994326, 43.5278515], [16.4994127, 43.5278412], [16.4994117, 43.52785], [16.4994326, 43.5278515]]]}, "properties": {"tema": "granica", "opis": "Granica obuhvata plana", "cad_sloj": "TPS_A001_Granica obuhvata", "list": "0_Granica obuhvata_ID_DPU_DRACEVAC", "plan": "DPU radne zone Dračevac", "izvor": "DPU radne zone Dračevac (split.hr), vektorizirano iz PDF-a"}}, {"type": "Feature", "geometry": {"type": "Polygon", "coordinates": [[[16.4994012, 43.5278405], [16.4994002, 43.5278496], [16.4993777, 43.5278389], [16.4994012, 43.5278405]]]}, "properties": {"tema": "granica", "opis": "Granica obuhvata plana", "cad_sloj": "TPS_A001_Granica obuhvata", "list": "0_Granica obuhvata_ID_DPU_DRACEVAC", "plan": "DPU radne zone Dračevac", "izvor": "DPU radne zone Dračevac (split.hr), vektorizirano iz PDF-a"}}, {"type": "Feature", "geometry": {"type": "Polygon", "coordinates": [[[16.4994002, 43.5278496], [16.4993777, 43.5278389], [16.4993766, 43.5278481], [16.4994002, 43.5278496]]]}, "properties": {"tema": "granica", "opis": "Granica obuhvata plana", "cad_sloj": "TPS_A001_Granica obuhvata", "list": "0_Granica obuhvata_ID_DPU_DRACEVAC", "plan": "DPU radne zone Dračevac", "izvor": "DPU radne zone Dračevac (split.hr), vektorizirano iz PDF-a"}}, {"type": "Feature", "geometry": {"type": "Polygon", "coordinates": [[[16.4993662, 43.5278382], [16.4993646, 43.5278473], [16.4993426, 43.5278367], [16.4993662, 43.5278382]]]}, "properties": {"tema": "granica", "opis": "Granica obuhvata plana", "cad_sloj": "TPS_A001_Granica obuhvata", "list": "0_Granica obuhvata_ID_DPU_DRACEVAC", "plan": "DPU radne zone Dračevac", "izvor": "DPU radne zone Dračevac (split.hr), vektorizirano iz PDF-a"}}, {"type": "Feature", "geometry": {"type": "Polygon", "coordinates": [[[16.4993646, 43.5278473], [16.4993426, 43.5278367], [16.4993416, 43.5278458], [16.4993646, 43.5278473]]]}, "properties": {"tema": "granica", "opis": "Granica obuhvata plana", "cad_sloj": "TPS_A001_Granica obuhvata", "list": "0_Granica obuhvata_ID_DPU_DRACEVAC", "plan": "DPU radne zone Dračevac", "izvor": "DPU radne zone Dračevac (split.hr), vektorizirano iz PDF-a"}}, {"type": "Feature", "geometry": {"type": "Polygon", "coordinates": [[[16.4993306, 43.5278363], [16.4993295, 43.527845], [16.4993076, 43.5278348], [16.4993306, 43.5278363]]]}, "properties": {"tema": "granica", "opis": "Granica obuhvata plana", "cad_sloj": "TPS_A001_Granica obuhvata", "list": "0_Granica obuhvata_ID_DPU_DRACEVAC", "plan": "DPU radne zone Dračevac", "izvor": "DPU radne zone Dračevac (split.hr), vektorizirano iz PDF-a"}}, {"type": "Feature", "geometry": {"type": "Polygon", "coordinates": [[[16.4993295, 43.527845], [16.4993076, 43.5278348], [16.4993065, 43.5278435], [16.4993295, 43.527845]]]}, "properties": {"tema": "granica", "opis": "Granica obuhvata plana", "cad_sloj": "TPS_A001_Granica obuhvata", "list": "0_Granica obuhvata_ID_DPU_DRACEVAC", "plan": "DPU radne zone Dračevac", "izvor": "DPU radne zone Dračevac (split.hr), vektorizirano iz PDF-a"}}, {"type": "Feature", "geometry": {"type": "Polygon", "coordinates": [[[16.4992955, 43.527834], [16.4992945, 43.5278428], [16.499272, 43.5278325], [16.4992955, 43.527834]]]}, "properties": {"tema": "granica", "opis": "Granica obuhvata plana", "cad_sloj": "TPS_A001_Granica obuhvata", "list": "0_Granica obuhvata_ID_DPU_DRACEVAC", "plan": "DPU radne zone Dračevac", "izvor": "DPU radne zone Dračevac (split.hr), vektorizirano iz PDF-a"}}, {"type": "Feature", "geometry": {"type": "Polygon", "coordinates": [[[16.4992945, 43.5278428], [16.499272, 43.5278325], [16.4992715, 43.5278412], [16.4992945, 43.5278428]]]}, "properties": {"tema": "granica", "opis": "Granica obuhvata plana", "cad_sloj": "TPS_A001_Granica obuhvata", "list": "0_Granica obuhvata_ID_DPU_DRACEVAC", "plan": "DPU radne zone Dračevac", "izvor": "DPU radne zone Dračevac (split.hr), vektorizirano iz PDF-a"}}, {"type": "Feature", "geometry": {"type": "Polygon", "coordinates": [[[16.4992605, 43.5278317], [16.4992594, 43.5278405], [16.499237, 43.5278302], [16.4992605, 43.5278317]]]}, "properties": {"tema": "granica", "opis": "Granica obuhvata plana", "cad_sloj": "TPS_A001_Granica obuhvata", "list": "0_Granica obuhvata_ID_DPU_DRACEVAC", "plan": "DPU radne zone Dračevac", "izvor": "DPU radne zone Dračevac (split.hr), vektorizirano iz PDF-a"}}, {"type": "Feature", "geometry": {"type": "Polygon", "coordinates": [[[16.4992594, 43.5278405], [16.499237, 43.5278302], [16.4992359, 43.5278393], [16.4992594, 43.5278405]]]}, "properties": {"tema": "granica", "opis": "Granica obuhvata plana", "cad_sloj": "TPS_A001_Granica obuhvata", "list": "0_Granica obuhvata_ID_DPU_DRACEVAC", "plan": "DPU radne zone Dračevac", "izvor": "DPU radne zone Dračevac (split.hr), vektorizirano iz PDF-a"}}, {"type": "Feature", "geometry": {"type": "Polygon", "coordinates": [[[16.4992254, 43.5278294], [16.4992244, 43.5278386], [16.4992019, 43.5278283], [16.4992254, 43.5278294]]]}, "properties": {"tema": "granica", "opis": "Granica obuhvata plana", "cad_sloj": "TPS_A001_Granica obuhvata", "list": "0_Granica obuhvata_ID_DPU_DRACEVAC", "plan": "DPU radne zone Dračevac", "izvor": "DPU radne zone Dračevac (split.hr), vektorizirano iz PDF-a"}}, {"type": "Feature", "geometry": {"type": "Polygon", "coordinates": [[[16.4992244, 43.5278386], [16.4992019, 43.5278283], [16.4992009, 43.5278374], [16.4992244, 43.5278386]]]}, "properties": {"tema": "granica", "opis": "Granica obuhvata plana", "cad_sloj": "TPS_A001_Granica obuhvata", "list": "0_Granica obuhvata_ID_DPU_DRACEVAC", "plan": "DPU radne zone Dračevac", "izvor": "DPU radne zone Dračevac (split.hr), vektorizirano iz PDF-a"}}, {"type": "Feature", "geometry": {"type": "Polygon", "coordinates": [[[16.4991904, 43.5278275], [16.4991893, 43.5278367], [16.4991669, 43.5278264], [16.4991904, 43.5278275]]]}, "properties": {"tema": "granica", "opis": "Granica obuhvata plana", "cad_sloj": "TPS_A001_Granica obuhvata", "list": "0_Granica obuhvata_ID_DPU_DRACEVAC", "plan": "DPU radne zone Dračevac", "izvor": "DPU radne zone Dračevac (split.hr), vektorizirano iz PDF-a"}}, {"type": "Feature", "geometry": {"type": "Polygon", "coordinates": [[[16.4991893, 43.5278367], [16.4991669, 43.5278264], [16.4991658, 43.5278355], [16.4991893, 43.5278367]]]}, "properties": {"tema": "granica", "opis": "Granica obuhvata plana", "cad_sloj": "TPS_A001_Granica obuhvata", "list": "0_Granica obuhvata_ID_DPU_DRACEVAC", "plan": "DPU radne zone Dračevac", "izvor": "DPU radne zone Dračevac (split.hr), vektorizirano iz PDF-a"}}, {"type": "Feature", "geometry": {"type": "Polygon", "coordinates": [[[16.4991548, 43.5278256], [16.4991543, 43.5278348], [16.4991318, 43.5278245], [16.4991548, 43.5278256]]]}, "properties": {"tema": "granica", "opis": "Granica obuhvata plana", "cad_sloj": "TPS_A001_Granica obuhvata", "list": "0_Granica obuhvata_ID_DPU_DRACEVAC", "plan": "DPU radne zone Dračevac", "izvor": "DPU radne zone Dračevac (split.hr), vektorizirano iz PDF-a"}}, {"type": "Feature", "geometry": {"type": "Polygon", "coordinates": [[[16.4991543, 43.5278348], [16.4991318, 43.5278245], [16.4991308, 43.5278336], [16.4991543, 43.5278348]]]}, "properties": {"tema": "granica", "opis": "Granica obuhvata plana", "cad_sloj": "TPS_A001_Granica obuhvata", "list": "0_Granica obuhvata_ID_DPU_DRACEVAC", "plan": "DPU radne zone Dračevac", "izvor": "DPU radne zone Dračevac (split.hr), vektorizirano iz PDF-a"}}, {"type": "Feature", "geometry": {"type": "Polygon", "coordinates": [[[16.4991198, 43.5278237], [16.4991193, 43.5278329], [16.4990962, 43.5278226], [16.4991198, 43.5278237]]]}, "properties": {"tema": "granica", "opis": "Granica obuhvata plana", "cad_sloj": "TPS_A001_Granica obuhvata", "list": "0_Granica obuhvata_ID_DPU_DRACEVAC", "plan": "DPU radne zone Dračevac", "izvor": "DPU radne zone Dračevac (split.hr), vektorizirano iz PDF-a"}}, {"type": "Feature", "geometry": {"type": "Polygon", "coordinates": [[[16.4991193, 43.5278329], [16.4990962, 43.5278226], [16.4990957, 43.5278313], [16.4991193, 43.5278329]]]}, "properties": {"tema": "granica", "opis": "Granica obuhvata plana", "cad_sloj": "TPS_A001_Granica obuhvata", "list": "0_Granica obuhvata_ID_DPU_DRACEVAC", "plan": "DPU radne zone Dračevac", "izvor": "DPU radne zone Dračevac (split.hr), vektorizirano iz PDF-a"}}, {"type": "Feature", "geometry": {"type": "Polygon", "coordinates": [[[16.4990847, 43.5278218], [16.4990837, 43.527831], [16.4990612, 43.5278207], [16.4990847, 43.5278218]]]}, "properties": {"tema": "granica", "opis": "Granica obuhvata plana", "cad_sloj": "TPS_A001_Granica obuhvata", "list": "0_Granica obuhvata_ID_DPU_DRACEVAC", "plan": "DPU radne zone Dračevac", "izvor": "DPU radne zone Dračevac (split.hr), vektorizirano iz PDF-a"}}, {"type": "Feature", "geometry": {"type": "Polygon", "coordinates": [[[16.4990837, 43.527831], [16.4990612, 43.5278207], [16.4990607, 43.5278294], [16.4990837, 43.527831]]]}, "properties": {"tema": "granica", "opis": "Granica obuhvata plana", "cad_sloj": "TPS_A001_Granica obuhvata", "list": "0_Granica obuhvata_ID_DPU_DRACEVAC", "plan": "DPU radne zone Dračevac", "izvor": "DPU radne zone Dračevac (split.hr), vektorizirano iz PDF-a"}}, {"type": "Feature", "geometry": {"type": "Polygon", "coordinates": [[[16.4990497, 43.5278199], [16.4990486, 43.5278291], [16.4990382, 43.5278195], [16.4990497, 43.5278199]]]}, "properties": {"tema": "granica", "opis": "Granica obuhvata plana", "cad_sloj": "TPS_A001_Granica obuhvata", "list": "0_Granica obuhvata_ID_DPU_DRACEVAC", "plan": "DPU radne zone Dračevac", "izvor": "DPU radne zone Dračevac (split.hr), vektorizirano iz PDF-a"}}, {"type": "Feature", "geometry": {"type": "Polygon", "coordinates": [[[16.4990486, 43.5278291], [16.4990382, 43.5278195], [16.4990371, 43.5278283], [16.4990486, 43.5278291]]]}, "properties": {"tema": "granica", "opis": "Granica obuhvata plana", "cad_sloj": "TPS_A001_Granica obuhvata", "list": "0_Granica obuhvata_ID_DPU_DRACEVAC", "plan": "DPU radne zone Dračevac", "izvor": "DPU radne zone Dračevac (split.hr), vektorizirano iz PDF-a"}}, {"type": "Feature", "geometry": {"type": "Polygon", "coordinates": [[[16.4990382, 43.5278195], [16.4990371, 43.5278283], [16.4990261, 43.5278188], [16.4990382, 43.5278195]]]}, "properties": {"tema": "granica", "opis": "Granica obuhvata plana", "cad_sloj": "TPS_A001_Granica obuhvata", "list": "0_Granica obuhvata_ID_DPU_DRACEVAC", "plan": "DPU radne zone Dračevac", "izvor": "DPU radne zone Dračevac (split.hr), vektorizirano iz PDF-a"}}, {"type": "Feature", "geometry": {"type": "Polygon", "coordinates": [[[16.4990371, 43.5278283], [16.4990261, 43.5278188], [16.4990251, 43.5278279], [16.4990371, 43.5278283]]]}, "properties": {"tema": "granica", "opis": "Granica obuhvata plana", "cad_sloj": "TPS_A001_Granica obuhvata", "list": "0_Granica obuhvata_ID_DPU_DRACEVAC", "plan": "DPU radne zone Dračevac", "izvor": "DPU radne zone Dračevac (split.hr), vektorizirano iz PDF-a"}}, {"type": "Feature", "geometry": {"type": "Polygon", "coordinates": [[[16.4990146, 43.5278184], [16.4990136, 43.5278271], [16.4989911, 43.5278173], [16.4990146, 43.5278184]]]}, "properties": {"tema": "granica", "opis": "Granica obuhvata plana", "cad_sloj": "TPS_A001_Granica obuhvata", "list": "0_Granica obuhvata_ID_DPU_DRACEVAC", "plan": "DPU radne zone Dračevac", "izvor": "DPU radne zone Dračevac (split.hr), vektorizirano iz PDF-a"}}, {"type": "Feature", "geometry": {"type": "Polygon", "coordinates": [[[16.4990136, 43.5278271], [16.4989911, 43.5278173], [16.49899, 43.527826], [16.4990136, 43.5278271]]]}, "properties": {"tema": "granica", "opis": "Granica obuhvata plana", "cad_sloj": "TPS_A001_Granica obuhvata", "list": "0_Granica obuhvata_ID_DPU_DRACEVAC", "plan": "DPU radne zone Dračevac", "izvor": "DPU radne zone Dračevac (split.hr), vektorizirano iz PDF-a"}}, {"type": "Feature", "geometry": {"type": "Polygon", "coordinates": [[[16.4989791, 43.5278165], [16.4989785, 43.5278256], [16.4989555, 43.5278153], [16.4989791, 43.5278165]]]}, "properties": {"tema": "granica", "opis": "Granica obuhvata plana", "cad_sloj": "TPS_A001_Granica obuhvata", "list": "0_Granica obuhvata_ID_DPU_DRACEVAC", "plan": "DPU radne zone Dračevac", "izvor": "DPU radne zone Dračevac (split.hr), vektorizirano iz PDF-a"}}, {"type": "Feature", "geometry": {"type": "Polygon", "coordinates": [[[16.4989785, 43.5278256], [16.4989555, 43.5278153], [16.498955, 43.5278245], [16.4989785, 43.5278256]]]}, "properties": {"tema": "granica", "opis": "Granica obuhvata plana", "cad_sloj": "TPS_A001_Granica obuhvata", "list": "0_Granica obuhvata_ID_DPU_DRACEVAC", "plan": "DPU radne zone Dračevac", "izvor": "DPU radne zone Dračevac (split.hr), vektorizirano iz PDF-a"}}, {"type": "Feature", "geometry": {"type": "Polygon", "coordinates": [[[16.498944, 43.527815], [16.4989435, 43.5278241], [16.4989205, 43.5278138], [16.498944, 43.527815]]]}, "properties": {"tema": "granica", "opis": "Granica obuhvata plana", "cad_sloj": "TPS_A001_Granica obuhvata", "list": "0_Granica obuhvata_ID_DPU_DRACEVAC", "plan": "DPU radne zone Dračevac", "izvor": "DPU radne zone Dračevac (split.hr), vektorizirano iz PDF-a"}}, {"type": "Feature", "geometry": {"type": "Polygon", "coordinates": [[[16.4989435, 43.5278241], [16.4989205, 43.5278138], [16.4989199, 43.527823], [16.4989435, 43.5278241]]]}, "properties": {"tema": "granica", "opis": "Granica obuhvata plana", "cad_sloj": "TPS_A001_Granica obuhvata", "list": "0_Granica obuhvata_ID_DPU_DRACEVAC", "plan": "DPU radne zone Dračevac", "izvor": "DPU radne zone Dračevac (split.hr), vektorizirano iz PDF-a"}}, {"type": "Feature", "geometry": {"type": "Polygon", "coordinates": [[[16.498909, 43.5278134], [16.4989079, 43.5278222], [16.4988854, 43.5278123], [16.498909, 43.5278134]]]}, "properties": {"tema": "granica", "opis": "Granica obuhvata plana", "cad_sloj": "TPS_A001_Granica obuhvata", "list": "0_Granica obuhvata_ID_DPU_DRACEVAC", "plan": "DPU radne zone Dračevac", "izvor": "DPU radne zone Dračevac (split.hr), vektorizirano iz PDF-a"}}, {"type": "Feature", "geometry": {"type": "Polygon", "coordinates": [[[16.4989079, 43.5278222], [16.4988854, 43.5278123], [16.4988849, 43.5278211], [16.4989079, 43.5278222]]]}, "properties": {"tema": "granica", "opis": "Granica obuhvata plana", "cad_sloj": "TPS_A001_Granica obuhvata", "list": "0_Granica obuhvata_ID_DPU_DRACEVAC", "plan": "DPU radne zone Dračevac", "izvor": "DPU radne zone Dračevac (split.hr), vektorizirano iz PDF-a"}}, {"type": "Feature", "geometry": {"type": "Polygon", "coordinates": [[[16.4988739, 43.5278115], [16.4988729, 43.5278207], [16.4988504, 43.5278104], [16.4988739, 43.5278115]]]}, "properties": {"tema": "granica", "opis": "Granica obuhvata plana", "cad_sloj": "TPS_A001_Granica obuhvata", "list": "0_Granica obuhvata_ID_DPU_DRACEVAC", "plan": "DPU radne zone Dračevac", "izvor": "DPU radne zone Dračevac (split.hr), vektorizirano iz PDF-a"}}, {"type": "Feature", "geometry": {"type": "Polygon", "coordinates": [[[16.4988729, 43.5278207], [16.4988504, 43.5278104], [16.4988493, 43.5278195], [16.4988729, 43.5278207]]]}, "properties": {"tema": "granica", "opis": "Granica obuhvata plana", "cad_sloj": "TPS_A001_Granica obuhvata", "list": "0_Granica obuhvata_ID_DPU_DRACEVAC", "plan": "DPU radne zone Dračevac", "izvor": "DPU radne zone Dračevac (split.hr), vektorizirano iz PDF-a"}}, {"type": "Feature", "geometry": {"type": "Polygon", "coordinates": [[[16.4988383, 43.52781], [16.4988378, 43.5278192], [16.4988148, 43.5278093], [16.4988383, 43.52781]]]}, "properties": {"tema": "granica", "opis": "Granica obuhvata plana", "cad_sloj": "TPS_A001_Granica obuhvata", "list": "0_Granica obuhvata_ID_DPU_DRACEVAC", "plan": "DPU radne zone Dračevac", "izvor": "DPU radne zone Dračevac (split.hr), vektorizirano iz PDF-a"}}, {"type": "Feature", "geometry": {"type": "Polygon", "coordinates": [[[16.4988378, 43.5278192], [16.4988148, 43.5278093], [16.4988143, 43.527818], [16.4988378, 43.5278192]]]}, "properties": {"tema": "granica", "opis": "Granica obuhvata plana", "cad_sloj": "TPS_A001_Granica obuhvata", "list": "0_Granica obuhvata_ID_DPU_DRACEVAC", "plan": "DPU radne zone Dračevac", "izvor": "DPU radne zone Dračevac (split.hr), vektorizirano iz PDF-a"}}, {"type": "Feature", "geometry": {"type": "Polygon", "coordinates": [[[16.4988033, 43.5278085], [16.4988028, 43.5278176], [16.4987797, 43.5278077], [16.4988033, 43.5278085]]]}, "properties": {"tema": "granica", "opis": "Granica obuhvata plana", "cad_sloj": "TPS_A001_Granica obuhvata", "list": "0_Granica obuhvata_ID_DPU_DRACEVAC", "plan": "DPU radne zone Dračevac", "izvor": "DPU radne zone Dračevac (split.hr), vektorizirano iz PDF-a"}}, {"type": "Feature", "geometry": {"type": "Polygon", "coordinates": [[[16.4988028, 43.5278176], [16.4987797, 43.5278077], [16.4987792, 43.5278169], [16.4988028, 43.5278176]]]}, "properties": {"tema": "granica", "opis": "Granica obuhvata plana", "cad_sloj": "TPS_A001_Granica obuhvata", "list": "0_Granica obuhvata_ID_DPU_DRACEVAC", "plan": "DPU radne zone Dračevac", "izvor": "DPU radne zone Dračevac (split.hr), vektorizirano iz PDF-a"}}, {"type": "Feature", "geometry": {"type": "Polygon", "coordinates": [[[16.4987682, 43.5278074], [16.4987672, 43.5278161], [16.4987447, 43.5278062], [16.4987682, 43.5278074]]]}, "properties": {"tema": "granica", "opis": "Granica obuhvata plana", "cad_sloj": "TPS_A001_Granica obuhvata", "list": "0_Granica obuhvata_ID_DPU_DRACEVAC", "plan": "DPU radne zone Dračevac", "izvor": "DPU radne zone Dračevac (split.hr), vektorizirano iz PDF-a"}}, {"type": "Feature", "geometry": {"type": "Polygon", "coordinates": [[[16.4987672, 43.5278161], [16.4987447, 43.5278062], [16.4987442, 43.5278153], [16.4987672, 43.5278161]]]}, "properties": {"tema": "granica", "opis": "Granica obuhvata plana", "cad_sloj": "TPS_A001_Granica obuhvata", "list": "0_Granica obuhvata_ID_DPU_DRACEVAC", "plan": "DPU radne zone Dračevac", "izvor": "DPU radne zone Dračevac (split.hr), vektorizirano iz PDF-a"}}, {"type": "Feature", "geometry": {"type": "Polygon", "coordinates": [[[16.4987327, 43.5278058], [16.4987321, 43.527815], [16.4987091, 43.5278051], [16.4987327, 43.5278058]]]}, "properties": {"tema": "granica", "opis": "Granica obuhvata plana", "cad_sloj": "TPS_A001_Granica obuhvata", "list": "0_Granica obuhvata_ID_DPU_DRACEVAC", "plan": "DPU radne zone Dračevac", "izvor": "DPU radne zone Dračevac (split.hr), vektorizirano iz PDF-a"}}, {"type": "Feature", "geometry": {"type": "Polygon", "coordinates": [[[16.4987321, 43.527815], [16.4987091, 43.5278051], [16.4987086, 43.5278138], [16.4987321, 43.527815]]]}, "properties": {"tema": "granica", "opis": "Granica obuhvata plana", "cad_sloj": "TPS_A001_Granica obuhvata", "list": "0_Granica obuhvata_ID_DPU_DRACEVAC", "plan": "DPU radne zone Dračevac", "izvor": "DPU radne zone Dračevac (split.hr), vektorizirano iz PDF-a"}}, {"type": "Feature", "geometry": {"type": "Polygon", "coordinates": [[[16.4986976, 43.5278047], [16.4986971, 43.5278134], [16.4986741, 43.5278035], [16.4986976, 43.5278047]]]}, "properties": {"tema": "granica", "opis": "Granica obuhvata plana", "cad_sloj": "TPS_A001_Granica obuhvata", "list": "0_Granica obuhvata_ID_DPU_DRACEVAC", "plan": "DPU radne zone Dračevac", "izvor": "DPU radne zone Dračevac (split.hr), vektorizirano iz PDF-a"}}, {"type": "Feature", "geometry": {"type": "Polygon", "coordinates": [[[16.4986971, 43.5278134], [16.4986741, 43.5278035], [16.4986736, 43.5278127], [16.4986971, 43.5278134]]]}, "properties": {"tema": "granica", "opis": "Granica obuhvata plana", "cad_sloj": "TPS_A001_Granica obuhvata", "list": "0_Granica obuhvata_ID_DPU_DRACEVAC", "plan": "DPU radne zone Dračevac", "izvor": "DPU radne zone Dračevac (split.hr), vektorizirano iz PDF-a"}}, {"type": "Feature", "geometry": {"type": "Polygon", "coordinates": [[[16.4986626, 43.5278032], [16.498662, 43.5278123], [16.4986416, 43.5278024], [16.4986626, 43.5278032]]]}, "properties": {"tema": "granica", "opis": "Granica obuhvata plana", "cad_sloj": "TPS_A001_Granica obuhvata", "list": "0_Granica obuhvata_ID_DPU_DRACEVAC", "plan": "DPU radne zone Dračevac", "izvor": "DPU radne zone Dračevac (split.hr), vektorizirano iz PDF-a"}}, {"type": "Feature", "geometry": {"type": "Polygon", "coordinates": [[[16.498662, 43.5278123], [16.4986416, 43.5278024], [16.4986411, 43.5278112], [16.498662, 43.5278123]]]}, "properties": {"tema": "granica", "opis": "Granica obuhvata plana", "cad_sloj": "TPS_A001_Granica obuhvata", "list": "0_Granica obuhvata_ID_DPU_DRACEVAC", "plan": "DPU radne zone Dračevac", "izvor": "DPU radne zone Dračevac (split.hr), vektorizirano iz PDF-a"}}, {"type": "Feature", "geometry": {"type": "Polygon", "coordinates": [[[16.4986416, 43.5278024], [16.4986411, 43.5278112], [16.498639, 43.5278024], [16.4986416, 43.5278024]]]}, "properties": {"tema": "granica", "opis": "Granica obuhvata plana", "cad_sloj": "TPS_A001_Granica obuhvata", "list": "0_Granica obuhvata_ID_DPU_DRACEVAC", "plan": "DPU radne zone Dračevac", "izvor": "DPU radne zone Dračevac (split.hr), vektorizirano iz PDF-a"}}, {"type": "Feature", "geometry": {"type": "Polygon", "coordinates": [[[16.4986411, 43.5278112], [16.498639, 43.5278024], [16.4986385, 43.5278112], [16.4986411, 43.5278112]]]}, "properties": {"tema": "granica", "opis": "Granica obuhvata plana", "cad_sloj": "TPS_A001_Granica obuhvata", "list": "0_Granica obuhvata_ID_DPU_DRACEVAC", "plan": "DPU radne zone Dračevac", "izvor": "DPU radne zone Dračevac (split.hr), vektorizirano iz PDF-a"}}, {"type": "Feature", "geometry": {"type": "Polygon", "coordinates": [[[16.498627, 43.527802], [16.4986265, 43.5278108], [16.498604, 43.5278013], [16.498627, 43.527802]]]}, "properties": {"tema": "granica", "opis": "Granica obuhvata plana", "cad_sloj": "TPS_A001_Granica obuhvata", "list": "0_Granica obuhvata_ID_DPU_DRACEVAC", "plan": "DPU radne zone Dračevac", "izvor": "DPU radne zone Dračevac (split.hr), vektorizirano iz PDF-a"}}, {"type": "Feature", "geometry": {"type": "Polygon", "coordinates": [[[16.4986265, 43.5278108], [16.498604, 43.5278013], [16.4986029, 43.52781], [16.4986265, 43.5278108]]]}, "properties": {"tema": "granica", "opis": "Granica obuhvata plana", "cad_sloj": "TPS_A001_Granica obuhvata", "list": "0_Granica obuhvata_ID_DPU_DRACEVAC", "plan": "DPU radne zone Dračevac", "izvor": "DPU radne zone Dračevac (split.hr), vektorizirano iz PDF-a"}}, {"type": "Feature", "geometry": {"type": "Polygon", "coordinates": [[[16.498592, 43.5278009], [16.4985914, 43.5278096], [16.4985684, 43.5278001], [16.498592, 43.5278009]]]}, "properties": {"tema": "granica", "opis": "Granica obuhvata plana", "cad_sloj": "TPS_A001_Granica obuhvata", "list": "0_Granica obuhvata_ID_DPU_DRACEVAC", "plan": "DPU radne zone Dračevac", "izvor": "DPU radne zone Dračevac (split.hr), vektorizirano iz PDF-a"}}, {"type": "Feature", "geometry": {"type": "Polygon", "coordinates": [[[16.4985914, 43.5278096], [16.4985684, 43.5278001], [16.4985679, 43.5278093], [16.4985914, 43.5278096]]]}, "properties": {"tema": "granica", "opis": "Granica obuhvata plana", "cad_sloj": "TPS_A001_Granica obuhvata", "list": "0_Granica obuhvata_ID_DPU_DRACEVAC", "plan": "DPU radne zone Dračevac", "izvor": "DPU radne zone Dračevac (split.hr), vektorizirano iz PDF-a"}}, {"type": "Feature", "geometry": {"type": "Polygon", "coordinates": [[[16.4985569, 43.5277997], [16.4985564, 43.5278089], [16.4985334, 43.527799], [16.4985569, 43.5277997]]]}, "properties": {"tema": "granica", "opis": "Granica obuhvata plana", "cad_sloj": "TPS_A001_Granica obuhvata", "list": "0_Granica obuhvata_ID_DPU_DRACEVAC", "plan": "DPU radne zone Dračevac", "izvor": "DPU radne zone Dračevac (split.hr), vektorizirano iz PDF-a"}}, {"type": "Feature", "geometry": {"type": "Polygon", "coordinates": [[[16.4985564, 43.5278089], [16.4985334, 43.527799], [16.4985328, 43.5278081], [16.4985564, 43.5278089]]]}, "properties": {"tema": "granica", "opis": "Granica obuhvata plana", "cad_sloj": "TPS_A001_Granica obuhvata", "list": "0_Granica obuhvata_ID_DPU_DRACEVAC", "plan": "DPU radne zone Dračevac", "izvor": "DPU radne zone Dračevac (split.hr), vektorizirano iz PDF-a"}}, {"type": "Feature", "geometry": {"type": "Polygon", "coordinates": [[[16.4985213, 43.5277986], [16.4985208, 43.5278077], [16.4984983, 43.5277978], [16.4985213, 43.5277986]]]}, "properties": {"tema": "granica", "opis": "Granica obuhvata plana", "cad_sloj": "TPS_A001_Granica obuhvata", "list": "0_Granica obuhvata_ID_DPU_DRACEVAC", "plan": "DPU radne zone Dračevac", "izvor": "DPU radne zone Dračevac (split.hr), vektorizirano iz PDF-a"}}, {"type": "Feature", "geometry": {"type": "Polygon", "coordinates": [[[16.4985208, 43.5278077], [16.4984983, 43.5277978], [16.4984978, 43.527807], [16.4985208, 43.5278077]]]}, "properties": {"tema": "granica", "opis": "Granica obuhvata plana", "cad_sloj": "TPS_A001_Granica obuhvata", "list": "0_Granica obuhvata_ID_DPU_DRACEVAC", "plan": "DPU radne zone Dračevac", "izvor": "DPU radne zone Dračevac (split.hr), vektorizirano iz PDF-a"}}, {"type": "Feature", "geometry": {"type": "Polygon", "coordinates": [[[16.4984863, 43.5277975], [16.4984858, 43.5278066], [16.4984627, 43.5277967], [16.4984863, 43.5277975]]]}, "properties": {"tema": "granica", "opis": "Granica obuhvata plana", "cad_sloj": "TPS_A001_Granica obuhvata", "list": "0_Granica obuhvata_ID_DPU_DRACEVAC", "plan": "DPU radne zone Dračevac", "izvor": "DPU radne zone Dračevac (split.hr), vektorizirano iz PDF-a"}}, {"type": "Feature", "geometry": {"type": "Polygon", "coordinates": [[[16.4984858, 43.5278066], [16.4984627, 43.5277967], [16.4984622, 43.5278058], [16.4984858, 43.5278066]]]}, "properties": {"tema": "granica", "opis": "Granica obuhvata plana", "cad_sloj": "TPS_A001_Granica obuhvata", "list": "0_Granica obuhvata_ID_DPU_DRACEVAC", "plan": "DPU radne zone Dračevac", "izvor": "DPU radne zone Dračevac (split.hr), vektorizirano iz PDF-a"}}, {"type": "Feature", "geometry": {"type": "Polygon", "coordinates": [[[16.4984512, 43.5277963], [16.4984507, 43.5278054], [16.4984434, 43.5277963], [16.4984512, 43.5277963]]]}, "properties": {"tema": "granica", "opis": "Granica obuhvata plana", "cad_sloj": "TPS_A001_Granica obuhvata", "list": "0_Granica obuhvata_ID_DPU_DRACEVAC", "plan": "DPU radne zone Dračevac", "izvor": "DPU radne zone Dračevac (split.hr), vektorizirano iz PDF-a"}}, {"type": "Feature", "geometry": {"type": "Polygon", "coordinates": [[[16.4984507, 43.5278054], [16.4984434, 43.5277963], [16.4984429, 43.5278051], [16.4984507, 43.5278054]]]}, "properties": {"tema": "granica", "opis": "Granica obuhvata plana", "cad_sloj": "TPS_A001_Granica obuhvata", "list": "0_Granica obuhvata_ID_DPU_DRACEVAC", "plan": "DPU radne zone Dračevac", "izvor": "DPU radne zone Dračevac (split.hr), vektorizirano iz PDF-a"}}, {"type": "Feature", "geometry": {"type": "Polygon", "coordinates": [[[16.4984434, 43.5277963], [16.4984429, 43.5278051], [16.4984277, 43.5277959], [16.4984434, 43.5277963]]]}, "properties": {"tema": "granica", "opis": "Granica obuhvata plana", "cad_sloj": "TPS_A001_Granica obuhvata", "list": "0_Granica obuhvata_ID_DPU_DRACEVAC", "plan": "DPU radne zone Dračevac", "izvor": "DPU radne zone Dračevac (split.hr), vektorizirano iz PDF-a"}}, {"type": "Feature", "geometry": {"type": "Polygon", "coordinates": [[[16.4984429, 43.5278051], [16.4984277, 43.5277959], [16.4984272, 43.5278047], [16.4984429, 43.5278051]]]}, "properties": {"tema": "granica", "opis": "Granica obuhvata plana", "cad_sloj": "TPS_A001_Granica obuhvata", "list": "0_Granica obuhvata_ID_DPU_DRACEVAC", "plan": "DPU radne zone Dračevac", "izvor": "DPU radne zone Dračevac (split.hr), vektorizirano iz PDF-a"}}, {"type": "Feature", "geometry": {"type": "Polygon", "coordinates": [[[16.4984157, 43.5277955], [16.4984157, 43.5278047], [16.4983921, 43.5277952], [16.4984157, 43.5277955]]]}, "properties": {"tema": "granica", "opis": "Granica obuhvata plana", "cad_sloj": "TPS_A001_Granica obuhvata", "list": "0_Granica obuhvata_ID_DPU_DRACEVAC", "plan": "DPU radne zone Dračevac", "izvor": "DPU radne zone Dračevac (split.hr), vektorizirano iz PDF-a"}}, {"type": "Feature", "geometry": {"type": "Polygon", "coordinates": [[[16.4984157, 43.5278047], [16.4983921, 43.5277952], [16.4983921, 43.5278039], [16.4984157, 43.5278047]]]}, "properties": {"tema": "granica", "opis": "Granica obuhvata plana", "cad_sloj": "TPS_A001_Granica obuhvata", "list": "0_Granica obuhvata_ID_DPU_DRACEVAC", "plan": "DPU radne zone Dračevac", "izvor": "DPU radne zone Dračevac (split.hr), vektorizirano iz PDF-a"}}, {"type": "Feature", "geometry": {"type": "Polygon", "coordinates": [[[16.4983806, 43.5277948], [16.4983801, 43.5278035], [16.4983571, 43.527794], [16.4983806, 43.5277948]]]}, "properties": {"tema": "granica", "opis": "Granica obuhvata plana", "cad_sloj": "TPS_A001_Granica obuhvata", "list": "0_Granica obuhvata_ID_DPU_DRACEVAC", "plan": "DPU radne zone Dračevac", "izvor": "DPU radne zone Dračevac (split.hr), vektorizirano iz PDF-a"}}, {"type": "Feature", "geometry": {"type": "Polygon", "coordinates": [[[16.4983801, 43.5278035], [16.4983571, 43.527794], [16.4983565, 43.5278032], [16.4983801, 43.5278035]]]}, "properties": {"tema": "granica", "opis": "Granica obuhvata plana", "cad_sloj": "TPS_A001_Granica obuhvata", "list": "0_Granica obuhvata_ID_DPU_DRACEVAC", "plan": "DPU radne zone Dračevac", "izvor": "DPU radne zone Dračevac (split.hr), vektorizirano iz PDF-a"}}, {"type": "Feature", "geometry": {"type": "Polygon", "coordinates": [[[16.4983456, 43.527794], [16.498345, 43.5278028], [16.498322, 43.5277933], [16.4983456, 43.527794]]]}, "properties": {"tema": "granica", "opis": "Granica obuhvata plana", "cad_sloj": "TPS_A001_Granica obuhvata", "list": "0_Granica obuhvata_ID_DPU_DRACEVAC", "plan": "DPU radne zone Dračevac", "izvor": "DPU radne zone Dračevac (split.hr), vektorizirano iz PDF-a"}}, {"type": "Feature", "geometry": {"type": "Polygon", "coordinates": [[[16.498345, 43.5278028], [16.498322, 43.5277933], [16.4983215, 43.5278024], [16.498345, 43.5278028]]]}, "properties": {"tema": "granica", "opis": "Granica obuhvata plana", "cad_sloj": "TPS_A001_Granica obuhvata", "list": "0_Granica obuhvata_ID_DPU_DRACEVAC", "plan": "DPU radne zone Dračevac", "izvor": "DPU radne zone Dračevac (split.hr), vektorizirano iz PDF-a"}}, {"type": "Feature", "geometry": {"type": "Polygon", "coordinates": [[[16.49831, 43.5277933], [16.49831, 43.527802], [16.4982865, 43.5277925], [16.49831, 43.5277933]]]}, "properties": {"tema": "granica", "opis": "Granica obuhvata plana", "cad_sloj": "TPS_A001_Granica obuhvata", "list": "0_Granica obuhvata_ID_DPU_DRACEVAC", "plan": "DPU radne zone Dračevac", "izvor": "DPU radne zone Dračevac (split.hr), vektorizirano iz PDF-a"}}, {"type": "Feature", "geometry": {"type": "Polygon", "coordinates": [[[16.49831, 43.527802], [16.4982865, 43.5277925], [16.4982865, 43.5278016], [16.49831, 43.527802]]]}, "properties": {"tema": "granica", "opis": "Granica obuhvata plana", "cad_sloj": "TPS_A001_Granica obuhvata", "list": "0_Granica obuhvata_ID_DPU_DRACEVAC", "plan": "DPU radne zone Dračevac", "izvor": "DPU radne zone Dračevac (split.hr), vektorizirano iz PDF-a"}}, {"type": "Feature", "geometry": {"type": "Polygon", "coordinates": [[[16.4982749, 43.5277921], [16.4982744, 43.5278013], [16.4982514, 43.5277917], [16.4982749, 43.5277921]]]}, "properties": {"tema": "granica", "opis": "Granica obuhvata plana", "cad_sloj": "TPS_A001_Granica obuhvata", "list": "0_Granica obuhvata_ID_DPU_DRACEVAC", "plan": "DPU radne zone Dračevac", "izvor": "DPU radne zone Dračevac (split.hr), vektorizirano iz PDF-a"}}, {"type": "Feature", "geometry": {"type": "Polygon", "coordinates": [[[16.4982744, 43.5278013], [16.4982514, 43.5277917], [16.4982509, 43.5278009], [16.4982744, 43.5278013]]]}, "properties": {"tema": "granica", "opis": "Granica obuhvata plana", "cad_sloj": "TPS_A001_Granica obuhvata", "list": "0_Granica obuhvata_ID_DPU_DRACEVAC", "plan": "DPU radne zone Dračevac", "izvor": "DPU radne zone Dračevac (split.hr), vektorizirano iz PDF-a"}}, {"type": "Feature", "geometry": {"type": "Polygon", "coordinates": [[[16.4982399, 43.5277914], [16.4982394, 43.5278005], [16.4982164, 43.527791], [16.4982399, 43.5277914]]]}, "properties": {"tema": "granica", "opis": "Granica obuhvata plana", "cad_sloj": "TPS_A001_Granica obuhvata", "list": "0_Granica obuhvata_ID_DPU_DRACEVAC", "plan": "DPU radne zone Dračevac", "izvor": "DPU radne zone Dračevac (split.hr), vektorizirano iz PDF-a"}}, {"type": "Feature", "geometry": {"type": "Polygon", "coordinates": [[[16.4982394, 43.5278005], [16.4982164, 43.527791], [16.4982158, 43.5278001], [16.4982394, 43.5278005]]]}, "properties": {"tema": "granica", "opis": "Granica obuhvata plana", "cad_sloj": "TPS_A001_Granica obuhvata", "list": "0_Granica obuhvata_ID_DPU_DRACEVAC", "plan": "DPU radne zone Dračevac", "izvor": "DPU radne zone Dračevac (split.hr), vektorizirano iz PDF-a"}}, {"type": "Feature", "geometry": {"type": "Polygon", "coordinates": [[[16.4982043, 43.527791], [16.4982043, 43.5277997], [16.4981808, 43.5277906], [16.4982043, 43.527791]]]}, "properties": {"tema": "granica", "opis": "Granica obuhvata plana", "cad_sloj": "TPS_A001_Granica obuhvata", "list": "0_Granica obuhvata_ID_DPU_DRACEVAC", "plan": "DPU radne zone Dračevac", "izvor": "DPU radne zone Dračevac (split.hr), vektorizirano iz PDF-a"}}, {"type": "Feature", "geometry": {"type": "Polygon", "coordinates": [[[16.4982043, 43.5277997], [16.4981808, 43.5277906], [16.4981808, 43.5277997], [16.4982043, 43.5277997]]]}, "properties": {"tema": "granica", "opis": "Granica obuhvata plana", "cad_sloj": "TPS_A001_Granica obuhvata", "list": "0_Granica obuhvata_ID_DPU_DRACEVAC", "plan": "DPU radne zone Dračevac", "izvor": "DPU radne zone Dračevac (split.hr), vektorizirano iz PDF-a"}}, {"type": "Feature", "geometry": {"type": "Polygon", "coordinates": [[[16.4981693, 43.5277902], [16.4981688, 43.5277994], [16.4981457, 43.5277898], [16.4981693, 43.5277902]]]}, "properties": {"tema": "granica", "opis": "Granica obuhvata plana", "cad_sloj": "TPS_A001_Granica obuhvata", "list": "0_Granica obuhvata_ID_DPU_DRACEVAC", "plan": "DPU radne zone Dračevac", "izvor": "DPU radne zone Dračevac (split.hr), vektorizirano iz PDF-a"}}, {"type": "Feature", "geometry": {"type": "Polygon", "coordinates": [[[16.4981688, 43.5277994], [16.4981457, 43.5277898], [16.4981452, 43.527799], [16.4981688, 43.5277994]]]}, "properties": {"tema": "granica", "opis": "Granica obuhvata plana", "cad_sloj": "TPS_A001_Granica obuhvata", "list": "0_Granica obuhvata_ID_DPU_DRACEVAC", "plan": "DPU radne zone Dračevac", "izvor": "DPU radne zone Dračevac (split.hr), vektorizirano iz PDF-a"}}, {"type": "Feature", "geometry": {"type": "Polygon", "coordinates": [[[16.4981337, 43.5277898], [16.4981337, 43.527799], [16.4981102, 43.5277895], [16.4981337, 43.5277898]]]}, "properties": {"tema": "granica", "opis": "Granica obuhvata plana", "cad_sloj": "TPS_A001_Granica obuhvata", "list": "0_Granica obuhvata_ID_DPU_DRACEVAC", "plan": "DPU radne zone Dračevac", "izvor": "DPU radne zone Dračevac (split.hr), vektorizirano iz PDF-a"}}, {"type": "Feature", "geometry": {"type": "Polygon", "coordinates": [[[16.4981337, 43.527799], [16.4981102, 43.5277895], [16.4981102, 43.5277986], [16.4981337, 43.527799]]]}, "properties": {"tema": "granica", "opis": "Granica obuhvata plana", "cad_sloj": "TPS_A001_Granica obuhvata", "list": "0_Granica obuhvata_ID_DPU_DRACEVAC", "plan": "DPU radne zone Dračevac", "izvor": "DPU radne zone Dračevac (split.hr), vektorizirano iz PDF-a"}}, {"type": "Feature", "geometry": {"type": "Polygon", "coordinates": [[[16.4980987, 43.5277895], [16.4980987, 43.5277982], [16.4980751, 43.5277891], [16.4980987, 43.5277895]]]}, "properties": {"tema": "granica", "opis": "Granica obuhvata plana", "cad_sloj": "TPS_A001_Granica obuhvata", "list": "0_Granica obuhvata_ID_DPU_DRACEVAC", "plan": "DPU radne zone Dračevac", "izvor": "DPU radne zone Dračevac (split.hr), vektorizirano iz PDF-a"}}, {"type": "Feature", "geometry": {"type": "Polygon", "coordinates": [[[16.4980987, 43.5277982], [16.4980751, 43.5277891], [16.4980751, 43.5277978], [16.4980987, 43.5277982]]]}, "properties": {"tema": "granica", "opis": "Granica obuhvata plana", "cad_sloj": "TPS_A001_Granica obuhvata", "list": "0_Granica obuhvata_ID_DPU_DRACEVAC", "plan": "DPU radne zone Dračevac", "izvor": "DPU radne zone Dračevac (split.hr), vektorizirano iz PDF-a"}}, {"type": "Feature", "geometry": {"type": "Polygon", "coordinates": [[[16.4980636, 43.5277887], [16.4980631, 43.5277978], [16.4980469, 43.5277883], [16.4980636, 43.5277887]]]}, "properties": {"tema": "granica", "opis": "Granica obuhvata plana", "cad_sloj": "TPS_A001_Granica obuhvata", "list": "0_Granica obuhvata_ID_DPU_DRACEVAC", "plan": "DPU radne zone Dračevac", "izvor": "DPU radne zone Dračevac (split.hr), vektorizirano iz PDF-a"}}, {"type": "Feature", "geometry": {"type": "Polygon", "coordinates": [[[16.4980631, 43.5277978], [16.4980469, 43.5277883], [16.4980463, 43.5277974], [16.4980631, 43.5277978]]]}, "properties": {"tema": "granica", "opis": "Granica obuhvata plana", "cad_sloj": "TPS_A001_Granica obuhvata", "list": "0_Granica obuhvata_ID_DPU_DRACEVAC", "plan": "DPU radne zone Dračevac", "izvor": "DPU radne zone Dračevac (split.hr), vektorizirano iz PDF-a"}}, {"type": "Feature", "geometry": {"type": "Polygon", "coordinates": [[[16.4980469, 43.5277883], [16.4980463, 43.5277974], [16.4980401, 43.5277883], [16.4980469, 43.5277883]]]}, "properties": {"tema": "granica", "opis": "Granica obuhvata plana", "cad_sloj": "TPS_A001_Granica obuhvata", "list": "0_Granica obuhvata_ID_DPU_DRACEVAC", "plan": "DPU radne zone Dračevac", "izvor": "DPU radne zone Dračevac (split.hr), vektorizirano iz PDF-a"}}, {"type": "Feature", "geometry": {"type": "Polygon", "coordinates": [[[16.4980463, 43.5277974], [16.4980401, 43.5277883], [16.4980395, 43.5277974], [16.4980463, 43.5277974]]]}, "properties": {"tema": "granica", "opis": "Granica obuhvata plana", "cad_sloj": "TPS_A001_Granica obuhvata", "list": "0_Granica obuhvata_ID_DPU_DRACEVAC", "plan": "DPU radne zone Dračevac", "izvor": "DPU radne zone Dračevac (split.hr), vektorizirano iz PDF-a"}}, {"type": "Feature", "geometry": {"type": "Polygon", "coordinates": [[[16.498028, 43.5277883], [16.498028, 43.5277974], [16.4980045, 43.5277883], [16.498028, 43.5277883]]]}, "properties": {"tema": "granica", "opis": "Granica obuhvata plana", "cad_sloj": "TPS_A001_Granica obuhvata", "list": "0_Granica obuhvata_ID_DPU_DRACEVAC", "plan": "DPU radne zone Dračevac", "izvor": "DPU radne zone Dračevac (split.hr), vektorizirano iz PDF-a"}}, {"type": "Feature", "geometry": {"type": "Polygon", "coordinates": [[[16.498028, 43.5277974], [16.4980045, 43.5277883], [16.4980045, 43.5277971], [16.498028, 43.5277974]]]}, "properties": {"tema": "granica", "opis": "Granica obuhvata plana", "cad_sloj": "TPS_A001_Granica obuhvata", "list": "0_Granica obuhvata_ID_DPU_DRACEVAC", "plan": "DPU radne zone Dračevac", "izvor": "DPU radne zone Dračevac (split.hr), vektorizirano iz PDF-a"}}, {"type": "Feature", "geometry": {"type": "Polygon", "coordinates": [[[16.497993, 43.5277879], [16.4979925, 43.5277971], [16.4979694, 43.5277879], [16.497993, 43.5277879]]]}, "properties": {"tema": "granica", "opis": "Granica obuhvata plana", "cad_sloj": "TPS_A001_Granica obuhvata", "list": "0_Granica obuhvata_ID_DPU_DRACEVAC", "plan": "DPU radne zone Dračevac", "izvor": "DPU radne zone Dračevac (split.hr), vektorizirano iz PDF-a"}}, {"type": "Feature", "geometry": {"type": "Polygon", "coordinates": [[[16.4979925, 43.5277971], [16.4979694, 43.5277879], [16.4979694, 43.5277967], [16.4979925, 43.5277971]]]}, "properties": {"tema": "granica", "opis": "Granica obuhvata plana", "cad_sloj": "TPS_A001_Granica obuhvata", "list": "0_Granica obuhvata_ID_DPU_DRACEVAC", "plan": "DPU radne zone Dračevac", "izvor": "DPU radne zone Dračevac (split.hr), vektorizirano iz PDF-a"}}, {"type": "Feature", "geometry": {"type": "Polygon", "coordinates": [[[16.4979574, 43.5277879], [16.4979574, 43.5277967], [16.4979339, 43.5277875], [16.4979574, 43.5277879]]]}, "properties": {"tema": "granica", "opis": "Granica obuhvata plana", "cad_sloj": "TPS_A001_Granica obuhvata", "list": "0_Granica obuhvata_ID_DPU_DRACEVAC", "plan": "DPU radne zone Dračevac", "izvor": "DPU radne zone Dračevac (split.hr), vektorizirano iz PDF-a"}}, {"type": "Feature", "geometry": {"type": "Polygon", "coordinates": [[[16.4979574, 43.5277967], [16.4979339, 43.5277875], [16.4979339, 43.5277967], [16.4979574, 43.5277967]]]}, "properties": {"tema": "granica", "opis": "Granica obuhvata plana", "cad_sloj": "TPS_A001_Granica obuhvata", "list": "0_Granica obuhvata_ID_DPU_DRACEVAC", "plan": "DPU radne zone Dračevac", "izvor": "DPU radne zone Dračevac (split.hr), vektorizirano iz PDF-a"}}, {"type": "Feature", "geometry": {"type": "Polygon", "coordinates": [[[16.4979224, 43.5277875], [16.4979224, 43.5277967], [16.4978988, 43.5277872], [16.4979224, 43.5277875]]]}, "properties": {"tema": "granica", "opis": "Granica obuhvata plana", "cad_sloj": "TPS_A001_Granica obuhvata", "list": "0_Granica obuhvata_ID_DPU_DRACEVAC", "plan": "DPU radne zone Dračevac", "izvor": "DPU radne zone Dračevac (split.hr), vektorizirano iz PDF-a"}}, {"type": "Feature", "geometry": {"type": "Polygon", "coordinates": [[[16.4979224, 43.5277967], [16.4978988, 43.5277872], [16.4978988, 43.5277963], [16.4979224, 43.5277967]]]}, "properties": {"tema": "granica", "opis": "Granica obuhvata plana", "cad_sloj": "TPS_A001_Granica obuhvata", "list": "0_Granica obuhvata_ID_DPU_DRACEVAC", "plan": "DPU radne zone Dračevac", "izvor": "DPU radne zone Dračevac (split.hr), vektorizirano iz PDF-a"}}, {"type": "Feature", "geometry": {"type": "Polygon", "coordinates": [[[16.4978873, 43.5277872], [16.4978868, 43.5277963], [16.4978638, 43.5277872], [16.4978873, 43.5277872]]]}, "properties": {"tema": "granica", "opis": "Granica obuhvata plana", "cad_sloj": "TPS_A001_Granica obuhvata", "list": "0_Granica obuhvata_ID_DPU_DRACEVAC", "plan": "DPU radne zone Dračevac", "izvor": "DPU radne zone Dračevac (split.hr), vektorizirano iz PDF-a"}}, {"type": "Feature", "geometry": {"type": "Polygon", "coordinates": [[[16.4978868, 43.5277963], [16.4978638, 43.5277872], [16.4978638, 43.5277959], [16.4978868, 43.5277963]]]}, "properties": {"tema": "granica", "opis": "Granica obuhvata plana", "cad_sloj": "TPS_A001_Granica obuhvata", "list": "0_Granica obuhvata_ID_DPU_DRACEVAC", "plan": "DPU radne zone Dračevac", "izvor": "DPU radne zone Dračevac (split.hr), vektorizirano iz PDF-a"}}, {"type": "Feature", "geometry": {"type": "Polygon", "coordinates": [[[16.4978517, 43.5277868], [16.4978517, 43.5277959], [16.4978481, 43.5277868], [16.4978517, 43.5277868]]]}, "properties": {"tema": "granica", "opis": "Granica obuhvata plana", "cad_sloj": "TPS_A001_Granica obuhvata", "list": "0_Granica obuhvata_ID_DPU_DRACEVAC", "plan": "DPU radne zone Dračevac", "izvor": "DPU radne zone Dračevac (split.hr), vektorizirano iz PDF-a"}}, {"type": "Feature", "geometry": {"type": "Polygon", "coordinates": [[[16.4978517, 43.5277959], [16.4978481, 43.5277868], [16.4978481, 43.5277959], [16.4978517, 43.5277959]]]}, "properties": {"tema": "granica", "opis": "Granica obuhvata plana", "cad_sloj": "TPS_A001_Granica obuhvata", "list": "0_Granica obuhvata_ID_DPU_DRACEVAC", "plan": "DPU radne zone Dračevac", "izvor": "DPU radne zone Dračevac (split.hr), vektorizirano iz PDF-a"}}, {"type": "Feature", "geometry": {"type": "Polygon", "coordinates": [[[16.4978481, 43.5277868], [16.4978481, 43.5277959], [16.4978282, 43.5277868], [16.4978481, 43.5277868]]]}, "properties": {"tema": "granica", "opis": "Granica obuhvata plana", "cad_sloj": "TPS_A001_Granica obuhvata", "list": "0_Granica obuhvata_ID_DPU_DRACEVAC", "plan": "DPU radne zone Dračevac", "izvor": "DPU radne zone Dračevac (split.hr), vektorizirano iz PDF-a"}}, {"type": "Feature", "geometry": {"type": "Polygon", "coordinates": [[[16.4978481, 43.5277959], [16.4978282, 43.5277868], [16.4978282, 43.5277959], [16.4978481, 43.5277959]]]}, "properties": {"tema": "granica", "opis": "Granica obuhvata plana", "cad_sloj": "TPS_A001_Granica obuhvata", "list": "0_Granica obuhvata_ID_DPU_DRACEVAC", "plan": "DPU radne zone Dračevac", "izvor": "DPU radne zone Dračevac (split.hr), vektorizirano iz PDF-a"}}, {"type": "Feature", "geometry": {"type": "Polygon", "coordinates": [[[16.4978167, 43.5277868], [16.4978167, 43.5277959], [16.4977932, 43.5277868], [16.4978167, 43.5277868]]]}, "properties": {"tema": "granica", "opis": "Granica obuhvata plana", "cad_sloj": "TPS_A001_Granica obuhvata", "list": "0_Granica obuhvata_ID_DPU_DRACEVAC", "plan": "DPU radne zone Dračevac", "izvor": "DPU radne zone Dračevac (split.hr), vektorizirano iz PDF-a"}}, {"type": "Feature", "geometry": {"type": "Polygon", "coordinates": [[[16.4978167, 43.5277959], [16.4977932, 43.5277868], [16.4977932, 43.5277959], [16.4978167, 43.5277959]]]}, "properties": {"tema": "granica", "opis": "Granica obuhvata plana", "cad_sloj": "TPS_A001_Granica obuhvata", "list": "0_Granica obuhvata_ID_DPU_DRACEVAC", "plan": "DPU radne zone Dračevac", "izvor": "DPU radne zone Dračevac (split.hr), vektorizirano iz PDF-a"}}, {"type": "Feature", "geometry": {"type": "Polygon", "coordinates": [[[16.4977811, 43.5277868], [16.4977811, 43.5277959], [16.4977576, 43.5277868], [16.4977811, 43.5277868]]]}, "properties": {"tema": "granica", "opis": "Granica obuhvata plana", "cad_sloj": "TPS_A001_Granica obuhvata", "list": "0_Granica obuhvata_ID_DPU_DRACEVAC", "plan": "DPU radne zone Dračevac", "izvor": "DPU radne zone Dračevac (split.hr), vektorizirano iz PDF-a"}}, {"type": "Feature", "geometry": {"type": "Polygon", "coordinates": [[[16.4977811, 43.5277959], [16.4977576, 43.5277868], [16.4977576, 43.5277959], [16.4977811, 43.5277959]]]}, "properties": {"tema": "granica", "opis": "Granica obuhvata plana", "cad_sloj": "TPS_A001_Granica obuhvata", "list": "0_Granica obuhvata_ID_DPU_DRACEVAC", "plan": "DPU radne zone Dračevac", "izvor": "DPU radne zone Dračevac (split.hr), vektorizirano iz PDF-a"}}, {"type": "Feature", "geometry": {"type": "Polygon", "coordinates": [[[16.4977461, 43.5277868], [16.4977461, 43.5277959], [16.4977225, 43.5277868], [16.4977461, 43.5277868]]]}, "properties": {"tema": "granica", "opis": "Granica obuhvata plana", "cad_sloj": "TPS_A001_Granica obuhvata", "list": "0_Granica obuhvata_ID_DPU_DRACEVAC", "plan": "DPU radne zone Dračevac", "izvor": "DPU radne zone Dračevac (split.hr), vektorizirano iz PDF-a"}}, {"type": "Feature", "geometry": {"type": "Polygon", "coordinates": [[[16.4977461, 43.5277959], [16.4977225, 43.5277868], [16.4977225, 43.5277959], [16.4977461, 43.5277959]]]}, "properties": {"tema": "granica", "opis": "Granica obuhvata plana", "cad_sloj": "TPS_A001_Granica obuhvata", "list": "0_Granica obuhvata_ID_DPU_DRACEVAC", "plan": "DPU radne zone Dračevac", "izvor": "DPU radne zone Dračevac (split.hr), vektorizirano iz PDF-a"}}, {"type": "Feature", "geometry": {"type": "Polygon", "coordinates": [[[16.497711, 43.5277868], [16.497711, 43.5277959], [16.4976875, 43.5277868], [16.497711, 43.5277868]]]}, "properties": {"tema": "granica", "opis": "Granica obuhvata plana", "cad_sloj": "TPS_A001_Granica obuhvata", "list": "0_Granica obuhvata_ID_DPU_DRACEVAC", "plan": "DPU radne zone Dračevac", "izvor": "DPU radne zone Dračevac (split.hr), vektorizirano iz PDF-a"}}, {"type": "Feature", "geometry": {"type": "Polygon", "coordinates": [[[16.497711, 43.5277959], [16.4976875, 43.5277868], [16.4976875, 43.5277959], [16.497711, 43.5277959]]]}, "properties": {"tema": "granica", "opis": "Granica obuhvata plana", "cad_sloj": "TPS_A001_Granica obuhvata", "list": "0_Granica obuhvata_ID_DPU_DRACEVAC", "plan": "DPU radne zone Dračevac", "izvor": "DPU radne zone Dračevac (split.hr), vektorizirano iz PDF-a"}}, {"type": "Feature", "geometry": {"type": "Polygon", "coordinates": [[[16.4976755, 43.5277868], [16.4976755, 43.5277959], [16.4976519, 43.5277868], [16.4976755, 43.5277868]]]}, "properties": {"tema": "granica", "opis": "Granica obuhvata plana", "cad_sloj": "TPS_A001_Granica obuhvata", "list": "0_Granica obuhvata_ID_DPU_DRACEVAC", "plan": "DPU radne zone Dračevac", "izvor": "DPU radne zone Dračevac (split.hr), vektorizirano iz PDF-a"}}, {"type": "Feature", "geometry": {"type": "Polygon", "coordinates": [[[16.4976755, 43.5277959], [16.4976519, 43.5277868], [16.4976519, 43.5277959], [16.4976755, 43.5277959]]]}, "properties": {"tema": "granica", "opis": "Granica obuhvata plana", "cad_sloj": "TPS_A001_Granica obuhvata", "list": "0_Granica obuhvata_ID_DPU_DRACEVAC", "plan": "DPU radne zone Dračevac", "izvor": "DPU radne zone Dračevac (split.hr), vektorizirano iz PDF-a"}}, {"type": "Feature", "geometry": {"type": "Polygon", "coordinates": [[[16.4976404, 43.5277872], [16.4976404, 43.5277959], [16.4976169, 43.5277872], [16.4976404, 43.5277872]]]}, "properties": {"tema": "granica", "opis": "Granica obuhvata plana", "cad_sloj": "TPS_A001_Granica obuhvata", "list": "0_Granica obuhvata_ID_DPU_DRACEVAC", "plan": "DPU radne zone Dračevac", "izvor": "DPU radne zone Dračevac (split.hr), vektorizirano iz PDF-a"}}, {"type": "Feature", "geometry": {"type": "Polygon", "coordinates": [[[16.4976404, 43.5277959], [16.4976169, 43.5277872], [16.4976169, 43.5277963], [16.4976404, 43.5277959]]]}, "properties": {"tema": "granica", "opis": "Granica obuhvata plana", "cad_sloj": "TPS_A001_Granica obuhvata", "list": "0_Granica obuhvata_ID_DPU_DRACEVAC", "plan": "DPU radne zone Dračevac", "izvor": "DPU radne zone Dračevac (split.hr), vektorizirano iz PDF-a"}}, {"type": "Feature", "geometry": {"type": "Polygon", "coordinates": [[[16.4976048, 43.5277872], [16.4976054, 43.5277963], [16.4975813, 43.5277875], [16.4976048, 43.5277872]]]}, "properties": {"tema": "granica", "opis": "Granica obuhvata plana", "cad_sloj": "TPS_A001_Granica obuhvata", "list": "0_Granica obuhvata_ID_DPU_DRACEVAC", "plan": "DPU radne zone Dračevac", "izvor": "DPU radne zone Dračevac (split.hr), vektorizirano iz PDF-a"}}, {"type": "Feature", "geometry": {"type": "Polygon", "coordinates": [[[16.4976054, 43.5277963], [16.4975813, 43.5277875], [16.4975818, 43.5277963], [16.4976054, 43.5277963]]]}, "properties": {"tema": "granica", "opis": "Granica obuhvata plana", "cad_sloj": "TPS_A001_Granica obuhvata", "list": "0_Granica obuhvata_ID_DPU_DRACEVAC", "plan": "DPU radne zone Dračevac", "izvor": "DPU radne zone Dračevac (split.hr), vektorizirano iz PDF-a"}}, {"type": "Feature", "geometry": {"type": "Polygon", "coordinates": [[[16.4975698, 43.5277875], [16.4975698, 43.5277967], [16.4975462, 43.5277879], [16.4975698, 43.5277875]]]}, "properties": {"tema": "granica", "opis": "Granica obuhvata plana", "cad_sloj": "TPS_A001_Granica obuhvata", "list": "0_Granica obuhvata_ID_DPU_DRACEVAC", "plan": "DPU radne zone Dračevac", "izvor": "DPU radne zone Dračevac (split.hr), vektorizirano iz PDF-a"}}, {"type": "Feature", "geometry": {"type": "Polygon", "coordinates": [[[16.4975698, 43.5277967], [16.4975462, 43.5277879], [16.4975462, 43.5277967], [16.4975698, 43.5277967]]]}, "properties": {"tema": "granica", "opis": "Granica obuhvata plana", "cad_sloj": "TPS_A001_Granica obuhvata", "list": "0_Granica obuhvata_ID_DPU_DRACEVAC", "plan": "DPU radne zone Dračevac", "izvor": "DPU radne zone Dračevac (split.hr), vektorizirano iz PDF-a"}}, {"type": "Feature", "geometry": {"type": "Polygon", "coordinates": [[[16.4975347, 43.5277879], [16.4975347, 43.5277967], [16.4975112, 43.5277879], [16.4975347, 43.5277879]]]}, "properties": {"tema": "granica", "opis": "Granica obuhvata plana", "cad_sloj": "TPS_A001_Granica obuhvata", "list": "0_Granica obuhvata_ID_DPU_DRACEVAC", "plan": "DPU radne zone Dračevac", "izvor": "DPU radne zone Dračevac (split.hr), vektorizirano iz PDF-a"}}, {"type": "Feature", "geometry": {"type": "Polygon", "coordinates": [[[16.4975347, 43.5277967], [16.4975112, 43.5277879], [16.4975112, 43.5277971], [16.4975347, 43.5277967]]]}, "properties": {"tema": "granica", "opis": "Granica obuhvata plana", "cad_sloj": "TPS_A001_Granica obuhvata", "list": "0_Granica obuhvata_ID_DPU_DRACEVAC", "plan": "DPU radne zone Dračevac", "izvor": "DPU radne zone Dračevac (split.hr), vektorizirano iz PDF-a"}}, {"type": "Feature", "geometry": {"type": "Polygon", "coordinates": [[[16.4974992, 43.5277883], [16.4974997, 43.5277971], [16.4974756, 43.5277883], [16.4974992, 43.5277883]]]}, "properties": {"tema": "granica", "opis": "Granica obuhvata plana", "cad_sloj": "TPS_A001_Granica obuhvata", "list": "0_Granica obuhvata_ID_DPU_DRACEVAC", "plan": "DPU radne zone Dračevac", "izvor": "DPU radne zone Dračevac (split.hr), vektorizirano iz PDF-a"}}, {"type": "Feature", "geometry": {"type": "Polygon", "coordinates": [[[16.4974997, 43.5277971], [16.4974756, 43.5277883], [16.4974761, 43.5277974], [16.4974997, 43.5277971]]]}, "properties": {"tema": "granica", "opis": "Granica obuhvata plana", "cad_sloj": "TPS_A001_Granica obuhvata", "list": "0_Granica obuhvata_ID_DPU_DRACEVAC", "plan": "DPU radne zone Dračevac", "izvor": "DPU radne zone Dračevac (split.hr), vektorizirano iz PDF-a"}}, {"type": "Feature", "geometry": {"type": "Polygon", "coordinates": [[[16.4974641, 43.5277883], [16.4974641, 43.5277974], [16.4974516, 43.5277887], [16.4974641, 43.5277883]]]}, "properties": {"tema": "granica", "opis": "Granica obuhvata plana", "cad_sloj": "TPS_A001_Granica obuhvata", "list": "0_Granica obuhvata_ID_DPU_DRACEVAC", "plan": "DPU radne zone Dračevac", "izvor": "DPU radne zone Dračevac (split.hr), vektorizirano iz PDF-a"}}, {"type": "Feature", "geometry": {"type": "Polygon", "coordinates": [[[16.4974641, 43.5277974], [16.4974516, 43.5277887], [16.4974516, 43.5277974], [16.4974641, 43.5277974]]]}, "properties": {"tema": "granica", "opis": "Granica obuhvata plana", "cad_sloj": "TPS_A001_Granica obuhvata", "list": "0_Granica obuhvata_ID_DPU_DRACEVAC", "plan": "DPU radne zone Dračevac", "izvor": "DPU radne zone Dračevac (split.hr), vektorizirano iz PDF-a"}}, {"type": "Feature", "geometry": {"type": "Polygon", "coordinates": [[[16.4974516, 43.5277887], [16.4974516, 43.5277974], [16.4974406, 43.5277887], [16.4974516, 43.5277887]]]}, "properties": {"tema": "granica", "opis": "Granica obuhvata plana", "cad_sloj": "TPS_A001_Granica obuhvata", "list": "0_Granica obuhvata_ID_DPU_DRACEVAC", "plan": "DPU radne zone Dračevac", "izvor": "DPU radne zone Dračevac (split.hr), vektorizirano iz PDF-a"}}, {"type": "Feature", "geometry": {"type": "Polygon", "coordinates": [[[16.4974516, 43.5277974], [16.4974406, 43.5277887], [16.4974406, 43.5277978], [16.4974516, 43.5277974]]]}, "properties": {"tema": "granica", "opis": "Granica obuhvata plana", "cad_sloj": "TPS_A001_Granica obuhvata", "list": "0_Granica obuhvata_ID_DPU_DRACEVAC", "plan": "DPU radne zone Dračevac", "izvor": "DPU radne zone Dračevac (split.hr), vektorizirano iz PDF-a"}}, {"type": "Feature", "geometry": {"type": "Polygon", "coordinates": [[[16.4974285, 43.5277887], [16.4974291, 43.5277978], [16.497405, 43.5277891], [16.4974285, 43.5277887]]]}, "properties": {"tema": "granica", "opis": "Granica obuhvata plana", "cad_sloj": "TPS_A001_Granica obuhvata", "list": "0_Granica obuhvata_ID_DPU_DRACEVAC", "plan": "DPU radne zone Dračevac", "izvor": "DPU radne zone Dračevac (split.hr), vektorizirano iz PDF-a"}}, {"type": "Feature", "geometry": {"type": "Polygon", "coordinates": [[[16.4974291, 43.5277978], [16.497405, 43.5277891], [16.4974055, 43.5277982], [16.4974291, 43.5277978]]]}, "properties": {"tema": "granica", "opis": "Granica obuhvata plana", "cad_sloj": "TPS_A001_Granica obuhvata", "list": "0_Granica obuhvata_ID_DPU_DRACEVAC", "plan": "DPU radne zone Dračevac", "izvor": "DPU radne zone Dračevac (split.hr), vektorizirano iz PDF-a"}}, {"type": "Feature", "geometry": {"type": "Polygon", "coordinates": [[[16.4973935, 43.5277894], [16.4973935, 43.5277986], [16.49737, 43.5277898], [16.4973935, 43.5277894]]]}, "properties": {"tema": "granica", "opis": "Granica obuhvata plana", "cad_sloj": "TPS_A001_Granica obuhvata", "list": "0_Granica obuhvata_ID_DPU_DRACEVAC", "plan": "DPU radne zone Dračevac", "izvor": "DPU radne zone Dračevac (split.hr), vektorizirano iz PDF-a"}}, {"type": "Feature", "geometry": {"type": "Polygon", "coordinates": [[[16.4973935, 43.5277986], [16.49737, 43.5277898], [16.4973705, 43.527799], [16.4973935, 43.5277986]]]}, "properties": {"tema": "granica", "opis": "Granica obuhvata plana", "cad_sloj": "TPS_A001_Granica obuhvata", "list": "0_Granica obuhvata_ID_DPU_DRACEVAC", "plan": "DPU radne zone Dračevac", "izvor": "DPU radne zone Dračevac (split.hr), vektorizirano iz PDF-a"}}, {"type": "Feature", "geometry": {"type": "Polygon", "coordinates": [[[16.4973584, 43.5277898], [16.4973584, 43.527799], [16.4973349, 43.5277902], [16.4973584, 43.5277898]]]}, "properties": {"tema": "granica", "opis": "Granica obuhvata plana", "cad_sloj": "TPS_A001_Granica obuhvata", "list": "0_Granica obuhvata_ID_DPU_DRACEVAC", "plan": "DPU radne zone Dračevac", "izvor": "DPU radne zone Dračevac (split.hr), vektorizirano iz PDF-a"}}, {"type": "Feature", "geometry": {"type": "Polygon", "coordinates": [[[16.4973584, 43.527799], [16.4973349, 43.5277902], [16.4973349, 43.5277993], [16.4973584, 43.527799]]]}, "properties": {"tema": "granica", "opis": "Granica obuhvata plana", "cad_sloj": "TPS_A001_Granica obuhvata", "list": "0_Granica obuhvata_ID_DPU_DRACEVAC", "plan": "DPU radne zone Dračevac", "izvor": "DPU radne zone Dračevac (split.hr), vektorizirano iz PDF-a"}}, {"type": "Feature", "geometry": {"type": "Polygon", "coordinates": [[[16.4973229, 43.5277906], [16.4973234, 43.5277993], [16.4972993, 43.527791], [16.4973229, 43.5277906]]]}, "properties": {"tema": "granica", "opis": "Granica obuhvata plana", "cad_sloj": "TPS_A001_Granica obuhvata", "list": "0_Granica obuhvata_ID_DPU_DRACEVAC", "plan": "DPU radne zone Dračevac", "izvor": "DPU radne zone Dračevac (split.hr), vektorizirano iz PDF-a"}}, {"type": "Feature", "geometry": {"type": "Polygon", "coordinates": [[[16.4973234, 43.5277993], [16.4972993, 43.527791], [16.4972999, 43.5277997], [16.4973234, 43.5277993]]]}, "properties": {"tema": "granica", "opis": "Granica obuhvata plana", "cad_sloj": "TPS_A001_Granica obuhvata", "list": "0_Granica obuhvata_ID_DPU_DRACEVAC", "plan": "DPU radne zone Dračevac", "izvor": "DPU radne zone Dračevac (split.hr), vektorizirano iz PDF-a"}}, {"type": "Feature", "geometry": {"type": "Polygon", "coordinates": [[[16.4972878, 43.527791], [16.4972878, 43.5278001], [16.4972643, 43.5277913], [16.4972878, 43.527791]]]}, "properties": {"tema": "granica", "opis": "Granica obuhvata plana", "cad_sloj": "TPS_A001_Granica obuhvata", "list": "0_Granica obuhvata_ID_DPU_DRACEVAC", "plan": "DPU radne zone Dračevac", "izvor": "DPU radne zone Dračevac (split.hr), vektorizirano iz PDF-a"}}, {"type": "Feature", "geometry": {"type": "Polygon", "coordinates": [[[16.4972878, 43.5278001], [16.4972643, 43.5277913], [16.4972648, 43.5278005], [16.4972878, 43.5278001]]]}, "properties": {"tema": "granica", "opis": "Granica obuhvata plana", "cad_sloj": "TPS_A001_Granica obuhvata", "list": "0_Granica obuhvata_ID_DPU_DRACEVAC", "plan": "DPU radne zone Dračevac", "izvor": "DPU radne zone Dračevac (split.hr), vektorizirano iz PDF-a"}}, {"type": "Feature", "geometry": {"type": "Polygon", "coordinates": [[[16.4972523, 43.5277917], [16.4972528, 43.5278005], [16.4972292, 43.5277921], [16.4972523, 43.5277917]]]}, "properties": {"tema": "granica", "opis": "Granica obuhvata plana", "cad_sloj": "TPS_A001_Granica obuhvata", "list": "0_Granica obuhvata_ID_DPU_DRACEVAC", "plan": "DPU radne zone Dračevac", "izvor": "DPU radne zone Dračevac (split.hr), vektorizirano iz PDF-a"}}, {"type": "Feature", "geometry": {"type": "Polygon", "coordinates": [[[16.4972528, 43.5278005], [16.4972292, 43.5277921], [16.4972292, 43.5278012], [16.4972528, 43.5278005]]]}, "properties": {"tema": "granica", "opis": "Granica obuhvata plana", "cad_sloj": "TPS_A001_Granica obuhvata", "list": "0_Granica obuhvata_ID_DPU_DRACEVAC", "plan": "DPU radne zone Dračevac", "izvor": "DPU radne zone Dračevac (split.hr), vektorizirano iz PDF-a"}}, {"type": "Feature", "geometry": {"type": "Polygon", "coordinates": [[[16.4972172, 43.5277925], [16.4972177, 43.5278016], [16.4971937, 43.5277929], [16.4972172, 43.5277925]]]}, "properties": {"tema": "granica", "opis": "Granica obuhvata plana", "cad_sloj": "TPS_A001_Granica obuhvata", "list": "0_Granica obuhvata_ID_DPU_DRACEVAC", "plan": "DPU radne zone Dračevac", "izvor": "DPU radne zone Dračevac (split.hr), vektorizirano iz PDF-a"}}, {"type": "Feature", "geometry": {"type": "Polygon", "coordinates": [[[16.4972177, 43.5278016], [16.4971937, 43.5277929], [16.4971942, 43.527802], [16.4972177, 43.5278016]]]}, "properties": {"tema": "granica", "opis": "Granica obuhvata plana", "cad_sloj": "TPS_A001_Granica obuhvata", "list": "0_Granica obuhvata_ID_DPU_DRACEVAC", "plan": "DPU radne zone Dračevac", "izvor": "DPU radne zone Dračevac (split.hr), vektorizirano iz PDF-a"}}, {"type": "Feature", "geometry": {"type": "Polygon", "coordinates": [[[16.4971822, 43.5277932], [16.4971822, 43.5278024], [16.4971586, 43.527794], [16.4971822, 43.5277932]]]}, "properties": {"tema": "granica", "opis": "Granica obuhvata plana", "cad_sloj": "TPS_A001_Granica obuhvata", "list": "0_Granica obuhvata_ID_DPU_DRACEVAC", "plan": "DPU radne zone Dračevac", "izvor": "DPU radne zone Dračevac (split.hr), vektorizirano iz PDF-a"}}, {"type": "Feature", "geometry": {"type": "Polygon", "coordinates": [[[16.4971822, 43.5278024], [16.4971586, 43.527794], [16.4971591, 43.5278028], [16.4971822, 43.5278024]]]}, "properties": {"tema": "granica", "opis": "Granica obuhvata plana", "cad_sloj": "TPS_A001_Granica obuhvata", "list": "0_Granica obuhvata_ID_DPU_DRACEVAC", "plan": "DPU radne zone Dračevac", "izvor": "DPU radne zone Dračevac (split.hr), vektorizirano iz PDF-a"}}, {"type": "Feature", "geometry": {"type": "Polygon", "coordinates": [[[16.4971466, 43.527794], [16.4971471, 43.5278031], [16.497123, 43.5277948], [16.4971466, 43.527794]]]}, "properties": {"tema": "granica", "opis": "Granica obuhvata plana", "cad_sloj": "TPS_A001_Granica obuhvata", "list": "0_Granica obuhvata_ID_DPU_DRACEVAC", "plan": "DPU radne zone Dračevac", "izvor": "DPU radne zone Dračevac (split.hr), vektorizirano iz PDF-a"}}, {"type": "Feature", "geometry": {"type": "Polygon", "coordinates": [[[16.4971471, 43.5278031], [16.497123, 43.5277948], [16.4971236, 43.5278035], [16.4971471, 43.5278031]]]}, "properties": {"tema": "granica", "opis": "Granica obuhvata plana", "cad_sloj": "TPS_A001_Granica obuhvata", "list": "0_Granica obuhvata_ID_DPU_DRACEVAC", "plan": "DPU radne zone Dračevac", "izvor": "DPU radne zone Dračevac (split.hr), vektorizirano iz PDF-a"}}, {"type": "Feature", "geometry": {"type": "Polygon", "coordinates": [[[16.4971115, 43.5277948], [16.4971121, 43.5278039], [16.497088, 43.5277955], [16.4971115, 43.5277948]]]}, "properties": {"tema": "granica", "opis": "Granica obuhvata plana", "cad_sloj": "TPS_A001_Granica obuhvata", "list": "0_Granica obuhvata_ID_DPU_DRACEVAC", "plan": "DPU radne zone Dračevac", "izvor": "DPU radne zone Dračevac (split.hr), vektorizirano iz PDF-a"}}, {"type": "Feature", "geometry": {"type": "Polygon", "coordinates": [[[16.4971121, 43.5278039], [16.497088, 43.5277955], [16.4970885, 43.5278043], [16.4971121, 43.5278039]]]}, "properties": {"tema": "granica", "opis": "Granica obuhvata plana", "cad_sloj": "TPS_A001_Granica obuhvata", "list": "0_Granica obuhvata_ID_DPU_DRACEVAC", "plan": "DPU radne zone Dračevac", "izvor": "DPU radne zone Dračevac (split.hr), vektorizirano iz PDF-a"}}, {"type": "Feature", "geometry": {"type": "Polygon", "coordinates": [[[16.4970765, 43.5277959], [16.497077, 43.5278047], [16.4970545, 43.5277963], [16.4970765, 43.5277959]]]}, "properties": {"tema": "granica", "opis": "Granica obuhvata plana", "cad_sloj": "TPS_A001_Granica obuhvata", "list": "0_Granica obuhvata_ID_DPU_DRACEVAC", "plan": "DPU radne zone Dračevac", "izvor": "DPU radne zone Dračevac (split.hr), vektorizirano iz PDF-a"}}, {"type": "Feature", "geometry": {"type": "Polygon", "coordinates": [[[16.497077, 43.5278047], [16.4970545, 43.5277963], [16.497055, 43.5278054], [16.497077, 43.5278047]]]}, "properties": {"tema": "granica", "opis": "Granica obuhvata plana", "cad_sloj": "TPS_A001_Granica obuhvata", "list": "0_Granica obuhvata_ID_DPU_DRACEVAC", "plan": "DPU radne zone Dračevac", "izvor": "DPU radne zone Dračevac (split.hr), vektorizirano iz PDF-a"}}, {"type": "Feature", "geometry": {"type": "Polygon", "coordinates": [[[16.4970409, 43.5277967], [16.4970414, 43.5278058], [16.4970174, 43.5277974], [16.4970409, 43.5277967]]]}, "properties": {"tema": "granica", "opis": "Granica obuhvata plana", "cad_sloj": "TPS_A001_Granica obuhvata", "list": "0_Granica obuhvata_ID_DPU_DRACEVAC", "plan": "DPU radne zone Dračevac", "izvor": "DPU radne zone Dračevac (split.hr), vektorizirano iz PDF-a"}}, {"type": "Feature", "geometry": {"type": "Polygon", "coordinates": [[[16.4970414, 43.5278058], [16.4970174, 43.5277974], [16.4970179, 43.5278066], [16.4970414, 43.5278058]]]}, "properties": {"tema": "granica", "opis": "Granica obuhvata plana", "cad_sloj": "TPS_A001_Granica obuhvata", "list": "0_Granica obuhvata_ID_DPU_DRACEVAC", "plan": "DPU radne zone Dračevac", "izvor": "DPU radne zone Dračevac (split.hr), vektorizirano iz PDF-a"}}, {"type": "Feature", "geometry": {"type": "Polygon", "coordinates": [[[16.4970059, 43.5277978], [16.4970064, 43.5278069], [16.4969823, 43.5277986], [16.4970059, 43.5277978]]]}, "properties": {"tema": "granica", "opis": "Granica obuhvata plana", "cad_sloj": "TPS_A001_Granica obuhvata", "list": "0_Granica obuhvata_ID_DPU_DRACEVAC", "plan": "DPU radne zone Dračevac", "izvor": "DPU radne zone Dračevac (split.hr), vektorizirano iz PDF-a"}}, {"type": "Feature", "geometry": {"type": "Polygon", "coordinates": [[[16.4970064, 43.5278069], [16.4969823, 43.5277986], [16.4969828, 43.5278073], [16.4970064, 43.5278069]]]}, "properties": {"tema": "granica", "opis": "Granica obuhvata plana", "cad_sloj": "TPS_A001_Granica obuhvata", "list": "0_Granica obuhvata_ID_DPU_DRACEVAC", "plan": "DPU radne zone Dračevac", "izvor": "DPU radne zone Dračevac (split.hr), vektorizirano iz PDF-a"}}, {"type": "Feature", "geometry": {"type": "Polygon", "coordinates": [[[16.4969708, 43.5277989], [16.4969713, 43.5278077], [16.4969473, 43.5277997], [16.4969708, 43.5277989]]]}, "properties": {"tema": "granica", "opis": "Granica obuhvata plana", "cad_sloj": "TPS_A001_Granica obuhvata", "list": "0_Granica obuhvata_ID_DPU_DRACEVAC", "plan": "DPU radne zone Dračevac", "izvor": "DPU radne zone Dračevac (split.hr), vektorizirano iz PDF-a"}}, {"type": "Feature", "geometry": {"type": "Polygon", "coordinates": [[[16.4969713, 43.5278077], [16.4969473, 43.5277997], [16.4969478, 43.5278085], [16.4969713, 43.5278077]]]}, "properties": {"tema": "granica", "opis": "Granica obuhvata plana", "cad_sloj": "TPS_A001_Granica obuhvata", "list": "0_Granica obuhvata_ID_DPU_DRACEVAC", "plan": "DPU radne zone Dračevac", "izvor": "DPU radne zone Dračevac (split.hr), vektorizirano iz PDF-a"}}, {"type": "Feature", "geometry": {"type": "Polygon", "coordinates": [[[16.4969352, 43.5278001], [16.4969358, 43.5278088], [16.4969117, 43.5278008], [16.4969352, 43.5278001]]]}, "properties": {"tema": "granica", "opis": "Granica obuhvata plana", "cad_sloj": "TPS_A001_Granica obuhvata", "list": "0_Granica obuhvata_ID_DPU_DRACEVAC", "plan": "DPU radne zone Dračevac", "izvor": "DPU radne zone Dračevac (split.hr), vektorizirano iz PDF-a"}}, {"type": "Feature", "geometry": {"type": "Polygon", "coordinates": [[[16.4969358, 43.5278088], [16.4969117, 43.5278008], [16.4969122, 43.5278096], [16.4969358, 43.5278088]]]}, "properties": {"tema": "granica", "opis": "Granica obuhvata plana", "cad_sloj": "TPS_A001_Granica obuhvata", "list": "0_Granica obuhvata_ID_DPU_DRACEVAC", "plan": "DPU radne zone Dračevac", "izvor": "DPU radne zone Dračevac (split.hr), vektorizirano iz PDF-a"}}, {"type": "Feature", "geometry": {"type": "Polygon", "coordinates": [[[16.4969002, 43.5278012], [16.4969007, 43.52781], [16.4968767, 43.527802], [16.4969002, 43.5278012]]]}, "properties": {"tema": "granica", "opis": "Granica obuhvata plana", "cad_sloj": "TPS_A001_Granica obuhvata", "list": "0_Granica obuhvata_ID_DPU_DRACEVAC", "plan": "DPU radne zone Dračevac", "izvor": "DPU radne zone Dračevac (split.hr), vektorizirano iz PDF-a"}}, {"type": "Feature", "geometry": {"type": "Polygon", "coordinates": [[[16.4969007, 43.52781], [16.4968767, 43.527802], [16.4968772, 43.5278107], [16.4969007, 43.52781]]]}, "properties": {"tema": "granica", "opis": "Granica obuhvata plana", "cad_sloj": "TPS_A001_Granica obuhvata", "list": "0_Granica obuhvata_ID_DPU_DRACEVAC", "plan": "DPU radne zone Dračevac", "izvor": "DPU radne zone Dračevac (split.hr), vektorizirano iz PDF-a"}}, {"type": "Feature", "geometry": {"type": "Polygon", "coordinates": [[[16.4968651, 43.5278024], [16.4968657, 43.5278111], [16.4968563, 43.5278024], [16.4968651, 43.5278024]]]}, "properties": {"tema": "granica", "opis": "Granica obuhvata plana", "cad_sloj": "TPS_A001_Granica obuhvata", "list": "0_Granica obuhvata_ID_DPU_DRACEVAC", "plan": "DPU radne zone Dračevac", "izvor": "DPU radne zone Dračevac (split.hr), vektorizirano iz PDF-a"}}, {"type": "Feature", "geometry": {"type": "Polygon", "coordinates": [[[16.4968657, 43.5278111], [16.4968563, 43.5278024], [16.4968568, 43.5278115], [16.4968657, 43.5278111]]]}, "properties": {"tema": "granica", "opis": "Granica obuhvata plana", "cad_sloj": "TPS_A001_Granica obuhvata", "list": "0_Granica obuhvata_ID_DPU_DRACEVAC", "plan": "DPU radne zone Dračevac", "izvor": "DPU radne zone Dračevac (split.hr), vektorizirano iz PDF-a"}}, {"type": "Feature", "geometry": {"type": "Polygon", "coordinates": [[[16.4968563, 43.5278024], [16.4968568, 43.5278115], [16.4968416, 43.5278031], [16.4968563, 43.5278024]]]}, "properties": {"tema": "granica", "opis": "Granica obuhvata plana", "cad_sloj": "TPS_A001_Granica obuhvata", "list": "0_Granica obuhvata_ID_DPU_DRACEVAC", "plan": "DPU radne zone Dračevac", "izvor": "DPU radne zone Dračevac (split.hr), vektorizirano iz PDF-a"}}, {"type": "Feature", "geometry": {"type": "Polygon", "coordinates": [[[16.4968568, 43.5278115], [16.4968416, 43.5278031], [16.4968421, 43.5278119], [16.4968568, 43.5278115]]]}, "properties": {"tema": "granica", "opis": "Granica obuhvata plana", "cad_sloj": "TPS_A001_Granica obuhvata", "list": "0_Granica obuhvata_ID_DPU_DRACEVAC", "plan": "DPU radne zone Dračevac", "izvor": "DPU radne zone Dračevac (split.hr), vektorizirano iz PDF-a"}}, {"type": "Feature", "geometry": {"type": "Polygon", "coordinates": [[[16.4968296, 43.5278035], [16.4968301, 43.5278126], [16.496806, 43.5278043], [16.4968296, 43.5278035]]]}, "properties": {"tema": "granica", "opis": "Granica obuhvata plana", "cad_sloj": "TPS_A001_Granica obuhvata", "list": "0_Granica obuhvata_ID_DPU_DRACEVAC", "plan": "DPU radne zone Dračevac", "izvor": "DPU radne zone Dračevac (split.hr), vektorizirano iz PDF-a"}}, {"type": "Feature", "geometry": {"type": "Polygon", "coordinates": [[[16.4968301, 43.5278126], [16.496806, 43.5278043], [16.4968071, 43.5278134], [16.4968301, 43.5278126]]]}, "properties": {"tema": "granica", "opis": "Granica obuhvata plana", "cad_sloj": "TPS_A001_Granica obuhvata", "list": "0_Granica obuhvata_ID_DPU_DRACEVAC", "plan": "DPU radne zone Dračevac", "izvor": "DPU radne zone Dračevac (split.hr), vektorizirano iz PDF-a"}}, {"type": "Feature", "geometry": {"type": "Polygon", "coordinates": [[[16.4967945, 43.527805], [16.496795, 43.5278138], [16.496771, 43.5278058], [16.4967945, 43.527805]]]}, "properties": {"tema": "granica", "opis": "Granica obuhvata plana", "cad_sloj": "TPS_A001_Granica obuhvata", "list": "0_Granica obuhvata_ID_DPU_DRACEVAC", "plan": "DPU radne zone Dračevac", "izvor": "DPU radne zone Dračevac (split.hr), vektorizirano iz PDF-a"}}, {"type": "Feature", "geometry": {"type": "Polygon", "coordinates": [[[16.496795, 43.5278138], [16.496771, 43.5278058], [16.4967715, 43.5278149], [16.496795, 43.5278138]]]}, "properties": {"tema": "granica", "opis": "Granica obuhvata plana", "cad_sloj": "TPS_A001_Granica obuhvata", "list": "0_Granica obuhvata_ID_DPU_DRACEVAC", "plan": "DPU radne zone Dračevac", "izvor": "DPU radne zone Dračevac (split.hr), vektorizirano iz PDF-a"}}, {"type": "Feature", "geometry": {"type": "Polygon", "coordinates": [[[16.4967595, 43.5278062], [16.49676, 43.5278153], [16.4967359, 43.5278073], [16.4967595, 43.5278062]]]}, "properties": {"tema": "granica", "opis": "Granica obuhvata plana", "cad_sloj": "TPS_A001_Granica obuhvata", "list": "0_Granica obuhvata_ID_DPU_DRACEVAC", "plan": "DPU radne zone Dračevac", "izvor": "DPU radne zone Dračevac (split.hr), vektorizirano iz PDF-a"}}, {"type": "Feature", "geometry": {"type": "Polygon", "coordinates": [[[16.49676, 43.5278153], [16.4967359, 43.5278073], [16.4967365, 43.5278161], [16.49676, 43.5278153]]]}, "properties": {"tema": "granica", "opis": "Granica obuhvata plana", "cad_sloj": "TPS_A001_Granica obuhvata", "list": "0_Granica obuhvata_ID_DPU_DRACEVAC", "plan": "DPU radne zone Dračevac", "izvor": "DPU radne zone Dračevac (split.hr), vektorizirano iz PDF-a"}}, {"type": "Feature", "geometry": {"type": "Polygon", "coordinates": [[[16.4967239, 43.5278077], [16.496725, 43.5278164], [16.4967004, 43.5278085], [16.4967239, 43.5278077]]]}, "properties": {"tema": "granica", "opis": "Granica obuhvata plana", "cad_sloj": "TPS_A001_Granica obuhvata", "list": "0_Granica obuhvata_ID_DPU_DRACEVAC", "plan": "DPU radne zone Dračevac", "izvor": "DPU radne zone Dračevac (split.hr), vektorizirano iz PDF-a"}}, {"type": "Feature", "geometry": {"type": "Polygon", "coordinates": [[[16.496725, 43.5278164], [16.4967004, 43.5278085], [16.4967014, 43.5278176], [16.496725, 43.5278164]]]}, "properties": {"tema": "granica", "opis": "Granica obuhvata plana", "cad_sloj": "TPS_A001_Granica obuhvata", "list": "0_Granica obuhvata_ID_DPU_DRACEVAC", "plan": "DPU radne zone Dračevac", "izvor": "DPU radne zone Dračevac (split.hr), vektorizirano iz PDF-a"}}, {"type": "Feature", "geometry": {"type": "Polygon", "coordinates": [[[16.4966889, 43.5278088], [16.4966894, 43.527818], [16.4966653, 43.52781], [16.4966889, 43.5278088]]]}, "properties": {"tema": "granica", "opis": "Granica obuhvata plana", "cad_sloj": "TPS_A001_Granica obuhvata", "list": "0_Granica obuhvata_ID_DPU_DRACEVAC", "plan": "DPU radne zone Dračevac", "izvor": "DPU radne zone Dračevac (split.hr), vektorizirano iz PDF-a"}}, {"type": "Feature", "geometry": {"type": "Polygon", "coordinates": [[[16.4966894, 43.527818], [16.4966653, 43.52781], [16.4966664, 43.5278187], [16.4966894, 43.527818]]]}, "properties": {"tema": "granica", "opis": "Granica obuhvata plana", "cad_sloj": "TPS_A001_Granica obuhvata", "list": "0_Granica obuhvata_ID_DPU_DRACEVAC", "plan": "DPU radne zone Dračevac", "izvor": "DPU radne zone Dračevac (split.hr), vektorizirano iz PDF-a"}}, {"type": "Feature", "geometry": {"type": "Polygon", "coordinates": [[[16.4966538, 43.5278104], [16.4966543, 43.5278195], [16.4966303, 43.5278115], [16.4966538, 43.5278104]]]}, "properties": {"tema": "granica", "opis": "Granica obuhvata plana", "cad_sloj": "TPS_A001_Granica obuhvata", "list": "0_Granica obuhvata_ID_DPU_DRACEVAC", "plan": "DPU radne zone Dračevac", "izvor": "DPU radne zone Dračevac (split.hr), vektorizirano iz PDF-a"}}, {"type": "Feature", "geometry": {"type": "Polygon", "coordinates": [[[16.4966543, 43.5278195], [16.4966303, 43.5278115], [16.4966308, 43.5278206], [16.4966543, 43.5278195]]]}, "properties": {"tema": "granica", "opis": "Granica obuhvata plana", "cad_sloj": "TPS_A001_Granica obuhvata", "list": "0_Granica obuhvata_ID_DPU_DRACEVAC", "plan": "DPU radne zone Dračevac", "izvor": "DPU radne zone Dračevac (split.hr), vektorizirano iz PDF-a"}}, {"type": "Feature", "geometry": {"type": "Polygon", "coordinates": [[[16.4966182, 43.5278119], [16.4966193, 43.527821], [16.4965952, 43.527813], [16.4966182, 43.5278119]]]}, "properties": {"tema": "granica", "opis": "Granica obuhvata plana", "cad_sloj": "TPS_A001_Granica obuhvata", "list": "0_Granica obuhvata_ID_DPU_DRACEVAC", "plan": "DPU radne zone Dračevac", "izvor": "DPU radne zone Dračevac (split.hr), vektorizirano iz PDF-a"}}, {"type": "Feature", "geometry": {"type": "Polygon", "coordinates": [[[16.4966193, 43.527821], [16.4965952, 43.527813], [16.4965957, 43.5278222], [16.4966193, 43.527821]]]}, "properties": {"tema": "granica", "opis": "Granica obuhvata plana", "cad_sloj": "TPS_A001_Granica obuhvata", "list": "0_Granica obuhvata_ID_DPU_DRACEVAC", "plan": "DPU radne zone Dračevac", "izvor": "DPU radne zone Dračevac (split.hr), vektorizirano iz PDF-a"}}, {"type": "Feature", "geometry": {"type": "Polygon", "coordinates": [[[16.4965832, 43.5278138], [16.4965842, 43.5278225], [16.4965596, 43.5278149], [16.4965832, 43.5278138]]]}, "properties": {"tema": "granica", "opis": "Granica obuhvata plana", "cad_sloj": "TPS_A001_Granica obuhvata", "list": "0_Granica obuhvata_ID_DPU_DRACEVAC", "plan": "DPU radne zone Dračevac", "izvor": "DPU radne zone Dračevac (split.hr), vektorizirano iz PDF-a"}}, {"type": "Feature", "geometry": {"type": "Polygon", "coordinates": [[[16.4965842, 43.5278225], [16.4965596, 43.5278149], [16.4965607, 43.5278237], [16.4965842, 43.5278225]]]}, "properties": {"tema": "granica", "opis": "Granica obuhvata plana", "cad_sloj": "TPS_A001_Granica obuhvata", "list": "0_Granica obuhvata_ID_DPU_DRACEVAC", "plan": "DPU radne zone Dračevac", "izvor": "DPU radne zone Dračevac (split.hr), vektorizirano iz PDF-a"}}, {"type": "Feature", "geometry": {"type": "Polygon", "coordinates": [[[16.4965481, 43.5278153], [16.4965492, 43.5278244], [16.4965246, 43.5278164], [16.4965481, 43.5278153]]]}, "properties": {"tema": "granica", "opis": "Granica obuhvata plana", "cad_sloj": "TPS_A001_Granica obuhvata", "list": "0_Granica obuhvata_ID_DPU_DRACEVAC", "plan": "DPU radne zone Dračevac", "izvor": "DPU radne zone Dračevac (split.hr), vektorizirano iz PDF-a"}}, {"type": "Feature", "geometry": {"type": "Polygon", "coordinates": [[[16.4965492, 43.5278244], [16.4965246, 43.5278164], [16.4965256, 43.5278256], [16.4965492, 43.5278244]]]}, "properties": {"tema": "granica", "opis": "Granica obuhvata plana", "cad_sloj": "TPS_A001_Granica obuhvata", "list": "0_Granica obuhvata_ID_DPU_DRACEVAC", "plan": "DPU radne zone Dračevac", "izvor": "DPU radne zone Dračevac (split.hr), vektorizirano iz PDF-a"}}, {"type": "Feature", "geometry": {"type": "Polygon", "coordinates": [[[16.4965131, 43.5278172], [16.4965136, 43.527826], [16.4964896, 43.527818], [16.4965131, 43.5278172]]]}, "properties": {"tema": "granica", "opis": "Granica obuhvata plana", "cad_sloj": "TPS_A001_Granica obuhvata", "list": "0_Granica obuhvata_ID_DPU_DRACEVAC", "plan": "DPU radne zone Dračevac", "izvor": "DPU radne zone Dračevac (split.hr), vektorizirano iz PDF-a"}}, {"type": "Feature", "geometry": {"type": "Polygon", "coordinates": [[[16.4965136, 43.527826], [16.4964896, 43.527818], [16.4964901, 43.5278271], [16.4965136, 43.527826]]]}, "properties": {"tema": "granica", "opis": "Granica obuhvata plana", "cad_sloj": "TPS_A001_Granica obuhvata", "list": "0_Granica obuhvata_ID_DPU_DRACEVAC", "plan": "DPU radne zone Dračevac", "izvor": "DPU radne zone Dračevac (split.hr), vektorizirano iz PDF-a"}}, {"type": "Feature", "geometry": {"type": "Polygon", "coordinates": [[[16.4964775, 43.5278187], [16.4964786, 43.5278275], [16.4964603, 43.5278195], [16.4964775, 43.5278187]]]}, "properties": {"tema": "granica", "opis": "Granica obuhvata plana", "cad_sloj": "TPS_A001_Granica obuhvata", "list": "0_Granica obuhvata_ID_DPU_DRACEVAC", "plan": "DPU radne zone Dračevac", "izvor": "DPU radne zone Dračevac (split.hr), vektorizirano iz PDF-a"}}, {"type": "Feature", "geometry": {"type": "Polygon", "coordinates": [[[16.4964786, 43.5278275], [16.4964603, 43.5278195], [16.4964608, 43.5278286], [16.4964786, 43.5278275]]]}, "properties": {"tema": "granica", "opis": "Granica obuhvata plana", "cad_sloj": "TPS_A001_Granica obuhvata", "list": "0_Granica obuhvata_ID_DPU_DRACEVAC", "plan": "DPU radne zone Dračevac", "izvor": "DPU radne zone Dračevac (split.hr), vektorizirano iz PDF-a"}}, {"type": "Feature", "geometry": {"type": "Polygon", "coordinates": [[[16.4964603, 43.5278195], [16.4964608, 43.5278286], [16.4964545, 43.5278199], [16.4964603, 43.5278195]]]}, "properties": {"tema": "granica", "opis": "Granica obuhvata plana", "cad_sloj": "TPS_A001_Granica obuhvata", "list": "0_Granica obuhvata_ID_DPU_DRACEVAC", "plan": "DPU radne zone Dračevac", "izvor": "DPU radne zone Dračevac (split.hr), vektorizirano iz PDF-a"}}, {"type": "Feature", "geometry": {"type": "Polygon", "coordinates": [[[16.4964608, 43.5278286], [16.4964545, 43.5278199], [16.496455, 43.5278286], [16.4964608, 43.5278286]]]}, "properties": {"tema": "granica", "opis": "Granica obuhvata plana", "cad_sloj": "TPS_A001_Granica obuhvata", "list": "0_Granica obuhvata_ID_DPU_DRACEVAC", "plan": "DPU radne zone Dračevac", "izvor": "DPU radne zone Dračevac (split.hr), vektorizirano iz PDF-a"}}, {"type": "Feature", "geometry": {"type": "Polygon", "coordinates": [[[16.4964425, 43.5278202], [16.4964435, 43.5278294], [16.4964189, 43.5278218], [16.4964425, 43.5278202]]]}, "properties": {"tema": "granica", "opis": "Granica obuhvata plana", "cad_sloj": "TPS_A001_Granica obuhvata", "list": "0_Granica obuhvata_ID_DPU_DRACEVAC", "plan": "DPU radne zone Dračevac", "izvor": "DPU radne zone Dračevac (split.hr), vektorizirano iz PDF-a"}}, {"type": "Feature", "geometry": {"type": "Polygon", "coordinates": [[[16.4964435, 43.5278294], [16.4964189, 43.5278218], [16.49642, 43.5278305], [16.4964435, 43.5278294]]]}, "properties": {"tema": "granica", "opis": "Granica obuhvata plana", "cad_sloj": "TPS_A001_Granica obuhvata", "list": "0_Granica obuhvata_ID_DPU_DRACEVAC", "plan": "DPU radne zone Dračevac", "izvor": "DPU radne zone Dračevac (split.hr), vektorizirano iz PDF-a"}}, {"type": "Feature", "geometry": {"type": "Polygon", "coordinates": [[[16.4964074, 43.5278221], [16.4964085, 43.5278313], [16.4963839, 43.5278233], [16.4964074, 43.5278221]]]}, "properties": {"tema": "granica", "opis": "Granica obuhvata plana", "cad_sloj": "TPS_A001_Granica obuhvata", "list": "0_Granica obuhvata_ID_DPU_DRACEVAC", "plan": "DPU radne zone Dračevac", "izvor": "DPU radne zone Dračevac (split.hr), vektorizirano iz PDF-a"}}, {"type": "Feature", "geometry": {"type": "Polygon", "coordinates": [[[16.4964085, 43.5278313], [16.4963839, 43.5278233], [16.4963849, 43.5278324], [16.4964085, 43.5278313]]]}, "properties": {"tema": "granica", "opis": "Granica obuhvata plana", "cad_sloj": "TPS_A001_Granica obuhvata", "list": "0_Granica obuhvata_ID_DPU_DRACEVAC", "plan": "DPU radne zone Dračevac", "izvor": "DPU radne zone Dračevac (split.hr), vektorizirano iz PDF-a"}}, {"type": "Feature", "geometry": {"type": "Polygon", "coordinates": [[[16.4963724, 43.527824], [16.4963734, 43.5278328], [16.4963488, 43.5278252], [16.4963724, 43.527824]]]}, "properties": {"tema": "granica", "opis": "Granica obuhvata plana", "cad_sloj": "TPS_A001_Granica obuhvata", "list": "0_Granica obuhvata_ID_DPU_DRACEVAC", "plan": "DPU radne zone Dračevac", "izvor": "DPU radne zone Dračevac (split.hr), vektorizirano iz PDF-a"}}, {"type": "Feature", "geometry": {"type": "Polygon", "coordinates": [[[16.4963734, 43.5278328], [16.4963488, 43.5278252], [16.4963499, 43.5278343], [16.4963734, 43.5278328]]]}, "properties": {"tema": "granica", "opis": "Granica obuhvata plana", "cad_sloj": "TPS_A001_Granica obuhvata", "list": "0_Granica obuhvata_ID_DPU_DRACEVAC", "plan": "DPU radne zone Dračevac", "izvor": "DPU radne zone Dračevac (split.hr), vektorizirano iz PDF-a"}}, {"type": "Feature", "geometry": {"type": "Polygon", "coordinates": [[[16.4963373, 43.527826], [16.4963378, 43.5278347], [16.4963232, 43.5278267], [16.4963373, 43.527826]]]}, "properties": {"tema": "granica", "opis": "Granica obuhvata plana", "cad_sloj": "TPS_A001_Granica obuhvata", "list": "0_Granica obuhvata_ID_DPU_DRACEVAC", "plan": "DPU radne zone Dračevac", "izvor": "DPU radne zone Dračevac (split.hr), vektorizirano iz PDF-a"}}, {"type": "Feature", "geometry": {"type": "Polygon", "coordinates": [[[16.4963378, 43.5278347], [16.4963232, 43.5278267], [16.4963242, 43.5278355], [16.4963378, 43.5278347]]]}, "properties": {"tema": "granica", "opis": "Granica obuhvata plana", "cad_sloj": "TPS_A001_Granica obuhvata", "list": "0_Granica obuhvata_ID_DPU_DRACEVAC", "plan": "DPU radne zone Dračevac", "izvor": "DPU radne zone Dračevac (split.hr), vektorizirano iz PDF-a"}}, {"type": "Feature", "geometry": {"type": "Polygon", "coordinates": [[[16.4963232, 43.5278267], [16.4963242, 43.5278355], [16.4963138, 43.5278271], [16.4963232, 43.5278267]]]}, "properties": {"tema": "granica", "opis": "Granica obuhvata plana", "cad_sloj": "TPS_A001_Granica obuhvata", "list": "0_Granica obuhvata_ID_DPU_DRACEVAC", "plan": "DPU radne zone Dračevac", "izvor": "DPU radne zone Dračevac (split.hr), vektorizirano iz PDF-a"}}, {"type": "Feature", "geometry": {"type": "Polygon", "coordinates": [[[16.4963242, 43.5278355], [16.4963138, 43.5278271], [16.4963148, 43.5278362], [16.4963242, 43.5278355]]]}, "properties": {"tema": "granica", "opis": "Granica obuhvata plana", "cad_sloj": "TPS_A001_Granica obuhvata", "list": "0_Granica obuhvata_ID_DPU_DRACEVAC", "plan": "DPU radne zone Dračevac", "izvor": "DPU radne zone Dračevac (split.hr), vektorizirano iz PDF-a"}}, {"type": "Feature", "geometry": {"type": "Polygon", "coordinates": [[[16.4963018, 43.5278279], [16.4963028, 43.527837], [16.4962787, 43.5278294], [16.4963018, 43.5278279]]]}, "properties": {"tema": "granica", "opis": "Granica obuhvata plana", "cad_sloj": "TPS_A001_Granica obuhvata", "list": "0_Granica obuhvata_ID_DPU_DRACEVAC", "plan": "DPU radne zone Dračevac", "izvor": "DPU radne zone Dračevac (split.hr), vektorizirano iz PDF-a"}}, {"type": "Feature", "geometry": {"type": "Polygon", "coordinates": [[[16.4963028, 43.527837], [16.4962787, 43.5278294], [16.4962798, 43.5278381], [16.4963028, 43.527837]]]}, "properties": {"tema": "granica", "opis": "Granica obuhvata plana", "cad_sloj": "TPS_A001_Granica obuhvata", "list": "0_Granica obuhvata_ID_DPU_DRACEVAC", "plan": "DPU radne zone Dračevac", "izvor": "DPU radne zone Dračevac (split.hr), vektorizirano iz PDF-a"}}, {"type": "Feature", "geometry": {"type": "Polygon", "coordinates": [[[16.4962667, 43.5278301], [16.4962677, 43.5278389], [16.4962432, 43.5278317], [16.4962667, 43.5278301]]]}, "properties": {"tema": "granica", "opis": "Granica obuhvata plana", "cad_sloj": "TPS_A001_Granica obuhvata", "list": "0_Granica obuhvata_ID_DPU_DRACEVAC", "plan": "DPU radne zone Dračevac", "izvor": "DPU radne zone Dračevac (split.hr), vektorizirano iz PDF-a"}}, {"type": "Feature", "geometry": {"type": "Polygon", "coordinates": [[[16.4962677, 43.5278389], [16.4962432, 43.5278317], [16.4962447, 43.5278404], [16.4962677, 43.5278389]]]}, "properties": {"tema": "granica", "opis": "Granica obuhvata plana", "cad_sloj": "TPS_A001_Granica obuhvata", "list": "0_Granica obuhvata_ID_DPU_DRACEVAC", "plan": "DPU radne zone Dračevac", "izvor": "DPU radne zone Dračevac (split.hr), vektorizirano iz PDF-a"}}, {"type": "Feature", "geometry": {"type": "Polygon", "coordinates": [[[16.4962317, 43.5278324], [16.4962327, 43.5278412], [16.4962081, 43.5278339], [16.4962317, 43.5278324]]]}, "properties": {"tema": "granica", "opis": "Granica obuhvata plana", "cad_sloj": "TPS_A001_Granica obuhvata", "list": "0_Granica obuhvata_ID_DPU_DRACEVAC", "plan": "DPU radne zone Dračevac", "izvor": "DPU radne zone Dračevac (split.hr), vektorizirano iz PDF-a"}}, {"type": "Feature", "geometry": {"type": "Polygon", "coordinates": [[[16.4962327, 43.5278412], [16.4962081, 43.5278339], [16.4962092, 43.5278427], [16.4962327, 43.5278412]]]}, "properties": {"tema": "granica", "opis": "Granica obuhvata plana", "cad_sloj": "TPS_A001_Granica obuhvata", "list": "0_Granica obuhvata_ID_DPU_DRACEVAC", "plan": "DPU radne zone Dračevac", "izvor": "DPU radne zone Dračevac (split.hr), vektorizirano iz PDF-a"}}, {"type": "Feature", "geometry": {"type": "Polygon", "coordinates": [[[16.4961966, 43.5278347], [16.4961977, 43.5278435], [16.4961867, 43.5278351], [16.4961966, 43.5278347]]]}, "properties": {"tema": "granica", "opis": "Granica obuhvata plana", "cad_sloj": "TPS_A001_Granica obuhvata", "list": "0_Granica obuhvata_ID_DPU_DRACEVAC", "plan": "DPU radne zone Dračevac", "izvor": "DPU radne zone Dračevac (split.hr), vektorizirano iz PDF-a"}}, {"type": "Feature", "geometry": {"type": "Polygon", "coordinates": [[[16.4961977, 43.5278435], [16.4961867, 43.5278351], [16.4961877, 43.5278442], [16.4961977, 43.5278435]]]}, "properties": {"tema": "granica", "opis": "Granica obuhvata plana", "cad_sloj": "TPS_A001_Granica obuhvata", "list": "0_Granica obuhvata_ID_DPU_DRACEVAC", "plan": "DPU radne zone Dračevac", "izvor": "DPU radne zone Dračevac (split.hr), vektorizirano iz PDF-a"}}, {"type": "Feature", "geometry": {"type": "Polygon", "coordinates": [[[16.4961867, 43.5278351], [16.4961877, 43.5278442], [16.4961731, 43.5278362], [16.4961867, 43.5278351]]]}, "properties": {"tema": "granica", "opis": "Granica obuhvata plana", "cad_sloj": "TPS_A001_Granica obuhvata", "list": "0_Granica obuhvata_ID_DPU_DRACEVAC", "plan": "DPU radne zone Dračevac", "izvor": "DPU radne zone Dračevac (split.hr), vektorizirano iz PDF-a"}}, {"type": "Feature", "geometry": {"type": "Polygon", "coordinates": [[[16.4961877, 43.5278442], [16.4961731, 43.5278362], [16.4961741, 43.527845], [16.4961877, 43.5278442]]]}, "properties": {"tema": "granica", "opis": "Granica obuhvata plana", "cad_sloj": "TPS_A001_Granica obuhvata", "list": "0_Granica obuhvata_ID_DPU_DRACEVAC", "plan": "DPU radne zone Dračevac", "izvor": "DPU radne zone Dračevac (split.hr), vektorizirano iz PDF-a"}}, {"type": "Feature", "geometry": {"type": "Polygon", "coordinates": [[[16.4961616, 43.527837], [16.4961626, 43.5278461], [16.496138, 43.5278389], [16.4961616, 43.527837]]]}, "properties": {"tema": "granica", "opis": "Granica obuhvata plana", "cad_sloj": "TPS_A001_Granica obuhvata", "list": "0_Granica obuhvata_ID_DPU_DRACEVAC", "plan": "DPU radne zone Dračevac", "izvor": "DPU radne zone Dračevac (split.hr), vektorizirano iz PDF-a"}}, {"type": "Feature", "geometry": {"type": "Polygon", "coordinates": [[[16.4961626, 43.5278461], [16.496138, 43.5278389], [16.4961396, 43.5278476], [16.4961626, 43.5278461]]]}, "properties": {"tema": "granica", "opis": "Granica obuhvata plana", "cad_sloj": "TPS_A001_Granica obuhvata", "list": "0_Granica obuhvata_ID_DPU_DRACEVAC", "plan": "DPU radne zone Dračevac", "izvor": "DPU radne zone Dračevac (split.hr), vektorizirano iz PDF-a"}}, {"type": "Feature", "geometry": {"type": "Polygon", "coordinates": [[[16.4961265, 43.5278396], [16.4961276, 43.5278488], [16.496103, 43.5278415], [16.4961265, 43.5278396]]]}, "properties": {"tema": "granica", "opis": "Granica obuhvata plana", "cad_sloj": "TPS_A001_Granica obuhvata", "list": "0_Granica obuhvata_ID_DPU_DRACEVAC", "plan": "DPU radne zone Dračevac", "izvor": "DPU radne zone Dračevac (split.hr), vektorizirano iz PDF-a"}}, {"type": "Feature", "geometry": {"type": "Polygon", "coordinates": [[[16.4961276, 43.5278488], [16.496103, 43.5278415], [16.4961045, 43.5278503], [16.4961276, 43.5278488]]]}, "properties": {"tema": "granica", "opis": "Granica obuhvata plana", "cad_sloj": "TPS_A001_Granica obuhvata", "list": "0_Granica obuhvata_ID_DPU_DRACEVAC", "plan": "DPU radne zone Dračevac", "izvor": "DPU radne zone Dračevac (split.hr), vektorizirano iz PDF-a"}}, {"type": "Feature", "geometry": {"type": "Polygon", "coordinates": [[[16.4960915, 43.5278423], [16.4960925, 43.5278511], [16.4960679, 43.5278442], [16.4960915, 43.5278423]]]}, "properties": {"tema": "granica", "opis": "Granica obuhvata plana", "cad_sloj": "TPS_A001_Granica obuhvata", "list": "0_Granica obuhvata_ID_DPU_DRACEVAC", "plan": "DPU radne zone Dračevac", "izvor": "DPU radne zone Dračevac (split.hr), vektorizirano iz PDF-a"}}, {"type": "Feature", "geometry": {"type": "Polygon", "coordinates": [[[16.4960925, 43.5278511], [16.4960679, 43.5278442], [16.4960695, 43.527853], [16.4960925, 43.5278511]]]}, "properties": {"tema": "granica", "opis": "Granica obuhvata plana", "cad_sloj": "TPS_A001_Granica obuhvata", "list": "0_Granica obuhvata_ID_DPU_DRACEVAC", "plan": "DPU radne zone Dračevac", "izvor": "DPU radne zone Dračevac (split.hr), vektorizirano iz PDF-a"}}, {"type": "Feature", "geometry": {"type": "Polygon", "coordinates": [[[16.4960564, 43.527845], [16.4960575, 43.5278537], [16.4960501, 43.5278454], [16.4960564, 43.527845]]]}, "properties": {"tema": "granica", "opis": "Granica obuhvata plana", "cad_sloj": "TPS_A001_Granica obuhvata", "list": "0_Granica obuhvata_ID_DPU_DRACEVAC", "plan": "DPU radne zone Dračevac", "izvor": "DPU radne zone Dračevac (split.hr), vektorizirano iz PDF-a"}}, {"type": "Feature", "geometry": {"type": "Polygon", "coordinates": [[[16.4960575, 43.5278537], [16.4960501, 43.5278454], [16.4960517, 43.5278541], [16.4960575, 43.5278537]]]}, "properties": {"tema": "granica", "opis": "Granica obuhvata plana", "cad_sloj": "TPS_A001_Granica obuhvata", "list": "0_Granica obuhvata_ID_DPU_DRACEVAC", "plan": "DPU radne zone Dračevac", "izvor": "DPU radne zone Dračevac (split.hr), vektorizirano iz PDF-a"}}, {"type": "Feature", "geometry": {"type": "Polygon", "coordinates": [[[16.4960501, 43.5278454], [16.4960517, 43.5278541], [16.4960329, 43.5278469], [16.4960501, 43.5278454]]]}, "properties": {"tema": "granica", "opis": "Granica obuhvata plana", "cad_sloj": "TPS_A001_Granica obuhvata", "list": "0_Granica obuhvata_ID_DPU_DRACEVAC", "plan": "DPU radne zone Dračevac", "izvor": "DPU radne zone Dračevac (split.hr), vektorizirano iz PDF-a"}}, {"type": "Feature", "geometry": {"type": "Polygon", "coordinates": [[[16.4960517, 43.5278541], [16.4960329, 43.5278469], [16.4960344, 43.5278556], [16.4960517, 43.5278541]]]}, "properties": {"tema": "granica", "opis": "Granica obuhvata plana", "cad_sloj": "TPS_A001_Granica obuhvata", "list": "0_Granica obuhvata_ID_DPU_DRACEVAC", "plan": "DPU radne zone Dračevac", "izvor": "DPU radne zone Dračevac (split.hr), vektorizirano iz PDF-a"}}, {"type": "Feature", "geometry": {"type": "Polygon", "coordinates": [[[16.4960214, 43.527848], [16.4960224, 43.5278568], [16.4959978, 43.5278499], [16.4960214, 43.527848]]]}, "properties": {"tema": "granica", "opis": "Granica obuhvata plana", "cad_sloj": "TPS_A001_Granica obuhvata", "list": "0_Granica obuhvata_ID_DPU_DRACEVAC", "plan": "DPU radne zone Dračevac", "izvor": "DPU radne zone Dračevac (split.hr), vektorizirano iz PDF-a"}}, {"type": "Feature", "geometry": {"type": "Polygon", "coordinates": [[[16.4960224, 43.5278568], [16.4959978, 43.5278499], [16.4959994, 43.5278587], [16.4960224, 43.5278568]]]}, "properties": {"tema": "granica", "opis": "Granica obuhvata plana", "cad_sloj": "TPS_A001_Granica obuhvata", "list": "0_Granica obuhvata_ID_DPU_DRACEVAC", "plan": "DPU radne zone Dračevac", "izvor": "DPU radne zone Dračevac (split.hr), vektorizirano iz PDF-a"}}, {"type": "Feature", "geometry": {"type": "Polygon", "coordinates": [[[16.4959863, 43.5278511], [16.4959879, 43.5278598], [16.4959628, 43.527853], [16.4959863, 43.5278511]]]}, "properties": {"tema": "granica", "opis": "Granica obuhvata plana", "cad_sloj": "TPS_A001_Granica obuhvata", "list": "0_Granica obuhvata_ID_DPU_DRACEVAC", "plan": "DPU radne zone Dračevac", "izvor": "DPU radne zone Dračevac (split.hr), vektorizirano iz PDF-a"}}, {"type": "Feature", "geometry": {"type": "Polygon", "coordinates": [[[16.4959879, 43.5278598], [16.4959628, 43.527853], [16.4959643, 43.5278617], [16.4959879, 43.5278598]]]}, "properties": {"tema": "granica", "opis": "Granica obuhvata plana", "cad_sloj": "TPS_A001_Granica obuhvata", "list": "0_Granica obuhvata_ID_DPU_DRACEVAC", "plan": "DPU radne zone Dračevac", "izvor": "DPU radne zone Dračevac (split.hr), vektorizirano iz PDF-a"}}, {"type": "Feature", "geometry": {"type": "Polygon", "coordinates": [[[16.4959513, 43.5278541], [16.4959528, 43.5278629], [16.4959277, 43.527856], [16.4959513, 43.5278541]]]}, "properties": {"tema": "granica", "opis": "Granica obuhvata plana", "cad_sloj": "TPS_A001_Granica obuhvata", "list": "0_Granica obuhvata_ID_DPU_DRACEVAC", "plan": "DPU radne zone Dračevac", "izvor": "DPU radne zone Dračevac (split.hr), vektorizirano iz PDF-a"}}, {"type": "Feature", "geometry": {"type": "Polygon", "coordinates": [[[16.4959528, 43.5278629], [16.4959277, 43.527856], [16.4959293, 43.5278648], [16.4959528, 43.5278629]]]}, "properties": {"tema": "granica", "opis": "Granica obuhvata plana", "cad_sloj": "TPS_A001_Granica obuhvata", "list": "0_Granica obuhvata_ID_DPU_DRACEVAC", "plan": "DPU radne zone Dračevac", "izvor": "DPU radne zone Dračevac (split.hr), vektorizirano iz PDF-a"}}, {"type": "Feature", "geometry": {"type": "Polygon", "coordinates": [[[16.4959162, 43.5278571], [16.4959178, 43.5278659], [16.4959141, 43.5278571], [16.4959162, 43.5278571]]]}, "properties": {"tema": "granica", "opis": "Granica obuhvata plana", "cad_sloj": "TPS_A001_Granica obuhvata", "list": "0_Granica obuhvata_ID_DPU_DRACEVAC", "plan": "DPU radne zone Dračevac", "izvor": "DPU radne zone Dračevac (split.hr), vektorizirano iz PDF-a"}}, {"type": "Feature", "geometry": {"type": "Polygon", "coordinates": [[[16.4959178, 43.5278659], [16.4959141, 43.5278571], [16.4959157, 43.5278659], [16.4959178, 43.5278659]]]}, "properties": {"tema": "granica", "opis": "Granica obuhvata plana", "cad_sloj": "TPS_A001_Granica obuhvata", "list": "0_Granica obuhvata_ID_DPU_DRACEVAC", "plan": "DPU radne zone Dračevac", "izvor": "DPU radne zone Dračevac (split.hr), vektorizirano iz PDF-a"}}, {"type": "Feature", "geometry": {"type": "Polygon", "coordinates": [[[16.4959141, 43.5278571], [16.4959157, 43.5278659], [16.4958927, 43.5278591], [16.4959141, 43.5278571]]]}, "properties": {"tema": "granica", "opis": "Granica obuhvata plana", "cad_sloj": "TPS_A001_Granica obuhvata", "list": "0_Granica obuhvata_ID_DPU_DRACEVAC", "plan": "DPU radne zone Dračevac", "izvor": "DPU radne zone Dračevac (split.hr), vektorizirano iz PDF-a"}}, {"type": "Feature", "geometry": {"type": "Polygon", "coordinates": [[[16.4959157, 43.5278659], [16.4958927, 43.5278591], [16.4958942, 43.5278682], [16.4959157, 43.5278659]]]}, "properties": {"tema": "granica", "opis": "Granica obuhvata plana", "cad_sloj": "TPS_A001_Granica obuhvata", "list": "0_Granica obuhvata_ID_DPU_DRACEVAC", "plan": "DPU radne zone Dračevac", "izvor": "DPU radne zone Dračevac (split.hr), vektorizirano iz PDF-a"}}, {"type": "Feature", "geometry": {"type": "Polygon", "coordinates": [[[16.4958812, 43.5278606], [16.4958827, 43.5278693], [16.4958581, 43.5278629], [16.4958812, 43.5278606]]]}, "properties": {"tema": "granica", "opis": "Granica obuhvata plana", "cad_sloj": "TPS_A001_Granica obuhvata", "list": "0_Granica obuhvata_ID_DPU_DRACEVAC", "plan": "DPU radne zone Dračevac", "izvor": "DPU radne zone Dračevac (split.hr), vektorizirano iz PDF-a"}}, {"type": "Feature", "geometry": {"type": "Polygon", "coordinates": [[[16.4958827, 43.5278693], [16.4958581, 43.5278629], [16.4958597, 43.5278716], [16.4958827, 43.5278693]]]}, "properties": {"tema": "granica", "opis": "Granica obuhvata plana", "cad_sloj": "TPS_A001_Granica obuhvata", "list": "0_Granica obuhvata_ID_DPU_DRACEVAC", "plan": "DPU radne zone Dračevac", "izvor": "DPU radne zone Dračevac (split.hr), vektorizirano iz PDF-a"}}, {"type": "Feature", "geometry": {"type": "Polygon", "coordinates": [[[16.4958461, 43.527864], [16.4958482, 43.5278728], [16.4958231, 43.5278663], [16.4958461, 43.527864]]]}, "properties": {"tema": "granica", "opis": "Granica obuhvata plana", "cad_sloj": "TPS_A001_Granica obuhvata", "list": "0_Granica obuhvata_ID_DPU_DRACEVAC", "plan": "DPU radne zone Dračevac", "izvor": "DPU radne zone Dračevac (split.hr), vektorizirano iz PDF-a"}}, {"type": "Feature", "geometry": {"type": "Polygon", "coordinates": [[[16.4958482, 43.5278728], [16.4958231, 43.5278663], [16.4958247, 43.527875], [16.4958482, 43.5278728]]]}, "properties": {"tema": "granica", "opis": "Granica obuhvata plana", "cad_sloj": "TPS_A001_Granica obuhvata", "list": "0_Granica obuhvata_ID_DPU_DRACEVAC", "plan": "DPU radne zone Dračevac", "izvor": "DPU radne zone Dračevac (split.hr), vektorizirano iz PDF-a"}}, {"type": "Feature", "geometry": {"type": "Polygon", "coordinates": [[[16.4958116, 43.5278674], [16.4958132, 43.5278762], [16.495788, 43.5278697], [16.4958116, 43.5278674]]]}, "properties": {"tema": "granica", "opis": "Granica obuhvata plana", "cad_sloj": "TPS_A001_Granica obuhvata", "list": "0_Granica obuhvata_ID_DPU_DRACEVAC", "plan": "DPU radne zone Dračevac", "izvor": "DPU radne zone Dračevac (split.hr), vektorizirano iz PDF-a"}}, {"type": "Feature", "geometry": {"type": "Polygon", "coordinates": [[[16.4958132, 43.5278762], [16.495788, 43.5278697], [16.4957896, 43.5278785], [16.4958132, 43.5278762]]]}, "properties": {"tema": "granica", "opis": "Granica obuhvata plana", "cad_sloj": "TPS_A001_Granica obuhvata", "list": "0_Granica obuhvata_ID_DPU_DRACEVAC", "plan": "DPU radne zone Dračevac", "izvor": "DPU radne zone Dračevac (split.hr), vektorizirano iz PDF-a"}}, {"type": "Feature", "geometry": {"type": "Polygon", "coordinates": [[[16.4957765, 43.5278708], [16.4957781, 43.5278796], [16.495753, 43.5278735], [16.4957765, 43.5278708]]]}, "properties": {"tema": "granica", "opis": "Granica obuhvata plana", "cad_sloj": "TPS_A001_Granica obuhvata", "list": "0_Granica obuhvata_ID_DPU_DRACEVAC", "plan": "DPU radne zone Dračevac", "izvor": "DPU radne zone Dračevac (split.hr), vektorizirano iz PDF-a"}}, {"type": "Feature", "geometry": {"type": "Polygon", "coordinates": [[[16.4957781, 43.5278796], [16.495753, 43.5278735], [16.4957551, 43.5278823], [16.4957781, 43.5278796]]]}, "properties": {"tema": "granica", "opis": "Granica obuhvata plana", "cad_sloj": "TPS_A001_Granica obuhvata", "list": "0_Granica obuhvata_ID_DPU_DRACEVAC", "plan": "DPU radne zone Dračevac", "izvor": "DPU radne zone Dračevac (split.hr), vektorizirano iz PDF-a"}}, {"type": "Feature", "geometry": {"type": "Polygon", "coordinates": [[[16.4957415, 43.527875], [16.4957436, 43.5278838], [16.4957185, 43.5278777], [16.4957415, 43.527875]]]}, "properties": {"tema": "granica", "opis": "Granica obuhvata plana", "cad_sloj": "TPS_A001_Granica obuhvata", "list": "0_Granica obuhvata_ID_DPU_DRACEVAC", "plan": "DPU radne zone Dračevac", "izvor": "DPU radne zone Dračevac (split.hr), vektorizirano iz PDF-a"}}, {"type": "Feature", "geometry": {"type": "Polygon", "coordinates": [[[16.4957436, 43.5278838], [16.4957185, 43.5278777], [16.4957206, 43.5278864], [16.4957436, 43.5278838]]]}, "properties": {"tema": "granica", "opis": "Granica obuhvata plana", "cad_sloj": "TPS_A001_Granica obuhvata", "list": "0_Granica obuhvata_ID_DPU_DRACEVAC", "plan": "DPU radne zone Dračevac", "izvor": "DPU radne zone Dračevac (split.hr), vektorizirano iz PDF-a"}}, {"type": "Feature", "geometry": {"type": "Polygon", "coordinates": [[[16.495707, 43.5278788], [16.4957085, 43.527888], [16.4956834, 43.5278815], [16.495707, 43.5278788]]]}, "properties": {"tema": "granica", "opis": "Granica obuhvata plana", "cad_sloj": "TPS_A001_Granica obuhvata", "list": "0_Granica obuhvata_ID_DPU_DRACEVAC", "plan": "DPU radne zone Dračevac", "izvor": "DPU radne zone Dračevac (split.hr), vektorizirano iz PDF-a"}}, {"type": "Feature", "geometry": {"type": "Polygon", "coordinates": [[[16.4957085, 43.527888], [16.4956834, 43.5278815], [16.4956855, 43.5278906], [16.4957085, 43.527888]]]}, "properties": {"tema": "granica", "opis": "Granica obuhvata plana", "cad_sloj": "TPS_A001_Granica obuhvata", "list": "0_Granica obuhvata_ID_DPU_DRACEVAC", "plan": "DPU radne zone Dračevac", "izvor": "DPU radne zone Dračevac (split.hr), vektorizirano iz PDF-a"}}, {"type": "Feature", "geometry": {"type": "Polygon", "coordinates": [[[16.4956719, 43.527883], [16.495674, 43.5278918], [16.495662, 43.5278842], [16.4956719, 43.527883]]]}, "properties": {"tema": "granica", "opis": "Granica obuhvata plana", "cad_sloj": "TPS_A001_Granica obuhvata", "list": "0_Granica obuhvata_ID_DPU_DRACEVAC", "plan": "DPU radne zone Dračevac", "izvor": "DPU radne zone Dračevac (split.hr), vektorizirano iz PDF-a"}}, {"type": "Feature", "geometry": {"type": "Polygon", "coordinates": [[[16.495674, 43.5278918], [16.495662, 43.5278842], [16.4956641, 43.5278929], [16.495674, 43.5278918]]]}, "properties": {"tema": "granica", "opis": "Granica obuhvata plana", "cad_sloj": "TPS_A001_Granica obuhvata", "list": "0_Granica obuhvata_ID_DPU_DRACEVAC", "plan": "DPU radne zone Dračevac", "izvor": "DPU radne zone Dračevac (split.hr), vektorizirano iz PDF-a"}}, {"type": "Feature", "geometry": {"type": "Polygon", "coordinates": [[[16.495662, 43.5278842], [16.4956641, 43.5278929], [16.4956489, 43.5278861], [16.495662, 43.5278842]]]}, "properties": {"tema": "granica", "opis": "Granica obuhvata plana", "cad_sloj": "TPS_A001_Granica obuhvata", "list": "0_Granica obuhvata_ID_DPU_DRACEVAC", "plan": "DPU radne zone Dračevac", "izvor": "DPU radne zone Dračevac (split.hr), vektorizirano iz PDF-a"}}, {"type": "Feature", "geometry": {"type": "Polygon", "coordinates": [[[16.4956641, 43.5278929], [16.4956489, 43.5278861], [16.495651, 43.5278948], [16.4956641, 43.5278929]]]}, "properties": {"tema": "granica", "opis": "Granica obuhvata plana", "cad_sloj": "TPS_A001_Granica obuhvata", "list": "0_Granica obuhvata_ID_DPU_DRACEVAC", "plan": "DPU radne zone Dračevac", "izvor": "DPU radne zone Dračevac (split.hr), vektorizirano iz PDF-a"}}, {"type": "Feature", "geometry": {"type": "Polygon", "coordinates": [[[16.4956374, 43.5278876], [16.4956395, 43.5278963], [16.4956144, 43.5278906], [16.4956374, 43.5278876]]]}, "properties": {"tema": "granica", "opis": "Granica obuhvata plana", "cad_sloj": "TPS_A001_Granica obuhvata", "list": "0_Granica obuhvata_ID_DPU_DRACEVAC", "plan": "DPU radne zone Dračevac", "izvor": "DPU radne zone Dračevac (split.hr), vektorizirano iz PDF-a"}}, {"type": "Feature", "geometry": {"type": "Polygon", "coordinates": [[[16.4956395, 43.5278963], [16.4956144, 43.5278906], [16.4956165, 43.5278994], [16.4956395, 43.5278963]]]}, "properties": {"tema": "granica", "opis": "Granica obuhvata plana", "cad_sloj": "TPS_A001_Granica obuhvata", "list": "0_Granica obuhvata_ID_DPU_DRACEVAC", "plan": "DPU radne zone Dračevac", "izvor": "DPU radne zone Dračevac (split.hr), vektorizirano iz PDF-a"}}, {"type": "Feature", "geometry": {"type": "Polygon", "coordinates": [[[16.4956023, 43.5278922], [16.495605, 43.5279009], [16.4955793, 43.5278952], [16.4956023, 43.5278922]]]}, "properties": {"tema": "granica", "opis": "Granica obuhvata plana", "cad_sloj": "TPS_A001_Granica obuhvata", "list": "0_Granica obuhvata_ID_DPU_DRACEVAC", "plan": "DPU radne zone Dračevac", "izvor": "DPU radne zone Dračevac (split.hr), vektorizirano iz PDF-a"}}, {"type": "Feature", "geometry": {"type": "Polygon", "coordinates": [[[16.495605, 43.5279009], [16.4955793, 43.5278952], [16.4955819, 43.527904], [16.495605, 43.5279009]]]}, "properties": {"tema": "granica", "opis": "Granica obuhvata plana", "cad_sloj": "TPS_A001_Granica obuhvata", "list": "0_Granica obuhvata_ID_DPU_DRACEVAC", "plan": "DPU radne zone Dračevac", "izvor": "DPU radne zone Dračevac (split.hr), vektorizirano iz PDF-a"}}, {"type": "Feature", "geometry": {"type": "Polygon", "coordinates": [[[16.4955678, 43.5278967], [16.4955704, 43.5279055], [16.4955464, 43.5278998], [16.4955678, 43.5278967]]]}, "properties": {"tema": "granica", "opis": "Granica obuhvata plana", "cad_sloj": "TPS_A001_Granica obuhvata", "list": "0_Granica obuhvata_ID_DPU_DRACEVAC", "plan": "DPU radne zone Dračevac", "izvor": "DPU radne zone Dračevac (split.hr), vektorizirano iz PDF-a"}}, {"type": "Feature", "geometry": {"type": "Polygon", "coordinates": [[[16.4955704, 43.5279055], [16.4955464, 43.5278998], [16.4955485, 43.5279085], [16.4955704, 43.5279055]]]}, "properties": {"tema": "granica", "opis": "Granica obuhvata plana", "cad_sloj": "TPS_A001_Granica obuhvata", "list": "0_Granica obuhvata_ID_DPU_DRACEVAC", "plan": "DPU radne zone Dračevac", "izvor": "DPU radne zone Dračevac (split.hr), vektorizirano iz PDF-a"}}, {"type": "Feature", "geometry": {"type": "Polygon", "coordinates": [[[16.4955333, 43.5279017], [16.4955359, 43.5279104], [16.4955103, 43.5279051], [16.4955333, 43.5279017]]]}, "properties": {"tema": "granica", "opis": "Granica obuhvata plana", "cad_sloj": "TPS_A001_Granica obuhvata", "list": "0_Granica obuhvata_ID_DPU_DRACEVAC", "plan": "DPU radne zone Dračevac", "izvor": "DPU radne zone Dračevac (split.hr), vektorizirano iz PDF-a"}}, {"type": "Feature", "geometry": {"type": "Polygon", "coordinates": [[[16.4955359, 43.5279104], [16.4955103, 43.5279051], [16.4955129, 43.5279138], [16.4955359, 43.5279104]]]}, "properties": {"tema": "granica", "opis": "Granica obuhvata plana", "cad_sloj": "TPS_A001_Granica obuhvata", "list": "0_Granica obuhvata_ID_DPU_DRACEVAC", "plan": "DPU radne zone Dračevac", "izvor": "DPU radne zone Dračevac (split.hr), vektorizirano iz PDF-a"}}, {"type": "Feature", "geometry": {"type": "Polygon", "coordinates": [[[16.4954988, 43.5279066], [16.4955014, 43.5279157], [16.4954757, 43.52791], [16.4954988, 43.5279066]]]}, "properties": {"tema": "granica", "opis": "Granica obuhvata plana", "cad_sloj": "TPS_A001_Granica obuhvata", "list": "0_Granica obuhvata_ID_DPU_DRACEVAC", "plan": "DPU radne zone Dračevac", "izvor": "DPU radne zone Dračevac (split.hr), vektorizirano iz PDF-a"}}, {"type": "Feature", "geometry": {"type": "Polygon", "coordinates": [[[16.4955014, 43.5279157], [16.4954757, 43.52791], [16.4954784, 43.5279192], [16.4955014, 43.5279157]]]}, "properties": {"tema": "granica", "opis": "Granica obuhvata plana", "cad_sloj": "TPS_A001_Granica obuhvata", "list": "0_Granica obuhvata_ID_DPU_DRACEVAC", "plan": "DPU radne zone Dračevac", "izvor": "DPU radne zone Dračevac (split.hr), vektorizirano iz PDF-a"}}, {"type": "Feature", "geometry": {"type": "Polygon", "coordinates": [[[16.4954642, 43.5279119], [16.4954669, 43.5279207], [16.4954412, 43.5279154], [16.4954642, 43.5279119]]]}, "properties": {"tema": "granica", "opis": "Granica obuhvata plana", "cad_sloj": "TPS_A001_Granica obuhvata", "list": "0_Granica obuhvata_ID_DPU_DRACEVAC", "plan": "DPU radne zone Dračevac", "izvor": "DPU radne zone Dračevac (split.hr), vektorizirano iz PDF-a"}}, {"type": "Feature", "geometry": {"type": "Polygon", "coordinates": [[[16.4954669, 43.5279207], [16.4954412, 43.5279154], [16.4954438, 43.5279241], [16.4954669, 43.5279207]]]}, "properties": {"tema": "granica", "opis": "Granica obuhvata plana", "cad_sloj": "TPS_A001_Granica obuhvata", "list": "0_Granica obuhvata_ID_DPU_DRACEVAC", "plan": "DPU radne zone Dračevac", "izvor": "DPU radne zone Dračevac (split.hr), vektorizirano iz PDF-a"}}, {"type": "Feature", "geometry": {"type": "Polygon", "coordinates": [[[16.4954381, 43.5279196], [16.495426, 43.5279215], [16.4954329, 43.5279028], [16.4954381, 43.5279196]]]}, "properties": {"tema": "granica", "opis": "Granica obuhvata plana", "cad_sloj": "TPS_A001_Granica obuhvata", "list": "0_Granica obuhvata_ID_DPU_DRACEVAC", "plan": "DPU radne zone Dračevac", "izvor": "DPU radne zone Dračevac (split.hr), vektorizirano iz PDF-a"}}, {"type": "Feature", "geometry": {"type": "Polygon", "coordinates": [[[16.495426, 43.5279215], [16.4954329, 43.5279028], [16.4954208, 43.5279047], [16.495426, 43.5279215]]]}, "properties": {"tema": "granica", "opis": "Granica obuhvata plana", "cad_sloj": "TPS_A001_Granica obuhvata", "list": "0_Granica obuhvata_ID_DPU_DRACEVAC", "plan": "DPU radne zone Dračevac", "izvor": "DPU radne zone Dračevac (split.hr), vektorizirano iz PDF-a"}}, {"type": "Feature", "geometry": {"type": "Polygon", "coordinates": [[[16.4954308, 43.5278944], [16.4954187, 43.5278963], [16.4954255, 43.5278777], [16.4954308, 43.5278944]]]}, "properties": {"tema": "granica", "opis": "Granica obuhvata plana", "cad_sloj": "TPS_A001_Granica obuhvata", "list": "0_Granica obuhvata_ID_DPU_DRACEVAC", "plan": "DPU radne zone Dračevac", "izvor": "DPU radne zone Dračevac (split.hr), vektorizirano iz PDF-a"}}, {"type": "Feature", "geometry": {"type": "Polygon", "coordinates": [[[16.4954187, 43.5278963], [16.4954255, 43.5278777], [16.4954135, 43.5278796], [16.4954187, 43.5278963]]]}, "properties": {"tema": "granica", "opis": "Granica obuhvata plana", "cad_sloj": "TPS_A001_Granica obuhvata", "list": "0_Granica obuhvata_ID_DPU_DRACEVAC", "plan": "DPU radne zone Dračevac", "izvor": "DPU radne zone Dračevac (split.hr), vektorizirano iz PDF-a"}}, {"type": "Feature", "geometry": {"type": "Polygon", "coordinates": [[[16.4954229, 43.5278693], [16.4954109, 43.5278712], [16.4954182, 43.5278526], [16.4954229, 43.5278693]]]}, "properties": {"tema": "granica", "opis": "Granica obuhvata plana", "cad_sloj": "TPS_A001_Granica obuhvata", "list": "0_Granica obuhvata_ID_DPU_DRACEVAC", "plan": "DPU radne zone Dračevac", "izvor": "DPU radne zone Dračevac (split.hr), vektorizirano iz PDF-a"}}, {"type": "Feature", "geometry": {"type": "Polygon", "coordinates": [[[16.4954109, 43.5278712], [16.4954182, 43.5278526], [16.4954062, 43.5278545], [16.4954109, 43.5278712]]]}, "properties": {"tema": "granica", "opis": "Granica obuhvata plana", "cad_sloj": "TPS_A001_Granica obuhvata", "list": "0_Granica obuhvata_ID_DPU_DRACEVAC", "plan": "DPU radne zone Dračevac", "izvor": "DPU radne zone Dračevac (split.hr), vektorizirano iz PDF-a"}}, {"type": "Feature", "geometry": {"type": "Polygon", "coordinates": [[[16.4954156, 43.5278442], [16.4954036, 43.5278461], [16.4954109, 43.5278274], [16.4954156, 43.5278442]]]}, "properties": {"tema": "granica", "opis": "Granica obuhvata plana", "cad_sloj": "TPS_A001_Granica obuhvata", "list": "0_Granica obuhvata_ID_DPU_DRACEVAC", "plan": "DPU radne zone Dračevac", "izvor": "DPU radne zone Dračevac (split.hr), vektorizirano iz PDF-a"}}, {"type": "Feature", "geometry": {"type": "Polygon", "coordinates": [[[16.4954036, 43.5278461], [16.4954109, 43.5278274], [16.4953989, 43.5278293], [16.4954036, 43.5278461]]]}, "properties": {"tema": "granica", "opis": "Granica obuhvata plana", "cad_sloj": "TPS_A001_Granica obuhvata", "list": "0_Granica obuhvata_ID_DPU_DRACEVAC", "plan": "DPU radne zone Dračevac", "izvor": "DPU radne zone Dračevac (split.hr), vektorizirano iz PDF-a"}}, {"type": "Feature", "geometry": {"type": "Polygon", "coordinates": [[[16.4954083, 43.5278191], [16.4953962, 43.527821], [16.495403, 43.5278023], [16.4954083, 43.5278191]]]}, "properties": {"tema": "granica", "opis": "Granica obuhvata plana", "cad_sloj": "TPS_A001_Granica obuhvata", "list": "0_Granica obuhvata_ID_DPU_DRACEVAC", "plan": "DPU radne zone Dračevac", "izvor": "DPU radne zone Dračevac (split.hr), vektorizirano iz PDF-a"}}, {"type": "Feature", "geometry": {"type": "Polygon", "coordinates": [[[16.4953962, 43.527821], [16.495403, 43.5278023], [16.495391, 43.5278042], [16.4953962, 43.527821]]]}, "properties": {"tema": "granica", "opis": "Granica obuhvata plana", "cad_sloj": "TPS_A001_Granica obuhvata", "list": "0_Granica obuhvata_ID_DPU_DRACEVAC", "plan": "DPU radne zone Dračevac", "izvor": "DPU radne zone Dračevac (split.hr), vektorizirano iz PDF-a"}}, {"type": "Feature", "geometry": {"type": "Polygon", "coordinates": [[[16.4954009, 43.5277939], [16.4953884, 43.5277958], [16.4953957, 43.5277776], [16.4954009, 43.5277939]]]}, "properties": {"tema": "granica", "opis": "Granica obuhvata plana", "cad_sloj": "TPS_A001_Granica obuhvata", "list": "0_Granica obuhvata_ID_DPU_DRACEVAC", "plan": "DPU radne zone Dračevac", "izvor": "DPU radne zone Dračevac (split.hr), vektorizirano iz PDF-a"}}, {"type": "Feature", "geometry": {"type": "Polygon", "coordinates": [[[16.4953884, 43.5277958], [16.4953957, 43.5277776], [16.4953837, 43.5277795], [16.4953884, 43.5277958]]]}, "properties": {"tema": "granica", "opis": "Granica obuhvata plana", "cad_sloj": "TPS_A001_Granica obuhvata", "list": "0_Granica obuhvata_ID_DPU_DRACEVAC", "plan": "DPU radne zone Dračevac", "izvor": "DPU radne zone Dračevac (split.hr), vektorizirano iz PDF-a"}}, {"type": "Feature", "geometry": {"type": "Polygon", "coordinates": [[[16.4953921, 43.5277688], [16.49538, 43.5277715], [16.49539, 43.5277646], [16.4953921, 43.5277688]]]}, "properties": {"tema": "granica", "opis": "Granica obuhvata plana", "cad_sloj": "TPS_A001_Granica obuhvata", "list": "0_Granica obuhvata_ID_DPU_DRACEVAC", "plan": "DPU radne zone Dračevac", "izvor": "DPU radne zone Dračevac (split.hr), vektorizirano iz PDF-a"}}, {"type": "Feature", "geometry": {"type": "Polygon", "coordinates": [[[16.49538, 43.5277715], [16.49539, 43.5277646], [16.4953785, 43.5277677], [16.49538, 43.5277715]]]}, "properties": {"tema": "granica", "opis": "Granica obuhvata plana", "cad_sloj": "TPS_A001_Granica obuhvata", "list": "0_Granica obuhvata_ID_DPU_DRACEVAC", "plan": "DPU radne zone Dračevac", "izvor": "DPU radne zone Dračevac (split.hr), vektorizirano iz PDF-a"}}, {"type": "Feature", "geometry": {"type": "Polygon", "coordinates": [[[16.49539, 43.5277681], [16.4953785, 43.5277646], [16.4953968, 43.5277559], [16.49539, 43.5277681]]]}, "properties": {"tema": "granica", "opis": "Granica obuhvata plana", "cad_sloj": "TPS_A001_Granica obuhvata", "list": "0_Granica obuhvata_ID_DPU_DRACEVAC", "plan": "DPU radne zone Dračevac", "izvor": "DPU radne zone Dračevac (split.hr), vektorizirano iz PDF-a"}}, {"type": "Feature", "geometry": {"type": "Polygon", "coordinates": [[[16.4953785, 43.5277646], [16.4953968, 43.5277559], [16.4953853, 43.5277525], [16.4953785, 43.5277646]]]}, "properties": {"tema": "granica", "opis": "Granica obuhvata plana", "cad_sloj": "TPS_A001_Granica obuhvata", "list": "0_Granica obuhvata_ID_DPU_DRACEVAC", "plan": "DPU radne zone Dračevac", "izvor": "DPU radne zone Dračevac (split.hr), vektorizirano iz PDF-a"}}, {"type": "Feature", "geometry": {"type": "Polygon", "coordinates": [[[16.4954015, 43.5277483], [16.49539, 43.5277445], [16.4954104, 43.5277323], [16.4954015, 43.5277483]]]}, "properties": {"tema": "granica", "opis": "Granica obuhvata plana", "cad_sloj": "TPS_A001_Granica obuhvata", "list": "0_Granica obuhvata_ID_DPU_DRACEVAC", "plan": "DPU radne zone Dračevac", "izvor": "DPU radne zone Dračevac (split.hr), vektorizirano iz PDF-a"}}, {"type": "Feature", "geometry": {"type": "Polygon", "coordinates": [[[16.49539, 43.5277445], [16.4954104, 43.5277323], [16.4953994, 43.5277289], [16.49539, 43.5277445]]]}, "properties": {"tema": "granica", "opis": "Granica obuhvata plana", "cad_sloj": "TPS_A001_Granica obuhvata", "list": "0_Granica obuhvata_ID_DPU_DRACEVAC", "plan": "DPU radne zone Dračevac", "izvor": "DPU radne zone Dračevac (split.hr), vektorizirano iz PDF-a"}}, {"type": "Feature", "geometry": {"type": "Polygon", "coordinates": [[[16.4954151, 43.5277243], [16.4954036, 43.5277209], [16.4954224, 43.5277117], [16.4954151, 43.5277243]]]}, "properties": {"tema": "granica", "opis": "Granica obuhvata plana", "cad_sloj": "TPS_A001_Granica obuhvata", "list": "0_Granica obuhvata_ID_DPU_DRACEVAC", "plan": "DPU radne zone Dračevac", "izvor": "DPU radne zone Dračevac (split.hr), vektorizirano iz PDF-a"}}, {"type": "Feature", "geometry": {"type": "Polygon", "coordinates": [[[16.4954036, 43.5277209], [16.4954224, 43.5277117], [16.4954114, 43.5277083], [16.4954036, 43.5277209]]]}, "properties": {"tema": "granica", "opis": "Granica obuhvata plana", "cad_sloj": "TPS_A001_Granica obuhvata", "list": "0_Granica obuhvata_ID_DPU_DRACEVAC", "plan": "DPU radne zone Dračevac", "izvor": "DPU radne zone Dračevac (split.hr), vektorizirano iz PDF-a"}}, {"type": "Feature", "geometry": {"type": "Polygon", "coordinates": [[[16.4954224, 43.5277117], [16.4954114, 43.5277083], [16.4954234, 43.5277102], [16.4954224, 43.5277117]]]}, "properties": {"tema": "granica", "opis": "Granica obuhvata plana", "cad_sloj": "TPS_A001_Granica obuhvata", "list": "0_Granica obuhvata_ID_DPU_DRACEVAC", "plan": "DPU radne zone Dračevac", "izvor": "DPU radne zone Dračevac (split.hr), vektorizirano iz PDF-a"}}, {"type": "Feature", "geometry": {"type": "Polygon", "coordinates": [[[16.4954114, 43.5277083], [16.4954234, 43.5277102], [16.4954119, 43.5277064], [16.4954114, 43.5277083]]]}, "properties": {"tema": "granica", "opis": "Granica obuhvata plana", "cad_sloj": "TPS_A001_Granica obuhvata", "list": "0_Granica obuhvata_ID_DPU_DRACEVAC", "plan": "DPU radne zone Dračevac", "izvor": "DPU radne zone Dračevac (split.hr), vektorizirano iz PDF-a"}}, {"type": "Feature", "geometry": {"type": "Polygon", "coordinates": [[[16.4954114, 43.5277087], [16.495424, 43.5277068], [16.4954114, 43.5277072], [16.4954114, 43.5277087]]]}, "properties": {"tema": "granica", "opis": "Granica obuhvata plana", "cad_sloj": "TPS_A001_Granica obuhvata", "list": "0_Granica obuhvata_ID_DPU_DRACEVAC", "plan": "DPU radne zone Dračevac", "izvor": "DPU radne zone Dračevac (split.hr), vektorizirano iz PDF-a"}}, {"type": "Feature", "geometry": {"type": "Polygon", "coordinates": [[[16.4954235, 43.527698], [16.4954109, 43.5276984], [16.4954224, 43.5276809], [16.4954235, 43.527698]]]}, "properties": {"tema": "granica", "opis": "Granica obuhvata plana", "cad_sloj": "TPS_A001_Granica obuhvata", "list": "0_Granica obuhvata_ID_DPU_DRACEVAC", "plan": "DPU radne zone Dračevac", "izvor": "DPU radne zone Dračevac (split.hr), vektorizirano iz PDF-a"}}, {"type": "Feature", "geometry": {"type": "Polygon", "coordinates": [[[16.4954109, 43.5276984], [16.4954224, 43.5276809], [16.4954099, 43.5276813], [16.4954109, 43.5276984]]]}, "properties": {"tema": "granica", "opis": "Granica obuhvata plana", "cad_sloj": "TPS_A001_Granica obuhvata", "list": "0_Granica obuhvata_ID_DPU_DRACEVAC", "plan": "DPU radne zone Dračevac", "izvor": "DPU radne zone Dračevac (split.hr), vektorizirano iz PDF-a"}}, {"type": "Feature", "geometry": {"type": "Polygon", "coordinates": [[[16.4954214, 43.5276725], [16.4954093, 43.5276729], [16.4954203, 43.5276554], [16.4954214, 43.5276725]]]}, "properties": {"tema": "granica", "opis": "Granica obuhvata plana", "cad_sloj": "TPS_A001_Granica obuhvata", "list": "0_Granica obuhvata_ID_DPU_DRACEVAC", "plan": "DPU radne zone Dračevac", "izvor": "DPU radne zone Dračevac (split.hr), vektorizirano iz PDF-a"}}, {"type": "Feature", "geometry": {"type": "Polygon", "coordinates": [[[16.4954093, 43.5276729], [16.4954203, 43.5276554], [16.4954083, 43.5276558], [16.4954093, 43.5276729]]]}, "properties": {"tema": "granica", "opis": "Granica obuhvata plana", "cad_sloj": "TPS_A001_Granica obuhvata", "list": "0_Granica obuhvata_ID_DPU_DRACEVAC", "plan": "DPU radne zone Dračevac", "izvor": "DPU radne zone Dračevac (split.hr), vektorizirano iz PDF-a"}}, {"type": "Feature", "geometry": {"type": "Polygon", "coordinates": [[[16.4954198, 43.527647], [16.4954078, 43.5276474], [16.4954187, 43.5276299], [16.4954198, 43.527647]]]}, "properties": {"tema": "granica", "opis": "Granica obuhvata plana", "cad_sloj": "TPS_A001_Granica obuhvata", "list": "0_Granica obuhvata_ID_DPU_DRACEVAC", "plan": "DPU radne zone Dračevac", "izvor": "DPU radne zone Dračevac (split.hr), vektorizirano iz PDF-a"}}, {"type": "Feature", "geometry": {"type": "Polygon", "coordinates": [[[16.4954078, 43.5276474], [16.4954187, 43.5276299], [16.4954062, 43.5276303], [16.4954078, 43.5276474]]]}, "properties": {"tema": "granica", "opis": "Granica obuhvata plana", "cad_sloj": "TPS_A001_Granica obuhvata", "list": "0_Granica obuhvata_ID_DPU_DRACEVAC", "plan": "DPU radne zone Dračevac", "izvor": "DPU radne zone Dračevac (split.hr), vektorizirano iz PDF-a"}}, {"type": "Feature", "geometry": {"type": "Polygon", "coordinates": [[[16.4954182, 43.5276211], [16.4954057, 43.5276215], [16.4954182, 43.5276181], [16.4954182, 43.5276211]]]}, "properties": {"tema": "granica", "opis": "Granica obuhvata plana", "cad_sloj": "TPS_A001_Granica obuhvata", "list": "0_Granica obuhvata_ID_DPU_DRACEVAC", "plan": "DPU radne zone Dračevac", "izvor": "DPU radne zone Dračevac (split.hr), vektorizirano iz PDF-a"}}, {"type": "Feature", "geometry": {"type": "Polygon", "coordinates": [[[16.4954057, 43.5276215], [16.4954182, 43.5276181], [16.4954057, 43.5276185], [16.4954057, 43.5276215]]]}, "properties": {"tema": "granica", "opis": "Granica obuhvata plana", "cad_sloj": "TPS_A001_Granica obuhvata", "list": "0_Granica obuhvata_ID_DPU_DRACEVAC", "plan": "DPU radne zone Dračevac", "izvor": "DPU radne zone Dračevac (split.hr), vektorizirano iz PDF-a"}}, {"type": "Feature", "geometry": {"type": "Polygon", "coordinates": [[[16.4954182, 43.5276181], [16.4954057, 43.5276185], [16.4954177, 43.5276044], [16.4954182, 43.5276181]]]}, "properties": {"tema": "granica", "opis": "Granica obuhvata plana", "cad_sloj": "TPS_A001_Granica obuhvata", "list": "0_Granica obuhvata_ID_DPU_DRACEVAC", "plan": "DPU radne zone Dračevac", "izvor": "DPU radne zone Dračevac (split.hr), vektorizirano iz PDF-a"}}, {"type": "Feature", "geometry": {"type": "Polygon", "coordinates": [[[16.4954057, 43.5276185], [16.4954177, 43.5276044], [16.4954051, 43.5276044], [16.4954057, 43.5276185]]]}, "properties": {"tema": "granica", "opis": "Granica obuhvata plana", "cad_sloj": "TPS_A001_Granica obuhvata", "list": "0_Granica obuhvata_ID_DPU_DRACEVAC", "plan": "DPU radne zone Dračevac", "izvor": "DPU radne zone Dračevac (split.hr), vektorizirano iz PDF-a"}}, {"type": "Feature", "geometry": {"type": "Polygon", "coordinates": [[[16.4954172, 43.5275956], [16.4954051, 43.527596], [16.4954167, 43.5275785], [16.4954172, 43.5275956]]]}, "properties": {"tema": "granica", "opis": "Granica obuhvata plana", "cad_sloj": "TPS_A001_Granica obuhvata", "list": "0_Granica obuhvata_ID_DPU_DRACEVAC", "plan": "DPU radne zone Dračevac", "izvor": "DPU radne zone Dračevac (split.hr), vektorizirano iz PDF-a"}}, {"type": "Feature", "geometry": {"type": "Polygon", "coordinates": [[[16.4954051, 43.527596], [16.4954167, 43.5275785], [16.4954046, 43.5275789], [16.4954051, 43.527596]]]}, "properties": {"tema": "granica", "opis": "Granica obuhvata plana", "cad_sloj": "TPS_A001_Granica obuhvata", "list": "0_Granica obuhvata_ID_DPU_DRACEVAC", "plan": "DPU radne zone Dračevac", "izvor": "DPU radne zone Dračevac (split.hr), vektorizirano iz PDF-a"}}, {"type": "Feature", "geometry": {"type": "Polygon", "coordinates": [[[16.4954167, 43.5275701], [16.4954041, 43.5275701], [16.4954167, 43.5275637], [16.4954167, 43.5275701]]]}, "properties": {"tema": "granica", "opis": "Granica obuhvata plana", "cad_sloj": "TPS_A001_Granica obuhvata", "list": "0_Granica obuhvata_ID_DPU_DRACEVAC", "plan": "DPU radne zone Dračevac", "izvor": "DPU radne zone Dračevac (split.hr), vektorizirano iz PDF-a"}}, {"type": "Feature", "geometry": {"type": "Polygon", "coordinates": [[[16.4954041, 43.5275701], [16.4954167, 43.5275637], [16.4954041, 43.527564], [16.4954041, 43.5275701]]]}, "properties": {"tema": "granica", "opis": "Granica obuhvata plana", "cad_sloj": "TPS_A001_Granica obuhvata", "list": "0_Granica obuhvata_ID_DPU_DRACEVAC", "plan": "DPU radne zone Dračevac", "izvor": "DPU radne zone Dračevac (split.hr), vektorizirano iz PDF-a"}}, {"type": "Feature", "geometry": {"type": "Polygon", "coordinates": [[[16.4954161, 43.5275629], [16.4954041, 43.5275648], [16.495414, 43.5275545], [16.4954161, 43.5275629]]]}, "properties": {"tema": "granica", "opis": "Granica obuhvata plana", "cad_sloj": "TPS_A001_Granica obuhvata", "list": "0_Granica obuhvata_ID_DPU_DRACEVAC", "plan": "DPU radne zone Dračevac", "izvor": "DPU radne zone Dračevac (split.hr), vektorizirano iz PDF-a"}}, {"type": "Feature", "geometry": {"type": "Polygon", "coordinates": [[[16.4954041, 43.5275648], [16.495414, 43.5275545], [16.495402, 43.5275564], [16.4954041, 43.5275648]]]}, "properties": {"tema": "granica", "opis": "Granica obuhvata plana", "cad_sloj": "TPS_A001_Granica obuhvata", "list": "0_Granica obuhvata_ID_DPU_DRACEVAC", "plan": "DPU radne zone Dračevac", "izvor": "DPU radne zone Dračevac (split.hr), vektorizirano iz PDF-a"}}, {"type": "Feature", "geometry": {"type": "Polygon", "coordinates": [[[16.495414, 43.5275561], [16.495402, 43.5275553], [16.4954146, 43.5275534], [16.495414, 43.5275561]]]}, "properties": {"tema": "granica", "opis": "Granica obuhvata plana", "cad_sloj": "TPS_A001_Granica obuhvata", "list": "0_Granica obuhvata_ID_DPU_DRACEVAC", "plan": "DPU radne zone Dračevac", "izvor": "DPU radne zone Dračevac (split.hr), vektorizirano iz PDF-a"}}, {"type": "Feature", "geometry": {"type": "Polygon", "coordinates": [[[16.495402, 43.5275553], [16.4954146, 43.5275534], [16.495402, 43.527553], [16.495402, 43.5275553]]]}, "properties": {"tema": "granica", "opis": "Granica obuhvata plana", "cad_sloj": "TPS_A001_Granica obuhvata", "list": "0_Granica obuhvata_ID_DPU_DRACEVAC", "plan": "DPU radne zone Dračevac", "izvor": "DPU radne zone Dračevac (split.hr), vektorizirano iz PDF-a"}}, {"type": "Feature", "geometry": {"type": "Polygon", "coordinates": [[[16.4954151, 43.527545], [16.4954025, 43.5275443], [16.4954161, 43.5275279], [16.4954151, 43.527545]]]}, "properties": {"tema": "granica", "opis": "Granica obuhvata plana", "cad_sloj": "TPS_A001_Granica obuhvata", "list": "0_Granica obuhvata_ID_DPU_DRACEVAC", "plan": "DPU radne zone Dračevac", "izvor": "DPU radne zone Dračevac (split.hr), vektorizirano iz PDF-a"}}, {"type": "Feature", "geometry": {"type": "Polygon", "coordinates": [[[16.4954025, 43.5275443], [16.4954161, 43.5275279], [16.4954041, 43.5275275], [16.4954025, 43.5275443]]]}, "properties": {"tema": "granica", "opis": "Granica obuhvata plana", "cad_sloj": "TPS_A001_Granica obuhvata", "list": "0_Granica obuhvata_ID_DPU_DRACEVAC", "plan": "DPU radne zone Dračevac", "izvor": "DPU radne zone Dračevac (split.hr), vektorizirano iz PDF-a"}}, {"type": "Feature", "geometry": {"type": "Polygon", "coordinates": [[[16.4954172, 43.5275191], [16.4954046, 43.5275188], [16.4954182, 43.5275024], [16.4954172, 43.5275191]]]}, "properties": {"tema": "granica", "opis": "Granica obuhvata plana", "cad_sloj": "TPS_A001_Granica obuhvata", "list": "0_Granica obuhvata_ID_DPU_DRACEVAC", "plan": "DPU radne zone Dračevac", "izvor": "DPU radne zone Dračevac (split.hr), vektorizirano iz PDF-a"}}, {"type": "Feature", "geometry": {"type": "Polygon", "coordinates": [[[16.4954046, 43.5275188], [16.4954182, 43.5275024], [16.4954062, 43.5275016], [16.4954046, 43.5275188]]]}, "properties": {"tema": "granica", "opis": "Granica obuhvata plana", "cad_sloj": "TPS_A001_Granica obuhvata", "list": "0_Granica obuhvata_ID_DPU_DRACEVAC", "plan": "DPU radne zone Dračevac", "izvor": "DPU radne zone Dračevac (split.hr), vektorizirano iz PDF-a"}}, {"type": "Feature", "geometry": {"type": "Polygon", "coordinates": [[[16.4954193, 43.5274936], [16.4954067, 43.5274933], [16.4954203, 43.5274765], [16.4954193, 43.5274936]]]}, "properties": {"tema": "granica", "opis": "Granica obuhvata plana", "cad_sloj": "TPS_A001_Granica obuhvata", "list": "0_Granica obuhvata_ID_DPU_DRACEVAC", "plan": "DPU radne zone Dračevac", "izvor": "DPU radne zone Dračevac (split.hr), vektorizirano iz PDF-a"}}, {"type": "Feature", "geometry": {"type": "Polygon", "coordinates": [[[16.4954067, 43.5274933], [16.4954203, 43.5274765], [16.4954083, 43.5274761], [16.4954067, 43.5274933]]]}, "properties": {"tema": "granica", "opis": "Granica obuhvata plana", "cad_sloj": "TPS_A001_Granica obuhvata", "list": "0_Granica obuhvata_ID_DPU_DRACEVAC", "plan": "DPU radne zone Dračevac", "izvor": "DPU radne zone Dračevac (split.hr), vektorizirano iz PDF-a"}}, {"type": "Feature", "geometry": {"type": "Polygon", "coordinates": [[[16.4954209, 43.5274678], [16.4954088, 43.5274678], [16.4954214, 43.5274506], [16.4954209, 43.5274678]]]}, "properties": {"tema": "granica", "opis": "Granica obuhvata plana", "cad_sloj": "TPS_A001_Granica obuhvata", "list": "0_Granica obuhvata_ID_DPU_DRACEVAC", "plan": "DPU radne zone Dračevac", "izvor": "DPU radne zone Dračevac (split.hr), vektorizirano iz PDF-a"}}, {"type": "Feature", "geometry": {"type": "Polygon", "coordinates": [[[16.4954088, 43.5274678], [16.4954214, 43.5274506], [16.4954093, 43.5274506], [16.4954088, 43.5274678]]]}, "properties": {"tema": "granica", "opis": "Granica obuhvata plana", "cad_sloj": "TPS_A001_Granica obuhvata", "list": "0_Granica obuhvata_ID_DPU_DRACEVAC", "plan": "DPU radne zone Dračevac", "izvor": "DPU radne zone Dračevac (split.hr), vektorizirano iz PDF-a"}}, {"type": "Feature", "geometry": {"type": "Polygon", "coordinates": [[[16.4954219, 43.5274422], [16.4954093, 43.5274422], [16.4954224, 43.5274251], [16.4954219, 43.5274422]]]}, "properties": {"tema": "granica", "opis": "Granica obuhvata plana", "cad_sloj": "TPS_A001_Granica obuhvata", "list": "0_Granica obuhvata_ID_DPU_DRACEVAC", "plan": "DPU radne zone Dračevac", "izvor": "DPU radne zone Dračevac (split.hr), vektorizirano iz PDF-a"}}, {"type": "Feature", "geometry": {"type": "Polygon", "coordinates": [[[16.4954093, 43.5274422], [16.4954224, 43.5274251], [16.4954099, 43.5274251], [16.4954093, 43.5274422]]]}, "properties": {"tema": "granica", "opis": "Granica obuhvata plana", "cad_sloj": "TPS_A001_Granica obuhvata", "list": "0_Granica obuhvata_ID_DPU_DRACEVAC", "plan": "DPU radne zone Dračevac", "izvor": "DPU radne zone Dračevac (split.hr), vektorizirano iz PDF-a"}}, {"type": "Feature", "geometry": {"type": "Polygon", "coordinates": [[[16.4954224, 43.5274167], [16.4954099, 43.5274164], [16.4954229, 43.5273996], [16.4954224, 43.5274167]]]}, "properties": {"tema": "granica", "opis": "Granica obuhvata plana", "cad_sloj": "TPS_A001_Granica obuhvata", "list": "0_Granica obuhvata_ID_DPU_DRACEVAC", "plan": "DPU radne zone Dračevac", "izvor": "DPU radne zone Dračevac (split.hr), vektorizirano iz PDF-a"}}, {"type": "Feature", "geometry": {"type": "Polygon", "coordinates": [[[16.4954099, 43.5274164], [16.4954229, 43.5273996], [16.4954104, 43.5273992], [16.4954099, 43.5274164]]]}, "properties": {"tema": "granica", "opis": "Granica obuhvata plana", "cad_sloj": "TPS_A001_Granica obuhvata", "list": "0_Granica obuhvata_ID_DPU_DRACEVAC", "plan": "DPU radne zone Dračevac", "izvor": "DPU radne zone Dračevac (split.hr), vektorizirano iz PDF-a"}}, {"type": "Feature", "geometry": {"type": "Polygon", "coordinates": [[[16.495423, 43.5273909], [16.4954109, 43.5273909], [16.4954235, 43.5273737], [16.495423, 43.5273909]]]}, "properties": {"tema": "granica", "opis": "Granica obuhvata plana", "cad_sloj": "TPS_A001_Granica obuhvata", "list": "0_Granica obuhvata_ID_DPU_DRACEVAC", "plan": "DPU radne zone Dračevac", "izvor": "DPU radne zone Dračevac (split.hr), vektorizirano iz PDF-a"}}, {"type": "Feature", "geometry": {"type": "Polygon", "coordinates": [[[16.4954109, 43.5273909], [16.4954235, 43.5273737], [16.4954114, 43.5273737], [16.4954109, 43.5273909]]]}, "properties": {"tema": "granica", "opis": "Granica obuhvata plana", "cad_sloj": "TPS_A001_Granica obuhvata", "list": "0_Granica obuhvata_ID_DPU_DRACEVAC", "plan": "DPU radne zone Dračevac", "izvor": "DPU radne zone Dračevac (split.hr), vektorizirano iz PDF-a"}}, {"type": "Feature", "geometry": {"type": "Polygon", "coordinates": [[[16.495424, 43.5273654], [16.4954114, 43.527365], [16.4954245, 43.5273482], [16.495424, 43.5273654]]]}, "properties": {"tema": "granica", "opis": "Granica obuhvata plana", "cad_sloj": "TPS_A001_Granica obuhvata", "list": "0_Granica obuhvata_ID_DPU_DRACEVAC", "plan": "DPU radne zone Dračevac", "izvor": "DPU radne zone Dračevac (split.hr), vektorizirano iz PDF-a"}}, {"type": "Feature", "geometry": {"type": "Polygon", "coordinates": [[[16.4954114, 43.527365], [16.4954245, 43.5273482], [16.495412, 43.5273479], [16.4954114, 43.527365]]]}, "properties": {"tema": "granica", "opis": "Granica obuhvata plana", "cad_sloj": "TPS_A001_Granica obuhvata", "list": "0_Granica obuhvata_ID_DPU_DRACEVAC", "plan": "DPU radne zone Dračevac", "izvor": "DPU radne zone Dračevac (split.hr), vektorizirano iz PDF-a"}}, {"type": "Feature", "geometry": {"type": "Polygon", "coordinates": [[[16.4954245, 43.5273395], [16.4954125, 43.5273395], [16.495425, 43.5273227], [16.4954245, 43.5273395]]]}, "properties": {"tema": "granica", "opis": "Granica obuhvata plana", "cad_sloj": "TPS_A001_Granica obuhvata", "list": "0_Granica obuhvata_ID_DPU_DRACEVAC", "plan": "DPU radne zone Dračevac", "izvor": "DPU radne zone Dračevac (split.hr), vektorizirano iz PDF-a"}}, {"type": "Feature", "geometry": {"type": "Polygon", "coordinates": [[[16.4954125, 43.5273395], [16.495425, 43.5273227], [16.495413, 43.5273227], [16.4954125, 43.5273395]]]}, "properties": {"tema": "granica", "opis": "Granica obuhvata plana", "cad_sloj": "TPS_A001_Granica obuhvata", "list": "0_Granica obuhvata_ID_DPU_DRACEVAC", "plan": "DPU radne zone Dračevac", "izvor": "DPU radne zone Dračevac (split.hr), vektorizirano iz PDF-a"}}, {"type": "Feature", "geometry": {"type": "Polygon", "coordinates": [[[16.4954256, 43.527314], [16.495413, 43.5273136], [16.4954256, 43.5273117], [16.4954256, 43.527314]]]}, "properties": {"tema": "granica", "opis": "Granica obuhvata plana", "cad_sloj": "TPS_A001_Granica obuhvata", "list": "0_Granica obuhvata_ID_DPU_DRACEVAC", "plan": "DPU radne zone Dračevac", "izvor": "DPU radne zone Dračevac (split.hr), vektorizirano iz PDF-a"}}, {"type": "Feature", "geometry": {"type": "Polygon", "coordinates": [[[16.495413, 43.5273136], [16.4954256, 43.5273117], [16.4954135, 43.5273117], [16.495413, 43.5273136]]]}, "properties": {"tema": "granica", "opis": "Granica obuhvata plana", "cad_sloj": "TPS_A001_Granica obuhvata", "list": "0_Granica obuhvata_ID_DPU_DRACEVAC", "plan": "DPU radne zone Dračevac", "izvor": "DPU radne zone Dračevac (split.hr), vektorizirano iz PDF-a"}}, {"type": "Feature", "geometry": {"type": "Polygon", "coordinates": [[[16.4954256, 43.5273117], [16.4954135, 43.5273117], [16.4954261, 43.5272969], [16.4954256, 43.5273117]]]}, "properties": {"tema": "granica", "opis": "Granica obuhvata plana", "cad_sloj": "TPS_A001_Granica obuhvata", "list": "0_Granica obuhvata_ID_DPU_DRACEVAC", "plan": "DPU radne zone Dračevac", "izvor": "DPU radne zone Dračevac (split.hr), vektorizirano iz PDF-a"}}, {"type": "Feature", "geometry": {"type": "Polygon", "coordinates": [[[16.4954135, 43.5273117], [16.4954261, 43.5272969], [16.4954141, 43.5272969], [16.4954135, 43.5273117]]]}, "properties": {"tema": "granica", "opis": "Granica obuhvata plana", "cad_sloj": "TPS_A001_Granica obuhvata", "list": "0_Granica obuhvata_ID_DPU_DRACEVAC", "plan": "DPU radne zone Dračevac", "izvor": "DPU radne zone Dračevac (split.hr), vektorizirano iz PDF-a"}}, {"type": "Feature", "geometry": {"type": "Polygon", "coordinates": [[[16.4954266, 43.5272885], [16.4954146, 43.5272881], [16.4954277, 43.5272714], [16.4954266, 43.5272885]]]}, "properties": {"tema": "granica", "opis": "Granica obuhvata plana", "cad_sloj": "TPS_A001_Granica obuhvata", "list": "0_Granica obuhvata_ID_DPU_DRACEVAC", "plan": "DPU radne zone Dračevac", "izvor": "DPU radne zone Dračevac (split.hr), vektorizirano iz PDF-a"}}, {"type": "Feature", "geometry": {"type": "Polygon", "coordinates": [[[16.4954146, 43.5272881], [16.4954277, 43.5272714], [16.4954156, 43.527271], [16.4954146, 43.5272881]]]}, "properties": {"tema": "granica", "opis": "Granica obuhvata plana", "cad_sloj": "TPS_A001_Granica obuhvata", "list": "0_Granica obuhvata_ID_DPU_DRACEVAC", "plan": "DPU radne zone Dračevac", "izvor": "DPU radne zone Dračevac (split.hr), vektorizirano iz PDF-a"}}, {"type": "Feature", "geometry": {"type": "Polygon", "coordinates": [[[16.4954287, 43.527263], [16.4954162, 43.5272626], [16.4954298, 43.5272458], [16.4954287, 43.527263]]]}, "properties": {"tema": "granica", "opis": "Granica obuhvata plana", "cad_sloj": "TPS_A001_Granica obuhvata", "list": "0_Granica obuhvata_ID_DPU_DRACEVAC", "plan": "DPU radne zone Dračevac", "izvor": "DPU radne zone Dračevac (split.hr), vektorizirano iz PDF-a"}}, {"type": "Feature", "geometry": {"type": "Polygon", "coordinates": [[[16.4954162, 43.5272626], [16.4954298, 43.5272458], [16.4954172, 43.5272455], [16.4954162, 43.5272626]]]}, "properties": {"tema": "granica", "opis": "Granica obuhvata plana", "cad_sloj": "TPS_A001_Granica obuhvata", "list": "0_Granica obuhvata_ID_DPU_DRACEVAC", "plan": "DPU radne zone Dračevac", "izvor": "DPU radne zone Dračevac (split.hr), vektorizirano iz PDF-a"}}, {"type": "Feature", "geometry": {"type": "Polygon", "coordinates": [[[16.4954303, 43.5272371], [16.4954177, 43.5272367], [16.4954313, 43.52722], [16.4954303, 43.5272371]]]}, "properties": {"tema": "granica", "opis": "Granica obuhvata plana", "cad_sloj": "TPS_A001_Granica obuhvata", "list": "0_Granica obuhvata_ID_DPU_DRACEVAC", "plan": "DPU radne zone Dračevac", "izvor": "DPU radne zone Dračevac (split.hr), vektorizirano iz PDF-a"}}, {"type": "Feature", "geometry": {"type": "Polygon", "coordinates": [[[16.4954177, 43.5272367], [16.4954313, 43.52722], [16.4954188, 43.5272196], [16.4954177, 43.5272367]]]}, "properties": {"tema": "granica", "opis": "Granica obuhvata plana", "cad_sloj": "TPS_A001_Granica obuhvata", "list": "0_Granica obuhvata_ID_DPU_DRACEVAC", "plan": "DPU radne zone Dračevac", "izvor": "DPU radne zone Dračevac (split.hr), vektorizirano iz PDF-a"}}, {"type": "Feature", "geometry": {"type": "Polygon", "coordinates": [[[16.4954313, 43.5272116], [16.4954193, 43.5272112], [16.4954324, 43.5271945], [16.4954313, 43.5272116]]]}, "properties": {"tema": "granica", "opis": "Granica obuhvata plana", "cad_sloj": "TPS_A001_Granica obuhvata", "list": "0_Granica obuhvata_ID_DPU_DRACEVAC", "plan": "DPU radne zone Dračevac", "izvor": "DPU radne zone Dračevac (split.hr), vektorizirano iz PDF-a"}}, {"type": "Feature", "geometry": {"type": "Polygon", "coordinates": [[[16.4954193, 43.5272112], [16.4954324, 43.5271945], [16.4954203, 43.5271941], [16.4954193, 43.5272112]]]}, "properties": {"tema": "granica", "opis": "Granica obuhvata plana", "cad_sloj": "TPS_A001_Granica obuhvata", "list": "0_Granica obuhvata_ID_DPU_DRACEVAC", "plan": "DPU radne zone Dračevac", "izvor": "DPU radne zone Dračevac (split.hr), vektorizirano iz PDF-a"}}, {"type": "Feature", "geometry": {"type": "Polygon", "coordinates": [[[16.4954329, 43.5271861], [16.4954209, 43.5271857], [16.495434, 43.527169], [16.4954329, 43.5271861]]]}, "properties": {"tema": "granica", "opis": "Granica obuhvata plana", "cad_sloj": "TPS_A001_Granica obuhvata", "list": "0_Granica obuhvata_ID_DPU_DRACEVAC", "plan": "DPU radne zone Dračevac", "izvor": "DPU radne zone Dračevac (split.hr), vektorizirano iz PDF-a"}}, {"type": "Feature", "geometry": {"type": "Polygon", "coordinates": [[[16.4954209, 43.5271857], [16.495434, 43.527169], [16.4954214, 43.5271686], [16.4954209, 43.5271857]]]}, "properties": {"tema": "granica", "opis": "Granica obuhvata plana", "cad_sloj": "TPS_A001_Granica obuhvata", "list": "0_Granica obuhvata_ID_DPU_DRACEVAC", "plan": "DPU radne zone Dračevac", "izvor": "DPU radne zone Dračevac (split.hr), vektorizirano iz PDF-a"}}, {"type": "Feature", "geometry": {"type": "Polygon", "coordinates": [[[16.4954345, 43.5271602], [16.4954219, 43.5271598], [16.4954355, 43.5271431], [16.4954345, 43.5271602]]]}, "properties": {"tema": "granica", "opis": "Granica obuhvata plana", "cad_sloj": "TPS_A001_Granica obuhvata", "list": "0_Granica obuhvata_ID_DPU_DRACEVAC", "plan": "DPU radne zone Dračevac", "izvor": "DPU radne zone Dračevac (split.hr), vektorizirano iz PDF-a"}}, {"type": "Feature", "geometry": {"type": "Polygon", "coordinates": [[[16.4954219, 43.5271598], [16.4954355, 43.5271431], [16.495423, 43.5271427], [16.4954219, 43.5271598]]]}, "properties": {"tema": "granica", "opis": "Granica obuhvata plana", "cad_sloj": "TPS_A001_Granica obuhvata", "list": "0_Granica obuhvata_ID_DPU_DRACEVAC", "plan": "DPU radne zone Dračevac", "izvor": "DPU radne zone Dračevac (split.hr), vektorizirano iz PDF-a"}}, {"type": "Feature", "geometry": {"type": "Polygon", "coordinates": [[[16.495436, 43.5271347], [16.4954235, 43.5271343], [16.4954366, 43.5271176], [16.495436, 43.5271347]]]}, "properties": {"tema": "granica", "opis": "Granica obuhvata plana", "cad_sloj": "TPS_A001_Granica obuhvata", "list": "0_Granica obuhvata_ID_DPU_DRACEVAC", "plan": "DPU radne zone Dračevac", "izvor": "DPU radne zone Dračevac (split.hr), vektorizirano iz PDF-a"}}, {"type": "Feature", "geometry": {"type": "Polygon", "coordinates": [[[16.4954235, 43.5271343], [16.4954366, 43.5271176], [16.495424, 43.5271172], [16.4954235, 43.5271343]]]}, "properties": {"tema": "granica", "opis": "Granica obuhvata plana", "cad_sloj": "TPS_A001_Granica obuhvata", "list": "0_Granica obuhvata_ID_DPU_DRACEVAC", "plan": "DPU radne zone Dračevac", "izvor": "DPU radne zone Dračevac (split.hr), vektorizirano iz PDF-a"}}, {"type": "Feature", "geometry": {"type": "Polygon", "coordinates": [[[16.4954371, 43.5271088], [16.4954245, 43.5271088], [16.4954376, 43.5270921], [16.4954371, 43.5271088]]]}, "properties": {"tema": "granica", "opis": "Granica obuhvata plana", "cad_sloj": "TPS_A001_Granica obuhvata", "list": "0_Granica obuhvata_ID_DPU_DRACEVAC", "plan": "DPU radne zone Dračevac", "izvor": "DPU radne zone Dračevac (split.hr), vektorizirano iz PDF-a"}}, {"type": "Feature", "geometry": {"type": "Polygon", "coordinates": [[[16.4954245, 43.5271088], [16.4954376, 43.5270921], [16.4954256, 43.5270917], [16.4954245, 43.5271088]]]}, "properties": {"tema": "granica", "opis": "Granica obuhvata plana", "cad_sloj": "TPS_A001_Granica obuhvata", "list": "0_Granica obuhvata_ID_DPU_DRACEVAC", "plan": "DPU radne zone Dračevac", "izvor": "DPU radne zone Dračevac (split.hr), vektorizirano iz PDF-a"}}, {"type": "Feature", "geometry": {"type": "Polygon", "coordinates": [[[16.4954381, 43.5270833], [16.4954261, 43.5270829], [16.4954392, 43.5270662], [16.4954381, 43.5270833]]]}, "properties": {"tema": "granica", "opis": "Granica obuhvata plana", "cad_sloj": "TPS_A001_Granica obuhvata", "list": "0_Granica obuhvata_ID_DPU_DRACEVAC", "plan": "DPU radne zone Dračevac", "izvor": "DPU radne zone Dračevac (split.hr), vektorizirano iz PDF-a"}}, {"type": "Feature", "geometry": {"type": "Polygon", "coordinates": [[[16.4954261, 43.5270829], [16.4954392, 43.5270662], [16.4954266, 43.5270658], [16.4954261, 43.5270829]]]}, "properties": {"tema": "granica", "opis": "Granica obuhvata plana", "cad_sloj": "TPS_A001_Granica obuhvata", "list": "0_Granica obuhvata_ID_DPU_DRACEVAC", "plan": "DPU radne zone Dračevac", "izvor": "DPU radne zone Dračevac (split.hr), vektorizirano iz PDF-a"}}, {"type": "Feature", "geometry": {"type": "Polygon", "coordinates": [[[16.4954397, 43.5270578], [16.4954272, 43.5270574], [16.4954402, 43.5270407], [16.4954397, 43.5270578]]]}, "properties": {"tema": "granica", "opis": "Granica obuhvata plana", "cad_sloj": "TPS_A001_Granica obuhvata", "list": "0_Granica obuhvata_ID_DPU_DRACEVAC", "plan": "DPU radne zone Dračevac", "izvor": "DPU radne zone Dračevac (split.hr), vektorizirano iz PDF-a"}}, {"type": "Feature", "geometry": {"type": "Polygon", "coordinates": [[[16.4954272, 43.5270574], [16.4954402, 43.5270407], [16.4954282, 43.5270403], [16.4954272, 43.5270574]]]}, "properties": {"tema": "granica", "opis": "Granica obuhvata plana", "cad_sloj": "TPS_A001_Granica obuhvata", "list": "0_Granica obuhvata_ID_DPU_DRACEVAC", "plan": "DPU radne zone Dračevac", "izvor": "DPU radne zone Dračevac (split.hr), vektorizirano iz PDF-a"}}, {"type": "Feature", "geometry": {"type": "Polygon", "coordinates": [[[16.4954408, 43.5270319], [16.4954287, 43.5270316], [16.4954418, 43.5270148], [16.4954408, 43.5270319]]]}, "properties": {"tema": "granica", "opis": "Granica obuhvata plana", "cad_sloj": "TPS_A001_Granica obuhvata", "list": "0_Granica obuhvata_ID_DPU_DRACEVAC", "plan": "DPU radne zone Dračevac", "izvor": "DPU radne zone Dračevac (split.hr), vektorizirano iz PDF-a"}}, {"type": "Feature", "geometry": {"type": "Polygon", "coordinates": [[[16.4954287, 43.5270316], [16.4954418, 43.5270148], [16.4954293, 43.5270148], [16.4954287, 43.5270316]]]}, "properties": {"tema": "granica", "opis": "Granica obuhvata plana", "cad_sloj": "TPS_A001_Granica obuhvata", "list": "0_Granica obuhvata_ID_DPU_DRACEVAC", "plan": "DPU radne zone Dračevac", "izvor": "DPU radne zone Dračevac (split.hr), vektorizirano iz PDF-a"}}, {"type": "Feature", "geometry": {"type": "Polygon", "coordinates": [[[16.4954423, 43.5270064], [16.4954298, 43.5270061], [16.4954429, 43.5269893], [16.4954423, 43.5270064]]]}, "properties": {"tema": "granica", "opis": "Granica obuhvata plana", "cad_sloj": "TPS_A001_Granica obuhvata", "list": "0_Granica obuhvata_ID_DPU_DRACEVAC", "plan": "DPU radne zone Dračevac", "izvor": "DPU radne zone Dračevac (split.hr), vektorizirano iz PDF-a"}}, {"type": "Feature", "geometry": {"type": "Polygon", "coordinates": [[[16.4954298, 43.5270061], [16.4954429, 43.5269893], [16.4954308, 43.5269889], [16.4954298, 43.5270061]]]}, "properties": {"tema": "granica", "opis": "Granica obuhvata plana", "cad_sloj": "TPS_A001_Granica obuhvata", "list": "0_Granica obuhvata_ID_DPU_DRACEVAC", "plan": "DPU radne zone Dračevac", "izvor": "DPU radne zone Dračevac (split.hr), vektorizirano iz PDF-a"}}, {"type": "Feature", "geometry": {"type": "Polygon", "coordinates": [[[16.4954434, 43.5269809], [16.4954314, 43.5269806], [16.4954444, 43.5269638], [16.4954434, 43.5269809]]]}, "properties": {"tema": "granica", "opis": "Granica obuhvata plana", "cad_sloj": "TPS_A001_Granica obuhvata", "list": "0_Granica obuhvata_ID_DPU_DRACEVAC", "plan": "DPU radne zone Dračevac", "izvor": "DPU radne zone Dračevac (split.hr), vektorizirano iz PDF-a"}}, {"type": "Feature", "geometry": {"type": "Polygon", "coordinates": [[[16.4954314, 43.5269806], [16.4954444, 43.5269638], [16.4954319, 43.5269634], [16.4954314, 43.5269806]]]}, "properties": {"tema": "granica", "opis": "Granica obuhvata plana", "cad_sloj": "TPS_A001_Granica obuhvata", "list": "0_Granica obuhvata_ID_DPU_DRACEVAC", "plan": "DPU radne zone Dračevac", "izvor": "DPU radne zone Dračevac (split.hr), vektorizirano iz PDF-a"}}, {"type": "Feature", "geometry": {"type": "Polygon", "coordinates": [[[16.495445, 43.5269551], [16.4954324, 43.5269547], [16.4954455, 43.5269379], [16.495445, 43.5269551]]]}, "properties": {"tema": "granica", "opis": "Granica obuhvata plana", "cad_sloj": "TPS_A001_Granica obuhvata", "list": "0_Granica obuhvata_ID_DPU_DRACEVAC", "plan": "DPU radne zone Dračevac", "izvor": "DPU radne zone Dračevac (split.hr), vektorizirano iz PDF-a"}}, {"type": "Feature", "geometry": {"type": "Polygon", "coordinates": [[[16.4954324, 43.5269547], [16.4954455, 43.5269379], [16.4954334, 43.5269379], [16.4954324, 43.5269547]]]}, "properties": {"tema": "granica", "opis": "Granica obuhvata plana", "cad_sloj": "TPS_A001_Granica obuhvata", "list": "0_Granica obuhvata_ID_DPU_DRACEVAC", "plan": "DPU radne zone Dračevac", "izvor": "DPU radne zone Dračevac (split.hr), vektorizirano iz PDF-a"}}, {"type": "Feature", "geometry": {"type": "Polygon", "coordinates": [[[16.495446, 43.5269296], [16.4954334, 43.5269292], [16.495447, 43.5269124], [16.495446, 43.5269296]]]}, "properties": {"tema": "granica", "opis": "Granica obuhvata plana", "cad_sloj": "TPS_A001_Granica obuhvata", "list": "0_Granica obuhvata_ID_DPU_DRACEVAC", "plan": "DPU radne zone Dračevac", "izvor": "DPU radne zone Dračevac (split.hr), vektorizirano iz PDF-a"}}, {"type": "Feature", "geometry": {"type": "Polygon", "coordinates": [[[16.4954334, 43.5269292], [16.495447, 43.5269124], [16.4954345, 43.526912], [16.4954334, 43.5269292]]]}, "properties": {"tema": "granica", "opis": "Granica obuhvata plana", "cad_sloj": "TPS_A001_Granica obuhvata", "list": "0_Granica obuhvata_ID_DPU_DRACEVAC", "plan": "DPU radne zone Dračevac", "izvor": "DPU radne zone Dračevac (split.hr), vektorizirano iz PDF-a"}}, {"type": "Feature", "geometry": {"type": "Polygon", "coordinates": [[[16.4954471, 43.526904], [16.495435, 43.5269037], [16.4954481, 43.5268869], [16.4954471, 43.526904]]]}, "properties": {"tema": "granica", "opis": "Granica obuhvata plana", "cad_sloj": "TPS_A001_Granica obuhvata", "list": "0_Granica obuhvata_ID_DPU_DRACEVAC", "plan": "DPU radne zone Dračevac", "izvor": "DPU radne zone Dračevac (split.hr), vektorizirano iz PDF-a"}}, {"type": "Feature", "geometry": {"type": "Polygon", "coordinates": [[[16.495435, 43.5269037], [16.4954481, 43.5268869], [16.4954361, 43.5268865], [16.495435, 43.5269037]]]}, "properties": {"tema": "granica", "opis": "Granica obuhvata plana", "cad_sloj": "TPS_A001_Granica obuhvata", "list": "0_Granica obuhvata_ID_DPU_DRACEVAC", "plan": "DPU radne zone Dračevac", "izvor": "DPU radne zone Dračevac (split.hr), vektorizirano iz PDF-a"}}, {"type": "Feature", "geometry": {"type": "Polygon", "coordinates": [[[16.4954486, 43.5268782], [16.4954361, 43.5268778], [16.4954497, 43.526861], [16.4954486, 43.5268782]]]}, "properties": {"tema": "granica", "opis": "Granica obuhvata plana", "cad_sloj": "TPS_A001_Granica obuhvata", "list": "0_Granica obuhvata_ID_DPU_DRACEVAC", "plan": "DPU radne zone Dračevac", "izvor": "DPU radne zone Dračevac (split.hr), vektorizirano iz PDF-a"}}, {"type": "Feature", "geometry": {"type": "Polygon", "coordinates": [[[16.4954361, 43.5268778], [16.4954497, 43.526861], [16.4954371, 43.5268607], [16.4954361, 43.5268778]]]}, "properties": {"tema": "granica", "opis": "Granica obuhvata plana", "cad_sloj": "TPS_A001_Granica obuhvata", "list": "0_Granica obuhvata_ID_DPU_DRACEVAC", "plan": "DPU radne zone Dračevac", "izvor": "DPU radne zone Dračevac (split.hr), vektorizirano iz PDF-a"}}, {"type": "Feature", "geometry": {"type": "Polygon", "coordinates": [[[16.4954502, 43.5268527], [16.4954376, 43.5268523], [16.4954507, 43.5268355], [16.4954502, 43.5268527]]]}, "properties": {"tema": "granica", "opis": "Granica obuhvata plana", "cad_sloj": "TPS_A001_Granica obuhvata", "list": "0_Granica obuhvata_ID_DPU_DRACEVAC", "plan": "DPU radne zone Dračevac", "izvor": "DPU radne zone Dračevac (split.hr), vektorizirano iz PDF-a"}}, {"type": "Feature", "geometry": {"type": "Polygon", "coordinates": [[[16.4954376, 43.5268523], [16.4954507, 43.5268355], [16.4954387, 43.5268352], [16.4954376, 43.5268523]]]}, "properties": {"tema": "granica", "opis": "Granica obuhvata plana", "cad_sloj": "TPS_A001_Granica obuhvata", "list": "0_Granica obuhvata_ID_DPU_DRACEVAC", "plan": "DPU radne zone Dračevac", "izvor": "DPU radne zone Dračevac (split.hr), vektorizirano iz PDF-a"}}, {"type": "Feature", "geometry": {"type": "Polygon", "coordinates": [[[16.4954512, 43.5268268], [16.4954392, 43.5268268], [16.4954518, 43.5268237], [16.4954512, 43.5268268]]]}, "properties": {"tema": "granica", "opis": "Granica obuhvata plana", "cad_sloj": "TPS_A001_Granica obuhvata", "list": "0_Granica obuhvata_ID_DPU_DRACEVAC", "plan": "DPU radne zone Dračevac", "izvor": "DPU radne zone Dračevac (split.hr), vektorizirano iz PDF-a"}}, {"type": "Feature", "geometry": {"type": "Polygon", "coordinates": [[[16.4954392, 43.5268268], [16.4954518, 43.5268237], [16.4954392, 43.5268234], [16.4954392, 43.5268268]]]}, "properties": {"tema": "granica", "opis": "Granica obuhvata plana", "cad_sloj": "TPS_A001_Granica obuhvata", "list": "0_Granica obuhvata_ID_DPU_DRACEVAC", "plan": "DPU radne zone Dračevac", "izvor": "DPU radne zone Dračevac (split.hr), vektorizirano iz PDF-a"}}, {"type": "Feature", "geometry": {"type": "Polygon", "coordinates": [[[16.4954518, 43.5268237], [16.4954392, 43.5268234], [16.4954523, 43.52681], [16.4954518, 43.5268237]]]}, "properties": {"tema": "granica", "opis": "Granica obuhvata plana", "cad_sloj": "TPS_A001_Granica obuhvata", "list": "0_Granica obuhvata_ID_DPU_DRACEVAC", "plan": "DPU radne zone Dračevac", "izvor": "DPU radne zone Dračevac (split.hr), vektorizirano iz PDF-a"}}, {"type": "Feature", "geometry": {"type": "Polygon", "coordinates": [[[16.4954392, 43.5268234], [16.4954523, 43.52681], [16.4954397, 43.5268097], [16.4954392, 43.5268234]]]}, "properties": {"tema": "granica", "opis": "Granica obuhvata plana", "cad_sloj": "TPS_A001_Granica obuhvata", "list": "0_Granica obuhvata_ID_DPU_DRACEVAC", "plan": "DPU radne zone Dračevac", "izvor": "DPU radne zone Dračevac (split.hr), vektorizirano iz PDF-a"}}, {"type": "Feature", "geometry": {"type": "Polygon", "coordinates": [[[16.4954528, 43.5268013], [16.4954403, 43.5268009], [16.4954533, 43.5267842], [16.4954528, 43.5268013]]]}, "properties": {"tema": "granica", "opis": "Granica obuhvata plana", "cad_sloj": "TPS_A001_Granica obuhvata", "list": "0_Granica obuhvata_ID_DPU_DRACEVAC", "plan": "DPU radne zone Dračevac", "izvor": "DPU radne zone Dračevac (split.hr), vektorizirano iz PDF-a"}}, {"type": "Feature", "geometry": {"type": "Polygon", "coordinates": [[[16.4954403, 43.5268009], [16.4954533, 43.5267842], [16.4954408, 43.5267838], [16.4954403, 43.5268009]]]}, "properties": {"tema": "granica", "opis": "Granica obuhvata plana", "cad_sloj": "TPS_A001_Granica obuhvata", "list": "0_Granica obuhvata_ID_DPU_DRACEVAC", "plan": "DPU radne zone Dračevac", "izvor": "DPU radne zone Dračevac (split.hr), vektorizirano iz PDF-a"}}, {"type": "Feature", "geometry": {"type": "Polygon", "coordinates": [[[16.4954539, 43.5267758], [16.4954413, 43.5267754], [16.4954544, 43.5267587], [16.4954539, 43.5267758]]]}, "properties": {"tema": "granica", "opis": "Granica obuhvata plana", "cad_sloj": "TPS_A001_Granica obuhvata", "list": "0_Granica obuhvata_ID_DPU_DRACEVAC", "plan": "DPU radne zone Dračevac", "izvor": "DPU radne zone Dračevac (split.hr), vektorizirano iz PDF-a"}}, {"type": "Feature", "geometry": {"type": "Polygon", "coordinates": [[[16.4954413, 43.5267754], [16.4954544, 43.5267587], [16.4954424, 43.5267583], [16.4954413, 43.5267754]]]}, "properties": {"tema": "granica", "opis": "Granica obuhvata plana", "cad_sloj": "TPS_A001_Granica obuhvata", "list": "0_Granica obuhvata_ID_DPU_DRACEVAC", "plan": "DPU radne zone Dračevac", "izvor": "DPU radne zone Dračevac (split.hr), vektorizirano iz PDF-a"}}, {"type": "Feature", "geometry": {"type": "Polygon", "coordinates": [[[16.4954549, 43.5267499], [16.4954424, 43.5267499], [16.4954554, 43.5267392], [16.4954549, 43.5267499]]]}, "properties": {"tema": "granica", "opis": "Granica obuhvata plana", "cad_sloj": "TPS_A001_Granica obuhvata", "list": "0_Granica obuhvata_ID_DPU_DRACEVAC", "plan": "DPU radne zone Dračevac", "izvor": "DPU radne zone Dračevac (split.hr), vektorizirano iz PDF-a"}}, {"type": "Feature", "geometry": {"type": "Polygon", "coordinates": [[[16.4954424, 43.5267499], [16.4954554, 43.5267392], [16.4954429, 43.5267389], [16.4954424, 43.5267499]]]}, "properties": {"tema": "granica", "opis": "Granica obuhvata plana", "cad_sloj": "TPS_A001_Granica obuhvata", "list": "0_Granica obuhvata_ID_DPU_DRACEVAC", "plan": "DPU radne zone Dračevac", "izvor": "DPU radne zone Dračevac (split.hr), vektorizirano iz PDF-a"}}, {"type": "Feature", "geometry": {"type": "Polygon", "coordinates": [[[16.4954554, 43.5267392], [16.4954429, 43.5267389], [16.495456, 43.5267331], [16.4954554, 43.5267392]]]}, "properties": {"tema": "granica", "opis": "Granica obuhvata plana", "cad_sloj": "TPS_A001_Granica obuhvata", "list": "0_Granica obuhvata_ID_DPU_DRACEVAC", "plan": "DPU radne zone Dračevac", "izvor": "DPU radne zone Dračevac (split.hr), vektorizirano iz PDF-a"}}, {"type": "Feature", "geometry": {"type": "Polygon", "coordinates": [[[16.4954429, 43.5267389], [16.495456, 43.5267331], [16.4954434, 43.5267324], [16.4954429, 43.5267389]]]}, "properties": {"tema": "granica", "opis": "Granica obuhvata plana", "cad_sloj": "TPS_A001_Granica obuhvata", "list": "0_Granica obuhvata_ID_DPU_DRACEVAC", "plan": "DPU radne zone Dračevac", "izvor": "DPU radne zone Dračevac (split.hr), vektorizirano iz PDF-a"}}, {"type": "Feature", "geometry": {"type": "Polygon", "coordinates": [[[16.4954565, 43.5267244], [16.4954439, 43.526724], [16.495457, 43.5267164], [16.4954565, 43.5267244]]]}, "properties": {"tema": "granica", "opis": "Granica obuhvata plana", "cad_sloj": "TPS_A001_Granica obuhvata", "list": "0_Granica obuhvata_ID_DPU_DRACEVAC", "plan": "DPU radne zone Dračevac", "izvor": "DPU radne zone Dračevac (split.hr), vektorizirano iz PDF-a"}}, {"type": "Feature", "geometry": {"type": "Polygon", "coordinates": [[[16.4954439, 43.526724], [16.495457, 43.5267164], [16.495445, 43.526716], [16.4954439, 43.526724]]]}, "properties": {"tema": "granica", "opis": "Granica obuhvata plana", "cad_sloj": "TPS_A001_Granica obuhvata", "list": "0_Granica obuhvata_ID_DPU_DRACEVAC", "plan": "DPU radne zone Dračevac", "izvor": "DPU radne zone Dračevac (split.hr), vektorizirano iz PDF-a"}}, {"type": "Feature", "geometry": {"type": "Polygon", "coordinates": [[[16.495457, 43.5267164], [16.495445, 43.526716], [16.4954575, 43.5267073], [16.495457, 43.5267164]]]}, "properties": {"tema": "granica", "opis": "Granica obuhvata plana", "cad_sloj": "TPS_A001_Granica obuhvata", "list": "0_Granica obuhvata_ID_DPU_DRACEVAC", "plan": "DPU radne zone Dračevac", "izvor": "DPU radne zone Dračevac (split.hr), vektorizirano iz PDF-a"}}, {"type": "Feature", "geometry": {"type": "Polygon", "coordinates": [[[16.495445, 43.526716], [16.4954575, 43.5267073], [16.4954455, 43.5267069], [16.495445, 43.526716]]]}, "properties": {"tema": "granica", "opis": "Granica obuhvata plana", "cad_sloj": "TPS_A001_Granica obuhvata", "list": "0_Granica obuhvata_ID_DPU_DRACEVAC", "plan": "DPU radne zone Dračevac", "izvor": "DPU radne zone Dračevac (split.hr), vektorizirano iz PDF-a"}}, {"type": "Feature", "geometry": {"type": "Polygon", "coordinates": [[[16.4954581, 43.5266989], [16.4954455, 43.5266985], [16.4954591, 43.5266818], [16.4954581, 43.5266989]]]}, "properties": {"tema": "granica", "opis": "Granica obuhvata plana", "cad_sloj": "TPS_A001_Granica obuhvata", "list": "0_Granica obuhvata_ID_DPU_DRACEVAC", "plan": "DPU radne zone Dračevac", "izvor": "DPU radne zone Dračevac (split.hr), vektorizirano iz PDF-a"}}, {"type": "Feature", "geometry": {"type": "Polygon", "coordinates": [[[16.4954455, 43.5266985], [16.4954591, 43.5266818], [16.4954465, 43.5266814], [16.4954455, 43.5266985]]]}, "properties": {"tema": "granica", "opis": "Granica obuhvata plana", "cad_sloj": "TPS_A001_Granica obuhvata", "list": "0_Granica obuhvata_ID_DPU_DRACEVAC", "plan": "DPU radne zone Dračevac", "izvor": "DPU radne zone Dračevac (split.hr), vektorizirano iz PDF-a"}}, {"type": "Feature", "geometry": {"type": "Polygon", "coordinates": [[[16.4954591, 43.526673], [16.4954471, 43.5266726], [16.4954601, 43.5266559], [16.4954591, 43.526673]]]}, "properties": {"tema": "granica", "opis": "Granica obuhvata plana", "cad_sloj": "TPS_A001_Granica obuhvata", "list": "0_Granica obuhvata_ID_DPU_DRACEVAC", "plan": "DPU radne zone Dračevac", "izvor": "DPU radne zone Dračevac (split.hr), vektorizirano iz PDF-a"}}, {"type": "Feature", "geometry": {"type": "Polygon", "coordinates": [[[16.4954471, 43.5266726], [16.4954601, 43.5266559], [16.4954476, 43.5266559], [16.4954471, 43.5266726]]]}, "properties": {"tema": "granica", "opis": "Granica obuhvata plana", "cad_sloj": "TPS_A001_Granica obuhvata", "list": "0_Granica obuhvata_ID_DPU_DRACEVAC", "plan": "DPU radne zone Dračevac", "izvor": "DPU radne zone Dračevac (split.hr), vektorizirano iz PDF-a"}}, {"type": "Feature", "geometry": {"type": "Polygon", "coordinates": [[[16.4954607, 43.5266475], [16.4954481, 43.5266471], [16.4954617, 43.5266304], [16.4954607, 43.5266475]]]}, "properties": {"tema": "granica", "opis": "Granica obuhvata plana", "cad_sloj": "TPS_A001_Granica obuhvata", "list": "0_Granica obuhvata_ID_DPU_DRACEVAC", "plan": "DPU radne zone Dračevac", "izvor": "DPU radne zone Dračevac (split.hr), vektorizirano iz PDF-a"}}, {"type": "Feature", "geometry": {"type": "Polygon", "coordinates": [[[16.4954481, 43.5266471], [16.4954617, 43.5266304], [16.4954492, 43.52663], [16.4954481, 43.5266471]]]}, "properties": {"tema": "granica", "opis": "Granica obuhvata plana", "cad_sloj": "TPS_A001_Granica obuhvata", "list": "0_Granica obuhvata_ID_DPU_DRACEVAC", "plan": "DPU radne zone Dračevac", "izvor": "DPU radne zone Dračevac (split.hr), vektorizirano iz PDF-a"}}, {"type": "Feature", "geometry": {"type": "Polygon", "coordinates": [[[16.4954617, 43.526622], [16.4954497, 43.5266216], [16.4954622, 43.5266186], [16.4954617, 43.526622]]]}, "properties": {"tema": "granica", "opis": "Granica obuhvata plana", "cad_sloj": "TPS_A001_Granica obuhvata", "list": "0_Granica obuhvata_ID_DPU_DRACEVAC", "plan": "DPU radne zone Dračevac", "izvor": "DPU radne zone Dračevac (split.hr), vektorizirano iz PDF-a"}}, {"type": "Feature", "geometry": {"type": "Polygon", "coordinates": [[[16.4954497, 43.5266216], [16.4954622, 43.5266186], [16.4954497, 43.5266182], [16.4954497, 43.5266216]]]}, "properties": {"tema": "granica", "opis": "Granica obuhvata plana", "cad_sloj": "TPS_A001_Granica obuhvata", "list": "0_Granica obuhvata_ID_DPU_DRACEVAC", "plan": "DPU radne zone Dračevac", "izvor": "DPU radne zone Dračevac (split.hr), vektorizirano iz PDF-a"}}, {"type": "Feature", "geometry": {"type": "Polygon", "coordinates": [[[16.4954622, 43.5266186], [16.4954497, 43.5266182], [16.4954628, 43.5266049], [16.4954622, 43.5266186]]]}, "properties": {"tema": "granica", "opis": "Granica obuhvata plana", "cad_sloj": "TPS_A001_Granica obuhvata", "list": "0_Granica obuhvata_ID_DPU_DRACEVAC", "plan": "DPU radne zone Dračevac", "izvor": "DPU radne zone Dračevac (split.hr), vektorizirano iz PDF-a"}}, {"type": "Feature", "geometry": {"type": "Polygon", "coordinates": [[[16.4954497, 43.5266182], [16.4954628, 43.5266049], [16.4954507, 43.5266045], [16.4954497, 43.5266182]]]}, "properties": {"tema": "granica", "opis": "Granica obuhvata plana", "cad_sloj": "TPS_A001_Granica obuhvata", "list": "0_Granica obuhvata_ID_DPU_DRACEVAC", "plan": "DPU radne zone Dračevac", "izvor": "DPU radne zone Dračevac (split.hr), vektorizirano iz PDF-a"}}, {"type": "Feature", "geometry": {"type": "Polygon", "coordinates": [[[16.4954633, 43.5265961], [16.4954513, 43.5265957], [16.4954643, 43.526579], [16.4954633, 43.5265961]]]}, "properties": {"tema": "granica", "opis": "Granica obuhvata plana", "cad_sloj": "TPS_A001_Granica obuhvata", "list": "0_Granica obuhvata_ID_DPU_DRACEVAC", "plan": "DPU radne zone Dračevac", "izvor": "DPU radne zone Dračevac (split.hr), vektorizirano iz PDF-a"}}, {"type": "Feature", "geometry": {"type": "Polygon", "coordinates": [[[16.4954513, 43.5265957], [16.4954643, 43.526579], [16.4954523, 43.5265786], [16.4954513, 43.5265957]]]}, "properties": {"tema": "granica", "opis": "Granica obuhvata plana", "cad_sloj": "TPS_A001_Granica obuhvata", "list": "0_Granica obuhvata_ID_DPU_DRACEVAC", "plan": "DPU radne zone Dračevac", "izvor": "DPU radne zone Dračevac (split.hr), vektorizirano iz PDF-a"}}, {"type": "Feature", "geometry": {"type": "Polygon", "coordinates": [[[16.4954649, 43.5265706], [16.4954528, 43.5265702], [16.4954659, 43.5265535], [16.4954649, 43.5265706]]]}, "properties": {"tema": "granica", "opis": "Granica obuhvata plana", "cad_sloj": "TPS_A001_Granica obuhvata", "list": "0_Granica obuhvata_ID_DPU_DRACEVAC", "plan": "DPU radne zone Dračevac", "izvor": "DPU radne zone Dračevac (split.hr), vektorizirano iz PDF-a"}}, {"type": "Feature", "geometry": {"type": "Polygon", "coordinates": [[[16.4954528, 43.5265702], [16.4954659, 43.5265535], [16.4954534, 43.5265531], [16.4954528, 43.5265702]]]}, "properties": {"tema": "granica", "opis": "Granica obuhvata plana", "cad_sloj": "TPS_A001_Granica obuhvata", "list": "0_Granica obuhvata_ID_DPU_DRACEVAC", "plan": "DPU radne zone Dračevac", "izvor": "DPU radne zone Dračevac (split.hr), vektorizirano iz PDF-a"}}, {"type": "Feature", "geometry": {"type": "Polygon", "coordinates": [[[16.4954664, 43.5265451], [16.4954539, 43.5265447], [16.4954675, 43.526528], [16.4954664, 43.5265451]]]}, "properties": {"tema": "granica", "opis": "Granica obuhvata plana", "cad_sloj": "TPS_A001_Granica obuhvata", "list": "0_Granica obuhvata_ID_DPU_DRACEVAC", "plan": "DPU radne zone Dračevac", "izvor": "DPU radne zone Dračevac (split.hr), vektorizirano iz PDF-a"}}, {"type": "Feature", "geometry": {"type": "Polygon", "coordinates": [[[16.4954539, 43.5265447], [16.4954675, 43.526528], [16.4954549, 43.5265276], [16.4954539, 43.5265447]]]}, "properties": {"tema": "granica", "opis": "Granica obuhvata plana", "cad_sloj": "TPS_A001_Granica obuhvata", "list": "0_Granica obuhvata_ID_DPU_DRACEVAC", "plan": "DPU radne zone Dračevac", "izvor": "DPU radne zone Dračevac (split.hr), vektorizirano iz PDF-a"}}, {"type": "Feature", "geometry": {"type": "Polygon", "coordinates": [[[16.495468, 43.5265192], [16.4954554, 43.5265189], [16.4954685, 43.5265021], [16.495468, 43.5265192]]]}, "properties": {"tema": "granica", "opis": "Granica obuhvata plana", "cad_sloj": "TPS_A001_Granica obuhvata", "list": "0_Granica obuhvata_ID_DPU_DRACEVAC", "plan": "DPU radne zone Dračevac", "izvor": "DPU radne zone Dračevac (split.hr), vektorizirano iz PDF-a"}}, {"type": "Feature", "geometry": {"type": "Polygon", "coordinates": [[[16.4954554, 43.5265189], [16.4954685, 43.5265021], [16.4954565, 43.5265017], [16.4954554, 43.5265189]]]}, "properties": {"tema": "granica", "opis": "Granica obuhvata plana", "cad_sloj": "TPS_A001_Granica obuhvata", "list": "0_Granica obuhvata_ID_DPU_DRACEVAC", "plan": "DPU radne zone Dračevac", "izvor": "DPU radne zone Dračevac (split.hr), vektorizirano iz PDF-a"}}, {"type": "Feature", "geometry": {"type": "Polygon", "coordinates": [[[16.4954691, 43.5264937], [16.495457, 43.5264934], [16.4954701, 43.5264766], [16.4954691, 43.5264937]]]}, "properties": {"tema": "granica", "opis": "Granica obuhvata plana", "cad_sloj": "TPS_A001_Granica obuhvata", "list": "0_Granica obuhvata_ID_DPU_DRACEVAC", "plan": "DPU radne zone Dračevac", "izvor": "DPU radne zone Dračevac (split.hr), vektorizirano iz PDF-a"}}, {"type": "Feature", "geometry": {"type": "Polygon", "coordinates": [[[16.495457, 43.5264934], [16.4954701, 43.5264766], [16.4954575, 43.5264762], [16.495457, 43.5264934]]]}, "properties": {"tema": "granica", "opis": "Granica obuhvata plana", "cad_sloj": "TPS_A001_Granica obuhvata", "list": "0_Granica obuhvata_ID_DPU_DRACEVAC", "plan": "DPU radne zone Dračevac", "izvor": "DPU radne zone Dračevac (split.hr), vektorizirano iz PDF-a"}}, {"type": "Feature", "geometry": {"type": "Polygon", "coordinates": [[[16.4954706, 43.5264679], [16.4954581, 43.5264679], [16.4954711, 43.5264511], [16.4954706, 43.5264679]]]}, "properties": {"tema": "granica", "opis": "Granica obuhvata plana", "cad_sloj": "TPS_A001_Granica obuhvata", "list": "0_Granica obuhvata_ID_DPU_DRACEVAC", "plan": "DPU radne zone Dračevac", "izvor": "DPU radne zone Dračevac (split.hr), vektorizirano iz PDF-a"}}, {"type": "Feature", "geometry": {"type": "Polygon", "coordinates": [[[16.4954581, 43.5264679], [16.4954711, 43.5264511], [16.4954591, 43.5264507], [16.4954581, 43.5264679]]]}, "properties": {"tema": "granica", "opis": "Granica obuhvata plana", "cad_sloj": "TPS_A001_Granica obuhvata", "list": "0_Granica obuhvata_ID_DPU_DRACEVAC", "plan": "DPU radne zone Dračevac", "izvor": "DPU radne zone Dračevac (split.hr), vektorizirano iz PDF-a"}}, {"type": "Feature", "geometry": {"type": "Polygon", "coordinates": [[[16.4954717, 43.5264424], [16.4954596, 43.526442], [16.4954727, 43.5264252], [16.4954717, 43.5264424]]]}, "properties": {"tema": "granica", "opis": "Granica obuhvata plana", "cad_sloj": "TPS_A001_Granica obuhvata", "list": "0_Granica obuhvata_ID_DPU_DRACEVAC", "plan": "DPU radne zone Dračevac", "izvor": "DPU radne zone Dračevac (split.hr), vektorizirano iz PDF-a"}}, {"type": "Feature", "geometry": {"type": "Polygon", "coordinates": [[[16.4954596, 43.526442], [16.4954727, 43.5264252], [16.4954602, 43.5264248], [16.4954596, 43.526442]]]}, "properties": {"tema": "granica", "opis": "Granica obuhvata plana", "cad_sloj": "TPS_A001_Granica obuhvata", "list": "0_Granica obuhvata_ID_DPU_DRACEVAC", "plan": "DPU radne zone Dračevac", "izvor": "DPU radne zone Dračevac (split.hr), vektorizirano iz PDF-a"}}, {"type": "Feature", "geometry": {"type": "Polygon", "coordinates": [[[16.4954732, 43.5264169], [16.4954607, 43.5264165], [16.4954738, 43.5264012], [16.4954732, 43.5264169]]]}, "properties": {"tema": "granica", "opis": "Granica obuhvata plana", "cad_sloj": "TPS_A001_Granica obuhvata", "list": "0_Granica obuhvata_ID_DPU_DRACEVAC", "plan": "DPU radne zone Dračevac", "izvor": "DPU radne zone Dračevac (split.hr), vektorizirano iz PDF-a"}}, {"type": "Feature", "geometry": {"type": "Polygon", "coordinates": [[[16.4954607, 43.5264165], [16.4954738, 43.5264012], [16.4954617, 43.5264009], [16.4954607, 43.5264165]]]}, "properties": {"tema": "granica", "opis": "Granica obuhvata plana", "cad_sloj": "TPS_A001_Granica obuhvata", "list": "0_Granica obuhvata_ID_DPU_DRACEVAC", "plan": "DPU radne zone Dračevac", "izvor": "DPU radne zone Dračevac (split.hr), vektorizirano iz PDF-a"}}, {"type": "Feature", "geometry": {"type": "Polygon", "coordinates": [[[16.4954617, 43.5264009], [16.4954738, 43.5263997], [16.4954617, 43.5263993], [16.4954617, 43.5264009]]]}, "properties": {"tema": "granica", "opis": "Granica obuhvata plana", "cad_sloj": "TPS_A001_Granica obuhvata", "list": "0_Granica obuhvata_ID_DPU_DRACEVAC", "plan": "DPU radne zone Dračevac", "izvor": "DPU radne zone Dračevac (split.hr), vektorizirano iz PDF-a"}}, {"type": "Feature", "geometry": {"type": "Polygon", "coordinates": [[[16.4954743, 43.526391], [16.4954617, 43.526391], [16.4954748, 43.5263738], [16.4954743, 43.526391]]]}, "properties": {"tema": "granica", "opis": "Granica obuhvata plana", "cad_sloj": "TPS_A001_Granica obuhvata", "list": "0_Granica obuhvata_ID_DPU_DRACEVAC", "plan": "DPU radne zone Dračevac", "izvor": "DPU radne zone Dračevac (split.hr), vektorizirano iz PDF-a"}}, {"type": "Feature", "geometry": {"type": "Polygon", "coordinates": [[[16.4954617, 43.526391], [16.4954748, 43.5263738], [16.4954628, 43.5263738], [16.4954617, 43.526391]]]}, "properties": {"tema": "granica", "opis": "Granica obuhvata plana", "cad_sloj": "TPS_A001_Granica obuhvata", "list": "0_Granica obuhvata_ID_DPU_DRACEVAC", "plan": "DPU radne zone Dračevac", "izvor": "DPU radne zone Dračevac (split.hr), vektorizirano iz PDF-a"}}, {"type": "Feature", "geometry": {"type": "Polygon", "coordinates": [[[16.4954753, 43.5263655], [16.4954633, 43.5263651], [16.4954764, 43.5263483], [16.4954753, 43.5263655]]]}, "properties": {"tema": "granica", "opis": "Granica obuhvata plana", "cad_sloj": "TPS_A001_Granica obuhvata", "list": "0_Granica obuhvata_ID_DPU_DRACEVAC", "plan": "DPU radne zone Dračevac", "izvor": "DPU radne zone Dračevac (split.hr), vektorizirano iz PDF-a"}}, {"type": "Feature", "geometry": {"type": "Polygon", "coordinates": [[[16.4954633, 43.5263651], [16.4954764, 43.5263483], [16.4954638, 43.526348], [16.4954633, 43.5263651]]]}, "properties": {"tema": "granica", "opis": "Granica obuhvata plana", "cad_sloj": "TPS_A001_Granica obuhvata", "list": "0_Granica obuhvata_ID_DPU_DRACEVAC", "plan": "DPU radne zone Dračevac", "izvor": "DPU radne zone Dračevac (split.hr), vektorizirano iz PDF-a"}}, {"type": "Feature", "geometry": {"type": "Polygon", "coordinates": [[[16.4954764, 43.52634], [16.4954644, 43.5263396], [16.4954774, 43.5263228], [16.4954764, 43.52634]]]}, "properties": {"tema": "granica", "opis": "Granica obuhvata plana", "cad_sloj": "TPS_A001_Granica obuhvata", "list": "0_Granica obuhvata_ID_DPU_DRACEVAC", "plan": "DPU radne zone Dračevac", "izvor": "DPU radne zone Dračevac (split.hr), vektorizirano iz PDF-a"}}, {"type": "Feature", "geometry": {"type": "Polygon", "coordinates": [[[16.4954644, 43.5263396], [16.4954774, 43.5263228], [16.4954649, 43.5263225], [16.4954644, 43.5263396]]]}, "properties": {"tema": "granica", "opis": "Granica obuhvata plana", "cad_sloj": "TPS_A001_Granica obuhvata", "list": "0_Granica obuhvata_ID_DPU_DRACEVAC", "plan": "DPU radne zone Dračevac", "izvor": "DPU radne zone Dračevac (split.hr), vektorizirano iz PDF-a"}}, {"type": "Feature", "geometry": {"type": "Polygon", "coordinates": [[[16.495478, 43.5263141], [16.4954654, 43.5263137], [16.4954785, 43.5263004], [16.495478, 43.5263141]]]}, "properties": {"tema": "granica", "opis": "Granica obuhvata plana", "cad_sloj": "TPS_A001_Granica obuhvata", "list": "0_Granica obuhvata_ID_DPU_DRACEVAC", "plan": "DPU radne zone Dračevac", "izvor": "DPU radne zone Dračevac (split.hr), vektorizirano iz PDF-a"}}, {"type": "Feature", "geometry": {"type": "Polygon", "coordinates": [[[16.4954654, 43.5263137], [16.4954785, 43.5263004], [16.4954659, 43.5263], [16.4954654, 43.5263137]]]}, "properties": {"tema": "granica", "opis": "Granica obuhvata plana", "cad_sloj": "TPS_A001_Granica obuhvata", "list": "0_Granica obuhvata_ID_DPU_DRACEVAC", "plan": "DPU radne zone Dračevac", "izvor": "DPU radne zone Dračevac (split.hr), vektorizirano iz PDF-a"}}, {"type": "Feature", "geometry": {"type": "Polygon", "coordinates": [[[16.4954785, 43.5263004], [16.4954659, 43.5263], [16.4954785, 43.526297], [16.4954785, 43.5263004]]]}, "properties": {"tema": "granica", "opis": "Granica obuhvata plana", "cad_sloj": "TPS_A001_Granica obuhvata", "list": "0_Granica obuhvata_ID_DPU_DRACEVAC", "plan": "DPU radne zone Dračevac", "izvor": "DPU radne zone Dračevac (split.hr), vektorizirano iz PDF-a"}}, {"type": "Feature", "geometry": {"type": "Polygon", "coordinates": [[[16.4954659, 43.5263], [16.4954785, 43.526297], [16.4954659, 43.5262966], [16.4954659, 43.5263]]]}, "properties": {"tema": "granica", "opis": "Granica obuhvata plana", "cad_sloj": "TPS_A001_Granica obuhvata", "list": "0_Granica obuhvata_ID_DPU_DRACEVAC", "plan": "DPU radne zone Dračevac", "izvor": "DPU radne zone Dračevac (split.hr), vektorizirano iz PDF-a"}}, {"type": "Feature", "geometry": {"type": "Polygon", "coordinates": [[[16.495479, 43.5262886], [16.4954665, 43.5262882], [16.4954801, 43.5262715], [16.495479, 43.5262886]]]}, "properties": {"tema": "granica", "opis": "Granica obuhvata plana", "cad_sloj": "TPS_A001_Granica obuhvata", "list": "0_Granica obuhvata_ID_DPU_DRACEVAC", "plan": "DPU radne zone Dračevac", "izvor": "DPU radne zone Dračevac (split.hr), vektorizirano iz PDF-a"}}, {"type": "Feature", "geometry": {"type": "Polygon", "coordinates": [[[16.4954665, 43.5262882], [16.4954801, 43.5262715], [16.4954675, 43.5262711], [16.4954665, 43.5262882]]]}, "properties": {"tema": "granica", "opis": "Granica obuhvata plana", "cad_sloj": "TPS_A001_Granica obuhvata", "list": "0_Granica obuhvata_ID_DPU_DRACEVAC", "plan": "DPU radne zone Dračevac", "izvor": "DPU radne zone Dračevac (split.hr), vektorizirano iz PDF-a"}}, {"type": "Feature", "geometry": {"type": "Polygon", "coordinates": [[[16.4954806, 43.5262631], [16.495468, 43.5262627], [16.4954811, 43.526246], [16.4954806, 43.5262631]]]}, "properties": {"tema": "granica", "opis": "Granica obuhvata plana", "cad_sloj": "TPS_A001_Granica obuhvata", "list": "0_Granica obuhvata_ID_DPU_DRACEVAC", "plan": "DPU radne zone Dračevac", "izvor": "DPU radne zone Dračevac (split.hr), vektorizirano iz PDF-a"}}, {"type": "Feature", "geometry": {"type": "Polygon", "coordinates": [[[16.495468, 43.5262627], [16.4954811, 43.526246], [16.4954691, 43.5262456], [16.495468, 43.5262627]]]}, "properties": {"tema": "granica", "opis": "Granica obuhvata plana", "cad_sloj": "TPS_A001_Granica obuhvata", "list": "0_Granica obuhvata_ID_DPU_DRACEVAC", "plan": "DPU radne zone Dračevac", "izvor": "DPU radne zone Dračevac (split.hr), vektorizirano iz PDF-a"}}, {"type": "Feature", "geometry": {"type": "Polygon", "coordinates": [[[16.4954816, 43.5262372], [16.4954696, 43.5262368], [16.4954827, 43.5262201], [16.4954816, 43.5262372]]]}, "properties": {"tema": "granica", "opis": "Granica obuhvata plana", "cad_sloj": "TPS_A001_Granica obuhvata", "list": "0_Granica obuhvata_ID_DPU_DRACEVAC", "plan": "DPU radne zone Dračevac", "izvor": "DPU radne zone Dračevac (split.hr), vektorizirano iz PDF-a"}}, {"type": "Feature", "geometry": {"type": "Polygon", "coordinates": [[[16.4954696, 43.5262368], [16.4954827, 43.5262201], [16.4954701, 43.5262197], [16.4954696, 43.5262368]]]}, "properties": {"tema": "granica", "opis": "Granica obuhvata plana", "cad_sloj": "TPS_A001_Granica obuhvata", "list": "0_Granica obuhvata_ID_DPU_DRACEVAC", "plan": "DPU radne zone Dračevac", "izvor": "DPU radne zone Dračevac (split.hr), vektorizirano iz PDF-a"}}, {"type": "Feature", "geometry": {"type": "Polygon", "coordinates": [[[16.4954832, 43.5262117], [16.4954706, 43.5262113], [16.4954837, 43.5262026], [16.4954832, 43.5262117]]]}, "properties": {"tema": "granica", "opis": "Granica obuhvata plana", "cad_sloj": "TPS_A001_Granica obuhvata", "list": "0_Granica obuhvata_ID_DPU_DRACEVAC", "plan": "DPU radne zone Dračevac", "izvor": "DPU radne zone Dračevac (split.hr), vektorizirano iz PDF-a"}}, {"type": "Feature", "geometry": {"type": "Polygon", "coordinates": [[[16.4954706, 43.5262113], [16.4954837, 43.5262026], [16.4954712, 43.5262022], [16.4954706, 43.5262113]]]}, "properties": {"tema": "granica", "opis": "Granica obuhvata plana", "cad_sloj": "TPS_A001_Granica obuhvata", "list": "0_Granica obuhvata_ID_DPU_DRACEVAC", "plan": "DPU radne zone Dračevac", "izvor": "DPU radne zone Dračevac (split.hr), vektorizirano iz PDF-a"}}, {"type": "Feature", "geometry": {"type": "Polygon", "coordinates": [[[16.4954837, 43.5262026], [16.4954712, 43.5262022], [16.4954842, 43.5261946], [16.4954837, 43.5262026]]]}, "properties": {"tema": "granica", "opis": "Granica obuhvata plana", "cad_sloj": "TPS_A001_Granica obuhvata", "list": "0_Granica obuhvata_ID_DPU_DRACEVAC", "plan": "DPU radne zone Dračevac", "izvor": "DPU radne zone Dračevac (split.hr), vektorizirano iz PDF-a"}}, {"type": "Feature", "geometry": {"type": "Polygon", "coordinates": [[[16.4954712, 43.5262022], [16.4954842, 43.5261946], [16.4954717, 43.5261942], [16.4954712, 43.5262022]]]}, "properties": {"tema": "granica", "opis": "Granica obuhvata plana", "cad_sloj": "TPS_A001_Granica obuhvata", "list": "0_Granica obuhvata_ID_DPU_DRACEVAC", "plan": "DPU radne zone Dračevac", "izvor": "DPU radne zone Dračevac (split.hr), vektorizirano iz PDF-a"}}, {"type": "Feature", "geometry": {"type": "Polygon", "coordinates": [[[16.4954842, 43.5261858], [16.4954722, 43.5261858], [16.4954853, 43.5261691], [16.4954842, 43.5261858]]]}, "properties": {"tema": "granica", "opis": "Granica obuhvata plana", "cad_sloj": "TPS_A001_Granica obuhvata", "list": "0_Granica obuhvata_ID_DPU_DRACEVAC", "plan": "DPU radne zone Dračevac", "izvor": "DPU radne zone Dračevac (split.hr), vektorizirano iz PDF-a"}}, {"type": "Feature", "geometry": {"type": "Polygon", "coordinates": [[[16.4954722, 43.5261858], [16.4954853, 43.5261691], [16.4954727, 43.5261687], [16.4954722, 43.5261858]]]}, "properties": {"tema": "granica", "opis": "Granica obuhvata plana", "cad_sloj": "TPS_A001_Granica obuhvata", "list": "0_Granica obuhvata_ID_DPU_DRACEVAC", "plan": "DPU radne zone Dračevac", "izvor": "DPU radne zone Dračevac (split.hr), vektorizirano iz PDF-a"}}, {"type": "Feature", "geometry": {"type": "Polygon", "coordinates": [[[16.4954858, 43.5261603], [16.4954733, 43.5261599], [16.4954863, 43.5261432], [16.4954858, 43.5261603]]]}, "properties": {"tema": "granica", "opis": "Granica obuhvata plana", "cad_sloj": "TPS_A001_Granica obuhvata", "list": "0_Granica obuhvata_ID_DPU_DRACEVAC", "plan": "DPU radne zone Dračevac", "izvor": "DPU radne zone Dračevac (split.hr), vektorizirano iz PDF-a"}}, {"type": "Feature", "geometry": {"type": "Polygon", "coordinates": [[[16.4954733, 43.5261599], [16.4954863, 43.5261432], [16.4954738, 43.5261428], [16.4954733, 43.5261599]]]}, "properties": {"tema": "granica", "opis": "Granica obuhvata plana", "cad_sloj": "TPS_A001_Granica obuhvata", "list": "0_Granica obuhvata_ID_DPU_DRACEVAC", "plan": "DPU radne zone Dračevac", "izvor": "DPU radne zone Dračevac (split.hr), vektorizirano iz PDF-a"}}, {"type": "Feature", "geometry": {"type": "Polygon", "coordinates": [[[16.4954869, 43.5261348], [16.4954743, 43.5261344], [16.4954874, 43.5261177], [16.4954869, 43.5261348]]]}, "properties": {"tema": "granica", "opis": "Granica obuhvata plana", "cad_sloj": "TPS_A001_Granica obuhvata", "list": "0_Granica obuhvata_ID_DPU_DRACEVAC", "plan": "DPU radne zone Dračevac", "izvor": "DPU radne zone Dračevac (split.hr), vektorizirano iz PDF-a"}}, {"type": "Feature", "geometry": {"type": "Polygon", "coordinates": [[[16.4954743, 43.5261344], [16.4954874, 43.5261177], [16.4954754, 43.5261173], [16.4954743, 43.5261344]]]}, "properties": {"tema": "granica", "opis": "Granica obuhvata plana", "cad_sloj": "TPS_A001_Granica obuhvata", "list": "0_Granica obuhvata_ID_DPU_DRACEVAC", "plan": "DPU radne zone Dračevac", "izvor": "DPU radne zone Dračevac (split.hr), vektorizirano iz PDF-a"}}, {"type": "Feature", "geometry": {"type": "Polygon", "coordinates": [[[16.4954879, 43.5261089], [16.4954754, 43.5261089], [16.4954884, 43.5260918], [16.4954879, 43.5261089]]]}, "properties": {"tema": "granica", "opis": "Granica obuhvata plana", "cad_sloj": "TPS_A001_Granica obuhvata", "list": "0_Granica obuhvata_ID_DPU_DRACEVAC", "plan": "DPU radne zone Dračevac", "izvor": "DPU radne zone Dračevac (split.hr), vektorizirano iz PDF-a"}}, {"type": "Feature", "geometry": {"type": "Polygon", "coordinates": [[[16.4954754, 43.5261089], [16.4954884, 43.5260918], [16.4954764, 43.5260918], [16.4954754, 43.5261089]]]}, "properties": {"tema": "granica", "opis": "Granica obuhvata plana", "cad_sloj": "TPS_A001_Granica obuhvata", "list": "0_Granica obuhvata_ID_DPU_DRACEVAC", "plan": "DPU radne zone Dračevac", "izvor": "DPU radne zone Dračevac (split.hr), vektorizirano iz PDF-a"}}, {"type": "Feature", "geometry": {"type": "Polygon", "coordinates": [[[16.495489, 43.5260834], [16.4954769, 43.526083], [16.49549, 43.5260663], [16.495489, 43.5260834]]]}, "properties": {"tema": "granica", "opis": "Granica obuhvata plana", "cad_sloj": "TPS_A001_Granica obuhvata", "list": "0_Granica obuhvata_ID_DPU_DRACEVAC", "plan": "DPU radne zone Dračevac", "izvor": "DPU radne zone Dračevac (split.hr), vektorizirano iz PDF-a"}}, {"type": "Feature", "geometry": {"type": "Polygon", "coordinates": [[[16.4954769, 43.526083], [16.49549, 43.5260663], [16.4954775, 43.5260659], [16.4954769, 43.526083]]]}, "properties": {"tema": "granica", "opis": "Granica obuhvata plana", "cad_sloj": "TPS_A001_Granica obuhvata", "list": "0_Granica obuhvata_ID_DPU_DRACEVAC", "plan": "DPU radne zone Dračevac", "izvor": "DPU radne zone Dračevac (split.hr), vektorizirano iz PDF-a"}}, {"type": "Feature", "geometry": {"type": "Polygon", "coordinates": [[[16.49549, 43.5260579], [16.495478, 43.5260575], [16.4954905, 43.5260461], [16.49549, 43.5260579]]]}, "properties": {"tema": "granica", "opis": "Granica obuhvata plana", "cad_sloj": "TPS_A001_Granica obuhvata", "list": "0_Granica obuhvata_ID_DPU_DRACEVAC", "plan": "DPU radne zone Dračevac", "izvor": "DPU radne zone Dračevac (split.hr), vektorizirano iz PDF-a"}}, {"type": "Feature", "geometry": {"type": "Polygon", "coordinates": [[[16.495478, 43.5260575], [16.4954905, 43.5260461], [16.4954785, 43.5260461], [16.495478, 43.5260575]]]}, "properties": {"tema": "granica", "opis": "Granica obuhvata plana", "cad_sloj": "TPS_A001_Granica obuhvata", "list": "0_Granica obuhvata_ID_DPU_DRACEVAC", "plan": "DPU radne zone Dračevac", "izvor": "DPU radne zone Dračevac (split.hr), vektorizirano iz PDF-a"}}, {"type": "Feature", "geometry": {"type": "Polygon", "coordinates": [[[16.4954905, 43.5260461], [16.4954785, 43.5260457], [16.4954911, 43.5260408], [16.4954905, 43.5260461]]]}, "properties": {"tema": "granica", "opis": "Granica obuhvata plana", "cad_sloj": "TPS_A001_Granica obuhvata", "list": "0_Granica obuhvata_ID_DPU_DRACEVAC", "plan": "DPU radne zone Dračevac", "izvor": "DPU radne zone Dračevac (split.hr), vektorizirano iz PDF-a"}}, {"type": "Feature", "geometry": {"type": "Polygon", "coordinates": [[[16.4954785, 43.5260457], [16.4954911, 43.5260408], [16.4954785, 43.5260404], [16.4954785, 43.5260457]]]}, "properties": {"tema": "granica", "opis": "Granica obuhvata plana", "cad_sloj": "TPS_A001_Granica obuhvata", "list": "0_Granica obuhvata_ID_DPU_DRACEVAC", "plan": "DPU radne zone Dračevac", "izvor": "DPU radne zone Dračevac (split.hr), vektorizirano iz PDF-a"}}, {"type": "Feature", "geometry": {"type": "Polygon", "coordinates": [[[16.4954916, 43.526032], [16.495479, 43.5260317], [16.4954926, 43.5260149], [16.4954916, 43.526032]]]}, "properties": {"tema": "granica", "opis": "Granica obuhvata plana", "cad_sloj": "TPS_A001_Granica obuhvata", "list": "0_Granica obuhvata_ID_DPU_DRACEVAC", "plan": "DPU radne zone Dračevac", "izvor": "DPU radne zone Dračevac (split.hr), vektorizirano iz PDF-a"}}, {"type": "Feature", "geometry": {"type": "Polygon", "coordinates": [[[16.495479, 43.5260317], [16.4954926, 43.5260149], [16.4954801, 43.5260145], [16.495479, 43.5260317]]]}, "properties": {"tema": "granica", "opis": "Granica obuhvata plana", "cad_sloj": "TPS_A001_Granica obuhvata", "list": "0_Granica obuhvata_ID_DPU_DRACEVAC", "plan": "DPU radne zone Dračevac", "izvor": "DPU radne zone Dračevac (split.hr), vektorizirano iz PDF-a"}}, {"type": "Feature", "geometry": {"type": "Polygon", "coordinates": [[[16.4954926, 43.5260065], [16.4954806, 43.5260062], [16.4954937, 43.5259894], [16.4954926, 43.5260065]]]}, "properties": {"tema": "granica", "opis": "Granica obuhvata plana", "cad_sloj": "TPS_A001_Granica obuhvata", "list": "0_Granica obuhvata_ID_DPU_DRACEVAC", "plan": "DPU radne zone Dračevac", "izvor": "DPU radne zone Dračevac (split.hr), vektorizirano iz PDF-a"}}, {"type": "Feature", "geometry": {"type": "Polygon", "coordinates": [[[16.4954806, 43.5260062], [16.4954937, 43.5259894], [16.4954816, 43.525989], [16.4954806, 43.5260062]]]}, "properties": {"tema": "granica", "opis": "Granica obuhvata plana", "cad_sloj": "TPS_A001_Granica obuhvata", "list": "0_Granica obuhvata_ID_DPU_DRACEVAC", "plan": "DPU radne zone Dračevac", "izvor": "DPU radne zone Dračevac (split.hr), vektorizirano iz PDF-a"}}, {"type": "Feature", "geometry": {"type": "Polygon", "coordinates": [[[16.4954942, 43.525981], [16.4954816, 43.5259807], [16.4954952, 43.5259639], [16.4954942, 43.525981]]]}, "properties": {"tema": "granica", "opis": "Granica obuhvata plana", "cad_sloj": "TPS_A001_Granica obuhvata", "list": "0_Granica obuhvata_ID_DPU_DRACEVAC", "plan": "DPU radne zone Dračevac", "izvor": "DPU radne zone Dračevac (split.hr), vektorizirano iz PDF-a"}}, {"type": "Feature", "geometry": {"type": "Polygon", "coordinates": [[[16.4954816, 43.5259807], [16.4954952, 43.5259639], [16.4954827, 43.5259635], [16.4954816, 43.5259807]]]}, "properties": {"tema": "granica", "opis": "Granica obuhvata plana", "cad_sloj": "TPS_A001_Granica obuhvata", "list": "0_Granica obuhvata_ID_DPU_DRACEVAC", "plan": "DPU radne zone Dračevac", "izvor": "DPU radne zone Dračevac (split.hr), vektorizirano iz PDF-a"}}, {"type": "Feature", "geometry": {"type": "Polygon", "coordinates": [[[16.4954958, 43.5259552], [16.4954832, 43.5259548], [16.4954963, 43.525938], [16.4954958, 43.5259552]]]}, "properties": {"tema": "granica", "opis": "Granica obuhvata plana", "cad_sloj": "TPS_A001_Granica obuhvata", "list": "0_Granica obuhvata_ID_DPU_DRACEVAC", "plan": "DPU radne zone Dračevac", "izvor": "DPU radne zone Dračevac (split.hr), vektorizirano iz PDF-a"}}, {"type": "Feature", "geometry": {"type": "Polygon", "coordinates": [[[16.4954832, 43.5259548], [16.4954963, 43.525938], [16.4954843, 43.5259376], [16.4954832, 43.5259548]]]}, "properties": {"tema": "granica", "opis": "Granica obuhvata plana", "cad_sloj": "TPS_A001_Granica obuhvata", "list": "0_Granica obuhvata_ID_DPU_DRACEVAC", "plan": "DPU radne zone Dračevac", "izvor": "DPU radne zone Dračevac (split.hr), vektorizirano iz PDF-a"}}, {"type": "Feature", "geometry": {"type": "Polygon", "coordinates": [[[16.4954968, 43.5259297], [16.4954848, 43.5259293], [16.4954979, 43.5259125], [16.4954968, 43.5259297]]]}, "properties": {"tema": "granica", "opis": "Granica obuhvata plana", "cad_sloj": "TPS_A001_Granica obuhvata", "list": "0_Granica obuhvata_ID_DPU_DRACEVAC", "plan": "DPU radne zone Dračevac", "izvor": "DPU radne zone Dračevac (split.hr), vektorizirano iz PDF-a"}}, {"type": "Feature", "geometry": {"type": "Polygon", "coordinates": [[[16.4954848, 43.5259293], [16.4954979, 43.5259125], [16.4954853, 43.5259121], [16.4954848, 43.5259293]]]}, "properties": {"tema": "granica", "opis": "Granica obuhvata plana", "cad_sloj": "TPS_A001_Granica obuhvata", "list": "0_Granica obuhvata_ID_DPU_DRACEVAC", "plan": "DPU radne zone Dračevac", "izvor": "DPU radne zone Dračevac (split.hr), vektorizirano iz PDF-a"}}, {"type": "Feature", "geometry": {"type": "Polygon", "coordinates": [[[16.4954984, 43.5259038], [16.4954858, 43.5259038], [16.4954989, 43.525887], [16.4954984, 43.5259038]]]}, "properties": {"tema": "granica", "opis": "Granica obuhvata plana", "cad_sloj": "TPS_A001_Granica obuhvata", "list": "0_Granica obuhvata_ID_DPU_DRACEVAC", "plan": "DPU radne zone Dračevac", "izvor": "DPU radne zone Dračevac (split.hr), vektorizirano iz PDF-a"}}, {"type": "Feature", "geometry": {"type": "Polygon", "coordinates": [[[16.4954858, 43.5259038], [16.4954989, 43.525887], [16.4954869, 43.5258866], [16.4954858, 43.5259038]]]}, "properties": {"tema": "granica", "opis": "Granica obuhvata plana", "cad_sloj": "TPS_A001_Granica obuhvata", "list": "0_Granica obuhvata_ID_DPU_DRACEVAC", "plan": "DPU radne zone Dračevac", "izvor": "DPU radne zone Dračevac (split.hr), vektorizirano iz PDF-a"}}, {"type": "Feature", "geometry": {"type": "Polygon", "coordinates": [[[16.4954994, 43.5258783], [16.4954874, 43.5258779], [16.4955005, 43.5258611], [16.4954994, 43.5258783]]]}, "properties": {"tema": "granica", "opis": "Granica obuhvata plana", "cad_sloj": "TPS_A001_Granica obuhvata", "list": "0_Granica obuhvata_ID_DPU_DRACEVAC", "plan": "DPU radne zone Dračevac", "izvor": "DPU radne zone Dračevac (split.hr), vektorizirano iz PDF-a"}}, {"type": "Feature", "geometry": {"type": "Polygon", "coordinates": [[[16.4954874, 43.5258779], [16.4955005, 43.5258611], [16.4954879, 43.5258608], [16.4954874, 43.5258779]]]}, "properties": {"tema": "granica", "opis": "Granica obuhvata plana", "cad_sloj": "TPS_A001_Granica obuhvata", "list": "0_Granica obuhvata_ID_DPU_DRACEVAC", "plan": "DPU radne zone Dračevac", "izvor": "DPU radne zone Dračevac (split.hr), vektorizirano iz PDF-a"}}, {"type": "Feature", "geometry": {"type": "Polygon", "coordinates": [[[16.495501, 43.5258528], [16.4954885, 43.5258524], [16.4955021, 43.5258356], [16.495501, 43.5258528]]]}, "properties": {"tema": "granica", "opis": "Granica obuhvata plana", "cad_sloj": "TPS_A001_Granica obuhvata", "list": "0_Granica obuhvata_ID_DPU_DRACEVAC", "plan": "DPU radne zone Dračevac", "izvor": "DPU radne zone Dračevac (split.hr), vektorizirano iz PDF-a"}}, {"type": "Feature", "geometry": {"type": "Polygon", "coordinates": [[[16.4954885, 43.5258524], [16.4955021, 43.5258356], [16.4954895, 43.5258353], [16.4954885, 43.5258524]]]}, "properties": {"tema": "granica", "opis": "Granica obuhvata plana", "cad_sloj": "TPS_A001_Granica obuhvata", "list": "0_Granica obuhvata_ID_DPU_DRACEVAC", "plan": "DPU radne zone Dračevac", "izvor": "DPU radne zone Dračevac (split.hr), vektorizirano iz PDF-a"}}, {"type": "Feature", "geometry": {"type": "Polygon", "coordinates": [[[16.4955021, 43.5258269], [16.49549, 43.5258269], [16.4955031, 43.5258098], [16.4955021, 43.5258269]]]}, "properties": {"tema": "granica", "opis": "Granica obuhvata plana", "cad_sloj": "TPS_A001_Granica obuhvata", "list": "0_Granica obuhvata_ID_DPU_DRACEVAC", "plan": "DPU radne zone Dračevac", "izvor": "DPU radne zone Dračevac (split.hr), vektorizirano iz PDF-a"}}, {"type": "Feature", "geometry": {"type": "Polygon", "coordinates": [[[16.49549, 43.5258269], [16.4955031, 43.5258098], [16.4954905, 43.5258098], [16.49549, 43.5258269]]]}, "properties": {"tema": "granica", "opis": "Granica obuhvata plana", "cad_sloj": "TPS_A001_Granica obuhvata", "list": "0_Granica obuhvata_ID_DPU_DRACEVAC", "plan": "DPU radne zone Dračevac", "izvor": "DPU radne zone Dračevac (split.hr), vektorizirano iz PDF-a"}}, {"type": "Feature", "geometry": {"type": "Polygon", "coordinates": [[[16.4955036, 43.5258014], [16.4954911, 43.525801], [16.4955047, 43.5257843], [16.4955036, 43.5258014]]]}, "properties": {"tema": "granica", "opis": "Granica obuhvata plana", "cad_sloj": "TPS_A001_Granica obuhvata", "list": "0_Granica obuhvata_ID_DPU_DRACEVAC", "plan": "DPU radne zone Dračevac", "izvor": "DPU radne zone Dračevac (split.hr), vektorizirano iz PDF-a"}}, {"type": "Feature", "geometry": {"type": "Polygon", "coordinates": [[[16.4954911, 43.525801], [16.4955047, 43.5257843], [16.4954921, 43.5257839], [16.4954911, 43.525801]]]}, "properties": {"tema": "granica", "opis": "Granica obuhvata plana", "cad_sloj": "TPS_A001_Granica obuhvata", "list": "0_Granica obuhvata_ID_DPU_DRACEVAC", "plan": "DPU radne zone Dračevac", "izvor": "DPU radne zone Dračevac (split.hr), vektorizirano iz PDF-a"}}, {"type": "Feature", "geometry": {"type": "Polygon", "coordinates": [[[16.4955047, 43.5257759], [16.4954926, 43.5257755], [16.4955057, 43.5257588], [16.4955047, 43.5257759]]]}, "properties": {"tema": "granica", "opis": "Granica obuhvata plana", "cad_sloj": "TPS_A001_Granica obuhvata", "list": "0_Granica obuhvata_ID_DPU_DRACEVAC", "plan": "DPU radne zone Dračevac", "izvor": "DPU radne zone Dračevac (split.hr), vektorizirano iz PDF-a"}}, {"type": "Feature", "geometry": {"type": "Polygon", "coordinates": [[[16.4954926, 43.5257755], [16.4955057, 43.5257588], [16.4954937, 43.5257584], [16.4954926, 43.5257755]]]}, "properties": {"tema": "granica", "opis": "Granica obuhvata plana", "cad_sloj": "TPS_A001_Granica obuhvata", "list": "0_Granica obuhvata_ID_DPU_DRACEVAC", "plan": "DPU radne zone Dračevac", "izvor": "DPU radne zone Dračevac (split.hr), vektorizirano iz PDF-a"}}, {"type": "Feature", "geometry": {"type": "Polygon", "coordinates": [[[16.4955062, 43.52575], [16.4954937, 43.5257496], [16.4955062, 43.5257473], [16.4955062, 43.52575]]]}, "properties": {"tema": "granica", "opis": "Granica obuhvata plana", "cad_sloj": "TPS_A001_Granica obuhvata", "list": "0_Granica obuhvata_ID_DPU_DRACEVAC", "plan": "DPU radne zone Dračevac", "izvor": "DPU radne zone Dračevac (split.hr), vektorizirano iz PDF-a"}}, {"type": "Feature", "geometry": {"type": "Polygon", "coordinates": [[[16.4954937, 43.5257496], [16.4955062, 43.5257473], [16.4954942, 43.525747], [16.4954937, 43.5257496]]]}, "properties": {"tema": "granica", "opis": "Granica obuhvata plana", "cad_sloj": "TPS_A001_Granica obuhvata", "list": "0_Granica obuhvata_ID_DPU_DRACEVAC", "plan": "DPU radne zone Dračevac", "izvor": "DPU radne zone Dračevac (split.hr), vektorizirano iz PDF-a"}}, {"type": "Feature", "geometry": {"type": "Polygon", "coordinates": [[[16.4955062, 43.5257473], [16.4954942, 43.525747], [16.4955073, 43.5257333], [16.4955062, 43.5257473]]]}, "properties": {"tema": "granica", "opis": "Granica obuhvata plana", "cad_sloj": "TPS_A001_Granica obuhvata", "list": "0_Granica obuhvata_ID_DPU_DRACEVAC", "plan": "DPU radne zone Dračevac", "izvor": "DPU radne zone Dračevac (split.hr), vektorizirano iz PDF-a"}}, {"type": "Feature", "geometry": {"type": "Polygon", "coordinates": [[[16.4954942, 43.525747], [16.4955073, 43.5257333], [16.4954953, 43.5257325], [16.4954942, 43.525747]]]}, "properties": {"tema": "granica", "opis": "Granica obuhvata plana", "cad_sloj": "TPS_A001_Granica obuhvata", "list": "0_Granica obuhvata_ID_DPU_DRACEVAC", "plan": "DPU radne zone Dračevac", "izvor": "DPU radne zone Dračevac (split.hr), vektorizirano iz PDF-a"}}, {"type": "Feature", "geometry": {"type": "Polygon", "coordinates": [[[16.4955078, 43.5257245], [16.4954958, 43.5257241], [16.4955094, 43.5257074], [16.4955078, 43.5257245]]]}, "properties": {"tema": "granica", "opis": "Granica obuhvata plana", "cad_sloj": "TPS_A001_Granica obuhvata", "list": "0_Granica obuhvata_ID_DPU_DRACEVAC", "plan": "DPU radne zone Dračevac", "izvor": "DPU radne zone Dračevac (split.hr), vektorizirano iz PDF-a"}}, {"type": "Feature", "geometry": {"type": "Polygon", "coordinates": [[[16.4954958, 43.5257241], [16.4955094, 43.5257074], [16.4954968, 43.525707], [16.4954958, 43.5257241]]]}, "properties": {"tema": "granica", "opis": "Granica obuhvata plana", "cad_sloj": "TPS_A001_Granica obuhvata", "list": "0_Granica obuhvata_ID_DPU_DRACEVAC", "plan": "DPU radne zone Dračevac", "izvor": "DPU radne zone Dračevac (split.hr), vektorizirano iz PDF-a"}}, {"type": "Feature", "geometry": {"type": "Polygon", "coordinates": [[[16.4955099, 43.525699], [16.4954974, 43.5256986], [16.495511, 43.5256819], [16.4955099, 43.525699]]]}, "properties": {"tema": "granica", "opis": "Granica obuhvata plana", "cad_sloj": "TPS_A001_Granica obuhvata", "list": "0_Granica obuhvata_ID_DPU_DRACEVAC", "plan": "DPU radne zone Dračevac", "izvor": "DPU radne zone Dračevac (split.hr), vektorizirano iz PDF-a"}}, {"type": "Feature", "geometry": {"type": "Polygon", "coordinates": [[[16.4954974, 43.5256986], [16.495511, 43.5256819], [16.4954989, 43.5256815], [16.4954974, 43.5256986]]]}, "properties": {"tema": "granica", "opis": "Granica obuhvata plana", "cad_sloj": "TPS_A001_Granica obuhvata", "list": "0_Granica obuhvata_ID_DPU_DRACEVAC", "plan": "DPU radne zone Dračevac", "izvor": "DPU radne zone Dračevac (split.hr), vektorizirano iz PDF-a"}}, {"type": "Feature", "geometry": {"type": "Polygon", "coordinates": [[[16.495512, 43.5256735], [16.4954995, 43.5256727], [16.4955131, 43.5256564], [16.495512, 43.5256735]]]}, "properties": {"tema": "granica", "opis": "Granica obuhvata plana", "cad_sloj": "TPS_A001_Granica obuhvata", "list": "0_Granica obuhvata_ID_DPU_DRACEVAC", "plan": "DPU radne zone Dračevac", "izvor": "DPU radne zone Dračevac (split.hr), vektorizirano iz PDF-a"}}, {"type": "Feature", "geometry": {"type": "Polygon", "coordinates": [[[16.4954995, 43.5256727], [16.4955131, 43.5256564], [16.4955005, 43.5256556], [16.4954995, 43.5256727]]]}, "properties": {"tema": "granica", "opis": "Granica obuhvata plana", "cad_sloj": "TPS_A001_Granica obuhvata", "list": "0_Granica obuhvata_ID_DPU_DRACEVAC", "plan": "DPU radne zone Dračevac", "izvor": "DPU radne zone Dračevac (split.hr), vektorizirano iz PDF-a"}}, {"type": "Feature", "geometry": {"type": "Polygon", "coordinates": [[[16.4955136, 43.5256476], [16.495501, 43.5256472], [16.4955146, 43.5256305], [16.4955136, 43.5256476]]]}, "properties": {"tema": "granica", "opis": "Granica obuhvata plana", "cad_sloj": "TPS_A001_Granica obuhvata", "list": "0_Granica obuhvata_ID_DPU_DRACEVAC", "plan": "DPU radne zone Dračevac", "izvor": "DPU radne zone Dračevac (split.hr), vektorizirano iz PDF-a"}}, {"type": "Feature", "geometry": {"type": "Polygon", "coordinates": [[[16.495501, 43.5256472], [16.4955146, 43.5256305], [16.4955021, 43.5256301], [16.495501, 43.5256472]]]}, "properties": {"tema": "granica", "opis": "Granica obuhvata plana", "cad_sloj": "TPS_A001_Granica obuhvata", "list": "0_Granica obuhvata_ID_DPU_DRACEVAC", "plan": "DPU radne zone Dračevac", "izvor": "DPU radne zone Dračevac (split.hr), vektorizirano iz PDF-a"}}, {"type": "Feature", "geometry": {"type": "Polygon", "coordinates": [[[16.4955151, 43.5256221], [16.4955026, 43.5256217], [16.4955162, 43.525605], [16.4955151, 43.5256221]]]}, "properties": {"tema": "granica", "opis": "Granica obuhvata plana", "cad_sloj": "TPS_A001_Granica obuhvata", "list": "0_Granica obuhvata_ID_DPU_DRACEVAC", "plan": "DPU radne zone Dračevac", "izvor": "DPU radne zone Dračevac (split.hr), vektorizirano iz PDF-a"}}, {"type": "Feature", "geometry": {"type": "Polygon", "coordinates": [[[16.4955026, 43.5256217], [16.4955162, 43.525605], [16.4955036, 43.5256046], [16.4955026, 43.5256217]]]}, "properties": {"tema": "granica", "opis": "Granica obuhvata plana", "cad_sloj": "TPS_A001_Granica obuhvata", "list": "0_Granica obuhvata_ID_DPU_DRACEVAC", "plan": "DPU radne zone Dračevac", "izvor": "DPU radne zone Dračevac (split.hr), vektorizirano iz PDF-a"}}, {"type": "Feature", "geometry": {"type": "Polygon", "coordinates": [[[16.4955167, 43.5255962], [16.4955042, 43.5255958], [16.4955172, 43.5255795], [16.4955167, 43.5255962]]]}, "properties": {"tema": "granica", "opis": "Granica obuhvata plana", "cad_sloj": "TPS_A001_Granica obuhvata", "list": "0_Granica obuhvata_ID_DPU_DRACEVAC", "plan": "DPU radne zone Dračevac", "izvor": "DPU radne zone Dračevac (split.hr), vektorizirano iz PDF-a"}}, {"type": "Feature", "geometry": {"type": "Polygon", "coordinates": [[[16.4955042, 43.5255958], [16.4955172, 43.5255795], [16.4955052, 43.5255791], [16.4955042, 43.5255958]]]}, "properties": {"tema": "granica", "opis": "Granica obuhvata plana", "cad_sloj": "TPS_A001_Granica obuhvata", "list": "0_Granica obuhvata_ID_DPU_DRACEVAC", "plan": "DPU radne zone Dračevac", "izvor": "DPU radne zone Dračevac (split.hr), vektorizirano iz PDF-a"}}, {"type": "Feature", "geometry": {"type": "Polygon", "coordinates": [[[16.4955178, 43.5255707], [16.4955057, 43.5255703], [16.4955188, 43.5255536], [16.4955178, 43.5255707]]]}, "properties": {"tema": "granica", "opis": "Granica obuhvata plana", "cad_sloj": "TPS_A001_Granica obuhvata", "list": "0_Granica obuhvata_ID_DPU_DRACEVAC", "plan": "DPU radne zone Dračevac", "izvor": "DPU radne zone Dračevac (split.hr), vektorizirano iz PDF-a"}}, {"type": "Feature", "geometry": {"type": "Polygon", "coordinates": [[[16.4955057, 43.5255703], [16.4955188, 43.5255536], [16.4955068, 43.5255532], [16.4955057, 43.5255703]]]}, "properties": {"tema": "granica", "opis": "Granica obuhvata plana", "cad_sloj": "TPS_A001_Granica obuhvata", "list": "0_Granica obuhvata_ID_DPU_DRACEVAC", "plan": "DPU radne zone Dračevac", "izvor": "DPU radne zone Dračevac (split.hr), vektorizirano iz PDF-a"}}, {"type": "Feature", "geometry": {"type": "Polygon", "coordinates": [[[16.4955193, 43.5255452], [16.4955073, 43.5255448], [16.4955204, 43.5255281], [16.4955193, 43.5255452]]]}, "properties": {"tema": "granica", "opis": "Granica obuhvata plana", "cad_sloj": "TPS_A001_Granica obuhvata", "list": "0_Granica obuhvata_ID_DPU_DRACEVAC", "plan": "DPU radne zone Dračevac", "izvor": "DPU radne zone Dračevac (split.hr), vektorizirano iz PDF-a"}}, {"type": "Feature", "geometry": {"type": "Polygon", "coordinates": [[[16.4955073, 43.5255448], [16.4955204, 43.5255281], [16.4955084, 43.5255277], [16.4955073, 43.5255448]]]}, "properties": {"tema": "granica", "opis": "Granica obuhvata plana", "cad_sloj": "TPS_A001_Granica obuhvata", "list": "0_Granica obuhvata_ID_DPU_DRACEVAC", "plan": "DPU radne zone Dračevac", "izvor": "DPU radne zone Dračevac (split.hr), vektorizirano iz PDF-a"}}, {"type": "Feature", "geometry": {"type": "Polygon", "coordinates": [[[16.4955209, 43.5255193], [16.4955089, 43.525519], [16.495522, 43.5255022], [16.4955209, 43.5255193]]]}, "properties": {"tema": "granica", "opis": "Granica obuhvata plana", "cad_sloj": "TPS_A001_Granica obuhvata", "list": "0_Granica obuhvata_ID_DPU_DRACEVAC", "plan": "DPU radne zone Dračevac", "izvor": "DPU radne zone Dračevac (split.hr), vektorizirano iz PDF-a"}}, {"type": "Feature", "geometry": {"type": "Polygon", "coordinates": [[[16.4955089, 43.525519], [16.495522, 43.5255022], [16.4955099, 43.5255018], [16.4955089, 43.525519]]]}, "properties": {"tema": "granica", "opis": "Granica obuhvata plana", "cad_sloj": "TPS_A001_Granica obuhvata", "list": "0_Granica obuhvata_ID_DPU_DRACEVAC", "plan": "DPU radne zone Dračevac", "izvor": "DPU radne zone Dračevac (split.hr), vektorizirano iz PDF-a"}}, {"type": "Feature", "geometry": {"type": "Polygon", "coordinates": [[[16.4955225, 43.5254938], [16.4955105, 43.5254935], [16.4955235, 43.5254767], [16.4955225, 43.5254938]]]}, "properties": {"tema": "granica", "opis": "Granica obuhvata plana", "cad_sloj": "TPS_A001_Granica obuhvata", "list": "0_Granica obuhvata_ID_DPU_DRACEVAC", "plan": "DPU radne zone Dračevac", "izvor": "DPU radne zone Dračevac (split.hr), vektorizirano iz PDF-a"}}, {"type": "Feature", "geometry": {"type": "Polygon", "coordinates": [[[16.4955105, 43.5254935], [16.4955235, 43.5254767], [16.4955115, 43.5254763], [16.4955105, 43.5254935]]]}, "properties": {"tema": "granica", "opis": "Granica obuhvata plana", "cad_sloj": "TPS_A001_Granica obuhvata", "list": "0_Granica obuhvata_ID_DPU_DRACEVAC", "plan": "DPU radne zone Dračevac", "izvor": "DPU radne zone Dračevac (split.hr), vektorizirano iz PDF-a"}}, {"type": "Feature", "geometry": {"type": "Polygon", "coordinates": [[[16.4955241, 43.5254683], [16.4955115, 43.525468], [16.4955251, 43.5254512], [16.4955241, 43.5254683]]]}, "properties": {"tema": "granica", "opis": "Granica obuhvata plana", "cad_sloj": "TPS_A001_Granica obuhvata", "list": "0_Granica obuhvata_ID_DPU_DRACEVAC", "plan": "DPU radne zone Dračevac", "izvor": "DPU radne zone Dračevac (split.hr), vektorizirano iz PDF-a"}}, {"type": "Feature", "geometry": {"type": "Polygon", "coordinates": [[[16.4955115, 43.525468], [16.4955251, 43.5254512], [16.4955125, 43.5254508], [16.4955115, 43.525468]]]}, "properties": {"tema": "granica", "opis": "Granica obuhvata plana", "cad_sloj": "TPS_A001_Granica obuhvata", "list": "0_Granica obuhvata_ID_DPU_DRACEVAC", "plan": "DPU radne zone Dračevac", "izvor": "DPU radne zone Dračevac (split.hr), vektorizirano iz PDF-a"}}, {"type": "Feature", "geometry": {"type": "Polygon", "coordinates": [[[16.4955251, 43.5254425], [16.4955131, 43.5254421], [16.4955261, 43.5254253], [16.4955251, 43.5254425]]]}, "properties": {"tema": "granica", "opis": "Granica obuhvata plana", "cad_sloj": "TPS_A001_Granica obuhvata", "list": "0_Granica obuhvata_ID_DPU_DRACEVAC", "plan": "DPU radne zone Dračevac", "izvor": "DPU radne zone Dračevac (split.hr), vektorizirano iz PDF-a"}}, {"type": "Feature", "geometry": {"type": "Polygon", "coordinates": [[[16.4955131, 43.5254421], [16.4955261, 43.5254253], [16.4955141, 43.5254249], [16.4955131, 43.5254421]]]}, "properties": {"tema": "granica", "opis": "Granica obuhvata plana", "cad_sloj": "TPS_A001_Granica obuhvata", "list": "0_Granica obuhvata_ID_DPU_DRACEVAC", "plan": "DPU radne zone Dračevac", "izvor": "DPU radne zone Dračevac (split.hr), vektorizirano iz PDF-a"}}, {"type": "Feature", "geometry": {"type": "Polygon", "coordinates": [[[16.4955267, 43.525417], [16.4955141, 43.5254166], [16.4955277, 43.5253998], [16.4955267, 43.525417]]]}, "properties": {"tema": "granica", "opis": "Granica obuhvata plana", "cad_sloj": "TPS_A001_Granica obuhvata", "list": "0_Granica obuhvata_ID_DPU_DRACEVAC", "plan": "DPU radne zone Dračevac", "izvor": "DPU radne zone Dračevac (split.hr), vektorizirano iz PDF-a"}}, {"type": "Feature", "geometry": {"type": "Polygon", "coordinates": [[[16.4955141, 43.5254166], [16.4955277, 43.5253998], [16.4955152, 43.5253994], [16.4955141, 43.5254166]]]}, "properties": {"tema": "granica", "opis": "Granica obuhvata plana", "cad_sloj": "TPS_A001_Granica obuhvata", "list": "0_Granica obuhvata_ID_DPU_DRACEVAC", "plan": "DPU radne zone Dračevac", "izvor": "DPU radne zone Dračevac (split.hr), vektorizirano iz PDF-a"}}, {"type": "Feature", "geometry": {"type": "Polygon", "coordinates": [[[16.4955277, 43.5253915], [16.4955157, 43.5253911], [16.4955288, 43.5253751], [16.4955277, 43.5253915]]]}, "properties": {"tema": "granica", "opis": "Granica obuhvata plana", "cad_sloj": "TPS_A001_Granica obuhvata", "list": "0_Granica obuhvata_ID_DPU_DRACEVAC", "plan": "DPU radne zone Dračevac", "izvor": "DPU radne zone Dračevac (split.hr), vektorizirano iz PDF-a"}}, {"type": "Feature", "geometry": {"type": "Polygon", "coordinates": [[[16.4955157, 43.5253911], [16.4955288, 43.5253751], [16.4955162, 43.5253747], [16.4955157, 43.5253911]]]}, "properties": {"tema": "granica", "opis": "Granica obuhvata plana", "cad_sloj": "TPS_A001_Granica obuhvata", "list": "0_Granica obuhvata_ID_DPU_DRACEVAC", "plan": "DPU radne zone Dračevac", "izvor": "DPU radne zone Dračevac (split.hr), vektorizirano iz PDF-a"}}, {"type": "Feature", "geometry": {"type": "Polygon", "coordinates": [[[16.4955293, 43.5253656], [16.4955167, 43.5253652], [16.4955303, 43.5253484], [16.4955293, 43.5253656]]]}, "properties": {"tema": "granica", "opis": "Granica obuhvata plana", "cad_sloj": "TPS_A001_Granica obuhvata", "list": "0_Granica obuhvata_ID_DPU_DRACEVAC", "plan": "DPU radne zone Dračevac", "izvor": "DPU radne zone Dračevac (split.hr), vektorizirano iz PDF-a"}}, {"type": "Feature", "geometry": {"type": "Polygon", "coordinates": [[[16.4955167, 43.5253652], [16.4955303, 43.5253484], [16.4955178, 43.5253481], [16.4955167, 43.5253652]]]}, "properties": {"tema": "granica", "opis": "Granica obuhvata plana", "cad_sloj": "TPS_A001_Granica obuhvata", "list": "0_Granica obuhvata_ID_DPU_DRACEVAC", "plan": "DPU radne zone Dračevac", "izvor": "DPU radne zone Dračevac (split.hr), vektorizirano iz PDF-a"}}, {"type": "Feature", "geometry": {"type": "Polygon", "coordinates": [[[16.4955303, 43.5253401], [16.4955183, 43.5253397], [16.4955314, 43.5253229], [16.4955303, 43.5253401]]]}, "properties": {"tema": "granica", "opis": "Granica obuhvata plana", "cad_sloj": "TPS_A001_Granica obuhvata", "list": "0_Granica obuhvata_ID_DPU_DRACEVAC", "plan": "DPU radne zone Dračevac", "izvor": "DPU radne zone Dračevac (split.hr), vektorizirano iz PDF-a"}}, {"type": "Feature", "geometry": {"type": "Polygon", "coordinates": [[[16.4955183, 43.5253397], [16.4955314, 43.5253229], [16.4955194, 43.5253226], [16.4955183, 43.5253397]]]}, "properties": {"tema": "granica", "opis": "Granica obuhvata plana", "cad_sloj": "TPS_A001_Granica obuhvata", "list": "0_Granica obuhvata_ID_DPU_DRACEVAC", "plan": "DPU radne zone Dračevac", "izvor": "DPU radne zone Dračevac (split.hr), vektorizirano iz PDF-a"}}, {"type": "Feature", "geometry": {"type": "Polygon", "coordinates": [[[16.4955319, 43.5253142], [16.4955194, 43.5253142], [16.495533, 43.5252974], [16.4955319, 43.5253142]]]}, "properties": {"tema": "granica", "opis": "Granica obuhvata plana", "cad_sloj": "TPS_A001_Granica obuhvata", "list": "0_Granica obuhvata_ID_DPU_DRACEVAC", "plan": "DPU radne zone Dračevac", "izvor": "DPU radne zone Dračevac (split.hr), vektorizirano iz PDF-a"}}, {"type": "Feature", "geometry": {"type": "Polygon", "coordinates": [[[16.4955194, 43.5253142], [16.495533, 43.5252974], [16.4955204, 43.5252971], [16.4955194, 43.5253142]]]}, "properties": {"tema": "granica", "opis": "Granica obuhvata plana", "cad_sloj": "TPS_A001_Granica obuhvata", "list": "0_Granica obuhvata_ID_DPU_DRACEVAC", "plan": "DPU radne zone Dračevac", "izvor": "DPU radne zone Dračevac (split.hr), vektorizirano iz PDF-a"}}, {"type": "Feature", "geometry": {"type": "Polygon", "coordinates": [[[16.495533, 43.5252887], [16.4955209, 43.5252883], [16.4955335, 43.5252803], [16.495533, 43.5252887]]]}, "properties": {"tema": "granica", "opis": "Granica obuhvata plana", "cad_sloj": "TPS_A001_Granica obuhvata", "list": "0_Granica obuhvata_ID_DPU_DRACEVAC", "plan": "DPU radne zone Dračevac", "izvor": "DPU radne zone Dračevac (split.hr), vektorizirano iz PDF-a"}}, {"type": "Feature", "geometry": {"type": "Polygon", "coordinates": [[[16.4955209, 43.5252883], [16.4955335, 43.5252803], [16.4955215, 43.5252799], [16.4955209, 43.5252883]]]}, "properties": {"tema": "granica", "opis": "Granica obuhvata plana", "cad_sloj": "TPS_A001_Granica obuhvata", "list": "0_Granica obuhvata_ID_DPU_DRACEVAC", "plan": "DPU radne zone Dračevac", "izvor": "DPU radne zone Dračevac (split.hr), vektorizirano iz PDF-a"}}, {"type": "Feature", "geometry": {"type": "Polygon", "coordinates": [[[16.4955335, 43.5252803], [16.4955215, 43.5252799], [16.495534, 43.5252716], [16.4955335, 43.5252803]]]}, "properties": {"tema": "granica", "opis": "Granica obuhvata plana", "cad_sloj": "TPS_A001_Granica obuhvata", "list": "0_Granica obuhvata_ID_DPU_DRACEVAC", "plan": "DPU radne zone Dračevac", "izvor": "DPU radne zone Dračevac (split.hr), vektorizirano iz PDF-a"}}, {"type": "Feature", "geometry": {"type": "Polygon", "coordinates": [[[16.4955215, 43.5252799], [16.495534, 43.5252716], [16.495522, 43.5252712], [16.4955215, 43.5252799]]]}, "properties": {"tema": "granica", "opis": "Granica obuhvata plana", "cad_sloj": "TPS_A001_Granica obuhvata", "list": "0_Granica obuhvata_ID_DPU_DRACEVAC", "plan": "DPU radne zone Dračevac", "izvor": "DPU radne zone Dračevac (split.hr), vektorizirano iz PDF-a"}}, {"type": "Feature", "geometry": {"type": "Polygon", "coordinates": [[[16.4955345, 43.5252632], [16.495522, 43.5252628], [16.4955356, 43.5252461], [16.4955345, 43.5252632]]]}, "properties": {"tema": "granica", "opis": "Granica obuhvata plana", "cad_sloj": "TPS_A001_Granica obuhvata", "list": "0_Granica obuhvata_ID_DPU_DRACEVAC", "plan": "DPU radne zone Dračevac", "izvor": "DPU radne zone Dračevac (split.hr), vektorizirano iz PDF-a"}}, {"type": "Feature", "geometry": {"type": "Polygon", "coordinates": [[[16.495522, 43.5252628], [16.4955356, 43.5252461], [16.495523, 43.5252457], [16.495522, 43.5252628]]]}, "properties": {"tema": "granica", "opis": "Granica obuhvata plana", "cad_sloj": "TPS_A001_Granica obuhvata", "list": "0_Granica obuhvata_ID_DPU_DRACEVAC", "plan": "DPU radne zone Dračevac", "izvor": "DPU radne zone Dračevac (split.hr), vektorizirano iz PDF-a"}}, {"type": "Feature", "geometry": {"type": "Polygon", "coordinates": [[[16.4955361, 43.5252373], [16.4955235, 43.5252369], [16.4955366, 43.5252206], [16.4955361, 43.5252373]]]}, "properties": {"tema": "granica", "opis": "Granica obuhvata plana", "cad_sloj": "TPS_A001_Granica obuhvata", "list": "0_Granica obuhvata_ID_DPU_DRACEVAC", "plan": "DPU radne zone Dračevac", "izvor": "DPU radne zone Dračevac (split.hr), vektorizirano iz PDF-a"}}, {"type": "Feature", "geometry": {"type": "Polygon", "coordinates": [[[16.4955235, 43.5252369], [16.4955366, 43.5252206], [16.4955246, 43.5252202], [16.4955235, 43.5252369]]]}, "properties": {"tema": "granica", "opis": "Granica obuhvata plana", "cad_sloj": "TPS_A001_Granica obuhvata", "list": "0_Granica obuhvata_ID_DPU_DRACEVAC", "plan": "DPU radne zone Dračevac", "izvor": "DPU radne zone Dračevac (split.hr), vektorizirano iz PDF-a"}}, {"type": "Feature", "geometry": {"type": "Polygon", "coordinates": [[[16.4955371, 43.5252118], [16.4955251, 43.5252114], [16.4955382, 43.5251947], [16.4955371, 43.5252118]]]}, "properties": {"tema": "granica", "opis": "Granica obuhvata plana", "cad_sloj": "TPS_A001_Granica obuhvata", "list": "0_Granica obuhvata_ID_DPU_DRACEVAC", "plan": "DPU radne zone Dračevac", "izvor": "DPU radne zone Dračevac (split.hr), vektorizirano iz PDF-a"}}, {"type": "Feature", "geometry": {"type": "Polygon", "coordinates": [[[16.4955251, 43.5252114], [16.4955382, 43.5251947], [16.4955262, 43.5251943], [16.4955251, 43.5252114]]]}, "properties": {"tema": "granica", "opis": "Granica obuhvata plana", "cad_sloj": "TPS_A001_Granica obuhvata", "list": "0_Granica obuhvata_ID_DPU_DRACEVAC", "plan": "DPU radne zone Dračevac", "izvor": "DPU radne zone Dračevac (split.hr), vektorizirano iz PDF-a"}}, {"type": "Feature", "geometry": {"type": "Polygon", "coordinates": [[[16.4955387, 43.5251863], [16.4955262, 43.5251859], [16.4955392, 43.5251791], [16.4955387, 43.5251863]]]}, "properties": {"tema": "granica", "opis": "Granica obuhvata plana", "cad_sloj": "TPS_A001_Granica obuhvata", "list": "0_Granica obuhvata_ID_DPU_DRACEVAC", "plan": "DPU radne zone Dračevac", "izvor": "DPU radne zone Dračevac (split.hr), vektorizirano iz PDF-a"}}, {"type": "Feature", "geometry": {"type": "Polygon", "coordinates": [[[16.4955262, 43.5251859], [16.4955392, 43.5251791], [16.4955267, 43.5251787], [16.4955262, 43.5251859]]]}, "properties": {"tema": "granica", "opis": "Granica obuhvata plana", "cad_sloj": "TPS_A001_Granica obuhvata", "list": "0_Granica obuhvata_ID_DPU_DRACEVAC", "plan": "DPU radne zone Dračevac", "izvor": "DPU radne zone Dračevac (split.hr), vektorizirano iz PDF-a"}}, {"type": "Feature", "geometry": {"type": "Polygon", "coordinates": [[[16.4955392, 43.5251791], [16.4955267, 43.5251787], [16.4955398, 43.5251692], [16.4955392, 43.5251791]]]}, "properties": {"tema": "granica", "opis": "Granica obuhvata plana", "cad_sloj": "TPS_A001_Granica obuhvata", "list": "0_Granica obuhvata_ID_DPU_DRACEVAC", "plan": "DPU radne zone Dračevac", "izvor": "DPU radne zone Dračevac (split.hr), vektorizirano iz PDF-a"}}, {"type": "Feature", "geometry": {"type": "Polygon", "coordinates": [[[16.4955267, 43.5251787], [16.4955398, 43.5251692], [16.4955272, 43.5251688], [16.4955267, 43.5251787]]]}, "properties": {"tema": "granica", "opis": "Granica obuhvata plana", "cad_sloj": "TPS_A001_Granica obuhvata", "list": "0_Granica obuhvata_ID_DPU_DRACEVAC", "plan": "DPU radne zone Dračevac", "izvor": "DPU radne zone Dračevac (split.hr), vektorizirano iz PDF-a"}}, {"type": "Feature", "geometry": {"type": "Polygon", "coordinates": [[[16.4955398, 43.5251604], [16.4955277, 43.52516], [16.4955408, 43.5251433], [16.4955398, 43.5251604]]]}, "properties": {"tema": "granica", "opis": "Granica obuhvata plana", "cad_sloj": "TPS_A001_Granica obuhvata", "list": "0_Granica obuhvata_ID_DPU_DRACEVAC", "plan": "DPU radne zone Dračevac", "izvor": "DPU radne zone Dračevac (split.hr), vektorizirano iz PDF-a"}}, {"type": "Feature", "geometry": {"type": "Polygon", "coordinates": [[[16.4955277, 43.52516], [16.4955408, 43.5251433], [16.4955283, 43.5251433], [16.4955277, 43.52516]]]}, "properties": {"tema": "granica", "opis": "Granica obuhvata plana", "cad_sloj": "TPS_A001_Granica obuhvata", "list": "0_Granica obuhvata_ID_DPU_DRACEVAC", "plan": "DPU radne zone Dračevac", "izvor": "DPU radne zone Dračevac (split.hr), vektorizirano iz PDF-a"}}, {"type": "Feature", "geometry": {"type": "Polygon", "coordinates": [[[16.4955413, 43.5251349], [16.4955288, 43.5251345], [16.4955419, 43.5251178], [16.4955413, 43.5251349]]]}, "properties": {"tema": "granica", "opis": "Granica obuhvata plana", "cad_sloj": "TPS_A001_Granica obuhvata", "list": "0_Granica obuhvata_ID_DPU_DRACEVAC", "plan": "DPU radne zone Dračevac", "izvor": "DPU radne zone Dračevac (split.hr), vektorizirano iz PDF-a"}}, {"type": "Feature", "geometry": {"type": "Polygon", "coordinates": [[[16.4955288, 43.5251345], [16.4955419, 43.5251178], [16.4955293, 43.5251174], [16.4955288, 43.5251345]]]}, "properties": {"tema": "granica", "opis": "Granica obuhvata plana", "cad_sloj": "TPS_A001_Granica obuhvata", "list": "0_Granica obuhvata_ID_DPU_DRACEVAC", "plan": "DPU radne zone Dračevac", "izvor": "DPU radne zone Dračevac (split.hr), vektorizirano iz PDF-a"}}, {"type": "Feature", "geometry": {"type": "Polygon", "coordinates": [[[16.4955424, 43.5251094], [16.4955298, 43.525109], [16.4955429, 43.5250923], [16.4955424, 43.5251094]]]}, "properties": {"tema": "granica", "opis": "Granica obuhvata plana", "cad_sloj": "TPS_A001_Granica obuhvata", "list": "0_Granica obuhvata_ID_DPU_DRACEVAC", "plan": "DPU radne zone Dračevac", "izvor": "DPU radne zone Dračevac (split.hr), vektorizirano iz PDF-a"}}, {"type": "Feature", "geometry": {"type": "Polygon", "coordinates": [[[16.4955298, 43.525109], [16.4955429, 43.5250923], [16.4955309, 43.5250919], [16.4955298, 43.525109]]]}, "properties": {"tema": "granica", "opis": "Granica obuhvata plana", "cad_sloj": "TPS_A001_Granica obuhvata", "list": "0_Granica obuhvata_ID_DPU_DRACEVAC", "plan": "DPU radne zone Dračevac", "izvor": "DPU radne zone Dračevac (split.hr), vektorizirano iz PDF-a"}}, {"type": "Feature", "geometry": {"type": "Polygon", "coordinates": [[[16.4955434, 43.5250835], [16.4955309, 43.5250832], [16.495544, 43.5250736], [16.4955434, 43.5250835]]]}, "properties": {"tema": "granica", "opis": "Granica obuhvata plana", "cad_sloj": "TPS_A001_Granica obuhvata", "list": "0_Granica obuhvata_ID_DPU_DRACEVAC", "plan": "DPU radne zone Dračevac", "izvor": "DPU radne zone Dračevac (split.hr), vektorizirano iz PDF-a"}}, {"type": "Feature", "geometry": {"type": "Polygon", "coordinates": [[[16.4955309, 43.5250832], [16.495544, 43.5250736], [16.4955314, 43.5250733], [16.4955309, 43.5250832]]]}, "properties": {"tema": "granica", "opis": "Granica obuhvata plana", "cad_sloj": "TPS_A001_Granica obuhvata", "list": "0_Granica obuhvata_ID_DPU_DRACEVAC", "plan": "DPU radne zone Dračevac", "izvor": "DPU radne zone Dračevac (split.hr), vektorizirano iz PDF-a"}}, {"type": "Feature", "geometry": {"type": "Polygon", "coordinates": [[[16.4955403, 43.5250774], [16.4955351, 43.5250691], [16.4955492, 43.5250744], [16.4955403, 43.5250774]]]}, "properties": {"tema": "granica", "opis": "Granica obuhvata plana", "cad_sloj": "TPS_A001_Granica obuhvata", "list": "0_Granica obuhvata_ID_DPU_DRACEVAC", "plan": "DPU radne zone Dračevac", "izvor": "DPU radne zone Dračevac (split.hr), vektorizirano iz PDF-a"}}, {"type": "Feature", "geometry": {"type": "Polygon", "coordinates": [[[16.4955351, 43.5250691], [16.4955492, 43.5250744], [16.495544, 43.5250664], [16.4955351, 43.5250691]]]}, "properties": {"tema": "granica", "opis": "Granica obuhvata plana", "cad_sloj": "TPS_A001_Granica obuhvata", "list": "0_Granica obuhvata_ID_DPU_DRACEVAC", "plan": "DPU radne zone Dračevac", "izvor": "DPU radne zone Dračevac (split.hr), vektorizirano iz PDF-a"}}, {"type": "Feature", "geometry": {"type": "Polygon", "coordinates": [[[16.4955597, 43.525071], [16.4955544, 43.525063], [16.4955811, 43.5250641], [16.4955597, 43.525071]]]}, "properties": {"tema": "granica", "opis": "Granica obuhvata plana", "cad_sloj": "TPS_A001_Granica obuhvata", "list": "0_Granica obuhvata_ID_DPU_DRACEVAC", "plan": "DPU radne zone Dračevac", "izvor": "DPU radne zone Dračevac (split.hr), vektorizirano iz PDF-a"}}, {"type": "Feature", "geometry": {"type": "Polygon", "coordinates": [[[16.4955544, 43.525063], [16.4955811, 43.5250641], [16.4955759, 43.5250557], [16.4955544, 43.525063]]]}, "properties": {"tema": "granica", "opis": "Granica obuhvata plana", "cad_sloj": "TPS_A001_Granica obuhvata", "list": "0_Granica obuhvata_ID_DPU_DRACEVAC", "plan": "DPU radne zone Dračevac", "izvor": "DPU radne zone Dračevac (split.hr), vektorizirano iz PDF-a"}}, {"type": "Feature", "geometry": {"type": "Polygon", "coordinates": [[[16.4955916, 43.5250603], [16.4955869, 43.5250523], [16.495613, 43.5250535], [16.4955916, 43.5250603]]]}, "properties": {"tema": "granica", "opis": "Granica obuhvata plana", "cad_sloj": "TPS_A001_Granica obuhvata", "list": "0_Granica obuhvata_ID_DPU_DRACEVAC", "plan": "DPU radne zone Dračevac", "izvor": "DPU radne zone Dračevac (split.hr), vektorizirano iz PDF-a"}}, {"type": "Feature", "geometry": {"type": "Polygon", "coordinates": [[[16.4955869, 43.5250523], [16.495613, 43.5250535], [16.4956083, 43.5250451], [16.4955869, 43.5250523]]]}, "properties": {"tema": "granica", "opis": "Granica obuhvata plana", "cad_sloj": "TPS_A001_Granica obuhvata", "list": "0_Granica obuhvata_ID_DPU_DRACEVAC", "plan": "DPU radne zone Dračevac", "izvor": "DPU radne zone Dračevac (split.hr), vektorizirano iz PDF-a"}}, {"type": "Feature", "geometry": {"type": "Polygon", "coordinates": [[[16.495624, 43.5250497], [16.4956188, 43.5250417], [16.4956454, 43.5250428], [16.495624, 43.5250497]]]}, "properties": {"tema": "granica", "opis": "Granica obuhvata plana", "cad_sloj": "TPS_A001_Granica obuhvata", "list": "0_Granica obuhvata_ID_DPU_DRACEVAC", "plan": "DPU radne zone Dračevac", "izvor": "DPU radne zone Dračevac (split.hr), vektorizirano iz PDF-a"}}, {"type": "Feature", "geometry": {"type": "Polygon", "coordinates": [[[16.4956188, 43.5250417], [16.4956454, 43.5250428], [16.4956402, 43.5250344], [16.4956188, 43.5250417]]]}, "properties": {"tema": "granica", "opis": "Granica obuhvata plana", "cad_sloj": "TPS_A001_Granica obuhvata", "list": "0_Granica obuhvata_ID_DPU_DRACEVAC", "plan": "DPU radne zone Dračevac", "izvor": "DPU radne zone Dračevac (split.hr), vektorizirano iz PDF-a"}}, {"type": "Feature", "geometry": {"type": "Polygon", "coordinates": [[[16.4956559, 43.5250394], [16.4956512, 43.525031], [16.4956601, 43.5250379], [16.4956559, 43.5250394]]]}, "properties": {"tema": "granica", "opis": "Granica obuhvata plana", "cad_sloj": "TPS_A001_Granica obuhvata", "list": "0_Granica obuhvata_ID_DPU_DRACEVAC", "plan": "DPU radne zone Dračevac", "izvor": "DPU radne zone Dračevac (split.hr), vektorizirano iz PDF-a"}}, {"type": "Feature", "geometry": {"type": "Polygon", "coordinates": [[[16.4956512, 43.525031], [16.4956601, 43.5250379], [16.4956549, 43.5250299], [16.4956512, 43.525031]]]}, "properties": {"tema": "granica", "opis": "Granica obuhvata plana", "cad_sloj": "TPS_A001_Granica obuhvata", "list": "0_Granica obuhvata_ID_DPU_DRACEVAC", "plan": "DPU radne zone Dračevac", "izvor": "DPU radne zone Dračevac (split.hr), vektorizirano iz PDF-a"}}, {"type": "Feature", "geometry": {"type": "Polygon", "coordinates": [[[16.4956601, 43.5250379], [16.4956549, 43.5250299], [16.4956774, 43.5250322], [16.4956601, 43.5250379]]]}, "properties": {"tema": "granica", "opis": "Granica obuhvata plana", "cad_sloj": "TPS_A001_Granica obuhvata", "list": "0_Granica obuhvata_ID_DPU_DRACEVAC", "plan": "DPU radne zone Dračevac", "izvor": "DPU radne zone Dračevac (split.hr), vektorizirano iz PDF-a"}}, {"type": "Feature", "geometry": {"type": "Polygon", "coordinates": [[[16.4956549, 43.5250299], [16.4956774, 43.5250322], [16.4956721, 43.5250242], [16.4956549, 43.5250299]]]}, "properties": {"tema": "granica", "opis": "Granica obuhvata plana", "cad_sloj": "TPS_A001_Granica obuhvata", "list": "0_Granica obuhvata_ID_DPU_DRACEVAC", "plan": "DPU radne zone Dračevac", "izvor": "DPU radne zone Dračevac (split.hr), vektorizirano iz PDF-a"}}, {"type": "Feature", "geometry": {"type": "Polygon", "coordinates": [[[16.4956883, 43.5250287], [16.4956831, 43.5250204], [16.4957098, 43.5250215], [16.4956883, 43.5250287]]]}, "properties": {"tema": "granica", "opis": "Granica obuhvata plana", "cad_sloj": "TPS_A001_Granica obuhvata", "list": "0_Granica obuhvata_ID_DPU_DRACEVAC", "plan": "DPU radne zone Dračevac", "izvor": "DPU radne zone Dračevac (split.hr), vektorizirano iz PDF-a"}}, {"type": "Feature", "geometry": {"type": "Polygon", "coordinates": [[[16.4956831, 43.5250204], [16.4957098, 43.5250215], [16.4957046, 43.5250135], [16.4956831, 43.5250204]]]}, "properties": {"tema": "granica", "opis": "Granica obuhvata plana", "cad_sloj": "TPS_A001_Granica obuhvata", "list": "0_Granica obuhvata_ID_DPU_DRACEVAC", "plan": "DPU radne zone Dračevac", "izvor": "DPU radne zone Dračevac (split.hr), vektorizirano iz PDF-a"}}, {"type": "Feature", "geometry": {"type": "Polygon", "coordinates": [[[16.4957202, 43.5250181], [16.495715, 43.5250097], [16.4957349, 43.5250131], [16.4957202, 43.5250181]]]}, "properties": {"tema": "granica", "opis": "Granica obuhvata plana", "cad_sloj": "TPS_A001_Granica obuhvata", "list": "0_Granica obuhvata_ID_DPU_DRACEVAC", "plan": "DPU radne zone Dračevac", "izvor": "DPU radne zone Dračevac (split.hr), vektorizirano iz PDF-a"}}, {"type": "Feature", "geometry": {"type": "Polygon", "coordinates": [[[16.495715, 43.5250097], [16.4957349, 43.5250131], [16.4957297, 43.5250051], [16.495715, 43.5250097]]]}, "properties": {"tema": "granica", "opis": "Granica obuhvata plana", "cad_sloj": "TPS_A001_Granica obuhvata", "list": "0_Granica obuhvata_ID_DPU_DRACEVAC", "plan": "DPU radne zone Dračevac", "izvor": "DPU radne zone Dračevac (split.hr), vektorizirano iz PDF-a"}}, {"type": "Feature", "geometry": {"type": "Polygon", "coordinates": [[[16.4957386, 43.5250089], [16.495726, 43.5250093], [16.495738, 43.5250048], [16.4957386, 43.5250089]]]}, "properties": {"tema": "granica", "opis": "Granica obuhvata plana", "cad_sloj": "TPS_A001_Granica obuhvata", "list": "0_Granica obuhvata_ID_DPU_DRACEVAC", "plan": "DPU radne zone Dračevac", "izvor": "DPU radne zone Dračevac (split.hr), vektorizirano iz PDF-a"}}, {"type": "Feature", "geometry": {"type": "Polygon", "coordinates": [[[16.495726, 43.5250093], [16.495738, 43.5250048], [16.495726, 43.5250051], [16.495726, 43.5250093]]]}, "properties": {"tema": "granica", "opis": "Granica obuhvata plana", "cad_sloj": "TPS_A001_Granica obuhvata", "list": "0_Granica obuhvata_ID_DPU_DRACEVAC", "plan": "DPU radne zone Dračevac", "izvor": "DPU radne zone Dračevac (split.hr), vektorizirano iz PDF-a"}}, {"type": "Feature", "geometry": {"type": "Polygon", "coordinates": [[[16.495738, 43.5250048], [16.495726, 43.5250051], [16.495738, 43.5250032], [16.495738, 43.5250048]]]}, "properties": {"tema": "granica", "opis": "Granica obuhvata plana", "cad_sloj": "TPS_A001_Granica obuhvata", "list": "0_Granica obuhvata_ID_DPU_DRACEVAC", "plan": "DPU radne zone Dračevac", "izvor": "DPU radne zone Dračevac (split.hr), vektorizirano iz PDF-a"}}, {"type": "Feature", "geometry": {"type": "Polygon", "coordinates": [[[16.495737, 43.5249949], [16.495725, 43.5249956], [16.4957354, 43.5249777], [16.495737, 43.5249949]]]}, "properties": {"tema": "granica", "opis": "Granica obuhvata plana", "cad_sloj": "TPS_A001_Granica obuhvata", "list": "0_Granica obuhvata_ID_DPU_DRACEVAC", "plan": "DPU radne zone Dračevac", "izvor": "DPU radne zone Dračevac (split.hr), vektorizirano iz PDF-a"}}, {"type": "Feature", "geometry": {"type": "Polygon", "coordinates": [[[16.495725, 43.5249956], [16.4957354, 43.5249777], [16.4957229, 43.5249785], [16.495725, 43.5249956]]]}, "properties": {"tema": "granica", "opis": "Granica obuhvata plana", "cad_sloj": "TPS_A001_Granica obuhvata", "list": "0_Granica obuhvata_ID_DPU_DRACEVAC", "plan": "DPU radne zone Dračevac", "izvor": "DPU radne zone Dračevac (split.hr), vektorizirano iz PDF-a"}}, {"type": "Feature", "geometry": {"type": "Polygon", "coordinates": [[[16.4957344, 43.5249694], [16.4957223, 43.5249697], [16.4957328, 43.5249522], [16.4957344, 43.5249694]]]}, "properties": {"tema": "granica", "opis": "Granica obuhvata plana", "cad_sloj": "TPS_A001_Granica obuhvata", "list": "0_Granica obuhvata_ID_DPU_DRACEVAC", "plan": "DPU radne zone Dračevac", "izvor": "DPU radne zone Dračevac (split.hr), vektorizirano iz PDF-a"}}, {"type": "Feature", "geometry": {"type": "Polygon", "coordinates": [[[16.4957223, 43.5249697], [16.4957328, 43.5249522], [16.4957208, 43.524953], [16.4957223, 43.5249697]]]}, "properties": {"tema": "granica", "opis": "Granica obuhvata plana", "cad_sloj": "TPS_A001_Granica obuhvata", "list": "0_Granica obuhvata_ID_DPU_DRACEVAC", "plan": "DPU radne zone Dračevac", "izvor": "DPU radne zone Dračevac (split.hr), vektorizirano iz PDF-a"}}, {"type": "Feature", "geometry": {"type": "Polygon", "coordinates": [[[16.4957318, 43.5249435], [16.4957197, 43.5249442], [16.4957302, 43.5249267], [16.4957318, 43.5249435]]]}, "properties": {"tema": "granica", "opis": "Granica obuhvata plana", "cad_sloj": "TPS_A001_Granica obuhvata", "list": "0_Granica obuhvata_ID_DPU_DRACEVAC", "plan": "DPU radne zone Dračevac", "izvor": "DPU radne zone Dračevac (split.hr), vektorizirano iz PDF-a"}}, {"type": "Feature", "geometry": {"type": "Polygon", "coordinates": [[[16.4957197, 43.5249442], [16.4957302, 43.5249267], [16.4957182, 43.5249271], [16.4957197, 43.5249442]]]}, "properties": {"tema": "granica", "opis": "Granica obuhvata plana", "cad_sloj": "TPS_A001_Granica obuhvata", "list": "0_Granica obuhvata_ID_DPU_DRACEVAC", "plan": "DPU radne zone Dračevac", "izvor": "DPU radne zone Dračevac (split.hr), vektorizirano iz PDF-a"}}, {"type": "Feature", "geometry": {"type": "Polygon", "coordinates": [[[16.4957291, 43.524918], [16.4957171, 43.5249187], [16.4957276, 43.5249008], [16.4957291, 43.524918]]]}, "properties": {"tema": "granica", "opis": "Granica obuhvata plana", "cad_sloj": "TPS_A001_Granica obuhvata", "list": "0_Granica obuhvata_ID_DPU_DRACEVAC", "plan": "DPU radne zone Dračevac", "izvor": "DPU radne zone Dračevac (split.hr), vektorizirano iz PDF-a"}}, {"type": "Feature", "geometry": {"type": "Polygon", "coordinates": [[[16.4957171, 43.5249187], [16.4957276, 43.5249008], [16.4957155, 43.5249016], [16.4957171, 43.5249187]]]}, "properties": {"tema": "granica", "opis": "Granica obuhvata plana", "cad_sloj": "TPS_A001_Granica obuhvata", "list": "0_Granica obuhvata_ID_DPU_DRACEVAC", "plan": "DPU radne zone Dračevac", "izvor": "DPU radne zone Dračevac (split.hr), vektorizirano iz PDF-a"}}, {"type": "Feature", "geometry": {"type": "Polygon", "coordinates": [[[16.4957182, 43.5248894], [16.4957218, 43.5248978], [16.4956957, 43.5248947], [16.4957182, 43.5248894]]]}, "properties": {"tema": "granica", "opis": "Granica obuhvata plana", "cad_sloj": "TPS_A001_Granica obuhvata", "list": "0_Granica obuhvata_ID_DPU_DRACEVAC", "plan": "DPU radne zone Dračevac", "izvor": "DPU radne zone Dračevac (split.hr), vektorizirano iz PDF-a"}}, {"type": "Feature", "geometry": {"type": "Polygon", "coordinates": [[[16.4957218, 43.5248978], [16.4956957, 43.5248947], [16.4956993, 43.5249031], [16.4957218, 43.5248978]]]}, "properties": {"tema": "granica", "opis": "Granica obuhvata plana", "cad_sloj": "TPS_A001_Granica obuhvata", "list": "0_Granica obuhvata_ID_DPU_DRACEVAC", "plan": "DPU radne zone Dračevac", "izvor": "DPU radne zone Dračevac (split.hr), vektorizirano iz PDF-a"}}, {"type": "Feature", "geometry": {"type": "Polygon", "coordinates": [[[16.4956847, 43.5248974], [16.4956883, 43.5249058], [16.4956622, 43.5249027], [16.4956847, 43.5248974]]]}, "properties": {"tema": "granica", "opis": "Granica obuhvata plana", "cad_sloj": "TPS_A001_Granica obuhvata", "list": "0_Granica obuhvata_ID_DPU_DRACEVAC", "plan": "DPU radne zone Dračevac", "izvor": "DPU radne zone Dračevac (split.hr), vektorizirano iz PDF-a"}}, {"type": "Feature", "geometry": {"type": "Polygon", "coordinates": [[[16.4956883, 43.5249058], [16.4956622, 43.5249027], [16.4956659, 43.5249111], [16.4956883, 43.5249058]]]}, "properties": {"tema": "granica", "opis": "Granica obuhvata plana", "cad_sloj": "TPS_A001_Granica obuhvata", "list": "0_Granica obuhvata_ID_DPU_DRACEVAC", "plan": "DPU radne zone Dračevac", "izvor": "DPU radne zone Dračevac (split.hr), vektorizirano iz PDF-a"}}, {"type": "Feature", "geometry": {"type": "Polygon", "coordinates": [[[16.4956512, 43.5249054], [16.4956549, 43.5249138], [16.4956287, 43.5249107], [16.4956512, 43.5249054]]]}, "properties": {"tema": "granica", "opis": "Granica obuhvata plana", "cad_sloj": "TPS_A001_Granica obuhvata", "list": "0_Granica obuhvata_ID_DPU_DRACEVAC", "plan": "DPU radne zone Dračevac", "izvor": "DPU radne zone Dračevac (split.hr), vektorizirano iz PDF-a"}}, {"type": "Feature", "geometry": {"type": "Polygon", "coordinates": [[[16.4956549, 43.5249138], [16.4956287, 43.5249107], [16.4956324, 43.5249191], [16.4956549, 43.5249138]]]}, "properties": {"tema": "granica", "opis": "Granica obuhvata plana", "cad_sloj": "TPS_A001_Granica obuhvata", "list": "0_Granica obuhvata_ID_DPU_DRACEVAC", "plan": "DPU radne zone Dračevac", "izvor": "DPU radne zone Dračevac (split.hr), vektorizirano iz PDF-a"}}, {"type": "Feature", "geometry": {"type": "Polygon", "coordinates": [[[16.4956256, 43.5249164], [16.4956135, 43.5249183], [16.4956209, 43.5248997], [16.4956256, 43.5249164]]]}, "properties": {"tema": "granica", "opis": "Granica obuhvata plana", "cad_sloj": "TPS_A001_Granica obuhvata", "list": "0_Granica obuhvata_ID_DPU_DRACEVAC", "plan": "DPU radne zone Dračevac", "izvor": "DPU radne zone Dračevac (split.hr), vektorizirano iz PDF-a"}}, {"type": "Feature", "geometry": {"type": "Polygon", "coordinates": [[[16.4956135, 43.5249183], [16.4956209, 43.5248997], [16.4956088, 43.5249016], [16.4956135, 43.5249183]]]}, "properties": {"tema": "granica", "opis": "Granica obuhvata plana", "cad_sloj": "TPS_A001_Granica obuhvata", "list": "0_Granica obuhvata_ID_DPU_DRACEVAC", "plan": "DPU radne zone Dračevac", "izvor": "DPU radne zone Dračevac (split.hr), vektorizirano iz PDF-a"}}, {"type": "Feature", "geometry": {"type": "Polygon", "coordinates": [[[16.4956183, 43.5248913], [16.4956062, 43.5248932], [16.4956135, 43.5248746], [16.4956183, 43.5248913]]]}, "properties": {"tema": "granica", "opis": "Granica obuhvata plana", "cad_sloj": "TPS_A001_Granica obuhvata", "list": "0_Granica obuhvata_ID_DPU_DRACEVAC", "plan": "DPU radne zone Dračevac", "izvor": "DPU radne zone Dračevac (split.hr), vektorizirano iz PDF-a"}}, {"type": "Feature", "geometry": {"type": "Polygon", "coordinates": [[[16.4956062, 43.5248932], [16.4956135, 43.5248746], [16.4956015, 43.5248765], [16.4956062, 43.5248932]]]}, "properties": {"tema": "granica", "opis": "Granica obuhvata plana", "cad_sloj": "TPS_A001_Granica obuhvata", "list": "0_Granica obuhvata_ID_DPU_DRACEVAC", "plan": "DPU radne zone Dračevac", "izvor": "DPU radne zone Dračevac (split.hr), vektorizirano iz PDF-a"}}, {"type": "Feature", "geometry": {"type": "Polygon", "coordinates": [[[16.4956115, 43.5248662], [16.4955994, 43.5248681], [16.4956067, 43.5248495], [16.4956115, 43.5248662]]]}, "properties": {"tema": "granica", "opis": "Granica obuhvata plana", "cad_sloj": "TPS_A001_Granica obuhvata", "list": "0_Granica obuhvata_ID_DPU_DRACEVAC", "plan": "DPU radne zone Dračevac", "izvor": "DPU radne zone Dračevac (split.hr), vektorizirano iz PDF-a"}}, {"type": "Feature", "geometry": {"type": "Polygon", "coordinates": [[[16.4955994, 43.5248681], [16.4956067, 43.5248495], [16.4955947, 43.5248514], [16.4955994, 43.5248681]]]}, "properties": {"tema": "granica", "opis": "Granica obuhvata plana", "cad_sloj": "TPS_A001_Granica obuhvata", "list": "0_Granica obuhvata_ID_DPU_DRACEVAC", "plan": "DPU radne zone Dračevac", "izvor": "DPU radne zone Dračevac (split.hr), vektorizirano iz PDF-a"}}, {"type": "Feature", "geometry": {"type": "Polygon", "coordinates": [[[16.4956047, 43.5248411], [16.4955921, 43.524843], [16.4955999, 43.5248243], [16.4956047, 43.5248411]]]}, "properties": {"tema": "granica", "opis": "Granica obuhvata plana", "cad_sloj": "TPS_A001_Granica obuhvata", "list": "0_Granica obuhvata_ID_DPU_DRACEVAC", "plan": "DPU radne zone Dračevac", "izvor": "DPU radne zone Dračevac (split.hr), vektorizirano iz PDF-a"}}, {"type": "Feature", "geometry": {"type": "Polygon", "coordinates": [[[16.4955921, 43.524843], [16.4955999, 43.5248243], [16.4955879, 43.5248262], [16.4955921, 43.524843]]]}, "properties": {"tema": "granica", "opis": "Granica obuhvata plana", "cad_sloj": "TPS_A001_Granica obuhvata", "list": "0_Granica obuhvata_ID_DPU_DRACEVAC", "plan": "DPU radne zone Dračevac", "izvor": "DPU radne zone Dračevac (split.hr), vektorizirano iz PDF-a"}}, {"type": "Feature", "geometry": {"type": "Polygon", "coordinates": [[[16.4955973, 43.524816], [16.4955853, 43.5248179], [16.4955926, 43.5247992], [16.4955973, 43.524816]]]}, "properties": {"tema": "granica", "opis": "Granica obuhvata plana", "cad_sloj": "TPS_A001_Granica obuhvata", "list": "0_Granica obuhvata_ID_DPU_DRACEVAC", "plan": "DPU radne zone Dračevac", "izvor": "DPU radne zone Dračevac (split.hr), vektorizirano iz PDF-a"}}, {"type": "Feature", "geometry": {"type": "Polygon", "coordinates": [[[16.4955853, 43.5248179], [16.4955926, 43.5247992], [16.4955806, 43.5248011], [16.4955853, 43.5248179]]]}, "properties": {"tema": "granica", "opis": "Granica obuhvata plana", "cad_sloj": "TPS_A001_Granica obuhvata", "list": "0_Granica obuhvata_ID_DPU_DRACEVAC", "plan": "DPU radne zone Dračevac", "izvor": "DPU radne zone Dračevac (split.hr), vektorizirano iz PDF-a"}}, {"type": "Feature", "geometry": {"type": "Polygon", "coordinates": [[[16.4955968, 43.5248007], [16.4955932, 43.524792], [16.4956193, 43.5247958], [16.4955968, 43.5248007]]]}, "properties": {"tema": "granica", "opis": "Granica obuhvata plana", "cad_sloj": "TPS_A001_Granica obuhvata", "list": "0_Granica obuhvata_ID_DPU_DRACEVAC", "plan": "DPU radne zone Dračevac", "izvor": "DPU radne zone Dračevac (split.hr), vektorizirano iz PDF-a"}}, {"type": "Feature", "geometry": {"type": "Polygon", "coordinates": [[[16.4955932, 43.524792], [16.4956193, 43.5247958], [16.4956156, 43.524787], [16.4955932, 43.524792]]]}, "properties": {"tema": "granica", "opis": "Granica obuhvata plana", "cad_sloj": "TPS_A001_Granica obuhvata", "list": "0_Granica obuhvata_ID_DPU_DRACEVAC", "plan": "DPU radne zone Dračevac", "izvor": "DPU radne zone Dračevac (split.hr), vektorizirano iz PDF-a"}}, {"type": "Feature", "geometry": {"type": "Polygon", "coordinates": [[[16.4956303, 43.5247931], [16.4956266, 43.5247847], [16.4956528, 43.5247882], [16.4956303, 43.5247931]]]}, "properties": {"tema": "granica", "opis": "Granica obuhvata plana", "cad_sloj": "TPS_A001_Granica obuhvata", "list": "0_Granica obuhvata_ID_DPU_DRACEVAC", "plan": "DPU radne zone Dračevac", "izvor": "DPU radne zone Dračevac (split.hr), vektorizirano iz PDF-a"}}, {"type": "Feature", "geometry": {"type": "Polygon", "coordinates": [[[16.4956266, 43.5247847], [16.4956528, 43.5247882], [16.4956491, 43.5247798], [16.4956266, 43.5247847]]]}, "properties": {"tema": "granica", "opis": "Granica obuhvata plana", "cad_sloj": "TPS_A001_Granica obuhvata", "list": "0_Granica obuhvata_ID_DPU_DRACEVAC", "plan": "DPU radne zone Dračevac", "izvor": "DPU radne zone Dračevac (split.hr), vektorizirano iz PDF-a"}}, {"type": "Feature", "geometry": {"type": "Polygon", "coordinates": [[[16.4956643, 43.5247859], [16.4956606, 43.5247771], [16.4956868, 43.5247809], [16.4956643, 43.5247859]]]}, "properties": {"tema": "granica", "opis": "Granica obuhvata plana", "cad_sloj": "TPS_A001_Granica obuhvata", "list": "0_Granica obuhvata_ID_DPU_DRACEVAC", "plan": "DPU radne zone Dračevac", "izvor": "DPU radne zone Dračevac (split.hr), vektorizirano iz PDF-a"}}, {"type": "Feature", "geometry": {"type": "Polygon", "coordinates": [[[16.4956606, 43.5247771], [16.4956868, 43.5247809], [16.4956831, 43.5247722], [16.4956606, 43.5247771]]]}, "properties": {"tema": "granica", "opis": "Granica obuhvata plana", "cad_sloj": "TPS_A001_Granica obuhvata", "list": "0_Granica obuhvata_ID_DPU_DRACEVAC", "plan": "DPU radne zone Dračevac", "izvor": "DPU radne zone Dračevac (split.hr), vektorizirano iz PDF-a"}}, {"type": "Feature", "geometry": {"type": "Polygon", "coordinates": [[[16.4956978, 43.5247787], [16.4956941, 43.5247699], [16.4957203, 43.5247737], [16.4956978, 43.5247787]]]}, "properties": {"tema": "granica", "opis": "Granica obuhvata plana", "cad_sloj": "TPS_A001_Granica obuhvata", "list": "0_Granica obuhvata_ID_DPU_DRACEVAC", "plan": "DPU radne zone Dračevac", "izvor": "DPU radne zone Dračevac (split.hr), vektorizirano iz PDF-a"}}, {"type": "Feature", "geometry": {"type": "Polygon", "coordinates": [[[16.4956941, 43.5247699], [16.4957203, 43.5247737], [16.4957166, 43.524765], [16.4956941, 43.5247699]]]}, "properties": {"tema": "granica", "opis": "Granica obuhvata plana", "cad_sloj": "TPS_A001_Granica obuhvata", "list": "0_Granica obuhvata_ID_DPU_DRACEVAC", "plan": "DPU radne zone Dračevac", "izvor": "DPU radne zone Dračevac (split.hr), vektorizirano iz PDF-a"}}, {"type": "Feature", "geometry": {"type": "Polygon", "coordinates": [[[16.4957318, 43.524771], [16.4957281, 43.5247627], [16.4957543, 43.5247661], [16.4957318, 43.524771]]]}, "properties": {"tema": "granica", "opis": "Granica obuhvata plana", "cad_sloj": "TPS_A001_Granica obuhvata", "list": "0_Granica obuhvata_ID_DPU_DRACEVAC", "plan": "DPU radne zone Dračevac", "izvor": "DPU radne zone Dračevac (split.hr), vektorizirano iz PDF-a"}}, {"type": "Feature", "geometry": {"type": "Polygon", "coordinates": [[[16.4957281, 43.5247627], [16.4957543, 43.5247661], [16.4957506, 43.5247577], [16.4957281, 43.5247627]]]}, "properties": {"tema": "granica", "opis": "Granica obuhvata plana", "cad_sloj": "TPS_A001_Granica obuhvata", "list": "0_Granica obuhvata_ID_DPU_DRACEVAC", "plan": "DPU radne zone Dračevac", "izvor": "DPU radne zone Dračevac (split.hr), vektorizirano iz PDF-a"}}, {"type": "Feature", "geometry": {"type": "Polygon", "coordinates": [[[16.4957652, 43.5247638], [16.4957621, 43.5247551], [16.4957877, 43.5247589], [16.4957652, 43.5247638]]]}, "properties": {"tema": "granica", "opis": "Granica obuhvata plana", "cad_sloj": "TPS_A001_Granica obuhvata", "list": "0_Granica obuhvata_ID_DPU_DRACEVAC", "plan": "DPU radne zone Dračevac", "izvor": "DPU radne zone Dračevac (split.hr), vektorizirano iz PDF-a"}}, {"type": "Feature", "geometry": {"type": "Polygon", "coordinates": [[[16.4957621, 43.5247551], [16.4957877, 43.5247589], [16.4957846, 43.5247501], [16.4957621, 43.5247551]]]}, "properties": {"tema": "granica", "opis": "Granica obuhvata plana", "cad_sloj": "TPS_A001_Granica obuhvata", "list": "0_Granica obuhvata_ID_DPU_DRACEVAC", "plan": "DPU radne zone Dračevac", "izvor": "DPU radne zone Dračevac (split.hr), vektorizirano iz PDF-a"}}, {"type": "Feature", "geometry": {"type": "Polygon", "coordinates": [[[16.4957993, 43.5247566], [16.4957956, 43.5247478], [16.4958217, 43.5247516], [16.4957993, 43.5247566]]]}, "properties": {"tema": "granica", "opis": "Granica obuhvata plana", "cad_sloj": "TPS_A001_Granica obuhvata", "list": "0_Granica obuhvata_ID_DPU_DRACEVAC", "plan": "DPU radne zone Dračevac", "izvor": "DPU radne zone Dračevac (split.hr), vektorizirano iz PDF-a"}}, {"type": "Feature", "geometry": {"type": "Polygon", "coordinates": [[[16.4957956, 43.5247478], [16.4958217, 43.5247516], [16.4958181, 43.5247429], [16.4957956, 43.5247478]]]}, "properties": {"tema": "granica", "opis": "Granica obuhvata plana", "cad_sloj": "TPS_A001_Granica obuhvata", "list": "0_Granica obuhvata_ID_DPU_DRACEVAC", "plan": "DPU radne zone Dračevac", "izvor": "DPU radne zone Dračevac (split.hr), vektorizirano iz PDF-a"}}, {"type": "Feature", "geometry": {"type": "Polygon", "coordinates": [[[16.4958327, 43.524749], [16.4958296, 43.5247406], [16.4958557, 43.524744], [16.4958327, 43.524749]]]}, "properties": {"tema": "granica", "opis": "Granica obuhvata plana", "cad_sloj": "TPS_A001_Granica obuhvata", "list": "0_Granica obuhvata_ID_DPU_DRACEVAC", "plan": "DPU radne zone Dračevac", "izvor": "DPU radne zone Dračevac (split.hr), vektorizirano iz PDF-a"}}, {"type": "Feature", "geometry": {"type": "Polygon", "coordinates": [[[16.4958296, 43.5247406], [16.4958557, 43.524744], [16.4958521, 43.5247357], [16.4958296, 43.5247406]]]}, "properties": {"tema": "granica", "opis": "Granica obuhvata plana", "cad_sloj": "TPS_A001_Granica obuhvata", "list": "0_Granica obuhvata_ID_DPU_DRACEVAC", "plan": "DPU radne zone Dračevac", "izvor": "DPU radne zone Dračevac (split.hr), vektorizirano iz PDF-a"}}, {"type": "Feature", "geometry": {"type": "Polygon", "coordinates": [[[16.4958667, 43.5247417], [16.4958631, 43.524733], [16.4958714, 43.5247406], [16.4958667, 43.5247417]]]}, "properties": {"tema": "granica", "opis": "Granica obuhvata plana", "cad_sloj": "TPS_A001_Granica obuhvata", "list": "0_Granica obuhvata_ID_DPU_DRACEVAC", "plan": "DPU radne zone Dračevac", "izvor": "DPU radne zone Dračevac (split.hr), vektorizirano iz PDF-a"}}, {"type": "Feature", "geometry": {"type": "Polygon", "coordinates": [[[16.4958631, 43.524733], [16.4958714, 43.5247406], [16.4958678, 43.5247322], [16.4958631, 43.524733]]]}, "properties": {"tema": "granica", "opis": "Granica obuhvata plana", "cad_sloj": "TPS_A001_Granica obuhvata", "list": "0_Granica obuhvata_ID_DPU_DRACEVAC", "plan": "DPU radne zone Dračevac", "izvor": "DPU radne zone Dračevac (split.hr), vektorizirano iz PDF-a"}}, {"type": "Feature", "geometry": {"type": "Polygon", "coordinates": [[[16.4958714, 43.5247406], [16.4958678, 43.5247322], [16.4958892, 43.5247364], [16.4958714, 43.5247406]]]}, "properties": {"tema": "granica", "opis": "Granica obuhvata plana", "cad_sloj": "TPS_A001_Granica obuhvata", "list": "0_Granica obuhvata_ID_DPU_DRACEVAC", "plan": "DPU radne zone Dračevac", "izvor": "DPU radne zone Dračevac (split.hr), vektorizirano iz PDF-a"}}, {"type": "Feature", "geometry": {"type": "Polygon", "coordinates": [[[16.4958678, 43.5247322], [16.4958892, 43.5247364], [16.4958856, 43.524728], [16.4958678, 43.5247322]]]}, "properties": {"tema": "granica", "opis": "Granica obuhvata plana", "cad_sloj": "TPS_A001_Granica obuhvata", "list": "0_Granica obuhvata_ID_DPU_DRACEVAC", "plan": "DPU radne zone Dračevac", "izvor": "DPU radne zone Dračevac (split.hr), vektorizirano iz PDF-a"}}, {"type": "Feature", "geometry": {"type": "Polygon", "coordinates": [[[16.4959002, 43.5247338], [16.4958965, 43.5247254], [16.4959227, 43.5247284], [16.4959002, 43.5247338]]]}, "properties": {"tema": "granica", "opis": "Granica obuhvata plana", "cad_sloj": "TPS_A001_Granica obuhvata", "list": "0_Granica obuhvata_ID_DPU_DRACEVAC", "plan": "DPU radne zone Dračevac", "izvor": "DPU radne zone Dračevac (split.hr), vektorizirano iz PDF-a"}}, {"type": "Feature", "geometry": {"type": "Polygon", "coordinates": [[[16.4958965, 43.5247254], [16.4959227, 43.5247284], [16.495919, 43.5247201], [16.4958965, 43.5247254]]]}, "properties": {"tema": "granica", "opis": "Granica obuhvata plana", "cad_sloj": "TPS_A001_Granica obuhvata", "list": "0_Granica obuhvata_ID_DPU_DRACEVAC", "plan": "DPU radne zone Dračevac", "izvor": "DPU radne zone Dračevac (split.hr), vektorizirano iz PDF-a"}}, {"type": "Feature", "geometry": {"type": "Polygon", "coordinates": [[[16.4959342, 43.5247261], [16.49593, 43.5247174], [16.4959562, 43.5247208], [16.4959342, 43.5247261]]]}, "properties": {"tema": "granica", "opis": "Granica obuhvata plana", "cad_sloj": "TPS_A001_Granica obuhvata", "list": "0_Granica obuhvata_ID_DPU_DRACEVAC", "plan": "DPU radne zone Dračevac", "izvor": "DPU radne zone Dračevac (split.hr), vektorizirano iz PDF-a"}}, {"type": "Feature", "geometry": {"type": "Polygon", "coordinates": [[[16.49593, 43.5247174], [16.4959562, 43.5247208], [16.4959525, 43.5247121], [16.49593, 43.5247174]]]}, "properties": {"tema": "granica", "opis": "Granica obuhvata plana", "cad_sloj": "TPS_A001_Granica obuhvata", "list": "0_Granica obuhvata_ID_DPU_DRACEVAC", "plan": "DPU radne zone Dračevac", "izvor": "DPU radne zone Dračevac (split.hr), vektorizirano iz PDF-a"}}, {"type": "Feature", "geometry": {"type": "Polygon", "coordinates": [[[16.4959677, 43.5247181], [16.495964, 43.5247094], [16.4959902, 43.5247128], [16.4959677, 43.5247181]]]}, "properties": {"tema": "granica", "opis": "Granica obuhvata plana", "cad_sloj": "TPS_A001_Granica obuhvata", "list": "0_Granica obuhvata_ID_DPU_DRACEVAC", "plan": "DPU radne zone Dračevac", "izvor": "DPU radne zone Dračevac (split.hr), vektorizirano iz PDF-a"}}, {"type": "Feature", "geometry": {"type": "Polygon", "coordinates": [[[16.495964, 43.5247094], [16.4959902, 43.5247128], [16.495986, 43.5247044], [16.495964, 43.5247094]]]}, "properties": {"tema": "granica", "opis": "Granica obuhvata plana", "cad_sloj": "TPS_A001_Granica obuhvata", "list": "0_Granica obuhvata_ID_DPU_DRACEVAC", "plan": "DPU radne zone Dračevac", "izvor": "DPU radne zone Dračevac (split.hr), vektorizirano iz PDF-a"}}, {"type": "Feature", "geometry": {"type": "Polygon", "coordinates": [[[16.4960012, 43.5247102], [16.4959975, 43.5247018], [16.4960237, 43.5247048], [16.4960012, 43.5247102]]]}, "properties": {"tema": "granica", "opis": "Granica obuhvata plana", "cad_sloj": "TPS_A001_Granica obuhvata", "list": "0_Granica obuhvata_ID_DPU_DRACEVAC", "plan": "DPU radne zone Dračevac", "izvor": "DPU radne zone Dračevac (split.hr), vektorizirano iz PDF-a"}}, {"type": "Feature", "geometry": {"type": "Polygon", "coordinates": [[[16.4959975, 43.5247018], [16.4960237, 43.5247048], [16.4960195, 43.5246965], [16.4959975, 43.5247018]]]}, "properties": {"tema": "granica", "opis": "Granica obuhvata plana", "cad_sloj": "TPS_A001_Granica obuhvata", "list": "0_Granica obuhvata_ID_DPU_DRACEVAC", "plan": "DPU radne zone Dračevac", "izvor": "DPU radne zone Dračevac (split.hr), vektorizirano iz PDF-a"}}, {"type": "Feature", "geometry": {"type": "Polygon", "coordinates": [[[16.4960346, 43.5247022], [16.496031, 43.5246938], [16.4960571, 43.5246972], [16.4960346, 43.5247022]]]}, "properties": {"tema": "granica", "opis": "Granica obuhvata plana", "cad_sloj": "TPS_A001_Granica obuhvata", "list": "0_Granica obuhvata_ID_DPU_DRACEVAC", "plan": "DPU radne zone Dračevac", "izvor": "DPU radne zone Dračevac (split.hr), vektorizirano iz PDF-a"}}, {"type": "Feature", "geometry": {"type": "Polygon", "coordinates": [[[16.496031, 43.5246938], [16.4960571, 43.5246972], [16.4960535, 43.5246885], [16.496031, 43.5246938]]]}, "properties": {"tema": "granica", "opis": "Granica obuhvata plana", "cad_sloj": "TPS_A001_Granica obuhvata", "list": "0_Granica obuhvata_ID_DPU_DRACEVAC", "plan": "DPU radne zone Dračevac", "izvor": "DPU radne zone Dračevac (split.hr), vektorizirano iz PDF-a"}}, {"type": "Feature", "geometry": {"type": "Polygon", "coordinates": [[[16.4960681, 43.5246946], [16.4960645, 43.5246858], [16.4960906, 43.5246892], [16.4960681, 43.5246946]]]}, "properties": {"tema": "granica", "opis": "Granica obuhvata plana", "cad_sloj": "TPS_A001_Granica obuhvata", "list": "0_Granica obuhvata_ID_DPU_DRACEVAC", "plan": "DPU radne zone Dračevac", "izvor": "DPU radne zone Dračevac (split.hr), vektorizirano iz PDF-a"}}, {"type": "Feature", "geometry": {"type": "Polygon", "coordinates": [[[16.4960645, 43.5246858], [16.4960906, 43.5246892], [16.496087, 43.5246805], [16.4960645, 43.5246858]]]}, "properties": {"tema": "granica", "opis": "Granica obuhvata plana", "cad_sloj": "TPS_A001_Granica obuhvata", "list": "0_Granica obuhvata_ID_DPU_DRACEVAC", "plan": "DPU radne zone Dračevac", "izvor": "DPU radne zone Dračevac (split.hr), vektorizirano iz PDF-a"}}, {"type": "Feature", "geometry": {"type": "Polygon", "coordinates": [[[16.4961016, 43.5246866], [16.4960979, 43.5246782], [16.4961241, 43.5246812], [16.4961016, 43.5246866]]]}, "properties": {"tema": "granica", "opis": "Granica obuhvata plana", "cad_sloj": "TPS_A001_Granica obuhvata", "list": "0_Granica obuhvata_ID_DPU_DRACEVAC", "plan": "DPU radne zone Dračevac", "izvor": "DPU radne zone Dračevac (split.hr), vektorizirano iz PDF-a"}}, {"type": "Feature", "geometry": {"type": "Polygon", "coordinates": [[[16.4960979, 43.5246782], [16.4961241, 43.5246812], [16.4961204, 43.5246729], [16.4960979, 43.5246782]]]}, "properties": {"tema": "granica", "opis": "Granica obuhvata plana", "cad_sloj": "TPS_A001_Granica obuhvata", "list": "0_Granica obuhvata_ID_DPU_DRACEVAC", "plan": "DPU radne zone Dračevac", "izvor": "DPU radne zone Dračevac (split.hr), vektorizirano iz PDF-a"}}, {"type": "Feature", "geometry": {"type": "Polygon", "coordinates": [[[16.4961351, 43.5246786], [16.4961314, 43.5246702], [16.4961576, 43.5246732], [16.4961351, 43.5246786]]]}, "properties": {"tema": "granica", "opis": "Granica obuhvata plana", "cad_sloj": "TPS_A001_Granica obuhvata", "list": "0_Granica obuhvata_ID_DPU_DRACEVAC", "plan": "DPU radne zone Dračevac", "izvor": "DPU radne zone Dračevac (split.hr), vektorizirano iz PDF-a"}}, {"type": "Feature", "geometry": {"type": "Polygon", "coordinates": [[[16.4961314, 43.5246702], [16.4961576, 43.5246732], [16.4961539, 43.5246649], [16.4961314, 43.5246702]]]}, "properties": {"tema": "granica", "opis": "Granica obuhvata plana", "cad_sloj": "TPS_A001_Granica obuhvata", "list": "0_Granica obuhvata_ID_DPU_DRACEVAC", "plan": "DPU radne zone Dračevac", "izvor": "DPU radne zone Dračevac (split.hr), vektorizirano iz PDF-a"}}, {"type": "Feature", "geometry": {"type": "Polygon", "coordinates": [[[16.4961691, 43.524671], [16.4961649, 43.5246622], [16.496191, 43.5246656], [16.4961691, 43.524671]]]}, "properties": {"tema": "granica", "opis": "Granica obuhvata plana", "cad_sloj": "TPS_A001_Granica obuhvata", "list": "0_Granica obuhvata_ID_DPU_DRACEVAC", "plan": "DPU radne zone Dračevac", "izvor": "DPU radne zone Dračevac (split.hr), vektorizirano iz PDF-a"}}, {"type": "Feature", "geometry": {"type": "Polygon", "coordinates": [[[16.4961649, 43.5246622], [16.496191, 43.5246656], [16.4961874, 43.5246569], [16.4961649, 43.5246622]]]}, "properties": {"tema": "granica", "opis": "Granica obuhvata plana", "cad_sloj": "TPS_A001_Granica obuhvata", "list": "0_Granica obuhvata_ID_DPU_DRACEVAC", "plan": "DPU radne zone Dračevac", "izvor": "DPU radne zone Dračevac (split.hr), vektorizirano iz PDF-a"}}, {"type": "Feature", "geometry": {"type": "Polygon", "coordinates": [[[16.4962026, 43.5246618], [16.4961973, 43.5246538], [16.496224, 43.524655], [16.4962026, 43.5246618]]]}, "properties": {"tema": "granica", "opis": "Granica obuhvata plana", "cad_sloj": "TPS_A001_Granica obuhvata", "list": "0_Granica obuhvata_ID_DPU_DRACEVAC", "plan": "DPU radne zone Dračevac", "izvor": "DPU radne zone Dračevac (split.hr), vektorizirano iz PDF-a"}}, {"type": "Feature", "geometry": {"type": "Polygon", "coordinates": [[[16.4961973, 43.5246538], [16.496224, 43.524655], [16.4962188, 43.5246466], [16.4961973, 43.5246538]]]}, "properties": {"tema": "granica", "opis": "Granica obuhvata plana", "cad_sloj": "TPS_A001_Granica obuhvata", "list": "0_Granica obuhvata_ID_DPU_DRACEVAC", "plan": "DPU radne zone Dračevac", "izvor": "DPU radne zone Dračevac (split.hr), vektorizirano iz PDF-a"}}, {"type": "Feature", "geometry": {"type": "Polygon", "coordinates": [[[16.4962345, 43.5246512], [16.4962298, 43.5246432], [16.4962559, 43.5246443], [16.4962345, 43.5246512]]]}, "properties": {"tema": "granica", "opis": "Granica obuhvata plana", "cad_sloj": "TPS_A001_Granica obuhvata", "list": "0_Granica obuhvata_ID_DPU_DRACEVAC", "plan": "DPU radne zone Dračevac", "izvor": "DPU radne zone Dračevac (split.hr), vektorizirano iz PDF-a"}}, {"type": "Feature", "geometry": {"type": "Polygon", "coordinates": [[[16.4962298, 43.5246432], [16.4962559, 43.5246443], [16.4962512, 43.5246359], [16.4962298, 43.5246432]]]}, "properties": {"tema": "granica", "opis": "Granica obuhvata plana", "cad_sloj": "TPS_A001_Granica obuhvata", "list": "0_Granica obuhvata_ID_DPU_DRACEVAC", "plan": "DPU radne zone Dračevac", "izvor": "DPU radne zone Dračevac (split.hr), vektorizirano iz PDF-a"}}, {"type": "Feature", "geometry": {"type": "Polygon", "coordinates": [[[16.4962669, 43.5246405], [16.4962617, 43.5246325], [16.4962883, 43.5246337], [16.4962669, 43.5246405]]]}, "properties": {"tema": "granica", "opis": "Granica obuhvata plana", "cad_sloj": "TPS_A001_Granica obuhvata", "list": "0_Granica obuhvata_ID_DPU_DRACEVAC", "plan": "DPU radne zone Dračevac", "izvor": "DPU radne zone Dračevac (split.hr), vektorizirano iz PDF-a"}}, {"type": "Feature", "geometry": {"type": "Polygon", "coordinates": [[[16.4962617, 43.5246325], [16.4962883, 43.5246337], [16.4962831, 43.5246253], [16.4962617, 43.5246325]]]}, "properties": {"tema": "granica", "opis": "Granica obuhvata plana", "cad_sloj": "TPS_A001_Granica obuhvata", "list": "0_Granica obuhvata_ID_DPU_DRACEVAC", "plan": "DPU radne zone Dračevac", "izvor": "DPU radne zone Dračevac (split.hr), vektorizirano iz PDF-a"}}, {"type": "Feature", "geometry": {"type": "Polygon", "coordinates": [[[16.4962988, 43.5246302], [16.4962941, 43.5246219], [16.4963203, 43.524623], [16.4962988, 43.5246302]]]}, "properties": {"tema": "granica", "opis": "Granica obuhvata plana", "cad_sloj": "TPS_A001_Granica obuhvata", "list": "0_Granica obuhvata_ID_DPU_DRACEVAC", "plan": "DPU radne zone Dračevac", "izvor": "DPU radne zone Dračevac (split.hr), vektorizirano iz PDF-a"}}, {"type": "Feature", "geometry": {"type": "Polygon", "coordinates": [[[16.4962941, 43.5246219], [16.4963203, 43.524623], [16.496315, 43.5246146], [16.4962941, 43.5246219]]]}, "properties": {"tema": "granica", "opis": "Granica obuhvata plana", "cad_sloj": "TPS_A001_Granica obuhvata", "list": "0_Granica obuhvata_ID_DPU_DRACEVAC", "plan": "DPU radne zone Dračevac", "izvor": "DPU radne zone Dračevac (split.hr), vektorizirano iz PDF-a"}}, {"type": "Feature", "geometry": {"type": "Polygon", "coordinates": [[[16.4963312, 43.5246196], [16.496326, 43.5246112], [16.4963527, 43.5246123], [16.4963312, 43.5246196]]]}, "properties": {"tema": "granica", "opis": "Granica obuhvata plana", "cad_sloj": "TPS_A001_Granica obuhvata", "list": "0_Granica obuhvata_ID_DPU_DRACEVAC", "plan": "DPU radne zone Dračevac", "izvor": "DPU radne zone Dračevac (split.hr), vektorizirano iz PDF-a"}}, {"type": "Feature", "geometry": {"type": "Polygon", "coordinates": [[[16.496326, 43.5246112], [16.4963527, 43.5246123], [16.4963475, 43.5246044], [16.496326, 43.5246112]]]}, "properties": {"tema": "granica", "opis": "Granica obuhvata plana", "cad_sloj": "TPS_A001_Granica obuhvata", "list": "0_Granica obuhvata_ID_DPU_DRACEVAC", "plan": "DPU radne zone Dračevac", "izvor": "DPU radne zone Dračevac (split.hr), vektorizirano iz PDF-a"}}, {"type": "Feature", "geometry": {"type": "Polygon", "coordinates": [[[16.4963631, 43.5246089], [16.4963579, 43.5246005], [16.4963846, 43.5246017], [16.4963631, 43.5246089]]]}, "properties": {"tema": "granica", "opis": "Granica obuhvata plana", "cad_sloj": "TPS_A001_Granica obuhvata", "list": "0_Granica obuhvata_ID_DPU_DRACEVAC", "plan": "DPU radne zone Dračevac", "izvor": "DPU radne zone Dračevac (split.hr), vektorizirano iz PDF-a"}}, {"type": "Feature", "geometry": {"type": "Polygon", "coordinates": [[[16.4963579, 43.5246005], [16.4963846, 43.5246017], [16.4963794, 43.5245937], [16.4963579, 43.5246005]]]}, "properties": {"tema": "granica", "opis": "Granica obuhvata plana", "cad_sloj": "TPS_A001_Granica obuhvata", "list": "0_Granica obuhvata_ID_DPU_DRACEVAC", "plan": "DPU radne zone Dračevac", "izvor": "DPU radne zone Dračevac (split.hr), vektorizirano iz PDF-a"}}, {"type": "Feature", "geometry": {"type": "Polygon", "coordinates": [[[16.4963951, 43.5245983], [16.4963904, 43.5245903], [16.4964165, 43.524591], [16.4963951, 43.5245983]]]}, "properties": {"tema": "granica", "opis": "Granica obuhvata plana", "cad_sloj": "TPS_A001_Granica obuhvata", "list": "0_Granica obuhvata_ID_DPU_DRACEVAC", "plan": "DPU radne zone Dračevac", "izvor": "DPU radne zone Dračevac (split.hr), vektorizirano iz PDF-a"}}, {"type": "Feature", "geometry": {"type": "Polygon", "coordinates": [[[16.4963904, 43.5245903], [16.4964165, 43.524591], [16.4964118, 43.524583], [16.4963904, 43.5245903]]]}, "properties": {"tema": "granica", "opis": "Granica obuhvata plana", "cad_sloj": "TPS_A001_Granica obuhvata", "list": "0_Granica obuhvata_ID_DPU_DRACEVAC", "plan": "DPU radne zone Dračevac", "izvor": "DPU radne zone Dračevac (split.hr), vektorizirano iz PDF-a"}}, {"type": "Feature", "geometry": {"type": "Polygon", "coordinates": [[[16.4964275, 43.5245876], [16.4964223, 43.5245796], [16.4964489, 43.5245808], [16.4964275, 43.5245876]]]}, "properties": {"tema": "granica", "opis": "Granica obuhvata plana", "cad_sloj": "TPS_A001_Granica obuhvata", "list": "0_Granica obuhvata_ID_DPU_DRACEVAC", "plan": "DPU radne zone Dračevac", "izvor": "DPU radne zone Dračevac (split.hr), vektorizirano iz PDF-a"}}, {"type": "Feature", "geometry": {"type": "Polygon", "coordinates": [[[16.4964223, 43.5245796], [16.4964489, 43.5245808], [16.4964437, 43.5245724], [16.4964223, 43.5245796]]]}, "properties": {"tema": "granica", "opis": "Granica obuhvata plana", "cad_sloj": "TPS_A001_Granica obuhvata", "list": "0_Granica obuhvata_ID_DPU_DRACEVAC", "plan": "DPU radne zone Dračevac", "izvor": "DPU radne zone Dračevac (split.hr), vektorizirano iz PDF-a"}}, {"type": "Feature", "geometry": {"type": "Polygon", "coordinates": [[[16.4964594, 43.524577], [16.4964542, 43.524569], [16.4964808, 43.5245701], [16.4964594, 43.524577]]]}, "properties": {"tema": "granica", "opis": "Granica obuhvata plana", "cad_sloj": "TPS_A001_Granica obuhvata", "list": "0_Granica obuhvata_ID_DPU_DRACEVAC", "plan": "DPU radne zone Dračevac", "izvor": "DPU radne zone Dračevac (split.hr), vektorizirano iz PDF-a"}}, {"type": "Feature", "geometry": {"type": "Polygon", "coordinates": [[[16.4964542, 43.524569], [16.4964808, 43.5245701], [16.4964756, 43.5245617], [16.4964542, 43.524569]]]}, "properties": {"tema": "granica", "opis": "Granica obuhvata plana", "cad_sloj": "TPS_A001_Granica obuhvata", "list": "0_Granica obuhvata_ID_DPU_DRACEVAC", "plan": "DPU radne zone Dračevac", "izvor": "DPU radne zone Dračevac (split.hr), vektorizirano iz PDF-a"}}, {"type": "Feature", "geometry": {"type": "Polygon", "coordinates": [[[16.4964918, 43.5245663], [16.4964866, 43.5245583], [16.4965128, 43.5245594], [16.4964918, 43.5245663]]]}, "properties": {"tema": "granica", "opis": "Granica obuhvata plana", "cad_sloj": "TPS_A001_Granica obuhvata", "list": "0_Granica obuhvata_ID_DPU_DRACEVAC", "plan": "DPU radne zone Dračevac", "izvor": "DPU radne zone Dračevac (split.hr), vektorizirano iz PDF-a"}}, {"type": "Feature", "geometry": {"type": "Polygon", "coordinates": [[[16.4964866, 43.5245583], [16.4965128, 43.5245594], [16.496508, 43.5245511], [16.4964866, 43.5245583]]]}, "properties": {"tema": "granica", "opis": "Granica obuhvata plana", "cad_sloj": "TPS_A001_Granica obuhvata", "list": "0_Granica obuhvata_ID_DPU_DRACEVAC", "plan": "DPU radne zone Dračevac", "izvor": "DPU radne zone Dračevac (split.hr), vektorizirano iz PDF-a"}}, {"type": "Feature", "geometry": {"type": "Polygon", "coordinates": [[[16.4965237, 43.524556], [16.4965185, 43.5245476], [16.4965452, 43.5245488], [16.4965237, 43.524556]]]}, "properties": {"tema": "granica", "opis": "Granica obuhvata plana", "cad_sloj": "TPS_A001_Granica obuhvata", "list": "0_Granica obuhvata_ID_DPU_DRACEVAC", "plan": "DPU radne zone Dračevac", "izvor": "DPU radne zone Dračevac (split.hr), vektorizirano iz PDF-a"}}, {"type": "Feature", "geometry": {"type": "Polygon", "coordinates": [[[16.4965185, 43.5245476], [16.4965452, 43.5245488], [16.49654, 43.5245408], [16.4965185, 43.5245476]]]}, "properties": {"tema": "granica", "opis": "Granica obuhvata plana", "cad_sloj": "TPS_A001_Granica obuhvata", "list": "0_Granica obuhvata_ID_DPU_DRACEVAC", "plan": "DPU radne zone Dračevac", "izvor": "DPU radne zone Dračevac (split.hr), vektorizirano iz PDF-a"}}, {"type": "Feature", "geometry": {"type": "Polygon", "coordinates": [[[16.4965556, 43.5245454], [16.4965509, 43.524537], [16.4965771, 43.5245381], [16.4965556, 43.5245454]]]}, "properties": {"tema": "granica", "opis": "Granica obuhvata plana", "cad_sloj": "TPS_A001_Granica obuhvata", "list": "0_Granica obuhvata_ID_DPU_DRACEVAC", "plan": "DPU radne zone Dračevac", "izvor": "DPU radne zone Dračevac (split.hr), vektorizirano iz PDF-a"}}, {"type": "Feature", "geometry": {"type": "Polygon", "coordinates": [[[16.4965509, 43.524537], [16.4965771, 43.5245381], [16.4965724, 43.5245301], [16.4965509, 43.524537]]]}, "properties": {"tema": "granica", "opis": "Granica obuhvata plana", "cad_sloj": "TPS_A001_Granica obuhvata", "list": "0_Granica obuhvata_ID_DPU_DRACEVAC", "plan": "DPU radne zone Dračevac", "izvor": "DPU radne zone Dračevac (split.hr), vektorizirano iz PDF-a"}}, {"type": "Feature", "geometry": {"type": "Polygon", "coordinates": [[[16.4965881, 43.5245347], [16.4965829, 43.5245263], [16.4966095, 43.5245275], [16.4965881, 43.5245347]]]}, "properties": {"tema": "granica", "opis": "Granica obuhvata plana", "cad_sloj": "TPS_A001_Granica obuhvata", "list": "0_Granica obuhvata_ID_DPU_DRACEVAC", "plan": "DPU radne zone Dračevac", "izvor": "DPU radne zone Dračevac (split.hr), vektorizirano iz PDF-a"}}, {"type": "Feature", "geometry": {"type": "Polygon", "coordinates": [[[16.4965829, 43.5245263], [16.4966095, 43.5245275], [16.4966043, 43.5245195], [16.4965829, 43.5245263]]]}, "properties": {"tema": "granica", "opis": "Granica obuhvata plana", "cad_sloj": "TPS_A001_Granica obuhvata", "list": "0_Granica obuhvata_ID_DPU_DRACEVAC", "plan": "DPU radne zone Dračevac", "izvor": "DPU radne zone Dračevac (split.hr), vektorizirano iz PDF-a"}}, {"type": "Feature", "geometry": {"type": "Polygon", "coordinates": [[[16.49662, 43.5245241], [16.4966148, 43.5245161], [16.4966414, 43.5245172], [16.49662, 43.5245241]]]}, "properties": {"tema": "granica", "opis": "Granica obuhvata plana", "cad_sloj": "TPS_A001_Granica obuhvata", "list": "0_Granica obuhvata_ID_DPU_DRACEVAC", "plan": "DPU radne zone Dračevac", "izvor": "DPU radne zone Dračevac (split.hr), vektorizirano iz PDF-a"}}, {"type": "Feature", "geometry": {"type": "Polygon", "coordinates": [[[16.4966148, 43.5245161], [16.4966414, 43.5245172], [16.4966362, 43.5245088], [16.4966148, 43.5245161]]]}, "properties": {"tema": "granica", "opis": "Granica obuhvata plana", "cad_sloj": "TPS_A001_Granica obuhvata", "list": "0_Granica obuhvata_ID_DPU_DRACEVAC", "plan": "DPU radne zone Dračevac", "izvor": "DPU radne zone Dračevac (split.hr), vektorizirano iz PDF-a"}}, {"type": "Feature", "geometry": {"type": "Polygon", "coordinates": [[[16.4966519, 43.5245134], [16.4966472, 43.5245054], [16.4966733, 43.5245065], [16.4966519, 43.5245134]]]}, "properties": {"tema": "granica", "opis": "Granica obuhvata plana", "cad_sloj": "TPS_A001_Granica obuhvata", "list": "0_Granica obuhvata_ID_DPU_DRACEVAC", "plan": "DPU radne zone Dračevac", "izvor": "DPU radne zone Dračevac (split.hr), vektorizirano iz PDF-a"}}, {"type": "Feature", "geometry": {"type": "Polygon", "coordinates": [[[16.4966472, 43.5245054], [16.4966733, 43.5245065], [16.4966686, 43.5244982], [16.4966472, 43.5245054]]]}, "properties": {"tema": "granica", "opis": "Granica obuhvata plana", "cad_sloj": "TPS_A001_Granica obuhvata", "list": "0_Granica obuhvata_ID_DPU_DRACEVAC", "plan": "DPU radne zone Dračevac", "izvor": "DPU radne zone Dračevac (split.hr), vektorizirano iz PDF-a"}}, {"type": "Feature", "geometry": {"type": "Polygon", "coordinates": [[[16.4966843, 43.5245027], [16.4966791, 43.5244947], [16.4967058, 43.5244959], [16.4966843, 43.5245027]]]}, "properties": {"tema": "granica", "opis": "Granica obuhvata plana", "cad_sloj": "TPS_A001_Granica obuhvata", "list": "0_Granica obuhvata_ID_DPU_DRACEVAC", "plan": "DPU radne zone Dračevac", "izvor": "DPU radne zone Dračevac (split.hr), vektorizirano iz PDF-a"}}, {"type": "Feature", "geometry": {"type": "Polygon", "coordinates": [[[16.4966791, 43.5244947], [16.4967058, 43.5244959], [16.4967005, 43.5244875], [16.4966791, 43.5244947]]]}, "properties": {"tema": "granica", "opis": "Granica obuhvata plana", "cad_sloj": "TPS_A001_Granica obuhvata", "list": "0_Granica obuhvata_ID_DPU_DRACEVAC", "plan": "DPU radne zone Dračevac", "izvor": "DPU radne zone Dračevac (split.hr), vektorizirano iz PDF-a"}}, {"type": "Feature", "geometry": {"type": "Polygon", "coordinates": [[[16.4967162, 43.5244925], [16.4967115, 43.5244841], [16.4967377, 43.5244852], [16.4967162, 43.5244925]]]}, "properties": {"tema": "granica", "opis": "Granica obuhvata plana", "cad_sloj": "TPS_A001_Granica obuhvata", "list": "0_Granica obuhvata_ID_DPU_DRACEVAC", "plan": "DPU radne zone Dračevac", "izvor": "DPU radne zone Dračevac (split.hr), vektorizirano iz PDF-a"}}, {"type": "Feature", "geometry": {"type": "Polygon", "coordinates": [[[16.4967115, 43.5244841], [16.4967377, 43.5244852], [16.4967325, 43.5244772], [16.4967115, 43.5244841]]]}, "properties": {"tema": "granica", "opis": "Granica obuhvata plana", "cad_sloj": "TPS_A001_Granica obuhvata", "list": "0_Granica obuhvata_ID_DPU_DRACEVAC", "plan": "DPU radne zone Dračevac", "izvor": "DPU radne zone Dračevac (split.hr), vektorizirano iz PDF-a"}}, {"type": "Feature", "geometry": {"type": "Polygon", "coordinates": [[[16.4967487, 43.5244818], [16.4967434, 43.5244734], [16.4967701, 43.5244746], [16.4967487, 43.5244818]]]}, "properties": {"tema": "granica", "opis": "Granica obuhvata plana", "cad_sloj": "TPS_A001_Granica obuhvata", "list": "0_Granica obuhvata_ID_DPU_DRACEVAC", "plan": "DPU radne zone Dračevac", "izvor": "DPU radne zone Dračevac (split.hr), vektorizirano iz PDF-a"}}, {"type": "Feature", "geometry": {"type": "Polygon", "coordinates": [[[16.4967434, 43.5244734], [16.4967701, 43.5244746], [16.4967649, 43.5244666], [16.4967434, 43.5244734]]]}, "properties": {"tema": "granica", "opis": "Granica obuhvata plana", "cad_sloj": "TPS_A001_Granica obuhvata", "list": "0_Granica obuhvata_ID_DPU_DRACEVAC", "plan": "DPU radne zone Dračevac", "izvor": "DPU radne zone Dračevac (split.hr), vektorizirano iz PDF-a"}}, {"type": "Feature", "geometry": {"type": "Polygon", "coordinates": [[[16.4967806, 43.5244712], [16.4967753, 43.5244628], [16.496802, 43.5244639], [16.4967806, 43.5244712]]]}, "properties": {"tema": "granica", "opis": "Granica obuhvata plana", "cad_sloj": "TPS_A001_Granica obuhvata", "list": "0_Granica obuhvata_ID_DPU_DRACEVAC", "plan": "DPU radne zone Dračevac", "izvor": "DPU radne zone Dračevac (split.hr), vektorizirano iz PDF-a"}}, {"type": "Feature", "geometry": {"type": "Polygon", "coordinates": [[[16.4967753, 43.5244628], [16.496802, 43.5244639], [16.4967968, 43.5244559], [16.4967753, 43.5244628]]]}, "properties": {"tema": "granica", "opis": "Granica obuhvata plana", "cad_sloj": "TPS_A001_Granica obuhvata", "list": "0_Granica obuhvata_ID_DPU_DRACEVAC", "plan": "DPU radne zone Dračevac", "izvor": "DPU radne zone Dračevac (split.hr), vektorizirano iz PDF-a"}}, {"type": "Feature", "geometry": {"type": "Polygon", "coordinates": [[[16.4968125, 43.5244605], [16.4968078, 43.5244525], [16.4968339, 43.5244533], [16.4968125, 43.5244605]]]}, "properties": {"tema": "granica", "opis": "Granica obuhvata plana", "cad_sloj": "TPS_A001_Granica obuhvata", "list": "0_Granica obuhvata_ID_DPU_DRACEVAC", "plan": "DPU radne zone Dračevac", "izvor": "DPU radne zone Dračevac (split.hr), vektorizirano iz PDF-a"}}, {"type": "Feature", "geometry": {"type": "Polygon", "coordinates": [[[16.4968078, 43.5244525], [16.4968339, 43.5244533], [16.4968292, 43.5244453], [16.4968078, 43.5244525]]]}, "properties": {"tema": "granica", "opis": "Granica obuhvata plana", "cad_sloj": "TPS_A001_Granica obuhvata", "list": "0_Granica obuhvata_ID_DPU_DRACEVAC", "plan": "DPU radne zone Dračevac", "izvor": "DPU radne zone Dračevac (split.hr), vektorizirano iz PDF-a"}}, {"type": "Feature", "geometry": {"type": "Polygon", "coordinates": [[[16.4968449, 43.5244498], [16.4968397, 43.5244418], [16.4968664, 43.524443], [16.4968449, 43.5244498]]]}, "properties": {"tema": "granica", "opis": "Granica obuhvata plana", "cad_sloj": "TPS_A001_Granica obuhvata", "list": "0_Granica obuhvata_ID_DPU_DRACEVAC", "plan": "DPU radne zone Dračevac", "izvor": "DPU radne zone Dračevac (split.hr), vektorizirano iz PDF-a"}}, {"type": "Feature", "geometry": {"type": "Polygon", "coordinates": [[[16.4968397, 43.5244418], [16.4968664, 43.524443], [16.4968611, 43.5244346], [16.4968397, 43.5244418]]]}, "properties": {"tema": "granica", "opis": "Granica obuhvata plana", "cad_sloj": "TPS_A001_Granica obuhvata", "list": "0_Granica obuhvata_ID_DPU_DRACEVAC", "plan": "DPU radne zone Dračevac", "izvor": "DPU radne zone Dračevac (split.hr), vektorizirano iz PDF-a"}}, {"type": "Feature", "geometry": {"type": "Polygon", "coordinates": [[[16.4968768, 43.5244392], [16.4968716, 43.5244312], [16.4968983, 43.5244323], [16.4968768, 43.5244392]]]}, "properties": {"tema": "granica", "opis": "Granica obuhvata plana", "cad_sloj": "TPS_A001_Granica obuhvata", "list": "0_Granica obuhvata_ID_DPU_DRACEVAC", "plan": "DPU radne zone Dračevac", "izvor": "DPU radne zone Dračevac (split.hr), vektorizirano iz PDF-a"}}, {"type": "Feature", "geometry": {"type": "Polygon", "coordinates": [[[16.4968716, 43.5244312], [16.4968983, 43.5244323], [16.496893, 43.524424], [16.4968716, 43.5244312]]]}, "properties": {"tema": "granica", "opis": "Granica obuhvata plana", "cad_sloj": "TPS_A001_Granica obuhvata", "list": "0_Granica obuhvata_ID_DPU_DRACEVAC", "plan": "DPU radne zone Dračevac", "izvor": "DPU radne zone Dračevac (split.hr), vektorizirano iz PDF-a"}}, {"type": "Feature", "geometry": {"type": "Polygon", "coordinates": [[[16.4969093, 43.5244289], [16.496904, 43.5244205], [16.4969302, 43.5244217], [16.4969093, 43.5244289]]]}, "properties": {"tema": "granica", "opis": "Granica obuhvata plana", "cad_sloj": "TPS_A001_Granica obuhvata", "list": "0_Granica obuhvata_ID_DPU_DRACEVAC", "plan": "DPU radne zone Dračevac", "izvor": "DPU radne zone Dračevac (split.hr), vektorizirano iz PDF-a"}}, {"type": "Feature", "geometry": {"type": "Polygon", "coordinates": [[[16.496904, 43.5244205], [16.4969302, 43.5244217], [16.4969255, 43.5244133], [16.496904, 43.5244205]]]}, "properties": {"tema": "granica", "opis": "Granica obuhvata plana", "cad_sloj": "TPS_A001_Granica obuhvata", "list": "0_Granica obuhvata_ID_DPU_DRACEVAC", "plan": "DPU radne zone Dračevac", "izvor": "DPU radne zone Dračevac (split.hr), vektorizirano iz PDF-a"}}, {"type": "Feature", "geometry": {"type": "Polygon", "coordinates": [[[16.4969412, 43.5244182], [16.4969359, 43.5244099], [16.4969626, 43.524411], [16.4969412, 43.5244182]]]}, "properties": {"tema": "granica", "opis": "Granica obuhvata plana", "cad_sloj": "TPS_A001_Granica obuhvata", "list": "0_Granica obuhvata_ID_DPU_DRACEVAC", "plan": "DPU radne zone Dračevac", "izvor": "DPU radne zone Dračevac (split.hr), vektorizirano iz PDF-a"}}, {"type": "Feature", "geometry": {"type": "Polygon", "coordinates": [[[16.4969359, 43.5244099], [16.4969626, 43.524411], [16.4969574, 43.524403], [16.4969359, 43.5244099]]]}, "properties": {"tema": "granica", "opis": "Granica obuhvata plana", "cad_sloj": "TPS_A001_Granica obuhvata", "list": "0_Granica obuhvata_ID_DPU_DRACEVAC", "plan": "DPU radne zone Dračevac", "izvor": "DPU radne zone Dračevac (split.hr), vektorizirano iz PDF-a"}}, {"type": "Feature", "geometry": {"type": "Polygon", "coordinates": [[[16.4969731, 43.5244076], [16.4969684, 43.5243992], [16.4969945, 43.5244004], [16.4969731, 43.5244076]]]}, "properties": {"tema": "granica", "opis": "Granica obuhvata plana", "cad_sloj": "TPS_A001_Granica obuhvata", "list": "0_Granica obuhvata_ID_DPU_DRACEVAC", "plan": "DPU radne zone Dračevac", "izvor": "DPU radne zone Dračevac (split.hr), vektorizirano iz PDF-a"}}, {"type": "Feature", "geometry": {"type": "Polygon", "coordinates": [[[16.4969684, 43.5243992], [16.4969945, 43.5244004], [16.4969893, 43.5243924], [16.4969684, 43.5243992]]]}, "properties": {"tema": "granica", "opis": "Granica obuhvata plana", "cad_sloj": "TPS_A001_Granica obuhvata", "list": "0_Granica obuhvata_ID_DPU_DRACEVAC", "plan": "DPU radne zone Dračevac", "izvor": "DPU radne zone Dračevac (split.hr), vektorizirano iz PDF-a"}}, {"type": "Feature", "geometry": {"type": "Polygon", "coordinates": [[[16.4970055, 43.5243969], [16.4970003, 43.5243889], [16.497027, 43.5243897], [16.4970055, 43.5243969]]]}, "properties": {"tema": "granica", "opis": "Granica obuhvata plana", "cad_sloj": "TPS_A001_Granica obuhvata", "list": "0_Granica obuhvata_ID_DPU_DRACEVAC", "plan": "DPU radne zone Dračevac", "izvor": "DPU radne zone Dračevac (split.hr), vektorizirano iz PDF-a"}}, {"type": "Feature", "geometry": {"type": "Polygon", "coordinates": [[[16.4970003, 43.5243889], [16.497027, 43.5243897], [16.4970217, 43.5243817], [16.4970003, 43.5243889]]]}, "properties": {"tema": "granica", "opis": "Granica obuhvata plana", "cad_sloj": "TPS_A001_Granica obuhvata", "list": "0_Granica obuhvata_ID_DPU_DRACEVAC", "plan": "DPU radne zone Dračevac", "izvor": "DPU radne zone Dračevac (split.hr), vektorizirano iz PDF-a"}}, {"type": "Feature", "geometry": {"type": "Polygon", "coordinates": [[[16.4970374, 43.5243863], [16.4970322, 43.5243783], [16.4970589, 43.5243794], [16.4970374, 43.5243863]]]}, "properties": {"tema": "granica", "opis": "Granica obuhvata plana", "cad_sloj": "TPS_A001_Granica obuhvata", "list": "0_Granica obuhvata_ID_DPU_DRACEVAC", "plan": "DPU radne zone Dračevac", "izvor": "DPU radne zone Dračevac (split.hr), vektorizirano iz PDF-a"}}, {"type": "Feature", "geometry": {"type": "Polygon", "coordinates": [[[16.4970322, 43.5243783], [16.4970589, 43.5243794], [16.4970536, 43.5243711], [16.4970322, 43.5243783]]]}, "properties": {"tema": "granica", "opis": "Granica obuhvata plana", "cad_sloj": "TPS_A001_Granica obuhvata", "list": "0_Granica obuhvata_ID_DPU_DRACEVAC", "plan": "DPU radne zone Dračevac", "izvor": "DPU radne zone Dračevac (split.hr), vektorizirano iz PDF-a"}}, {"type": "Feature", "geometry": {"type": "Polygon", "coordinates": [[[16.4970693, 43.5243756], [16.4970646, 43.5243676], [16.4970908, 43.5243688], [16.4970693, 43.5243756]]]}, "properties": {"tema": "granica", "opis": "Granica obuhvata plana", "cad_sloj": "TPS_A001_Granica obuhvata", "list": "0_Granica obuhvata_ID_DPU_DRACEVAC", "plan": "DPU radne zone Dračevac", "izvor": "DPU radne zone Dračevac (split.hr), vektorizirano iz PDF-a"}}, {"type": "Feature", "geometry": {"type": "Polygon", "coordinates": [[[16.4970646, 43.5243676], [16.4970908, 43.5243688], [16.4970861, 43.5243604], [16.4970646, 43.5243676]]]}, "properties": {"tema": "granica", "opis": "Granica obuhvata plana", "cad_sloj": "TPS_A001_Granica obuhvata", "list": "0_Granica obuhvata_ID_DPU_DRACEVAC", "plan": "DPU radne zone Dračevac", "izvor": "DPU radne zone Dračevac (split.hr), vektorizirano iz PDF-a"}}, {"type": "Feature", "geometry": {"type": "Polygon", "coordinates": [[[16.4971018, 43.524365], [16.4970965, 43.524357], [16.4971232, 43.5243581], [16.4971018, 43.524365]]]}, "properties": {"tema": "granica", "opis": "Granica obuhvata plana", "cad_sloj": "TPS_A001_Granica obuhvata", "list": "0_Granica obuhvata_ID_DPU_DRACEVAC", "plan": "DPU radne zone Dračevac", "izvor": "DPU radne zone Dračevac (split.hr), vektorizirano iz PDF-a"}}, {"type": "Feature", "geometry": {"type": "Polygon", "coordinates": [[[16.4970965, 43.524357], [16.4971232, 43.5243581], [16.497118, 43.5243497], [16.4970965, 43.524357]]]}, "properties": {"tema": "granica", "opis": "Granica obuhvata plana", "cad_sloj": "TPS_A001_Granica obuhvata", "list": "0_Granica obuhvata_ID_DPU_DRACEVAC", "plan": "DPU radne zone Dračevac", "izvor": "DPU radne zone Dračevac (split.hr), vektorizirano iz PDF-a"}}, {"type": "Feature", "geometry": {"type": "Polygon", "coordinates": [[[16.4971337, 43.5243547], [16.4971284, 43.5243463], [16.4971551, 43.5243475], [16.4971337, 43.5243547]]]}, "properties": {"tema": "granica", "opis": "Granica obuhvata plana", "cad_sloj": "TPS_A001_Granica obuhvata", "list": "0_Granica obuhvata_ID_DPU_DRACEVAC", "plan": "DPU radne zone Dračevac", "izvor": "DPU radne zone Dračevac (split.hr), vektorizirano iz PDF-a"}}, {"type": "Feature", "geometry": {"type": "Polygon", "coordinates": [[[16.4971284, 43.5243463], [16.4971551, 43.5243475], [16.4971499, 43.5243395], [16.4971284, 43.5243463]]]}, "properties": {"tema": "granica", "opis": "Granica obuhvata plana", "cad_sloj": "TPS_A001_Granica obuhvata", "list": "0_Granica obuhvata_ID_DPU_DRACEVAC", "plan": "DPU radne zone Dračevac", "izvor": "DPU radne zone Dračevac (split.hr), vektorizirano iz PDF-a"}}, {"type": "Feature", "geometry": {"type": "Polygon", "coordinates": [[[16.4971661, 43.524344], [16.4971609, 43.5243357], [16.4971875, 43.5243368], [16.4971661, 43.524344]]]}, "properties": {"tema": "granica", "opis": "Granica obuhvata plana", "cad_sloj": "TPS_A001_Granica obuhvata", "list": "0_Granica obuhvata_ID_DPU_DRACEVAC", "plan": "DPU radne zone Dračevac", "izvor": "DPU radne zone Dračevac (split.hr), vektorizirano iz PDF-a"}}, {"type": "Feature", "geometry": {"type": "Polygon", "coordinates": [[[16.4971609, 43.5243357], [16.4971875, 43.5243368], [16.4971823, 43.5243288], [16.4971609, 43.5243357]]]}, "properties": {"tema": "granica", "opis": "Granica obuhvata plana", "cad_sloj": "TPS_A001_Granica obuhvata", "list": "0_Granica obuhvata_ID_DPU_DRACEVAC", "plan": "DPU radne zone Dračevac", "izvor": "DPU radne zone Dračevac (split.hr), vektorizirano iz PDF-a"}}, {"type": "Feature", "geometry": {"type": "Polygon", "coordinates": [[[16.497198, 43.5243334], [16.4971928, 43.524325], [16.4972195, 43.5243261], [16.497198, 43.5243334]]]}, "properties": {"tema": "granica", "opis": "Granica obuhvata plana", "cad_sloj": "TPS_A001_Granica obuhvata", "list": "0_Granica obuhvata_ID_DPU_DRACEVAC", "plan": "DPU radne zone Dračevac", "izvor": "DPU radne zone Dračevac (split.hr), vektorizirano iz PDF-a"}}, {"type": "Feature", "geometry": {"type": "Polygon", "coordinates": [[[16.4971928, 43.524325], [16.4972195, 43.5243261], [16.4972142, 43.5243182], [16.4971928, 43.524325]]]}, "properties": {"tema": "granica", "opis": "Granica obuhvata plana", "cad_sloj": "TPS_A001_Granica obuhvata", "list": "0_Granica obuhvata_ID_DPU_DRACEVAC", "plan": "DPU radne zone Dračevac", "izvor": "DPU radne zone Dračevac (split.hr), vektorizirano iz PDF-a"}}, {"type": "Feature", "geometry": {"type": "Polygon", "coordinates": [[[16.4972299, 43.5243227], [16.4972252, 43.5243147], [16.4972514, 43.5243159], [16.4972299, 43.5243227]]]}, "properties": {"tema": "granica", "opis": "Granica obuhvata plana", "cad_sloj": "TPS_A001_Granica obuhvata", "list": "0_Granica obuhvata_ID_DPU_DRACEVAC", "plan": "DPU radne zone Dračevac", "izvor": "DPU radne zone Dračevac (split.hr), vektorizirano iz PDF-a"}}, {"type": "Feature", "geometry": {"type": "Polygon", "coordinates": [[[16.4972252, 43.5243147], [16.4972514, 43.5243159], [16.4972467, 43.5243075], [16.4972252, 43.5243147]]]}, "properties": {"tema": "granica", "opis": "Granica obuhvata plana", "cad_sloj": "TPS_A001_Granica obuhvata", "list": "0_Granica obuhvata_ID_DPU_DRACEVAC", "plan": "DPU radne zone Dračevac", "izvor": "DPU radne zone Dračevac (split.hr), vektorizirano iz PDF-a"}}, {"type": "Feature", "geometry": {"type": "Polygon", "coordinates": [[[16.4972623, 43.5243121], [16.4972571, 43.5243041], [16.4972838, 43.5243052], [16.4972623, 43.5243121]]]}, "properties": {"tema": "granica", "opis": "Granica obuhvata plana", "cad_sloj": "TPS_A001_Granica obuhvata", "list": "0_Granica obuhvata_ID_DPU_DRACEVAC", "plan": "DPU radne zone Dračevac", "izvor": "DPU radne zone Dračevac (split.hr), vektorizirano iz PDF-a"}}, {"type": "Feature", "geometry": {"type": "Polygon", "coordinates": [[[16.4972571, 43.5243041], [16.4972838, 43.5243052], [16.4972786, 43.5242968], [16.4972571, 43.5243041]]]}, "properties": {"tema": "granica", "opis": "Granica obuhvata plana", "cad_sloj": "TPS_A001_Granica obuhvata", "list": "0_Granica obuhvata_ID_DPU_DRACEVAC", "plan": "DPU radne zone Dračevac", "izvor": "DPU radne zone Dračevac (split.hr), vektorizirano iz PDF-a"}}, {"type": "Feature", "geometry": {"type": "Polygon", "coordinates": [[[16.4972943, 43.5243014], [16.497289, 43.5242934], [16.4973157, 43.5242946], [16.4972943, 43.5243014]]]}, "properties": {"tema": "granica", "opis": "Granica obuhvata plana", "cad_sloj": "TPS_A001_Granica obuhvata", "list": "0_Granica obuhvata_ID_DPU_DRACEVAC", "plan": "DPU radne zone Dračevac", "izvor": "DPU radne zone Dračevac (split.hr), vektorizirano iz PDF-a"}}, {"type": "Feature", "geometry": {"type": "Polygon", "coordinates": [[[16.497289, 43.5242934], [16.4973157, 43.5242946], [16.4973105, 43.5242862], [16.497289, 43.5242934]]]}, "properties": {"tema": "granica", "opis": "Granica obuhvata plana", "cad_sloj": "TPS_A001_Granica obuhvata", "list": "0_Granica obuhvata_ID_DPU_DRACEVAC", "plan": "DPU radne zone Dračevac", "izvor": "DPU radne zone Dračevac (split.hr), vektorizirano iz PDF-a"}}, {"type": "Feature", "geometry": {"type": "Polygon", "coordinates": [[[16.4973267, 43.5242911], [16.4973215, 43.5242828], [16.4973476, 43.5242839], [16.4973267, 43.5242911]]]}, "properties": {"tema": "granica", "opis": "Granica obuhvata plana", "cad_sloj": "TPS_A001_Granica obuhvata", "list": "0_Granica obuhvata_ID_DPU_DRACEVAC", "plan": "DPU radne zone Dračevac", "izvor": "DPU radne zone Dračevac (split.hr), vektorizirano iz PDF-a"}}, {"type": "Feature", "geometry": {"type": "Polygon", "coordinates": [[[16.4973215, 43.5242828], [16.4973476, 43.5242839], [16.4973429, 43.5242759], [16.4973215, 43.5242828]]]}, "properties": {"tema": "granica", "opis": "Granica obuhvata plana", "cad_sloj": "TPS_A001_Granica obuhvata", "list": "0_Granica obuhvata_ID_DPU_DRACEVAC", "plan": "DPU radne zone Dračevac", "izvor": "DPU radne zone Dračevac (split.hr), vektorizirano iz PDF-a"}}, {"type": "Feature", "geometry": {"type": "Polygon", "coordinates": [[[16.4973586, 43.5242805], [16.4973534, 43.5242721], [16.49738, 43.5242732], [16.4973586, 43.5242805]]]}, "properties": {"tema": "granica", "opis": "Granica obuhvata plana", "cad_sloj": "TPS_A001_Granica obuhvata", "list": "0_Granica obuhvata_ID_DPU_DRACEVAC", "plan": "DPU radne zone Dračevac", "izvor": "DPU radne zone Dračevac (split.hr), vektorizirano iz PDF-a"}}, {"type": "Feature", "geometry": {"type": "Polygon", "coordinates": [[[16.4973534, 43.5242721], [16.49738, 43.5242732], [16.4973748, 43.5242652], [16.4973534, 43.5242721]]]}, "properties": {"tema": "granica", "opis": "Granica obuhvata plana", "cad_sloj": "TPS_A001_Granica obuhvata", "list": "0_Granica obuhvata_ID_DPU_DRACEVAC", "plan": "DPU radne zone Dračevac", "izvor": "DPU radne zone Dračevac (split.hr), vektorizirano iz PDF-a"}}, {"type": "Feature", "geometry": {"type": "Polygon", "coordinates": [[[16.4973905, 43.5242698], [16.4973858, 43.5242614], [16.497412, 43.5242626], [16.4973905, 43.5242698]]]}, "properties": {"tema": "granica", "opis": "Granica obuhvata plana", "cad_sloj": "TPS_A001_Granica obuhvata", "list": "0_Granica obuhvata_ID_DPU_DRACEVAC", "plan": "DPU radne zone Dračevac", "izvor": "DPU radne zone Dračevac (split.hr), vektorizirano iz PDF-a"}}, {"type": "Feature", "geometry": {"type": "Polygon", "coordinates": [[[16.4973858, 43.5242614], [16.497412, 43.5242626], [16.4974067, 43.5242546], [16.4973858, 43.5242614]]]}, "properties": {"tema": "granica", "opis": "Granica obuhvata plana", "cad_sloj": "TPS_A001_Granica obuhvata", "list": "0_Granica obuhvata_ID_DPU_DRACEVAC", "plan": "DPU radne zone Dračevac", "izvor": "DPU radne zone Dračevac (split.hr), vektorizirano iz PDF-a"}}, {"type": "Feature", "geometry": {"type": "Polygon", "coordinates": [[[16.4974229, 43.5242592], [16.4974177, 43.5242512], [16.4974444, 43.5242519], [16.4974229, 43.5242592]]]}, "properties": {"tema": "granica", "opis": "Granica obuhvata plana", "cad_sloj": "TPS_A001_Granica obuhvata", "list": "0_Granica obuhvata_ID_DPU_DRACEVAC", "plan": "DPU radne zone Dračevac", "izvor": "DPU radne zone Dračevac (split.hr), vektorizirano iz PDF-a"}}, {"type": "Feature", "geometry": {"type": "Polygon", "coordinates": [[[16.4974177, 43.5242512], [16.4974444, 43.5242519], [16.4974392, 43.5242439], [16.4974177, 43.5242512]]]}, "properties": {"tema": "granica", "opis": "Granica obuhvata plana", "cad_sloj": "TPS_A001_Granica obuhvata", "list": "0_Granica obuhvata_ID_DPU_DRACEVAC", "plan": "DPU radne zone Dračevac", "izvor": "DPU radne zone Dračevac (split.hr), vektorizirano iz PDF-a"}}, {"type": "Feature", "geometry": {"type": "Polygon", "coordinates": [[[16.4974548, 43.5242485], [16.4974496, 43.5242405], [16.4974763, 43.5242417], [16.4974548, 43.5242485]]]}, "properties": {"tema": "granica", "opis": "Granica obuhvata plana", "cad_sloj": "TPS_A001_Granica obuhvata", "list": "0_Granica obuhvata_ID_DPU_DRACEVAC", "plan": "DPU radne zone Dračevac", "izvor": "DPU radne zone Dračevac (split.hr), vektorizirano iz PDF-a"}}, {"type": "Feature", "geometry": {"type": "Polygon", "coordinates": [[[16.4974496, 43.5242405], [16.4974763, 43.5242417], [16.4974711, 43.5242333], [16.4974496, 43.5242405]]]}, "properties": {"tema": "granica", "opis": "Granica obuhvata plana", "cad_sloj": "TPS_A001_Granica obuhvata", "list": "0_Granica obuhvata_ID_DPU_DRACEVAC", "plan": "DPU radne zone Dračevac", "izvor": "DPU radne zone Dračevac (split.hr), vektorizirano iz PDF-a"}}, {"type": "Feature", "geometry": {"type": "Polygon", "coordinates": [[[16.4974868, 43.5242378], [16.497482, 43.5242299], [16.4975082, 43.524231], [16.4974868, 43.5242378]]]}, "properties": {"tema": "granica", "opis": "Granica obuhvata plana", "cad_sloj": "TPS_A001_Granica obuhvata", "list": "0_Granica obuhvata_ID_DPU_DRACEVAC", "plan": "DPU radne zone Dračevac", "izvor": "DPU radne zone Dračevac (split.hr), vektorizirano iz PDF-a"}}, {"type": "Feature", "geometry": {"type": "Polygon", "coordinates": [[[16.497482, 43.5242299], [16.4975082, 43.524231], [16.4975035, 43.5242226], [16.497482, 43.5242299]]]}, "properties": {"tema": "granica", "opis": "Granica obuhvata plana", "cad_sloj": "TPS_A001_Granica obuhvata", "list": "0_Granica obuhvata_ID_DPU_DRACEVAC", "plan": "DPU radne zone Dračevac", "izvor": "DPU radne zone Dračevac (split.hr), vektorizirano iz PDF-a"}}, {"type": "Feature", "geometry": {"type": "Polygon", "coordinates": [[[16.4975192, 43.5242276], [16.497514, 43.5242192], [16.4975406, 43.5242203], [16.4975192, 43.5242276]]]}, "properties": {"tema": "granica", "opis": "Granica obuhvata plana", "cad_sloj": "TPS_A001_Granica obuhvata", "list": "0_Granica obuhvata_ID_DPU_DRACEVAC", "plan": "DPU radne zone Dračevac", "izvor": "DPU radne zone Dračevac (split.hr), vektorizirano iz PDF-a"}}, {"type": "Feature", "geometry": {"type": "Polygon", "coordinates": [[[16.497514, 43.5242192], [16.4975406, 43.5242203], [16.4975354, 43.524212], [16.497514, 43.5242192]]]}, "properties": {"tema": "granica", "opis": "Granica obuhvata plana", "cad_sloj": "TPS_A001_Granica obuhvata", "list": "0_Granica obuhvata_ID_DPU_DRACEVAC", "plan": "DPU radne zone Dračevac", "izvor": "DPU radne zone Dračevac (split.hr), vektorizirano iz PDF-a"}}, {"type": "Feature", "geometry": {"type": "Polygon", "coordinates": [[[16.4975511, 43.5242169], [16.4975459, 43.5242085], [16.4975725, 43.5242097], [16.4975511, 43.5242169]]]}, "properties": {"tema": "granica", "opis": "Granica obuhvata plana", "cad_sloj": "TPS_A001_Granica obuhvata", "list": "0_Granica obuhvata_ID_DPU_DRACEVAC", "plan": "DPU radne zone Dračevac", "izvor": "DPU radne zone Dračevac (split.hr), vektorizirano iz PDF-a"}}, {"type": "Feature", "geometry": {"type": "Polygon", "coordinates": [[[16.4975459, 43.5242085], [16.4975725, 43.5242097], [16.4975673, 43.5242017], [16.4975459, 43.5242085]]]}, "properties": {"tema": "granica", "opis": "Granica obuhvata plana", "cad_sloj": "TPS_A001_Granica obuhvata", "list": "0_Granica obuhvata_ID_DPU_DRACEVAC", "plan": "DPU radne zone Dračevac", "izvor": "DPU radne zone Dračevac (split.hr), vektorizirano iz PDF-a"}}, {"type": "Feature", "geometry": {"type": "Polygon", "coordinates": [[[16.4975835, 43.5242063], [16.4975783, 43.5241979], [16.497605, 43.524199], [16.4975835, 43.5242063]]]}, "properties": {"tema": "granica", "opis": "Granica obuhvata plana", "cad_sloj": "TPS_A001_Granica obuhvata", "list": "0_Granica obuhvata_ID_DPU_DRACEVAC", "plan": "DPU radne zone Dračevac", "izvor": "DPU radne zone Dračevac (split.hr), vektorizirano iz PDF-a"}}, {"type": "Feature", "geometry": {"type": "Polygon", "coordinates": [[[16.4975783, 43.5241979], [16.497605, 43.524199], [16.4975997, 43.524191], [16.4975783, 43.5241979]]]}, "properties": {"tema": "granica", "opis": "Granica obuhvata plana", "cad_sloj": "TPS_A001_Granica obuhvata", "list": "0_Granica obuhvata_ID_DPU_DRACEVAC", "plan": "DPU radne zone Dračevac", "izvor": "DPU radne zone Dračevac (split.hr), vektorizirano iz PDF-a"}}, {"type": "Feature", "geometry": {"type": "Polygon", "coordinates": [[[16.4976154, 43.5241956], [16.4976102, 43.5241872], [16.4976369, 43.5241884], [16.4976154, 43.5241956]]]}, "properties": {"tema": "granica", "opis": "Granica obuhvata plana", "cad_sloj": "TPS_A001_Granica obuhvata", "list": "0_Granica obuhvata_ID_DPU_DRACEVAC", "plan": "DPU radne zone Dračevac", "izvor": "DPU radne zone Dračevac (split.hr), vektorizirano iz PDF-a"}}, {"type": "Feature", "geometry": {"type": "Polygon", "coordinates": [[[16.4976102, 43.5241872], [16.4976369, 43.5241884], [16.4976317, 43.5241804], [16.4976102, 43.5241872]]]}, "properties": {"tema": "granica", "opis": "Granica obuhvata plana", "cad_sloj": "TPS_A001_Granica obuhvata", "list": "0_Granica obuhvata_ID_DPU_DRACEVAC", "plan": "DPU radne zone Dračevac", "izvor": "DPU radne zone Dračevac (split.hr), vektorizirano iz PDF-a"}}, {"type": "Feature", "geometry": {"type": "Polygon", "coordinates": [[[16.4976473, 43.5241849], [16.4976426, 43.5241769], [16.4976688, 43.5241781], [16.4976473, 43.5241849]]]}, "properties": {"tema": "granica", "opis": "Granica obuhvata plana", "cad_sloj": "TPS_A001_Granica obuhvata", "list": "0_Granica obuhvata_ID_DPU_DRACEVAC", "plan": "DPU radne zone Dračevac", "izvor": "DPU radne zone Dračevac (split.hr), vektorizirano iz PDF-a"}}, {"type": "Feature", "geometry": {"type": "Polygon", "coordinates": [[[16.4976426, 43.5241769], [16.4976688, 43.5241781], [16.4976641, 43.5241697], [16.4976426, 43.5241769]]]}, "properties": {"tema": "granica", "opis": "Granica obuhvata plana", "cad_sloj": "TPS_A001_Granica obuhvata", "list": "0_Granica obuhvata_ID_DPU_DRACEVAC", "plan": "DPU radne zone Dračevac", "izvor": "DPU radne zone Dračevac (split.hr), vektorizirano iz PDF-a"}}, {"type": "Feature", "geometry": {"type": "Polygon", "coordinates": [[[16.4976798, 43.5241743], [16.4976745, 43.5241663], [16.4977012, 43.5241674], [16.4976798, 43.5241743]]]}, "properties": {"tema": "granica", "opis": "Granica obuhvata plana", "cad_sloj": "TPS_A001_Granica obuhvata", "list": "0_Granica obuhvata_ID_DPU_DRACEVAC", "plan": "DPU radne zone Dračevac", "izvor": "DPU radne zone Dračevac (split.hr), vektorizirano iz PDF-a"}}, {"type": "Feature", "geometry": {"type": "Polygon", "coordinates": [[[16.4976745, 43.5241663], [16.4977012, 43.5241674], [16.497696, 43.5241591], [16.4976745, 43.5241663]]]}, "properties": {"tema": "granica", "opis": "Granica obuhvata plana", "cad_sloj": "TPS_A001_Granica obuhvata", "list": "0_Granica obuhvata_ID_DPU_DRACEVAC", "plan": "DPU radne zone Dračevac", "izvor": "DPU radne zone Dračevac (split.hr), vektorizirano iz PDF-a"}}, {"type": "Feature", "geometry": {"type": "Polygon", "coordinates": [[[16.4977117, 43.5241636], [16.4977065, 43.5241556], [16.4977331, 43.5241568], [16.4977117, 43.5241636]]]}, "properties": {"tema": "granica", "opis": "Granica obuhvata plana", "cad_sloj": "TPS_A001_Granica obuhvata", "list": "0_Granica obuhvata_ID_DPU_DRACEVAC", "plan": "DPU radne zone Dračevac", "izvor": "DPU radne zone Dračevac (split.hr), vektorizirano iz PDF-a"}}, {"type": "Feature", "geometry": {"type": "Polygon", "coordinates": [[[16.4977065, 43.5241556], [16.4977331, 43.5241568], [16.4977279, 43.5241484], [16.4977065, 43.5241556]]]}, "properties": {"tema": "granica", "opis": "Granica obuhvata plana", "cad_sloj": "TPS_A001_Granica obuhvata", "list": "0_Granica obuhvata_ID_DPU_DRACEVAC", "plan": "DPU radne zone Dračevac", "izvor": "DPU radne zone Dračevac (split.hr), vektorizirano iz PDF-a"}}, {"type": "Feature", "geometry": {"type": "Polygon", "coordinates": [[[16.4977441, 43.5241534], [16.4977389, 43.524145], [16.497765, 43.5241461], [16.4977441, 43.5241534]]]}, "properties": {"tema": "granica", "opis": "Granica obuhvata plana", "cad_sloj": "TPS_A001_Granica obuhvata", "list": "0_Granica obuhvata_ID_DPU_DRACEVAC", "plan": "DPU radne zone Dračevac", "izvor": "DPU radne zone Dračevac (split.hr), vektorizirano iz PDF-a"}}, {"type": "Feature", "geometry": {"type": "Polygon", "coordinates": [[[16.4977389, 43.524145], [16.497765, 43.5241461], [16.4977603, 43.5241381], [16.4977389, 43.524145]]]}, "properties": {"tema": "granica", "opis": "Granica obuhvata plana", "cad_sloj": "TPS_A001_Granica obuhvata", "list": "0_Granica obuhvata_ID_DPU_DRACEVAC", "plan": "DPU radne zone Dračevac", "izvor": "DPU radne zone Dračevac (split.hr), vektorizirano iz PDF-a"}}, {"type": "Feature", "geometry": {"type": "Polygon", "coordinates": [[[16.497776, 43.5241427], [16.4977708, 43.5241343], [16.4977975, 43.5241355], [16.497776, 43.5241427]]]}, "properties": {"tema": "granica", "opis": "Granica obuhvata plana", "cad_sloj": "TPS_A001_Granica obuhvata", "list": "0_Granica obuhvata_ID_DPU_DRACEVAC", "plan": "DPU radne zone Dračevac", "izvor": "DPU radne zone Dračevac (split.hr), vektorizirano iz PDF-a"}}, {"type": "Feature", "geometry": {"type": "Polygon", "coordinates": [[[16.4977708, 43.5241343], [16.4977975, 43.5241355], [16.4977922, 43.5241275], [16.4977708, 43.5241343]]]}, "properties": {"tema": "granica", "opis": "Granica obuhvata plana", "cad_sloj": "TPS_A001_Granica obuhvata", "list": "0_Granica obuhvata_ID_DPU_DRACEVAC", "plan": "DPU radne zone Dračevac", "izvor": "DPU radne zone Dračevac (split.hr), vektorizirano iz PDF-a"}}, {"type": "Feature", "geometry": {"type": "Polygon", "coordinates": [[[16.4978079, 43.524132], [16.4978032, 43.5241237], [16.4978294, 43.5241248], [16.4978079, 43.524132]]]}, "properties": {"tema": "granica", "opis": "Granica obuhvata plana", "cad_sloj": "TPS_A001_Granica obuhvata", "list": "0_Granica obuhvata_ID_DPU_DRACEVAC", "plan": "DPU radne zone Dračevac", "izvor": "DPU radne zone Dračevac (split.hr), vektorizirano iz PDF-a"}}, {"type": "Feature", "geometry": {"type": "Polygon", "coordinates": [[[16.4978032, 43.5241237], [16.4978294, 43.5241248], [16.4978242, 43.5241168], [16.4978032, 43.5241237]]]}, "properties": {"tema": "granica", "opis": "Granica obuhvata plana", "cad_sloj": "TPS_A001_Granica obuhvata", "list": "0_Granica obuhvata_ID_DPU_DRACEVAC", "plan": "DPU radne zone Dračevac", "izvor": "DPU radne zone Dračevac (split.hr), vektorizirano iz PDF-a"}}, {"type": "Feature", "geometry": {"type": "Polygon", "coordinates": [[[16.4978404, 43.5241214], [16.4978351, 43.5241134], [16.4978618, 43.5241145], [16.4978404, 43.5241214]]]}, "properties": {"tema": "granica", "opis": "Granica obuhvata plana", "cad_sloj": "TPS_A001_Granica obuhvata", "list": "0_Granica obuhvata_ID_DPU_DRACEVAC", "plan": "DPU radne zone Dračevac", "izvor": "DPU radne zone Dračevac (split.hr), vektorizirano iz PDF-a"}}, {"type": "Feature", "geometry": {"type": "Polygon", "coordinates": [[[16.4978351, 43.5241134], [16.4978618, 43.5241145], [16.4978566, 43.5241062], [16.4978351, 43.5241134]]]}, "properties": {"tema": "granica", "opis": "Granica obuhvata plana", "cad_sloj": "TPS_A001_Granica obuhvata", "list": "0_Granica obuhvata_ID_DPU_DRACEVAC", "plan": "DPU radne zone Dračevac", "izvor": "DPU radne zone Dračevac (split.hr), vektorizirano iz PDF-a"}}, {"type": "Feature", "geometry": {"type": "Polygon", "coordinates": [[[16.4978723, 43.5241107], [16.497867, 43.5241027], [16.4978937, 43.5241039], [16.4978723, 43.5241107]]]}, "properties": {"tema": "granica", "opis": "Granica obuhvata plana", "cad_sloj": "TPS_A001_Granica obuhvata", "list": "0_Granica obuhvata_ID_DPU_DRACEVAC", "plan": "DPU radne zone Dračevac", "izvor": "DPU radne zone Dračevac (split.hr), vektorizirano iz PDF-a"}}, {"type": "Feature", "geometry": {"type": "Polygon", "coordinates": [[[16.497867, 43.5241027], [16.4978937, 43.5241039], [16.4978885, 43.5240955], [16.497867, 43.5241027]]]}, "properties": {"tema": "granica", "opis": "Granica obuhvata plana", "cad_sloj": "TPS_A001_Granica obuhvata", "list": "0_Granica obuhvata_ID_DPU_DRACEVAC", "plan": "DPU radne zone Dračevac", "izvor": "DPU radne zone Dračevac (split.hr), vektorizirano iz PDF-a"}}, {"type": "Feature", "geometry": {"type": "Polygon", "coordinates": [[[16.4979042, 43.5241001], [16.4978995, 43.5240921], [16.4979256, 43.5240932], [16.4979042, 43.5241001]]]}, "properties": {"tema": "granica", "opis": "Granica obuhvata plana", "cad_sloj": "TPS_A001_Granica obuhvata", "list": "0_Granica obuhvata_ID_DPU_DRACEVAC", "plan": "DPU radne zone Dračevac", "izvor": "DPU radne zone Dračevac (split.hr), vektorizirano iz PDF-a"}}, {"type": "Feature", "geometry": {"type": "Polygon", "coordinates": [[[16.4978995, 43.5240921], [16.4979256, 43.5240932], [16.4979209, 43.5240848], [16.4978995, 43.5240921]]]}, "properties": {"tema": "granica", "opis": "Granica obuhvata plana", "cad_sloj": "TPS_A001_Granica obuhvata", "list": "0_Granica obuhvata_ID_DPU_DRACEVAC", "plan": "DPU radne zone Dračevac", "izvor": "DPU radne zone Dračevac (split.hr), vektorizirano iz PDF-a"}}, {"type": "Feature", "geometry": {"type": "Polygon", "coordinates": [[[16.4979366, 43.5240898], [16.4979314, 43.5240814], [16.4979581, 43.5240826], [16.4979366, 43.5240898]]]}, "properties": {"tema": "granica", "opis": "Granica obuhvata plana", "cad_sloj": "TPS_A001_Granica obuhvata", "list": "0_Granica obuhvata_ID_DPU_DRACEVAC", "plan": "DPU radne zone Dračevac", "izvor": "DPU radne zone Dračevac (split.hr), vektorizirano iz PDF-a"}}, {"type": "Feature", "geometry": {"type": "Polygon", "coordinates": [[[16.4979314, 43.5240814], [16.4979581, 43.5240826], [16.4979528, 43.5240746], [16.4979314, 43.5240814]]]}, "properties": {"tema": "granica", "opis": "Granica obuhvata plana", "cad_sloj": "TPS_A001_Granica obuhvata", "list": "0_Granica obuhvata_ID_DPU_DRACEVAC", "plan": "DPU radne zone Dračevac", "izvor": "DPU radne zone Dračevac (split.hr), vektorizirano iz PDF-a"}}, {"type": "Feature", "geometry": {"type": "Polygon", "coordinates": [[[16.4979685, 43.5240791], [16.4979633, 43.5240708], [16.49799, 43.5240719], [16.4979685, 43.5240791]]]}, "properties": {"tema": "granica", "opis": "Granica obuhvata plana", "cad_sloj": "TPS_A001_Granica obuhvata", "list": "0_Granica obuhvata_ID_DPU_DRACEVAC", "plan": "DPU radne zone Dračevac", "izvor": "DPU radne zone Dračevac (split.hr), vektorizirano iz PDF-a"}}, {"type": "Feature", "geometry": {"type": "Polygon", "coordinates": [[[16.4979633, 43.5240708], [16.49799, 43.5240719], [16.4979847, 43.5240639], [16.4979633, 43.5240708]]]}, "properties": {"tema": "granica", "opis": "Granica obuhvata plana", "cad_sloj": "TPS_A001_Granica obuhvata", "list": "0_Granica obuhvata_ID_DPU_DRACEVAC", "plan": "DPU radne zone Dračevac", "izvor": "DPU radne zone Dračevac (split.hr), vektorizirano iz PDF-a"}}, {"type": "Feature", "geometry": {"type": "Polygon", "coordinates": [[[16.498001, 43.5240685], [16.4979957, 43.5240601], [16.4980224, 43.5240612], [16.498001, 43.5240685]]]}, "properties": {"tema": "granica", "opis": "Granica obuhvata plana", "cad_sloj": "TPS_A001_Granica obuhvata", "list": "0_Granica obuhvata_ID_DPU_DRACEVAC", "plan": "DPU radne zone Dračevac", "izvor": "DPU radne zone Dračevac (split.hr), vektorizirano iz PDF-a"}}, {"type": "Feature", "geometry": {"type": "Polygon", "coordinates": [[[16.4979957, 43.5240601], [16.4980224, 43.5240612], [16.4980172, 43.5240533], [16.4979957, 43.5240601]]]}, "properties": {"tema": "granica", "opis": "Granica obuhvata plana", "cad_sloj": "TPS_A001_Granica obuhvata", "list": "0_Granica obuhvata_ID_DPU_DRACEVAC", "plan": "DPU radne zone Dračevac", "izvor": "DPU radne zone Dračevac (split.hr), vektorizirano iz PDF-a"}}, {"type": "Feature", "geometry": {"type": "Polygon", "coordinates": [[[16.4980329, 43.5240578], [16.4980276, 43.5240498], [16.4980543, 43.5240506], [16.4980329, 43.5240578]]]}, "properties": {"tema": "granica", "opis": "Granica obuhvata plana", "cad_sloj": "TPS_A001_Granica obuhvata", "list": "0_Granica obuhvata_ID_DPU_DRACEVAC", "plan": "DPU radne zone Dračevac", "izvor": "DPU radne zone Dračevac (split.hr), vektorizirano iz PDF-a"}}, {"type": "Feature", "geometry": {"type": "Polygon", "coordinates": [[[16.4980276, 43.5240498], [16.4980543, 43.5240506], [16.4980491, 43.5240426], [16.4980276, 43.5240498]]]}, "properties": {"tema": "granica", "opis": "Granica obuhvata plana", "cad_sloj": "TPS_A001_Granica obuhvata", "list": "0_Granica obuhvata_ID_DPU_DRACEVAC", "plan": "DPU radne zone Dračevac", "izvor": "DPU radne zone Dračevac (split.hr), vektorizirano iz PDF-a"}}, {"type": "Feature", "geometry": {"type": "Polygon", "coordinates": [[[16.4980648, 43.5240472], [16.4980601, 43.5240392], [16.4980862, 43.5240403], [16.4980648, 43.5240472]]]}, "properties": {"tema": "granica", "opis": "Granica obuhvata plana", "cad_sloj": "TPS_A001_Granica obuhvata", "list": "0_Granica obuhvata_ID_DPU_DRACEVAC", "plan": "DPU radne zone Dračevac", "izvor": "DPU radne zone Dračevac (split.hr), vektorizirano iz PDF-a"}}, {"type": "Feature", "geometry": {"type": "Polygon", "coordinates": [[[16.4980601, 43.5240392], [16.4980862, 43.5240403], [16.4980815, 43.5240319], [16.4980601, 43.5240392]]]}, "properties": {"tema": "granica", "opis": "Granica obuhvata plana", "cad_sloj": "TPS_A001_Granica obuhvata", "list": "0_Granica obuhvata_ID_DPU_DRACEVAC", "plan": "DPU radne zone Dračevac", "izvor": "DPU radne zone Dračevac (split.hr), vektorizirano iz PDF-a"}}, {"type": "Feature", "geometry": {"type": "Polygon", "coordinates": [[[16.4980972, 43.5240365], [16.498092, 43.5240285], [16.4981186, 43.5240297], [16.4980972, 43.5240365]]]}, "properties": {"tema": "granica", "opis": "Granica obuhvata plana", "cad_sloj": "TPS_A001_Granica obuhvata", "list": "0_Granica obuhvata_ID_DPU_DRACEVAC", "plan": "DPU radne zone Dračevac", "izvor": "DPU radne zone Dračevac (split.hr), vektorizirano iz PDF-a"}}, {"type": "Feature", "geometry": {"type": "Polygon", "coordinates": [[[16.498092, 43.5240285], [16.4981186, 43.5240297], [16.4981134, 43.5240213], [16.498092, 43.5240285]]]}, "properties": {"tema": "granica", "opis": "Granica obuhvata plana", "cad_sloj": "TPS_A001_Granica obuhvata", "list": "0_Granica obuhvata_ID_DPU_DRACEVAC", "plan": "DPU radne zone Dračevac", "izvor": "DPU radne zone Dračevac (split.hr), vektorizirano iz PDF-a"}}, {"type": "Feature", "geometry": {"type": "Polygon", "coordinates": [[[16.4981291, 43.5240262], [16.4981239, 43.5240179], [16.4981506, 43.524019], [16.4981291, 43.5240262]]]}, "properties": {"tema": "granica", "opis": "Granica obuhvata plana", "cad_sloj": "TPS_A001_Granica obuhvata", "list": "0_Granica obuhvata_ID_DPU_DRACEVAC", "plan": "DPU radne zone Dračevac", "izvor": "DPU radne zone Dračevac (split.hr), vektorizirano iz PDF-a"}}, {"type": "Feature", "geometry": {"type": "Polygon", "coordinates": [[[16.4981239, 43.5240179], [16.4981506, 43.524019], [16.4981453, 43.5240106], [16.4981239, 43.5240179]]]}, "properties": {"tema": "granica", "opis": "Granica obuhvata plana", "cad_sloj": "TPS_A001_Granica obuhvata", "list": "0_Granica obuhvata_ID_DPU_DRACEVAC", "plan": "DPU radne zone Dračevac", "izvor": "DPU radne zone Dračevac (split.hr), vektorizirano iz PDF-a"}}, {"type": "Feature", "geometry": {"type": "Polygon", "coordinates": [[[16.4981615, 43.5240156], [16.4981563, 43.5240072], [16.4981825, 43.5240083], [16.4981615, 43.5240156]]]}, "properties": {"tema": "granica", "opis": "Granica obuhvata plana", "cad_sloj": "TPS_A001_Granica obuhvata", "list": "0_Granica obuhvata_ID_DPU_DRACEVAC", "plan": "DPU radne zone Dračevac", "izvor": "DPU radne zone Dračevac (split.hr), vektorizirano iz PDF-a"}}, {"type": "Feature", "geometry": {"type": "Polygon", "coordinates": [[[16.4981563, 43.5240072], [16.4981825, 43.5240083], [16.4981778, 43.5240003], [16.4981563, 43.5240072]]]}, "properties": {"tema": "granica", "opis": "Granica obuhvata plana", "cad_sloj": "TPS_A001_Granica obuhvata", "list": "0_Granica obuhvata_ID_DPU_DRACEVAC", "plan": "DPU radne zone Dračevac", "izvor": "DPU radne zone Dračevac (split.hr), vektorizirano iz PDF-a"}}, {"type": "Feature", "geometry": {"type": "Polygon", "coordinates": [[[16.4981935, 43.5240049], [16.4981882, 43.5239965], [16.4982149, 43.5239977], [16.4981935, 43.5240049]]]}, "properties": {"tema": "granica", "opis": "Granica obuhvata plana", "cad_sloj": "TPS_A001_Granica obuhvata", "list": "0_Granica obuhvata_ID_DPU_DRACEVAC", "plan": "DPU radne zone Dračevac", "izvor": "DPU radne zone Dračevac (split.hr), vektorizirano iz PDF-a"}}, {"type": "Feature", "geometry": {"type": "Polygon", "coordinates": [[[16.4981882, 43.5239965], [16.4982149, 43.5239977], [16.4982097, 43.5239897], [16.4981882, 43.5239965]]]}, "properties": {"tema": "granica", "opis": "Granica obuhvata plana", "cad_sloj": "TPS_A001_Granica obuhvata", "list": "0_Granica obuhvata_ID_DPU_DRACEVAC", "plan": "DPU radne zone Dračevac", "izvor": "DPU radne zone Dračevac (split.hr), vektorizirano iz PDF-a"}}, {"type": "Feature", "geometry": {"type": "Polygon", "coordinates": [[[16.4982254, 43.5239943], [16.4982207, 43.5239859], [16.4982468, 43.523987], [16.4982254, 43.5239943]]]}, "properties": {"tema": "granica", "opis": "Granica obuhvata plana", "cad_sloj": "TPS_A001_Granica obuhvata", "list": "0_Granica obuhvata_ID_DPU_DRACEVAC", "plan": "DPU radne zone Dračevac", "izvor": "DPU radne zone Dračevac (split.hr), vektorizirano iz PDF-a"}}, {"type": "Feature", "geometry": {"type": "Polygon", "coordinates": [[[16.4982207, 43.5239859], [16.4982468, 43.523987], [16.4982416, 43.523979], [16.4982207, 43.5239859]]]}, "properties": {"tema": "granica", "opis": "Granica obuhvata plana", "cad_sloj": "TPS_A001_Granica obuhvata", "list": "0_Granica obuhvata_ID_DPU_DRACEVAC", "plan": "DPU radne zone Dračevac", "izvor": "DPU radne zone Dračevac (split.hr), vektorizirano iz PDF-a"}}, {"type": "Feature", "geometry": {"type": "Polygon", "coordinates": [[[16.4982578, 43.5239836], [16.4982526, 43.5239756], [16.4982792, 43.5239768], [16.4982578, 43.5239836]]]}, "properties": {"tema": "granica", "opis": "Granica obuhvata plana", "cad_sloj": "TPS_A001_Granica obuhvata", "list": "0_Granica obuhvata_ID_DPU_DRACEVAC", "plan": "DPU radne zone Dračevac", "izvor": "DPU radne zone Dračevac (split.hr), vektorizirano iz PDF-a"}}, {"type": "Feature", "geometry": {"type": "Polygon", "coordinates": [[[16.4982526, 43.5239756], [16.4982792, 43.5239768], [16.498274, 43.5239684], [16.4982526, 43.5239756]]]}, "properties": {"tema": "granica", "opis": "Granica obuhvata plana", "cad_sloj": "TPS_A001_Granica obuhvata", "list": "0_Granica obuhvata_ID_DPU_DRACEVAC", "plan": "DPU radne zone Dračevac", "izvor": "DPU radne zone Dračevac (split.hr), vektorizirano iz PDF-a"}}, {"type": "Feature", "geometry": {"type": "Polygon", "coordinates": [[[16.4982897, 43.5239729], [16.4982845, 43.523965], [16.4983111, 43.5239661], [16.4982897, 43.5239729]]]}, "properties": {"tema": "granica", "opis": "Granica obuhvata plana", "cad_sloj": "TPS_A001_Granica obuhvata", "list": "0_Granica obuhvata_ID_DPU_DRACEVAC", "plan": "DPU radne zone Dračevac", "izvor": "DPU radne zone Dračevac (split.hr), vektorizirano iz PDF-a"}}, {"type": "Feature", "geometry": {"type": "Polygon", "coordinates": [[[16.4982845, 43.523965], [16.4983111, 43.5239661], [16.4983059, 43.5239577], [16.4982845, 43.523965]]]}, "properties": {"tema": "granica", "opis": "Granica obuhvata plana", "cad_sloj": "TPS_A001_Granica obuhvata", "list": "0_Granica obuhvata_ID_DPU_DRACEVAC", "plan": "DPU radne zone Dračevac", "izvor": "DPU radne zone Dračevac (split.hr), vektorizirano iz PDF-a"}}, {"type": "Feature", "geometry": {"type": "Polygon", "coordinates": [[[16.4983216, 43.5239623], [16.4983169, 43.5239543], [16.4983431, 43.5239554], [16.4983216, 43.5239623]]]}, "properties": {"tema": "granica", "opis": "Granica obuhvata plana", "cad_sloj": "TPS_A001_Granica obuhvata", "list": "0_Granica obuhvata_ID_DPU_DRACEVAC", "plan": "DPU radne zone Dračevac", "izvor": "DPU radne zone Dračevac (split.hr), vektorizirano iz PDF-a"}}, {"type": "Feature", "geometry": {"type": "Polygon", "coordinates": [[[16.4983169, 43.5239543], [16.4983431, 43.5239554], [16.4983383, 43.5239471], [16.4983169, 43.5239543]]]}, "properties": {"tema": "granica", "opis": "Granica obuhvata plana", "cad_sloj": "TPS_A001_Granica obuhvata", "list": "0_Granica obuhvata_ID_DPU_DRACEVAC", "plan": "DPU radne zone Dračevac", "izvor": "DPU radne zone Dračevac (split.hr), vektorizirano iz PDF-a"}}, {"type": "Feature", "geometry": {"type": "Polygon", "coordinates": [[[16.498354, 43.523952], [16.4983488, 43.5239436], [16.4983755, 43.5239448], [16.498354, 43.523952]]]}, "properties": {"tema": "granica", "opis": "Granica obuhvata plana", "cad_sloj": "TPS_A001_Granica obuhvata", "list": "0_Granica obuhvata_ID_DPU_DRACEVAC", "plan": "DPU radne zone Dračevac", "izvor": "DPU radne zone Dračevac (split.hr), vektorizirano iz PDF-a"}}, {"type": "Feature", "geometry": {"type": "Polygon", "coordinates": [[[16.4983488, 43.5239436], [16.4983755, 43.5239448], [16.4983703, 43.5239368], [16.4983488, 43.5239436]]]}, "properties": {"tema": "granica", "opis": "Granica obuhvata plana", "cad_sloj": "TPS_A001_Granica obuhvata", "list": "0_Granica obuhvata_ID_DPU_DRACEVAC", "plan": "DPU radne zone Dračevac", "izvor": "DPU radne zone Dračevac (split.hr), vektorizirano iz PDF-a"}}, {"type": "Feature", "geometry": {"type": "Polygon", "coordinates": [[[16.4983859, 43.5239414], [16.4983807, 43.523933], [16.4984074, 43.5239341], [16.4983859, 43.5239414]]]}, "properties": {"tema": "granica", "opis": "Granica obuhvata plana", "cad_sloj": "TPS_A001_Granica obuhvata", "list": "0_Granica obuhvata_ID_DPU_DRACEVAC", "plan": "DPU radne zone Dračevac", "izvor": "DPU radne zone Dračevac (split.hr), vektorizirano iz PDF-a"}}, {"type": "Feature", "geometry": {"type": "Polygon", "coordinates": [[[16.4983807, 43.523933], [16.4984074, 43.5239341], [16.4984022, 43.5239261], [16.4983807, 43.523933]]]}, "properties": {"tema": "granica", "opis": "Granica obuhvata plana", "cad_sloj": "TPS_A001_Granica obuhvata", "list": "0_Granica obuhvata_ID_DPU_DRACEVAC", "plan": "DPU radne zone Dračevac", "izvor": "DPU radne zone Dračevac (split.hr), vektorizirano iz PDF-a"}}, {"type": "Feature", "geometry": {"type": "Polygon", "coordinates": [[[16.4984184, 43.5239307], [16.4984131, 43.5239223], [16.4984398, 43.5239235], [16.4984184, 43.5239307]]]}, "properties": {"tema": "granica", "opis": "Granica obuhvata plana", "cad_sloj": "TPS_A001_Granica obuhvata", "list": "0_Granica obuhvata_ID_DPU_DRACEVAC", "plan": "DPU radne zone Dračevac", "izvor": "DPU radne zone Dračevac (split.hr), vektorizirano iz PDF-a"}}, {"type": "Feature", "geometry": {"type": "Polygon", "coordinates": [[[16.4984131, 43.5239223], [16.4984398, 43.5239235], [16.4984346, 43.5239155], [16.4984131, 43.5239223]]]}, "properties": {"tema": "granica", "opis": "Granica obuhvata plana", "cad_sloj": "TPS_A001_Granica obuhvata", "list": "0_Granica obuhvata_ID_DPU_DRACEVAC", "plan": "DPU radne zone Dračevac", "izvor": "DPU radne zone Dračevac (split.hr), vektorizirano iz PDF-a"}}, {"type": "Feature", "geometry": {"type": "Polygon", "coordinates": [[[16.4984503, 43.52392], [16.4984451, 43.523912], [16.4984717, 43.5239132], [16.4984503, 43.52392]]]}, "properties": {"tema": "granica", "opis": "Granica obuhvata plana", "cad_sloj": "TPS_A001_Granica obuhvata", "list": "0_Granica obuhvata_ID_DPU_DRACEVAC", "plan": "DPU radne zone Dračevac", "izvor": "DPU radne zone Dračevac (split.hr), vektorizirano iz PDF-a"}}, {"type": "Feature", "geometry": {"type": "Polygon", "coordinates": [[[16.4984451, 43.523912], [16.4984717, 43.5239132], [16.4984665, 43.5239048], [16.4984451, 43.523912]]]}, "properties": {"tema": "granica", "opis": "Granica obuhvata plana", "cad_sloj": "TPS_A001_Granica obuhvata", "list": "0_Granica obuhvata_ID_DPU_DRACEVAC", "plan": "DPU radne zone Dračevac", "izvor": "DPU radne zone Dračevac (split.hr), vektorizirano iz PDF-a"}}, {"type": "Feature", "geometry": {"type": "Polygon", "coordinates": [[[16.4984822, 43.5239094], [16.4984775, 43.5239014], [16.4985036, 43.5239025], [16.4984822, 43.5239094]]]}, "properties": {"tema": "granica", "opis": "Granica obuhvata plana", "cad_sloj": "TPS_A001_Granica obuhvata", "list": "0_Granica obuhvata_ID_DPU_DRACEVAC", "plan": "DPU radne zone Dračevac", "izvor": "DPU radne zone Dračevac (split.hr), vektorizirano iz PDF-a"}}, {"type": "Feature", "geometry": {"type": "Polygon", "coordinates": [[[16.4984775, 43.5239014], [16.4985036, 43.5239025], [16.4984989, 43.5238942], [16.4984775, 43.5239014]]]}, "properties": {"tema": "granica", "opis": "Granica obuhvata plana", "cad_sloj": "TPS_A001_Granica obuhvata", "list": "0_Granica obuhvata_ID_DPU_DRACEVAC", "plan": "DPU radne zone Dračevac", "izvor": "DPU radne zone Dračevac (split.hr), vektorizirano iz PDF-a"}}, {"type": "Feature", "geometry": {"type": "Polygon", "coordinates": [[[16.4985146, 43.5238987], [16.4985094, 43.5238907], [16.4985361, 43.5238919], [16.4985146, 43.5238987]]]}, "properties": {"tema": "granica", "opis": "Granica obuhvata plana", "cad_sloj": "TPS_A001_Granica obuhvata", "list": "0_Granica obuhvata_ID_DPU_DRACEVAC", "plan": "DPU radne zone Dračevac", "izvor": "DPU radne zone Dračevac (split.hr), vektorizirano iz PDF-a"}}, {"type": "Feature", "geometry": {"type": "Polygon", "coordinates": [[[16.4985094, 43.5238907], [16.4985361, 43.5238919], [16.4985308, 43.5238835], [16.4985094, 43.5238907]]]}, "properties": {"tema": "granica", "opis": "Granica obuhvata plana", "cad_sloj": "TPS_A001_Granica obuhvata", "list": "0_Granica obuhvata_ID_DPU_DRACEVAC", "plan": "DPU radne zone Dračevac", "izvor": "DPU radne zone Dračevac (split.hr), vektorizirano iz PDF-a"}}, {"type": "Feature", "geometry": {"type": "Polygon", "coordinates": [[[16.4985465, 43.5238885], [16.4985413, 43.5238801], [16.498568, 43.5238812], [16.4985465, 43.5238885]]]}, "properties": {"tema": "granica", "opis": "Granica obuhvata plana", "cad_sloj": "TPS_A001_Granica obuhvata", "list": "0_Granica obuhvata_ID_DPU_DRACEVAC", "plan": "DPU radne zone Dračevac", "izvor": "DPU radne zone Dračevac (split.hr), vektorizirano iz PDF-a"}}, {"type": "Feature", "geometry": {"type": "Polygon", "coordinates": [[[16.4985413, 43.5238801], [16.498568, 43.5238812], [16.4985627, 43.5238728], [16.4985413, 43.5238801]]]}, "properties": {"tema": "granica", "opis": "Granica obuhvata plana", "cad_sloj": "TPS_A001_Granica obuhvata", "list": "0_Granica obuhvata_ID_DPU_DRACEVAC", "plan": "DPU radne zone Dračevac", "izvor": "DPU radne zone Dračevac (split.hr), vektorizirano iz PDF-a"}}, {"type": "Feature", "geometry": {"type": "Polygon", "coordinates": [[[16.498579, 43.5238778], [16.4985737, 43.5238694], [16.4985999, 43.5238706], [16.498579, 43.5238778]]]}, "properties": {"tema": "granica", "opis": "Granica obuhvata plana", "cad_sloj": "TPS_A001_Granica obuhvata", "list": "0_Granica obuhvata_ID_DPU_DRACEVAC", "plan": "DPU radne zone Dračevac", "izvor": "DPU radne zone Dračevac (split.hr), vektorizirano iz PDF-a"}}, {"type": "Feature", "geometry": {"type": "Polygon", "coordinates": [[[16.4985737, 43.5238694], [16.4985999, 43.5238706], [16.4985952, 43.5238626], [16.4985737, 43.5238694]]]}, "properties": {"tema": "granica", "opis": "Granica obuhvata plana", "cad_sloj": "TPS_A001_Granica obuhvata", "list": "0_Granica obuhvata_ID_DPU_DRACEVAC", "plan": "DPU radne zone Dračevac", "izvor": "DPU radne zone Dračevac (split.hr), vektorizirano iz PDF-a"}}, {"type": "Feature", "geometry": {"type": "Polygon", "coordinates": [[[16.4986109, 43.5238671], [16.4986056, 43.5238588], [16.4986323, 43.5238599], [16.4986109, 43.5238671]]]}, "properties": {"tema": "granica", "opis": "Granica obuhvata plana", "cad_sloj": "TPS_A001_Granica obuhvata", "list": "0_Granica obuhvata_ID_DPU_DRACEVAC", "plan": "DPU radne zone Dračevac", "izvor": "DPU radne zone Dračevac (split.hr), vektorizirano iz PDF-a"}}, {"type": "Feature", "geometry": {"type": "Polygon", "coordinates": [[[16.4986056, 43.5238588], [16.4986323, 43.5238599], [16.4986271, 43.5238519], [16.4986056, 43.5238588]]]}, "properties": {"tema": "granica", "opis": "Granica obuhvata plana", "cad_sloj": "TPS_A001_Granica obuhvata", "list": "0_Granica obuhvata_ID_DPU_DRACEVAC", "plan": "DPU radne zone Dračevac", "izvor": "DPU radne zone Dračevac (split.hr), vektorizirano iz PDF-a"}}, {"type": "Feature", "geometry": {"type": "Polygon", "coordinates": [[[16.4986428, 43.5238565], [16.4986381, 43.5238485], [16.4986642, 43.5238492], [16.4986428, 43.5238565]]]}, "properties": {"tema": "granica", "opis": "Granica obuhvata plana", "cad_sloj": "TPS_A001_Granica obuhvata", "list": "0_Granica obuhvata_ID_DPU_DRACEVAC", "plan": "DPU radne zone Dračevac", "izvor": "DPU radne zone Dračevac (split.hr), vektorizirano iz PDF-a"}}, {"type": "Feature", "geometry": {"type": "Polygon", "coordinates": [[[16.4986381, 43.5238485], [16.4986642, 43.5238492], [16.498659, 43.5238413], [16.4986381, 43.5238485]]]}, "properties": {"tema": "granica", "opis": "Granica obuhvata plana", "cad_sloj": "TPS_A001_Granica obuhvata", "list": "0_Granica obuhvata_ID_DPU_DRACEVAC", "plan": "DPU radne zone Dračevac", "izvor": "DPU radne zone Dračevac (split.hr), vektorizirano iz PDF-a"}}, {"type": "Feature", "geometry": {"type": "Polygon", "coordinates": [[[16.4986752, 43.5238458], [16.49867, 43.5238378], [16.4986967, 43.523839], [16.4986752, 43.5238458]]]}, "properties": {"tema": "granica", "opis": "Granica obuhvata plana", "cad_sloj": "TPS_A001_Granica obuhvata", "list": "0_Granica obuhvata_ID_DPU_DRACEVAC", "plan": "DPU radne zone Dračevac", "izvor": "DPU radne zone Dračevac (split.hr), vektorizirano iz PDF-a"}}, {"type": "Feature", "geometry": {"type": "Polygon", "coordinates": [[[16.49867, 43.5238378], [16.4986967, 43.523839], [16.4986914, 43.5238306], [16.49867, 43.5238378]]]}, "properties": {"tema": "granica", "opis": "Granica obuhvata plana", "cad_sloj": "TPS_A001_Granica obuhvata", "list": "0_Granica obuhvata_ID_DPU_DRACEVAC", "plan": "DPU radne zone Dračevac", "izvor": "DPU radne zone Dračevac (split.hr), vektorizirano iz PDF-a"}}, {"type": "Feature", "geometry": {"type": "Polygon", "coordinates": [[[16.4987071, 43.5238352], [16.4987019, 43.5238272], [16.4987286, 43.5238283], [16.4987071, 43.5238352]]]}, "properties": {"tema": "granica", "opis": "Granica obuhvata plana", "cad_sloj": "TPS_A001_Granica obuhvata", "list": "0_Granica obuhvata_ID_DPU_DRACEVAC", "plan": "DPU radne zone Dračevac", "izvor": "DPU radne zone Dračevac (split.hr), vektorizirano iz PDF-a"}}, {"type": "Feature", "geometry": {"type": "Polygon", "coordinates": [[[16.4987019, 43.5238272], [16.4987286, 43.5238283], [16.4987233, 43.5238199], [16.4987019, 43.5238272]]]}, "properties": {"tema": "granica", "opis": "Granica obuhvata plana", "cad_sloj": "TPS_A001_Granica obuhvata", "list": "0_Granica obuhvata_ID_DPU_DRACEVAC", "plan": "DPU radne zone Dračevac", "izvor": "DPU radne zone Dračevac (split.hr), vektorizirano iz PDF-a"}}, {"type": "Feature", "geometry": {"type": "Polygon", "coordinates": [[[16.498739, 43.5238245], [16.4987343, 43.5238165], [16.4987605, 43.5238177], [16.498739, 43.5238245]]]}, "properties": {"tema": "granica", "opis": "Granica obuhvata plana", "cad_sloj": "TPS_A001_Granica obuhvata", "list": "0_Granica obuhvata_ID_DPU_DRACEVAC", "plan": "DPU radne zone Dračevac", "izvor": "DPU radne zone Dračevac (split.hr), vektorizirano iz PDF-a"}}, {"type": "Feature", "geometry": {"type": "Polygon", "coordinates": [[[16.4987343, 43.5238165], [16.4987605, 43.5238177], [16.4987558, 43.5238093], [16.4987343, 43.5238165]]]}, "properties": {"tema": "granica", "opis": "Granica obuhvata plana", "cad_sloj": "TPS_A001_Granica obuhvata", "list": "0_Granica obuhvata_ID_DPU_DRACEVAC", "plan": "DPU radne zone Dračevac", "izvor": "DPU radne zone Dračevac (split.hr), vektorizirano iz PDF-a"}}, {"type": "Feature", "geometry": {"type": "Polygon", "coordinates": [[[16.4987715, 43.5238142], [16.4987662, 43.5238059], [16.4987929, 43.523807], [16.4987715, 43.5238142]]]}, "properties": {"tema": "granica", "opis": "Granica obuhvata plana", "cad_sloj": "TPS_A001_Granica obuhvata", "list": "0_Granica obuhvata_ID_DPU_DRACEVAC", "plan": "DPU radne zone Dračevac", "izvor": "DPU radne zone Dračevac (split.hr), vektorizirano iz PDF-a"}}, {"type": "Feature", "geometry": {"type": "Polygon", "coordinates": [[[16.4987662, 43.5238059], [16.4987929, 43.523807], [16.4987877, 43.523799], [16.4987662, 43.5238059]]]}, "properties": {"tema": "granica", "opis": "Granica obuhvata plana", "cad_sloj": "TPS_A001_Granica obuhvata", "list": "0_Granica obuhvata_ID_DPU_DRACEVAC", "plan": "DPU radne zone Dračevac", "izvor": "DPU radne zone Dračevac (split.hr), vektorizirano iz PDF-a"}}, {"type": "Feature", "geometry": {"type": "Polygon", "coordinates": [[[16.4988034, 43.5238036], [16.4987981, 43.5237952], [16.4988248, 43.5237963], [16.4988034, 43.5238036]]]}, "properties": {"tema": "granica", "opis": "Granica obuhvata plana", "cad_sloj": "TPS_A001_Granica obuhvata", "list": "0_Granica obuhvata_ID_DPU_DRACEVAC", "plan": "DPU radne zone Dračevac", "izvor": "DPU radne zone Dračevac (split.hr), vektorizirano iz PDF-a"}}, {"type": "Feature", "geometry": {"type": "Polygon", "coordinates": [[[16.4987981, 43.5237952], [16.4988248, 43.5237963], [16.4988196, 43.5237884], [16.4987981, 43.5237952]]]}, "properties": {"tema": "granica", "opis": "Granica obuhvata plana", "cad_sloj": "TPS_A001_Granica obuhvata", "list": "0_Granica obuhvata_ID_DPU_DRACEVAC", "plan": "DPU radne zone Dračevac", "izvor": "DPU radne zone Dračevac (split.hr), vektorizirano iz PDF-a"}}, {"type": "Feature", "geometry": {"type": "Polygon", "coordinates": [[[16.4988358, 43.5237929], [16.4988306, 43.5237845], [16.4988567, 43.5237857], [16.4988358, 43.5237929]]]}, "properties": {"tema": "granica", "opis": "Granica obuhvata plana", "cad_sloj": "TPS_A001_Granica obuhvata", "list": "0_Granica obuhvata_ID_DPU_DRACEVAC", "plan": "DPU radne zone Dračevac", "izvor": "DPU radne zone Dračevac (split.hr), vektorizirano iz PDF-a"}}, {"type": "Feature", "geometry": {"type": "Polygon", "coordinates": [[[16.4988306, 43.5237845], [16.4988567, 43.5237857], [16.498852, 43.5237777], [16.4988306, 43.5237845]]]}, "properties": {"tema": "granica", "opis": "Granica obuhvata plana", "cad_sloj": "TPS_A001_Granica obuhvata", "list": "0_Granica obuhvata_ID_DPU_DRACEVAC", "plan": "DPU radne zone Dračevac", "izvor": "DPU radne zone Dračevac (split.hr), vektorizirano iz PDF-a"}}, {"type": "Feature", "geometry": {"type": "Polygon", "coordinates": [[[16.4988677, 43.5237823], [16.4988625, 43.5237743], [16.4988892, 43.5237754], [16.4988677, 43.5237823]]]}, "properties": {"tema": "granica", "opis": "Granica obuhvata plana", "cad_sloj": "TPS_A001_Granica obuhvata", "list": "0_Granica obuhvata_ID_DPU_DRACEVAC", "plan": "DPU radne zone Dračevac", "izvor": "DPU radne zone Dračevac (split.hr), vektorizirano iz PDF-a"}}, {"type": "Feature", "geometry": {"type": "Polygon", "coordinates": [[[16.4988625, 43.5237743], [16.4988892, 43.5237754], [16.4988839, 43.523767], [16.4988625, 43.5237743]]]}, "properties": {"tema": "granica", "opis": "Granica obuhvata plana", "cad_sloj": "TPS_A001_Granica obuhvata", "list": "0_Granica obuhvata_ID_DPU_DRACEVAC", "plan": "DPU radne zone Dračevac", "izvor": "DPU radne zone Dračevac (split.hr), vektorizirano iz PDF-a"}}, {"type": "Feature", "geometry": {"type": "Polygon", "coordinates": [[[16.4988996, 43.5237716], [16.4988949, 43.5237636], [16.4989211, 43.5237648], [16.4988996, 43.5237716]]]}, "properties": {"tema": "granica", "opis": "Granica obuhvata plana", "cad_sloj": "TPS_A001_Granica obuhvata", "list": "0_Granica obuhvata_ID_DPU_DRACEVAC", "plan": "DPU radne zone Dračevac", "izvor": "DPU radne zone Dračevac (split.hr), vektorizirano iz PDF-a"}}, {"type": "Feature", "geometry": {"type": "Polygon", "coordinates": [[[16.4988949, 43.5237636], [16.4989211, 43.5237648], [16.4989164, 43.5237564], [16.4988949, 43.5237636]]]}, "properties": {"tema": "granica", "opis": "Granica obuhvata plana", "cad_sloj": "TPS_A001_Granica obuhvata", "list": "0_Granica obuhvata_ID_DPU_DRACEVAC", "plan": "DPU radne zone Dračevac", "izvor": "DPU radne zone Dračevac (split.hr), vektorizirano iz PDF-a"}}, {"type": "Feature", "geometry": {"type": "Polygon", "coordinates": [[[16.498932, 43.5237609], [16.4989268, 43.523753], [16.4989535, 43.5237541], [16.498932, 43.5237609]]]}, "properties": {"tema": "granica", "opis": "Granica obuhvata plana", "cad_sloj": "TPS_A001_Granica obuhvata", "list": "0_Granica obuhvata_ID_DPU_DRACEVAC", "plan": "DPU radne zone Dračevac", "izvor": "DPU radne zone Dračevac (split.hr), vektorizirano iz PDF-a"}}, {"type": "Feature", "geometry": {"type": "Polygon", "coordinates": [[[16.4989268, 43.523753], [16.4989535, 43.5237541], [16.4989483, 43.5237457], [16.4989268, 43.523753]]]}, "properties": {"tema": "granica", "opis": "Granica obuhvata plana", "cad_sloj": "TPS_A001_Granica obuhvata", "list": "0_Granica obuhvata_ID_DPU_DRACEVAC", "plan": "DPU radne zone Dračevac", "izvor": "DPU radne zone Dračevac (split.hr), vektorizirano iz PDF-a"}}, {"type": "Feature", "geometry": {"type": "Polygon", "coordinates": [[[16.498964, 43.5237507], [16.4989587, 43.5237423], [16.4989854, 43.5237434], [16.498964, 43.5237507]]]}, "properties": {"tema": "granica", "opis": "Granica obuhvata plana", "cad_sloj": "TPS_A001_Granica obuhvata", "list": "0_Granica obuhvata_ID_DPU_DRACEVAC", "plan": "DPU radne zone Dračevac", "izvor": "DPU radne zone Dračevac (split.hr), vektorizirano iz PDF-a"}}, {"type": "Feature", "geometry": {"type": "Polygon", "coordinates": [[[16.4989587, 43.5237423], [16.4989854, 43.5237434], [16.4989802, 43.5237354], [16.4989587, 43.5237423]]]}, "properties": {"tema": "granica", "opis": "Granica obuhvata plana", "cad_sloj": "TPS_A001_Granica obuhvata", "list": "0_Granica obuhvata_ID_DPU_DRACEVAC", "plan": "DPU radne zone Dračevac", "izvor": "DPU radne zone Dračevac (split.hr), vektorizirano iz PDF-a"}}, {"type": "Feature", "geometry": {"type": "Polygon", "coordinates": [[[16.4989959, 43.52374], [16.4989912, 43.5237316], [16.4990173, 43.5237328], [16.4989959, 43.52374]]]}, "properties": {"tema": "granica", "opis": "Granica obuhvata plana", "cad_sloj": "TPS_A001_Granica obuhvata", "list": "0_Granica obuhvata_ID_DPU_DRACEVAC", "plan": "DPU radne zone Dračevac", "izvor": "DPU radne zone Dračevac (split.hr), vektorizirano iz PDF-a"}}, {"type": "Feature", "geometry": {"type": "Polygon", "coordinates": [[[16.4989912, 43.5237316], [16.4990173, 43.5237328], [16.4990126, 43.5237248], [16.4989912, 43.5237316]]]}, "properties": {"tema": "granica", "opis": "Granica obuhvata plana", "cad_sloj": "TPS_A001_Granica obuhvata", "list": "0_Granica obuhvata_ID_DPU_DRACEVAC", "plan": "DPU radne zone Dračevac", "izvor": "DPU radne zone Dračevac (split.hr), vektorizirano iz PDF-a"}}, {"type": "Feature", "geometry": {"type": "Polygon", "coordinates": [[[16.4990283, 43.5237294], [16.4990231, 43.523721], [16.4990497, 43.5237221], [16.4990283, 43.5237294]]]}, "properties": {"tema": "granica", "opis": "Granica obuhvata plana", "cad_sloj": "TPS_A001_Granica obuhvata", "list": "0_Granica obuhvata_ID_DPU_DRACEVAC", "plan": "DPU radne zone Dračevac", "izvor": "DPU radne zone Dračevac (split.hr), vektorizirano iz PDF-a"}}, {"type": "Feature", "geometry": {"type": "Polygon", "coordinates": [[[16.4990231, 43.523721], [16.4990497, 43.5237221], [16.4990445, 43.5237141], [16.4990231, 43.523721]]]}, "properties": {"tema": "granica", "opis": "Granica obuhvata plana", "cad_sloj": "TPS_A001_Granica obuhvata", "list": "0_Granica obuhvata_ID_DPU_DRACEVAC", "plan": "DPU radne zone Dračevac", "izvor": "DPU radne zone Dračevac (split.hr), vektorizirano iz PDF-a"}}, {"type": "Feature", "geometry": {"type": "Polygon", "coordinates": [[[16.4990602, 43.5237187], [16.4990555, 43.5237107], [16.4990816, 43.5237118], [16.4990602, 43.5237187]]]}, "properties": {"tema": "granica", "opis": "Granica obuhvata plana", "cad_sloj": "TPS_A001_Granica obuhvata", "list": "0_Granica obuhvata_ID_DPU_DRACEVAC", "plan": "DPU radne zone Dračevac", "izvor": "DPU radne zone Dračevac (split.hr), vektorizirano iz PDF-a"}}, {"type": "Feature", "geometry": {"type": "Polygon", "coordinates": [[[16.4990555, 43.5237107], [16.4990816, 43.5237118], [16.4990764, 43.5237035], [16.4990555, 43.5237107]]]}, "properties": {"tema": "granica", "opis": "Granica obuhvata plana", "cad_sloj": "TPS_A001_Granica obuhvata", "list": "0_Granica obuhvata_ID_DPU_DRACEVAC", "plan": "DPU radne zone Dračevac", "izvor": "DPU radne zone Dračevac (split.hr), vektorizirano iz PDF-a"}}, {"type": "Feature", "geometry": {"type": "Polygon", "coordinates": [[[16.4990926, 43.523708], [16.4990874, 43.5237], [16.4991141, 43.5237012], [16.4990926, 43.523708]]]}, "properties": {"tema": "granica", "opis": "Granica obuhvata plana", "cad_sloj": "TPS_A001_Granica obuhvata", "list": "0_Granica obuhvata_ID_DPU_DRACEVAC", "plan": "DPU radne zone Dračevac", "izvor": "DPU radne zone Dračevac (split.hr), vektorizirano iz PDF-a"}}, {"type": "Feature", "geometry": {"type": "Polygon", "coordinates": [[[16.4990874, 43.5237], [16.4991141, 43.5237012], [16.4991088, 43.5236928], [16.4990874, 43.5237]]]}, "properties": {"tema": "granica", "opis": "Granica obuhvata plana", "cad_sloj": "TPS_A001_Granica obuhvata", "list": "0_Granica obuhvata_ID_DPU_DRACEVAC", "plan": "DPU radne zone Dračevac", "izvor": "DPU radne zone Dračevac (split.hr), vektorizirano iz PDF-a"}}, {"type": "Feature", "geometry": {"type": "Polygon", "coordinates": [[[16.4991245, 43.5236974], [16.4991193, 43.5236894], [16.4991455, 43.5236905], [16.4991245, 43.5236974]]]}, "properties": {"tema": "granica", "opis": "Granica obuhvata plana", "cad_sloj": "TPS_A001_Granica obuhvata", "list": "0_Granica obuhvata_ID_DPU_DRACEVAC", "plan": "DPU radne zone Dračevac", "izvor": "DPU radne zone Dračevac (split.hr), vektorizirano iz PDF-a"}}, {"type": "Feature", "geometry": {"type": "Polygon", "coordinates": [[[16.4991193, 43.5236894], [16.4991455, 43.5236905], [16.4991402, 43.5236825], [16.4991193, 43.5236894]]]}, "properties": {"tema": "granica", "opis": "Granica obuhvata plana", "cad_sloj": "TPS_A001_Granica obuhvata", "list": "0_Granica obuhvata_ID_DPU_DRACEVAC", "plan": "DPU radne zone Dračevac", "izvor": "DPU radne zone Dračevac (split.hr), vektorizirano iz PDF-a"}}, {"type": "Feature", "geometry": {"type": "Polygon", "coordinates": [[[16.4991413, 43.5236962], [16.4991528, 43.5236936], [16.4991486, 43.5237126], [16.4991413, 43.5236962]]]}, "properties": {"tema": "granica", "opis": "Granica obuhvata plana", "cad_sloj": "TPS_A001_Granica obuhvata", "list": "0_Granica obuhvata_ID_DPU_DRACEVAC", "plan": "DPU radne zone Dračevac", "izvor": "DPU radne zone Dračevac (split.hr), vektorizirano iz PDF-a"}}, {"type": "Feature", "geometry": {"type": "Polygon", "coordinates": [[[16.4991528, 43.5236936], [16.4991486, 43.5237126], [16.4991606, 43.5237096], [16.4991528, 43.5236936]]]}, "properties": {"tema": "granica", "opis": "Granica obuhvata plana", "cad_sloj": "TPS_A001_Granica obuhvata", "list": "0_Granica obuhvata_ID_DPU_DRACEVAC", "plan": "DPU radne zone Dračevac", "izvor": "DPU radne zone Dračevac (split.hr), vektorizirano iz PDF-a"}}, {"type": "Feature", "geometry": {"type": "Polygon", "coordinates": [[[16.4991528, 43.5237206], [16.4991643, 43.5237179], [16.4991601, 43.523737], [16.4991528, 43.5237206]]]}, "properties": {"tema": "granica", "opis": "Granica obuhvata plana", "cad_sloj": "TPS_A001_Granica obuhvata", "list": "0_Granica obuhvata_ID_DPU_DRACEVAC", "plan": "DPU radne zone Dračevac", "izvor": "DPU radne zone Dračevac (split.hr), vektorizirano iz PDF-a"}}, {"type": "Feature", "geometry": {"type": "Polygon", "coordinates": [[[16.4991643, 43.5237179], [16.4991601, 43.523737], [16.4991716, 43.5237339], [16.4991643, 43.5237179]]]}, "properties": {"tema": "granica", "opis": "Granica obuhvata plana", "cad_sloj": "TPS_A001_Granica obuhvata", "list": "0_Granica obuhvata_ID_DPU_DRACEVAC", "plan": "DPU radne zone Dračevac", "izvor": "DPU radne zone Dračevac (split.hr), vektorizirano iz PDF-a"}}, {"type": "Feature", "geometry": {"type": "Polygon", "coordinates": [[[16.4991638, 43.523745], [16.4991758, 43.5237419], [16.4991716, 43.5237609], [16.4991638, 43.523745]]]}, "properties": {"tema": "granica", "opis": "Granica obuhvata plana", "cad_sloj": "TPS_A001_Granica obuhvata", "list": "0_Granica obuhvata_ID_DPU_DRACEVAC", "plan": "DPU radne zone Dračevac", "izvor": "DPU radne zone Dračevac (split.hr), vektorizirano iz PDF-a"}}, {"type": "Feature", "geometry": {"type": "Polygon", "coordinates": [[[16.4991758, 43.5237419], [16.4991716, 43.5237609], [16.4991831, 43.5237583], [16.4991758, 43.5237419]]]}, "properties": {"tema": "granica", "opis": "Granica obuhvata plana", "cad_sloj": "TPS_A001_Granica obuhvata", "list": "0_Granica obuhvata_ID_DPU_DRACEVAC", "plan": "DPU radne zone Dračevac", "izvor": "DPU radne zone Dračevac (split.hr), vektorizirano iz PDF-a"}}, {"type": "Feature", "geometry": {"type": "Polygon", "coordinates": [[[16.4991753, 43.5237693], [16.4991873, 43.5237663], [16.4991831, 43.5237853], [16.4991753, 43.5237693]]]}, "properties": {"tema": "granica", "opis": "Granica obuhvata plana", "cad_sloj": "TPS_A001_Granica obuhvata", "list": "0_Granica obuhvata_ID_DPU_DRACEVAC", "plan": "DPU radne zone Dračevac", "izvor": "DPU radne zone Dračevac (split.hr), vektorizirano iz PDF-a"}}, {"type": "Feature", "geometry": {"type": "Polygon", "coordinates": [[[16.4991873, 43.5237663], [16.4991831, 43.5237853], [16.4991946, 43.5237826], [16.4991873, 43.5237663]]]}, "properties": {"tema": "granica", "opis": "Granica obuhvata plana", "cad_sloj": "TPS_A001_Granica obuhvata", "list": "0_Granica obuhvata_ID_DPU_DRACEVAC", "plan": "DPU radne zone Dračevac", "izvor": "DPU radne zone Dračevac (split.hr), vektorizirano iz PDF-a"}}, {"type": "Feature", "geometry": {"type": "Polygon", "coordinates": [[[16.4991868, 43.5237937], [16.4991983, 43.5237906], [16.4991946, 43.5238097], [16.4991868, 43.5237937]]]}, "properties": {"tema": "granica", "opis": "Granica obuhvata plana", "cad_sloj": "TPS_A001_Granica obuhvata", "list": "0_Granica obuhvata_ID_DPU_DRACEVAC", "plan": "DPU radne zone Dračevac", "izvor": "DPU radne zone Dračevac (split.hr), vektorizirano iz PDF-a"}}, {"type": "Feature", "geometry": {"type": "Polygon", "coordinates": [[[16.4991983, 43.5237906], [16.4991946, 43.5238097], [16.4992061, 43.5238066], [16.4991983, 43.5237906]]]}, "properties": {"tema": "granica", "opis": "Granica obuhvata plana", "cad_sloj": "TPS_A001_Granica obuhvata", "list": "0_Granica obuhvata_ID_DPU_DRACEVAC", "plan": "DPU radne zone Dračevac", "izvor": "DPU radne zone Dračevac (split.hr), vektorizirano iz PDF-a"}}, {"type": "Feature", "geometry": {"type": "Polygon", "coordinates": [[[16.4991983, 43.5238177], [16.4992098, 43.523815], [16.4992061, 43.523834], [16.4991983, 43.5238177]]]}, "properties": {"tema": "granica", "opis": "Granica obuhvata plana", "cad_sloj": "TPS_A001_Granica obuhvata", "list": "0_Granica obuhvata_ID_DPU_DRACEVAC", "plan": "DPU radne zone Dračevac", "izvor": "DPU radne zone Dračevac (split.hr), vektorizirano iz PDF-a"}}, {"type": "Feature", "geometry": {"type": "Polygon", "coordinates": [[[16.4992098, 43.523815], [16.4992061, 43.523834], [16.4992176, 43.523831], [16.4992098, 43.523815]]]}, "properties": {"tema": "granica", "opis": "Granica obuhvata plana", "cad_sloj": "TPS_A001_Granica obuhvata", "list": "0_Granica obuhvata_ID_DPU_DRACEVAC", "plan": "DPU radne zone Dračevac", "izvor": "DPU radne zone Dračevac (split.hr), vektorizirano iz PDF-a"}}, {"type": "Feature", "geometry": {"type": "Polygon", "coordinates": [[[16.4992098, 43.523842], [16.4992213, 43.523839], [16.4992171, 43.5238584], [16.4992098, 43.523842]]]}, "properties": {"tema": "granica", "opis": "Granica obuhvata plana", "cad_sloj": "TPS_A001_Granica obuhvata", "list": "0_Granica obuhvata_ID_DPU_DRACEVAC", "plan": "DPU radne zone Dračevac", "izvor": "DPU radne zone Dračevac (split.hr), vektorizirano iz PDF-a"}}, {"type": "Feature", "geometry": {"type": "Polygon", "coordinates": [[[16.4992213, 43.523839], [16.4992171, 43.5238584], [16.4992292, 43.5238553], [16.4992213, 43.523839]]]}, "properties": {"tema": "granica", "opis": "Granica obuhvata plana", "cad_sloj": "TPS_A001_Granica obuhvata", "list": "0_Granica obuhvata_ID_DPU_DRACEVAC", "plan": "DPU radne zone Dračevac", "izvor": "DPU radne zone Dračevac (split.hr), vektorizirano iz PDF-a"}}, {"type": "Feature", "geometry": {"type": "Polygon", "coordinates": [[[16.4992208, 43.5238664], [16.4992323, 43.5238637], [16.4992271, 43.5238827], [16.4992208, 43.5238664]]]}, "properties": {"tema": "granica", "opis": "Granica obuhvata plana", "cad_sloj": "TPS_A001_Granica obuhvata", "list": "0_Granica obuhvata_ID_DPU_DRACEVAC", "plan": "DPU radne zone Dračevac", "izvor": "DPU radne zone Dračevac (split.hr), vektorizirano iz PDF-a"}}, {"type": "Feature", "geometry": {"type": "Polygon", "coordinates": [[[16.4992323, 43.5238637], [16.4992271, 43.5238827], [16.4992391, 43.5238801], [16.4992323, 43.5238637]]]}, "properties": {"tema": "granica", "opis": "Granica obuhvata plana", "cad_sloj": "TPS_A001_Granica obuhvata", "list": "0_Granica obuhvata_ID_DPU_DRACEVAC", "plan": "DPU radne zone Dračevac", "izvor": "DPU radne zone Dračevac (split.hr), vektorizirano iz PDF-a"}}, {"type": "Feature", "geometry": {"type": "Polygon", "coordinates": [[[16.4992302, 43.5238907], [16.4992422, 43.5238885], [16.4992365, 43.5239075], [16.4992302, 43.5238907]]]}, "properties": {"tema": "granica", "opis": "Granica obuhvata plana", "cad_sloj": "TPS_A001_Granica obuhvata", "list": "0_Granica obuhvata_ID_DPU_DRACEVAC", "plan": "DPU radne zone Dračevac", "izvor": "DPU radne zone Dračevac (split.hr), vektorizirano iz PDF-a"}}, {"type": "Feature", "geometry": {"type": "Polygon", "coordinates": [[[16.4992422, 43.5238885], [16.4992365, 43.5239075], [16.4992485, 43.5239048], [16.4992422, 43.5238885]]]}, "properties": {"tema": "granica", "opis": "Granica obuhvata plana", "cad_sloj": "TPS_A001_Granica obuhvata", "list": "0_Granica obuhvata_ID_DPU_DRACEVAC", "plan": "DPU radne zone Dračevac", "izvor": "DPU radne zone Dračevac (split.hr), vektorizirano iz PDF-a"}}, {"type": "Feature", "geometry": {"type": "Polygon", "coordinates": [[[16.4992401, 43.5239155], [16.4992516, 43.5239132], [16.4992464, 43.5239318], [16.4992401, 43.5239155]]]}, "properties": {"tema": "granica", "opis": "Granica obuhvata plana", "cad_sloj": "TPS_A001_Granica obuhvata", "list": "0_Granica obuhvata_ID_DPU_DRACEVAC", "plan": "DPU radne zone Dračevac", "izvor": "DPU radne zone Dračevac (split.hr), vektorizirano iz PDF-a"}}, {"type": "Feature", "geometry": {"type": "Polygon", "coordinates": [[[16.4992516, 43.5239132], [16.4992464, 43.5239318], [16.4992584, 43.5239296], [16.4992516, 43.5239132]]]}, "properties": {"tema": "granica", "opis": "Granica obuhvata plana", "cad_sloj": "TPS_A001_Granica obuhvata", "list": "0_Granica obuhvata_ID_DPU_DRACEVAC", "plan": "DPU radne zone Dračevac", "izvor": "DPU radne zone Dračevac (split.hr), vektorizirano iz PDF-a"}}, {"type": "Feature", "geometry": {"type": "Polygon", "coordinates": [[[16.4992496, 43.5239402], [16.4992616, 43.5239379], [16.4992558, 43.5239566], [16.4992496, 43.5239402]]]}, "properties": {"tema": "granica", "opis": "Granica obuhvata plana", "cad_sloj": "TPS_A001_Granica obuhvata", "list": "0_Granica obuhvata_ID_DPU_DRACEVAC", "plan": "DPU radne zone Dračevac", "izvor": "DPU radne zone Dračevac (split.hr), vektorizirano iz PDF-a"}}, {"type": "Feature", "geometry": {"type": "Polygon", "coordinates": [[[16.4992616, 43.5239379], [16.4992558, 43.5239566], [16.4992679, 43.5239543], [16.4992616, 43.5239379]]]}, "properties": {"tema": "granica", "opis": "Granica obuhvata plana", "cad_sloj": "TPS_A001_Granica obuhvata", "list": "0_Granica obuhvata_ID_DPU_DRACEVAC", "plan": "DPU radne zone Dračevac", "izvor": "DPU radne zone Dračevac (split.hr), vektorizirano iz PDF-a"}}, {"type": "Feature", "geometry": {"type": "Polygon", "coordinates": [[[16.499259, 43.523965], [16.499271, 43.5239623], [16.4992621, 43.5239726], [16.499259, 43.523965]]]}, "properties": {"tema": "granica", "opis": "Granica obuhvata plana", "cad_sloj": "TPS_A001_Granica obuhvata", "list": "0_Granica obuhvata_ID_DPU_DRACEVAC", "plan": "DPU radne zone Dračevac", "izvor": "DPU radne zone Dračevac (split.hr), vektorizirano iz PDF-a"}}, {"type": "Feature", "geometry": {"type": "Polygon", "coordinates": [[[16.499271, 43.5239623], [16.4992621, 43.5239726], [16.4992741, 43.5239703], [16.499271, 43.5239623]]]}, "properties": {"tema": "granica", "opis": "Granica obuhvata plana", "cad_sloj": "TPS_A001_Granica obuhvata", "list": "0_Granica obuhvata_ID_DPU_DRACEVAC", "plan": "DPU radne zone Dračevac", "izvor": "DPU radne zone Dračevac (split.hr), vektorizirano iz PDF-a"}}, {"type": "Feature", "geometry": {"type": "Polygon", "coordinates": [[[16.4992621, 43.5239726], [16.4992741, 43.5239703], [16.4992658, 43.5239813], [16.4992621, 43.5239726]]]}, "properties": {"tema": "granica", "opis": "Granica obuhvata plana", "cad_sloj": "TPS_A001_Granica obuhvata", "list": "0_Granica obuhvata_ID_DPU_DRACEVAC", "plan": "DPU radne zone Dračevac", "izvor": "DPU radne zone Dračevac (split.hr), vektorizirano iz PDF-a"}}, {"type": "Feature", "geometry": {"type": "Polygon", "coordinates": [[[16.4992741, 43.5239703], [16.4992658, 43.5239813], [16.4992778, 43.5239787], [16.4992741, 43.5239703]]]}, "properties": {"tema": "granica", "opis": "Granica obuhvata plana", "cad_sloj": "TPS_A001_Granica obuhvata", "list": "0_Granica obuhvata_ID_DPU_DRACEVAC", "plan": "DPU radne zone Dračevac", "izvor": "DPU radne zone Dračevac (split.hr), vektorizirano iz PDF-a"}}, {"type": "Feature", "geometry": {"type": "Polygon", "coordinates": [[[16.4992689, 43.5239897], [16.4992809, 43.523987], [16.4992757, 43.5240061], [16.4992689, 43.5239897]]]}, "properties": {"tema": "granica", "opis": "Granica obuhvata plana", "cad_sloj": "TPS_A001_Granica obuhvata", "list": "0_Granica obuhvata_ID_DPU_DRACEVAC", "plan": "DPU radne zone Dračevac", "izvor": "DPU radne zone Dračevac (split.hr), vektorizirano iz PDF-a"}}, {"type": "Feature", "geometry": {"type": "Polygon", "coordinates": [[[16.4992809, 43.523987], [16.4992757, 43.5240061], [16.4992872, 43.5240034], [16.4992809, 43.523987]]]}, "properties": {"tema": "granica", "opis": "Granica obuhvata plana", "cad_sloj": "TPS_A001_Granica obuhvata", "list": "0_Granica obuhvata_ID_DPU_DRACEVAC", "plan": "DPU radne zone Dračevac", "izvor": "DPU radne zone Dračevac (split.hr), vektorizirano iz PDF-a"}}, {"type": "Feature", "geometry": {"type": "Polygon", "coordinates": [[[16.4992788, 43.5240141], [16.4992904, 43.5240118], [16.4992851, 43.5240308], [16.4992788, 43.5240141]]]}, "properties": {"tema": "granica", "opis": "Granica obuhvata plana", "cad_sloj": "TPS_A001_Granica obuhvata", "list": "0_Granica obuhvata_ID_DPU_DRACEVAC", "plan": "DPU radne zone Dračevac", "izvor": "DPU radne zone Dračevac (split.hr), vektorizirano iz PDF-a"}}, {"type": "Feature", "geometry": {"type": "Polygon", "coordinates": [[[16.4992904, 43.5240118], [16.4992851, 43.5240308], [16.4992972, 43.5240281], [16.4992904, 43.5240118]]]}, "properties": {"tema": "granica", "opis": "Granica obuhvata plana", "cad_sloj": "TPS_A001_Granica obuhvata", "list": "0_Granica obuhvata_ID_DPU_DRACEVAC", "plan": "DPU radne zone Dračevac", "izvor": "DPU radne zone Dračevac (split.hr), vektorizirano iz PDF-a"}}, {"type": "Feature", "geometry": {"type": "Polygon", "coordinates": [[[16.4992888, 43.5240388], [16.4993003, 43.5240365], [16.4992951, 43.5240552], [16.4992888, 43.5240388]]]}, "properties": {"tema": "granica", "opis": "Granica obuhvata plana", "cad_sloj": "TPS_A001_Granica obuhvata", "list": "0_Granica obuhvata_ID_DPU_DRACEVAC", "plan": "DPU radne zone Dračevac", "izvor": "DPU radne zone Dračevac (split.hr), vektorizirano iz PDF-a"}}, {"type": "Feature", "geometry": {"type": "Polygon", "coordinates": [[[16.4993003, 43.5240365], [16.4992951, 43.5240552], [16.4993071, 43.5240529], [16.4993003, 43.5240365]]]}, "properties": {"tema": "granica", "opis": "Granica obuhvata plana", "cad_sloj": "TPS_A001_Granica obuhvata", "list": "0_Granica obuhvata_ID_DPU_DRACEVAC", "plan": "DPU radne zone Dračevac", "izvor": "DPU radne zone Dračevac (split.hr), vektorizirano iz PDF-a"}}, {"type": "Feature", "geometry": {"type": "Polygon", "coordinates": [[[16.4992982, 43.5240635], [16.4993102, 43.5240609], [16.499305, 43.5240799], [16.4992982, 43.5240635]]]}, "properties": {"tema": "granica", "opis": "Granica obuhvata plana", "cad_sloj": "TPS_A001_Granica obuhvata", "list": "0_Granica obuhvata_ID_DPU_DRACEVAC", "plan": "DPU radne zone Dračevac", "izvor": "DPU radne zone Dračevac (split.hr), vektorizirano iz PDF-a"}}, {"type": "Feature", "geometry": {"type": "Polygon", "coordinates": [[[16.4993102, 43.5240609], [16.499305, 43.5240799], [16.4993165, 43.5240776], [16.4993102, 43.5240609]]]}, "properties": {"tema": "granica", "opis": "Granica obuhvata plana", "cad_sloj": "TPS_A001_Granica obuhvata", "list": "0_Granica obuhvata_ID_DPU_DRACEVAC", "plan": "DPU radne zone Dračevac", "izvor": "DPU radne zone Dračevac (split.hr), vektorizirano iz PDF-a"}}, {"type": "Feature", "geometry": {"type": "Polygon", "coordinates": [[[16.4993081, 43.5240883], [16.4993202, 43.5240856], [16.4993144, 43.5241047], [16.4993081, 43.5240883]]]}, "properties": {"tema": "granica", "opis": "Granica obuhvata plana", "cad_sloj": "TPS_A001_Granica obuhvata", "list": "0_Granica obuhvata_ID_DPU_DRACEVAC", "plan": "DPU radne zone Dračevac", "izvor": "DPU radne zone Dračevac (split.hr), vektorizirano iz PDF-a"}}, {"type": "Feature", "geometry": {"type": "Polygon", "coordinates": [[[16.4993202, 43.5240856], [16.4993144, 43.5241047], [16.4993264, 43.524102], [16.4993202, 43.5240856]]]}, "properties": {"tema": "granica", "opis": "Granica obuhvata plana", "cad_sloj": "TPS_A001_Granica obuhvata", "list": "0_Granica obuhvata_ID_DPU_DRACEVAC", "plan": "DPU radne zone Dračevac", "izvor": "DPU radne zone Dračevac (split.hr), vektorizirano iz PDF-a"}}, {"type": "Feature", "geometry": {"type": "Polygon", "coordinates": [[[16.4993181, 43.5241126], [16.4993296, 43.5241104], [16.4993244, 43.5241294], [16.4993181, 43.5241126]]]}, "properties": {"tema": "granica", "opis": "Granica obuhvata plana", "cad_sloj": "TPS_A001_Granica obuhvata", "list": "0_Granica obuhvata_ID_DPU_DRACEVAC", "plan": "DPU radne zone Dračevac", "izvor": "DPU radne zone Dračevac (split.hr), vektorizirano iz PDF-a"}}, {"type": "Feature", "geometry": {"type": "Polygon", "coordinates": [[[16.4993296, 43.5241104], [16.4993244, 43.5241294], [16.4993364, 43.5241267], [16.4993296, 43.5241104]]]}, "properties": {"tema": "granica", "opis": "Granica obuhvata plana", "cad_sloj": "TPS_A001_Granica obuhvata", "list": "0_Granica obuhvata_ID_DPU_DRACEVAC", "plan": "DPU radne zone Dračevac", "izvor": "DPU radne zone Dračevac (split.hr), vektorizirano iz PDF-a"}}, {"type": "Feature", "geometry": {"type": "Polygon", "coordinates": [[[16.4993275, 43.5241374], [16.4993395, 43.5241351], [16.4993343, 43.5241538], [16.4993275, 43.5241374]]]}, "properties": {"tema": "granica", "opis": "Granica obuhvata plana", "cad_sloj": "TPS_A001_Granica obuhvata", "list": "0_Granica obuhvata_ID_DPU_DRACEVAC", "plan": "DPU radne zone Dračevac", "izvor": "DPU radne zone Dračevac (split.hr), vektorizirano iz PDF-a"}}, {"type": "Feature", "geometry": {"type": "Polygon", "coordinates": [[[16.4993395, 43.5241351], [16.4993343, 43.5241538], [16.4993458, 43.5241515], [16.4993395, 43.5241351]]]}, "properties": {"tema": "granica", "opis": "Granica obuhvata plana", "cad_sloj": "TPS_A001_Granica obuhvata", "list": "0_Granica obuhvata_ID_DPU_DRACEVAC", "plan": "DPU radne zone Dračevac", "izvor": "DPU radne zone Dračevac (split.hr), vektorizirano iz PDF-a"}}, {"type": "Feature", "geometry": {"type": "Polygon", "coordinates": [[[16.4993374, 43.5241621], [16.4993495, 43.5241595], [16.4993437, 43.5241785], [16.4993374, 43.5241621]]]}, "properties": {"tema": "granica", "opis": "Granica obuhvata plana", "cad_sloj": "TPS_A001_Granica obuhvata", "list": "0_Granica obuhvata_ID_DPU_DRACEVAC", "plan": "DPU radne zone Dračevac", "izvor": "DPU radne zone Dračevac (split.hr), vektorizirano iz PDF-a"}}, {"type": "Feature", "geometry": {"type": "Polygon", "coordinates": [[[16.4993495, 43.5241595], [16.4993437, 43.5241785], [16.4993557, 43.5241762], [16.4993495, 43.5241595]]]}, "properties": {"tema": "granica", "opis": "Granica obuhvata plana", "cad_sloj": "TPS_A001_Granica obuhvata", "list": "0_Granica obuhvata_ID_DPU_DRACEVAC", "plan": "DPU radne zone Dračevac", "izvor": "DPU radne zone Dračevac (split.hr), vektorizirano iz PDF-a"}}, {"type": "Feature", "geometry": {"type": "Polygon", "coordinates": [[[16.4993474, 43.5241869], [16.4993589, 43.5241842], [16.4993536, 43.5242032], [16.4993474, 43.5241869]]]}, "properties": {"tema": "granica", "opis": "Granica obuhvata plana", "cad_sloj": "TPS_A001_Granica obuhvata", "list": "0_Granica obuhvata_ID_DPU_DRACEVAC", "plan": "DPU radne zone Dračevac", "izvor": "DPU radne zone Dračevac (split.hr), vektorizirano iz PDF-a"}}, {"type": "Feature", "geometry": {"type": "Polygon", "coordinates": [[[16.4993589, 43.5241842], [16.4993536, 43.5242032], [16.4993657, 43.5242006], [16.4993589, 43.5241842]]]}, "properties": {"tema": "granica", "opis": "Granica obuhvata plana", "cad_sloj": "TPS_A001_Granica obuhvata", "list": "0_Granica obuhvata_ID_DPU_DRACEVAC", "plan": "DPU radne zone Dračevac", "izvor": "DPU radne zone Dračevac (split.hr), vektorizirano iz PDF-a"}}, {"type": "Feature", "geometry": {"type": "Polygon", "coordinates": [[[16.4993568, 43.5242112], [16.4993688, 43.5242089], [16.4993636, 43.524228], [16.4993568, 43.5242112]]]}, "properties": {"tema": "granica", "opis": "Granica obuhvata plana", "cad_sloj": "TPS_A001_Granica obuhvata", "list": "0_Granica obuhvata_ID_DPU_DRACEVAC", "plan": "DPU radne zone Dračevac", "izvor": "DPU radne zone Dračevac (split.hr), vektorizirano iz PDF-a"}}, {"type": "Feature", "geometry": {"type": "Polygon", "coordinates": [[[16.4993688, 43.5242089], [16.4993636, 43.524228], [16.4993756, 43.5242253], [16.4993688, 43.5242089]]]}, "properties": {"tema": "granica", "opis": "Granica obuhvata plana", "cad_sloj": "TPS_A001_Granica obuhvata", "list": "0_Granica obuhvata_ID_DPU_DRACEVAC", "plan": "DPU radne zone Dračevac", "izvor": "DPU radne zone Dračevac (split.hr), vektorizirano iz PDF-a"}}, {"type": "Feature", "geometry": {"type": "Polygon", "coordinates": [[[16.4993667, 43.524236], [16.4993788, 43.5242337], [16.4993735, 43.5242523], [16.4993667, 43.524236]]]}, "properties": {"tema": "granica", "opis": "Granica obuhvata plana", "cad_sloj": "TPS_A001_Granica obuhvata", "list": "0_Granica obuhvata_ID_DPU_DRACEVAC", "plan": "DPU radne zone Dračevac", "izvor": "DPU radne zone Dračevac (split.hr), vektorizirano iz PDF-a"}}, {"type": "Feature", "geometry": {"type": "Polygon", "coordinates": [[[16.4993788, 43.5242337], [16.4993735, 43.5242523], [16.499385, 43.5242501], [16.4993788, 43.5242337]]]}, "properties": {"tema": "granica", "opis": "Granica obuhvata plana", "cad_sloj": "TPS_A001_Granica obuhvata", "list": "0_Granica obuhvata_ID_DPU_DRACEVAC", "plan": "DPU radne zone Dračevac", "izvor": "DPU radne zone Dračevac (split.hr), vektorizirano iz PDF-a"}}, {"type": "Feature", "geometry": {"type": "Polygon", "coordinates": [[[16.4993767, 43.5242607], [16.4993882, 43.524258], [16.4993829, 43.5242767], [16.4993767, 43.5242607]]]}, "properties": {"tema": "granica", "opis": "Granica obuhvata plana", "cad_sloj": "TPS_A001_Granica obuhvata", "list": "0_Granica obuhvata_ID_DPU_DRACEVAC", "plan": "DPU radne zone Dračevac", "izvor": "DPU radne zone Dračevac (split.hr), vektorizirano iz PDF-a"}}, {"type": "Feature", "geometry": {"type": "Polygon", "coordinates": [[[16.4993882, 43.524258], [16.4993829, 43.5242767], [16.4993944, 43.524274], [16.4993882, 43.524258]]]}, "properties": {"tema": "granica", "opis": "Granica obuhvata plana", "cad_sloj": "TPS_A001_Granica obuhvata", "list": "0_Granica obuhvata_ID_DPU_DRACEVAC", "plan": "DPU radne zone Dračevac", "izvor": "DPU radne zone Dračevac (split.hr), vektorizirano iz PDF-a"}}, {"type": "Feature", "geometry": {"type": "Polygon", "coordinates": [[[16.4993861, 43.5242854], [16.4993981, 43.5242828], [16.4993929, 43.5243018], [16.4993861, 43.5242854]]]}, "properties": {"tema": "granica", "opis": "Granica obuhvata plana", "cad_sloj": "TPS_A001_Granica obuhvata", "list": "0_Granica obuhvata_ID_DPU_DRACEVAC", "plan": "DPU radne zone Dračevac", "izvor": "DPU radne zone Dračevac (split.hr), vektorizirano iz PDF-a"}}, {"type": "Feature", "geometry": {"type": "Polygon", "coordinates": [[[16.4993981, 43.5242828], [16.4993929, 43.5243018], [16.4994049, 43.5242992], [16.4993981, 43.5242828]]]}, "properties": {"tema": "granica", "opis": "Granica obuhvata plana", "cad_sloj": "TPS_A001_Granica obuhvata", "list": "0_Granica obuhvata_ID_DPU_DRACEVAC", "plan": "DPU radne zone Dračevac", "izvor": "DPU radne zone Dračevac (split.hr), vektorizirano iz PDF-a"}}, {"type": "Feature", "geometry": {"type": "Polygon", "coordinates": [[[16.499396, 43.5243102], [16.499408, 43.5243075], [16.4994028, 43.5243266], [16.499396, 43.5243102]]]}, "properties": {"tema": "granica", "opis": "Granica obuhvata plana", "cad_sloj": "TPS_A001_Granica obuhvata", "list": "0_Granica obuhvata_ID_DPU_DRACEVAC", "plan": "DPU radne zone Dračevac", "izvor": "DPU radne zone Dračevac (split.hr), vektorizirano iz PDF-a"}}, {"type": "Feature", "geometry": {"type": "Polygon", "coordinates": [[[16.499408, 43.5243075], [16.4994028, 43.5243266], [16.4994143, 43.5243239], [16.499408, 43.5243075]]]}, "properties": {"tema": "granica", "opis": "Granica obuhvata plana", "cad_sloj": "TPS_A001_Granica obuhvata", "list": "0_Granica obuhvata_ID_DPU_DRACEVAC", "plan": "DPU radne zone Dračevac", "izvor": "DPU radne zone Dračevac (split.hr), vektorizirano iz PDF-a"}}, {"type": "Feature", "geometry": {"type": "Polygon", "coordinates": [[[16.499406, 43.5243346], [16.499418, 43.5243323], [16.4994122, 43.5243509], [16.499406, 43.5243346]]]}, "properties": {"tema": "granica", "opis": "Granica obuhvata plana", "cad_sloj": "TPS_A001_Granica obuhvata", "list": "0_Granica obuhvata_ID_DPU_DRACEVAC", "plan": "DPU radne zone Dračevac", "izvor": "DPU radne zone Dračevac (split.hr), vektorizirano iz PDF-a"}}, {"type": "Feature", "geometry": {"type": "Polygon", "coordinates": [[[16.499418, 43.5243323], [16.4994122, 43.5243509], [16.4994243, 43.5243486], [16.499418, 43.5243323]]]}, "properties": {"tema": "granica", "opis": "Granica obuhvata plana", "cad_sloj": "TPS_A001_Granica obuhvata", "list": "0_Granica obuhvata_ID_DPU_DRACEVAC", "plan": "DPU radne zone Dračevac", "izvor": "DPU radne zone Dračevac (split.hr), vektorizirano iz PDF-a"}}, {"type": "Feature", "geometry": {"type": "Polygon", "coordinates": [[[16.4994159, 43.5243593], [16.4994274, 43.5243566], [16.4994222, 43.5243757], [16.4994159, 43.5243593]]]}, "properties": {"tema": "granica", "opis": "Granica obuhvata plana", "cad_sloj": "TPS_A001_Granica obuhvata", "list": "0_Granica obuhvata_ID_DPU_DRACEVAC", "plan": "DPU radne zone Dračevac", "izvor": "DPU radne zone Dračevac (split.hr), vektorizirano iz PDF-a"}}, {"type": "Feature", "geometry": {"type": "Polygon", "coordinates": [[[16.4994274, 43.5243566], [16.4994222, 43.5243757], [16.4994342, 43.5243734], [16.4994274, 43.5243566]]]}, "properties": {"tema": "granica", "opis": "Granica obuhvata plana", "cad_sloj": "TPS_A001_Granica obuhvata", "list": "0_Granica obuhvata_ID_DPU_DRACEVAC", "plan": "DPU radne zone Dračevac", "izvor": "DPU radne zone Dračevac (split.hr), vektorizirano iz PDF-a"}}, {"type": "Feature", "geometry": {"type": "Polygon", "coordinates": [[[16.4994253, 43.524384], [16.4994373, 43.5243814], [16.4994321, 43.5244004], [16.4994253, 43.524384]]]}, "properties": {"tema": "granica", "opis": "Granica obuhvata plana", "cad_sloj": "TPS_A001_Granica obuhvata", "list": "0_Granica obuhvata_ID_DPU_DRACEVAC", "plan": "DPU radne zone Dračevac", "izvor": "DPU radne zone Dračevac (split.hr), vektorizirano iz PDF-a"}}, {"type": "Feature", "geometry": {"type": "Polygon", "coordinates": [[[16.4994373, 43.5243814], [16.4994321, 43.5244004], [16.4994441, 43.5243977], [16.4994373, 43.5243814]]]}, "properties": {"tema": "granica", "opis": "Granica obuhvata plana", "cad_sloj": "TPS_A001_Granica obuhvata", "list": "0_Granica obuhvata_ID_DPU_DRACEVAC", "plan": "DPU radne zone Dračevac", "izvor": "DPU radne zone Dračevac (split.hr), vektorizirano iz PDF-a"}}, {"type": "Feature", "geometry": {"type": "Polygon", "coordinates": [[[16.4994352, 43.5244088], [16.4994473, 43.5244061], [16.499442, 43.5244251], [16.4994352, 43.5244088]]]}, "properties": {"tema": "granica", "opis": "Granica obuhvata plana", "cad_sloj": "TPS_A001_Granica obuhvata", "list": "0_Granica obuhvata_ID_DPU_DRACEVAC", "plan": "DPU radne zone Dračevac", "izvor": "DPU radne zone Dračevac (split.hr), vektorizirano iz PDF-a"}}, {"type": "Feature", "geometry": {"type": "Polygon", "coordinates": [[[16.4994473, 43.5244061], [16.499442, 43.5244251], [16.4994536, 43.5244225], [16.4994473, 43.5244061]]]}, "properties": {"tema": "granica", "opis": "Granica obuhvata plana", "cad_sloj": "TPS_A001_Granica obuhvata", "list": "0_Granica obuhvata_ID_DPU_DRACEVAC", "plan": "DPU radne zone Dračevac", "izvor": "DPU radne zone Dračevac (split.hr), vektorizirano iz PDF-a"}}, {"type": "Feature", "geometry": {"type": "Polygon", "coordinates": [[[16.4994452, 43.5244331], [16.4994572, 43.5244308], [16.499452, 43.5244495], [16.4994452, 43.5244331]]]}, "properties": {"tema": "granica", "opis": "Granica obuhvata plana", "cad_sloj": "TPS_A001_Granica obuhvata", "list": "0_Granica obuhvata_ID_DPU_DRACEVAC", "plan": "DPU radne zone Dračevac", "izvor": "DPU radne zone Dračevac (split.hr), vektorizirano iz PDF-a"}}, {"type": "Feature", "geometry": {"type": "Polygon", "coordinates": [[[16.4994572, 43.5244308], [16.499452, 43.5244495], [16.4994635, 43.5244472], [16.4994572, 43.5244308]]]}, "properties": {"tema": "granica", "opis": "Granica obuhvata plana", "cad_sloj": "TPS_A001_Granica obuhvata", "list": "0_Granica obuhvata_ID_DPU_DRACEVAC", "plan": "DPU radne zone Dračevac", "izvor": "DPU radne zone Dračevac (split.hr), vektorizirano iz PDF-a"}}, {"type": "Feature", "geometry": {"type": "Polygon", "coordinates": [[[16.4994551, 43.5244579], [16.4994666, 43.5244552], [16.4994614, 43.5244742], [16.4994551, 43.5244579]]]}, "properties": {"tema": "granica", "opis": "Granica obuhvata plana", "cad_sloj": "TPS_A001_Granica obuhvata", "list": "0_Granica obuhvata_ID_DPU_DRACEVAC", "plan": "DPU radne zone Dračevac", "izvor": "DPU radne zone Dračevac (split.hr), vektorizirano iz PDF-a"}}, {"type": "Feature", "geometry": {"type": "Polygon", "coordinates": [[[16.4994666, 43.5244552], [16.4994614, 43.5244742], [16.4994734, 43.524472], [16.4994666, 43.5244552]]]}, "properties": {"tema": "granica", "opis": "Granica obuhvata plana", "cad_sloj": "TPS_A001_Granica obuhvata", "list": "0_Granica obuhvata_ID_DPU_DRACEVAC", "plan": "DPU radne zone Dračevac", "izvor": "DPU radne zone Dračevac (split.hr), vektorizirano iz PDF-a"}}, {"type": "Feature", "geometry": {"type": "Polygon", "coordinates": [[[16.4994651, 43.5244826], [16.4994766, 43.5244799], [16.4994713, 43.524499], [16.4994651, 43.5244826]]]}, "properties": {"tema": "granica", "opis": "Granica obuhvata plana", "cad_sloj": "TPS_A001_Granica obuhvata", "list": "0_Granica obuhvata_ID_DPU_DRACEVAC", "plan": "DPU radne zone Dračevac", "izvor": "DPU radne zone Dračevac (split.hr), vektorizirano iz PDF-a"}}, {"type": "Feature", "geometry": {"type": "Polygon", "coordinates": [[[16.4994766, 43.5244799], [16.4994713, 43.524499], [16.4994834, 43.5244963], [16.4994766, 43.5244799]]]}, "properties": {"tema": "granica", "opis": "Granica obuhvata plana", "cad_sloj": "TPS_A001_Granica obuhvata", "list": "0_Granica obuhvata_ID_DPU_DRACEVAC", "plan": "DPU radne zone Dračevac", "izvor": "DPU radne zone Dračevac (split.hr), vektorizirano iz PDF-a"}}, {"type": "Feature", "geometry": {"type": "Polygon", "coordinates": [[[16.4994745, 43.5245074], [16.4994865, 43.5245047], [16.4994813, 43.5245237], [16.4994745, 43.5245074]]]}, "properties": {"tema": "granica", "opis": "Granica obuhvata plana", "cad_sloj": "TPS_A001_Granica obuhvata", "list": "0_Granica obuhvata_ID_DPU_DRACEVAC", "plan": "DPU radne zone Dračevac", "izvor": "DPU radne zone Dračevac (split.hr), vektorizirano iz PDF-a"}}, {"type": "Feature", "geometry": {"type": "Polygon", "coordinates": [[[16.4994865, 43.5245047], [16.4994813, 43.5245237], [16.4994928, 43.5245211], [16.4994865, 43.5245047]]]}, "properties": {"tema": "granica", "opis": "Granica obuhvata plana", "cad_sloj": "TPS_A001_Granica obuhvata", "list": "0_Granica obuhvata_ID_DPU_DRACEVAC", "plan": "DPU radne zone Dračevac", "izvor": "DPU radne zone Dračevac (split.hr), vektorizirano iz PDF-a"}}, {"type": "Feature", "geometry": {"type": "Polygon", "coordinates": [[[16.4994844, 43.5245317], [16.4994964, 43.5245294], [16.4994912, 43.5245481], [16.4994844, 43.5245317]]]}, "properties": {"tema": "granica", "opis": "Granica obuhvata plana", "cad_sloj": "TPS_A001_Granica obuhvata", "list": "0_Granica obuhvata_ID_DPU_DRACEVAC", "plan": "DPU radne zone Dračevac", "izvor": "DPU radne zone Dračevac (split.hr), vektorizirano iz PDF-a"}}, {"type": "Feature", "geometry": {"type": "Polygon", "coordinates": [[[16.4994964, 43.5245294], [16.4994912, 43.5245481], [16.4995027, 43.5245458], [16.4994964, 43.5245294]]]}, "properties": {"tema": "granica", "opis": "Granica obuhvata plana", "cad_sloj": "TPS_A001_Granica obuhvata", "list": "0_Granica obuhvata_ID_DPU_DRACEVAC", "plan": "DPU radne zone Dračevac", "izvor": "DPU radne zone Dračevac (split.hr), vektorizirano iz PDF-a"}}, {"type": "Feature", "geometry": {"type": "Polygon", "coordinates": [[[16.4994944, 43.5245565], [16.4995059, 43.5245538], [16.4995006, 43.5245728], [16.4994944, 43.5245565]]]}, "properties": {"tema": "granica", "opis": "Granica obuhvata plana", "cad_sloj": "TPS_A001_Granica obuhvata", "list": "0_Granica obuhvata_ID_DPU_DRACEVAC", "plan": "DPU radne zone Dračevac", "izvor": "DPU radne zone Dračevac (split.hr), vektorizirano iz PDF-a"}}, {"type": "Feature", "geometry": {"type": "Polygon", "coordinates": [[[16.4995059, 43.5245538], [16.4995006, 43.5245728], [16.4995127, 43.5245705], [16.4995059, 43.5245538]]]}, "properties": {"tema": "granica", "opis": "Granica obuhvata plana", "cad_sloj": "TPS_A001_Granica obuhvata", "list": "0_Granica obuhvata_ID_DPU_DRACEVAC", "plan": "DPU radne zone Dračevac", "izvor": "DPU radne zone Dračevac (split.hr), vektorizirano iz PDF-a"}}, {"type": "Feature", "geometry": {"type": "Polygon", "coordinates": [[[16.4995043, 43.5245812], [16.4995158, 43.5245785], [16.4995106, 43.5245976], [16.4995043, 43.5245812]]]}, "properties": {"tema": "granica", "opis": "Granica obuhvata plana", "cad_sloj": "TPS_A001_Granica obuhvata", "list": "0_Granica obuhvata_ID_DPU_DRACEVAC", "plan": "DPU radne zone Dračevac", "izvor": "DPU radne zone Dračevac (split.hr), vektorizirano iz PDF-a"}}, {"type": "Feature", "geometry": {"type": "Polygon", "coordinates": [[[16.4995158, 43.5245785], [16.4995106, 43.5245976], [16.4995226, 43.5245949], [16.4995158, 43.5245785]]]}, "properties": {"tema": "granica", "opis": "Granica obuhvata plana", "cad_sloj": "TPS_A001_Granica obuhvata", "list": "0_Granica obuhvata_ID_DPU_DRACEVAC", "plan": "DPU radne zone Dračevac", "izvor": "DPU radne zone Dračevac (split.hr), vektorizirano iz PDF-a"}}, {"type": "Feature", "geometry": {"type": "Polygon", "coordinates": [[[16.4995137, 43.5246056], [16.4995257, 43.5246033], [16.4995184, 43.5246174], [16.4995137, 43.5246056]]]}, "properties": {"tema": "granica", "opis": "Granica obuhvata plana", "cad_sloj": "TPS_A001_Granica obuhvata", "list": "0_Granica obuhvata_ID_DPU_DRACEVAC", "plan": "DPU radne zone Dračevac", "izvor": "DPU radne zone Dračevac (split.hr), vektorizirano iz PDF-a"}}, {"type": "Feature", "geometry": {"type": "Polygon", "coordinates": [[[16.4995257, 43.5246033], [16.4995184, 43.5246174], [16.4995304, 43.5246151], [16.4995257, 43.5246033]]]}, "properties": {"tema": "granica", "opis": "Granica obuhvata plana", "cad_sloj": "TPS_A001_Granica obuhvata", "list": "0_Granica obuhvata_ID_DPU_DRACEVAC", "plan": "DPU radne zone Dračevac", "izvor": "DPU radne zone Dračevac (split.hr), vektorizirano iz PDF-a"}}, {"type": "Feature", "geometry": {"type": "Polygon", "coordinates": [[[16.4995184, 43.5246174], [16.4995304, 43.5246147], [16.4995205, 43.5246223], [16.4995184, 43.5246174]]]}, "properties": {"tema": "granica", "opis": "Granica obuhvata plana", "cad_sloj": "TPS_A001_Granica obuhvata", "list": "0_Granica obuhvata_ID_DPU_DRACEVAC", "plan": "DPU radne zone Dračevac", "izvor": "DPU radne zone Dračevac (split.hr), vektorizirano iz PDF-a"}}, {"type": "Feature", "geometry": {"type": "Polygon", "coordinates": [[[16.4995304, 43.5246147], [16.4995205, 43.5246223], [16.4995325, 43.5246196], [16.4995304, 43.5246147]]]}, "properties": {"tema": "granica", "opis": "Granica obuhvata plana", "cad_sloj": "TPS_A001_Granica obuhvata", "list": "0_Granica obuhvata_ID_DPU_DRACEVAC", "plan": "DPU radne zone Dračevac", "izvor": "DPU radne zone Dračevac (split.hr), vektorizirano iz PDF-a"}}, {"type": "Feature", "geometry": {"type": "Polygon", "coordinates": [[[16.4995236, 43.5246303], [16.4995357, 43.5246276], [16.4995304, 43.5246467], [16.4995236, 43.5246303]]]}, "properties": {"tema": "granica", "opis": "Granica obuhvata plana", "cad_sloj": "TPS_A001_Granica obuhvata", "list": "0_Granica obuhvata_ID_DPU_DRACEVAC", "plan": "DPU radne zone Dračevac", "izvor": "DPU radne zone Dračevac (split.hr), vektorizirano iz PDF-a"}}, {"type": "Feature", "geometry": {"type": "Polygon", "coordinates": [[[16.4995357, 43.5246276], [16.4995304, 43.5246467], [16.4995425, 43.5246444], [16.4995357, 43.5246276]]]}, "properties": {"tema": "granica", "opis": "Granica obuhvata plana", "cad_sloj": "TPS_A001_Granica obuhvata", "list": "0_Granica obuhvata_ID_DPU_DRACEVAC", "plan": "DPU radne zone Dračevac", "izvor": "DPU radne zone Dračevac (split.hr), vektorizirano iz PDF-a"}}, {"type": "Feature", "geometry": {"type": "Polygon", "coordinates": [[[16.4995341, 43.524655], [16.4995456, 43.5246524], [16.4995409, 43.5246714], [16.4995341, 43.524655]]]}, "properties": {"tema": "granica", "opis": "Granica obuhvata plana", "cad_sloj": "TPS_A001_Granica obuhvata", "list": "0_Granica obuhvata_ID_DPU_DRACEVAC", "plan": "DPU radne zone Dračevac", "izvor": "DPU radne zone Dračevac (split.hr), vektorizirano iz PDF-a"}}, {"type": "Feature", "geometry": {"type": "Polygon", "coordinates": [[[16.4995456, 43.5246524], [16.4995409, 43.5246714], [16.4995524, 43.5246687], [16.4995456, 43.5246524]]]}, "properties": {"tema": "granica", "opis": "Granica obuhvata plana", "cad_sloj": "TPS_A001_Granica obuhvata", "list": "0_Granica obuhvata_ID_DPU_DRACEVAC", "plan": "DPU radne zone Dračevac", "izvor": "DPU radne zone Dračevac (split.hr), vektorizirano iz PDF-a"}}, {"type": "Feature", "geometry": {"type": "Polygon", "coordinates": [[[16.499544, 43.5246794], [16.4995561, 43.5246771], [16.4995508, 43.5246958], [16.499544, 43.5246794]]]}, "properties": {"tema": "granica", "opis": "Granica obuhvata plana", "cad_sloj": "TPS_A001_Granica obuhvata", "list": "0_Granica obuhvata_ID_DPU_DRACEVAC", "plan": "DPU radne zone Dračevac", "izvor": "DPU radne zone Dračevac (split.hr), vektorizirano iz PDF-a"}}, {"type": "Feature", "geometry": {"type": "Polygon", "coordinates": [[[16.4995561, 43.5246771], [16.4995508, 43.5246958], [16.4995629, 43.5246935], [16.4995561, 43.5246771]]]}, "properties": {"tema": "granica", "opis": "Granica obuhvata plana", "cad_sloj": "TPS_A001_Granica obuhvata", "list": "0_Granica obuhvata_ID_DPU_DRACEVAC", "plan": "DPU radne zone Dračevac", "izvor": "DPU radne zone Dračevac (split.hr), vektorizirano iz PDF-a"}}, {"type": "Feature", "geometry": {"type": "Polygon", "coordinates": [[[16.499554, 43.5247041], [16.499566, 43.5247015], [16.4995608, 43.5247205], [16.499554, 43.5247041]]]}, "properties": {"tema": "granica", "opis": "Granica obuhvata plana", "cad_sloj": "TPS_A001_Granica obuhvata", "list": "0_Granica obuhvata_ID_DPU_DRACEVAC", "plan": "DPU radne zone Dračevac", "izvor": "DPU radne zone Dračevac (split.hr), vektorizirano iz PDF-a"}}, {"type": "Feature", "geometry": {"type": "Polygon", "coordinates": [[[16.499566, 43.5247015], [16.4995608, 43.5247205], [16.4995728, 43.5247178], [16.499566, 43.5247015]]]}, "properties": {"tema": "granica", "opis": "Granica obuhvata plana", "cad_sloj": "TPS_A001_Granica obuhvata", "list": "0_Granica obuhvata_ID_DPU_DRACEVAC", "plan": "DPU radne zone Dračevac", "izvor": "DPU radne zone Dračevac (split.hr), vektorizirano iz PDF-a"}}, {"type": "Feature", "geometry": {"type": "Polygon", "coordinates": [[[16.4995644, 43.5247289], [16.499576, 43.5247262], [16.4995712, 43.5247452], [16.4995644, 43.5247289]]]}, "properties": {"tema": "granica", "opis": "Granica obuhvata plana", "cad_sloj": "TPS_A001_Granica obuhvata", "list": "0_Granica obuhvata_ID_DPU_DRACEVAC", "plan": "DPU radne zone Dračevac", "izvor": "DPU radne zone Dračevac (split.hr), vektorizirano iz PDF-a"}}, {"type": "Feature", "geometry": {"type": "Polygon", "coordinates": [[[16.499576, 43.5247262], [16.4995712, 43.5247452], [16.4995828, 43.5247426], [16.499576, 43.5247262]]]}, "properties": {"tema": "granica", "opis": "Granica obuhvata plana", "cad_sloj": "TPS_A001_Granica obuhvata", "list": "0_Granica obuhvata_ID_DPU_DRACEVAC", "plan": "DPU radne zone Dračevac", "izvor": "DPU radne zone Dračevac (split.hr), vektorizirano iz PDF-a"}}, {"type": "Feature", "geometry": {"type": "Polygon", "coordinates": [[[16.4995744, 43.5247532], [16.4995864, 43.5247506], [16.4995812, 43.5247696], [16.4995744, 43.5247532]]]}, "properties": {"tema": "granica", "opis": "Granica obuhvata plana", "cad_sloj": "TPS_A001_Granica obuhvata", "list": "0_Granica obuhvata_ID_DPU_DRACEVAC", "plan": "DPU radne zone Dračevac", "izvor": "DPU radne zone Dračevac (split.hr), vektorizirano iz PDF-a"}}, {"type": "Feature", "geometry": {"type": "Polygon", "coordinates": [[[16.4995864, 43.5247506], [16.4995812, 43.5247696], [16.4995932, 43.5247669], [16.4995864, 43.5247506]]]}, "properties": {"tema": "granica", "opis": "Granica obuhvata plana", "cad_sloj": "TPS_A001_Granica obuhvata", "list": "0_Granica obuhvata_ID_DPU_DRACEVAC", "plan": "DPU radne zone Dračevac", "izvor": "DPU radne zone Dračevac (split.hr), vektorizirano iz PDF-a"}}, {"type": "Feature", "geometry": {"type": "Polygon", "coordinates": [[[16.4995848, 43.524778], [16.4995964, 43.5247753], [16.4995911, 43.5247943], [16.4995848, 43.524778]]]}, "properties": {"tema": "granica", "opis": "Granica obuhvata plana", "cad_sloj": "TPS_A001_Granica obuhvata", "list": "0_Granica obuhvata_ID_DPU_DRACEVAC", "plan": "DPU radne zone Dračevac", "izvor": "DPU radne zone Dračevac (split.hr), vektorizirano iz PDF-a"}}, {"type": "Feature", "geometry": {"type": "Polygon", "coordinates": [[[16.4995964, 43.5247753], [16.4995911, 43.5247943], [16.4996032, 43.5247917], [16.4995964, 43.5247753]]]}, "properties": {"tema": "granica", "opis": "Granica obuhvata plana", "cad_sloj": "TPS_A001_Granica obuhvata", "list": "0_Granica obuhvata_ID_DPU_DRACEVAC", "plan": "DPU radne zone Dračevac", "izvor": "DPU radne zone Dračevac (split.hr), vektorizirano iz PDF-a"}}, {"type": "Feature", "geometry": {"type": "Polygon", "coordinates": [[[16.4995948, 43.5248023], [16.4996063, 43.5247997], [16.4996016, 43.5248187], [16.4995948, 43.5248023]]]}, "properties": {"tema": "granica", "opis": "Granica obuhvata plana", "cad_sloj": "TPS_A001_Granica obuhvata", "list": "0_Granica obuhvata_ID_DPU_DRACEVAC", "plan": "DPU radne zone Dračevac", "izvor": "DPU radne zone Dračevac (split.hr), vektorizirano iz PDF-a"}}, {"type": "Feature", "geometry": {"type": "Polygon", "coordinates": [[[16.4996063, 43.5247997], [16.4996016, 43.5248187], [16.4996131, 43.524816], [16.4996063, 43.5247997]]]}, "properties": {"tema": "granica", "opis": "Granica obuhvata plana", "cad_sloj": "TPS_A001_Granica obuhvata", "list": "0_Granica obuhvata_ID_DPU_DRACEVAC", "plan": "DPU radne zone Dračevac", "izvor": "DPU radne zone Dračevac (split.hr), vektorizirano iz PDF-a"}}, {"type": "Feature", "geometry": {"type": "Polygon", "coordinates": [[[16.4996047, 43.5248271], [16.4996168, 43.5248244], [16.4996115, 43.5248434], [16.4996047, 43.5248271]]]}, "properties": {"tema": "granica", "opis": "Granica obuhvata plana", "cad_sloj": "TPS_A001_Granica obuhvata", "list": "0_Granica obuhvata_ID_DPU_DRACEVAC", "plan": "DPU radne zone Dračevac", "izvor": "DPU radne zone Dračevac (split.hr), vektorizirano iz PDF-a"}}, {"type": "Feature", "geometry": {"type": "Polygon", "coordinates": [[[16.4996168, 43.5248244], [16.4996115, 43.5248434], [16.4996236, 43.5248408], [16.4996168, 43.5248244]]]}, "properties": {"tema": "granica", "opis": "Granica obuhvata plana", "cad_sloj": "TPS_A001_Granica obuhvata", "list": "0_Granica obuhvata_ID_DPU_DRACEVAC", "plan": "DPU radne zone Dračevac", "izvor": "DPU radne zone Dračevac (split.hr), vektorizirano iz PDF-a"}}, {"type": "Feature", "geometry": {"type": "Polygon", "coordinates": [[[16.4996152, 43.5248514], [16.4996267, 43.5248492], [16.499622, 43.5248678], [16.4996152, 43.5248514]]]}, "properties": {"tema": "granica", "opis": "Granica obuhvata plana", "cad_sloj": "TPS_A001_Granica obuhvata", "list": "0_Granica obuhvata_ID_DPU_DRACEVAC", "plan": "DPU radne zone Dračevac", "izvor": "DPU radne zone Dračevac (split.hr), vektorizirano iz PDF-a"}}, {"type": "Feature", "geometry": {"type": "Polygon", "coordinates": [[[16.4996267, 43.5248492], [16.499622, 43.5248678], [16.4996335, 43.5248655], [16.4996267, 43.5248492]]]}, "properties": {"tema": "granica", "opis": "Granica obuhvata plana", "cad_sloj": "TPS_A001_Granica obuhvata", "list": "0_Granica obuhvata_ID_DPU_DRACEVAC", "plan": "DPU radne zone Dračevac", "izvor": "DPU radne zone Dračevac (split.hr), vektorizirano iz PDF-a"}}, {"type": "Feature", "geometry": {"type": "Polygon", "coordinates": [[[16.4996251, 43.5248762], [16.4996372, 43.5248735], [16.4996319, 43.5248925], [16.4996251, 43.5248762]]]}, "properties": {"tema": "granica", "opis": "Granica obuhvata plana", "cad_sloj": "TPS_A001_Granica obuhvata", "list": "0_Granica obuhvata_ID_DPU_DRACEVAC", "plan": "DPU radne zone Dračevac", "izvor": "DPU radne zone Dračevac (split.hr), vektorizirano iz PDF-a"}}, {"type": "Feature", "geometry": {"type": "Polygon", "coordinates": [[[16.4996372, 43.5248735], [16.4996319, 43.5248925], [16.4996434, 43.5248899], [16.4996372, 43.5248735]]]}, "properties": {"tema": "granica", "opis": "Granica obuhvata plana", "cad_sloj": "TPS_A001_Granica obuhvata", "list": "0_Granica obuhvata_ID_DPU_DRACEVAC", "plan": "DPU radne zone Dračevac", "izvor": "DPU radne zone Dračevac (split.hr), vektorizirano iz PDF-a"}}, {"type": "Feature", "geometry": {"type": "Polygon", "coordinates": [[[16.4996351, 43.5249005], [16.4996471, 43.5248983], [16.4996419, 43.5249173], [16.4996351, 43.5249005]]]}, "properties": {"tema": "granica", "opis": "Granica obuhvata plana", "cad_sloj": "TPS_A001_Granica obuhvata", "list": "0_Granica obuhvata_ID_DPU_DRACEVAC", "plan": "DPU radne zone Dračevac", "izvor": "DPU radne zone Dračevac (split.hr), vektorizirano iz PDF-a"}}, {"type": "Feature", "geometry": {"type": "Polygon", "coordinates": [[[16.4996471, 43.5248983], [16.4996419, 43.5249173], [16.4996539, 43.5249146], [16.4996471, 43.5248983]]]}, "properties": {"tema": "granica", "opis": "Granica obuhvata plana", "cad_sloj": "TPS_A001_Granica obuhvata", "list": "0_Granica obuhvata_ID_DPU_DRACEVAC", "plan": "DPU radne zone Dračevac", "izvor": "DPU radne zone Dračevac (split.hr), vektorizirano iz PDF-a"}}, {"type": "Feature", "geometry": {"type": "Polygon", "coordinates": [[[16.4996455, 43.5249253], [16.499657, 43.5249226], [16.4996523, 43.5249416], [16.4996455, 43.5249253]]]}, "properties": {"tema": "granica", "opis": "Granica obuhvata plana", "cad_sloj": "TPS_A001_Granica obuhvata", "list": "0_Granica obuhvata_ID_DPU_DRACEVAC", "plan": "DPU radne zone Dračevac", "izvor": "DPU radne zone Dračevac (split.hr), vektorizirano iz PDF-a"}}, {"type": "Feature", "geometry": {"type": "Polygon", "coordinates": [[[16.499657, 43.5249226], [16.4996523, 43.5249416], [16.4996638, 43.524939], [16.499657, 43.5249226]]]}, "properties": {"tema": "granica", "opis": "Granica obuhvata plana", "cad_sloj": "TPS_A001_Granica obuhvata", "list": "0_Granica obuhvata_ID_DPU_DRACEVAC", "plan": "DPU radne zone Dračevac", "izvor": "DPU radne zone Dračevac (split.hr), vektorizirano iz PDF-a"}}, {"type": "Feature", "geometry": {"type": "Polygon", "coordinates": [[[16.4996555, 43.52495], [16.4996675, 43.5249474], [16.4996586, 43.5249573], [16.4996555, 43.52495]]]}, "properties": {"tema": "granica", "opis": "Granica obuhvata plana", "cad_sloj": "TPS_A001_Granica obuhvata", "list": "0_Granica obuhvata_ID_DPU_DRACEVAC", "plan": "DPU radne zone Dračevac", "izvor": "DPU radne zone Dračevac (split.hr), vektorizirano iz PDF-a"}}, {"type": "Feature", "geometry": {"type": "Polygon", "coordinates": [[[16.4996675, 43.5249474], [16.4996586, 43.5249573], [16.4996701, 43.5249546], [16.4996675, 43.5249474]]]}, "properties": {"tema": "granica", "opis": "Granica obuhvata plana", "cad_sloj": "TPS_A001_Granica obuhvata", "list": "0_Granica obuhvata_ID_DPU_DRACEVAC", "plan": "DPU radne zone Dračevac", "izvor": "DPU radne zone Dračevac (split.hr), vektorizirano iz PDF-a"}}, {"type": "Feature", "geometry": {"type": "Polygon", "coordinates": [[[16.4996586, 43.5249573], [16.4996701, 43.5249546], [16.4996623, 43.5249664], [16.4996586, 43.5249573]]]}, "properties": {"tema": "granica", "opis": "Granica obuhvata plana", "cad_sloj": "TPS_A001_Granica obuhvata", "list": "0_Granica obuhvata_ID_DPU_DRACEVAC", "plan": "DPU radne zone Dračevac", "izvor": "DPU radne zone Dračevac (split.hr), vektorizirano iz PDF-a"}}, {"type": "Feature", "geometry": {"type": "Polygon", "coordinates": [[[16.4996701, 43.5249546], [16.4996623, 43.5249664], [16.4996738, 43.5249637], [16.4996701, 43.5249546]]]}, "properties": {"tema": "granica", "opis": "Granica obuhvata plana", "cad_sloj": "TPS_A001_Granica obuhvata", "list": "0_Granica obuhvata_ID_DPU_DRACEVAC", "plan": "DPU radne zone Dračevac", "izvor": "DPU radne zone Dračevac (split.hr), vektorizirano iz PDF-a"}}, {"type": "Feature", "geometry": {"type": "Polygon", "coordinates": [[[16.4996654, 43.5249744], [16.4996774, 43.5249721], [16.4996722, 43.5249907], [16.4996654, 43.5249744]]]}, "properties": {"tema": "granica", "opis": "Granica obuhvata plana", "cad_sloj": "TPS_A001_Granica obuhvata", "list": "0_Granica obuhvata_ID_DPU_DRACEVAC", "plan": "DPU radne zone Dračevac", "izvor": "DPU radne zone Dračevac (split.hr), vektorizirano iz PDF-a"}}, {"type": "Feature", "geometry": {"type": "Polygon", "coordinates": [[[16.4996774, 43.5249721], [16.4996722, 43.5249907], [16.4996837, 43.5249885], [16.4996774, 43.5249721]]]}, "properties": {"tema": "granica", "opis": "Granica obuhvata plana", "cad_sloj": "TPS_A001_Granica obuhvata", "list": "0_Granica obuhvata_ID_DPU_DRACEVAC", "plan": "DPU radne zone Dračevac", "izvor": "DPU radne zone Dračevac (split.hr), vektorizirano iz PDF-a"}}, {"type": "Feature", "geometry": {"type": "Polygon", "coordinates": [[[16.4996753, 43.5249991], [16.4996868, 43.5249965], [16.4996806, 43.5250121], [16.4996753, 43.5249991]]]}, "properties": {"tema": "granica", "opis": "Granica obuhvata plana", "cad_sloj": "TPS_A001_Granica obuhvata", "list": "0_Granica obuhvata_ID_DPU_DRACEVAC", "plan": "DPU radne zone Dračevac", "izvor": "DPU radne zone Dračevac (split.hr), vektorizirano iz PDF-a"}}, {"type": "Feature", "geometry": {"type": "Polygon", "coordinates": [[[16.4996868, 43.5249965], [16.4996806, 43.5250121], [16.4996921, 43.5250098], [16.4996868, 43.5249965]]]}, "properties": {"tema": "granica", "opis": "Granica obuhvata plana", "cad_sloj": "TPS_A001_Granica obuhvata", "list": "0_Granica obuhvata_ID_DPU_DRACEVAC", "plan": "DPU radne zone Dračevac", "izvor": "DPU radne zone Dračevac (split.hr), vektorizirano iz PDF-a"}}, {"type": "Feature", "geometry": {"type": "Polygon", "coordinates": [[[16.4996806, 43.5250121], [16.4996921, 43.5250094], [16.4996816, 43.5250155], [16.4996806, 43.5250121]]]}, "properties": {"tema": "granica", "opis": "Granica obuhvata plana", "cad_sloj": "TPS_A001_Granica obuhvata", "list": "0_Granica obuhvata_ID_DPU_DRACEVAC", "plan": "DPU radne zone Dračevac", "izvor": "DPU radne zone Dračevac (split.hr), vektorizirano iz PDF-a"}}, {"type": "Feature", "geometry": {"type": "Polygon", "coordinates": [[[16.4996921, 43.5250094], [16.4996816, 43.5250155], [16.4996936, 43.5250128], [16.4996921, 43.5250094]]]}, "properties": {"tema": "granica", "opis": "Granica obuhvata plana", "cad_sloj": "TPS_A001_Granica obuhvata", "list": "0_Granica obuhvata_ID_DPU_DRACEVAC", "plan": "DPU radne zone Dračevac", "izvor": "DPU radne zone Dračevac (split.hr), vektorizirano iz PDF-a"}}, {"type": "Feature", "geometry": {"type": "Polygon", "coordinates": [[[16.4996853, 43.5250239], [16.4996968, 43.5250212], [16.4996916, 43.5250402], [16.4996853, 43.5250239]]]}, "properties": {"tema": "granica", "opis": "Granica obuhvata plana", "cad_sloj": "TPS_A001_Granica obuhvata", "list": "0_Granica obuhvata_ID_DPU_DRACEVAC", "plan": "DPU radne zone Dračevac", "izvor": "DPU radne zone Dračevac (split.hr), vektorizirano iz PDF-a"}}, {"type": "Feature", "geometry": {"type": "Polygon", "coordinates": [[[16.4996968, 43.5250212], [16.4996916, 43.5250402], [16.4997036, 43.5250376], [16.4996968, 43.5250212]]]}, "properties": {"tema": "granica", "opis": "Granica obuhvata plana", "cad_sloj": "TPS_A001_Granica obuhvata", "list": "0_Granica obuhvata_ID_DPU_DRACEVAC", "plan": "DPU radne zone Dračevac", "izvor": "DPU radne zone Dračevac (split.hr), vektorizirano iz PDF-a"}}, {"type": "Feature", "geometry": {"type": "Polygon", "coordinates": [[[16.4996952, 43.5250482], [16.4997067, 43.5250459], [16.499702, 43.5250646], [16.4996952, 43.5250482]]]}, "properties": {"tema": "granica", "opis": "Granica obuhvata plana", "cad_sloj": "TPS_A001_Granica obuhvata", "list": "0_Granica obuhvata_ID_DPU_DRACEVAC", "plan": "DPU radne zone Dračevac", "izvor": "DPU radne zone Dračevac (split.hr), vektorizirano iz PDF-a"}}, {"type": "Feature", "geometry": {"type": "Polygon", "coordinates": [[[16.4997067, 43.5250459], [16.499702, 43.5250646], [16.4997135, 43.5250623], [16.4997067, 43.5250459]]]}, "properties": {"tema": "granica", "opis": "Granica obuhvata plana", "cad_sloj": "TPS_A001_Granica obuhvata", "list": "0_Granica obuhvata_ID_DPU_DRACEVAC", "plan": "DPU radne zone Dračevac", "izvor": "DPU radne zone Dračevac (split.hr), vektorizirano iz PDF-a"}}, {"type": "Feature", "geometry": {"type": "Polygon", "coordinates": [[[16.4997052, 43.525073], [16.4997172, 43.5250703], [16.499712, 43.5250893], [16.4997052, 43.525073]]]}, "properties": {"tema": "granica", "opis": "Granica obuhvata plana", "cad_sloj": "TPS_A001_Granica obuhvata", "list": "0_Granica obuhvata_ID_DPU_DRACEVAC", "plan": "DPU radne zone Dračevac", "izvor": "DPU radne zone Dračevac (split.hr), vektorizirano iz PDF-a"}}, {"type": "Feature", "geometry": {"type": "Polygon", "coordinates": [[[16.4997172, 43.5250703], [16.499712, 43.5250893], [16.4997235, 43.5250867], [16.4997172, 43.5250703]]]}, "properties": {"tema": "granica", "opis": "Granica obuhvata plana", "cad_sloj": "TPS_A001_Granica obuhvata", "list": "0_Granica obuhvata_ID_DPU_DRACEVAC", "plan": "DPU radne zone Dračevac", "izvor": "DPU radne zone Dračevac (split.hr), vektorizirano iz PDF-a"}}, {"type": "Feature", "geometry": {"type": "Polygon", "coordinates": [[[16.4997151, 43.5250977], [16.4997271, 43.525095], [16.4997219, 43.5251141], [16.4997151, 43.5250977]]]}, "properties": {"tema": "granica", "opis": "Granica obuhvata plana", "cad_sloj": "TPS_A001_Granica obuhvata", "list": "0_Granica obuhvata_ID_DPU_DRACEVAC", "plan": "DPU radne zone Dračevac", "izvor": "DPU radne zone Dračevac (split.hr), vektorizirano iz PDF-a"}}, {"type": "Feature", "geometry": {"type": "Polygon", "coordinates": [[[16.4997271, 43.525095], [16.4997219, 43.5251141], [16.4997334, 43.5251114], [16.4997271, 43.525095]]]}, "properties": {"tema": "granica", "opis": "Granica obuhvata plana", "cad_sloj": "TPS_A001_Granica obuhvata", "list": "0_Granica obuhvata_ID_DPU_DRACEVAC", "plan": "DPU radne zone Dračevac", "izvor": "DPU radne zone Dračevac (split.hr), vektorizirano iz PDF-a"}}, {"type": "Feature", "geometry": {"type": "Polygon", "coordinates": [[[16.499725, 43.5251221], [16.4997371, 43.5251198], [16.4997313, 43.5251369], [16.499725, 43.5251221]]]}, "properties": {"tema": "granica", "opis": "Granica obuhvata plana", "cad_sloj": "TPS_A001_Granica obuhvata", "list": "0_Granica obuhvata_ID_DPU_DRACEVAC", "plan": "DPU radne zone Dračevac", "izvor": "DPU radne zone Dračevac (split.hr), vektorizirano iz PDF-a"}}, {"type": "Feature", "geometry": {"type": "Polygon", "coordinates": [[[16.4997371, 43.5251198], [16.4997313, 43.5251369], [16.4997428, 43.5251346], [16.4997371, 43.5251198]]]}, "properties": {"tema": "granica", "opis": "Granica obuhvata plana", "cad_sloj": "TPS_A001_Granica obuhvata", "list": "0_Granica obuhvata_ID_DPU_DRACEVAC", "plan": "DPU radne zone Dračevac", "izvor": "DPU radne zone Dračevac (split.hr), vektorizirano iz PDF-a"}}, {"type": "Feature", "geometry": {"type": "Polygon", "coordinates": [[[16.4997313, 43.5251369], [16.4997428, 43.5251346], [16.4997318, 43.5251384], [16.4997313, 43.5251369]]]}, "properties": {"tema": "granica", "opis": "Granica obuhvata plana", "cad_sloj": "TPS_A001_Granica obuhvata", "list": "0_Granica obuhvata_ID_DPU_DRACEVAC", "plan": "DPU radne zone Dračevac", "izvor": "DPU radne zone Dračevac (split.hr), vektorizirano iz PDF-a"}}, {"type": "Feature", "geometry": {"type": "Polygon", "coordinates": [[[16.4997428, 43.5251346], [16.4997318, 43.5251384], [16.4997439, 43.5251361], [16.4997428, 43.5251346]]]}, "properties": {"tema": "granica", "opis": "Granica obuhvata plana", "cad_sloj": "TPS_A001_Granica obuhvata", "list": "0_Granica obuhvata_ID_DPU_DRACEVAC", "plan": "DPU radne zone Dračevac", "izvor": "DPU radne zone Dračevac (split.hr), vektorizirano iz PDF-a"}}, {"type": "Feature", "geometry": {"type": "Polygon", "coordinates": [[[16.4997355, 43.5251468], [16.499747, 43.5251441], [16.4997418, 43.5251632], [16.4997355, 43.5251468]]]}, "properties": {"tema": "granica", "opis": "Granica obuhvata plana", "cad_sloj": "TPS_A001_Granica obuhvata", "list": "0_Granica obuhvata_ID_DPU_DRACEVAC", "plan": "DPU radne zone Dračevac", "izvor": "DPU radne zone Dračevac (split.hr), vektorizirano iz PDF-a"}}, {"type": "Feature", "geometry": {"type": "Polygon", "coordinates": [[[16.499747, 43.5251441], [16.4997418, 43.5251632], [16.4997538, 43.5251605], [16.499747, 43.5251441]]]}, "properties": {"tema": "granica", "opis": "Granica obuhvata plana", "cad_sloj": "TPS_A001_Granica obuhvata", "list": "0_Granica obuhvata_ID_DPU_DRACEVAC", "plan": "DPU radne zone Dračevac", "izvor": "DPU radne zone Dračevac (split.hr), vektorizirano iz PDF-a"}}, {"type": "Feature", "geometry": {"type": "Polygon", "coordinates": [[[16.4997454, 43.5251712], [16.4997575, 43.5251689], [16.4997522, 43.5251875], [16.4997454, 43.5251712]]]}, "properties": {"tema": "granica", "opis": "Granica obuhvata plana", "cad_sloj": "TPS_A001_Granica obuhvata", "list": "0_Granica obuhvata_ID_DPU_DRACEVAC", "plan": "DPU radne zone Dračevac", "izvor": "DPU radne zone Dračevac (split.hr), vektorizirano iz PDF-a"}}, {"type": "Feature", "geometry": {"type": "Polygon", "coordinates": [[[16.4997575, 43.5251689], [16.4997522, 43.5251875], [16.4997643, 43.5251852], [16.4997575, 43.5251689]]]}, "properties": {"tema": "granica", "opis": "Granica obuhvata plana", "cad_sloj": "TPS_A001_Granica obuhvata", "list": "0_Granica obuhvata_ID_DPU_DRACEVAC", "plan": "DPU radne zone Dračevac", "izvor": "DPU radne zone Dračevac (split.hr), vektorizirano iz PDF-a"}}, {"type": "Feature", "geometry": {"type": "Polygon", "coordinates": [[[16.4997554, 43.5251959], [16.4997674, 43.5251932], [16.4997622, 43.5252123], [16.4997554, 43.5251959]]]}, "properties": {"tema": "granica", "opis": "Granica obuhvata plana", "cad_sloj": "TPS_A001_Granica obuhvata", "list": "0_Granica obuhvata_ID_DPU_DRACEVAC", "plan": "DPU radne zone Dračevac", "izvor": "DPU radne zone Dračevac (split.hr), vektorizirano iz PDF-a"}}, {"type": "Feature", "geometry": {"type": "Polygon", "coordinates": [[[16.4997674, 43.5251932], [16.4997622, 43.5252123], [16.4997742, 43.5252096], [16.4997674, 43.5251932]]]}, "properties": {"tema": "granica", "opis": "Granica obuhvata plana", "cad_sloj": "TPS_A001_Granica obuhvata", "list": "0_Granica obuhvata_ID_DPU_DRACEVAC", "plan": "DPU radne zone Dračevac", "izvor": "DPU radne zone Dračevac (split.hr), vektorizirano iz PDF-a"}}, {"type": "Feature", "geometry": {"type": "Polygon", "coordinates": [[[16.4997658, 43.5252203], [16.4997779, 43.525218], [16.4997726, 43.525237], [16.4997658, 43.5252203]]]}, "properties": {"tema": "granica", "opis": "Granica obuhvata plana", "cad_sloj": "TPS_A001_Granica obuhvata", "list": "0_Granica obuhvata_ID_DPU_DRACEVAC", "plan": "DPU radne zone Dračevac", "izvor": "DPU radne zone Dračevac (split.hr), vektorizirano iz PDF-a"}}, {"type": "Feature", "geometry": {"type": "Polygon", "coordinates": [[[16.4997779, 43.525218], [16.4997726, 43.525237], [16.4997841, 43.5252343], [16.4997779, 43.525218]]]}, "properties": {"tema": "granica", "opis": "Granica obuhvata plana", "cad_sloj": "TPS_A001_Granica obuhvata", "list": "0_Granica obuhvata_ID_DPU_DRACEVAC", "plan": "DPU radne zone Dračevac", "izvor": "DPU radne zone Dračevac (split.hr), vektorizirano iz PDF-a"}}, {"type": "Feature", "geometry": {"type": "Polygon", "coordinates": [[[16.4997758, 43.525245], [16.4997878, 43.5252423], [16.4997826, 43.5252614], [16.4997758, 43.525245]]]}, "properties": {"tema": "granica", "opis": "Granica obuhvata plana", "cad_sloj": "TPS_A001_Granica obuhvata", "list": "0_Granica obuhvata_ID_DPU_DRACEVAC", "plan": "DPU radne zone Dračevac", "izvor": "DPU radne zone Dračevac (split.hr), vektorizirano iz PDF-a"}}, {"type": "Feature", "geometry": {"type": "Polygon", "coordinates": [[[16.4997878, 43.5252423], [16.4997826, 43.5252614], [16.4997946, 43.5252587], [16.4997878, 43.5252423]]]}, "properties": {"tema": "granica", "opis": "Granica obuhvata plana", "cad_sloj": "TPS_A001_Granica obuhvata", "list": "0_Granica obuhvata_ID_DPU_DRACEVAC", "plan": "DPU radne zone Dračevac", "izvor": "DPU radne zone Dračevac (split.hr), vektorizirano iz PDF-a"}}, {"type": "Feature", "geometry": {"type": "Polygon", "coordinates": [[[16.4997862, 43.5252697], [16.4997977, 43.5252671], [16.499793, 43.5252861], [16.4997862, 43.5252697]]]}, "properties": {"tema": "granica", "opis": "Granica obuhvata plana", "cad_sloj": "TPS_A001_Granica obuhvata", "list": "0_Granica obuhvata_ID_DPU_DRACEVAC", "plan": "DPU radne zone Dračevac", "izvor": "DPU radne zone Dračevac (split.hr), vektorizirano iz PDF-a"}}, {"type": "Feature", "geometry": {"type": "Polygon", "coordinates": [[[16.4997977, 43.5252671], [16.499793, 43.5252861], [16.4998045, 43.5252834], [16.4997977, 43.5252671]]]}, "properties": {"tema": "granica", "opis": "Granica obuhvata plana", "cad_sloj": "TPS_A001_Granica obuhvata", "list": "0_Granica obuhvata_ID_DPU_DRACEVAC", "plan": "DPU radne zone Dračevac", "izvor": "DPU radne zone Dračevac (split.hr), vektorizirano iz PDF-a"}}, {"type": "Feature", "geometry": {"type": "Polygon", "coordinates": [[[16.4997962, 43.5252941], [16.4998082, 43.5252914], [16.499803, 43.5253105], [16.4997962, 43.5252941]]]}, "properties": {"tema": "granica", "opis": "Granica obuhvata plana", "cad_sloj": "TPS_A001_Granica obuhvata", "list": "0_Granica obuhvata_ID_DPU_DRACEVAC", "plan": "DPU radne zone Dračevac", "izvor": "DPU radne zone Dračevac (split.hr), vektorizirano iz PDF-a"}}, {"type": "Feature", "geometry": {"type": "Polygon", "coordinates": [[[16.4998082, 43.5252914], [16.499803, 43.5253105], [16.499815, 43.5253078], [16.4998082, 43.5252914]]]}, "properties": {"tema": "granica", "opis": "Granica obuhvata plana", "cad_sloj": "TPS_A001_Granica obuhvata", "list": "0_Granica obuhvata_ID_DPU_DRACEVAC", "plan": "DPU radne zone Dračevac", "izvor": "DPU radne zone Dračevac (split.hr), vektorizirano iz PDF-a"}}, {"type": "Feature", "geometry": {"type": "Polygon", "coordinates": [[[16.4998066, 43.5253188], [16.4998181, 43.5253162], [16.4998129, 43.5253352], [16.4998066, 43.5253188]]]}, "properties": {"tema": "granica", "opis": "Granica obuhvata plana", "cad_sloj": "TPS_A001_Granica obuhvata", "list": "0_Granica obuhvata_ID_DPU_DRACEVAC", "plan": "DPU radne zone Dračevac", "izvor": "DPU radne zone Dračevac (split.hr), vektorizirano iz PDF-a"}}, {"type": "Feature", "geometry": {"type": "Polygon", "coordinates": [[[16.4998181, 43.5253162], [16.4998129, 43.5253352], [16.4998249, 43.5253325], [16.4998181, 43.5253162]]]}, "properties": {"tema": "granica", "opis": "Granica obuhvata plana", "cad_sloj": "TPS_A001_Granica obuhvata", "list": "0_Granica obuhvata_ID_DPU_DRACEVAC", "plan": "DPU radne zone Dračevac", "izvor": "DPU radne zone Dračevac (split.hr), vektorizirano iz PDF-a"}}, {"type": "Feature", "geometry": {"type": "Polygon", "coordinates": [[[16.499816, 43.5253432], [16.4998281, 43.5253409], [16.4998228, 43.5253596], [16.499816, 43.5253432]]]}, "properties": {"tema": "granica", "opis": "Granica obuhvata plana", "cad_sloj": "TPS_A001_Granica obuhvata", "list": "0_Granica obuhvata_ID_DPU_DRACEVAC", "plan": "DPU radne zone Dračevac", "izvor": "DPU radne zone Dračevac (split.hr), vektorizirano iz PDF-a"}}, {"type": "Feature", "geometry": {"type": "Polygon", "coordinates": [[[16.4998281, 43.5253409], [16.4998228, 43.5253596], [16.4998349, 43.5253573], [16.4998281, 43.5253409]]]}, "properties": {"tema": "granica", "opis": "Granica obuhvata plana", "cad_sloj": "TPS_A001_Granica obuhvata", "list": "0_Granica obuhvata_ID_DPU_DRACEVAC", "plan": "DPU radne zone Dračevac", "izvor": "DPU radne zone Dračevac (split.hr), vektorizirano iz PDF-a"}}, {"type": "Feature", "geometry": {"type": "Polygon", "coordinates": [[[16.499826, 43.5253679], [16.499838, 43.5253653], [16.4998328, 43.5253843], [16.499826, 43.5253679]]]}, "properties": {"tema": "granica", "opis": "Granica obuhvata plana", "cad_sloj": "TPS_A001_Granica obuhvata", "list": "0_Granica obuhvata_ID_DPU_DRACEVAC", "plan": "DPU radne zone Dračevac", "izvor": "DPU radne zone Dračevac (split.hr), vektorizirano iz PDF-a"}}, {"type": "Feature", "geometry": {"type": "Polygon", "coordinates": [[[16.499838, 43.5253653], [16.4998328, 43.5253843], [16.4998443, 43.525382], [16.499838, 43.5253653]]]}, "properties": {"tema": "granica", "opis": "Granica obuhvata plana", "cad_sloj": "TPS_A001_Granica obuhvata", "list": "0_Granica obuhvata_ID_DPU_DRACEVAC", "plan": "DPU radne zone Dračevac", "izvor": "DPU radne zone Dračevac (split.hr), vektorizirano iz PDF-a"}}, {"type": "Feature", "geometry": {"type": "Polygon", "coordinates": [[[16.4998359, 43.5253927], [16.499848, 43.52539], [16.4998427, 43.5254091], [16.4998359, 43.5253927]]]}, "properties": {"tema": "granica", "opis": "Granica obuhvata plana", "cad_sloj": "TPS_A001_Granica obuhvata", "list": "0_Granica obuhvata_ID_DPU_DRACEVAC", "plan": "DPU radne zone Dračevac", "izvor": "DPU radne zone Dračevac (split.hr), vektorizirano iz PDF-a"}}, {"type": "Feature", "geometry": {"type": "Polygon", "coordinates": [[[16.499848, 43.52539], [16.4998427, 43.5254091], [16.4998542, 43.5254064], [16.499848, 43.52539]]]}, "properties": {"tema": "granica", "opis": "Granica obuhvata plana", "cad_sloj": "TPS_A001_Granica obuhvata", "list": "0_Granica obuhvata_ID_DPU_DRACEVAC", "plan": "DPU radne zone Dračevac", "izvor": "DPU radne zone Dračevac (split.hr), vektorizirano iz PDF-a"}}, {"type": "Feature", "geometry": {"type": "Polygon", "coordinates": [[[16.4998459, 43.525417], [16.4998579, 43.5254148], [16.4998521, 43.5254338], [16.4998459, 43.525417]]]}, "properties": {"tema": "granica", "opis": "Granica obuhvata plana", "cad_sloj": "TPS_A001_Granica obuhvata", "list": "0_Granica obuhvata_ID_DPU_DRACEVAC", "plan": "DPU radne zone Dračevac", "izvor": "DPU radne zone Dračevac (split.hr), vektorizirano iz PDF-a"}}, {"type": "Feature", "geometry": {"type": "Polygon", "coordinates": [[[16.4998579, 43.5254148], [16.4998521, 43.5254338], [16.4998642, 43.5254311], [16.4998579, 43.5254148]]]}, "properties": {"tema": "granica", "opis": "Granica obuhvata plana", "cad_sloj": "TPS_A001_Granica obuhvata", "list": "0_Granica obuhvata_ID_DPU_DRACEVAC", "plan": "DPU radne zone Dračevac", "izvor": "DPU radne zone Dračevac (split.hr), vektorizirano iz PDF-a"}}, {"type": "Feature", "geometry": {"type": "Polygon", "coordinates": [[[16.4998558, 43.5254418], [16.4998673, 43.5254395], [16.4998621, 43.5254582], [16.4998558, 43.5254418]]]}, "properties": {"tema": "granica", "opis": "Granica obuhvata plana", "cad_sloj": "TPS_A001_Granica obuhvata", "list": "0_Granica obuhvata_ID_DPU_DRACEVAC", "plan": "DPU radne zone Dračevac", "izvor": "DPU radne zone Dračevac (split.hr), vektorizirano iz PDF-a"}}, {"type": "Feature", "geometry": {"type": "Polygon", "coordinates": [[[16.4998673, 43.5254395], [16.4998621, 43.5254582], [16.4998741, 43.5254559], [16.4998673, 43.5254395]]]}, "properties": {"tema": "granica", "opis": "Granica obuhvata plana", "cad_sloj": "TPS_A001_Granica obuhvata", "list": "0_Granica obuhvata_ID_DPU_DRACEVAC", "plan": "DPU radne zone Dračevac", "izvor": "DPU radne zone Dračevac (split.hr), vektorizirano iz PDF-a"}}, {"type": "Feature", "geometry": {"type": "Polygon", "coordinates": [[[16.4998657, 43.5254665], [16.4998772, 43.5254639], [16.499872, 43.5254829], [16.4998657, 43.5254665]]]}, "properties": {"tema": "granica", "opis": "Granica obuhvata plana", "cad_sloj": "TPS_A001_Granica obuhvata", "list": "0_Granica obuhvata_ID_DPU_DRACEVAC", "plan": "DPU radne zone Dračevac", "izvor": "DPU radne zone Dračevac (split.hr), vektorizirano iz PDF-a"}}, {"type": "Feature", "geometry": {"type": "Polygon", "coordinates": [[[16.4998772, 43.5254639], [16.499872, 43.5254829], [16.499884, 43.5254802], [16.4998772, 43.5254639]]]}, "properties": {"tema": "granica", "opis": "Granica obuhvata plana", "cad_sloj": "TPS_A001_Granica obuhvata", "list": "0_Granica obuhvata_ID_DPU_DRACEVAC", "plan": "DPU radne zone Dračevac", "izvor": "DPU radne zone Dračevac (split.hr), vektorizirano iz PDF-a"}}, {"type": "Feature", "geometry": {"type": "Polygon", "coordinates": [[[16.4998752, 43.5254913], [16.4998872, 43.5254886], [16.499882, 43.5255076], [16.4998752, 43.5254913]]]}, "properties": {"tema": "granica", "opis": "Granica obuhvata plana", "cad_sloj": "TPS_A001_Granica obuhvata", "list": "0_Granica obuhvata_ID_DPU_DRACEVAC", "plan": "DPU radne zone Dračevac", "izvor": "DPU radne zone Dračevac (split.hr), vektorizirano iz PDF-a"}}, {"type": "Feature", "geometry": {"type": "Polygon", "coordinates": [[[16.4998872, 43.5254886], [16.499882, 43.5255076], [16.499894, 43.525505], [16.4998872, 43.5254886]]]}, "properties": {"tema": "granica", "opis": "Granica obuhvata plana", "cad_sloj": "TPS_A001_Granica obuhvata", "list": "0_Granica obuhvata_ID_DPU_DRACEVAC", "plan": "DPU radne zone Dračevac", "izvor": "DPU radne zone Dračevac (split.hr), vektorizirano iz PDF-a"}}, {"type": "Feature", "geometry": {"type": "Polygon", "coordinates": [[[16.4998851, 43.5255156], [16.4998971, 43.5255133], [16.4998919, 43.5255324], [16.4998851, 43.5255156]]]}, "properties": {"tema": "granica", "opis": "Granica obuhvata plana", "cad_sloj": "TPS_A001_Granica obuhvata", "list": "0_Granica obuhvata_ID_DPU_DRACEVAC", "plan": "DPU radne zone Dračevac", "izvor": "DPU radne zone Dračevac (split.hr), vektorizirano iz PDF-a"}}, {"type": "Feature", "geometry": {"type": "Polygon", "coordinates": [[[16.4998971, 43.5255133], [16.4998919, 43.5255324], [16.4999034, 43.5255297], [16.4998971, 43.5255133]]]}, "properties": {"tema": "granica", "opis": "Granica obuhvata plana", "cad_sloj": "TPS_A001_Granica obuhvata", "list": "0_Granica obuhvata_ID_DPU_DRACEVAC", "plan": "DPU radne zone Dračevac", "izvor": "DPU radne zone Dračevac (split.hr), vektorizirano iz PDF-a"}}, {"type": "Feature", "geometry": {"type": "Polygon", "coordinates": [[[16.499895, 43.5255404], [16.4999071, 43.5255377], [16.4999018, 43.5255567], [16.499895, 43.5255404]]]}, "properties": {"tema": "granica", "opis": "Granica obuhvata plana", "cad_sloj": "TPS_A001_Granica obuhvata", "list": "0_Granica obuhvata_ID_DPU_DRACEVAC", "plan": "DPU radne zone Dračevac", "izvor": "DPU radne zone Dračevac (split.hr), vektorizirano iz PDF-a"}}, {"type": "Feature", "geometry": {"type": "Polygon", "coordinates": [[[16.4999071, 43.5255377], [16.4999018, 43.5255567], [16.4999133, 43.5255544], [16.4999071, 43.5255377]]]}, "properties": {"tema": "granica", "opis": "Granica obuhvata plana", "cad_sloj": "TPS_A001_Granica obuhvata", "list": "0_Granica obuhvata_ID_DPU_DRACEVAC", "plan": "DPU radne zone Dračevac", "izvor": "DPU radne zone Dračevac (split.hr), vektorizirano iz PDF-a"}}, {"type": "Feature", "geometry": {"type": "Polygon", "coordinates": [[[16.499905, 43.5255651], [16.499917, 43.5255624], [16.4999113, 43.5255815], [16.499905, 43.5255651]]]}, "properties": {"tema": "granica", "opis": "Granica obuhvata plana", "cad_sloj": "TPS_A001_Granica obuhvata", "list": "0_Granica obuhvata_ID_DPU_DRACEVAC", "plan": "DPU radne zone Dračevac", "izvor": "DPU radne zone Dračevac (split.hr), vektorizirano iz PDF-a"}}, {"type": "Feature", "geometry": {"type": "Polygon", "coordinates": [[[16.499917, 43.5255624], [16.4999113, 43.5255815], [16.4999233, 43.5255788], [16.499917, 43.5255624]]]}, "properties": {"tema": "granica", "opis": "Granica obuhvata plana", "cad_sloj": "TPS_A001_Granica obuhvata", "list": "0_Granica obuhvata_ID_DPU_DRACEVAC", "plan": "DPU radne zone Dračevac", "izvor": "DPU radne zone Dračevac (split.hr), vektorizirano iz PDF-a"}}, {"type": "Feature", "geometry": {"type": "Polygon", "coordinates": [[[16.4999149, 43.5255898], [16.4999264, 43.5255872], [16.4999212, 43.5256062], [16.4999149, 43.5255898]]]}, "properties": {"tema": "granica", "opis": "Granica obuhvata plana", "cad_sloj": "TPS_A001_Granica obuhvata", "list": "0_Granica obuhvata_ID_DPU_DRACEVAC", "plan": "DPU radne zone Dračevac", "izvor": "DPU radne zone Dračevac (split.hr), vektorizirano iz PDF-a"}}, {"type": "Feature", "geometry": {"type": "Polygon", "coordinates": [[[16.4999264, 43.5255872], [16.4999212, 43.5256062], [16.4999332, 43.5256036], [16.4999264, 43.5255872]]]}, "properties": {"tema": "granica", "opis": "Granica obuhvata plana", "cad_sloj": "TPS_A001_Granica obuhvata", "list": "0_Granica obuhvata_ID_DPU_DRACEVAC", "plan": "DPU radne zone Dračevac", "izvor": "DPU radne zone Dračevac (split.hr), vektorizirano iz PDF-a"}}, {"type": "Feature", "geometry": {"type": "Polygon", "coordinates": [[[16.4999249, 43.5256142], [16.4999364, 43.5256119], [16.4999311, 43.5256306], [16.4999249, 43.5256142]]]}, "properties": {"tema": "granica", "opis": "Granica obuhvata plana", "cad_sloj": "TPS_A001_Granica obuhvata", "list": "0_Granica obuhvata_ID_DPU_DRACEVAC", "plan": "DPU radne zone Dračevac", "izvor": "DPU radne zone Dračevac (split.hr), vektorizirano iz PDF-a"}}, {"type": "Feature", "geometry": {"type": "Polygon", "coordinates": [[[16.4999364, 43.5256119], [16.4999311, 43.5256306], [16.4999432, 43.5256283], [16.4999364, 43.5256119]]]}, "properties": {"tema": "granica", "opis": "Granica obuhvata plana", "cad_sloj": "TPS_A001_Granica obuhvata", "list": "0_Granica obuhvata_ID_DPU_DRACEVAC", "plan": "DPU radne zone Dračevac", "izvor": "DPU radne zone Dračevac (split.hr), vektorizirano iz PDF-a"}}, {"type": "Feature", "geometry": {"type": "Polygon", "coordinates": [[[16.4999343, 43.5256389], [16.4999463, 43.5256363], [16.4999411, 43.5256553], [16.4999343, 43.5256389]]]}, "properties": {"tema": "granica", "opis": "Granica obuhvata plana", "cad_sloj": "TPS_A001_Granica obuhvata", "list": "0_Granica obuhvata_ID_DPU_DRACEVAC", "plan": "DPU radne zone Dračevac", "izvor": "DPU radne zone Dračevac (split.hr), vektorizirano iz PDF-a"}}, {"type": "Feature", "geometry": {"type": "Polygon", "coordinates": [[[16.4999463, 43.5256363], [16.4999411, 43.5256553], [16.4999531, 43.525653], [16.4999463, 43.5256363]]]}, "properties": {"tema": "granica", "opis": "Granica obuhvata plana", "cad_sloj": "TPS_A001_Granica obuhvata", "list": "0_Granica obuhvata_ID_DPU_DRACEVAC", "plan": "DPU radne zone Dračevac", "izvor": "DPU radne zone Dračevac (split.hr), vektorizirano iz PDF-a"}}, {"type": "Feature", "geometry": {"type": "Polygon", "coordinates": [[[16.4999442, 43.5256637], [16.4999562, 43.525661], [16.499951, 43.5256801], [16.4999442, 43.5256637]]]}, "properties": {"tema": "granica", "opis": "Granica obuhvata plana", "cad_sloj": "TPS_A001_Granica obuhvata", "list": "0_Granica obuhvata_ID_DPU_DRACEVAC", "plan": "DPU radne zone Dračevac", "izvor": "DPU radne zone Dračevac (split.hr), vektorizirano iz PDF-a"}}, {"type": "Feature", "geometry": {"type": "Polygon", "coordinates": [[[16.4999562, 43.525661], [16.499951, 43.5256801], [16.4999625, 43.5256774], [16.4999562, 43.525661]]]}, "properties": {"tema": "granica", "opis": "Granica obuhvata plana", "cad_sloj": "TPS_A001_Granica obuhvata", "list": "0_Granica obuhvata_ID_DPU_DRACEVAC", "plan": "DPU radne zone Dračevac", "izvor": "DPU radne zone Dračevac (split.hr), vektorizirano iz PDF-a"}}, {"type": "Feature", "geometry": {"type": "Polygon", "coordinates": [[[16.4999541, 43.525688], [16.4999662, 43.5256858], [16.4999609, 43.5257048], [16.4999541, 43.525688]]]}, "properties": {"tema": "granica", "opis": "Granica obuhvata plana", "cad_sloj": "TPS_A001_Granica obuhvata", "list": "0_Granica obuhvata_ID_DPU_DRACEVAC", "plan": "DPU radne zone Dračevac", "izvor": "DPU radne zone Dračevac (split.hr), vektorizirano iz PDF-a"}}, {"type": "Feature", "geometry": {"type": "Polygon", "coordinates": [[[16.4999662, 43.5256858], [16.4999609, 43.5257048], [16.4999725, 43.5257021], [16.4999662, 43.5256858]]]}, "properties": {"tema": "granica", "opis": "Granica obuhvata plana", "cad_sloj": "TPS_A001_Granica obuhvata", "list": "0_Granica obuhvata_ID_DPU_DRACEVAC", "plan": "DPU radne zone Dračevac", "izvor": "DPU radne zone Dračevac (split.hr), vektorizirano iz PDF-a"}}, {"type": "Feature", "geometry": {"type": "Polygon", "coordinates": [[[16.4999641, 43.5257128], [16.4999761, 43.5257105], [16.4999704, 43.5257292], [16.4999641, 43.5257128]]]}, "properties": {"tema": "granica", "opis": "Granica obuhvata plana", "cad_sloj": "TPS_A001_Granica obuhvata", "list": "0_Granica obuhvata_ID_DPU_DRACEVAC", "plan": "DPU radne zone Dračevac", "izvor": "DPU radne zone Dračevac (split.hr), vektorizirano iz PDF-a"}}, {"type": "Feature", "geometry": {"type": "Polygon", "coordinates": [[[16.4999761, 43.5257105], [16.4999704, 43.5257292], [16.4999824, 43.5257269], [16.4999761, 43.5257105]]]}, "properties": {"tema": "granica", "opis": "Granica obuhvata plana", "cad_sloj": "TPS_A001_Granica obuhvata", "list": "0_Granica obuhvata_ID_DPU_DRACEVAC", "plan": "DPU radne zone Dračevac", "izvor": "DPU radne zone Dračevac (split.hr), vektorizirano iz PDF-a"}}, {"type": "Feature", "geometry": {"type": "Polygon", "coordinates": [[[16.499974, 43.5257375], [16.4999855, 43.5257349], [16.4999803, 43.5257539], [16.499974, 43.5257375]]]}, "properties": {"tema": "granica", "opis": "Granica obuhvata plana", "cad_sloj": "TPS_A001_Granica obuhvata", "list": "0_Granica obuhvata_ID_DPU_DRACEVAC", "plan": "DPU radne zone Dračevac", "izvor": "DPU radne zone Dračevac (split.hr), vektorizirano iz PDF-a"}}, {"type": "Feature", "geometry": {"type": "Polygon", "coordinates": [[[16.4999855, 43.5257349], [16.4999803, 43.5257539], [16.4999923, 43.5257512], [16.4999855, 43.5257349]]]}, "properties": {"tema": "granica", "opis": "Granica obuhvata plana", "cad_sloj": "TPS_A001_Granica obuhvata", "list": "0_Granica obuhvata_ID_DPU_DRACEVAC", "plan": "DPU radne zone Dračevac", "izvor": "DPU radne zone Dračevac (split.hr), vektorizirano iz PDF-a"}}, {"type": "Feature", "geometry": {"type": "Polygon", "coordinates": [[[16.499984, 43.5257623], [16.4999955, 43.5257596], [16.4999902, 43.5257786], [16.499984, 43.5257623]]]}, "properties": {"tema": "granica", "opis": "Granica obuhvata plana", "cad_sloj": "TPS_A001_Granica obuhvata", "list": "0_Granica obuhvata_ID_DPU_DRACEVAC", "plan": "DPU radne zone Dračevac", "izvor": "DPU radne zone Dračevac (split.hr), vektorizirano iz PDF-a"}}, {"type": "Feature", "geometry": {"type": "Polygon", "coordinates": [[[16.4999955, 43.5257596], [16.4999902, 43.5257786], [16.5000023, 43.525776], [16.4999955, 43.5257596]]]}, "properties": {"tema": "granica", "opis": "Granica obuhvata plana", "cad_sloj": "TPS_A001_Granica obuhvata", "list": "0_Granica obuhvata_ID_DPU_DRACEVAC", "plan": "DPU radne zone Dračevac", "izvor": "DPU radne zone Dračevac (split.hr), vektorizirano iz PDF-a"}}, {"type": "Feature", "geometry": {"type": "Polygon", "coordinates": [[[16.4999934, 43.5257866], [16.5000054, 43.5257843], [16.5000002, 43.525803], [16.4999934, 43.5257866]]]}, "properties": {"tema": "granica", "opis": "Granica obuhvata plana", "cad_sloj": "TPS_A001_Granica obuhvata", "list": "0_Granica obuhvata_ID_DPU_DRACEVAC", "plan": "DPU radne zone Dračevac", "izvor": "DPU radne zone Dračevac (split.hr), vektorizirano iz PDF-a"}}, {"type": "Feature", "geometry": {"type": "Polygon", "coordinates": [[[16.5000054, 43.5257843], [16.5000002, 43.525803], [16.5000122, 43.5258007], [16.5000054, 43.5257843]]]}, "properties": {"tema": "granica", "opis": "Granica obuhvata plana", "cad_sloj": "TPS_A001_Granica obuhvata", "list": "0_Granica obuhvata_ID_DPU_DRACEVAC", "plan": "DPU radne zone Dračevac", "izvor": "DPU radne zone Dračevac (split.hr), vektorizirano iz PDF-a"}}, {"type": "Feature", "geometry": {"type": "Polygon", "coordinates": [[[16.5000033, 43.5258114], [16.5000153, 43.5258087], [16.5000101, 43.5258277], [16.5000033, 43.5258114]]]}, "properties": {"tema": "granica", "opis": "Granica obuhvata plana", "cad_sloj": "TPS_A001_Granica obuhvata", "list": "0_Granica obuhvata_ID_DPU_DRACEVAC", "plan": "DPU radne zone Dračevac", "izvor": "DPU radne zone Dračevac (split.hr), vektorizirano iz PDF-a"}}, {"type": "Feature", "geometry": {"type": "Polygon", "coordinates": [[[16.5000153, 43.5258087], [16.5000101, 43.5258277], [16.5000216, 43.5258255], [16.5000153, 43.5258087]]]}, "properties": {"tema": "granica", "opis": "Granica obuhvata plana", "cad_sloj": "TPS_A001_Granica obuhvata", "list": "0_Granica obuhvata_ID_DPU_DRACEVAC", "plan": "DPU radne zone Dračevac", "izvor": "DPU radne zone Dračevac (split.hr), vektorizirano iz PDF-a"}}, {"type": "Feature", "geometry": {"type": "Polygon", "coordinates": [[[16.5000133, 43.5258361], [16.5000253, 43.5258334], [16.5000201, 43.5258525], [16.5000133, 43.5258361]]]}, "properties": {"tema": "granica", "opis": "Granica obuhvata plana", "cad_sloj": "TPS_A001_Granica obuhvata", "list": "0_Granica obuhvata_ID_DPU_DRACEVAC", "plan": "DPU radne zone Dračevac", "izvor": "DPU radne zone Dračevac (split.hr), vektorizirano iz PDF-a"}}, {"type": "Feature", "geometry": {"type": "Polygon", "coordinates": [[[16.5000253, 43.5258334], [16.5000201, 43.5258525], [16.5000316, 43.5258498], [16.5000253, 43.5258334]]]}, "properties": {"tema": "granica", "opis": "Granica obuhvata plana", "cad_sloj": "TPS_A001_Granica obuhvata", "list": "0_Granica obuhvata_ID_DPU_DRACEVAC", "plan": "DPU radne zone Dračevac", "izvor": "DPU radne zone Dračevac (split.hr), vektorizirano iz PDF-a"}}, {"type": "Feature", "geometry": {"type": "Polygon", "coordinates": [[[16.5000232, 43.5258605], [16.5000352, 43.5258582], [16.5000295, 43.5258772], [16.5000232, 43.5258605]]]}, "properties": {"tema": "granica", "opis": "Granica obuhvata plana", "cad_sloj": "TPS_A001_Granica obuhvata", "list": "0_Granica obuhvata_ID_DPU_DRACEVAC", "plan": "DPU radne zone Dračevac", "izvor": "DPU radne zone Dračevac (split.hr), vektorizirano iz PDF-a"}}, {"type": "Feature", "geometry": {"type": "Polygon", "coordinates": [[[16.5000352, 43.5258582], [16.5000295, 43.5258772], [16.5000415, 43.5258746], [16.5000352, 43.5258582]]]}, "properties": {"tema": "granica", "opis": "Granica obuhvata plana", "cad_sloj": "TPS_A001_Granica obuhvata", "list": "0_Granica obuhvata_ID_DPU_DRACEVAC", "plan": "DPU radne zone Dračevac", "izvor": "DPU radne zone Dračevac (split.hr), vektorizirano iz PDF-a"}}, {"type": "Feature", "geometry": {"type": "Polygon", "coordinates": [[[16.5000331, 43.5258852], [16.5000446, 43.5258829], [16.5000384, 43.5258985], [16.5000331, 43.5258852]]]}, "properties": {"tema": "granica", "opis": "Granica obuhvata plana", "cad_sloj": "TPS_A001_Granica obuhvata", "list": "0_Granica obuhvata_ID_DPU_DRACEVAC", "plan": "DPU radne zone Dračevac", "izvor": "DPU radne zone Dračevac (split.hr), vektorizirano iz PDF-a"}}, {"type": "Feature", "geometry": {"type": "Polygon", "coordinates": [[[16.5000446, 43.5258829], [16.5000384, 43.5258985], [16.5000499, 43.5258959], [16.5000446, 43.5258829]]]}, "properties": {"tema": "granica", "opis": "Granica obuhvata plana", "cad_sloj": "TPS_A001_Granica obuhvata", "list": "0_Granica obuhvata_ID_DPU_DRACEVAC", "plan": "DPU radne zone Dračevac", "izvor": "DPU radne zone Dračevac (split.hr), vektorizirano iz PDF-a"}}, {"type": "Feature", "geometry": {"type": "Polygon", "coordinates": [[[16.5000384, 43.5258985], [16.5000499, 43.5258959], [16.5000394, 43.5259016], [16.5000384, 43.5258985]]]}, "properties": {"tema": "granica", "opis": "Granica obuhvata plana", "cad_sloj": "TPS_A001_Granica obuhvata", "list": "0_Granica obuhvata_ID_DPU_DRACEVAC", "plan": "DPU radne zone Dračevac", "izvor": "DPU radne zone Dračevac (split.hr), vektorizirano iz PDF-a"}}, {"type": "Feature", "geometry": {"type": "Polygon", "coordinates": [[[16.5000499, 43.5258959], [16.5000394, 43.5259016], [16.5000514, 43.5258993], [16.5000499, 43.5258959]]]}, "properties": {"tema": "granica", "opis": "Granica obuhvata plana", "cad_sloj": "TPS_A001_Granica obuhvata", "list": "0_Granica obuhvata_ID_DPU_DRACEVAC", "plan": "DPU radne zone Dračevac", "izvor": "DPU radne zone Dračevac (split.hr), vektorizirano iz PDF-a"}}, {"type": "Feature", "geometry": {"type": "Polygon", "coordinates": [[[16.5000431, 43.52591], [16.5000546, 43.5259073], [16.5000493, 43.5259263], [16.5000431, 43.52591]]]}, "properties": {"tema": "granica", "opis": "Granica obuhvata plana", "cad_sloj": "TPS_A001_Granica obuhvata", "list": "0_Granica obuhvata_ID_DPU_DRACEVAC", "plan": "DPU radne zone Dračevac", "izvor": "DPU radne zone Dračevac (split.hr), vektorizirano iz PDF-a"}}, {"type": "Feature", "geometry": {"type": "Polygon", "coordinates": [[[16.5000546, 43.5259073], [16.5000493, 43.5259263], [16.5000614, 43.5259237], [16.5000546, 43.5259073]]]}, "properties": {"tema": "granica", "opis": "Granica obuhvata plana", "cad_sloj": "TPS_A001_Granica obuhvata", "list": "0_Granica obuhvata_ID_DPU_DRACEVAC", "plan": "DPU radne zone Dračevac", "izvor": "DPU radne zone Dračevac (split.hr), vektorizirano iz PDF-a"}}, {"type": "Feature", "geometry": {"type": "Polygon", "coordinates": [[[16.5000525, 43.5259347], [16.5000645, 43.525932], [16.5000593, 43.5259511], [16.5000525, 43.5259347]]]}, "properties": {"tema": "granica", "opis": "Granica obuhvata plana", "cad_sloj": "TPS_A001_Granica obuhvata", "list": "0_Granica obuhvata_ID_DPU_DRACEVAC", "plan": "DPU radne zone Dračevac", "izvor": "DPU radne zone Dračevac (split.hr), vektorizirano iz PDF-a"}}, {"type": "Feature", "geometry": {"type": "Polygon", "coordinates": [[[16.5000645, 43.525932], [16.5000593, 43.5259511], [16.5000713, 43.5259484], [16.5000645, 43.525932]]]}, "properties": {"tema": "granica", "opis": "Granica obuhvata plana", "cad_sloj": "TPS_A001_Granica obuhvata", "list": "0_Granica obuhvata_ID_DPU_DRACEVAC", "plan": "DPU radne zone Dračevac", "izvor": "DPU radne zone Dračevac (split.hr), vektorizirano iz PDF-a"}}, {"type": "Feature", "geometry": {"type": "Polygon", "coordinates": [[[16.5000624, 43.5259591], [16.5000745, 43.5259568], [16.5000692, 43.5259758], [16.5000624, 43.5259591]]]}, "properties": {"tema": "granica", "opis": "Granica obuhvata plana", "cad_sloj": "TPS_A001_Granica obuhvata", "list": "0_Granica obuhvata_ID_DPU_DRACEVAC", "plan": "DPU radne zone Dračevac", "izvor": "DPU radne zone Dračevac (split.hr), vektorizirano iz PDF-a"}}, {"type": "Feature", "geometry": {"type": "Polygon", "coordinates": [[[16.5000745, 43.5259568], [16.5000692, 43.5259758], [16.5000807, 43.5259731], [16.5000745, 43.5259568]]]}, "properties": {"tema": "granica", "opis": "Granica obuhvata plana", "cad_sloj": "TPS_A001_Granica obuhvata", "list": "0_Granica obuhvata_ID_DPU_DRACEVAC", "plan": "DPU radne zone Dračevac", "izvor": "DPU radne zone Dračevac (split.hr), vektorizirano iz PDF-a"}}, {"type": "Feature", "geometry": {"type": "Polygon", "coordinates": [[[16.5000724, 43.5259838], [16.5000844, 43.5259811], [16.5000792, 43.5260002], [16.5000724, 43.5259838]]]}, "properties": {"tema": "granica", "opis": "Granica obuhvata plana", "cad_sloj": "TPS_A001_Granica obuhvata", "list": "0_Granica obuhvata_ID_DPU_DRACEVAC", "plan": "DPU radne zone Dračevac", "izvor": "DPU radne zone Dračevac (split.hr), vektorizirano iz PDF-a"}}, {"type": "Feature", "geometry": {"type": "Polygon", "coordinates": [[[16.5000844, 43.5259811], [16.5000792, 43.5260002], [16.5000907, 43.5259979], [16.5000844, 43.5259811]]]}, "properties": {"tema": "granica", "opis": "Granica obuhvata plana", "cad_sloj": "TPS_A001_Granica obuhvata", "list": "0_Granica obuhvata_ID_DPU_DRACEVAC", "plan": "DPU radne zone Dračevac", "izvor": "DPU radne zone Dračevac (split.hr), vektorizirano iz PDF-a"}}, {"type": "Feature", "geometry": {"type": "Polygon", "coordinates": [[[16.5000823, 43.5260085], [16.5000943, 43.5260059], [16.5000891, 43.5260249], [16.5000823, 43.5260085]]]}, "properties": {"tema": "granica", "opis": "Granica obuhvata plana", "cad_sloj": "TPS_A001_Granica obuhvata", "list": "0_Granica obuhvata_ID_DPU_DRACEVAC", "plan": "DPU radne zone Dračevac", "izvor": "DPU radne zone Dračevac (split.hr), vektorizirano iz PDF-a"}}, {"type": "Feature", "geometry": {"type": "Polygon", "coordinates": [[[16.5000943, 43.5260059], [16.5000891, 43.5260249], [16.5001006, 43.5260222], [16.5000943, 43.5260059]]]}, "properties": {"tema": "granica", "opis": "Granica obuhvata plana", "cad_sloj": "TPS_A001_Granica obuhvata", "list": "0_Granica obuhvata_ID_DPU_DRACEVAC", "plan": "DPU radne zone Dračevac", "izvor": "DPU radne zone Dračevac (split.hr), vektorizirano iz PDF-a"}}, {"type": "Feature", "geometry": {"type": "Polygon", "coordinates": [[[16.5000922, 43.5260333], [16.5001038, 43.5260306], [16.5000985, 43.5260496], [16.5000922, 43.5260333]]]}, "properties": {"tema": "granica", "opis": "Granica obuhvata plana", "cad_sloj": "TPS_A001_Granica obuhvata", "list": "0_Granica obuhvata_ID_DPU_DRACEVAC", "plan": "DPU radne zone Dračevac", "izvor": "DPU radne zone Dračevac (split.hr), vektorizirano iz PDF-a"}}, {"type": "Feature", "geometry": {"type": "Polygon", "coordinates": [[[16.5001038, 43.5260306], [16.5000985, 43.5260496], [16.5001106, 43.526047], [16.5001038, 43.5260306]]]}, "properties": {"tema": "granica", "opis": "Granica obuhvata plana", "cad_sloj": "TPS_A001_Granica obuhvata", "list": "0_Granica obuhvata_ID_DPU_DRACEVAC", "plan": "DPU radne zone Dračevac", "izvor": "DPU radne zone Dračevac (split.hr), vektorizirano iz PDF-a"}}, {"type": "Feature", "geometry": {"type": "Polygon", "coordinates": [[[16.5001022, 43.5260576], [16.5001137, 43.5260554], [16.5001085, 43.526074], [16.5001022, 43.5260576]]]}, "properties": {"tema": "granica", "opis": "Granica obuhvata plana", "cad_sloj": "TPS_A001_Granica obuhvata", "list": "0_Granica obuhvata_ID_DPU_DRACEVAC", "plan": "DPU radne zone Dračevac", "izvor": "DPU radne zone Dračevac (split.hr), vektorizirano iz PDF-a"}}, {"type": "Feature", "geometry": {"type": "Polygon", "coordinates": [[[16.5001137, 43.5260554], [16.5001085, 43.526074], [16.5001205, 43.5260717], [16.5001137, 43.5260554]]]}, "properties": {"tema": "granica", "opis": "Granica obuhvata plana", "cad_sloj": "TPS_A001_Granica obuhvata", "list": "0_Granica obuhvata_ID_DPU_DRACEVAC", "plan": "DPU radne zone Dračevac", "izvor": "DPU radne zone Dračevac (split.hr), vektorizirano iz PDF-a"}}, {"type": "Feature", "geometry": {"type": "Polygon", "coordinates": [[[16.5001121, 43.5260824], [16.5001236, 43.5260797], [16.5001184, 43.5260987], [16.5001121, 43.5260824]]]}, "properties": {"tema": "granica", "opis": "Granica obuhvata plana", "cad_sloj": "TPS_A001_Granica obuhvata", "list": "0_Granica obuhvata_ID_DPU_DRACEVAC", "plan": "DPU radne zone Dračevac", "izvor": "DPU radne zone Dračevac (split.hr), vektorizirano iz PDF-a"}}, {"type": "Feature", "geometry": {"type": "Polygon", "coordinates": [[[16.5001236, 43.5260797], [16.5001184, 43.5260987], [16.5001304, 43.5260961], [16.5001236, 43.5260797]]]}, "properties": {"tema": "granica", "opis": "Granica obuhvata plana", "cad_sloj": "TPS_A001_Granica obuhvata", "list": "0_Granica obuhvata_ID_DPU_DRACEVAC", "plan": "DPU radne zone Dračevac", "izvor": "DPU radne zone Dračevac (split.hr), vektorizirano iz PDF-a"}}, {"type": "Feature", "geometry": {"type": "Polygon", "coordinates": [[[16.5001215, 43.5261071], [16.5001336, 43.5261045], [16.5001283, 43.5261235], [16.5001215, 43.5261071]]]}, "properties": {"tema": "granica", "opis": "Granica obuhvata plana", "cad_sloj": "TPS_A001_Granica obuhvata", "list": "0_Granica obuhvata_ID_DPU_DRACEVAC", "plan": "DPU radne zone Dračevac", "izvor": "DPU radne zone Dračevac (split.hr), vektorizirano iz PDF-a"}}, {"type": "Feature", "geometry": {"type": "Polygon", "coordinates": [[[16.5001336, 43.5261045], [16.5001283, 43.5261235], [16.5001404, 43.5261208], [16.5001336, 43.5261045]]]}, "properties": {"tema": "granica", "opis": "Granica obuhvata plana", "cad_sloj": "TPS_A001_Granica obuhvata", "list": "0_Granica obuhvata_ID_DPU_DRACEVAC", "plan": "DPU radne zone Dračevac", "izvor": "DPU radne zone Dračevac (split.hr), vektorizirano iz PDF-a"}}, {"type": "Feature", "geometry": {"type": "Polygon", "coordinates": [[[16.5001315, 43.5261315], [16.5001435, 43.5261292], [16.5001362, 43.5261433], [16.5001315, 43.5261315]]]}, "properties": {"tema": "granica", "opis": "Granica obuhvata plana", "cad_sloj": "TPS_A001_Granica obuhvata", "list": "0_Granica obuhvata_ID_DPU_DRACEVAC", "plan": "DPU radne zone Dračevac", "izvor": "DPU radne zone Dračevac (split.hr), vektorizirano iz PDF-a"}}, {"type": "Feature", "geometry": {"type": "Polygon", "coordinates": [[[16.5001435, 43.5261292], [16.5001362, 43.5261433], [16.5001482, 43.5261406], [16.5001435, 43.5261292]]]}, "properties": {"tema": "granica", "opis": "Granica obuhvata plana", "cad_sloj": "TPS_A001_Granica obuhvata", "list": "0_Granica obuhvata_ID_DPU_DRACEVAC", "plan": "DPU radne zone Dračevac", "izvor": "DPU radne zone Dračevac (split.hr), vektorizirano iz PDF-a"}}, {"type": "Feature", "geometry": {"type": "Polygon", "coordinates": [[[16.5001362, 43.5261437], [16.5001482, 43.5261406], [16.5001388, 43.5261482], [16.5001362, 43.5261437]]]}, "properties": {"tema": "granica", "opis": "Granica obuhvata plana", "cad_sloj": "TPS_A001_Granica obuhvata", "list": "0_Granica obuhvata_ID_DPU_DRACEVAC", "plan": "DPU radne zone Dračevac", "izvor": "DPU radne zone Dračevac (split.hr), vektorizirano iz PDF-a"}}, {"type": "Feature", "geometry": {"type": "Polygon", "coordinates": [[[16.5001482, 43.5261406], [16.5001388, 43.5261482], [16.5001503, 43.5261452], [16.5001482, 43.5261406]]]}, "properties": {"tema": "granica", "opis": "Granica obuhvata plana", "cad_sloj": "TPS_A001_Granica obuhvata", "list": "0_Granica obuhvata_ID_DPU_DRACEVAC", "plan": "DPU radne zone Dračevac", "izvor": "DPU radne zone Dračevac (split.hr), vektorizirano iz PDF-a"}}, {"type": "Feature", "geometry": {"type": "Polygon", "coordinates": [[[16.500143, 43.5261562], [16.5001545, 43.5261532], [16.5001508, 43.5261722], [16.500143, 43.5261562]]]}, "properties": {"tema": "granica", "opis": "Granica obuhvata plana", "cad_sloj": "TPS_A001_Granica obuhvata", "list": "0_Granica obuhvata_ID_DPU_DRACEVAC", "plan": "DPU radne zone Dračevac", "izvor": "DPU radne zone Dračevac (split.hr), vektorizirano iz PDF-a"}}, {"type": "Feature", "geometry": {"type": "Polygon", "coordinates": [[[16.5001545, 43.5261532], [16.5001508, 43.5261722], [16.5001629, 43.5261692], [16.5001545, 43.5261532]]]}, "properties": {"tema": "granica", "opis": "Granica obuhvata plana", "cad_sloj": "TPS_A001_Granica obuhvata", "list": "0_Granica obuhvata_ID_DPU_DRACEVAC", "plan": "DPU radne zone Dračevac", "izvor": "DPU radne zone Dračevac (split.hr), vektorizirano iz PDF-a"}}, {"type": "Feature", "geometry": {"type": "Polygon", "coordinates": [[[16.500155, 43.5261802], [16.5001665, 43.5261771], [16.5001634, 43.5261962], [16.500155, 43.5261802]]]}, "properties": {"tema": "granica", "opis": "Granica obuhvata plana", "cad_sloj": "TPS_A001_Granica obuhvata", "list": "0_Granica obuhvata_ID_DPU_DRACEVAC", "plan": "DPU radne zone Dračevac", "izvor": "DPU radne zone Dračevac (split.hr), vektorizirano iz PDF-a"}}, {"type": "Feature", "geometry": {"type": "Polygon", "coordinates": [[[16.5001665, 43.5261771], [16.5001634, 43.5261962], [16.5001749, 43.5261931], [16.5001665, 43.5261771]]]}, "properties": {"tema": "granica", "opis": "Granica obuhvata plana", "cad_sloj": "TPS_A001_Granica obuhvata", "list": "0_Granica obuhvata_ID_DPU_DRACEVAC", "plan": "DPU radne zone Dračevac", "izvor": "DPU radne zone Dračevac (split.hr), vektorizirano iz PDF-a"}}, {"type": "Feature", "geometry": {"type": "Polygon", "coordinates": [[[16.5001676, 43.5262042], [16.5001791, 43.5262011], [16.5001754, 43.5262205], [16.5001676, 43.5262042]]]}, "properties": {"tema": "granica", "opis": "Granica obuhvata plana", "cad_sloj": "TPS_A001_Granica obuhvata", "list": "0_Granica obuhvata_ID_DPU_DRACEVAC", "plan": "DPU radne zone Dračevac", "izvor": "DPU radne zone Dračevac (split.hr), vektorizirano iz PDF-a"}}, {"type": "Feature", "geometry": {"type": "Polygon", "coordinates": [[[16.5001791, 43.5262011], [16.5001754, 43.5262205], [16.5001874, 43.5262171], [16.5001791, 43.5262011]]]}, "properties": {"tema": "granica", "opis": "Granica obuhvata plana", "cad_sloj": "TPS_A001_Granica obuhvata", "list": "0_Granica obuhvata_ID_DPU_DRACEVAC", "plan": "DPU radne zone Dračevac", "izvor": "DPU radne zone Dračevac (split.hr), vektorizirano iz PDF-a"}}, {"type": "Feature", "geometry": {"type": "Polygon", "coordinates": [[[16.5001796, 43.5262285], [16.5001911, 43.5262251], [16.500188, 43.5262445], [16.5001796, 43.5262285]]]}, "properties": {"tema": "granica", "opis": "Granica obuhvata plana", "cad_sloj": "TPS_A001_Granica obuhvata", "list": "0_Granica obuhvata_ID_DPU_DRACEVAC", "plan": "DPU radne zone Dračevac", "izvor": "DPU radne zone Dračevac (split.hr), vektorizirano iz PDF-a"}}, {"type": "Feature", "geometry": {"type": "Polygon", "coordinates": [[[16.5001911, 43.5262251], [16.500188, 43.5262445], [16.5001995, 43.5262415], [16.5001911, 43.5262251]]]}, "properties": {"tema": "granica", "opis": "Granica obuhvata plana", "cad_sloj": "TPS_A001_Granica obuhvata", "list": "0_Granica obuhvata_ID_DPU_DRACEVAC", "plan": "DPU radne zone Dračevac", "izvor": "DPU radne zone Dračevac (split.hr), vektorizirano iz PDF-a"}}, {"type": "Feature", "geometry": {"type": "Polygon", "coordinates": [[[16.5001922, 43.5262525], [16.5002037, 43.5262495], [16.5002, 43.5262685], [16.5001922, 43.5262525]]]}, "properties": {"tema": "granica", "opis": "Granica obuhvata plana", "cad_sloj": "TPS_A001_Granica obuhvata", "list": "0_Granica obuhvata_ID_DPU_DRACEVAC", "plan": "DPU radne zone Dračevac", "izvor": "DPU radne zone Dračevac (split.hr), vektorizirano iz PDF-a"}}, {"type": "Feature", "geometry": {"type": "Polygon", "coordinates": [[[16.5002037, 43.5262495], [16.5002, 43.5262685], [16.500212, 43.5262655], [16.5002037, 43.5262495]]]}, "properties": {"tema": "granica", "opis": "Granica obuhvata plana", "cad_sloj": "TPS_A001_Granica obuhvata", "list": "0_Granica obuhvata_ID_DPU_DRACEVAC", "plan": "DPU radne zone Dračevac", "izvor": "DPU radne zone Dračevac (split.hr), vektorizirano iz PDF-a"}}, {"type": "Feature", "geometry": {"type": "Polygon", "coordinates": [[[16.5002042, 43.5262765], [16.5002157, 43.5262734], [16.5002126, 43.5262925], [16.5002042, 43.5262765]]]}, "properties": {"tema": "granica", "opis": "Granica obuhvata plana", "cad_sloj": "TPS_A001_Granica obuhvata", "list": "0_Granica obuhvata_ID_DPU_DRACEVAC", "plan": "DPU radne zone Dračevac", "izvor": "DPU radne zone Dračevac (split.hr), vektorizirano iz PDF-a"}}, {"type": "Feature", "geometry": {"type": "Polygon", "coordinates": [[[16.5002157, 43.5262734], [16.5002126, 43.5262925], [16.5002241, 43.5262894], [16.5002157, 43.5262734]]]}, "properties": {"tema": "granica", "opis": "Granica obuhvata plana", "cad_sloj": "TPS_A001_Granica obuhvata", "list": "0_Granica obuhvata_ID_DPU_DRACEVAC", "plan": "DPU radne zone Dračevac", "izvor": "DPU radne zone Dračevac (split.hr), vektorizirano iz PDF-a"}}, {"type": "Feature", "geometry": {"type": "Polygon", "coordinates": [[[16.5002167, 43.5263005], [16.5002282, 43.5262974], [16.5002246, 43.5263165], [16.5002167, 43.5263005]]]}, "properties": {"tema": "granica", "opis": "Granica obuhvata plana", "cad_sloj": "TPS_A001_Granica obuhvata", "list": "0_Granica obuhvata_ID_DPU_DRACEVAC", "plan": "DPU radne zone Dračevac", "izvor": "DPU radne zone Dračevac (split.hr), vektorizirano iz PDF-a"}}, {"type": "Feature", "geometry": {"type": "Polygon", "coordinates": [[[16.5002282, 43.5262974], [16.5002246, 43.5263165], [16.5002361, 43.5263134], [16.5002282, 43.5262974]]]}, "properties": {"tema": "granica", "opis": "Granica obuhvata plana", "cad_sloj": "TPS_A001_Granica obuhvata", "list": "0_Granica obuhvata_ID_DPU_DRACEVAC", "plan": "DPU radne zone Dračevac", "izvor": "DPU radne zone Dračevac (split.hr), vektorizirano iz PDF-a"}}, {"type": "Feature", "geometry": {"type": "Polygon", "coordinates": [[[16.5002288, 43.5263245], [16.5002403, 43.5263214], [16.5002314, 43.5263298], [16.5002288, 43.5263245]]]}, "properties": {"tema": "granica", "opis": "Granica obuhvata plana", "cad_sloj": "TPS_A001_Granica obuhvata", "list": "0_Granica obuhvata_ID_DPU_DRACEVAC", "plan": "DPU radne zone Dračevac", "izvor": "DPU radne zone Dračevac (split.hr), vektorizirano iz PDF-a"}}, {"type": "Feature", "geometry": {"type": "Polygon", "coordinates": [[[16.5002403, 43.5263214], [16.5002314, 43.5263298], [16.5002429, 43.5263267], [16.5002403, 43.5263214]]]}, "properties": {"tema": "granica", "opis": "Granica obuhvata plana", "cad_sloj": "TPS_A001_Granica obuhvata", "list": "0_Granica obuhvata_ID_DPU_DRACEVAC", "plan": "DPU radne zone Dračevac", "izvor": "DPU radne zone Dračevac (split.hr), vektorizirano iz PDF-a"}}, {"type": "Feature", "geometry": {"type": "Polygon", "coordinates": [[[16.5002314, 43.5263298], [16.5002429, 43.5263267], [16.5002371, 43.5263408], [16.5002314, 43.5263298]]]}, "properties": {"tema": "granica", "opis": "Granica obuhvata plana", "cad_sloj": "TPS_A001_Granica obuhvata", "list": "0_Granica obuhvata_ID_DPU_DRACEVAC", "plan": "DPU radne zone Dračevac", "izvor": "DPU radne zone Dračevac (split.hr), vektorizirano iz PDF-a"}}, {"type": "Feature", "geometry": {"type": "Polygon", "coordinates": [[[16.5002429, 43.5263267], [16.5002371, 43.5263408], [16.5002487, 43.5263374], [16.5002429, 43.5263267]]]}, "properties": {"tema": "granica", "opis": "Granica obuhvata plana", "cad_sloj": "TPS_A001_Granica obuhvata", "list": "0_Granica obuhvata_ID_DPU_DRACEVAC", "plan": "DPU radne zone Dračevac", "izvor": "DPU radne zone Dračevac (split.hr), vektorizirano iz PDF-a"}}, {"type": "Feature", "geometry": {"type": "Polygon", "coordinates": [[[16.5002413, 43.5263488], [16.5002528, 43.5263454], [16.5002492, 43.5263648], [16.5002413, 43.5263488]]]}, "properties": {"tema": "granica", "opis": "Granica obuhvata plana", "cad_sloj": "TPS_A001_Granica obuhvata", "list": "0_Granica obuhvata_ID_DPU_DRACEVAC", "plan": "DPU radne zone Dračevac", "izvor": "DPU radne zone Dračevac (split.hr), vektorizirano iz PDF-a"}}, {"type": "Feature", "geometry": {"type": "Polygon", "coordinates": [[[16.5002528, 43.5263454], [16.5002492, 43.5263648], [16.5002612, 43.5263614], [16.5002528, 43.5263454]]]}, "properties": {"tema": "granica", "opis": "Granica obuhvata plana", "cad_sloj": "TPS_A001_Granica obuhvata", "list": "0_Granica obuhvata_ID_DPU_DRACEVAC", "plan": "DPU radne zone Dračevac", "izvor": "DPU radne zone Dračevac (split.hr), vektorizirano iz PDF-a"}}, {"type": "Feature", "geometry": {"type": "Polygon", "coordinates": [[[16.5002534, 43.5263728], [16.5002649, 43.5263694], [16.5002617, 43.5263888], [16.5002534, 43.5263728]]]}, "properties": {"tema": "granica", "opis": "Granica obuhvata plana", "cad_sloj": "TPS_A001_Granica obuhvata", "list": "0_Granica obuhvata_ID_DPU_DRACEVAC", "plan": "DPU radne zone Dračevac", "izvor": "DPU radne zone Dračevac (split.hr), vektorizirano iz PDF-a"}}, {"type": "Feature", "geometry": {"type": "Polygon", "coordinates": [[[16.5002649, 43.5263694], [16.5002617, 43.5263888], [16.5002732, 43.5263857], [16.5002649, 43.5263694]]]}, "properties": {"tema": "granica", "opis": "Granica obuhvata plana", "cad_sloj": "TPS_A001_Granica obuhvata", "list": "0_Granica obuhvata_ID_DPU_DRACEVAC", "plan": "DPU radne zone Dračevac", "izvor": "DPU radne zone Dračevac (split.hr), vektorizirano iz PDF-a"}}, {"type": "Feature", "geometry": {"type": "Polygon", "coordinates": [[[16.5002659, 43.5263968], [16.5002774, 43.5263937], [16.5002743, 43.5264128], [16.5002659, 43.5263968]]]}, "properties": {"tema": "granica", "opis": "Granica obuhvata plana", "cad_sloj": "TPS_A001_Granica obuhvata", "list": "0_Granica obuhvata_ID_DPU_DRACEVAC", "plan": "DPU radne zone Dračevac", "izvor": "DPU radne zone Dračevac (split.hr), vektorizirano iz PDF-a"}}, {"type": "Feature", "geometry": {"type": "Polygon", "coordinates": [[[16.5002774, 43.5263937], [16.5002743, 43.5264128], [16.5002858, 43.5264097], [16.5002774, 43.5263937]]]}, "properties": {"tema": "granica", "opis": "Granica obuhvata plana", "cad_sloj": "TPS_A001_Granica obuhvata", "list": "0_Granica obuhvata_ID_DPU_DRACEVAC", "plan": "DPU radne zone Dračevac", "izvor": "DPU radne zone Dračevac (split.hr), vektorizirano iz PDF-a"}}, {"type": "Feature", "geometry": {"type": "Polygon", "coordinates": [[[16.5002779, 43.5264207], [16.5002895, 43.5264177], [16.5002795, 43.526423], [16.5002779, 43.5264207]]]}, "properties": {"tema": "granica", "opis": "Granica obuhvata plana", "cad_sloj": "TPS_A001_Granica obuhvata", "list": "0_Granica obuhvata_ID_DPU_DRACEVAC", "plan": "DPU radne zone Dračevac", "izvor": "DPU radne zone Dračevac (split.hr), vektorizirano iz PDF-a"}}, {"type": "Feature", "geometry": {"type": "Polygon", "coordinates": [[[16.5002895, 43.5264177], [16.5002795, 43.526423], [16.500291, 43.52642], [16.5002895, 43.5264177]]]}, "properties": {"tema": "granica", "opis": "Granica obuhvata plana", "cad_sloj": "TPS_A001_Granica obuhvata", "list": "0_Granica obuhvata_ID_DPU_DRACEVAC", "plan": "DPU radne zone Dračevac", "izvor": "DPU radne zone Dračevac (split.hr), vektorizirano iz PDF-a"}}, {"type": "Feature", "geometry": {"type": "Polygon", "coordinates": [[[16.5002795, 43.526423], [16.500291, 43.52642], [16.5002863, 43.5264367], [16.5002795, 43.526423]]]}, "properties": {"tema": "granica", "opis": "Granica obuhvata plana", "cad_sloj": "TPS_A001_Granica obuhvata", "list": "0_Granica obuhvata_ID_DPU_DRACEVAC", "plan": "DPU radne zone Dračevac", "izvor": "DPU radne zone Dračevac (split.hr), vektorizirano iz PDF-a"}}, {"type": "Feature", "geometry": {"type": "Polygon", "coordinates": [[[16.500291, 43.52642], [16.5002863, 43.5264367], [16.5002978, 43.5264337], [16.500291, 43.52642]]]}, "properties": {"tema": "granica", "opis": "Granica obuhvata plana", "cad_sloj": "TPS_A001_Granica obuhvata", "list": "0_Granica obuhvata_ID_DPU_DRACEVAC", "plan": "DPU radne zone Dračevac", "izvor": "DPU radne zone Dračevac (split.hr), vektorizirano iz PDF-a"}}, {"type": "Feature", "geometry": {"type": "Polygon", "coordinates": [[[16.50029, 43.5264447], [16.500302, 43.5264417], [16.5002983, 43.5264611], [16.50029, 43.5264447]]]}, "properties": {"tema": "granica", "opis": "Granica obuhvata plana", "cad_sloj": "TPS_A001_Granica obuhvata", "list": "0_Granica obuhvata_ID_DPU_DRACEVAC", "plan": "DPU radne zone Dračevac", "izvor": "DPU radne zone Dračevac (split.hr), vektorizirano iz PDF-a"}}, {"type": "Feature", "geometry": {"type": "Polygon", "coordinates": [[[16.500302, 43.5264417], [16.5002983, 43.5264611], [16.5003099, 43.5264577], [16.500302, 43.5264417]]]}, "properties": {"tema": "granica", "opis": "Granica obuhvata plana", "cad_sloj": "TPS_A001_Granica obuhvata", "list": "0_Granica obuhvata_ID_DPU_DRACEVAC", "plan": "DPU radne zone Dračevac", "izvor": "DPU radne zone Dračevac (split.hr), vektorizirano iz PDF-a"}}, {"type": "Feature", "geometry": {"type": "Polygon", "coordinates": [[[16.500302, 43.5264691], [16.500314, 43.526466], [16.5003104, 43.5264851], [16.500302, 43.5264691]]]}, "properties": {"tema": "granica", "opis": "Granica obuhvata plana", "cad_sloj": "TPS_A001_Granica obuhvata", "list": "0_Granica obuhvata_ID_DPU_DRACEVAC", "plan": "DPU radne zone Dračevac", "izvor": "DPU radne zone Dračevac (split.hr), vektorizirano iz PDF-a"}}, {"type": "Feature", "geometry": {"type": "Polygon", "coordinates": [[[16.500314, 43.526466], [16.5003104, 43.5264851], [16.5003219, 43.526482], [16.500314, 43.526466]]]}, "properties": {"tema": "granica", "opis": "Granica obuhvata plana", "cad_sloj": "TPS_A001_Granica obuhvata", "list": "0_Granica obuhvata_ID_DPU_DRACEVAC", "plan": "DPU radne zone Dračevac", "izvor": "DPU radne zone Dračevac (split.hr), vektorizirano iz PDF-a"}}, {"type": "Feature", "geometry": {"type": "Polygon", "coordinates": [[[16.500314, 43.5264931], [16.5003261, 43.52649], [16.5003224, 43.5265091], [16.500314, 43.5264931]]]}, "properties": {"tema": "granica", "opis": "Granica obuhvata plana", "cad_sloj": "TPS_A001_Granica obuhvata", "list": "0_Granica obuhvata_ID_DPU_DRACEVAC", "plan": "DPU radne zone Dračevac", "izvor": "DPU radne zone Dračevac (split.hr), vektorizirano iz PDF-a"}}, {"type": "Feature", "geometry": {"type": "Polygon", "coordinates": [[[16.5003261, 43.52649], [16.5003224, 43.5265091], [16.5003339, 43.526506], [16.5003261, 43.52649]]]}, "properties": {"tema": "granica", "opis": "Granica obuhvata plana", "cad_sloj": "TPS_A001_Granica obuhvata", "list": "0_Granica obuhvata_ID_DPU_DRACEVAC", "plan": "DPU radne zone Dračevac", "izvor": "DPU radne zone Dračevac (split.hr), vektorizirano iz PDF-a"}}, {"type": "Feature", "geometry": {"type": "Polygon", "coordinates": [[[16.5003261, 43.526517], [16.5003381, 43.526514], [16.5003344, 43.5265334], [16.5003261, 43.526517]]]}, "properties": {"tema": "granica", "opis": "Granica obuhvata plana", "cad_sloj": "TPS_A001_Granica obuhvata", "list": "0_Granica obuhvata_ID_DPU_DRACEVAC", "plan": "DPU radne zone Dračevac", "izvor": "DPU radne zone Dračevac (split.hr), vektorizirano iz PDF-a"}}, {"type": "Feature", "geometry": {"type": "Polygon", "coordinates": [[[16.5003381, 43.526514], [16.5003344, 43.5265334], [16.5003459, 43.5265304], [16.5003381, 43.526514]]]}, "properties": {"tema": "granica", "opis": "Granica obuhvata plana", "cad_sloj": "TPS_A001_Granica obuhvata", "list": "0_Granica obuhvata_ID_DPU_DRACEVAC", "plan": "DPU radne zone Dračevac", "izvor": "DPU radne zone Dračevac (split.hr), vektorizirano iz PDF-a"}}, {"type": "Feature", "geometry": {"type": "Polygon", "coordinates": [[[16.5003381, 43.5265414], [16.5003501, 43.5265384], [16.5003465, 43.5265574], [16.5003381, 43.5265414]]]}, "properties": {"tema": "granica", "opis": "Granica obuhvata plana", "cad_sloj": "TPS_A001_Granica obuhvata", "list": "0_Granica obuhvata_ID_DPU_DRACEVAC", "plan": "DPU radne zone Dračevac", "izvor": "DPU radne zone Dračevac (split.hr), vektorizirano iz PDF-a"}}, {"type": "Feature", "geometry": {"type": "Polygon", "coordinates": [[[16.5003501, 43.5265384], [16.5003465, 43.5265574], [16.500358, 43.5265543], [16.5003501, 43.5265384]]]}, "properties": {"tema": "granica", "opis": "Granica obuhvata plana", "cad_sloj": "TPS_A001_Granica obuhvata", "list": "0_Granica obuhvata_ID_DPU_DRACEVAC", "plan": "DPU radne zone Dračevac", "izvor": "DPU radne zone Dračevac (split.hr), vektorizirano iz PDF-a"}}, {"type": "Feature", "geometry": {"type": "Polygon", "coordinates": [[[16.5003501, 43.5265654], [16.5003622, 43.5265623], [16.5003585, 43.5265814], [16.5003501, 43.5265654]]]}, "properties": {"tema": "granica", "opis": "Granica obuhvata plana", "cad_sloj": "TPS_A001_Granica obuhvata", "list": "0_Granica obuhvata_ID_DPU_DRACEVAC", "plan": "DPU radne zone Dračevac", "izvor": "DPU radne zone Dračevac (split.hr), vektorizirano iz PDF-a"}}, {"type": "Feature", "geometry": {"type": "Polygon", "coordinates": [[[16.5003622, 43.5265623], [16.5003585, 43.5265814], [16.50037, 43.5265783], [16.5003622, 43.5265623]]]}, "properties": {"tema": "granica", "opis": "Granica obuhvata plana", "cad_sloj": "TPS_A001_Granica obuhvata", "list": "0_Granica obuhvata_ID_DPU_DRACEVAC", "plan": "DPU radne zone Dračevac", "izvor": "DPU radne zone Dračevac (split.hr), vektorizirano iz PDF-a"}}, {"type": "Feature", "geometry": {"type": "Polygon", "coordinates": [[[16.5003622, 43.5265894], [16.5003742, 43.5265863], [16.5003658, 43.5265958], [16.5003622, 43.5265894]]]}, "properties": {"tema": "granica", "opis": "Granica obuhvata plana", "cad_sloj": "TPS_A001_Granica obuhvata", "list": "0_Granica obuhvata_ID_DPU_DRACEVAC", "plan": "DPU radne zone Dračevac", "izvor": "DPU radne zone Dračevac (split.hr), vektorizirano iz PDF-a"}}, {"type": "Feature", "geometry": {"type": "Polygon", "coordinates": [[[16.5003742, 43.5265863], [16.5003658, 43.5265958], [16.5003773, 43.5265928], [16.5003742, 43.5265863]]]}, "properties": {"tema": "granica", "opis": "Granica obuhvata plana", "cad_sloj": "TPS_A001_Granica obuhvata", "list": "0_Granica obuhvata_ID_DPU_DRACEVAC", "plan": "DPU radne zone Dračevac", "izvor": "DPU radne zone Dračevac (split.hr), vektorizirano iz PDF-a"}}, {"type": "Feature", "geometry": {"type": "Polygon", "coordinates": [[[16.5003658, 43.5265958], [16.5003773, 43.5265928], [16.5003705, 43.5266057], [16.5003658, 43.5265958]]]}, "properties": {"tema": "granica", "opis": "Granica obuhvata plana", "cad_sloj": "TPS_A001_Granica obuhvata", "list": "0_Granica obuhvata_ID_DPU_DRACEVAC", "plan": "DPU radne zone Dračevac", "izvor": "DPU radne zone Dračevac (split.hr), vektorizirano iz PDF-a"}}, {"type": "Feature", "geometry": {"type": "Polygon", "coordinates": [[[16.5003773, 43.5265928], [16.5003705, 43.5266057], [16.500382, 43.5266027], [16.5003773, 43.5265928]]]}, "properties": {"tema": "granica", "opis": "Granica obuhvata plana", "cad_sloj": "TPS_A001_Granica obuhvata", "list": "0_Granica obuhvata_ID_DPU_DRACEVAC", "plan": "DPU radne zone Dračevac", "izvor": "DPU radne zone Dračevac (split.hr), vektorizirano iz PDF-a"}}, {"type": "Feature", "geometry": {"type": "Polygon", "coordinates": [[[16.5003747, 43.5266137], [16.5003862, 43.5266107], [16.5003826, 43.5266297], [16.5003747, 43.5266137]]]}, "properties": {"tema": "granica", "opis": "Granica obuhvata plana", "cad_sloj": "TPS_A001_Granica obuhvata", "list": "0_Granica obuhvata_ID_DPU_DRACEVAC", "plan": "DPU radne zone Dračevac", "izvor": "DPU radne zone Dračevac (split.hr), vektorizirano iz PDF-a"}}, {"type": "Feature", "geometry": {"type": "Polygon", "coordinates": [[[16.5003862, 43.5266107], [16.5003826, 43.5266297], [16.5003941, 43.5266267], [16.5003862, 43.5266107]]]}, "properties": {"tema": "granica", "opis": "Granica obuhvata plana", "cad_sloj": "TPS_A001_Granica obuhvata", "list": "0_Granica obuhvata_ID_DPU_DRACEVAC", "plan": "DPU radne zone Dračevac", "izvor": "DPU radne zone Dračevac (split.hr), vektorizirano iz PDF-a"}}, {"type": "Feature", "geometry": {"type": "Polygon", "coordinates": [[[16.5003868, 43.5266377], [16.5003983, 43.5266347], [16.5003951, 43.5266537], [16.5003868, 43.5266377]]]}, "properties": {"tema": "granica", "opis": "Granica obuhvata plana", "cad_sloj": "TPS_A001_Granica obuhvata", "list": "0_Granica obuhvata_ID_DPU_DRACEVAC", "plan": "DPU radne zone Dračevac", "izvor": "DPU radne zone Dračevac (split.hr), vektorizirano iz PDF-a"}}, {"type": "Feature", "geometry": {"type": "Polygon", "coordinates": [[[16.5003983, 43.5266347], [16.5003951, 43.5266537], [16.5004066, 43.5266506], [16.5003983, 43.5266347]]]}, "properties": {"tema": "granica", "opis": "Granica obuhvata plana", "cad_sloj": "TPS_A001_Granica obuhvata", "list": "0_Granica obuhvata_ID_DPU_DRACEVAC", "plan": "DPU radne zone Dračevac", "izvor": "DPU radne zone Dračevac (split.hr), vektorizirano iz PDF-a"}}, {"type": "Feature", "geometry": {"type": "Polygon", "coordinates": [[[16.5003988, 43.5266617], [16.5004103, 43.5266586], [16.5004072, 43.5266777], [16.5003988, 43.5266617]]]}, "properties": {"tema": "granica", "opis": "Granica obuhvata plana", "cad_sloj": "TPS_A001_Granica obuhvata", "list": "0_Granica obuhvata_ID_DPU_DRACEVAC", "plan": "DPU radne zone Dračevac", "izvor": "DPU radne zone Dračevac (split.hr), vektorizirano iz PDF-a"}}, {"type": "Feature", "geometry": {"type": "Polygon", "coordinates": [[[16.5004103, 43.5266586], [16.5004072, 43.5266777], [16.5004187, 43.5266746], [16.5004103, 43.5266586]]]}, "properties": {"tema": "granica", "opis": "Granica obuhvata plana", "cad_sloj": "TPS_A001_Granica obuhvata", "list": "0_Granica obuhvata_ID_DPU_DRACEVAC", "plan": "DPU radne zone Dračevac", "izvor": "DPU radne zone Dračevac (split.hr), vektorizirano iz PDF-a"}}, {"type": "Feature", "geometry": {"type": "Polygon", "coordinates": [[[16.5004113, 43.526686], [16.5004228, 43.5266826], [16.5004155, 43.526694], [16.5004113, 43.526686]]]}, "properties": {"tema": "granica", "opis": "Granica obuhvata plana", "cad_sloj": "TPS_A001_Granica obuhvata", "list": "0_Granica obuhvata_ID_DPU_DRACEVAC", "plan": "DPU radne zone Dračevac", "izvor": "DPU radne zone Dračevac (split.hr), vektorizirano iz PDF-a"}}, {"type": "Feature", "geometry": {"type": "Polygon", "coordinates": [[[16.5004228, 43.5266826], [16.5004155, 43.526694], [16.500427, 43.526691], [16.5004228, 43.5266826]]]}, "properties": {"tema": "granica", "opis": "Granica obuhvata plana", "cad_sloj": "TPS_A001_Granica obuhvata", "list": "0_Granica obuhvata_ID_DPU_DRACEVAC", "plan": "DPU radne zone Dračevac", "izvor": "DPU radne zone Dračevac (split.hr), vektorizirano iz PDF-a"}}, {"type": "Feature", "geometry": {"type": "Polygon", "coordinates": [[[16.5004155, 43.526694], [16.500427, 43.526691], [16.5004192, 43.526702], [16.5004155, 43.526694]]]}, "properties": {"tema": "granica", "opis": "Granica obuhvata plana", "cad_sloj": "TPS_A001_Granica obuhvata", "list": "0_Granica obuhvata_ID_DPU_DRACEVAC", "plan": "DPU radne zone Dračevac", "izvor": "DPU radne zone Dračevac (split.hr), vektorizirano iz PDF-a"}}, {"type": "Feature", "geometry": {"type": "Polygon", "coordinates": [[[16.500427, 43.526691], [16.5004192, 43.526702], [16.5004307, 43.526699], [16.500427, 43.526691]]]}, "properties": {"tema": "granica", "opis": "Granica obuhvata plana", "cad_sloj": "TPS_A001_Granica obuhvata", "list": "0_Granica obuhvata_ID_DPU_DRACEVAC", "plan": "DPU radne zone Dračevac", "izvor": "DPU radne zone Dračevac (split.hr), vektorizirano iz PDF-a"}}, {"type": "Feature", "geometry": {"type": "Polygon", "coordinates": [[[16.5004228, 43.52671], [16.5004344, 43.526707], [16.5004307, 43.5267256], [16.5004228, 43.52671]]]}, "properties": {"tema": "granica", "opis": "Granica obuhvata plana", "cad_sloj": "TPS_A001_Granica obuhvata", "list": "0_Granica obuhvata_ID_DPU_DRACEVAC", "plan": "DPU radne zone Dračevac", "izvor": "DPU radne zone Dračevac (split.hr), vektorizirano iz PDF-a"}}, {"type": "Feature", "geometry": {"type": "Polygon", "coordinates": [[[16.5004344, 43.526707], [16.5004307, 43.5267256], [16.5004422, 43.526723], [16.5004344, 43.526707]]]}, "properties": {"tema": "granica", "opis": "Granica obuhvata plana", "cad_sloj": "TPS_A001_Granica obuhvata", "list": "0_Granica obuhvata_ID_DPU_DRACEVAC", "plan": "DPU radne zone Dračevac", "izvor": "DPU radne zone Dračevac (split.hr), vektorizirano iz PDF-a"}}, {"type": "Feature", "geometry": {"type": "Polygon", "coordinates": [[[16.5004344, 43.526734], [16.5004464, 43.5267313], [16.5004422, 43.5267504], [16.5004344, 43.526734]]]}, "properties": {"tema": "granica", "opis": "Granica obuhvata plana", "cad_sloj": "TPS_A001_Granica obuhvata", "list": "0_Granica obuhvata_ID_DPU_DRACEVAC", "plan": "DPU radne zone Dračevac", "izvor": "DPU radne zone Dračevac (split.hr), vektorizirano iz PDF-a"}}, {"type": "Feature", "geometry": {"type": "Polygon", "coordinates": [[[16.5004464, 43.5267313], [16.5004422, 43.5267504], [16.5004537, 43.5267473], [16.5004464, 43.5267313]]]}, "properties": {"tema": "granica", "opis": "Granica obuhvata plana", "cad_sloj": "TPS_A001_Granica obuhvata", "list": "0_Granica obuhvata_ID_DPU_DRACEVAC", "plan": "DPU radne zone Dračevac", "izvor": "DPU radne zone Dračevac (split.hr), vektorizirano iz PDF-a"}}, {"type": "Feature", "geometry": {"type": "Polygon", "coordinates": [[[16.5004464, 43.5267584], [16.5004579, 43.5267553], [16.5004553, 43.5267743], [16.5004464, 43.5267584]]]}, "properties": {"tema": "granica", "opis": "Granica obuhvata plana", "cad_sloj": "TPS_A001_Granica obuhvata", "list": "0_Granica obuhvata_ID_DPU_DRACEVAC", "plan": "DPU radne zone Dračevac", "izvor": "DPU radne zone Dračevac (split.hr), vektorizirano iz PDF-a"}}, {"type": "Feature", "geometry": {"type": "Polygon", "coordinates": [[[16.5004579, 43.5267553], [16.5004553, 43.5267743], [16.5004668, 43.5267709], [16.5004579, 43.5267553]]]}, "properties": {"tema": "granica", "opis": "Granica obuhvata plana", "cad_sloj": "TPS_A001_Granica obuhvata", "list": "0_Granica obuhvata_ID_DPU_DRACEVAC", "plan": "DPU radne zone Dračevac", "izvor": "DPU radne zone Dračevac (split.hr), vektorizirano iz PDF-a"}}, {"type": "Feature", "geometry": {"type": "Polygon", "coordinates": [[[16.5004595, 43.5267823], [16.500471, 43.5267789], [16.5004616, 43.5267858], [16.5004595, 43.5267823]]]}, "properties": {"tema": "granica", "opis": "Granica obuhvata plana", "cad_sloj": "TPS_A001_Granica obuhvata", "list": "0_Granica obuhvata_ID_DPU_DRACEVAC", "plan": "DPU radne zone Dračevac", "izvor": "DPU radne zone Dračevac (split.hr), vektorizirano iz PDF-a"}}, {"type": "Feature", "geometry": {"type": "Polygon", "coordinates": [[[16.500471, 43.5267789], [16.5004616, 43.5267858], [16.5004731, 43.5267823], [16.500471, 43.5267789]]]}, "properties": {"tema": "granica", "opis": "Granica obuhvata plana", "cad_sloj": "TPS_A001_Granica obuhvata", "list": "0_Granica obuhvata_ID_DPU_DRACEVAC", "plan": "DPU radne zone Dračevac", "izvor": "DPU radne zone Dračevac (split.hr), vektorizirano iz PDF-a"}}, {"type": "Feature", "geometry": {"type": "Polygon", "coordinates": [[[16.5004616, 43.5267865], [16.5004736, 43.5267835], [16.5004678, 43.5267983], [16.5004616, 43.5267865]]]}, "properties": {"tema": "granica", "opis": "Granica obuhvata plana", "cad_sloj": "TPS_A001_Granica obuhvata", "list": "0_Granica obuhvata_ID_DPU_DRACEVAC", "plan": "DPU radne zone Dračevac", "izvor": "DPU radne zone Dračevac (split.hr), vektorizirano iz PDF-a"}}, {"type": "Feature", "geometry": {"type": "Polygon", "coordinates": [[[16.5004736, 43.5267835], [16.5004678, 43.5267983], [16.5004793, 43.5267953], [16.5004736, 43.5267835]]]}, "properties": {"tema": "granica", "opis": "Granica obuhvata plana", "cad_sloj": "TPS_A001_Granica obuhvata", "list": "0_Granica obuhvata_ID_DPU_DRACEVAC", "plan": "DPU radne zone Dračevac", "izvor": "DPU radne zone Dračevac (split.hr), vektorizirano iz PDF-a"}}, {"type": "Feature", "geometry": {"type": "Polygon", "coordinates": [[[16.5004715, 43.5268063], [16.500483, 43.5268033], [16.5004793, 43.5268223], [16.5004715, 43.5268063]]]}, "properties": {"tema": "granica", "opis": "Granica obuhvata plana", "cad_sloj": "TPS_A001_Granica obuhvata", "list": "0_Granica obuhvata_ID_DPU_DRACEVAC", "plan": "DPU radne zone Dračevac", "izvor": "DPU radne zone Dračevac (split.hr), vektorizirano iz PDF-a"}}, {"type": "Feature", "geometry": {"type": "Polygon", "coordinates": [[[16.500483, 43.5268033], [16.5004793, 43.5268223], [16.5004909, 43.5268193], [16.500483, 43.5268033]]]}, "properties": {"tema": "granica", "opis": "Granica obuhvata plana", "cad_sloj": "TPS_A001_Granica obuhvata", "list": "0_Granica obuhvata_ID_DPU_DRACEVAC", "plan": "DPU radne zone Dračevac", "izvor": "DPU radne zone Dračevac (split.hr), vektorizirano iz PDF-a"}}, {"type": "Feature", "geometry": {"type": "Polygon", "coordinates": [[[16.5004835, 43.5268303], [16.500495, 43.5268276], [16.5004914, 43.5268467], [16.5004835, 43.5268303]]]}, "properties": {"tema": "granica", "opis": "Granica obuhvata plana", "cad_sloj": "TPS_A001_Granica obuhvata", "list": "0_Granica obuhvata_ID_DPU_DRACEVAC", "plan": "DPU radne zone Dračevac", "izvor": "DPU radne zone Dračevac (split.hr), vektorizirano iz PDF-a"}}, {"type": "Feature", "geometry": {"type": "Polygon", "coordinates": [[[16.500495, 43.5268276], [16.5004914, 43.5268467], [16.5005029, 43.5268436], [16.500495, 43.5268276]]]}, "properties": {"tema": "granica", "opis": "Granica obuhvata plana", "cad_sloj": "TPS_A001_Granica obuhvata", "list": "0_Granica obuhvata_ID_DPU_DRACEVAC", "plan": "DPU radne zone Dračevac", "izvor": "DPU radne zone Dračevac (split.hr), vektorizirano iz PDF-a"}}, {"type": "Feature", "geometry": {"type": "Polygon", "coordinates": [[[16.500495, 43.5268547], [16.5005071, 43.5268516], [16.5005029, 43.5268706], [16.500495, 43.5268547]]]}, "properties": {"tema": "granica", "opis": "Granica obuhvata plana", "cad_sloj": "TPS_A001_Granica obuhvata", "list": "0_Granica obuhvata_ID_DPU_DRACEVAC", "plan": "DPU radne zone Dračevac", "izvor": "DPU radne zone Dračevac (split.hr), vektorizirano iz PDF-a"}}, {"type": "Feature", "geometry": {"type": "Polygon", "coordinates": [[[16.5005071, 43.5268516], [16.5005029, 43.5268706], [16.5005149, 43.5268676], [16.5005071, 43.5268516]]]}, "properties": {"tema": "granica", "opis": "Granica obuhvata plana", "cad_sloj": "TPS_A001_Granica obuhvata", "list": "0_Granica obuhvata_ID_DPU_DRACEVAC", "plan": "DPU radne zone Dračevac", "izvor": "DPU radne zone Dračevac (split.hr), vektorizirano iz PDF-a"}}, {"type": "Feature", "geometry": {"type": "Polygon", "coordinates": [[[16.5005071, 43.5268786], [16.5005186, 43.5268756], [16.5005149, 43.526895], [16.5005071, 43.5268786]]]}, "properties": {"tema": "granica", "opis": "Granica obuhvata plana", "cad_sloj": "TPS_A001_Granica obuhvata", "list": "0_Granica obuhvata_ID_DPU_DRACEVAC", "plan": "DPU radne zone Dračevac", "izvor": "DPU radne zone Dračevac (split.hr), vektorizirano iz PDF-a"}}, {"type": "Feature", "geometry": {"type": "Polygon", "coordinates": [[[16.5005186, 43.5268756], [16.5005149, 43.526895], [16.5005264, 43.526892], [16.5005186, 43.5268756]]]}, "properties": {"tema": "granica", "opis": "Granica obuhvata plana", "cad_sloj": "TPS_A001_Granica obuhvata", "list": "0_Granica obuhvata_ID_DPU_DRACEVAC", "plan": "DPU radne zone Dračevac", "izvor": "DPU radne zone Dračevac (split.hr), vektorizirano iz PDF-a"}}, {"type": "Feature", "geometry": {"type": "Polygon", "coordinates": [[[16.5005191, 43.526903], [16.5005306, 43.5269], [16.5005269, 43.526919], [16.5005191, 43.526903]]]}, "properties": {"tema": "granica", "opis": "Granica obuhvata plana", "cad_sloj": "TPS_A001_Granica obuhvata", "list": "0_Granica obuhvata_ID_DPU_DRACEVAC", "plan": "DPU radne zone Dračevac", "izvor": "DPU radne zone Dračevac (split.hr), vektorizirano iz PDF-a"}}, {"type": "Feature", "geometry": {"type": "Polygon", "coordinates": [[[16.5005306, 43.5269], [16.5005269, 43.526919], [16.5005385, 43.5269159], [16.5005306, 43.5269]]]}, "properties": {"tema": "granica", "opis": "Granica obuhvata plana", "cad_sloj": "TPS_A001_Granica obuhvata", "list": "0_Granica obuhvata_ID_DPU_DRACEVAC", "plan": "DPU radne zone Dračevac", "izvor": "DPU radne zone Dračevac (split.hr), vektorizirano iz PDF-a"}}, {"type": "Feature", "geometry": {"type": "Polygon", "coordinates": [[[16.5005306, 43.526927], [16.5005426, 43.5269239], [16.5005385, 43.5269433], [16.5005306, 43.526927]]]}, "properties": {"tema": "granica", "opis": "Granica obuhvata plana", "cad_sloj": "TPS_A001_Granica obuhvata", "list": "0_Granica obuhvata_ID_DPU_DRACEVAC", "plan": "DPU radne zone Dračevac", "izvor": "DPU radne zone Dračevac (split.hr), vektorizirano iz PDF-a"}}, {"type": "Feature", "geometry": {"type": "Polygon", "coordinates": [[[16.5005426, 43.5269239], [16.5005385, 43.5269433], [16.5005505, 43.5269403], [16.5005426, 43.5269239]]]}, "properties": {"tema": "granica", "opis": "Granica obuhvata plana", "cad_sloj": "TPS_A001_Granica obuhvata", "list": "0_Granica obuhvata_ID_DPU_DRACEVAC", "plan": "DPU radne zone Dračevac", "izvor": "DPU radne zone Dračevac (split.hr), vektorizirano iz PDF-a"}}, {"type": "Feature", "geometry": {"type": "Polygon", "coordinates": [[[16.5005426, 43.5269513], [16.5005541, 43.5269483], [16.5005505, 43.5269673], [16.5005426, 43.5269513]]]}, "properties": {"tema": "granica", "opis": "Granica obuhvata plana", "cad_sloj": "TPS_A001_Granica obuhvata", "list": "0_Granica obuhvata_ID_DPU_DRACEVAC", "plan": "DPU radne zone Dračevac", "izvor": "DPU radne zone Dračevac (split.hr), vektorizirano iz PDF-a"}}, {"type": "Feature", "geometry": {"type": "Polygon", "coordinates": [[[16.5005541, 43.5269483], [16.5005505, 43.5269673], [16.500562, 43.5269643], [16.5005541, 43.5269483]]]}, "properties": {"tema": "granica", "opis": "Granica obuhvata plana", "cad_sloj": "TPS_A001_Granica obuhvata", "list": "0_Granica obuhvata_ID_DPU_DRACEVAC", "plan": "DPU radne zone Dračevac", "izvor": "DPU radne zone Dračevac (split.hr), vektorizirano iz PDF-a"}}, {"type": "Feature", "geometry": {"type": "Polygon", "coordinates": [[[16.5005547, 43.5269753], [16.5005662, 43.5269723], [16.5005625, 43.5269917], [16.5005547, 43.5269753]]]}, "properties": {"tema": "granica", "opis": "Granica obuhvata plana", "cad_sloj": "TPS_A001_Granica obuhvata", "list": "0_Granica obuhvata_ID_DPU_DRACEVAC", "plan": "DPU radne zone Dračevac", "izvor": "DPU radne zone Dračevac (split.hr), vektorizirano iz PDF-a"}}, {"type": "Feature", "geometry": {"type": "Polygon", "coordinates": [[[16.5005662, 43.5269723], [16.5005625, 43.5269917], [16.500574, 43.5269883], [16.5005662, 43.5269723]]]}, "properties": {"tema": "granica", "opis": "Granica obuhvata plana", "cad_sloj": "TPS_A001_Granica obuhvata", "list": "0_Granica obuhvata_ID_DPU_DRACEVAC", "plan": "DPU radne zone Dračevac", "izvor": "DPU radne zone Dračevac (split.hr), vektorizirano iz PDF-a"}}, {"type": "Feature", "geometry": {"type": "Polygon", "coordinates": [[[16.5005667, 43.5269997], [16.5005782, 43.5269962], [16.5005751, 43.5270157], [16.5005667, 43.5269997]]]}, "properties": {"tema": "granica", "opis": "Granica obuhvata plana", "cad_sloj": "TPS_A001_Granica obuhvata", "list": "0_Granica obuhvata_ID_DPU_DRACEVAC", "plan": "DPU radne zone Dračevac", "izvor": "DPU radne zone Dračevac (split.hr), vektorizirano iz PDF-a"}}, {"type": "Feature", "geometry": {"type": "Polygon", "coordinates": [[[16.5005782, 43.5269962], [16.5005751, 43.5270157], [16.5005866, 43.5270126], [16.5005782, 43.5269962]]]}, "properties": {"tema": "granica", "opis": "Granica obuhvata plana", "cad_sloj": "TPS_A001_Granica obuhvata", "list": "0_Granica obuhvata_ID_DPU_DRACEVAC", "plan": "DPU radne zone Dračevac", "izvor": "DPU radne zone Dračevac (split.hr), vektorizirano iz PDF-a"}}, {"type": "Feature", "geometry": {"type": "Polygon", "coordinates": [[[16.5005793, 43.5270237], [16.5005908, 43.5270206], [16.5005871, 43.5270396], [16.5005793, 43.5270237]]]}, "properties": {"tema": "granica", "opis": "Granica obuhvata plana", "cad_sloj": "TPS_A001_Granica obuhvata", "list": "0_Granica obuhvata_ID_DPU_DRACEVAC", "plan": "DPU radne zone Dračevac", "izvor": "DPU radne zone Dračevac (split.hr), vektorizirano iz PDF-a"}}, {"type": "Feature", "geometry": {"type": "Polygon", "coordinates": [[[16.5005908, 43.5270206], [16.5005871, 43.5270396], [16.5005986, 43.5270366], [16.5005908, 43.5270206]]]}, "properties": {"tema": "granica", "opis": "Granica obuhvata plana", "cad_sloj": "TPS_A001_Granica obuhvata", "list": "0_Granica obuhvata_ID_DPU_DRACEVAC", "plan": "DPU radne zone Dračevac", "izvor": "DPU radne zone Dračevac (split.hr), vektorizirano iz PDF-a"}}, {"type": "Feature", "geometry": {"type": "Polygon", "coordinates": [[[16.5005913, 43.5270476], [16.5006028, 43.5270446], [16.5005997, 43.5270636], [16.5005913, 43.5270476]]]}, "properties": {"tema": "granica", "opis": "Granica obuhvata plana", "cad_sloj": "TPS_A001_Granica obuhvata", "list": "0_Granica obuhvata_ID_DPU_DRACEVAC", "plan": "DPU radne zone Dračevac", "izvor": "DPU radne zone Dračevac (split.hr), vektorizirano iz PDF-a"}}, {"type": "Feature", "geometry": {"type": "Polygon", "coordinates": [[[16.5006028, 43.5270446], [16.5005997, 43.5270636], [16.5006112, 43.5270606], [16.5006028, 43.5270446]]]}, "properties": {"tema": "granica", "opis": "Granica obuhvata plana", "cad_sloj": "TPS_A001_Granica obuhvata", "list": "0_Granica obuhvata_ID_DPU_DRACEVAC", "plan": "DPU radne zone Dračevac", "izvor": "DPU radne zone Dračevac (split.hr), vektorizirano iz PDF-a"}}, {"type": "Feature", "geometry": {"type": "Polygon", "coordinates": [[[16.5006033, 43.5270716], [16.5006154, 43.5270686], [16.5006117, 43.5270876], [16.5006033, 43.5270716]]]}, "properties": {"tema": "granica", "opis": "Granica obuhvata plana", "cad_sloj": "TPS_A001_Granica obuhvata", "list": "0_Granica obuhvata_ID_DPU_DRACEVAC", "plan": "DPU radne zone Dračevac", "izvor": "DPU radne zone Dračevac (split.hr), vektorizirano iz PDF-a"}}, {"type": "Feature", "geometry": {"type": "Polygon", "coordinates": [[[16.5006154, 43.5270686], [16.5006117, 43.5270876], [16.5006232, 43.5270846], [16.5006154, 43.5270686]]]}, "properties": {"tema": "granica", "opis": "Granica obuhvata plana", "cad_sloj": "TPS_A001_Granica obuhvata", "list": "0_Granica obuhvata_ID_DPU_DRACEVAC", "plan": "DPU radne zone Dračevac", "izvor": "DPU radne zone Dračevac (split.hr), vektorizirano iz PDF-a"}}, {"type": "Feature", "geometry": {"type": "Polygon", "coordinates": [[[16.5006164, 43.527096], [16.5006274, 43.5270922], [16.5006269, 43.5271116], [16.5006164, 43.527096]]]}, "properties": {"tema": "granica", "opis": "Granica obuhvata plana", "cad_sloj": "TPS_A001_Granica obuhvata", "list": "0_Granica obuhvata_ID_DPU_DRACEVAC", "plan": "DPU radne zone Dračevac", "izvor": "DPU radne zone Dračevac (split.hr), vektorizirano iz PDF-a"}}, {"type": "Feature", "geometry": {"type": "Polygon", "coordinates": [[[16.5006274, 43.5270922], [16.5006269, 43.5271116], [16.5006378, 43.5271074], [16.5006274, 43.5270922]]]}, "properties": {"tema": "granica", "opis": "Granica obuhvata plana", "cad_sloj": "TPS_A001_Granica obuhvata", "list": "0_Granica obuhvata_ID_DPU_DRACEVAC", "plan": "DPU radne zone Dračevac", "izvor": "DPU radne zone Dračevac (split.hr), vektorizirano iz PDF-a"}}, {"type": "Feature", "geometry": {"type": "Polygon", "coordinates": [[[16.5006321, 43.5271192], [16.5006431, 43.527115], [16.5006342, 43.5271222], [16.5006321, 43.5271192]]]}, "properties": {"tema": "granica", "opis": "Granica obuhvata plana", "cad_sloj": "TPS_A001_Granica obuhvata", "list": "0_Granica obuhvata_ID_DPU_DRACEVAC", "plan": "DPU radne zone Dračevac", "izvor": "DPU radne zone Dračevac (split.hr), vektorizirano iz PDF-a"}}, {"type": "Feature", "geometry": {"type": "Polygon", "coordinates": [[[16.5006431, 43.527115], [16.5006342, 43.5271222], [16.5006452, 43.5271184], [16.5006431, 43.527115]]]}, "properties": {"tema": "granica", "opis": "Granica obuhvata plana", "cad_sloj": "TPS_A001_Granica obuhvata", "list": "0_Granica obuhvata_ID_DPU_DRACEVAC", "plan": "DPU radne zone Dračevac", "izvor": "DPU radne zone Dračevac (split.hr), vektorizirano iz PDF-a"}}, {"type": "Feature", "geometry": {"type": "Polygon", "coordinates": [[[16.5006342, 43.5271219], [16.5006457, 43.5271188], [16.5006399, 43.5271344], [16.5006342, 43.5271219]]]}, "properties": {"tema": "granica", "opis": "Granica obuhvata plana", "cad_sloj": "TPS_A001_Granica obuhvata", "list": "0_Granica obuhvata_ID_DPU_DRACEVAC", "plan": "DPU radne zone Dračevac", "izvor": "DPU radne zone Dračevac (split.hr), vektorizirano iz PDF-a"}}, {"type": "Feature", "geometry": {"type": "Polygon", "coordinates": [[[16.5006457, 43.5271188], [16.5006399, 43.5271344], [16.5006514, 43.5271318], [16.5006457, 43.5271188]]]}, "properties": {"tema": "granica", "opis": "Granica obuhvata plana", "cad_sloj": "TPS_A001_Granica obuhvata", "list": "0_Granica obuhvata_ID_DPU_DRACEVAC", "plan": "DPU radne zone Dračevac", "izvor": "DPU radne zone Dračevac (split.hr), vektorizirano iz PDF-a"}}, {"type": "Feature", "geometry": {"type": "Polygon", "coordinates": [[[16.5006436, 43.5271428], [16.5006551, 43.5271397], [16.5006509, 43.5271588], [16.5006436, 43.5271428]]]}, "properties": {"tema": "granica", "opis": "Granica obuhvata plana", "cad_sloj": "TPS_A001_Granica obuhvata", "list": "0_Granica obuhvata_ID_DPU_DRACEVAC", "plan": "DPU radne zone Dračevac", "izvor": "DPU radne zone Dračevac (split.hr), vektorizirano iz PDF-a"}}, {"type": "Feature", "geometry": {"type": "Polygon", "coordinates": [[[16.5006551, 43.5271397], [16.5006509, 43.5271588], [16.5006624, 43.5271561], [16.5006551, 43.5271397]]]}, "properties": {"tema": "granica", "opis": "Granica obuhvata plana", "cad_sloj": "TPS_A001_Granica obuhvata", "list": "0_Granica obuhvata_ID_DPU_DRACEVAC", "plan": "DPU radne zone Dračevac", "izvor": "DPU radne zone Dračevac (split.hr), vektorizirano iz PDF-a"}}, {"type": "Feature", "geometry": {"type": "Polygon", "coordinates": [[[16.5006546, 43.5271671], [16.5006661, 43.5271641], [16.5006619, 43.5271828], [16.5006546, 43.5271671]]]}, "properties": {"tema": "granica", "opis": "Granica obuhvata plana", "cad_sloj": "TPS_A001_Granica obuhvata", "list": "0_Granica obuhvata_ID_DPU_DRACEVAC", "plan": "DPU radne zone Dračevac", "izvor": "DPU radne zone Dračevac (split.hr), vektorizirano iz PDF-a"}}, {"type": "Feature", "geometry": {"type": "Polygon", "coordinates": [[[16.5006661, 43.5271641], [16.5006619, 43.5271828], [16.5006734, 43.5271801], [16.5006661, 43.5271641]]]}, "properties": {"tema": "granica", "opis": "Granica obuhvata plana", "cad_sloj": "TPS_A001_Granica obuhvata", "list": "0_Granica obuhvata_ID_DPU_DRACEVAC", "plan": "DPU radne zone Dračevac", "izvor": "DPU radne zone Dračevac (split.hr), vektorizirano iz PDF-a"}}, {"type": "Feature", "geometry": {"type": "Polygon", "coordinates": [[[16.5006656, 43.5271915], [16.5006771, 43.5271885], [16.5006718, 43.5272048], [16.5006656, 43.5271915]]]}, "properties": {"tema": "granica", "opis": "Granica obuhvata plana", "cad_sloj": "TPS_A001_Granica obuhvata", "list": "0_Granica obuhvata_ID_DPU_DRACEVAC", "plan": "DPU radne zone Dračevac", "izvor": "DPU radne zone Dračevac (split.hr), vektorizirano iz PDF-a"}}, {"type": "Feature", "geometry": {"type": "Polygon", "coordinates": [[[16.5006771, 43.5271885], [16.5006718, 43.5272048], [16.5006834, 43.5272018], [16.5006771, 43.5271885]]]}, "properties": {"tema": "granica", "opis": "Granica obuhvata plana", "cad_sloj": "TPS_A001_Granica obuhvata", "list": "0_Granica obuhvata_ID_DPU_DRACEVAC", "plan": "DPU radne zone Dračevac", "izvor": "DPU radne zone Dračevac (split.hr), vektorizirano iz PDF-a"}}, {"type": "Feature", "geometry": {"type": "Polygon", "coordinates": [[[16.5006718, 43.5272048], [16.5006834, 43.5272018], [16.5006729, 43.5272075], [16.5006718, 43.5272048]]]}, "properties": {"tema": "granica", "opis": "Granica obuhvata plana", "cad_sloj": "TPS_A001_Granica obuhvata", "list": "0_Granica obuhvata_ID_DPU_DRACEVAC", "plan": "DPU radne zone Dračevac", "izvor": "DPU radne zone Dračevac (split.hr), vektorizirano iz PDF-a"}}, {"type": "Feature", "geometry": {"type": "Polygon", "coordinates": [[[16.5006834, 43.5272018], [16.5006729, 43.5272075], [16.5006849, 43.5272048], [16.5006834, 43.5272018]]]}, "properties": {"tema": "granica", "opis": "Granica obuhvata plana", "cad_sloj": "TPS_A001_Granica obuhvata", "list": "0_Granica obuhvata_ID_DPU_DRACEVAC", "plan": "DPU radne zone Dračevac", "izvor": "DPU radne zone Dračevac (split.hr), vektorizirano iz PDF-a"}}, {"type": "Feature", "geometry": {"type": "Polygon", "coordinates": [[[16.5006771, 43.5272159], [16.5006886, 43.5272128], [16.5006807, 43.5272246], [16.5006771, 43.5272159]]]}, "properties": {"tema": "granica", "opis": "Granica obuhvata plana", "cad_sloj": "TPS_A001_Granica obuhvata", "list": "0_Granica obuhvata_ID_DPU_DRACEVAC", "plan": "DPU radne zone Dračevac", "izvor": "DPU radne zone Dračevac (split.hr), vektorizirano iz PDF-a"}}, {"type": "Feature", "geometry": {"type": "Polygon", "coordinates": [[[16.5006886, 43.5272128], [16.5006807, 43.5272246], [16.5006928, 43.527222], [16.5006886, 43.5272128]]]}, "properties": {"tema": "granica", "opis": "Granica obuhvata plana", "cad_sloj": "TPS_A001_Granica obuhvata", "list": "0_Granica obuhvata_ID_DPU_DRACEVAC", "plan": "DPU radne zone Dračevac", "izvor": "DPU radne zone Dračevac (split.hr), vektorizirano iz PDF-a"}}, {"type": "Feature", "geometry": {"type": "Polygon", "coordinates": [[[16.5006807, 43.5272246], [16.5006928, 43.5272216], [16.5006844, 43.5272319], [16.5006807, 43.5272246]]]}, "properties": {"tema": "granica", "opis": "Granica obuhvata plana", "cad_sloj": "TPS_A001_Granica obuhvata", "list": "0_Granica obuhvata_ID_DPU_DRACEVAC", "plan": "DPU radne zone Dračevac", "izvor": "DPU radne zone Dračevac (split.hr), vektorizirano iz PDF-a"}}, {"type": "Feature", "geometry": {"type": "Polygon", "coordinates": [[[16.5006928, 43.5272216], [16.5006844, 43.5272319], [16.5006959, 43.5272292], [16.5006928, 43.5272216]]]}, "properties": {"tema": "granica", "opis": "Granica obuhvata plana", "cad_sloj": "TPS_A001_Granica obuhvata", "list": "0_Granica obuhvata_ID_DPU_DRACEVAC", "plan": "DPU radne zone Dračevac", "izvor": "DPU radne zone Dračevac (split.hr), vektorizirano iz PDF-a"}}, {"type": "Feature", "geometry": {"type": "Polygon", "coordinates": [[[16.5006886, 43.5272402], [16.5007001, 43.5272372], [16.5006964, 43.5272562], [16.5006886, 43.5272402]]]}, "properties": {"tema": "granica", "opis": "Granica obuhvata plana", "cad_sloj": "TPS_A001_Granica obuhvata", "list": "0_Granica obuhvata_ID_DPU_DRACEVAC", "plan": "DPU radne zone Dračevac", "izvor": "DPU radne zone Dračevac (split.hr), vektorizirano iz PDF-a"}}, {"type": "Feature", "geometry": {"type": "Polygon", "coordinates": [[[16.5007001, 43.5272372], [16.5006964, 43.5272562], [16.5007079, 43.5272532], [16.5007001, 43.5272372]]]}, "properties": {"tema": "granica", "opis": "Granica obuhvata plana", "cad_sloj": "TPS_A001_Granica obuhvata", "list": "0_Granica obuhvata_ID_DPU_DRACEVAC", "plan": "DPU radne zone Dračevac", "izvor": "DPU radne zone Dračevac (split.hr), vektorizirano iz PDF-a"}}, {"type": "Feature", "geometry": {"type": "Polygon", "coordinates": [[[16.5007001, 43.5272642], [16.5007116, 43.5272612], [16.5007011, 43.5272661], [16.5007001, 43.5272642]]]}, "properties": {"tema": "granica", "opis": "Granica obuhvata plana", "cad_sloj": "TPS_A001_Granica obuhvata", "list": "0_Granica obuhvata_ID_DPU_DRACEVAC", "plan": "DPU radne zone Dračevac", "izvor": "DPU radne zone Dračevac (split.hr), vektorizirano iz PDF-a"}}, {"type": "Feature", "geometry": {"type": "Polygon", "coordinates": [[[16.5007116, 43.5272612], [16.5007011, 43.5272661], [16.5007127, 43.5272631], [16.5007116, 43.5272612]]]}, "properties": {"tema": "granica", "opis": "Granica obuhvata plana", "cad_sloj": "TPS_A001_Granica obuhvata", "list": "0_Granica obuhvata_ID_DPU_DRACEVAC", "plan": "DPU radne zone Dračevac", "izvor": "DPU radne zone Dračevac (split.hr), vektorizirano iz PDF-a"}}, {"type": "Feature", "geometry": {"type": "Polygon", "coordinates": [[[16.5007043, 43.5272688], [16.5007095, 43.5272608], [16.5007226, 43.5272756], [16.5007043, 43.5272688]]]}, "properties": {"tema": "granica", "opis": "Granica obuhvata plana", "cad_sloj": "TPS_A001_Granica obuhvata", "list": "0_Granica obuhvata_ID_DPU_DRACEVAC", "plan": "DPU radne zone Dračevac", "izvor": "DPU radne zone Dračevac (split.hr), vektorizirano iz PDF-a"}}, {"type": "Feature", "geometry": {"type": "Polygon", "coordinates": [[[16.5007095, 43.5272608], [16.5007226, 43.5272756], [16.5007283, 43.5272676], [16.5007095, 43.5272608]]]}, "properties": {"tema": "granica", "opis": "Granica obuhvata plana", "cad_sloj": "TPS_A001_Granica obuhvata", "list": "0_Granica obuhvata_ID_DPU_DRACEVAC", "plan": "DPU radne zone Dračevac", "izvor": "DPU radne zone Dračevac (split.hr), vektorizirano iz PDF-a"}}, {"type": "Feature", "geometry": {"type": "Polygon", "coordinates": [[[16.5007331, 43.5272794], [16.5007388, 43.5272714], [16.500754, 43.527287], [16.5007331, 43.5272794]]]}, "properties": {"tema": "granica", "opis": "Granica obuhvata plana", "cad_sloj": "TPS_A001_Granica obuhvata", "list": "0_Granica obuhvata_ID_DPU_DRACEVAC", "plan": "DPU radne zone Dračevac", "izvor": "DPU radne zone Dračevac (split.hr), vektorizirano iz PDF-a"}}, {"type": "Feature", "geometry": {"type": "Polygon", "coordinates": [[[16.5007388, 43.5272714], [16.500754, 43.527287], [16.5007597, 43.5272791], [16.5007388, 43.5272714]]]}, "properties": {"tema": "granica", "opis": "Granica obuhvata plana", "cad_sloj": "TPS_A001_Granica obuhvata", "list": "0_Granica obuhvata_ID_DPU_DRACEVAC", "plan": "DPU radne zone Dračevac", "izvor": "DPU radne zone Dračevac (split.hr), vektorizirano iz PDF-a"}}, {"type": "Feature", "geometry": {"type": "Polygon", "coordinates": [[[16.5007644, 43.5272909], [16.5007702, 43.5272829], [16.5007854, 43.5272985], [16.5007644, 43.5272909]]]}, "properties": {"tema": "granica", "opis": "Granica obuhvata plana", "cad_sloj": "TPS_A001_Granica obuhvata", "list": "0_Granica obuhvata_ID_DPU_DRACEVAC", "plan": "DPU radne zone Dračevac", "izvor": "DPU radne zone Dračevac (split.hr), vektorizirano iz PDF-a"}}, {"type": "Feature", "geometry": {"type": "Polygon", "coordinates": [[[16.5007702, 43.5272829], [16.5007854, 43.5272985], [16.5007911, 43.5272905], [16.5007702, 43.5272829]]]}, "properties": {"tema": "granica", "opis": "Granica obuhvata plana", "cad_sloj": "TPS_A001_Granica obuhvata", "list": "0_Granica obuhvata_ID_DPU_DRACEVAC", "plan": "DPU radne zone Dračevac", "izvor": "DPU radne zone Dračevac (split.hr), vektorizirano iz PDF-a"}}, {"type": "Feature", "geometry": {"type": "Polygon", "coordinates": [[[16.5007958, 43.5273023], [16.5008016, 43.5272943], [16.5008168, 43.5273103], [16.5007958, 43.5273023]]]}, "properties": {"tema": "granica", "opis": "Granica obuhvata plana", "cad_sloj": "TPS_A001_Granica obuhvata", "list": "0_Granica obuhvata_ID_DPU_DRACEVAC", "plan": "DPU radne zone Dračevac", "izvor": "DPU radne zone Dračevac (split.hr), vektorizirano iz PDF-a"}}, {"type": "Feature", "geometry": {"type": "Polygon", "coordinates": [[[16.5008016, 43.5272943], [16.5008168, 43.5273103], [16.5008225, 43.5273023], [16.5008016, 43.5272943]]]}, "properties": {"tema": "granica", "opis": "Granica obuhvata plana", "cad_sloj": "TPS_A001_Granica obuhvata", "list": "0_Granica obuhvata_ID_DPU_DRACEVAC", "plan": "DPU radne zone Dračevac", "izvor": "DPU radne zone Dračevac (split.hr), vektorizirano iz PDF-a"}}, {"type": "Feature", "geometry": {"type": "Polygon", "coordinates": [[[16.5008277, 43.5273141], [16.500833, 43.5273061], [16.5008314, 43.5273156], [16.5008277, 43.5273141]]]}, "properties": {"tema": "granica", "opis": "Granica obuhvata plana", "cad_sloj": "TPS_A001_Granica obuhvata", "list": "0_Granica obuhvata_ID_DPU_DRACEVAC", "plan": "DPU radne zone Dračevac", "izvor": "DPU radne zone Dračevac (split.hr), vektorizirano iz PDF-a"}}, {"type": "Feature", "geometry": {"type": "Polygon", "coordinates": [[[16.500833, 43.5273061], [16.5008314, 43.5273156], [16.5008372, 43.5273076], [16.500833, 43.5273061]]]}, "properties": {"tema": "granica", "opis": "Granica obuhvata plana", "cad_sloj": "TPS_A001_Granica obuhvata", "list": "0_Granica obuhvata_ID_DPU_DRACEVAC", "plan": "DPU radne zone Dračevac", "izvor": "DPU radne zone Dračevac (split.hr), vektorizirano iz PDF-a"}}, {"type": "Feature", "geometry": {"type": "Polygon", "coordinates": [[[16.5008319, 43.5273156], [16.5008372, 43.5273076], [16.5008487, 43.5273217], [16.5008319, 43.5273156]]]}, "properties": {"tema": "granica", "opis": "Granica obuhvata plana", "cad_sloj": "TPS_A001_Granica obuhvata", "list": "0_Granica obuhvata_ID_DPU_DRACEVAC", "plan": "DPU radne zone Dračevac", "izvor": "DPU radne zone Dračevac (split.hr), vektorizirano iz PDF-a"}}, {"type": "Feature", "geometry": {"type": "Polygon", "coordinates": [[[16.5008372, 43.5273076], [16.5008487, 43.5273217], [16.5008539, 43.5273137], [16.5008372, 43.5273076]]]}, "properties": {"tema": "granica", "opis": "Granica obuhvata plana", "cad_sloj": "TPS_A001_Granica obuhvata", "list": "0_Granica obuhvata_ID_DPU_DRACEVAC", "plan": "DPU radne zone Dračevac", "izvor": "DPU radne zone Dračevac (split.hr), vektorizirano iz PDF-a"}}, {"type": "Feature", "geometry": {"type": "Polygon", "coordinates": [[[16.5008591, 43.5273255], [16.5008644, 43.5273175], [16.50088, 43.5273331], [16.5008591, 43.5273255]]]}, "properties": {"tema": "granica", "opis": "Granica obuhvata plana", "cad_sloj": "TPS_A001_Granica obuhvata", "list": "0_Granica obuhvata_ID_DPU_DRACEVAC", "plan": "DPU radne zone Dračevac", "izvor": "DPU radne zone Dračevac (split.hr), vektorizirano iz PDF-a"}}, {"type": "Feature", "geometry": {"type": "Polygon", "coordinates": [[[16.5008644, 43.5273175], [16.50088, 43.5273331], [16.5008858, 43.5273251], [16.5008644, 43.5273175]]]}, "properties": {"tema": "granica", "opis": "Granica obuhvata plana", "cad_sloj": "TPS_A001_Granica obuhvata", "list": "0_Granica obuhvata_ID_DPU_DRACEVAC", "plan": "DPU radne zone Dračevac", "izvor": "DPU radne zone Dračevac (split.hr), vektorizirano iz PDF-a"}}, {"type": "Feature", "geometry": {"type": "Polygon", "coordinates": [[[16.5008905, 43.5273369], [16.5008963, 43.5273289], [16.500912, 43.5273445], [16.5008905, 43.5273369]]]}, "properties": {"tema": "granica", "opis": "Granica obuhvata plana", "cad_sloj": "TPS_A001_Granica obuhvata", "list": "0_Granica obuhvata_ID_DPU_DRACEVAC", "plan": "DPU radne zone Dračevac", "izvor": "DPU radne zone Dračevac (split.hr), vektorizirano iz PDF-a"}}, {"type": "Feature", "geometry": {"type": "Polygon", "coordinates": [[[16.5008963, 43.5273289], [16.500912, 43.5273445], [16.5009172, 43.5273365], [16.5008963, 43.5273289]]]}, "properties": {"tema": "granica", "opis": "Granica obuhvata plana", "cad_sloj": "TPS_A001_Granica obuhvata", "list": "0_Granica obuhvata_ID_DPU_DRACEVAC", "plan": "DPU radne zone Dračevac", "izvor": "DPU radne zone Dračevac (split.hr), vektorizirano iz PDF-a"}}, {"type": "Feature", "geometry": {"type": "Polygon", "coordinates": [[[16.5009224, 43.5273483], [16.5009277, 43.5273403], [16.5009433, 43.5273559], [16.5009224, 43.5273483]]]}, "properties": {"tema": "granica", "opis": "Granica obuhvata plana", "cad_sloj": "TPS_A001_Granica obuhvata", "list": "0_Granica obuhvata_ID_DPU_DRACEVAC", "plan": "DPU radne zone Dračevac", "izvor": "DPU radne zone Dračevac (split.hr), vektorizirano iz PDF-a"}}, {"type": "Feature", "geometry": {"type": "Polygon", "coordinates": [[[16.5009277, 43.5273403], [16.5009433, 43.5273559], [16.5009486, 43.5273479], [16.5009277, 43.5273403]]]}, "properties": {"tema": "granica", "opis": "Granica obuhvata plana", "cad_sloj": "TPS_A001_Granica obuhvata", "list": "0_Granica obuhvata_ID_DPU_DRACEVAC", "plan": "DPU radne zone Dračevac", "izvor": "DPU radne zone Dračevac (split.hr), vektorizirano iz PDF-a"}}, {"type": "Feature", "geometry": {"type": "Polygon", "coordinates": [[[16.5009538, 43.5273597], [16.500959, 43.5273517], [16.500959, 43.5273616], [16.5009538, 43.5273597]]]}, "properties": {"tema": "granica", "opis": "Granica obuhvata plana", "cad_sloj": "TPS_A001_Granica obuhvata", "list": "0_Granica obuhvata_ID_DPU_DRACEVAC", "plan": "DPU radne zone Dračevac", "izvor": "DPU radne zone Dračevac (split.hr), vektorizirano iz PDF-a"}}, {"type": "Feature", "geometry": {"type": "Polygon", "coordinates": [[[16.500959, 43.5273517], [16.500959, 43.5273616], [16.5009643, 43.5273537], [16.500959, 43.5273517]]]}, "properties": {"tema": "granica", "opis": "Granica obuhvata plana", "cad_sloj": "TPS_A001_Granica obuhvata", "list": "0_Granica obuhvata_ID_DPU_DRACEVAC", "plan": "DPU radne zone Dračevac", "izvor": "DPU radne zone Dračevac (split.hr), vektorizirano iz PDF-a"}}, {"type": "Feature", "geometry": {"type": "Polygon", "coordinates": [[[16.5009611, 43.527362], [16.5009627, 43.5273533], [16.5009784, 43.5273635], [16.5009611, 43.527362]]]}, "properties": {"tema": "granica", "opis": "Granica obuhvata plana", "cad_sloj": "TPS_A001_Granica obuhvata", "list": "0_Granica obuhvata_ID_DPU_DRACEVAC", "plan": "DPU radne zone Dračevac", "izvor": "DPU radne zone Dračevac (split.hr), vektorizirano iz PDF-a"}}, {"type": "Feature", "geometry": {"type": "Polygon", "coordinates": [[[16.5009627, 43.5273533], [16.5009784, 43.5273635], [16.50098, 43.5273548], [16.5009627, 43.5273533]]]}, "properties": {"tema": "granica", "opis": "Granica obuhvata plana", "cad_sloj": "TPS_A001_Granica obuhvata", "list": "0_Granica obuhvata_ID_DPU_DRACEVAC", "plan": "DPU radne zone Dračevac", "izvor": "DPU radne zone Dračevac (split.hr), vektorizirano iz PDF-a"}}, {"type": "Feature", "geometry": {"type": "Polygon", "coordinates": [[[16.5009904, 43.5273647], [16.5009915, 43.5273556], [16.5010134, 43.5273666], [16.5009904, 43.5273647]]]}, "properties": {"tema": "granica", "opis": "Granica obuhvata plana", "cad_sloj": "TPS_A001_Granica obuhvata", "list": "0_Granica obuhvata_ID_DPU_DRACEVAC", "plan": "DPU radne zone Dračevac", "izvor": "DPU radne zone Dračevac (split.hr), vektorizirano iz PDF-a"}}, {"type": "Feature", "geometry": {"type": "Polygon", "coordinates": [[[16.5009915, 43.5273556], [16.5010134, 43.5273666], [16.501015, 43.5273578], [16.5009915, 43.5273556]]]}, "properties": {"tema": "granica", "opis": "Granica obuhvata plana", "cad_sloj": "TPS_A001_Granica obuhvata", "list": "0_Granica obuhvata_ID_DPU_DRACEVAC", "plan": "DPU radne zone Dračevac", "izvor": "DPU radne zone Dračevac (split.hr), vektorizirano iz PDF-a"}}, {"type": "Feature", "geometry": {"type": "Polygon", "coordinates": [[[16.5010255, 43.5273677], [16.5010265, 43.527359], [16.5010485, 43.52737], [16.5010255, 43.5273677]]]}, "properties": {"tema": "granica", "opis": "Granica obuhvata plana", "cad_sloj": "TPS_A001_Granica obuhvata", "list": "0_Granica obuhvata_ID_DPU_DRACEVAC", "plan": "DPU radne zone Dračevac", "izvor": "DPU radne zone Dračevac (split.hr), vektorizirano iz PDF-a"}}, {"type": "Feature", "geometry": {"type": "Polygon", "coordinates": [[[16.5010265, 43.527359], [16.5010485, 43.52737], [16.5010501, 43.5273609], [16.5010265, 43.527359]]]}, "properties": {"tema": "granica", "opis": "Granica obuhvata plana", "cad_sloj": "TPS_A001_Granica obuhvata", "list": "0_Granica obuhvata_ID_DPU_DRACEVAC", "plan": "DPU radne zone Dračevac", "izvor": "DPU radne zone Dračevac (split.hr), vektorizirano iz PDF-a"}}, {"type": "Feature", "geometry": {"type": "Polygon", "coordinates": [[[16.50106, 43.5273708], [16.5010616, 43.527362], [16.5010835, 43.5273731], [16.50106, 43.5273708]]]}, "properties": {"tema": "granica", "opis": "Granica obuhvata plana", "cad_sloj": "TPS_A001_Granica obuhvata", "list": "0_Granica obuhvata_ID_DPU_DRACEVAC", "plan": "DPU radne zone Dračevac", "izvor": "DPU radne zone Dračevac (split.hr), vektorizirano iz PDF-a"}}, {"type": "Feature", "geometry": {"type": "Polygon", "coordinates": [[[16.5010616, 43.527362], [16.5010835, 43.5273731], [16.5010851, 43.5273639], [16.5010616, 43.527362]]]}, "properties": {"tema": "granica", "opis": "Granica obuhvata plana", "cad_sloj": "TPS_A001_Granica obuhvata", "list": "0_Granica obuhvata_ID_DPU_DRACEVAC", "plan": "DPU radne zone Dračevac", "izvor": "DPU radne zone Dračevac (split.hr), vektorizirano iz PDF-a"}}, {"type": "Feature", "geometry": {"type": "Polygon", "coordinates": [[[16.501095, 43.5273742], [16.5010966, 43.5273651], [16.5011128, 43.5273757], [16.501095, 43.5273742]]]}, "properties": {"tema": "granica", "opis": "Granica obuhvata plana", "cad_sloj": "TPS_A001_Granica obuhvata", "list": "0_Granica obuhvata_ID_DPU_DRACEVAC", "plan": "DPU radne zone Dračevac", "izvor": "DPU radne zone Dračevac (split.hr), vektorizirano iz PDF-a"}}, {"type": "Feature", "geometry": {"type": "Polygon", "coordinates": [[[16.5010966, 43.5273651], [16.5011128, 43.5273757], [16.5011139, 43.5273666], [16.5010966, 43.5273651]]]}, "properties": {"tema": "granica", "opis": "Granica obuhvata plana", "cad_sloj": "TPS_A001_Granica obuhvata", "list": "0_Granica obuhvata_ID_DPU_DRACEVAC", "plan": "DPU radne zone Dračevac", "izvor": "DPU radne zone Dračevac (split.hr), vektorizirano iz PDF-a"}}, {"type": "Feature", "geometry": {"type": "Polygon", "coordinates": [[[16.5011071, 43.5273708], [16.5011196, 43.5273715], [16.5011066, 43.527375], [16.5011071, 43.5273708]]]}, "properties": {"tema": "granica", "opis": "Granica obuhvata plana", "cad_sloj": "TPS_A001_Granica obuhvata", "list": "0_Granica obuhvata_ID_DPU_DRACEVAC", "plan": "DPU radne zone Dračevac", "izvor": "DPU radne zone Dračevac (split.hr), vektorizirano iz PDF-a"}}, {"type": "Feature", "geometry": {"type": "Polygon", "coordinates": [[[16.5011196, 43.5273715], [16.5011066, 43.527375], [16.5011191, 43.5273757], [16.5011196, 43.5273715]]]}, "properties": {"tema": "granica", "opis": "Granica obuhvata plana", "cad_sloj": "TPS_A001_Granica obuhvata", "list": "0_Granica obuhvata_ID_DPU_DRACEVAC", "plan": "DPU radne zone Dračevac", "izvor": "DPU radne zone Dračevac (split.hr), vektorizirano iz PDF-a"}}, {"type": "Feature", "geometry": {"type": "Polygon", "coordinates": [[[16.5011055, 43.5273837], [16.5011181, 43.5273845], [16.5011039, 43.5274005], [16.5011055, 43.5273837]]]}, "properties": {"tema": "granica", "opis": "Granica obuhvata plana", "cad_sloj": "TPS_A001_Granica obuhvata", "list": "0_Granica obuhvata_ID_DPU_DRACEVAC", "plan": "DPU radne zone Dračevac", "izvor": "DPU radne zone Dračevac (split.hr), vektorizirano iz PDF-a"}}, {"type": "Feature", "geometry": {"type": "Polygon", "coordinates": [[[16.5011181, 43.5273845], [16.5011039, 43.5274005], [16.501116, 43.5274012], [16.5011181, 43.5273845]]]}, "properties": {"tema": "granica", "opis": "Granica obuhvata plana", "cad_sloj": "TPS_A001_Granica obuhvata", "list": "0_Granica obuhvata_ID_DPU_DRACEVAC", "plan": "DPU radne zone Dračevac", "izvor": "DPU radne zone Dračevac (split.hr), vektorizirano iz PDF-a"}}, {"type": "Feature", "geometry": {"type": "Polygon", "coordinates": [[[16.5011029, 43.5274092], [16.5011149, 43.52741], [16.5011008, 43.5274263], [16.5011029, 43.5274092]]]}, "properties": {"tema": "granica", "opis": "Granica obuhvata plana", "cad_sloj": "TPS_A001_Granica obuhvata", "list": "0_Granica obuhvata_ID_DPU_DRACEVAC", "plan": "DPU radne zone Dračevac", "izvor": "DPU radne zone Dračevac (split.hr), vektorizirano iz PDF-a"}}, {"type": "Feature", "geometry": {"type": "Polygon", "coordinates": [[[16.5011149, 43.52741], [16.5011008, 43.5274263], [16.5011128, 43.5274271], [16.5011149, 43.52741]]]}, "properties": {"tema": "granica", "opis": "Granica obuhvata plana", "cad_sloj": "TPS_A001_Granica obuhvata", "list": "0_Granica obuhvata_ID_DPU_DRACEVAC", "plan": "DPU radne zone Dračevac", "izvor": "DPU radne zone Dračevac (split.hr), vektorizirano iz PDF-a"}}, {"type": "Feature", "geometry": {"type": "Polygon", "coordinates": [[[16.5010998, 43.5274347], [16.5011118, 43.5274355], [16.5010977, 43.5274519], [16.5010998, 43.5274347]]]}, "properties": {"tema": "granica", "opis": "Granica obuhvata plana", "cad_sloj": "TPS_A001_Granica obuhvata", "list": "0_Granica obuhvata_ID_DPU_DRACEVAC", "plan": "DPU radne zone Dračevac", "izvor": "DPU radne zone Dračevac (split.hr), vektorizirano iz PDF-a"}}, {"type": "Feature", "geometry": {"type": "Polygon", "coordinates": [[[16.5011118, 43.5274355], [16.5010977, 43.5274519], [16.5011102, 43.5274526], [16.5011118, 43.5274355]]]}, "properties": {"tema": "granica", "opis": "Granica obuhvata plana", "cad_sloj": "TPS_A001_Granica obuhvata", "list": "0_Granica obuhvata_ID_DPU_DRACEVAC", "plan": "DPU radne zone Dračevac", "izvor": "DPU radne zone Dračevac (split.hr), vektorizirano iz PDF-a"}}, {"type": "Feature", "geometry": {"type": "Polygon", "coordinates": [[[16.5010966, 43.5274602], [16.5011092, 43.527461], [16.5010945, 43.5274774], [16.5010966, 43.5274602]]]}, "properties": {"tema": "granica", "opis": "Granica obuhvata plana", "cad_sloj": "TPS_A001_Granica obuhvata", "list": "0_Granica obuhvata_ID_DPU_DRACEVAC", "plan": "DPU radne zone Dračevac", "izvor": "DPU radne zone Dračevac (split.hr), vektorizirano iz PDF-a"}}, {"type": "Feature", "geometry": {"type": "Polygon", "coordinates": [[[16.5011092, 43.527461], [16.5010945, 43.5274774], [16.5011071, 43.5274781], [16.5011092, 43.527461]]]}, "properties": {"tema": "granica", "opis": "Granica obuhvata plana", "cad_sloj": "TPS_A001_Granica obuhvata", "list": "0_Granica obuhvata_ID_DPU_DRACEVAC", "plan": "DPU radne zone Dračevac", "izvor": "DPU radne zone Dračevac (split.hr), vektorizirano iz PDF-a"}}, {"type": "Feature", "geometry": {"type": "Polygon", "coordinates": [[[16.5010935, 43.5274857], [16.501106, 43.5274865], [16.501093, 43.5274895], [16.5010935, 43.5274857]]]}, "properties": {"tema": "granica", "opis": "Granica obuhvata plana", "cad_sloj": "TPS_A001_Granica obuhvata", "list": "0_Granica obuhvata_ID_DPU_DRACEVAC", "plan": "DPU radne zone Dračevac", "izvor": "DPU radne zone Dračevac (split.hr), vektorizirano iz PDF-a"}}, {"type": "Feature", "geometry": {"type": "Polygon", "coordinates": [[[16.501106, 43.5274865], [16.501093, 43.5274895], [16.5011055, 43.5274903], [16.501106, 43.5274865]]]}, "properties": {"tema": "granica", "opis": "Granica obuhvata plana", "cad_sloj": "TPS_A001_Granica obuhvata", "list": "0_Granica obuhvata_ID_DPU_DRACEVAC", "plan": "DPU radne zone Dračevac", "izvor": "DPU radne zone Dračevac (split.hr), vektorizirano iz PDF-a"}}, {"type": "Feature", "geometry": {"type": "Polygon", "coordinates": [[[16.5010951, 43.5274933], [16.5011034, 43.5274865], [16.5011092, 43.5275021], [16.5010951, 43.5274933]]]}, "properties": {"tema": "granica", "opis": "Granica obuhvata plana", "cad_sloj": "TPS_A001_Granica obuhvata", "list": "0_Granica obuhvata_ID_DPU_DRACEVAC", "plan": "DPU radne zone Dračevac", "izvor": "DPU radne zone Dračevac (split.hr), vektorizirano iz PDF-a"}}, {"type": "Feature", "geometry": {"type": "Polygon", "coordinates": [[[16.5011034, 43.5274865], [16.5011092, 43.5275021], [16.501117, 43.5274952], [16.5011034, 43.5274865]]]}, "properties": {"tema": "granica", "opis": "Granica obuhvata plana", "cad_sloj": "TPS_A001_Granica obuhvata", "list": "0_Granica obuhvata_ID_DPU_DRACEVAC", "plan": "DPU radne zone Dračevac", "izvor": "DPU radne zone Dračevac (split.hr), vektorizirano iz PDF-a"}}, {"type": "Feature", "geometry": {"type": "Polygon", "coordinates": [[[16.5011181, 43.5275078], [16.5011259, 43.527501], [16.5011338, 43.5275181], [16.5011181, 43.5275078]]]}, "properties": {"tema": "granica", "opis": "Granica obuhvata plana", "cad_sloj": "TPS_A001_Granica obuhvata", "list": "0_Granica obuhvata_ID_DPU_DRACEVAC", "plan": "DPU radne zone Dračevac", "izvor": "DPU radne zone Dračevac (split.hr), vektorizirano iz PDF-a"}}, {"type": "Feature", "geometry": {"type": "Polygon", "coordinates": [[[16.5011259, 43.527501], [16.5011338, 43.5275181], [16.5011421, 43.5275112], [16.5011259, 43.527501]]]}, "properties": {"tema": "granica", "opis": "Granica obuhvata plana", "cad_sloj": "TPS_A001_Granica obuhvata", "list": "0_Granica obuhvata_ID_DPU_DRACEVAC", "plan": "DPU radne zone Dračevac", "izvor": "DPU radne zone Dračevac (split.hr), vektorizirano iz PDF-a"}}, {"type": "Feature", "geometry": {"type": "Polygon", "coordinates": [[[16.5011343, 43.5275181], [16.5011416, 43.5275112], [16.5011359, 43.5275192], [16.5011343, 43.5275181]]]}, "properties": {"tema": "granica", "opis": "Granica obuhvata plana", "cad_sloj": "TPS_A001_Granica obuhvata", "list": "0_Granica obuhvata_ID_DPU_DRACEVAC", "plan": "DPU radne zone Dračevac", "izvor": "DPU radne zone Dračevac (split.hr), vektorizirano iz PDF-a"}}, {"type": "Feature", "geometry": {"type": "Polygon", "coordinates": [[[16.5011416, 43.5275112], [16.5011359, 43.5275192], [16.5011437, 43.527512], [16.5011416, 43.5275112]]]}, "properties": {"tema": "granica", "opis": "Granica obuhvata plana", "cad_sloj": "TPS_A001_Granica obuhvata", "list": "0_Granica obuhvata_ID_DPU_DRACEVAC", "plan": "DPU radne zone Dračevac", "izvor": "DPU radne zone Dračevac (split.hr), vektorizirano iz PDF-a"}}, {"type": "Feature", "geometry": {"type": "Polygon", "coordinates": [[[16.5011453, 43.5275246], [16.5011526, 43.5275173], [16.5011636, 43.5275348], [16.5011453, 43.5275246]]]}, "properties": {"tema": "granica", "opis": "Granica obuhvata plana", "cad_sloj": "TPS_A001_Granica obuhvata", "list": "0_Granica obuhvata_ID_DPU_DRACEVAC", "plan": "DPU radne zone Dračevac", "izvor": "DPU radne zone Dračevac (split.hr), vektorizirano iz PDF-a"}}, {"type": "Feature", "geometry": {"type": "Polygon", "coordinates": [[[16.5011526, 43.5275173], [16.5011636, 43.5275348], [16.5011714, 43.5275276], [16.5011526, 43.5275173]]]}, "properties": {"tema": "granica", "opis": "Granica obuhvata plana", "cad_sloj": "TPS_A001_Granica obuhvata", "list": "0_Granica obuhvata_ID_DPU_DRACEVAC", "plan": "DPU radne zone Dračevac", "izvor": "DPU radne zone Dračevac (split.hr), vektorizirano iz PDF-a"}}, {"type": "Feature", "geometry": {"type": "Polygon", "coordinates": [[[16.501173, 43.5275402], [16.5011808, 43.5275329], [16.501185, 43.527547], [16.501173, 43.5275402]]]}, "properties": {"tema": "granica", "opis": "Granica obuhvata plana", "cad_sloj": "TPS_A001_Granica obuhvata", "list": "0_Granica obuhvata_ID_DPU_DRACEVAC", "plan": "DPU radne zone Dračevac", "izvor": "DPU radne zone Dračevac (split.hr), vektorizirano iz PDF-a"}}, {"type": "Feature", "geometry": {"type": "Polygon", "coordinates": [[[16.5011808, 43.5275329], [16.501185, 43.527547], [16.5011929, 43.5275398], [16.5011808, 43.5275329]]]}, "properties": {"tema": "granica", "opis": "Granica obuhvata plana", "cad_sloj": "TPS_A001_Granica obuhvata", "list": "0_Granica obuhvata_ID_DPU_DRACEVAC", "plan": "DPU radne zone Dračevac", "izvor": "DPU radne zone Dračevac (split.hr), vektorizirano iz PDF-a"}}, {"type": "Feature", "geometry": {"type": "Polygon", "coordinates": [[[16.5011835, 43.5275413], [16.5011944, 43.5275451], [16.5011798, 43.5275466], [16.5011835, 43.5275413]]]}, "properties": {"tema": "granica", "opis": "Granica obuhvata plana", "cad_sloj": "TPS_A001_Granica obuhvata", "list": "0_Granica obuhvata_ID_DPU_DRACEVAC", "plan": "DPU radne zone Dračevac", "izvor": "DPU radne zone Dračevac (split.hr), vektorizirano iz PDF-a"}}, {"type": "Feature", "geometry": {"type": "Polygon", "coordinates": [[[16.5011944, 43.5275451], [16.5011798, 43.5275466], [16.5011908, 43.5275508], [16.5011944, 43.5275451]]]}, "properties": {"tema": "granica", "opis": "Granica obuhvata plana", "cad_sloj": "TPS_A001_Granica obuhvata", "list": "0_Granica obuhvata_ID_DPU_DRACEVAC", "plan": "DPU radne zone Dračevac", "izvor": "DPU radne zone Dračevac (split.hr), vektorizirano iz PDF-a"}}, {"type": "Feature", "geometry": {"type": "Polygon", "coordinates": [[[16.5011746, 43.5275542], [16.5011856, 43.5275584], [16.5011641, 43.5275698], [16.5011746, 43.5275542]]]}, "properties": {"tema": "granica", "opis": "Granica obuhvata plana", "cad_sloj": "TPS_A001_Granica obuhvata", "list": "0_Granica obuhvata_ID_DPU_DRACEVAC", "plan": "DPU radne zone Dračevac", "izvor": "DPU radne zone Dračevac (split.hr), vektorizirano iz PDF-a"}}, {"type": "Feature", "geometry": {"type": "Polygon", "coordinates": [[[16.5011856, 43.5275584], [16.5011641, 43.5275698], [16.5011751, 43.5275737], [16.5011856, 43.5275584]]]}, "properties": {"tema": "granica", "opis": "Granica obuhvata plana", "cad_sloj": "TPS_A001_Granica obuhvata", "list": "0_Granica obuhvata_ID_DPU_DRACEVAC", "plan": "DPU radne zone Dračevac", "izvor": "DPU radne zone Dračevac (split.hr), vektorizirano iz PDF-a"}}, {"type": "Feature", "geometry": {"type": "Polygon", "coordinates": [[[16.5011589, 43.5275775], [16.5011699, 43.5275813], [16.5011484, 43.5275927], [16.5011589, 43.5275775]]]}, "properties": {"tema": "granica", "opis": "Granica obuhvata plana", "cad_sloj": "TPS_A001_Granica obuhvata", "list": "0_Granica obuhvata_ID_DPU_DRACEVAC", "plan": "DPU radne zone Dračevac", "izvor": "DPU radne zone Dračevac (split.hr), vektorizirano iz PDF-a"}}, {"type": "Feature", "geometry": {"type": "Polygon", "coordinates": [[[16.5011699, 43.5275813], [16.5011484, 43.5275927], [16.5011594, 43.5275965], [16.5011699, 43.5275813]]]}, "properties": {"tema": "granica", "opis": "Granica obuhvata plana", "cad_sloj": "TPS_A001_Granica obuhvata", "list": "0_Granica obuhvata_ID_DPU_DRACEVAC", "plan": "DPU radne zone Dračevac", "izvor": "DPU radne zone Dračevac (split.hr), vektorizirano iz PDF-a"}}, {"type": "Feature", "geometry": {"type": "Polygon", "coordinates": [[[16.5011432, 43.5276003], [16.5011542, 43.5276045], [16.5011416, 43.5276026], [16.5011432, 43.5276003]]]}, "properties": {"tema": "granica", "opis": "Granica obuhvata plana", "cad_sloj": "TPS_A001_Granica obuhvata", "list": "0_Granica obuhvata_ID_DPU_DRACEVAC", "plan": "DPU radne zone Dračevac", "izvor": "DPU radne zone Dračevac (split.hr), vektorizirano iz PDF-a"}}, {"type": "Feature", "geometry": {"type": "Polygon", "coordinates": [[[16.5011542, 43.5276045], [16.5011416, 43.5276026], [16.5011526, 43.5276068], [16.5011542, 43.5276045]]]}, "properties": {"tema": "granica", "opis": "Granica obuhvata plana", "cad_sloj": "TPS_A001_Granica obuhvata", "list": "0_Granica obuhvata_ID_DPU_DRACEVAC", "plan": "DPU radne zone Dračevac", "izvor": "DPU radne zone Dračevac (split.hr), vektorizirano iz PDF-a"}}, {"type": "Feature", "geometry": {"type": "Polygon", "coordinates": [[[16.5011458, 43.5276003], [16.5011479, 43.527609], [16.5011348, 43.5276014], [16.5011458, 43.5276003]]]}, "properties": {"tema": "granica", "opis": "Granica obuhvata plana", "cad_sloj": "TPS_A001_Granica obuhvata", "list": "0_Granica obuhvata_ID_DPU_DRACEVAC", "plan": "DPU radne zone Dračevac", "izvor": "DPU radne zone Dračevac (split.hr), vektorizirano iz PDF-a"}}, {"type": "Feature", "geometry": {"type": "Polygon", "coordinates": [[[16.5011479, 43.527609], [16.5011348, 43.5276014], [16.5011369, 43.5276106], [16.5011479, 43.527609]]]}, "properties": {"tema": "granica", "opis": "Granica obuhvata plana", "cad_sloj": "TPS_A001_Granica obuhvata", "list": "0_Granica obuhvata_ID_DPU_DRACEVAC", "plan": "DPU radne zone Dračevac", "izvor": "DPU radne zone Dračevac (split.hr), vektorizirano iz PDF-a"}}, {"type": "Feature", "geometry": {"type": "Polygon", "coordinates": [[[16.5011353, 43.5276014], [16.5011364, 43.5276106], [16.501127, 43.5276022], [16.5011353, 43.5276014]]]}, "properties": {"tema": "granica", "opis": "Granica obuhvata plana", "cad_sloj": "TPS_A001_Granica obuhvata", "list": "0_Granica obuhvata_ID_DPU_DRACEVAC", "plan": "DPU radne zone Dračevac", "izvor": "DPU radne zone Dračevac (split.hr), vektorizirano iz PDF-a"}}, {"type": "Feature", "geometry": {"type": "Polygon", "coordinates": [[[16.5011364, 43.5276106], [16.501127, 43.5276022], [16.501128, 43.527611], [16.5011364, 43.5276106]]]}, "properties": {"tema": "granica", "opis": "Granica obuhvata plana", "cad_sloj": "TPS_A001_Granica obuhvata", "list": "0_Granica obuhvata_ID_DPU_DRACEVAC", "plan": "DPU radne zone Dračevac", "izvor": "DPU radne zone Dračevac (split.hr), vektorizirano iz PDF-a"}}, {"type": "Feature", "geometry": {"type": "Polygon", "coordinates": [[[16.5011149, 43.527603], [16.501116, 43.5276117], [16.5010914, 43.5276041], [16.5011149, 43.527603]]]}, "properties": {"tema": "granica", "opis": "Granica obuhvata plana", "cad_sloj": "TPS_A001_Granica obuhvata", "list": "0_Granica obuhvata_ID_DPU_DRACEVAC", "plan": "DPU radne zone Dračevac", "izvor": "DPU radne zone Dračevac (split.hr), vektorizirano iz PDF-a"}}, {"type": "Feature", "geometry": {"type": "Polygon", "coordinates": [[[16.501116, 43.5276117], [16.5010914, 43.5276041], [16.501093, 43.5276132], [16.501116, 43.5276117]]]}, "properties": {"tema": "granica", "opis": "Granica obuhvata plana", "cad_sloj": "TPS_A001_Granica obuhvata", "list": "0_Granica obuhvata_ID_DPU_DRACEVAC", "plan": "DPU radne zone Dračevac", "izvor": "DPU radne zone Dračevac (split.hr), vektorizirano iz PDF-a"}}, {"type": "Feature", "geometry": {"type": "Polygon", "coordinates": [[[16.5010867, 43.5276167], [16.5010982, 43.5276144], [16.501093, 43.527633], [16.5010867, 43.5276167]]]}, "properties": {"tema": "granica", "opis": "Granica obuhvata plana", "cad_sloj": "TPS_A001_Granica obuhvata", "list": "0_Granica obuhvata_ID_DPU_DRACEVAC", "plan": "DPU radne zone Dračevac", "izvor": "DPU radne zone Dračevac (split.hr), vektorizirano iz PDF-a"}}, {"type": "Feature", "geometry": {"type": "Polygon", "coordinates": [[[16.5010982, 43.5276144], [16.501093, 43.527633], [16.501105, 43.5276307], [16.5010982, 43.5276144]]]}, "properties": {"tema": "granica", "opis": "Granica obuhvata plana", "cad_sloj": "TPS_A001_Granica obuhvata", "list": "0_Granica obuhvata_ID_DPU_DRACEVAC", "plan": "DPU radne zone Dračevac", "izvor": "DPU radne zone Dračevac (split.hr), vektorizirano iz PDF-a"}}, {"type": "Feature", "geometry": {"type": "Polygon", "coordinates": [[[16.5010961, 43.5276414], [16.5011081, 43.5276387], [16.5011029, 43.5276578], [16.5010961, 43.5276414]]]}, "properties": {"tema": "granica", "opis": "Granica obuhvata plana", "cad_sloj": "TPS_A001_Granica obuhvata", "list": "0_Granica obuhvata_ID_DPU_DRACEVAC", "plan": "DPU radne zone Dračevac", "izvor": "DPU radne zone Dračevac (split.hr), vektorizirano iz PDF-a"}}, {"type": "Feature", "geometry": {"type": "Polygon", "coordinates": [[[16.5011081, 43.5276387], [16.5011029, 43.5276578], [16.5011149, 43.5276551], [16.5011081, 43.5276387]]]}, "properties": {"tema": "granica", "opis": "Granica obuhvata plana", "cad_sloj": "TPS_A001_Granica obuhvata", "list": "0_Granica obuhvata_ID_DPU_DRACEVAC", "plan": "DPU radne zone Dračevac", "izvor": "DPU radne zone Dračevac (split.hr), vektorizirano iz PDF-a"}}, {"type": "Feature", "geometry": {"type": "Polygon", "coordinates": [[[16.501106, 43.5276661], [16.5011181, 43.5276635], [16.5011128, 43.5276825], [16.501106, 43.5276661]]]}, "properties": {"tema": "granica", "opis": "Granica obuhvata plana", "cad_sloj": "TPS_A001_Granica obuhvata", "list": "0_Granica obuhvata_ID_DPU_DRACEVAC", "plan": "DPU radne zone Dračevac", "izvor": "DPU radne zone Dračevac (split.hr), vektorizirano iz PDF-a"}}, {"type": "Feature", "geometry": {"type": "Polygon", "coordinates": [[[16.5011181, 43.5276635], [16.5011128, 43.5276825], [16.5011243, 43.5276798], [16.5011181, 43.5276635]]]}, "properties": {"tema": "granica", "opis": "Granica obuhvata plana", "cad_sloj": "TPS_A001_Granica obuhvata", "list": "0_Granica obuhvata_ID_DPU_DRACEVAC", "plan": "DPU radne zone Dračevac", "izvor": "DPU radne zone Dračevac (split.hr), vektorizirano iz PDF-a"}}, {"type": "Feature", "geometry": {"type": "Polygon", "coordinates": [[[16.501116, 43.5276905], [16.501128, 43.5276882], [16.5011217, 43.5277072], [16.501116, 43.5276905]]]}, "properties": {"tema": "granica", "opis": "Granica obuhvata plana", "cad_sloj": "TPS_A001_Granica obuhvata", "list": "0_Granica obuhvata_ID_DPU_DRACEVAC", "plan": "DPU radne zone Dračevac", "izvor": "DPU radne zone Dračevac (split.hr), vektorizirano iz PDF-a"}}, {"type": "Feature", "geometry": {"type": "Polygon", "coordinates": [[[16.501128, 43.5276882], [16.5011217, 43.5277072], [16.5011332, 43.527705], [16.501128, 43.5276882]]]}, "properties": {"tema": "granica", "opis": "Granica obuhvata plana", "cad_sloj": "TPS_A001_Granica obuhvata", "list": "0_Granica obuhvata_ID_DPU_DRACEVAC", "plan": "DPU radne zone Dračevac", "izvor": "DPU radne zone Dračevac (split.hr), vektorizirano iz PDF-a"}}, {"type": "Feature", "geometry": {"type": "Polygon", "coordinates": [[[16.5011243, 43.5277152], [16.5011364, 43.5277133], [16.5011301, 43.527732], [16.5011243, 43.5277152]]]}, "properties": {"tema": "granica", "opis": "Granica obuhvata plana", "cad_sloj": "TPS_A001_Granica obuhvata", "list": "0_Granica obuhvata_ID_DPU_DRACEVAC", "plan": "DPU radne zone Dračevac", "izvor": "DPU radne zone Dračevac (split.hr), vektorizirano iz PDF-a"}}, {"type": "Feature", "geometry": {"type": "Polygon", "coordinates": [[[16.5011364, 43.5277133], [16.5011301, 43.527732], [16.5011421, 43.5277297], [16.5011364, 43.5277133]]]}, "properties": {"tema": "granica", "opis": "Granica obuhvata plana", "cad_sloj": "TPS_A001_Granica obuhvata", "list": "0_Granica obuhvata_ID_DPU_DRACEVAC", "plan": "DPU radne zone Dračevac", "izvor": "DPU radne zone Dračevac (split.hr), vektorizirano iz PDF-a"}}, {"type": "Feature", "geometry": {"type": "Polygon", "coordinates": [[[16.5011327, 43.5277404], [16.5011448, 43.5277381], [16.5011385, 43.5277567], [16.5011327, 43.5277404]]]}, "properties": {"tema": "granica", "opis": "Granica obuhvata plana", "cad_sloj": "TPS_A001_Granica obuhvata", "list": "0_Granica obuhvata_ID_DPU_DRACEVAC", "plan": "DPU radne zone Dračevac", "izvor": "DPU radne zone Dračevac (split.hr), vektorizirano iz PDF-a"}}, {"type": "Feature", "geometry": {"type": "Polygon", "coordinates": [[[16.5011448, 43.5277381], [16.5011385, 43.5277567], [16.5011505, 43.5277548], [16.5011448, 43.5277381]]]}, "properties": {"tema": "granica", "opis": "Granica obuhvata plana", "cad_sloj": "TPS_A001_Granica obuhvata", "list": "0_Granica obuhvata_ID_DPU_DRACEVAC", "plan": "DPU radne zone Dračevac", "izvor": "DPU radne zone Dračevac (split.hr), vektorizirano iz PDF-a"}}, {"type": "Feature", "geometry": {"type": "Polygon", "coordinates": [[[16.5011411, 43.5277651], [16.5011531, 43.5277632], [16.5011468, 43.5277819], [16.5011411, 43.5277651]]]}, "properties": {"tema": "granica", "opis": "Granica obuhvata plana", "cad_sloj": "TPS_A001_Granica obuhvata", "list": "0_Granica obuhvata_ID_DPU_DRACEVAC", "plan": "DPU radne zone Dračevac", "izvor": "DPU radne zone Dračevac (split.hr), vektorizirano iz PDF-a"}}, {"type": "Feature", "geometry": {"type": "Polygon", "coordinates": [[[16.5011531, 43.5277632], [16.5011468, 43.5277819], [16.5011589, 43.5277796], [16.5011531, 43.5277632]]]}, "properties": {"tema": "granica", "opis": "Granica obuhvata plana", "cad_sloj": "TPS_A001_Granica obuhvata", "list": "0_Granica obuhvata_ID_DPU_DRACEVAC", "plan": "DPU radne zone Dračevac", "izvor": "DPU radne zone Dračevac (split.hr), vektorizirano iz PDF-a"}}, {"type": "Feature", "geometry": {"type": "Polygon", "coordinates": [[[16.50115, 43.5277902], [16.501162, 43.5277879], [16.5011557, 43.5278066], [16.50115, 43.5277902]]]}, "properties": {"tema": "granica", "opis": "Granica obuhvata plana", "cad_sloj": "TPS_A001_Granica obuhvata", "list": "0_Granica obuhvata_ID_DPU_DRACEVAC", "plan": "DPU radne zone Dračevac", "izvor": "DPU radne zone Dračevac (split.hr), vektorizirano iz PDF-a"}}, {"type": "Feature", "geometry": {"type": "Polygon", "coordinates": [[[16.501162, 43.5277879], [16.5011557, 43.5278066], [16.5011672, 43.5278047], [16.501162, 43.5277879]]]}, "properties": {"tema": "granica", "opis": "Granica obuhvata plana", "cad_sloj": "TPS_A001_Granica obuhvata", "list": "0_Granica obuhvata_ID_DPU_DRACEVAC", "plan": "DPU radne zone Dračevac", "izvor": "DPU radne zone Dračevac (split.hr), vektorizirano iz PDF-a"}}, {"type": "Feature", "geometry": {"type": "Polygon", "coordinates": [[[16.5011584, 43.527815], [16.5011704, 43.5278127], [16.5011641, 43.5278317], [16.5011584, 43.527815]]]}, "properties": {"tema": "granica", "opis": "Granica obuhvata plana", "cad_sloj": "TPS_A001_Granica obuhvata", "list": "0_Granica obuhvata_ID_DPU_DRACEVAC", "plan": "DPU radne zone Dračevac", "izvor": "DPU radne zone Dračevac (split.hr), vektorizirano iz PDF-a"}}, {"type": "Feature", "geometry": {"type": "Polygon", "coordinates": [[[16.5011704, 43.5278127], [16.5011641, 43.5278317], [16.5011761, 43.5278294], [16.5011704, 43.5278127]]]}, "properties": {"tema": "granica", "opis": "Granica obuhvata plana", "cad_sloj": "TPS_A001_Granica obuhvata", "list": "0_Granica obuhvata_ID_DPU_DRACEVAC", "plan": "DPU radne zone Dračevac", "izvor": "DPU radne zone Dračevac (split.hr), vektorizirano iz PDF-a"}}, {"type": "Feature", "geometry": {"type": "Polygon", "coordinates": [[[16.5011667, 43.5278397], [16.5011788, 43.5278378], [16.5011725, 43.5278565], [16.5011667, 43.5278397]]]}, "properties": {"tema": "granica", "opis": "Granica obuhvata plana", "cad_sloj": "TPS_A001_Granica obuhvata", "list": "0_Granica obuhvata_ID_DPU_DRACEVAC", "plan": "DPU radne zone Dračevac", "izvor": "DPU radne zone Dračevac (split.hr), vektorizirano iz PDF-a"}}, {"type": "Feature", "geometry": {"type": "Polygon", "coordinates": [[[16.5011788, 43.5278378], [16.5011725, 43.5278565], [16.5011845, 43.5278542], [16.5011788, 43.5278378]]]}, "properties": {"tema": "granica", "opis": "Granica obuhvata plana", "cad_sloj": "TPS_A001_Granica obuhvata", "list": "0_Granica obuhvata_ID_DPU_DRACEVAC", "plan": "DPU radne zone Dračevac", "izvor": "DPU radne zone Dračevac (split.hr), vektorizirano iz PDF-a"}}, {"type": "Feature", "geometry": {"type": "Polygon", "coordinates": [[[16.5011751, 43.5278648], [16.5011871, 43.5278625], [16.5011777, 43.5278713], [16.5011751, 43.5278648]]]}, "properties": {"tema": "granica", "opis": "Granica obuhvata plana", "cad_sloj": "TPS_A001_Granica obuhvata", "list": "0_Granica obuhvata_ID_DPU_DRACEVAC", "plan": "DPU radne zone Dračevac", "izvor": "DPU radne zone Dračevac (split.hr), vektorizirano iz PDF-a"}}, {"type": "Feature", "geometry": {"type": "Polygon", "coordinates": [[[16.5011871, 43.5278625], [16.5011777, 43.5278713], [16.5011897, 43.5278694], [16.5011871, 43.5278625]]]}, "properties": {"tema": "granica", "opis": "Granica obuhvata plana", "cad_sloj": "TPS_A001_Granica obuhvata", "list": "0_Granica obuhvata_ID_DPU_DRACEVAC", "plan": "DPU radne zone Dračevac", "izvor": "DPU radne zone Dračevac (split.hr), vektorizirano iz PDF-a"}}, {"type": "Feature", "geometry": {"type": "Polygon", "coordinates": [[[16.5011829, 43.5278747], [16.5011845, 43.527866], [16.5011965, 43.5278762], [16.5011829, 43.5278747]]]}, "properties": {"tema": "granica", "opis": "Granica obuhvata plana", "cad_sloj": "TPS_A001_Granica obuhvata", "list": "0_Granica obuhvata_ID_DPU_DRACEVAC", "plan": "DPU radne zone Dračevac", "izvor": "DPU radne zone Dračevac (split.hr), vektorizirano iz PDF-a"}}, {"type": "Feature", "geometry": {"type": "Polygon", "coordinates": [[[16.5011845, 43.527866], [16.5011965, 43.5278762], [16.5011981, 43.5278671], [16.5011845, 43.527866]]]}, "properties": {"tema": "granica", "opis": "Granica obuhvata plana", "cad_sloj": "TPS_A001_Granica obuhvata", "list": "0_Granica obuhvata_ID_DPU_DRACEVAC", "plan": "DPU radne zone Dračevac", "izvor": "DPU radne zone Dračevac (split.hr), vektorizirano iz PDF-a"}}, {"type": "Feature", "geometry": {"type": "Polygon", "coordinates": [[[16.5012086, 43.527877], [16.5012101, 43.5278683], [16.5012316, 43.5278793], [16.5012086, 43.527877]]]}, "properties": {"tema": "granica", "opis": "Granica obuhvata plana", "cad_sloj": "TPS_A001_Granica obuhvata", "list": "0_Granica obuhvata_ID_DPU_DRACEVAC", "plan": "DPU radne zone Dračevac", "izvor": "DPU radne zone Dračevac (split.hr), vektorizirano iz PDF-a"}}, {"type": "Feature", "geometry": {"type": "Polygon", "coordinates": [[[16.5012101, 43.5278683], [16.5012316, 43.5278793], [16.5012332, 43.5278705], [16.5012101, 43.5278683]]]}, "properties": {"tema": "granica", "opis": "Granica obuhvata plana", "cad_sloj": "TPS_A001_Granica obuhvata", "list": "0_Granica obuhvata_ID_DPU_DRACEVAC", "plan": "DPU radne zone Dračevac", "izvor": "DPU radne zone Dračevac (split.hr), vektorizirano iz PDF-a"}}, {"type": "Feature", "geometry": {"type": "Polygon", "coordinates": [[[16.5012436, 43.5278804], [16.5012452, 43.5278717], [16.5012666, 43.5278827], [16.5012436, 43.5278804]]]}, "properties": {"tema": "granica", "opis": "Granica obuhvata plana", "cad_sloj": "TPS_A001_Granica obuhvata", "list": "0_Granica obuhvata_ID_DPU_DRACEVAC", "plan": "DPU radne zone Dračevac", "izvor": "DPU radne zone Dračevac (split.hr), vektorizirano iz PDF-a"}}, {"type": "Feature", "geometry": {"type": "Polygon", "coordinates": [[[16.5012452, 43.5278717], [16.5012666, 43.5278827], [16.5012682, 43.5278736], [16.5012452, 43.5278717]]]}, "properties": {"tema": "granica", "opis": "Granica obuhvata plana", "cad_sloj": "TPS_A001_Granica obuhvata", "list": "0_Granica obuhvata_ID_DPU_DRACEVAC", "plan": "DPU radne zone Dračevac", "izvor": "DPU radne zone Dračevac (split.hr), vektorizirano iz PDF-a"}}, {"type": "Feature", "geometry": {"type": "Polygon", "coordinates": [[[16.5012781, 43.5278839], [16.5012797, 43.5278747], [16.5013017, 43.5278858], [16.5012781, 43.5278839]]]}, "properties": {"tema": "granica", "opis": "Granica obuhvata plana", "cad_sloj": "TPS_A001_Granica obuhvata", "list": "0_Granica obuhvata_ID_DPU_DRACEVAC", "plan": "DPU radne zone Dračevac", "izvor": "DPU radne zone Dračevac (split.hr), vektorizirano iz PDF-a"}}, {"type": "Feature", "geometry": {"type": "Polygon", "coordinates": [[[16.5012797, 43.5278747], [16.5013017, 43.5278858], [16.5013033, 43.527877], [16.5012797, 43.5278747]]]}, "properties": {"tema": "granica", "opis": "Granica obuhvata plana", "cad_sloj": "TPS_A001_Granica obuhvata", "list": "0_Granica obuhvata_ID_DPU_DRACEVAC", "plan": "DPU radne zone Dračevac", "izvor": "DPU radne zone Dračevac (split.hr), vektorizirano iz PDF-a"}}, {"type": "Feature", "geometry": {"type": "Polygon", "coordinates": [[[16.5013132, 43.5278869], [16.5013148, 43.5278781], [16.5013367, 43.5278892], [16.5013132, 43.5278869]]]}, "properties": {"tema": "granica", "opis": "Granica obuhvata plana", "cad_sloj": "TPS_A001_Granica obuhvata", "list": "0_Granica obuhvata_ID_DPU_DRACEVAC", "plan": "DPU radne zone Dračevac", "izvor": "DPU radne zone Dračevac (split.hr), vektorizirano iz PDF-a"}}, {"type": "Feature", "geometry": {"type": "Polygon", "coordinates": [[[16.5013148, 43.5278781], [16.5013367, 43.5278892], [16.5013383, 43.5278804], [16.5013148, 43.5278781]]]}, "properties": {"tema": "granica", "opis": "Granica obuhvata plana", "cad_sloj": "TPS_A001_Granica obuhvata", "list": "0_Granica obuhvata_ID_DPU_DRACEVAC", "plan": "DPU radne zone Dračevac", "izvor": "DPU radne zone Dračevac (split.hr), vektorizirano iz PDF-a"}}, {"type": "Feature", "geometry": {"type": "Polygon", "coordinates": [[[16.5013482, 43.5278903], [16.5013498, 43.5278812], [16.5013718, 43.5278926], [16.5013482, 43.5278903]]]}, "properties": {"tema": "granica", "opis": "Granica obuhvata plana", "cad_sloj": "TPS_A001_Granica obuhvata", "list": "0_Granica obuhvata_ID_DPU_DRACEVAC", "plan": "DPU radne zone Dračevac", "izvor": "DPU radne zone Dračevac (split.hr), vektorizirano iz PDF-a"}}, {"type": "Feature", "geometry": {"type": "Polygon", "coordinates": [[[16.5013498, 43.5278812], [16.5013718, 43.5278926], [16.5013734, 43.5278835], [16.5013498, 43.5278812]]]}, "properties": {"tema": "granica", "opis": "Granica obuhvata plana", "cad_sloj": "TPS_A001_Granica obuhvata", "list": "0_Granica obuhvata_ID_DPU_DRACEVAC", "plan": "DPU radne zone Dračevac", "izvor": "DPU radne zone Dračevac (split.hr), vektorizirano iz PDF-a"}}, {"type": "Feature", "geometry": {"type": "Polygon", "coordinates": [[[16.5013833, 43.5278934], [16.5013849, 43.5278846], [16.5014068, 43.5278957], [16.5013833, 43.5278934]]]}, "properties": {"tema": "granica", "opis": "Granica obuhvata plana", "cad_sloj": "TPS_A001_Granica obuhvata", "list": "0_Granica obuhvata_ID_DPU_DRACEVAC", "plan": "DPU radne zone Dračevac", "izvor": "DPU radne zone Dračevac (split.hr), vektorizirano iz PDF-a"}}, {"type": "Feature", "geometry": {"type": "Polygon", "coordinates": [[[16.5013849, 43.5278846], [16.5014068, 43.5278957], [16.5014084, 43.5278869], [16.5013849, 43.5278846]]]}, "properties": {"tema": "granica", "opis": "Granica obuhvata plana", "cad_sloj": "TPS_A001_Granica obuhvata", "list": "0_Granica obuhvata_ID_DPU_DRACEVAC", "plan": "DPU radne zone Dračevac", "izvor": "DPU radne zone Dračevac (split.hr), vektorizirano iz PDF-a"}}, {"type": "Feature", "geometry": {"type": "Polygon", "coordinates": [[[16.5014183, 43.5278968], [16.5014199, 43.527888], [16.5014367, 43.5278983], [16.5014183, 43.5278968]]]}, "properties": {"tema": "granica", "opis": "Granica obuhvata plana", "cad_sloj": "TPS_A001_Granica obuhvata", "list": "0_Granica obuhvata_ID_DPU_DRACEVAC", "plan": "DPU radne zone Dračevac", "izvor": "DPU radne zone Dračevac (split.hr), vektorizirano iz PDF-a"}}, {"type": "Feature", "geometry": {"type": "Polygon", "coordinates": [[[16.5014199, 43.527888], [16.5014367, 43.5278983], [16.5014382, 43.5278896], [16.5014199, 43.527888]]]}, "properties": {"tema": "granica", "opis": "Granica obuhvata plana", "cad_sloj": "TPS_A001_Granica obuhvata", "list": "0_Granica obuhvata_ID_DPU_DRACEVAC", "plan": "DPU radne zone Dračevac", "izvor": "DPU radne zone Dračevac (split.hr), vektorizirano iz PDF-a"}}, {"type": "Feature", "geometry": {"type": "Polygon", "coordinates": [[[16.5014367, 43.5278983], [16.5014382, 43.5278896], [16.5014414, 43.5278991], [16.5014367, 43.5278983]]]}, "properties": {"tema": "granica", "opis": "Granica obuhvata plana", "cad_sloj": "TPS_A001_Granica obuhvata", "list": "0_Granica obuhvata_ID_DPU_DRACEVAC", "plan": "DPU radne zone Dračevac", "izvor": "DPU radne zone Dračevac (split.hr), vektorizirano iz PDF-a"}}, {"type": "Feature", "geometry": {"type": "Polygon", "coordinates": [[[16.5014382, 43.5278896], [16.5014414, 43.5278991], [16.5014429, 43.5278899], [16.5014382, 43.5278896]]]}, "properties": {"tema": "granica", "opis": "Granica obuhvata plana", "cad_sloj": "TPS_A001_Granica obuhvata", "list": "0_Granica obuhvata_ID_DPU_DRACEVAC", "plan": "DPU radne zone Dračevac", "izvor": "DPU radne zone Dračevac (split.hr), vektorizirano iz PDF-a"}}, {"type": "Feature", "geometry": {"type": "Polygon", "coordinates": [[[16.5014482, 43.5278949], [16.5014602, 43.5278964], [16.501444, 43.5279113], [16.5014482, 43.5278949]]]}, "properties": {"tema": "granica", "opis": "Granica obuhvata plana", "cad_sloj": "TPS_A001_Granica obuhvata", "list": "0_Granica obuhvata_ID_DPU_DRACEVAC", "plan": "DPU radne zone Dračevac", "izvor": "DPU radne zone Dračevac (split.hr), vektorizirano iz PDF-a"}}, {"type": "Feature", "geometry": {"type": "Polygon", "coordinates": [[[16.5014602, 43.5278964], [16.501444, 43.5279113], [16.501456, 43.5279132], [16.5014602, 43.5278964]]]}, "properties": {"tema": "granica", "opis": "Granica obuhvata plana", "cad_sloj": "TPS_A001_Granica obuhvata", "list": "0_Granica obuhvata_ID_DPU_DRACEVAC", "plan": "DPU radne zone Dračevac", "izvor": "DPU radne zone Dračevac (split.hr), vektorizirano iz PDF-a"}}, {"type": "Feature", "geometry": {"type": "Polygon", "coordinates": [[[16.5014414, 43.52792], [16.5014539, 43.5279215], [16.5014372, 43.5279368], [16.5014414, 43.52792]]]}, "properties": {"tema": "granica", "opis": "Granica obuhvata plana", "cad_sloj": "TPS_A001_Granica obuhvata", "list": "0_Granica obuhvata_ID_DPU_DRACEVAC", "plan": "DPU radne zone Dračevac", "izvor": "DPU radne zone Dračevac (split.hr), vektorizirano iz PDF-a"}}, {"type": "Feature", "geometry": {"type": "Polygon", "coordinates": [[[16.5014539, 43.5279215], [16.5014372, 43.5279368], [16.5014492, 43.5279383], [16.5014539, 43.5279215]]]}, "properties": {"tema": "granica", "opis": "Granica obuhvata plana", "cad_sloj": "TPS_A001_Granica obuhvata", "list": "0_Granica obuhvata_ID_DPU_DRACEVAC", "plan": "DPU radne zone Dračevac", "izvor": "DPU radne zone Dračevac (split.hr), vektorizirano iz PDF-a"}}, {"type": "Feature", "geometry": {"type": "Polygon", "coordinates": [[[16.5014351, 43.5279451], [16.5014471, 43.5279467], [16.5014304, 43.5279619], [16.5014351, 43.5279451]]]}, "properties": {"tema": "granica", "opis": "Granica obuhvata plana", "cad_sloj": "TPS_A001_Granica obuhvata", "list": "0_Granica obuhvata_ID_DPU_DRACEVAC", "plan": "DPU radne zone Dračevac", "izvor": "DPU radne zone Dračevac (split.hr), vektorizirano iz PDF-a"}}, {"type": "Feature", "geometry": {"type": "Polygon", "coordinates": [[[16.5014471, 43.5279467], [16.5014304, 43.5279619], [16.5014429, 43.5279634], [16.5014471, 43.5279467]]]}, "properties": {"tema": "granica", "opis": "Granica obuhvata plana", "cad_sloj": "TPS_A001_Granica obuhvata", "list": "0_Granica obuhvata_ID_DPU_DRACEVAC", "plan": "DPU radne zone Dračevac", "izvor": "DPU radne zone Dračevac (split.hr), vektorizirano iz PDF-a"}}, {"type": "Feature", "geometry": {"type": "Polygon", "coordinates": [[[16.5014283, 43.5279703], [16.5014403, 43.5279718], [16.5014241, 43.527987], [16.5014283, 43.5279703]]]}, "properties": {"tema": "granica", "opis": "Granica obuhvata plana", "cad_sloj": "TPS_A001_Granica obuhvata", "list": "0_Granica obuhvata_ID_DPU_DRACEVAC", "plan": "DPU radne zone Dračevac", "izvor": "DPU radne zone Dračevac (split.hr), vektorizirano iz PDF-a"}}, {"type": "Feature", "geometry": {"type": "Polygon", "coordinates": [[[16.5014403, 43.5279718], [16.5014241, 43.527987], [16.5014361, 43.5279889], [16.5014403, 43.5279718]]]}, "properties": {"tema": "granica", "opis": "Granica obuhvata plana", "cad_sloj": "TPS_A001_Granica obuhvata", "list": "0_Granica obuhvata_ID_DPU_DRACEVAC", "plan": "DPU radne zone Dračevac", "izvor": "DPU radne zone Dračevac (split.hr), vektorizirano iz PDF-a"}}, {"type": "Feature", "geometry": {"type": "Polygon", "coordinates": [[[16.5014215, 43.5279954], [16.501434, 43.5279973], [16.5014173, 43.5280121], [16.5014215, 43.5279954]]]}, "properties": {"tema": "granica", "opis": "Granica obuhvata plana", "cad_sloj": "TPS_A001_Granica obuhvata", "list": "0_Granica obuhvata_ID_DPU_DRACEVAC", "plan": "DPU radne zone Dračevac", "izvor": "DPU radne zone Dračevac (split.hr), vektorizirano iz PDF-a"}}, {"type": "Feature", "geometry": {"type": "Polygon", "coordinates": [[[16.501434, 43.5279973], [16.5014173, 43.5280121], [16.5014293, 43.528014], [16.501434, 43.5279973]]]}, "properties": {"tema": "granica", "opis": "Granica obuhvata plana", "cad_sloj": "TPS_A001_Granica obuhvata", "list": "0_Granica obuhvata_ID_DPU_DRACEVAC", "plan": "DPU radne zone Dračevac", "izvor": "DPU radne zone Dračevac (split.hr), vektorizirano iz PDF-a"}}, {"type": "Feature", "geometry": {"type": "Polygon", "coordinates": [[[16.5014152, 43.5280205], [16.5014272, 43.5280224], [16.5014105, 43.5280372], [16.5014152, 43.5280205]]]}, "properties": {"tema": "granica", "opis": "Granica obuhvata plana", "cad_sloj": "TPS_A001_Granica obuhvata", "list": "0_Granica obuhvata_ID_DPU_DRACEVAC", "plan": "DPU radne zone Dračevac", "izvor": "DPU radne zone Dračevac (split.hr), vektorizirano iz PDF-a"}}, {"type": "Feature", "geometry": {"type": "Polygon", "coordinates": [[[16.5014272, 43.5280224], [16.5014105, 43.5280372], [16.5014225, 43.5280391], [16.5014272, 43.5280224]]]}, "properties": {"tema": "granica", "opis": "Granica obuhvata plana", "cad_sloj": "TPS_A001_Granica obuhvata", "list": "0_Granica obuhvata_ID_DPU_DRACEVAC", "plan": "DPU radne zone Dračevac", "izvor": "DPU radne zone Dračevac (split.hr), vektorizirano iz PDF-a"}}, {"type": "Feature", "geometry": {"type": "Polygon", "coordinates": [[[16.5014084, 43.528046], [16.5014204, 43.5280475], [16.5014063, 43.5280536], [16.5014084, 43.528046]]]}, "properties": {"tema": "granica", "opis": "Granica obuhvata plana", "cad_sloj": "TPS_A001_Granica obuhvata", "list": "0_Granica obuhvata_ID_DPU_DRACEVAC", "plan": "DPU radne zone Dračevac", "izvor": "DPU radne zone Dračevac (split.hr), vektorizirano iz PDF-a"}}, {"type": "Feature", "geometry": {"type": "Polygon", "coordinates": [[[16.5014204, 43.5280475], [16.5014063, 43.5280536], [16.5014183, 43.5280555], [16.5014204, 43.5280475]]]}, "properties": {"tema": "granica", "opis": "Granica obuhvata plana", "cad_sloj": "TPS_A001_Granica obuhvata", "list": "0_Granica obuhvata_ID_DPU_DRACEVAC", "plan": "DPU radne zone Dračevac", "izvor": "DPU radne zone Dračevac (split.hr), vektorizirano iz PDF-a"}}, {"type": "Feature", "geometry": {"type": "Polygon", "coordinates": [[[16.5014136, 43.5280502], [16.501411, 43.5280589], [16.5014016, 43.5280483], [16.5014136, 43.5280502]]]}, "properties": {"tema": "granica", "opis": "Granica obuhvata plana", "cad_sloj": "TPS_A001_Granica obuhvata", "list": "0_Granica obuhvata_ID_DPU_DRACEVAC", "plan": "DPU radne zone Dračevac", "izvor": "DPU radne zone Dračevac (split.hr), vektorizirano iz PDF-a"}}, {"type": "Feature", "geometry": {"type": "Polygon", "coordinates": [[[16.501411, 43.5280589], [16.5014016, 43.5280483], [16.501399, 43.5280574], [16.501411, 43.5280589]]]}, "properties": {"tema": "granica", "opis": "Granica obuhvata plana", "cad_sloj": "TPS_A001_Granica obuhvata", "list": "0_Granica obuhvata_ID_DPU_DRACEVAC", "plan": "DPU radne zone Dračevac", "izvor": "DPU radne zone Dračevac (split.hr), vektorizirano iz PDF-a"}}]}