{"type": "FeatureCollection", "features": [{"type": "Feature", "geometry": {"type": "LineString", "coordinates": [[16.4818256, 43.527343], [16.4818256, 43.5273878]]}, "properties": {"tema": "namjena-poslovna", "opis": "K — gospodarska namjena, poslovna", "cad_sloj": "boja #ffbf7e", "list": "1. Koristenje i namjena", "plan": "UPU Bilice sjever", "izvor": "UPU Bilice sjever (split.hr), vektorizirano iz PDF-a"}}, {"type": "Feature", "geometry": {"type": "LineString", "coordinates": [[16.481835, 43.5273341], [16.481835, 43.5273968]]}, "properties": {"tema": "namjena-poslovna", "opis": "K — gospodarska namjena, poslovna", "cad_sloj": "boja #ffbf7e", "list": "1. Koristenje i namjena", "plan": "UPU Bilice sjever", "izvor": "UPU Bilice sjever (split.hr), vektorizirano iz PDF-a"}}, {"type": "Feature", "geometry": {"type": "LineString", "coordinates": [[16.4818442, 43.5273268], [16.4818442, 43.5274029]]}, "properties": {"tema": "namjena-poslovna", "opis": "K — gospodarska namjena, poslovna", "cad_sloj": "boja #ffbf7e", "list": "1. Koristenje i namjena", "plan": "UPU Bilice sjever", "izvor": "UPU Bilice sjever (split.hr), vektorizirano iz PDF-a"}}, {"type": "Feature", "geometry": {"type": "LineString", "coordinates": [[16.4818536, 43.5273198], [16.4818536, 43.5274086]]}, "properties": {"tema": "namjena-poslovna", "opis": "K — gospodarska namjena, poslovna", "cad_sloj": "boja #ffbf7e", "list": "1. Koristenje i namjena", "plan": "UPU Bilice sjever", "izvor": "UPU Bilice sjever (split.hr), vektorizirano iz PDF-a"}}, {"type": "Feature", "geometry": {"type": "LineString", "coordinates": [[16.4818628, 43.5273125], [16.4818628, 43.5274145]]}, "properties": {"tema": "namjena-poslovna", "opis": "K — gospodarska namjena, poslovna", "cad_sloj": "boja #ffbf7e", "list": "1. Koristenje i namjena", "plan": "UPU Bilice sjever", "izvor": "UPU Bilice sjever (split.hr), vektorizirano iz PDF-a"}}, {"type": "Feature", "geometry": {"type": "LineString", "coordinates": [[16.481872, 43.5273053], [16.4818719, 43.5274202]]}, "properties": {"tema": "namjena-poslovna", "opis": "K — gospodarska namjena, poslovna", "cad_sloj": "boja #ffbf7e", "list": "1. Koristenje i namjena", "plan": "UPU Bilice sjever", "izvor": "UPU Bilice sjever (split.hr), vektorizirano iz PDF-a"}}, {"type": "Feature", "geometry": {"type": "LineString", "coordinates": [[16.4818814, 43.5272983], [16.4818814, 43.5274261]]}, "properties": {"tema": "namjena-poslovna", "opis": "K — gospodarska namjena, poslovna", "cad_sloj": "boja #ffbf7e", "list": "1. Koristenje i namjena", "plan": "UPU Bilice sjever", "izvor": "UPU Bilice sjever (split.hr), vektorizirano iz PDF-a"}}, {"type": "Feature", "geometry": {"type": "LineString", "coordinates": [[16.4818906, 43.527291], [16.4818905, 43.5274318]]}, "properties": {"tema": "namjena-poslovna", "opis": "K — gospodarska namjena, poslovna", "cad_sloj": "boja #ffbf7e", "list": "1. Koristenje i namjena", "plan": "UPU Bilice sjever", "izvor": "UPU Bilice sjever (split.hr), vektorizirano iz PDF-a"}}, {"type": "Feature", "geometry": {"type": "LineString", "coordinates": [[16.4819, 43.5272838], [16.4818999, 43.5274377]]}, "properties": {"tema": "namjena-poslovna", "opis": "K — gospodarska namjena, poslovna", "cad_sloj": "boja #ffbf7e", "list": "1. Koristenje i namjena", "plan": "UPU Bilice sjever", "izvor": "UPU Bilice sjever (split.hr), vektorizirano iz PDF-a"}}, {"type": "Feature", "geometry": {"type": "LineString", "coordinates": [[16.4819092, 43.5272767], [16.4819091, 43.5274434]]}, "properties": {"tema": "namjena-poslovna", "opis": "K — gospodarska namjena, poslovna", "cad_sloj": "boja #ffbf7e", "list": "1. Koristenje i namjena", "plan": "UPU Bilice sjever", "izvor": "UPU Bilice sjever (split.hr), vektorizirano iz PDF-a"}}, {"type": "Feature", "geometry": {"type": "LineString", "coordinates": [[16.4819186, 43.5272695], [16.4819185, 43.5274494]]}, "properties": {"tema": "namjena-poslovna", "opis": "K — gospodarska namjena, poslovna", "cad_sloj": "boja #ffbf7e", "list": "1. Koristenje i namjena", "plan": "UPU Bilice sjever", "izvor": "UPU Bilice sjever (split.hr), vektorizirano iz PDF-a"}}, {"type": "Feature", "geometry": {"type": "LineString", "coordinates": [[16.4819278, 43.5272623], [16.4819277, 43.5274553]]}, "properties": {"tema": "namjena-poslovna", "opis": "K — gospodarska namjena, poslovna", "cad_sloj": "boja #ffbf7e", "list": "1. Koristenje i namjena", "plan": "UPU Bilice sjever", "izvor": "UPU Bilice sjever (split.hr), vektorizirano iz PDF-a"}}, {"type": "Feature", "geometry": {"type": "LineString", "coordinates": [[16.4819369, 43.527255], [16.4819369, 43.527461]]}, "properties": {"tema": "namjena-poslovna", "opis": "K — gospodarska namjena, poslovna", "cad_sloj": "boja #ffbf7e", "list": "1. Koristenje i namjena", "plan": "UPU Bilice sjever", "izvor": "UPU Bilice sjever (split.hr), vektorizirano iz PDF-a"}}, {"type": "Feature", "geometry": {"type": "LineString", "coordinates": [[16.4819463, 43.527248], [16.4819463, 43.5274669]]}, "properties": {"tema": "namjena-poslovna", "opis": "K — gospodarska namjena, poslovna", "cad_sloj": "boja #ffbf7e", "list": "1. Koristenje i namjena", "plan": "UPU Bilice sjever", "izvor": "UPU Bilice sjever (split.hr), vektorizirano iz PDF-a"}}, {"type": "Feature", "geometry": {"type": "LineString", "coordinates": [[16.4819555, 43.5272407], [16.4819554, 43.5274726]]}, "properties": {"tema": "namjena-poslovna", "opis": "K — gospodarska namjena, poslovna", "cad_sloj": "boja #ffbf7e", "list": "1. Koristenje i namjena", "plan": "UPU Bilice sjever", "izvor": "UPU Bilice sjever (split.hr), vektorizirano iz PDF-a"}}, {"type": "Feature", "geometry": {"type": "LineString", "coordinates": [[16.4819649, 43.5272335], [16.4819649, 43.5274785]]}, "properties": {"tema": "namjena-poslovna", "opis": "K — gospodarska namjena, poslovna", "cad_sloj": "boja #ffbf7e", "list": "1. Koristenje i namjena", "plan": "UPU Bilice sjever", "izvor": "UPU Bilice sjever (split.hr), vektorizirano iz PDF-a"}}, {"type": "Feature", "geometry": {"type": "LineString", "coordinates": [[16.4819741, 43.5272264], [16.481974, 43.5274842]]}, "properties": {"tema": "namjena-poslovna", "opis": "K — gospodarska namjena, poslovna", "cad_sloj": "boja #ffbf7e", "list": "1. Koristenje i namjena", "plan": "UPU Bilice sjever", "izvor": "UPU Bilice sjever (split.hr), vektorizirano iz PDF-a"}}, {"type": "Feature", "geometry": {"type": "LineString", "coordinates": [[16.4819835, 43.5272192], [16.4819835, 43.5274901]]}, "properties": {"tema": "namjena-poslovna", "opis": "K — gospodarska namjena, poslovna", "cad_sloj": "boja #ffbf7e", "list": "1. Koristenje i namjena", "plan": "UPU Bilice sjever", "izvor": "UPU Bilice sjever (split.hr), vektorizirano iz PDF-a"}}, {"type": "Feature", "geometry": {"type": "LineString", "coordinates": [[16.4819927, 43.527212], [16.4819926, 43.5274959]]}, "properties": {"tema": "namjena-poslovna", "opis": "K — gospodarska namjena, poslovna", "cad_sloj": "boja #ffbf7e", "list": "1. Koristenje i namjena", "plan": "UPU Bilice sjever", "izvor": "UPU Bilice sjever (split.hr), vektorizirano iz PDF-a"}}, {"type": "Feature", "geometry": {"type": "LineString", "coordinates": [[16.4820019, 43.5272047], [16.4820018, 43.5275018]]}, "properties": {"tema": "namjena-poslovna", "opis": "K — gospodarska namjena, poslovna", "cad_sloj": "boja #ffbf7e", "list": "1. Koristenje i namjena", "plan": "UPU Bilice sjever", "izvor": "UPU Bilice sjever (split.hr), vektorizirano iz PDF-a"}}, {"type": "Feature", "geometry": {"type": "LineString", "coordinates": [[16.4820113, 43.5271977], [16.4820112, 43.5275075]]}, "properties": {"tema": "namjena-poslovna", "opis": "K — gospodarska namjena, poslovna", "cad_sloj": "boja #ffbf7e", "list": "1. Koristenje i namjena", "plan": "UPU Bilice sjever", "izvor": "UPU Bilice sjever (split.hr), vektorizirano iz PDF-a"}}, {"type": "Feature", "geometry": {"type": "LineString", "coordinates": [[16.4820205, 43.5271904], [16.4820204, 43.5275134]]}, "properties": {"tema": "namjena-poslovna", "opis": "K — gospodarska namjena, poslovna", "cad_sloj": "boja #ffbf7e", "list": "1. Koristenje i namjena", "plan": "UPU Bilice sjever", "izvor": "UPU Bilice sjever (split.hr), vektorizirano iz PDF-a"}}, {"type": "Feature", "geometry": {"type": "LineString", "coordinates": [[16.4820299, 43.5271832], [16.4820298, 43.5275191]]}, "properties": {"tema": "namjena-poslovna", "opis": "K — gospodarska namjena, poslovna", "cad_sloj": "boja #ffbf7e", "list": "1. Koristenje i namjena", "plan": "UPU Bilice sjever", "izvor": "UPU Bilice sjever (split.hr), vektorizirano iz PDF-a"}}, {"type": "Feature", "geometry": {"type": "LineString", "coordinates": [[16.4820391, 43.5271762], [16.482039, 43.527525]]}, "properties": {"tema": "namjena-poslovna", "opis": "K — gospodarska namjena, poslovna", "cad_sloj": "boja #ffbf7e", "list": "1. Koristenje i namjena", "plan": "UPU Bilice sjever", "izvor": "UPU Bilice sjever (split.hr), vektorizirano iz PDF-a"}}, {"type": "Feature", "geometry": {"type": "LineString", "coordinates": [[16.4820485, 43.5271689], [16.4820484, 43.5275309]]}, "properties": {"tema": "namjena-poslovna", "opis": "K — gospodarska namjena, poslovna", "cad_sloj": "boja #ffbf7e", "list": "1. Koristenje i namjena", "plan": "UPU Bilice sjever", "izvor": "UPU Bilice sjever (split.hr), vektorizirano iz PDF-a"}}, {"type": "Feature", "geometry": {"type": "LineString", "coordinates": [[16.4820577, 43.5271617], [16.4820576, 43.5275366]]}, "properties": {"tema": "namjena-poslovna", "opis": "K — gospodarska namjena, poslovna", "cad_sloj": "boja #ffbf7e", "list": "1. Koristenje i namjena", "plan": "UPU Bilice sjever", "izvor": "UPU Bilice sjever (split.hr), vektorizirano iz PDF-a"}}, {"type": "Feature", "geometry": {"type": "LineString", "coordinates": [[16.4820668, 43.5271546], [16.4820667, 43.5275425]]}, "properties": {"tema": "namjena-poslovna", "opis": "K — gospodarska namjena, poslovna", "cad_sloj": "boja #ffbf7e", "list": "1. Koristenje i namjena", "plan": "UPU Bilice sjever", "izvor": "UPU Bilice sjever (split.hr), vektorizirano iz PDF-a"}}, {"type": "Feature", "geometry": {"type": "LineString", "coordinates": [[16.4820763, 43.5271474], [16.4820761, 43.5275483]]}, "properties": {"tema": "namjena-poslovna", "opis": "K — gospodarska namjena, poslovna", "cad_sloj": "boja #ffbf7e", "list": "1. Koristenje i namjena", "plan": "UPU Bilice sjever", "izvor": "UPU Bilice sjever (split.hr), vektorizirano iz PDF-a"}}, {"type": "Feature", "geometry": {"type": "LineString", "coordinates": [[16.4820854, 43.5271401], [16.4820853, 43.5275542]]}, "properties": {"tema": "namjena-poslovna", "opis": "K — gospodarska namjena, poslovna", "cad_sloj": "boja #ffbf7e", "list": "1. Koristenje i namjena", "plan": "UPU Bilice sjever", "izvor": "UPU Bilice sjever (split.hr), vektorizirano iz PDF-a"}}, {"type": "Feature", "geometry": {"type": "LineString", "coordinates": [[16.4820949, 43.5271329], [16.4820947, 43.5275599]]}, "properties": {"tema": "namjena-poslovna", "opis": "K — gospodarska namjena, poslovna", "cad_sloj": "boja #ffbf7e", "list": "1. Koristenje i namjena", "plan": "UPU Bilice sjever", "izvor": "UPU Bilice sjever (split.hr), vektorizirano iz PDF-a"}}, {"type": "Feature", "geometry": {"type": "LineString", "coordinates": [[16.482104, 43.5271259], [16.4821039, 43.5275658]]}, "properties": {"tema": "namjena-poslovna", "opis": "K — gospodarska namjena, poslovna", "cad_sloj": "boja #ffbf7e", "list": "1. Koristenje i namjena", "plan": "UPU Bilice sjever", "izvor": "UPU Bilice sjever (split.hr), vektorizirano iz PDF-a"}}, {"type": "Feature", "geometry": {"type": "LineString", "coordinates": [[16.4821135, 43.5271186], [16.4821133, 43.5275715]]}, "properties": {"tema": "namjena-poslovna", "opis": "K — gospodarska namjena, poslovna", "cad_sloj": "boja #ffbf7e", "list": "1. Koristenje i namjena", "plan": "UPU Bilice sjever", "izvor": "UPU Bilice sjever (split.hr), vektorizirano iz PDF-a"}}, {"type": "Feature", "geometry": {"type": "LineString", "coordinates": [[16.4821226, 43.5271114], [16.4821225, 43.5275774]]}, "properties": {"tema": "namjena-poslovna", "opis": "K — gospodarska namjena, poslovna", "cad_sloj": "boja #ffbf7e", "list": "1. Koristenje i namjena", "plan": "UPU Bilice sjever", "izvor": "UPU Bilice sjever (split.hr), vektorizirano iz PDF-a"}}, {"type": "Feature", "geometry": {"type": "LineString", "coordinates": [[16.482132, 43.5271043], [16.4821319, 43.5275831]]}, "properties": {"tema": "namjena-poslovna", "opis": "K — gospodarska namjena, poslovna", "cad_sloj": "boja #ffbf7e", "list": "1. Koristenje i namjena", "plan": "UPU Bilice sjever", "izvor": "UPU Bilice sjever (split.hr), vektorizirano iz PDF-a"}}, {"type": "Feature", "geometry": {"type": "LineString", "coordinates": [[16.4821412, 43.5270971], [16.4821411, 43.527589]]}, "properties": {"tema": "namjena-poslovna", "opis": "K — gospodarska namjena, poslovna", "cad_sloj": "boja #ffbf7e", "list": "1. Koristenje i namjena", "plan": "UPU Bilice sjever", "izvor": "UPU Bilice sjever (split.hr), vektorizirano iz PDF-a"}}, {"type": "Feature", "geometry": {"type": "LineString", "coordinates": [[16.4821504, 43.5270899], [16.4821502, 43.5275948]]}, "properties": {"tema": "namjena-poslovna", "opis": "K — gospodarska namjena, poslovna", "cad_sloj": "boja #ffbf7e", "list": "1. Koristenje i namjena", "plan": "UPU Bilice sjever", "izvor": "UPU Bilice sjever (split.hr), vektorizirano iz PDF-a"}}, {"type": "Feature", "geometry": {"type": "LineString", "coordinates": [[16.4821598, 43.5270828], [16.4821597, 43.5276007]]}, "properties": {"tema": "namjena-poslovna", "opis": "K — gospodarska namjena, poslovna", "cad_sloj": "boja #ffbf7e", "list": "1. Koristenje i namjena", "plan": "UPU Bilice sjever", "izvor": "UPU Bilice sjever (split.hr), vektorizirano iz PDF-a"}}, {"type": "Feature", "geometry": {"type": "LineString", "coordinates": [[16.482169, 43.5270756], [16.4821688, 43.5276066]]}, "properties": {"tema": "namjena-poslovna", "opis": "K — gospodarska namjena, poslovna", "cad_sloj": "boja #ffbf7e", "list": "1. Koristenje i namjena", "plan": "UPU Bilice sjever", "izvor": "UPU Bilice sjever (split.hr), vektorizirano iz PDF-a"}}, {"type": "Feature", "geometry": {"type": "LineString", "coordinates": [[16.4821784, 43.5270683], [16.4821782, 43.5276123]]}, "properties": {"tema": "namjena-poslovna", "opis": "K — gospodarska namjena, poslovna", "cad_sloj": "boja #ffbf7e", "list": "1. Koristenje i namjena", "plan": "UPU Bilice sjever", "izvor": "UPU Bilice sjever (split.hr), vektorizirano iz PDF-a"}}, {"type": "Feature", "geometry": {"type": "LineString", "coordinates": [[16.4821876, 43.5270611], [16.4821874, 43.5276182]]}, "properties": {"tema": "namjena-poslovna", "opis": "K — gospodarska namjena, poslovna", "cad_sloj": "boja #ffbf7e", "list": "1. Koristenje i namjena", "plan": "UPU Bilice sjever", "izvor": "UPU Bilice sjever (split.hr), vektorizirano iz PDF-a"}}, {"type": "Feature", "geometry": {"type": "LineString", "coordinates": [[16.482197, 43.527054], [16.4821968, 43.5276239]]}, "properties": {"tema": "namjena-poslovna", "opis": "K — gospodarska namjena, poslovna", "cad_sloj": "boja #ffbf7e", "list": "1. Koristenje i namjena", "plan": "UPU Bilice sjever", "izvor": "UPU Bilice sjever (split.hr), vektorizirano iz PDF-a"}}, {"type": "Feature", "geometry": {"type": "LineString", "coordinates": [[16.4822062, 43.5270468], [16.482206, 43.5276298]]}, "properties": {"tema": "namjena-poslovna", "opis": "K — gospodarska namjena, poslovna", "cad_sloj": "boja #ffbf7e", "list": "1. Koristenje i namjena", "plan": "UPU Bilice sjever", "izvor": "UPU Bilice sjever (split.hr), vektorizirano iz PDF-a"}}, {"type": "Feature", "geometry": {"type": "LineString", "coordinates": [[16.4822153, 43.5270396], [16.4822152, 43.5276356]]}, "properties": {"tema": "namjena-poslovna", "opis": "K — gospodarska namjena, poslovna", "cad_sloj": "boja #ffbf7e", "list": "1. Koristenje i namjena", "plan": "UPU Bilice sjever", "izvor": "UPU Bilice sjever (split.hr), vektorizirano iz PDF-a"}}, {"type": "Feature", "geometry": {"type": "LineString", "coordinates": [[16.4822248, 43.5270325], [16.4822246, 43.5276415]]}, "properties": {"tema": "namjena-poslovna", "opis": "K — gospodarska namjena, poslovna", "cad_sloj": "boja #ffbf7e", "list": "1. Koristenje i namjena", "plan": "UPU Bilice sjever", "izvor": "UPU Bilice sjever (split.hr), vektorizirano iz PDF-a"}}, {"type": "Feature", "geometry": {"type": "LineString", "coordinates": [[16.4822339, 43.5270257], [16.4822338, 43.5276472]]}, "properties": {"tema": "namjena-poslovna", "opis": "K — gospodarska namjena, poslovna", "cad_sloj": "boja #ffbf7e", "list": "1. Koristenje i namjena", "plan": "UPU Bilice sjever", "izvor": "UPU Bilice sjever (split.hr), vektorizirano iz PDF-a"}}, {"type": "Feature", "geometry": {"type": "LineString", "coordinates": [[16.4822434, 43.5270188], [16.4822432, 43.5276531]]}, "properties": {"tema": "namjena-poslovna", "opis": "K — gospodarska namjena, poslovna", "cad_sloj": "boja #ffbf7e", "list": "1. Koristenje i namjena", "plan": "UPU Bilice sjever", "izvor": "UPU Bilice sjever (split.hr), vektorizirano iz PDF-a"}}, {"type": "Feature", "geometry": {"type": "LineString", "coordinates": [[16.4822525, 43.5270121], [16.4822523, 43.5276588]]}, "properties": {"tema": "namjena-poslovna", "opis": "K — gospodarska namjena, poslovna", "cad_sloj": "boja #ffbf7e", "list": "1. Koristenje i namjena", "plan": "UPU Bilice sjever", "izvor": "UPU Bilice sjever (split.hr), vektorizirano iz PDF-a"}}, {"type": "Feature", "geometry": {"type": "LineString", "coordinates": [[16.482262, 43.5270053], [16.4822618, 43.5276647]]}, "properties": {"tema": "namjena-poslovna", "opis": "K — gospodarska namjena, poslovna", "cad_sloj": "boja #ffbf7e", "list": "1. Koristenje i namjena", "plan": "UPU Bilice sjever", "izvor": "UPU Bilice sjever (split.hr), vektorizirano iz PDF-a"}}, {"type": "Feature", "geometry": {"type": "LineString", "coordinates": [[16.4822711, 43.5269986], [16.4822709, 43.5276704]]}, "properties": {"tema": "namjena-poslovna", "opis": "K — gospodarska namjena, poslovna", "cad_sloj": "boja #ffbf7e", "list": "1. Koristenje i namjena", "plan": "UPU Bilice sjever", "izvor": "UPU Bilice sjever (split.hr), vektorizirano iz PDF-a"}}, {"type": "Feature", "geometry": {"type": "LineString", "coordinates": [[16.4822803, 43.5269918], [16.4822801, 43.5276763]]}, "properties": {"tema": "namjena-poslovna", "opis": "K — gospodarska namjena, poslovna", "cad_sloj": "boja #ffbf7e", "list": "1. Koristenje i namjena", "plan": "UPU Bilice sjever", "izvor": "UPU Bilice sjever (split.hr), vektorizirano iz PDF-a"}}, {"type": "Feature", "geometry": {"type": "LineString", "coordinates": [[16.4822897, 43.5269851], [16.4822895, 43.5276822]]}, "properties": {"tema": "namjena-poslovna", "opis": "K — gospodarska namjena, poslovna", "cad_sloj": "boja #ffbf7e", "list": "1. Koristenje i namjena", "plan": "UPU Bilice sjever", "izvor": "UPU Bilice sjever (split.hr), vektorizirano iz PDF-a"}}, {"type": "Feature", "geometry": {"type": "LineString", "coordinates": [[16.4822989, 43.5269782], [16.4822987, 43.527688]]}, "properties": {"tema": "namjena-poslovna", "opis": "K — gospodarska namjena, poslovna", "cad_sloj": "boja #ffbf7e", "list": "1. Koristenje i namjena", "plan": "UPU Bilice sjever", "izvor": "UPU Bilice sjever (split.hr), vektorizirano iz PDF-a"}}, {"type": "Feature", "geometry": {"type": "LineString", "coordinates": [[16.4823083, 43.5269716], [16.4823081, 43.5276939]]}, "properties": {"tema": "namjena-poslovna", "opis": "K — gospodarska namjena, poslovna", "cad_sloj": "boja #ffbf7e", "list": "1. Koristenje i namjena", "plan": "UPU Bilice sjever", "izvor": "UPU Bilice sjever (split.hr), vektorizirano iz PDF-a"}}, {"type": "Feature", "geometry": {"type": "LineString", "coordinates": [[16.4823175, 43.5269647], [16.4823173, 43.5276996]]}, "properties": {"tema": "namjena-poslovna", "opis": "K — gospodarska namjena, poslovna", "cad_sloj": "boja #ffbf7e", "list": "1. Koristenje i namjena", "plan": "UPU Bilice sjever", "izvor": "UPU Bilice sjever (split.hr), vektorizirano iz PDF-a"}}, {"type": "Feature", "geometry": {"type": "LineString", "coordinates": [[16.4823269, 43.526958], [16.4823267, 43.5277055]]}, "properties": {"tema": "namjena-poslovna", "opis": "K — gospodarska namjena, poslovna", "cad_sloj": "boja #ffbf7e", "list": "1. Koristenje i namjena", "plan": "UPU Bilice sjever", "izvor": "UPU Bilice sjever (split.hr), vektorizirano iz PDF-a"}}, {"type": "Feature", "geometry": {"type": "LineString", "coordinates": [[16.4823361, 43.5269512], [16.4823359, 43.5277112]]}, "properties": {"tema": "namjena-poslovna", "opis": "K — gospodarska namjena, poslovna", "cad_sloj": "boja #ffbf7e", "list": "1. Koristenje i namjena", "plan": "UPU Bilice sjever", "izvor": "UPU Bilice sjever (split.hr), vektorizirano iz PDF-a"}}, {"type": "Feature", "geometry": {"type": "LineString", "coordinates": [[16.4823452, 43.5269445], [16.482345, 43.5277186]]}, "properties": {"tema": "namjena-poslovna", "opis": "K — gospodarska namjena, poslovna", "cad_sloj": "boja #ffbf7e", "list": "1. Koristenje i namjena", "plan": "UPU Bilice sjever", "izvor": "UPU Bilice sjever (split.hr), vektorizirano iz PDF-a"}}, {"type": "Feature", "geometry": {"type": "LineString", "coordinates": [[16.4823547, 43.5269376], [16.4823544, 43.5277272]]}, "properties": {"tema": "namjena-poslovna", "opis": "K — gospodarska namjena, poslovna", "cad_sloj": "boja #ffbf7e", "list": "1. Koristenje i namjena", "plan": "UPU Bilice sjever", "izvor": "UPU Bilice sjever (split.hr), vektorizirano iz PDF-a"}}, {"type": "Feature", "geometry": {"type": "LineString", "coordinates": [[16.4823638, 43.5269308], [16.4823636, 43.527736]]}, "properties": {"tema": "namjena-poslovna", "opis": "K — gospodarska namjena, poslovna", "cad_sloj": "boja #ffbf7e", "list": "1. Koristenje i namjena", "plan": "UPU Bilice sjever", "izvor": "UPU Bilice sjever (split.hr), vektorizirano iz PDF-a"}}, {"type": "Feature", "geometry": {"type": "LineString", "coordinates": [[16.4823733, 43.5269241], [16.482373, 43.5277446]]}, "properties": {"tema": "namjena-poslovna", "opis": "K — gospodarska namjena, poslovna", "cad_sloj": "boja #ffbf7e", "list": "1. Koristenje i namjena", "plan": "UPU Bilice sjever", "izvor": "UPU Bilice sjever (split.hr), vektorizirano iz PDF-a"}}, {"type": "Feature", "geometry": {"type": "LineString", "coordinates": [[16.4823824, 43.5269173], [16.4823822, 43.5277533]]}, "properties": {"tema": "namjena-poslovna", "opis": "K — gospodarska namjena, poslovna", "cad_sloj": "boja #ffbf7e", "list": "1. Koristenje i namjena", "plan": "UPU Bilice sjever", "izvor": "UPU Bilice sjever (split.hr), vektorizirano iz PDF-a"}}, {"type": "Feature", "geometry": {"type": "LineString", "coordinates": [[16.4823919, 43.5269106], [16.4823916, 43.5277619]]}, "properties": {"tema": "namjena-poslovna", "opis": "K — gospodarska namjena, poslovna", "cad_sloj": "boja #ffbf7e", "list": "1. Koristenje i namjena", "plan": "UPU Bilice sjever", "izvor": "UPU Bilice sjever (split.hr), vektorizirano iz PDF-a"}}, {"type": "Feature", "geometry": {"type": "LineString", "coordinates": [[16.482401, 43.5269037], [16.4824008, 43.5277707]]}, "properties": {"tema": "namjena-poslovna", "opis": "K — gospodarska namjena, poslovna", "cad_sloj": "boja #ffbf7e", "list": "1. Koristenje i namjena", "plan": "UPU Bilice sjever", "izvor": "UPU Bilice sjever (split.hr), vektorizirano iz PDF-a"}}, {"type": "Feature", "geometry": {"type": "LineString", "coordinates": [[16.4824102, 43.5268971], [16.4824099, 43.5277792]]}, "properties": {"tema": "namjena-poslovna", "opis": "K — gospodarska namjena, poslovna", "cad_sloj": "boja #ffbf7e", "list": "1. Koristenje i namjena", "plan": "UPU Bilice sjever", "izvor": "UPU Bilice sjever (split.hr), vektorizirano iz PDF-a"}}, {"type": "Feature", "geometry": {"type": "LineString", "coordinates": [[16.4824196, 43.5268902], [16.4824194, 43.527788]]}, "properties": {"tema": "namjena-poslovna", "opis": "K — gospodarska namjena, poslovna", "cad_sloj": "boja #ffbf7e", "list": "1. Koristenje i namjena", "plan": "UPU Bilice sjever", "izvor": "UPU Bilice sjever (split.hr), vektorizirano iz PDF-a"}}, {"type": "Feature", "geometry": {"type": "LineString", "coordinates": [[16.4824288, 43.5268835], [16.4824285, 43.5277966]]}, "properties": {"tema": "namjena-poslovna", "opis": "K — gospodarska namjena, poslovna", "cad_sloj": "boja #ffbf7e", "list": "1. Koristenje i namjena", "plan": "UPU Bilice sjever", "izvor": "UPU Bilice sjever (split.hr), vektorizirano iz PDF-a"}}, {"type": "Feature", "geometry": {"type": "LineString", "coordinates": [[16.4824382, 43.5268767], [16.482438, 43.5278053]]}, "properties": {"tema": "namjena-poslovna", "opis": "K — gospodarska namjena, poslovna", "cad_sloj": "boja #ffbf7e", "list": "1. Koristenje i namjena", "plan": "UPU Bilice sjever", "izvor": "UPU Bilice sjever (split.hr), vektorizirano iz PDF-a"}}, {"type": "Feature", "geometry": {"type": "LineString", "coordinates": [[16.4824474, 43.52687], [16.4824471, 43.5278139]]}, "properties": {"tema": "namjena-poslovna", "opis": "K — gospodarska namjena, poslovna", "cad_sloj": "boja #ffbf7e", "list": "1. Koristenje i namjena", "plan": "UPU Bilice sjever", "izvor": "UPU Bilice sjever (split.hr), vektorizirano iz PDF-a"}}, {"type": "Feature", "geometry": {"type": "LineString", "coordinates": [[16.4824568, 43.5268632], [16.4824565, 43.5278227]]}, "properties": {"tema": "namjena-poslovna", "opis": "K — gospodarska namjena, poslovna", "cad_sloj": "boja #ffbf7e", "list": "1. Koristenje i namjena", "plan": "UPU Bilice sjever", "izvor": "UPU Bilice sjever (split.hr), vektorizirano iz PDF-a"}}, {"type": "Feature", "geometry": {"type": "LineString", "coordinates": [[16.482466, 43.5268565], [16.4824657, 43.5278313]]}, "properties": {"tema": "namjena-poslovna", "opis": "K — gospodarska namjena, poslovna", "cad_sloj": "boja #ffbf7e", "list": "1. Koristenje i namjena", "plan": "UPU Bilice sjever", "izvor": "UPU Bilice sjever (split.hr), vektorizirano iz PDF-a"}}, {"type": "Feature", "geometry": {"type": "LineString", "coordinates": [[16.4824754, 43.5268496], [16.4824751, 43.5278398]]}, "properties": {"tema": "namjena-poslovna", "opis": "K — gospodarska namjena, poslovna", "cad_sloj": "boja #ffbf7e", "list": "1. Koristenje i namjena", "plan": "UPU Bilice sjever", "izvor": "UPU Bilice sjever (split.hr), vektorizirano iz PDF-a"}}, {"type": "Feature", "geometry": {"type": "LineString", "coordinates": [[16.4824846, 43.526843], [16.4824843, 43.5278486]]}, "properties": {"tema": "namjena-poslovna", "opis": "K — gospodarska namjena, poslovna", "cad_sloj": "boja #ffbf7e", "list": "1. Koristenje i namjena", "plan": "UPU Bilice sjever", "izvor": "UPU Bilice sjever (split.hr), vektorizirano iz PDF-a"}}, {"type": "Feature", "geometry": {"type": "LineString", "coordinates": [[16.4824938, 43.5268361], [16.4824935, 43.5278572]]}, "properties": {"tema": "namjena-poslovna", "opis": "K — gospodarska namjena, poslovna", "cad_sloj": "boja #ffbf7e", "list": "1. Koristenje i namjena", "plan": "UPU Bilice sjever", "izvor": "UPU Bilice sjever (split.hr), vektorizirano iz PDF-a"}}, {"type": "Feature", "geometry": {"type": "LineString", "coordinates": [[16.4825032, 43.5268294], [16.4825029, 43.527866]]}, "properties": {"tema": "namjena-poslovna", "opis": "K — gospodarska namjena, poslovna", "cad_sloj": "boja #ffbf7e", "list": "1. Koristenje i namjena", "plan": "UPU Bilice sjever", "izvor": "UPU Bilice sjever (split.hr), vektorizirano iz PDF-a"}}, {"type": "Feature", "geometry": {"type": "LineString", "coordinates": [[16.4825123, 43.5268226], [16.482512, 43.5278745]]}, "properties": {"tema": "namjena-poslovna", "opis": "K — gospodarska namjena, poslovna", "cad_sloj": "boja #ffbf7e", "list": "1. Koristenje i namjena", "plan": "UPU Bilice sjever", "izvor": "UPU Bilice sjever (split.hr), vektorizirano iz PDF-a"}}, {"type": "Feature", "geometry": {"type": "LineString", "coordinates": [[16.4825218, 43.5268159], [16.4825215, 43.5278833]]}, "properties": {"tema": "namjena-poslovna", "opis": "K — gospodarska namjena, poslovna", "cad_sloj": "boja #ffbf7e", "list": "1. Koristenje i namjena", "plan": "UPU Bilice sjever", "izvor": "UPU Bilice sjever (split.hr), vektorizirano iz PDF-a"}}, {"type": "Feature", "geometry": {"type": "LineString", "coordinates": [[16.4825309, 43.5268091], [16.4825306, 43.5278905]]}, "properties": {"tema": "namjena-poslovna", "opis": "K — gospodarska namjena, poslovna", "cad_sloj": "boja #ffbf7e", "list": "1. Koristenje i namjena", "plan": "UPU Bilice sjever", "izvor": "UPU Bilice sjever (split.hr), vektorizirano iz PDF-a"}}, {"type": "Feature", "geometry": {"type": "LineString", "coordinates": [[16.4825404, 43.5268024], [16.4825401, 43.5278964]]}, "properties": {"tema": "namjena-poslovna", "opis": "K — gospodarska namjena, poslovna", "cad_sloj": "boja #ffbf7e", "list": "1. Koristenje i namjena", "plan": "UPU Bilice sjever", "izvor": "UPU Bilice sjever (split.hr), vektorizirano iz PDF-a"}}, {"type": "Feature", "geometry": {"type": "LineString", "coordinates": [[16.4825495, 43.5267955], [16.4825492, 43.5279024]]}, "properties": {"tema": "namjena-poslovna", "opis": "K — gospodarska namjena, poslovna", "cad_sloj": "boja #ffbf7e", "list": "1. Koristenje i namjena", "plan": "UPU Bilice sjever", "izvor": "UPU Bilice sjever (split.hr), vektorizirano iz PDF-a"}}, {"type": "Feature", "geometry": {"type": "LineString", "coordinates": [[16.4825587, 43.5267889], [16.4825584, 43.5279081]]}, "properties": {"tema": "namjena-poslovna", "opis": "K — gospodarska namjena, poslovna", "cad_sloj": "boja #ffbf7e", "list": "1. Koristenje i namjena", "plan": "UPU Bilice sjever", "izvor": "UPU Bilice sjever (split.hr), vektorizirano iz PDF-a"}}, {"type": "Feature", "geometry": {"type": "LineString", "coordinates": [[16.4825681, 43.526782], [16.4825678, 43.527914]]}, "properties": {"tema": "namjena-poslovna", "opis": "K — gospodarska namjena, poslovna", "cad_sloj": "boja #ffbf7e", "list": "1. Koristenje i namjena", "plan": "UPU Bilice sjever", "izvor": "UPU Bilice sjever (split.hr), vektorizirano iz PDF-a"}}, {"type": "Feature", "geometry": {"type": "LineString", "coordinates": [[16.4825773, 43.5267754], [16.482577, 43.5279199]]}, "properties": {"tema": "namjena-poslovna", "opis": "K — gospodarska namjena, poslovna", "cad_sloj": "boja #ffbf7e", "list": "1. Koristenje i namjena", "plan": "UPU Bilice sjever", "izvor": "UPU Bilice sjever (split.hr), vektorizirano iz PDF-a"}}, {"type": "Feature", "geometry": {"type": "LineString", "coordinates": [[16.4825867, 43.5267685], [16.4825864, 43.5279258]]}, "properties": {"tema": "namjena-poslovna", "opis": "K — gospodarska namjena, poslovna", "cad_sloj": "boja #ffbf7e", "list": "1. Koristenje i namjena", "plan": "UPU Bilice sjever", "izvor": "UPU Bilice sjever (split.hr), vektorizirano iz PDF-a"}}, {"type": "Feature", "geometry": {"type": "LineString", "coordinates": [[16.4825959, 43.5267618], [16.4825956, 43.5279317]]}, "properties": {"tema": "namjena-poslovna", "opis": "K — gospodarska namjena, poslovna", "cad_sloj": "boja #ffbf7e", "list": "1. Koristenje i namjena", "plan": "UPU Bilice sjever", "izvor": "UPU Bilice sjever (split.hr), vektorizirano iz PDF-a"}}, {"type": "Feature", "geometry": {"type": "LineString", "coordinates": [[16.4826053, 43.526755], [16.482605, 43.5279374]]}, "properties": {"tema": "namjena-poslovna", "opis": "K — gospodarska namjena, poslovna", "cad_sloj": "boja #ffbf7e", "list": "1. Koristenje i namjena", "plan": "UPU Bilice sjever", "izvor": "UPU Bilice sjever (split.hr), vektorizirano iz PDF-a"}}, {"type": "Feature", "geometry": {"type": "LineString", "coordinates": [[16.4826145, 43.5267483], [16.4826142, 43.5279433]]}, "properties": {"tema": "namjena-poslovna", "opis": "K — gospodarska namjena, poslovna", "cad_sloj": "boja #ffbf7e", "list": "1. Koristenje i namjena", "plan": "UPU Bilice sjever", "izvor": "UPU Bilice sjever (split.hr), vektorizirano iz PDF-a"}}, {"type": "Feature", "geometry": {"type": "LineString", "coordinates": [[16.4826237, 43.5267414], [16.4826233, 43.5279492]]}, "properties": {"tema": "namjena-poslovna", "opis": "K — gospodarska namjena, poslovna", "cad_sloj": "boja #ffbf7e", "list": "1. Koristenje i namjena", "plan": "UPU Bilice sjever", "izvor": "UPU Bilice sjever (split.hr), vektorizirano iz PDF-a"}}, {"type": "Feature", "geometry": {"type": "LineString", "coordinates": [[16.4826331, 43.5267348], [16.4826327, 43.5279551]]}, "properties": {"tema": "namjena-poslovna", "opis": "K — gospodarska namjena, poslovna", "cad_sloj": "boja #ffbf7e", "list": "1. Koristenje i namjena", "plan": "UPU Bilice sjever", "izvor": "UPU Bilice sjever (split.hr), vektorizirano iz PDF-a"}}, {"type": "Feature", "geometry": {"type": "LineString", "coordinates": [[16.4826423, 43.5267279], [16.4826419, 43.5279609]]}, "properties": {"tema": "namjena-poslovna", "opis": "K — gospodarska namjena, poslovna", "cad_sloj": "boja #ffbf7e", "list": "1. Koristenje i namjena", "plan": "UPU Bilice sjever", "izvor": "UPU Bilice sjever (split.hr), vektorizirano iz PDF-a"}}, {"type": "Feature", "geometry": {"type": "LineString", "coordinates": [[16.4826517, 43.5267213], [16.4826513, 43.5279668]]}, "properties": {"tema": "namjena-poslovna", "opis": "K — gospodarska namjena, poslovna", "cad_sloj": "boja #ffbf7e", "list": "1. Koristenje i namjena", "plan": "UPU Bilice sjever", "izvor": "UPU Bilice sjever (split.hr), vektorizirano iz PDF-a"}}, {"type": "Feature", "geometry": {"type": "LineString", "coordinates": [[16.4826609, 43.5267144], [16.4826605, 43.5279727]]}, "properties": {"tema": "namjena-poslovna", "opis": "K — gospodarska namjena, poslovna", "cad_sloj": "boja #ffbf7e", "list": "1. Koristenje i namjena", "plan": "UPU Bilice sjever", "izvor": "UPU Bilice sjever (split.hr), vektorizirano iz PDF-a"}}, {"type": "Feature", "geometry": {"type": "LineString", "coordinates": [[16.4826703, 43.5267077], [16.4826699, 43.5279786]]}, "properties": {"tema": "namjena-poslovna", "opis": "K — gospodarska namjena, poslovna", "cad_sloj": "boja #ffbf7e", "list": "1. Koristenje i namjena", "plan": "UPU Bilice sjever", "izvor": "UPU Bilice sjever (split.hr), vektorizirano iz PDF-a"}}, {"type": "Feature", "geometry": {"type": "LineString", "coordinates": [[16.4826794, 43.5267009], [16.4826791, 43.5279845]]}, "properties": {"tema": "namjena-poslovna", "opis": "K — gospodarska namjena, poslovna", "cad_sloj": "boja #ffbf7e", "list": "1. Koristenje i namjena", "plan": "UPU Bilice sjever", "izvor": "UPU Bilice sjever (split.hr), vektorizirano iz PDF-a"}}, {"type": "Feature", "geometry": {"type": "LineString", "coordinates": [[16.4826886, 43.5266942], [16.4826882, 43.5279902]]}, "properties": {"tema": "namjena-poslovna", "opis": "K — gospodarska namjena, poslovna", "cad_sloj": "boja #ffbf7e", "list": "1. Koristenje i namjena", "plan": "UPU Bilice sjever", "izvor": "UPU Bilice sjever (split.hr), vektorizirano iz PDF-a"}}, {"type": "Feature", "geometry": {"type": "LineString", "coordinates": [[16.482698, 43.5266873], [16.4826977, 43.5279961]]}, "properties": {"tema": "namjena-poslovna", "opis": "K — gospodarska namjena, poslovna", "cad_sloj": "boja #ffbf7e", "list": "1. Koristenje i namjena", "plan": "UPU Bilice sjever", "izvor": "UPU Bilice sjever (split.hr), vektorizirano iz PDF-a"}}, {"type": "Feature", "geometry": {"type": "LineString", "coordinates": [[16.4827072, 43.5266805], [16.4827068, 43.528002]]}, "properties": {"tema": "namjena-poslovna", "opis": "K — gospodarska namjena, poslovna", "cad_sloj": "boja #ffbf7e", "list": "1. Koristenje i namjena", "plan": "UPU Bilice sjever", "izvor": "UPU Bilice sjever (split.hr), vektorizirano iz PDF-a"}}, {"type": "Feature", "geometry": {"type": "LineString", "coordinates": [[16.4827166, 43.5266717], [16.4827163, 43.5280079]]}, "properties": {"tema": "namjena-poslovna", "opis": "K — gospodarska namjena, poslovna", "cad_sloj": "boja #ffbf7e", "list": "1. Koristenje i namjena", "plan": "UPU Bilice sjever", "izvor": "UPU Bilice sjever (split.hr), vektorizirano iz PDF-a"}}, {"type": "Feature", "geometry": {"type": "LineString", "coordinates": [[16.4827258, 43.526663], [16.4827254, 43.5280138]]}, "properties": {"tema": "namjena-poslovna", "opis": "K — gospodarska namjena, poslovna", "cad_sloj": "boja #ffbf7e", "list": "1. Koristenje i namjena", "plan": "UPU Bilice sjever", "izvor": "UPU Bilice sjever (split.hr), vektorizirano iz PDF-a"}}, {"type": "Feature", "geometry": {"type": "LineString", "coordinates": [[16.4827352, 43.5266542], [16.4827348, 43.5280196]]}, "properties": {"tema": "namjena-poslovna", "opis": "K — gospodarska namjena, poslovna", "cad_sloj": "boja #ffbf7e", "list": "1. Koristenje i namjena", "plan": "UPU Bilice sjever", "izvor": "UPU Bilice sjever (split.hr), vektorizirano iz PDF-a"}}, {"type": "Feature", "geometry": {"type": "LineString", "coordinates": [[16.4827444, 43.5266454], [16.482744, 43.5280255]]}, "properties": {"tema": "namjena-poslovna", "opis": "K — gospodarska namjena, poslovna", "cad_sloj": "boja #ffbf7e", "list": "1. Koristenje i namjena", "plan": "UPU Bilice sjever", "izvor": "UPU Bilice sjever (split.hr), vektorizirano iz PDF-a"}}, {"type": "Feature", "geometry": {"type": "LineString", "coordinates": [[16.4827538, 43.5266367], [16.4827534, 43.5280314]]}, "properties": {"tema": "namjena-poslovna", "opis": "K — gospodarska namjena, poslovna", "cad_sloj": "boja #ffbf7e", "list": "1. Koristenje i namjena", "plan": "UPU Bilice sjever", "izvor": "UPU Bilice sjever (split.hr), vektorizirano iz PDF-a"}}, {"type": "Feature", "geometry": {"type": "LineString", "coordinates": [[16.482763, 43.5266279], [16.4827626, 43.5280373]]}, "properties": {"tema": "namjena-poslovna", "opis": "K — gospodarska namjena, poslovna", "cad_sloj": "boja #ffbf7e", "list": "1. Koristenje i namjena", "plan": "UPU Bilice sjever", "izvor": "UPU Bilice sjever (split.hr), vektorizirano iz PDF-a"}}, {"type": "Feature", "geometry": {"type": "LineString", "coordinates": [[16.4827722, 43.5266191], [16.4827718, 43.5280432]]}, "properties": {"tema": "namjena-poslovna", "opis": "K — gospodarska namjena, poslovna", "cad_sloj": "boja #ffbf7e", "list": "1. Koristenje i namjena", "plan": "UPU Bilice sjever", "izvor": "UPU Bilice sjever (split.hr), vektorizirano iz PDF-a"}}, {"type": "Feature", "geometry": {"type": "LineString", "coordinates": [[16.4827816, 43.5266104], [16.4827812, 43.5280489]]}, "properties": {"tema": "namjena-poslovna", "opis": "K — gospodarska namjena, poslovna", "cad_sloj": "boja #ffbf7e", "list": "1. Koristenje i namjena", "plan": "UPU Bilice sjever", "izvor": "UPU Bilice sjever (split.hr), vektorizirano iz PDF-a"}}, {"type": "Feature", "geometry": {"type": "LineString", "coordinates": [[16.4827908, 43.5266188], [16.4827904, 43.5280548]]}, "properties": {"tema": "namjena-poslovna", "opis": "K — gospodarska namjena, poslovna", "cad_sloj": "boja #ffbf7e", "list": "1. Koristenje i namjena", "plan": "UPU Bilice sjever", "izvor": "UPU Bilice sjever (split.hr), vektorizirano iz PDF-a"}}, {"type": "Feature", "geometry": {"type": "LineString", "coordinates": [[16.4828002, 43.5266271], [16.4827998, 43.5280607]]}, "properties": {"tema": "namjena-poslovna", "opis": "K — gospodarska namjena, poslovna", "cad_sloj": "boja #ffbf7e", "list": "1. Koristenje i namjena", "plan": "UPU Bilice sjever", "izvor": "UPU Bilice sjever (split.hr), vektorizirano iz PDF-a"}}, {"type": "Feature", "geometry": {"type": "LineString", "coordinates": [[16.4828093, 43.5266357], [16.4828089, 43.5280666]]}, "properties": {"tema": "namjena-poslovna", "opis": "K — gospodarska namjena, poslovna", "cad_sloj": "boja #ffbf7e", "list": "1. Koristenje i namjena", "plan": "UPU Bilice sjever", "izvor": "UPU Bilice sjever (split.hr), vektorizirano iz PDF-a"}}, {"type": "Feature", "geometry": {"type": "LineString", "coordinates": [[16.4828188, 43.5266441], [16.4828184, 43.5280725]]}, "properties": {"tema": "namjena-poslovna", "opis": "K — gospodarska namjena, poslovna", "cad_sloj": "boja #ffbf7e", "list": "1. Koristenje i namjena", "plan": "UPU Bilice sjever", "izvor": "UPU Bilice sjever (split.hr), vektorizirano iz PDF-a"}}, {"type": "Feature", "geometry": {"type": "LineString", "coordinates": [[16.4828279, 43.5266527], [16.4828275, 43.5280783]]}, "properties": {"tema": "namjena-poslovna", "opis": "K — gospodarska namjena, poslovna", "cad_sloj": "boja #ffbf7e", "list": "1. Koristenje i namjena", "plan": "UPU Bilice sjever", "izvor": "UPU Bilice sjever (split.hr), vektorizirano iz PDF-a"}}, {"type": "Feature", "geometry": {"type": "LineString", "coordinates": [[16.4828371, 43.5266611], [16.4828367, 43.5280842]]}, "properties": {"tema": "namjena-poslovna", "opis": "K — gospodarska namjena, poslovna", "cad_sloj": "boja #ffbf7e", "list": "1. Koristenje i namjena", "plan": "UPU Bilice sjever", "izvor": "UPU Bilice sjever (split.hr), vektorizirano iz PDF-a"}}, {"type": "Feature", "geometry": {"type": "LineString", "coordinates": [[16.4828465, 43.5266696], [16.4828461, 43.5280901]]}, "properties": {"tema": "namjena-poslovna", "opis": "K — gospodarska namjena, poslovna", "cad_sloj": "boja #ffbf7e", "list": "1. Koristenje i namjena", "plan": "UPU Bilice sjever", "izvor": "UPU Bilice sjever (split.hr), vektorizirano iz PDF-a"}}, {"type": "Feature", "geometry": {"type": "LineString", "coordinates": [[16.4828557, 43.5266782], [16.4828553, 43.528096]]}, "properties": {"tema": "namjena-poslovna", "opis": "K — gospodarska namjena, poslovna", "cad_sloj": "boja #ffbf7e", "list": "1. Koristenje i namjena", "plan": "UPU Bilice sjever", "izvor": "UPU Bilice sjever (split.hr), vektorizirano iz PDF-a"}}, {"type": "Feature", "geometry": {"type": "LineString", "coordinates": [[16.4828651, 43.5266866], [16.4828647, 43.5281017]]}, "properties": {"tema": "namjena-poslovna", "opis": "K — gospodarska namjena, poslovna", "cad_sloj": "boja #ffbf7e", "list": "1. Koristenje i namjena", "plan": "UPU Bilice sjever", "izvor": "UPU Bilice sjever (split.hr), vektorizirano iz PDF-a"}}, {"type": "Feature", "geometry": {"type": "LineString", "coordinates": [[16.4828743, 43.5266952], [16.4828739, 43.5281076]]}, "properties": {"tema": "namjena-poslovna", "opis": "K — gospodarska namjena, poslovna", "cad_sloj": "boja #ffbf7e", "list": "1. Koristenje i namjena", "plan": "UPU Bilice sjever", "izvor": "UPU Bilice sjever (split.hr), vektorizirano iz PDF-a"}}, {"type": "Feature", "geometry": {"type": "LineString", "coordinates": [[16.4828837, 43.5267036], [16.4828833, 43.5281135]]}, "properties": {"tema": "namjena-poslovna", "opis": "K — gospodarska namjena, poslovna", "cad_sloj": "boja #ffbf7e", "list": "1. Koristenje i namjena", "plan": "UPU Bilice sjever", "izvor": "UPU Bilice sjever (split.hr), vektorizirano iz PDF-a"}}, {"type": "Feature", "geometry": {"type": "LineString", "coordinates": [[16.4828929, 43.5267121], [16.4828925, 43.5281194]]}, "properties": {"tema": "namjena-poslovna", "opis": "K — gospodarska namjena, poslovna", "cad_sloj": "boja #ffbf7e", "list": "1. Koristenje i namjena", "plan": "UPU Bilice sjever", "izvor": "UPU Bilice sjever (split.hr), vektorizirano iz PDF-a"}}, {"type": "Feature", "geometry": {"type": "LineString", "coordinates": [[16.482902, 43.5267207], [16.4829016, 43.5281253]]}, "properties": {"tema": "namjena-poslovna", "opis": "K — gospodarska namjena, poslovna", "cad_sloj": "boja #ffbf7e", "list": "1. Koristenje i namjena", "plan": "UPU Bilice sjever", "izvor": "UPU Bilice sjever (split.hr), vektorizirano iz PDF-a"}}, {"type": "Feature", "geometry": {"type": "LineString", "coordinates": [[16.4829114, 43.5267291], [16.4829111, 43.528131]]}, "properties": {"tema": "namjena-poslovna", "opis": "K — gospodarska namjena, poslovna", "cad_sloj": "boja #ffbf7e", "list": "1. Koristenje i namjena", "plan": "UPU Bilice sjever", "izvor": "UPU Bilice sjever (split.hr), vektorizirano iz PDF-a"}}, {"type": "Feature", "geometry": {"type": "LineString", "coordinates": [[16.4829206, 43.5267377], [16.4829202, 43.5281369]]}, "properties": {"tema": "namjena-poslovna", "opis": "K — gospodarska namjena, poslovna", "cad_sloj": "boja #ffbf7e", "list": "1. Koristenje i namjena", "plan": "UPU Bilice sjever", "izvor": "UPU Bilice sjever (split.hr), vektorizirano iz PDF-a"}}, {"type": "Feature", "geometry": {"type": "LineString", "coordinates": [[16.48293, 43.5267463], [16.4829296, 43.5281429]]}, "properties": {"tema": "namjena-poslovna", "opis": "K — gospodarska namjena, poslovna", "cad_sloj": "boja #ffbf7e", "list": "1. Koristenje i namjena", "plan": "UPU Bilice sjever", "izvor": "UPU Bilice sjever (split.hr), vektorizirano iz PDF-a"}}, {"type": "Feature", "geometry": {"type": "LineString", "coordinates": [[16.4829392, 43.5267548], [16.4829388, 43.5281488]]}, "properties": {"tema": "namjena-poslovna", "opis": "K — gospodarska namjena, poslovna", "cad_sloj": "boja #ffbf7e", "list": "1. Koristenje i namjena", "plan": "UPU Bilice sjever", "izvor": "UPU Bilice sjever (split.hr), vektorizirano iz PDF-a"}}, {"type": "Feature", "geometry": {"type": "LineString", "coordinates": [[16.4829486, 43.5267634], [16.4829482, 43.5281547]]}, "properties": {"tema": "namjena-poslovna", "opis": "K — gospodarska namjena, poslovna", "cad_sloj": "boja #ffbf7e", "list": "1. Koristenje i namjena", "plan": "UPU Bilice sjever", "izvor": "UPU Bilice sjever (split.hr), vektorizirano iz PDF-a"}}, {"type": "Feature", "geometry": {"type": "LineString", "coordinates": [[16.4829578, 43.5267718], [16.4829574, 43.5281604]]}, "properties": {"tema": "namjena-poslovna", "opis": "K — gospodarska namjena, poslovna", "cad_sloj": "boja #ffbf7e", "list": "1. Koristenje i namjena", "plan": "UPU Bilice sjever", "izvor": "UPU Bilice sjever (split.hr), vektorizirano iz PDF-a"}}, {"type": "Feature", "geometry": {"type": "LineString", "coordinates": [[16.4829669, 43.5267804], [16.4829666, 43.5281663]]}, "properties": {"tema": "namjena-poslovna", "opis": "K — gospodarska namjena, poslovna", "cad_sloj": "boja #ffbf7e", "list": "1. Koristenje i namjena", "plan": "UPU Bilice sjever", "izvor": "UPU Bilice sjever (split.hr), vektorizirano iz PDF-a"}}, {"type": "Feature", "geometry": {"type": "LineString", "coordinates": [[16.4829764, 43.5267889], [16.482976, 43.5281722]]}, "properties": {"tema": "namjena-poslovna", "opis": "K — gospodarska namjena, poslovna", "cad_sloj": "boja #ffbf7e", "list": "1. Koristenje i namjena", "plan": "UPU Bilice sjever", "izvor": "UPU Bilice sjever (split.hr), vektorizirano iz PDF-a"}}, {"type": "Feature", "geometry": {"type": "LineString", "coordinates": [[16.4829855, 43.5267975], [16.4829851, 43.5281781]]}, "properties": {"tema": "namjena-poslovna", "opis": "K — gospodarska namjena, poslovna", "cad_sloj": "boja #ffbf7e", "list": "1. Koristenje i namjena", "plan": "UPU Bilice sjever", "izvor": "UPU Bilice sjever (split.hr), vektorizirano iz PDF-a"}}, {"type": "Feature", "geometry": {"type": "LineString", "coordinates": [[16.482995, 43.5268061], [16.4829946, 43.528184]]}, "properties": {"tema": "namjena-poslovna", "opis": "K — gospodarska namjena, poslovna", "cad_sloj": "boja #ffbf7e", "list": "1. Koristenje i namjena", "plan": "UPU Bilice sjever", "izvor": "UPU Bilice sjever (split.hr), vektorizirano iz PDF-a"}}, {"type": "Feature", "geometry": {"type": "LineString", "coordinates": [[16.4830041, 43.5268147], [16.4830037, 43.5281897]]}, "properties": {"tema": "namjena-poslovna", "opis": "K — gospodarska namjena, poslovna", "cad_sloj": "boja #ffbf7e", "list": "1. Koristenje i namjena", "plan": "UPU Bilice sjever", "izvor": "UPU Bilice sjever (split.hr), vektorizirano iz PDF-a"}}, {"type": "Feature", "geometry": {"type": "LineString", "coordinates": [[16.4830135, 43.5268232], [16.4830132, 43.5281957]]}, "properties": {"tema": "namjena-poslovna", "opis": "K — gospodarska namjena, poslovna", "cad_sloj": "boja #ffbf7e", "list": "1. Koristenje i namjena", "plan": "UPU Bilice sjever", "izvor": "UPU Bilice sjever (split.hr), vektorizirano iz PDF-a"}}, {"type": "Feature", "geometry": {"type": "LineString", "coordinates": [[16.4830227, 43.5268318], [16.4830223, 43.5282016]]}, "properties": {"tema": "namjena-poslovna", "opis": "K — gospodarska namjena, poslovna", "cad_sloj": "boja #ffbf7e", "list": "1. Koristenje i namjena", "plan": "UPU Bilice sjever", "izvor": "UPU Bilice sjever (split.hr), vektorizirano iz PDF-a"}}, {"type": "Feature", "geometry": {"type": "LineString", "coordinates": [[16.4830319, 43.5268404], [16.4830315, 43.5282075]]}, "properties": {"tema": "namjena-poslovna", "opis": "K — gospodarska namjena, poslovna", "cad_sloj": "boja #ffbf7e", "list": "1. Koristenje i namjena", "plan": "UPU Bilice sjever", "izvor": "UPU Bilice sjever (split.hr), vektorizirano iz PDF-a"}}, {"type": "Feature", "geometry": {"type": "LineString", "coordinates": [[16.4830413, 43.5268488], [16.4830409, 43.5282134]]}, "properties": {"tema": "namjena-poslovna", "opis": "K — gospodarska namjena, poslovna", "cad_sloj": "boja #ffbf7e", "list": "1. Koristenje i namjena", "plan": "UPU Bilice sjever", "izvor": "UPU Bilice sjever (split.hr), vektorizirano iz PDF-a"}}, {"type": "Feature", "geometry": {"type": "LineString", "coordinates": [[16.4830505, 43.5268573], [16.4830501, 43.5282191]]}, "properties": {"tema": "namjena-poslovna", "opis": "K — gospodarska namjena, poslovna", "cad_sloj": "boja #ffbf7e", "list": "1. Koristenje i namjena", "plan": "UPU Bilice sjever", "izvor": "UPU Bilice sjever (split.hr), vektorizirano iz PDF-a"}}, {"type": "Feature", "geometry": {"type": "LineString", "coordinates": [[16.4830599, 43.5268659], [16.4830595, 43.528225]]}, "properties": {"tema": "namjena-poslovna", "opis": "K — gospodarska namjena, poslovna", "cad_sloj": "boja #ffbf7e", "list": "1. Koristenje i namjena", "plan": "UPU Bilice sjever", "izvor": "UPU Bilice sjever (split.hr), vektorizirano iz PDF-a"}}, {"type": "Feature", "geometry": {"type": "LineString", "coordinates": [[16.483069, 43.5268745], [16.4830687, 43.5282309]]}, "properties": {"tema": "namjena-poslovna", "opis": "K — gospodarska namjena, poslovna", "cad_sloj": "boja #ffbf7e", "list": "1. Koristenje i namjena", "plan": "UPU Bilice sjever", "izvor": "UPU Bilice sjever (split.hr), vektorizirano iz PDF-a"}}, {"type": "Feature", "geometry": {"type": "LineString", "coordinates": [[16.4830785, 43.5268831], [16.4830781, 43.5282368]]}, "properties": {"tema": "namjena-poslovna", "opis": "K — gospodarska namjena, poslovna", "cad_sloj": "boja #ffbf7e", "list": "1. Koristenje i namjena", "plan": "UPU Bilice sjever", "izvor": "UPU Bilice sjever (split.hr), vektorizirano iz PDF-a"}}, {"type": "Feature", "geometry": {"type": "LineString", "coordinates": [[16.4830876, 43.5268917], [16.4830873, 43.5282427]]}, "properties": {"tema": "namjena-poslovna", "opis": "K — gospodarska namjena, poslovna", "cad_sloj": "boja #ffbf7e", "list": "1. Koristenje i namjena", "plan": "UPU Bilice sjever", "izvor": "UPU Bilice sjever (split.hr), vektorizirano iz PDF-a"}}, {"type": "Feature", "geometry": {"type": "LineString", "coordinates": [[16.4830971, 43.5269002], [16.4830967, 43.5282484]]}, "properties": {"tema": "namjena-poslovna", "opis": "K — gospodarska namjena, poslovna", "cad_sloj": "boja #ffbf7e", "list": "1. Koristenje i namjena", "plan": "UPU Bilice sjever", "izvor": "UPU Bilice sjever (split.hr), vektorizirano iz PDF-a"}}, {"type": "Feature", "geometry": {"type": "LineString", "coordinates": [[16.4831062, 43.5269092], [16.4831058, 43.5282543]]}, "properties": {"tema": "namjena-poslovna", "opis": "K — gospodarska namjena, poslovna", "cad_sloj": "boja #ffbf7e", "list": "1. Koristenje i namjena", "plan": "UPU Bilice sjever", "izvor": "UPU Bilice sjever (split.hr), vektorizirano iz PDF-a"}}, {"type": "Feature", "geometry": {"type": "LineString", "coordinates": [[16.4831154, 43.5269204], [16.483115, 43.5282603]]}, "properties": {"tema": "namjena-poslovna", "opis": "K — gospodarska namjena, poslovna", "cad_sloj": "boja #ffbf7e", "list": "1. Koristenje i namjena", "plan": "UPU Bilice sjever", "izvor": "UPU Bilice sjever (split.hr), vektorizirano iz PDF-a"}}, {"type": "Feature", "geometry": {"type": "LineString", "coordinates": [[16.4831248, 43.5269317], [16.4831244, 43.5282662]]}, "properties": {"tema": "namjena-poslovna", "opis": "K — gospodarska namjena, poslovna", "cad_sloj": "boja #ffbf7e", "list": "1. Koristenje i namjena", "plan": "UPU Bilice sjever", "izvor": "UPU Bilice sjever (split.hr), vektorizirano iz PDF-a"}}, {"type": "Feature", "geometry": {"type": "LineString", "coordinates": [[16.483134, 43.5269427], [16.4831336, 43.5282719]]}, "properties": {"tema": "namjena-poslovna", "opis": "K — gospodarska namjena, poslovna", "cad_sloj": "boja #ffbf7e", "list": "1. Koristenje i namjena", "plan": "UPU Bilice sjever", "izvor": "UPU Bilice sjever (split.hr), vektorizirano iz PDF-a"}}, {"type": "Feature", "geometry": {"type": "LineString", "coordinates": [[16.4831434, 43.526954], [16.483143, 43.5282778]]}, "properties": {"tema": "namjena-poslovna", "opis": "K — gospodarska namjena, poslovna", "cad_sloj": "boja #ffbf7e", "list": "1. Koristenje i namjena", "plan": "UPU Bilice sjever", "izvor": "UPU Bilice sjever (split.hr), vektorizirano iz PDF-a"}}, {"type": "Feature", "geometry": {"type": "LineString", "coordinates": [[16.4831526, 43.5269652], [16.4831522, 43.5282837]]}, "properties": {"tema": "namjena-poslovna", "opis": "K — gospodarska namjena, poslovna", "cad_sloj": "boja #ffbf7e", "list": "1. Koristenje i namjena", "plan": "UPU Bilice sjever", "izvor": "UPU Bilice sjever (split.hr), vektorizirano iz PDF-a"}}, {"type": "Feature", "geometry": {"type": "LineString", "coordinates": [[16.483162, 43.5269764], [16.4831616, 43.5282896]]}, "properties": {"tema": "namjena-poslovna", "opis": "K — gospodarska namjena, poslovna", "cad_sloj": "boja #ffbf7e", "list": "1. Koristenje i namjena", "plan": "UPU Bilice sjever", "izvor": "UPU Bilice sjever (split.hr), vektorizirano iz PDF-a"}}, {"type": "Feature", "geometry": {"type": "LineString", "coordinates": [[16.4831711, 43.5269875], [16.4831708, 43.5282955]]}, "properties": {"tema": "namjena-poslovna", "opis": "K — gospodarska namjena, poslovna", "cad_sloj": "boja #ffbf7e", "list": "1. Koristenje i namjena", "plan": "UPU Bilice sjever", "izvor": "UPU Bilice sjever (split.hr), vektorizirano iz PDF-a"}}, {"type": "Feature", "geometry": {"type": "LineString", "coordinates": [[16.4831803, 43.5269987], [16.4831799, 43.5283012]]}, "properties": {"tema": "namjena-poslovna", "opis": "K — gospodarska namjena, poslovna", "cad_sloj": "boja #ffbf7e", "list": "1. Koristenje i namjena", "plan": "UPU Bilice sjever", "izvor": "UPU Bilice sjever (split.hr), vektorizirano iz PDF-a"}}, {"type": "Feature", "geometry": {"type": "LineString", "coordinates": [[16.4831897, 43.52701], [16.4831894, 43.5283071]]}, "properties": {"tema": "namjena-poslovna", "opis": "K — gospodarska namjena, poslovna", "cad_sloj": "boja #ffbf7e", "list": "1. Koristenje i namjena", "plan": "UPU Bilice sjever", "izvor": "UPU Bilice sjever (split.hr), vektorizirano iz PDF-a"}}, {"type": "Feature", "geometry": {"type": "LineString", "coordinates": [[16.4831989, 43.5270212], [16.4831985, 43.528313]]}, "properties": {"tema": "namjena-poslovna", "opis": "K — gospodarska namjena, poslovna", "cad_sloj": "boja #ffbf7e", "list": "1. Koristenje i namjena", "plan": "UPU Bilice sjever", "izvor": "UPU Bilice sjever (split.hr), vektorizirano iz PDF-a"}}, {"type": "Feature", "geometry": {"type": "LineString", "coordinates": [[16.4832083, 43.5270323], [16.483208, 43.528319]]}, "properties": {"tema": "namjena-poslovna", "opis": "K — gospodarska namjena, poslovna", "cad_sloj": "boja #ffbf7e", "list": "1. Koristenje i namjena", "plan": "UPU Bilice sjever", "izvor": "UPU Bilice sjever (split.hr), vektorizirano iz PDF-a"}}, {"type": "Feature", "geometry": {"type": "LineString", "coordinates": [[16.4832175, 43.5270435], [16.4832171, 43.5283249]]}, "properties": {"tema": "namjena-poslovna", "opis": "K — gospodarska namjena, poslovna", "cad_sloj": "boja #ffbf7e", "list": "1. Koristenje i namjena", "plan": "UPU Bilice sjever", "izvor": "UPU Bilice sjever (split.hr), vektorizirano iz PDF-a"}}, {"type": "Feature", "geometry": {"type": "LineString", "coordinates": [[16.4832269, 43.5270548], [16.4832265, 43.5283308]]}, "properties": {"tema": "namjena-poslovna", "opis": "K — gospodarska namjena, poslovna", "cad_sloj": "boja #ffbf7e", "list": "1. Koristenje i namjena", "plan": "UPU Bilice sjever", "izvor": "UPU Bilice sjever (split.hr), vektorizirano iz PDF-a"}}, {"type": "Feature", "geometry": {"type": "LineString", "coordinates": [[16.4832361, 43.527066], [16.4832357, 43.5283367]]}, "properties": {"tema": "namjena-poslovna", "opis": "K — gospodarska namjena, poslovna", "cad_sloj": "boja #ffbf7e", "list": "1. Koristenje i namjena", "plan": "UPU Bilice sjever", "izvor": "UPU Bilice sjever (split.hr), vektorizirano iz PDF-a"}}, {"type": "Feature", "geometry": {"type": "LineString", "coordinates": [[16.4832452, 43.5270771], [16.4832449, 43.5283426]]}, "properties": {"tema": "namjena-poslovna", "opis": "K — gospodarska namjena, poslovna", "cad_sloj": "boja #ffbf7e", "list": "1. Koristenje i namjena", "plan": "UPU Bilice sjever", "izvor": "UPU Bilice sjever (split.hr), vektorizirano iz PDF-a"}}, {"type": "Feature", "geometry": {"type": "LineString", "coordinates": [[16.4832546, 43.5270883], [16.4832543, 43.5283487]]}, "properties": {"tema": "namjena-poslovna", "opis": "K — gospodarska namjena, poslovna", "cad_sloj": "boja #ffbf7e", "list": "1. Koristenje i namjena", "plan": "UPU Bilice sjever", "izvor": "UPU Bilice sjever (split.hr), vektorizirano iz PDF-a"}}, {"type": "Feature", "geometry": {"type": "LineString", "coordinates": [[16.4832638, 43.5270995], [16.4832635, 43.5283548]]}, "properties": {"tema": "namjena-poslovna", "opis": "K — gospodarska namjena, poslovna", "cad_sloj": "boja #ffbf7e", "list": "1. Koristenje i namjena", "plan": "UPU Bilice sjever", "izvor": "UPU Bilice sjever (split.hr), vektorizirano iz PDF-a"}}, {"type": "Feature", "geometry": {"type": "LineString", "coordinates": [[16.4832732, 43.5271108], [16.4832729, 43.5283609]]}, "properties": {"tema": "namjena-poslovna", "opis": "K — gospodarska namjena, poslovna", "cad_sloj": "boja #ffbf7e", "list": "1. Koristenje i namjena", "plan": "UPU Bilice sjever", "izvor": "UPU Bilice sjever (split.hr), vektorizirano iz PDF-a"}}, {"type": "Feature", "geometry": {"type": "LineString", "coordinates": [[16.4832824, 43.5271218], [16.483282, 43.528367]]}, "properties": {"tema": "namjena-poslovna", "opis": "K — gospodarska namjena, poslovna", "cad_sloj": "boja #ffbf7e", "list": "1. Koristenje i namjena", "plan": "UPU Bilice sjever", "izvor": "UPU Bilice sjever (split.hr), vektorizirano iz PDF-a"}}, {"type": "Feature", "geometry": {"type": "LineString", "coordinates": [[16.4832918, 43.5271331], [16.4832915, 43.5283731]]}, "properties": {"tema": "namjena-poslovna", "opis": "K — gospodarska namjena, poslovna", "cad_sloj": "boja #ffbf7e", "list": "1. Koristenje i namjena", "plan": "UPU Bilice sjever", "izvor": "UPU Bilice sjever (split.hr), vektorizirano iz PDF-a"}}, {"type": "Feature", "geometry": {"type": "LineString", "coordinates": [[16.483301, 43.5271447], [16.4833006, 43.5283794]]}, "properties": {"tema": "namjena-poslovna", "opis": "K — gospodarska namjena, poslovna", "cad_sloj": "boja #ffbf7e", "list": "1. Koristenje i namjena", "plan": "UPU Bilice sjever", "izvor": "UPU Bilice sjever (split.hr), vektorizirano iz PDF-a"}}, {"type": "Feature", "geometry": {"type": "LineString", "coordinates": [[16.4833101, 43.5271569], [16.4833098, 43.5283857]]}, "properties": {"tema": "namjena-poslovna", "opis": "K — gospodarska namjena, poslovna", "cad_sloj": "boja #ffbf7e", "list": "1. Koristenje i namjena", "plan": "UPU Bilice sjever", "izvor": "UPU Bilice sjever (split.hr), vektorizirano iz PDF-a"}}, {"type": "Feature", "geometry": {"type": "LineString", "coordinates": [[16.4833196, 43.5271691], [16.4833192, 43.5283919]]}, "properties": {"tema": "namjena-poslovna", "opis": "K — gospodarska namjena, poslovna", "cad_sloj": "boja #ffbf7e", "list": "1. Koristenje i namjena", "plan": "UPU Bilice sjever", "izvor": "UPU Bilice sjever (split.hr), vektorizirano iz PDF-a"}}, {"type": "Feature", "geometry": {"type": "LineString", "coordinates": [[16.4833287, 43.5271813], [16.4833284, 43.5283982]]}, "properties": {"tema": "namjena-poslovna", "opis": "K — gospodarska namjena, poslovna", "cad_sloj": "boja #ffbf7e", "list": "1. Koristenje i namjena", "plan": "UPU Bilice sjever", "izvor": "UPU Bilice sjever (split.hr), vektorizirano iz PDF-a"}}, {"type": "Feature", "geometry": {"type": "LineString", "coordinates": [[16.4833381, 43.5271935], [16.4833378, 43.5284047]]}, "properties": {"tema": "namjena-poslovna", "opis": "K — gospodarska namjena, poslovna", "cad_sloj": "boja #ffbf7e", "list": "1. Koristenje i namjena", "plan": "UPU Bilice sjever", "izvor": "UPU Bilice sjever (split.hr), vektorizirano iz PDF-a"}}, {"type": "Feature", "geometry": {"type": "LineString", "coordinates": [[16.4833473, 43.5272057], [16.483347, 43.5284112]]}, "properties": {"tema": "namjena-poslovna", "opis": "K — gospodarska namjena, poslovna", "cad_sloj": "boja #ffbf7e", "list": "1. Koristenje i namjena", "plan": "UPU Bilice sjever", "izvor": "UPU Bilice sjever (split.hr), vektorizirano iz PDF-a"}}, {"type": "Feature", "geometry": {"type": "LineString", "coordinates": [[16.4833567, 43.5272179], [16.4833564, 43.5284177]]}, "properties": {"tema": "namjena-poslovna", "opis": "K — gospodarska namjena, poslovna", "cad_sloj": "boja #ffbf7e", "list": "1. Koristenje i namjena", "plan": "UPU Bilice sjever", "izvor": "UPU Bilice sjever (split.hr), vektorizirano iz PDF-a"}}, {"type": "Feature", "geometry": {"type": "LineString", "coordinates": [[16.4833659, 43.5272301], [16.4833656, 43.5284242]]}, "properties": {"tema": "namjena-poslovna", "opis": "K — gospodarska namjena, poslovna", "cad_sloj": "boja #ffbf7e", "list": "1. Koristenje i namjena", "plan": "UPU Bilice sjever", "izvor": "UPU Bilice sjever (split.hr), vektorizirano iz PDF-a"}}, {"type": "Feature", "geometry": {"type": "LineString", "coordinates": [[16.4833753, 43.5272423], [16.483375, 43.5284306]]}, "properties": {"tema": "namjena-poslovna", "opis": "K — gospodarska namjena, poslovna", "cad_sloj": "boja #ffbf7e", "list": "1. Koristenje i namjena", "plan": "UPU Bilice sjever", "izvor": "UPU Bilice sjever (split.hr), vektorizirano iz PDF-a"}}, {"type": "Feature", "geometry": {"type": "LineString", "coordinates": [[16.4833845, 43.5272545], [16.4833842, 43.5284373]]}, "properties": {"tema": "namjena-poslovna", "opis": "K — gospodarska namjena, poslovna", "cad_sloj": "boja #ffbf7e", "list": "1. Koristenje i namjena", "plan": "UPU Bilice sjever", "izvor": "UPU Bilice sjever (split.hr), vektorizirano iz PDF-a"}}, {"type": "Feature", "geometry": {"type": "LineString", "coordinates": [[16.4833936, 43.5272667], [16.4833933, 43.528444]]}, "properties": {"tema": "namjena-poslovna", "opis": "K — gospodarska namjena, poslovna", "cad_sloj": "boja #ffbf7e", "list": "1. Koristenje i namjena", "plan": "UPU Bilice sjever", "izvor": "UPU Bilice sjever (split.hr), vektorizirano iz PDF-a"}}, {"type": "Feature", "geometry": {"type": "LineString", "coordinates": [[16.4834031, 43.5272789], [16.4834027, 43.5284506]]}, "properties": {"tema": "namjena-poslovna", "opis": "K — gospodarska namjena, poslovna", "cad_sloj": "boja #ffbf7e", "list": "1. Koristenje i namjena", "plan": "UPU Bilice sjever", "izvor": "UPU Bilice sjever (split.hr), vektorizirano iz PDF-a"}}, {"type": "Feature", "geometry": {"type": "LineString", "coordinates": [[16.4834122, 43.5272911], [16.4834119, 43.5284573]]}, "properties": {"tema": "namjena-poslovna", "opis": "K — gospodarska namjena, poslovna", "cad_sloj": "boja #ffbf7e", "list": "1. Koristenje i namjena", "plan": "UPU Bilice sjever", "izvor": "UPU Bilice sjever (split.hr), vektorizirano iz PDF-a"}}, {"type": "Feature", "geometry": {"type": "LineString", "coordinates": [[16.4834216, 43.5273033], [16.4834213, 43.5284642]]}, "properties": {"tema": "namjena-poslovna", "opis": "K — gospodarska namjena, poslovna", "cad_sloj": "boja #ffbf7e", "list": "1. Koristenje i namjena", "plan": "UPU Bilice sjever", "izvor": "UPU Bilice sjever (split.hr), vektorizirano iz PDF-a"}}, {"type": "Feature", "geometry": {"type": "LineString", "coordinates": [[16.4834308, 43.5273154], [16.4834305, 43.528471]]}, "properties": {"tema": "namjena-poslovna", "opis": "K — gospodarska namjena, poslovna", "cad_sloj": "boja #ffbf7e", "list": "1. Koristenje i namjena", "plan": "UPU Bilice sjever", "izvor": "UPU Bilice sjever (split.hr), vektorizirano iz PDF-a"}}, {"type": "Feature", "geometry": {"type": "LineString", "coordinates": [[16.4834402, 43.5273276], [16.4834399, 43.5284779]]}, "properties": {"tema": "namjena-poslovna", "opis": "K — gospodarska namjena, poslovna", "cad_sloj": "boja #ffbf7e", "list": "1. Koristenje i namjena", "plan": "UPU Bilice sjever", "izvor": "UPU Bilice sjever (split.hr), vektorizirano iz PDF-a"}}, {"type": "Feature", "geometry": {"type": "LineString", "coordinates": [[16.4834494, 43.5273398], [16.4834491, 43.5284848]]}, "properties": {"tema": "namjena-poslovna", "opis": "K — gospodarska namjena, poslovna", "cad_sloj": "boja #ffbf7e", "list": "1. Koristenje i namjena", "plan": "UPU Bilice sjever", "izvor": "UPU Bilice sjever (split.hr), vektorizirano iz PDF-a"}}, {"type": "Feature", "geometry": {"type": "LineString", "coordinates": [[16.4834586, 43.5273518], [16.4834582, 43.5284918]]}, "properties": {"tema": "namjena-poslovna", "opis": "K — gospodarska namjena, poslovna", "cad_sloj": "boja #ffbf7e", "list": "1. Koristenje i namjena", "plan": "UPU Bilice sjever", "izvor": "UPU Bilice sjever (split.hr), vektorizirano iz PDF-a"}}, {"type": "Feature", "geometry": {"type": "LineString", "coordinates": [[16.483468, 43.527364], [16.4834677, 43.5284989]]}, "properties": {"tema": "namjena-poslovna", "opis": "K — gospodarska namjena, poslovna", "cad_sloj": "boja #ffbf7e", "list": "1. Koristenje i namjena", "plan": "UPU Bilice sjever", "izvor": "UPU Bilice sjever (split.hr), vektorizirano iz PDF-a"}}, {"type": "Feature", "geometry": {"type": "LineString", "coordinates": [[16.4834771, 43.5273766], [16.4834768, 43.5285059]]}, "properties": {"tema": "namjena-poslovna", "opis": "K — gospodarska namjena, poslovna", "cad_sloj": "boja #ffbf7e", "list": "1. Koristenje i namjena", "plan": "UPU Bilice sjever", "izvor": "UPU Bilice sjever (split.hr), vektorizirano iz PDF-a"}}, {"type": "Feature", "geometry": {"type": "LineString", "coordinates": [[16.4834866, 43.527389], [16.4834863, 43.528513]]}, "properties": {"tema": "namjena-poslovna", "opis": "K — gospodarska namjena, poslovna", "cad_sloj": "boja #ffbf7e", "list": "1. Koristenje i namjena", "plan": "UPU Bilice sjever", "izvor": "UPU Bilice sjever (split.hr), vektorizirano iz PDF-a"}}, {"type": "Feature", "geometry": {"type": "LineString", "coordinates": [[16.4834957, 43.5274014], [16.4834954, 43.5285202]]}, "properties": {"tema": "namjena-poslovna", "opis": "K — gospodarska namjena, poslovna", "cad_sloj": "boja #ffbf7e", "list": "1. Koristenje i namjena", "plan": "UPU Bilice sjever", "izvor": "UPU Bilice sjever (split.hr), vektorizirano iz PDF-a"}}, {"type": "Feature", "geometry": {"type": "LineString", "coordinates": [[16.4835052, 43.5274138], [16.4835048, 43.5285274]]}, "properties": {"tema": "namjena-poslovna", "opis": "K — gospodarska namjena, poslovna", "cad_sloj": "boja #ffbf7e", "list": "1. Koristenje i namjena", "plan": "UPU Bilice sjever", "izvor": "UPU Bilice sjever (split.hr), vektorizirano iz PDF-a"}}, {"type": "Feature", "geometry": {"type": "LineString", "coordinates": [[16.4835143, 43.5274262], [16.483514, 43.5285347]]}, "properties": {"tema": "namjena-poslovna", "opis": "K — gospodarska namjena, poslovna", "cad_sloj": "boja #ffbf7e", "list": "1. Koristenje i namjena", "plan": "UPU Bilice sjever", "izvor": "UPU Bilice sjever (split.hr), vektorizirano iz PDF-a"}}, {"type": "Feature", "geometry": {"type": "LineString", "coordinates": [[16.4835235, 43.5274385], [16.4835232, 43.5285419]]}, "properties": {"tema": "namjena-poslovna", "opis": "K — gospodarska namjena, poslovna", "cad_sloj": "boja #ffbf7e", "list": "1. Koristenje i namjena", "plan": "UPU Bilice sjever", "izvor": "UPU Bilice sjever (split.hr), vektorizirano iz PDF-a"}}, {"type": "Feature", "geometry": {"type": "LineString", "coordinates": [[16.4835329, 43.5274511], [16.4835326, 43.5285494]]}, "properties": {"tema": "namjena-poslovna", "opis": "K — gospodarska namjena, poslovna", "cad_sloj": "boja #ffbf7e", "list": "1. Koristenje i namjena", "plan": "UPU Bilice sjever", "izvor": "UPU Bilice sjever (split.hr), vektorizirano iz PDF-a"}}, {"type": "Feature", "geometry": {"type": "LineString", "coordinates": [[16.4835421, 43.5274635], [16.4835418, 43.5285568]]}, "properties": {"tema": "namjena-poslovna", "opis": "K — gospodarska namjena, poslovna", "cad_sloj": "boja #ffbf7e", "list": "1. Koristenje i namjena", "plan": "UPU Bilice sjever", "izvor": "UPU Bilice sjever (split.hr), vektorizirano iz PDF-a"}}, {"type": "Feature", "geometry": {"type": "LineString", "coordinates": [[16.4835515, 43.5274759], [16.4835512, 43.5285642]]}, "properties": {"tema": "namjena-poslovna", "opis": "K — gospodarska namjena, poslovna", "cad_sloj": "boja #ffbf7e", "list": "1. Koristenje i namjena", "plan": "UPU Bilice sjever", "izvor": "UPU Bilice sjever (split.hr), vektorizirano iz PDF-a"}}, {"type": "Feature", "geometry": {"type": "LineString", "coordinates": [[16.4835606, 43.5274883], [16.4835604, 43.5285718]]}, "properties": {"tema": "namjena-poslovna", "opis": "K — gospodarska namjena, poslovna", "cad_sloj": "boja #ffbf7e", "list": "1. Koristenje i namjena", "plan": "UPU Bilice sjever", "izvor": "UPU Bilice sjever (split.hr), vektorizirano iz PDF-a"}}, {"type": "Feature", "geometry": {"type": "LineString", "coordinates": [[16.4835701, 43.5275007], [16.4835698, 43.5285795]]}, "properties": {"tema": "namjena-poslovna", "opis": "K — gospodarska namjena, poslovna", "cad_sloj": "boja #ffbf7e", "list": "1. Koristenje i namjena", "plan": "UPU Bilice sjever", "izvor": "UPU Bilice sjever (split.hr), vektorizirano iz PDF-a"}}, {"type": "Feature", "geometry": {"type": "LineString", "coordinates": [[16.4835792, 43.5275131], [16.4835789, 43.5285871]]}, "properties": {"tema": "namjena-poslovna", "opis": "K — gospodarska namjena, poslovna", "cad_sloj": "boja #ffbf7e", "list": "1. Koristenje i namjena", "plan": "UPU Bilice sjever", "izvor": "UPU Bilice sjever (split.hr), vektorizirano iz PDF-a"}}, {"type": "Feature", "geometry": {"type": "LineString", "coordinates": [[16.4835884, 43.5275254], [16.4835881, 43.5285947]]}, "properties": {"tema": "namjena-poslovna", "opis": "K — gospodarska namjena, poslovna", "cad_sloj": "boja #ffbf7e", "list": "1. Koristenje i namjena", "plan": "UPU Bilice sjever", "izvor": "UPU Bilice sjever (split.hr), vektorizirano iz PDF-a"}}, {"type": "Feature", "geometry": {"type": "LineString", "coordinates": [[16.4835978, 43.527538], [16.4835975, 43.5286025]]}, "properties": {"tema": "namjena-poslovna", "opis": "K — gospodarska namjena, poslovna", "cad_sloj": "boja #ffbf7e", "list": "1. Koristenje i namjena", "plan": "UPU Bilice sjever", "izvor": "UPU Bilice sjever (split.hr), vektorizirano iz PDF-a"}}, {"type": "Feature", "geometry": {"type": "LineString", "coordinates": [[16.483607, 43.5275504], [16.4836067, 43.5286103]]}, "properties": {"tema": "namjena-poslovna", "opis": "K — gospodarska namjena, poslovna", "cad_sloj": "boja #ffbf7e", "list": "1. Koristenje i namjena", "plan": "UPU Bilice sjever", "izvor": "UPU Bilice sjever (split.hr), vektorizirano iz PDF-a"}}, {"type": "Feature", "geometry": {"type": "LineString", "coordinates": [[16.4836164, 43.5275628], [16.4836161, 43.5286181]]}, "properties": {"tema": "namjena-poslovna", "opis": "K — gospodarska namjena, poslovna", "cad_sloj": "boja #ffbf7e", "list": "1. Koristenje i namjena", "plan": "UPU Bilice sjever", "izvor": "UPU Bilice sjever (split.hr), vektorizirano iz PDF-a"}}, {"type": "Feature", "geometry": {"type": "LineString", "coordinates": [[16.4836256, 43.5275752], [16.4836253, 43.5286262]]}, "properties": {"tema": "namjena-poslovna", "opis": "K — gospodarska namjena, poslovna", "cad_sloj": "boja #ffbf7e", "list": "1. Koristenje i namjena", "plan": "UPU Bilice sjever", "izvor": "UPU Bilice sjever (split.hr), vektorizirano iz PDF-a"}}, {"type": "Feature", "geometry": {"type": "LineString", "coordinates": [[16.483635, 43.5275876], [16.4836347, 43.5286342]]}, "properties": {"tema": "namjena-poslovna", "opis": "K — gospodarska namjena, poslovna", "cad_sloj": "boja #ffbf7e", "list": "1. Koristenje i namjena", "plan": "UPU Bilice sjever", "izvor": "UPU Bilice sjever (split.hr), vektorizirano iz PDF-a"}}, {"type": "Feature", "geometry": {"type": "LineString", "coordinates": [[16.4836441, 43.5275999], [16.4836439, 43.5286422]]}, "properties": {"tema": "namjena-poslovna", "opis": "K — gospodarska namjena, poslovna", "cad_sloj": "boja #ffbf7e", "list": "1. Koristenje i namjena", "plan": "UPU Bilice sjever", "izvor": "UPU Bilice sjever (split.hr), vektorizirano iz PDF-a"}}, {"type": "Feature", "geometry": {"type": "LineString", "coordinates": [[16.4836533, 43.5276123], [16.483653, 43.5286504]]}, "properties": {"tema": "namjena-poslovna", "opis": "K — gospodarska namjena, poslovna", "cad_sloj": "boja #ffbf7e", "list": "1. Koristenje i namjena", "plan": "UPU Bilice sjever", "izvor": "UPU Bilice sjever (split.hr), vektorizirano iz PDF-a"}}, {"type": "Feature", "geometry": {"type": "LineString", "coordinates": [[16.4836627, 43.5276249], [16.4836625, 43.5286586]]}, "properties": {"tema": "namjena-poslovna", "opis": "K — gospodarska namjena, poslovna", "cad_sloj": "boja #ffbf7e", "list": "1. Koristenje i namjena", "plan": "UPU Bilice sjever", "izvor": "UPU Bilice sjever (split.hr), vektorizirano iz PDF-a"}}, {"type": "Feature", "geometry": {"type": "LineString", "coordinates": [[16.4836719, 43.5276373], [16.4836716, 43.5286667]]}, "properties": {"tema": "namjena-poslovna", "opis": "K — gospodarska namjena, poslovna", "cad_sloj": "boja #ffbf7e", "list": "1. Koristenje i namjena", "plan": "UPU Bilice sjever", "izvor": "UPU Bilice sjever (split.hr), vektorizirano iz PDF-a"}}, {"type": "Feature", "geometry": {"type": "LineString", "coordinates": [[16.4836813, 43.5276497], [16.483681, 43.5286751]]}, "properties": {"tema": "namjena-poslovna", "opis": "K — gospodarska namjena, poslovna", "cad_sloj": "boja #ffbf7e", "list": "1. Koristenje i namjena", "plan": "UPU Bilice sjever", "izvor": "UPU Bilice sjever (split.hr), vektorizirano iz PDF-a"}}, {"type": "Feature", "geometry": {"type": "LineString", "coordinates": [[16.4836905, 43.5276621], [16.4836902, 43.5286835]]}, "properties": {"tema": "namjena-poslovna", "opis": "K — gospodarska namjena, poslovna", "cad_sloj": "boja #ffbf7e", "list": "1. Koristenje i namjena", "plan": "UPU Bilice sjever", "izvor": "UPU Bilice sjever (split.hr), vektorizirano iz PDF-a"}}, {"type": "Feature", "geometry": {"type": "LineString", "coordinates": [[16.4836999, 43.5276744], [16.4836996, 43.5286919]]}, "properties": {"tema": "namjena-poslovna", "opis": "K — gospodarska namjena, poslovna", "cad_sloj": "boja #ffbf7e", "list": "1. Koristenje i namjena", "plan": "UPU Bilice sjever", "izvor": "UPU Bilice sjever (split.hr), vektorizirano iz PDF-a"}}, {"type": "Feature", "geometry": {"type": "LineString", "coordinates": [[16.4837091, 43.5276868], [16.4837088, 43.5287005]]}, "properties": {"tema": "namjena-poslovna", "opis": "K — gospodarska namjena, poslovna", "cad_sloj": "boja #ffbf7e", "list": "1. Koristenje i namjena", "plan": "UPU Bilice sjever", "izvor": "UPU Bilice sjever (split.hr), vektorizirano iz PDF-a"}}, {"type": "Feature", "geometry": {"type": "LineString", "coordinates": [[16.4837185, 43.5276992], [16.4837182, 43.528709]]}, "properties": {"tema": "namjena-poslovna", "opis": "K — gospodarska namjena, poslovna", "cad_sloj": "boja #ffbf7e", "list": "1. Koristenje i namjena", "plan": "UPU Bilice sjever", "izvor": "UPU Bilice sjever (split.hr), vektorizirano iz PDF-a"}}, {"type": "Feature", "geometry": {"type": "LineString", "coordinates": [[16.4837277, 43.5277118], [16.4837274, 43.5287176]]}, "properties": {"tema": "namjena-poslovna", "opis": "K — gospodarska namjena, poslovna", "cad_sloj": "boja #ffbf7e", "list": "1. Koristenje i namjena", "plan": "UPU Bilice sjever", "izvor": "UPU Bilice sjever (split.hr), vektorizirano iz PDF-a"}}, {"type": "Feature", "geometry": {"type": "LineString", "coordinates": [[16.4837368, 43.5277242], [16.4837365, 43.5287264]]}, "properties": {"tema": "namjena-poslovna", "opis": "K — gospodarska namjena, poslovna", "cad_sloj": "boja #ffbf7e", "list": "1. Koristenje i namjena", "plan": "UPU Bilice sjever", "izvor": "UPU Bilice sjever (split.hr), vektorizirano iz PDF-a"}}, {"type": "Feature", "geometry": {"type": "LineString", "coordinates": [[16.4837462, 43.5277366], [16.483746, 43.5287352]]}, "properties": {"tema": "namjena-poslovna", "opis": "K — gospodarska namjena, poslovna", "cad_sloj": "boja #ffbf7e", "list": "1. Koristenje i namjena", "plan": "UPU Bilice sjever", "izvor": "UPU Bilice sjever (split.hr), vektorizirano iz PDF-a"}}, {"type": "Feature", "geometry": {"type": "LineString", "coordinates": [[16.4837554, 43.527749], [16.4837551, 43.5287439]]}, "properties": {"tema": "namjena-poslovna", "opis": "K — gospodarska namjena, poslovna", "cad_sloj": "boja #ffbf7e", "list": "1. Koristenje i namjena", "plan": "UPU Bilice sjever", "izvor": "UPU Bilice sjever (split.hr), vektorizirano iz PDF-a"}}, {"type": "Feature", "geometry": {"type": "LineString", "coordinates": [[16.4837648, 43.5277613], [16.4837646, 43.5287529]]}, "properties": {"tema": "namjena-poslovna", "opis": "K — gospodarska namjena, poslovna", "cad_sloj": "boja #ffbf7e", "list": "1. Koristenje i namjena", "plan": "UPU Bilice sjever", "izvor": "UPU Bilice sjever (split.hr), vektorizirano iz PDF-a"}}, {"type": "Feature", "geometry": {"type": "LineString", "coordinates": [[16.483774, 43.5277737], [16.4837737, 43.528762]]}, "properties": {"tema": "namjena-poslovna", "opis": "K — gospodarska namjena, poslovna", "cad_sloj": "boja #ffbf7e", "list": "1. Koristenje i namjena", "plan": "UPU Bilice sjever", "izvor": "UPU Bilice sjever (split.hr), vektorizirano iz PDF-a"}}, {"type": "Feature", "geometry": {"type": "LineString", "coordinates": [[16.4837834, 43.5277861], [16.4837831, 43.528771]]}, "properties": {"tema": "namjena-poslovna", "opis": "K — gospodarska namjena, poslovna", "cad_sloj": "boja #ffbf7e", "list": "1. Koristenje i namjena", "plan": "UPU Bilice sjever", "izvor": "UPU Bilice sjever (split.hr), vektorizirano iz PDF-a"}}, {"type": "Feature", "geometry": {"type": "LineString", "coordinates": [[16.4837926, 43.5277987], [16.4837923, 43.5287801]]}, "properties": {"tema": "namjena-poslovna", "opis": "K — gospodarska namjena, poslovna", "cad_sloj": "boja #ffbf7e", "list": "1. Koristenje i namjena", "plan": "UPU Bilice sjever", "izvor": "UPU Bilice sjever (split.hr), vektorizirano iz PDF-a"}}, {"type": "Feature", "geometry": {"type": "LineString", "coordinates": [[16.4838017, 43.5278111], [16.4838015, 43.5287895]]}, "properties": {"tema": "namjena-poslovna", "opis": "K — gospodarska namjena, poslovna", "cad_sloj": "boja #ffbf7e", "list": "1. Koristenje i namjena", "plan": "UPU Bilice sjever", "izvor": "UPU Bilice sjever (split.hr), vektorizirano iz PDF-a"}}, {"type": "Feature", "geometry": {"type": "LineString", "coordinates": [[16.4838112, 43.5278235], [16.4838109, 43.5287988]]}, "properties": {"tema": "namjena-poslovna", "opis": "K — gospodarska namjena, poslovna", "cad_sloj": "boja #ffbf7e", "list": "1. Koristenje i namjena", "plan": "UPU Bilice sjever", "izvor": "UPU Bilice sjever (split.hr), vektorizirano iz PDF-a"}}, {"type": "Feature", "geometry": {"type": "LineString", "coordinates": [[16.4838203, 43.5278359], [16.4838201, 43.5288081]]}, "properties": {"tema": "namjena-poslovna", "opis": "K — gospodarska namjena, poslovna", "cad_sloj": "boja #ffbf7e", "list": "1. Koristenje i namjena", "plan": "UPU Bilice sjever", "izvor": "UPU Bilice sjever (split.hr), vektorizirano iz PDF-a"}}, {"type": "Feature", "geometry": {"type": "LineString", "coordinates": [[16.4838297, 43.5278482], [16.4838295, 43.5288177]]}, "properties": {"tema": "namjena-poslovna", "opis": "K — gospodarska namjena, poslovna", "cad_sloj": "boja #ffbf7e", "list": "1. Koristenje i namjena", "plan": "UPU Bilice sjever", "izvor": "UPU Bilice sjever (split.hr), vektorizirano iz PDF-a"}}, {"type": "Feature", "geometry": {"type": "LineString", "coordinates": [[16.4838389, 43.5278606], [16.4838386, 43.5288272]]}, "properties": {"tema": "namjena-poslovna", "opis": "K — gospodarska namjena, poslovna", "cad_sloj": "boja #ffbf7e", "list": "1. Koristenje i namjena", "plan": "UPU Bilice sjever", "izvor": "UPU Bilice sjever (split.hr), vektorizirano iz PDF-a"}}, {"type": "Feature", "geometry": {"type": "LineString", "coordinates": [[16.4838483, 43.527873], [16.4838481, 43.5288369]]}, "properties": {"tema": "namjena-poslovna", "opis": "K — gospodarska namjena, poslovna", "cad_sloj": "boja #ffbf7e", "list": "1. Koristenje i namjena", "plan": "UPU Bilice sjever", "izvor": "UPU Bilice sjever (split.hr), vektorizirano iz PDF-a"}}, {"type": "Feature", "geometry": {"type": "LineString", "coordinates": [[16.4838575, 43.5278856], [16.4838572, 43.5288466]]}, "properties": {"tema": "namjena-poslovna", "opis": "K — gospodarska namjena, poslovna", "cad_sloj": "boja #ffbf7e", "list": "1. Koristenje i namjena", "plan": "UPU Bilice sjever", "izvor": "UPU Bilice sjever (split.hr), vektorizirano iz PDF-a"}}, {"type": "Feature", "geometry": {"type": "LineString", "coordinates": [[16.4838667, 43.527898], [16.4838664, 43.5288563]]}, "properties": {"tema": "namjena-poslovna", "opis": "K — gospodarska namjena, poslovna", "cad_sloj": "boja #ffbf7e", "list": "1. Koristenje i namjena", "plan": "UPU Bilice sjever", "izvor": "UPU Bilice sjever (split.hr), vektorizirano iz PDF-a"}}, {"type": "Feature", "geometry": {"type": "LineString", "coordinates": [[16.4838761, 43.5279104], [16.4838758, 43.5288663]]}, "properties": {"tema": "namjena-poslovna", "opis": "K — gospodarska namjena, poslovna", "cad_sloj": "boja #ffbf7e", "list": "1. Koristenje i namjena", "plan": "UPU Bilice sjever", "izvor": "UPU Bilice sjever (split.hr), vektorizirano iz PDF-a"}}, {"type": "Feature", "geometry": {"type": "LineString", "coordinates": [[16.4838852, 43.5279229], [16.483885, 43.5288764]]}, "properties": {"tema": "namjena-poslovna", "opis": "K — gospodarska namjena, poslovna", "cad_sloj": "boja #ffbf7e", "list": "1. Koristenje i namjena", "plan": "UPU Bilice sjever", "izvor": "UPU Bilice sjever (split.hr), vektorizirano iz PDF-a"}}, {"type": "Feature", "geometry": {"type": "LineString", "coordinates": [[16.4838947, 43.5279355], [16.4838944, 43.5288865]]}, "properties": {"tema": "namjena-poslovna", "opis": "K — gospodarska namjena, poslovna", "cad_sloj": "boja #ffbf7e", "list": "1. Koristenje i namjena", "plan": "UPU Bilice sjever", "izvor": "UPU Bilice sjever (split.hr), vektorizirano iz PDF-a"}}, {"type": "Feature", "geometry": {"type": "LineString", "coordinates": [[16.4839038, 43.5279481], [16.4839036, 43.5288966]]}, "properties": {"tema": "namjena-poslovna", "opis": "K — gospodarska namjena, poslovna", "cad_sloj": "boja #ffbf7e", "list": "1. Koristenje i namjena", "plan": "UPU Bilice sjever", "izvor": "UPU Bilice sjever (split.hr), vektorizirano iz PDF-a"}}, {"type": "Feature", "geometry": {"type": "LineString", "coordinates": [[16.4839132, 43.5279609], [16.483913, 43.528907]]}, "properties": {"tema": "namjena-poslovna", "opis": "K — gospodarska namjena, poslovna", "cad_sloj": "boja #ffbf7e", "list": "1. Koristenje i namjena", "plan": "UPU Bilice sjever", "izvor": "UPU Bilice sjever (split.hr), vektorizirano iz PDF-a"}}, {"type": "Feature", "geometry": {"type": "LineString", "coordinates": [[16.4839224, 43.5279734], [16.4839222, 43.5289173]]}, "properties": {"tema": "namjena-poslovna", "opis": "K — gospodarska namjena, poslovna", "cad_sloj": "boja #ffbf7e", "list": "1. Koristenje i namjena", "plan": "UPU Bilice sjever", "izvor": "UPU Bilice sjever (split.hr), vektorizirano iz PDF-a"}}, {"type": "Feature", "geometry": {"type": "LineString", "coordinates": [[16.4839316, 43.527986], [16.4839313, 43.5289278]]}, "properties": {"tema": "namjena-poslovna", "opis": "K — gospodarska namjena, poslovna", "cad_sloj": "boja #ffbf7e", "list": "1. Koristenje i namjena", "plan": "UPU Bilice sjever", "izvor": "UPU Bilice sjever (split.hr), vektorizirano iz PDF-a"}}, {"type": "Feature", "geometry": {"type": "LineString", "coordinates": [[16.483941, 43.5279986], [16.4839407, 43.5289385]]}, "properties": {"tema": "namjena-poslovna", "opis": "K — gospodarska namjena, poslovna", "cad_sloj": "boja #ffbf7e", "list": "1. Koristenje i namjena", "plan": "UPU Bilice sjever", "izvor": "UPU Bilice sjever (split.hr), vektorizirano iz PDF-a"}}, {"type": "Feature", "geometry": {"type": "LineString", "coordinates": [[16.4839502, 43.5280112], [16.4839499, 43.5289492]]}, "properties": {"tema": "namjena-poslovna", "opis": "K — gospodarska namjena, poslovna", "cad_sloj": "boja #ffbf7e", "list": "1. Koristenje i namjena", "plan": "UPU Bilice sjever", "izvor": "UPU Bilice sjever (split.hr), vektorizirano iz PDF-a"}}, {"type": "Feature", "geometry": {"type": "LineString", "coordinates": [[16.4839596, 43.5280237], [16.4839593, 43.52896]]}, "properties": {"tema": "namjena-poslovna", "opis": "K — gospodarska namjena, poslovna", "cad_sloj": "boja #ffbf7e", "list": "1. Koristenje i namjena", "plan": "UPU Bilice sjever", "izvor": "UPU Bilice sjever (split.hr), vektorizirano iz PDF-a"}}, {"type": "Feature", "geometry": {"type": "LineString", "coordinates": [[16.4839687, 43.5280363], [16.4839685, 43.5289709]]}, "properties": {"tema": "namjena-poslovna", "opis": "K — gospodarska namjena, poslovna", "cad_sloj": "boja #ffbf7e", "list": "1. Koristenje i namjena", "plan": "UPU Bilice sjever", "izvor": "UPU Bilice sjever (split.hr), vektorizirano iz PDF-a"}}, {"type": "Feature", "geometry": {"type": "LineString", "coordinates": [[16.4839782, 43.5280489], [16.4839779, 43.5289819]]}, "properties": {"tema": "namjena-poslovna", "opis": "K — gospodarska namjena, poslovna", "cad_sloj": "boja #ffbf7e", "list": "1. Koristenje i namjena", "plan": "UPU Bilice sjever", "izvor": "UPU Bilice sjever (split.hr), vektorizirano iz PDF-a"}}, {"type": "Feature", "geometry": {"type": "LineString", "coordinates": [[16.4839873, 43.5280615], [16.4839871, 43.528993]]}, "properties": {"tema": "namjena-poslovna", "opis": "K — gospodarska namjena, poslovna", "cad_sloj": "boja #ffbf7e", "list": "1. Koristenje i namjena", "plan": "UPU Bilice sjever", "izvor": "UPU Bilice sjever (split.hr), vektorizirano iz PDF-a"}}, {"type": "Feature", "geometry": {"type": "LineString", "coordinates": [[16.4839968, 43.528074], [16.4839965, 43.5290044]]}, "properties": {"tema": "namjena-poslovna", "opis": "K — gospodarska namjena, poslovna", "cad_sloj": "boja #ffbf7e", "list": "1. Koristenje i namjena", "plan": "UPU Bilice sjever", "izvor": "UPU Bilice sjever (split.hr), vektorizirano iz PDF-a"}}, {"type": "Feature", "geometry": {"type": "LineString", "coordinates": [[16.4840059, 43.5280866], [16.4840057, 43.5290157]]}, "properties": {"tema": "namjena-poslovna", "opis": "K — gospodarska namjena, poslovna", "cad_sloj": "boja #ffbf7e", "list": "1. Koristenje i namjena", "plan": "UPU Bilice sjever", "izvor": "UPU Bilice sjever (split.hr), vektorizirano iz PDF-a"}}, {"type": "Feature", "geometry": {"type": "LineString", "coordinates": [[16.4840151, 43.5280992], [16.4840148, 43.5290273]]}, "properties": {"tema": "namjena-poslovna", "opis": "K — gospodarska namjena, poslovna", "cad_sloj": "boja #ffbf7e", "list": "1. Koristenje i namjena", "plan": "UPU Bilice sjever", "izvor": "UPU Bilice sjever (split.hr), vektorizirano iz PDF-a"}}, {"type": "Feature", "geometry": {"type": "LineString", "coordinates": [[16.4840245, 43.5281118], [16.4840243, 43.5290389]]}, "properties": {"tema": "namjena-poslovna", "opis": "K — gospodarska namjena, poslovna", "cad_sloj": "boja #ffbf7e", "list": "1. Koristenje i namjena", "plan": "UPU Bilice sjever", "izvor": "UPU Bilice sjever (split.hr), vektorizirano iz PDF-a"}}, {"type": "Feature", "geometry": {"type": "LineString", "coordinates": [[16.4840337, 43.5281243], [16.4840334, 43.5290507]]}, "properties": {"tema": "namjena-poslovna", "opis": "K — gospodarska namjena, poslovna", "cad_sloj": "boja #ffbf7e", "list": "1. Koristenje i namjena", "plan": "UPU Bilice sjever", "izvor": "UPU Bilice sjever (split.hr), vektorizirano iz PDF-a"}}, {"type": "Feature", "geometry": {"type": "LineString", "coordinates": [[16.4840431, 43.5281369], [16.4840428, 43.5290625]]}, "properties": {"tema": "namjena-poslovna", "opis": "K — gospodarska namjena, poslovna", "cad_sloj": "boja #ffbf7e", "list": "1. Koristenje i namjena", "plan": "UPU Bilice sjever", "izvor": "UPU Bilice sjever (split.hr), vektorizirano iz PDF-a"}}, {"type": "Feature", "geometry": {"type": "LineString", "coordinates": [[16.4840522, 43.5281495], [16.484052, 43.5290745]]}, "properties": {"tema": "namjena-poslovna", "opis": "K — gospodarska namjena, poslovna", "cad_sloj": "boja #ffbf7e", "list": "1. Koristenje i namjena", "plan": "UPU Bilice sjever", "izvor": "UPU Bilice sjever (split.hr), vektorizirano iz PDF-a"}}, {"type": "Feature", "geometry": {"type": "LineString", "coordinates": [[16.4840617, 43.5281621], [16.4840614, 43.5290867]]}, "properties": {"tema": "namjena-poslovna", "opis": "K — gospodarska namjena, poslovna", "cad_sloj": "boja #ffbf7e", "list": "1. Koristenje i namjena", "plan": "UPU Bilice sjever", "izvor": "UPU Bilice sjever (split.hr), vektorizirano iz PDF-a"}}, {"type": "Feature", "geometry": {"type": "LineString", "coordinates": [[16.4840708, 43.5281747], [16.4840706, 43.5290991]]}, "properties": {"tema": "namjena-poslovna", "opis": "K — gospodarska namjena, poslovna", "cad_sloj": "boja #ffbf7e", "list": "1. Koristenje i namjena", "plan": "UPU Bilice sjever", "izvor": "UPU Bilice sjever (split.hr), vektorizirano iz PDF-a"}}, {"type": "Feature", "geometry": {"type": "LineString", "coordinates": [[16.48408, 43.5281872], [16.4840798, 43.5291115]]}, "properties": {"tema": "namjena-poslovna", "opis": "K — gospodarska namjena, poslovna", "cad_sloj": "boja #ffbf7e", "list": "1. Koristenje i namjena", "plan": "UPU Bilice sjever", "izvor": "UPU Bilice sjever (split.hr), vektorizirano iz PDF-a"}}, {"type": "Feature", "geometry": {"type": "LineString", "coordinates": [[16.4840894, 43.5281998], [16.4840892, 43.5291239]]}, "properties": {"tema": "namjena-poslovna", "opis": "K — gospodarska namjena, poslovna", "cad_sloj": "boja #ffbf7e", "list": "1. Koristenje i namjena", "plan": "UPU Bilice sjever", "izvor": "UPU Bilice sjever (split.hr), vektorizirano iz PDF-a"}}, {"type": "Feature", "geometry": {"type": "LineString", "coordinates": [[16.4840986, 43.5282124], [16.4840983, 43.5291363]]}, "properties": {"tema": "namjena-poslovna", "opis": "K — gospodarska namjena, poslovna", "cad_sloj": "boja #ffbf7e", "list": "1. Koristenje i namjena", "plan": "UPU Bilice sjever", "izvor": "UPU Bilice sjever (split.hr), vektorizirano iz PDF-a"}}, {"type": "Feature", "geometry": {"type": "LineString", "coordinates": [[16.484108, 43.528225], [16.4841078, 43.5291487]]}, "properties": {"tema": "namjena-poslovna", "opis": "K — gospodarska namjena, poslovna", "cad_sloj": "boja #ffbf7e", "list": "1. Koristenje i namjena", "plan": "UPU Bilice sjever", "izvor": "UPU Bilice sjever (split.hr), vektorizirano iz PDF-a"}}, {"type": "Feature", "geometry": {"type": "LineString", "coordinates": [[16.4841172, 43.5282375], [16.4841169, 43.529161]]}, "properties": {"tema": "namjena-poslovna", "opis": "K — gospodarska namjena, poslovna", "cad_sloj": "boja #ffbf7e", "list": "1. Koristenje i namjena", "plan": "UPU Bilice sjever", "izvor": "UPU Bilice sjever (split.hr), vektorizirano iz PDF-a"}}, {"type": "Feature", "geometry": {"type": "LineString", "coordinates": [[16.4841266, 43.5282501], [16.4841263, 43.5291734]]}, "properties": {"tema": "namjena-poslovna", "opis": "K — gospodarska namjena, poslovna", "cad_sloj": "boja #ffbf7e", "list": "1. Koristenje i namjena", "plan": "UPU Bilice sjever", "izvor": "UPU Bilice sjever (split.hr), vektorizirano iz PDF-a"}}, {"type": "Feature", "geometry": {"type": "LineString", "coordinates": [[16.4841358, 43.5282629], [16.4841355, 43.5291856]]}, "properties": {"tema": "namjena-poslovna", "opis": "K — gospodarska namjena, poslovna", "cad_sloj": "boja #ffbf7e", "list": "1. Koristenje i namjena", "plan": "UPU Bilice sjever", "izvor": "UPU Bilice sjever (split.hr), vektorizirano iz PDF-a"}}, {"type": "Feature", "geometry": {"type": "LineString", "coordinates": [[16.4841449, 43.5282755], [16.4841447, 43.529198]]}, "properties": {"tema": "namjena-poslovna", "opis": "K — gospodarska namjena, poslovna", "cad_sloj": "boja #ffbf7e", "list": "1. Koristenje i namjena", "plan": "UPU Bilice sjever", "izvor": "UPU Bilice sjever (split.hr), vektorizirano iz PDF-a"}}, {"type": "Feature", "geometry": {"type": "LineString", "coordinates": [[16.4841543, 43.528288], [16.4841541, 43.5292104]]}, "properties": {"tema": "namjena-poslovna", "opis": "K — gospodarska namjena, poslovna", "cad_sloj": "boja #ffbf7e", "list": "1. Koristenje i namjena", "plan": "UPU Bilice sjever", "izvor": "UPU Bilice sjever (split.hr), vektorizirano iz PDF-a"}}, {"type": "Feature", "geometry": {"type": "LineString", "coordinates": [[16.4841635, 43.5283006], [16.4841633, 43.5292228]]}, "properties": {"tema": "namjena-poslovna", "opis": "K — gospodarska namjena, poslovna", "cad_sloj": "boja #ffbf7e", "list": "1. Koristenje i namjena", "plan": "UPU Bilice sjever", "izvor": "UPU Bilice sjever (split.hr), vektorizirano iz PDF-a"}}, {"type": "Feature", "geometry": {"type": "LineString", "coordinates": [[16.4841729, 43.5283132], [16.4841727, 43.5292352]]}, "properties": {"tema": "namjena-poslovna", "opis": "K — gospodarska namjena, poslovna", "cad_sloj": "boja #ffbf7e", "list": "1. Koristenje i namjena", "plan": "UPU Bilice sjever", "izvor": "UPU Bilice sjever (split.hr), vektorizirano iz PDF-a"}}, {"type": "Feature", "geometry": {"type": "LineString", "coordinates": [[16.4841821, 43.5283261], [16.4841818, 43.5292476]]}, "properties": {"tema": "namjena-poslovna", "opis": "K — gospodarska namjena, poslovna", "cad_sloj": "boja #ffbf7e", "list": "1. Koristenje i namjena", "plan": "UPU Bilice sjever", "izvor": "UPU Bilice sjever (split.hr), vektorizirano iz PDF-a"}}, {"type": "Feature", "geometry": {"type": "LineString", "coordinates": [[16.4841915, 43.5283389], [16.4841913, 43.5292599]]}, "properties": {"tema": "namjena-poslovna", "opis": "K — gospodarska namjena, poslovna", "cad_sloj": "boja #ffbf7e", "list": "1. Koristenje i namjena", "plan": "UPU Bilice sjever", "izvor": "UPU Bilice sjever (split.hr), vektorizirano iz PDF-a"}}, {"type": "Feature", "geometry": {"type": "LineString", "coordinates": [[16.4842007, 43.5283517], [16.4842004, 43.5292723]]}, "properties": {"tema": "namjena-poslovna", "opis": "K — gospodarska namjena, poslovna", "cad_sloj": "boja #ffbf7e", "list": "1. Koristenje i namjena", "plan": "UPU Bilice sjever", "izvor": "UPU Bilice sjever (split.hr), vektorizirano iz PDF-a"}}, {"type": "Feature", "geometry": {"type": "LineString", "coordinates": [[16.4842098, 43.5283646], [16.4842096, 43.5292847]]}, "properties": {"tema": "namjena-poslovna", "opis": "K — gospodarska namjena, poslovna", "cad_sloj": "boja #ffbf7e", "list": "1. Koristenje i namjena", "plan": "UPU Bilice sjever", "izvor": "UPU Bilice sjever (split.hr), vektorizirano iz PDF-a"}}, {"type": "Feature", "geometry": {"type": "LineString", "coordinates": [[16.4842193, 43.5283774], [16.484219, 43.5292971]]}, "properties": {"tema": "namjena-poslovna", "opis": "K — gospodarska namjena, poslovna", "cad_sloj": "boja #ffbf7e", "list": "1. Koristenje i namjena", "plan": "UPU Bilice sjever", "izvor": "UPU Bilice sjever (split.hr), vektorizirano iz PDF-a"}}, {"type": "Feature", "geometry": {"type": "LineString", "coordinates": [[16.4842284, 43.5283904], [16.4842282, 43.5293095]]}, "properties": {"tema": "namjena-poslovna", "opis": "K — gospodarska namjena, poslovna", "cad_sloj": "boja #ffbf7e", "list": "1. Koristenje i namjena", "plan": "UPU Bilice sjever", "izvor": "UPU Bilice sjever (split.hr), vektorizirano iz PDF-a"}}, {"type": "Feature", "geometry": {"type": "LineString", "coordinates": [[16.4842378, 43.5284031], [16.4842376, 43.5293139]]}, "properties": {"tema": "namjena-poslovna", "opis": "K — gospodarska namjena, poslovna", "cad_sloj": "boja #ffbf7e", "list": "1. Koristenje i namjena", "plan": "UPU Bilice sjever", "izvor": "UPU Bilice sjever (split.hr), vektorizirano iz PDF-a"}}, {"type": "Feature", "geometry": {"type": "LineString", "coordinates": [[16.484247, 43.5284161], [16.4842468, 43.5293131]]}, "properties": {"tema": "namjena-poslovna", "opis": "K — gospodarska namjena, poslovna", "cad_sloj": "boja #ffbf7e", "list": "1. Koristenje i namjena", "plan": "UPU Bilice sjever", "izvor": "UPU Bilice sjever (split.hr), vektorizirano iz PDF-a"}}, {"type": "Feature", "geometry": {"type": "LineString", "coordinates": [[16.4842564, 43.5284288], [16.4842562, 43.5293123]]}, "properties": {"tema": "namjena-poslovna", "opis": "K — gospodarska namjena, poslovna", "cad_sloj": "boja #ffbf7e", "list": "1. Koristenje i namjena", "plan": "UPU Bilice sjever", "izvor": "UPU Bilice sjever (split.hr), vektorizirano iz PDF-a"}}, {"type": "Feature", "geometry": {"type": "LineString", "coordinates": [[16.4842656, 43.5284418], [16.4842654, 43.5293116]]}, "properties": {"tema": "namjena-poslovna", "opis": "K — gospodarska namjena, poslovna", "cad_sloj": "boja #ffbf7e", "list": "1. Koristenje i namjena", "plan": "UPU Bilice sjever", "izvor": "UPU Bilice sjever (split.hr), vektorizirano iz PDF-a"}}, {"type": "Feature", "geometry": {"type": "LineString", "coordinates": [[16.4842748, 43.5284546], [16.4842745, 43.529311]]}, "properties": {"tema": "namjena-poslovna", "opis": "K — gospodarska namjena, poslovna", "cad_sloj": "boja #ffbf7e", "list": "1. Koristenje i namjena", "plan": "UPU Bilice sjever", "izvor": "UPU Bilice sjever (split.hr), vektorizirano iz PDF-a"}}, {"type": "Feature", "geometry": {"type": "LineString", "coordinates": [[16.4842842, 43.5284673], [16.484284, 43.5293103]]}, "properties": {"tema": "namjena-poslovna", "opis": "K — gospodarska namjena, poslovna", "cad_sloj": "boja #ffbf7e", "list": "1. Koristenje i namjena", "plan": "UPU Bilice sjever", "izvor": "UPU Bilice sjever (split.hr), vektorizirano iz PDF-a"}}, {"type": "Feature", "geometry": {"type": "LineString", "coordinates": [[16.4842933, 43.5284803], [16.4842931, 43.5293095]]}, "properties": {"tema": "namjena-poslovna", "opis": "K — gospodarska namjena, poslovna", "cad_sloj": "boja #ffbf7e", "list": "1. Koristenje i namjena", "plan": "UPU Bilice sjever", "izvor": "UPU Bilice sjever (split.hr), vektorizirano iz PDF-a"}}, {"type": "Feature", "geometry": {"type": "LineString", "coordinates": [[16.4843028, 43.5284931], [16.4843025, 43.5293087]]}, "properties": {"tema": "namjena-poslovna", "opis": "K — gospodarska namjena, poslovna", "cad_sloj": "boja #ffbf7e", "list": "1. Koristenje i namjena", "plan": "UPU Bilice sjever", "izvor": "UPU Bilice sjever (split.hr), vektorizirano iz PDF-a"}}, {"type": "Feature", "geometry": {"type": "LineString", "coordinates": [[16.4843119, 43.528506], [16.4843117, 43.529308]]}, "properties": {"tema": "namjena-poslovna", "opis": "K — gospodarska namjena, poslovna", "cad_sloj": "boja #ffbf7e", "list": "1. Koristenje i namjena", "plan": "UPU Bilice sjever", "izvor": "UPU Bilice sjever (split.hr), vektorizirano iz PDF-a"}}, {"type": "Feature", "geometry": {"type": "LineString", "coordinates": [[16.4843213, 43.5285188], [16.4843211, 43.5293074]]}, "properties": {"tema": "namjena-poslovna", "opis": "K — gospodarska namjena, poslovna", "cad_sloj": "boja #ffbf7e", "list": "1. Koristenje i namjena", "plan": "UPU Bilice sjever", "izvor": "UPU Bilice sjever (split.hr), vektorizirano iz PDF-a"}}, {"type": "Feature", "geometry": {"type": "LineString", "coordinates": [[16.4843305, 43.5285317], [16.4843303, 43.5293066]]}, "properties": {"tema": "namjena-poslovna", "opis": "K — gospodarska namjena, poslovna", "cad_sloj": "boja #ffbf7e", "list": "1. Koristenje i namjena", "plan": "UPU Bilice sjever", "izvor": "UPU Bilice sjever (split.hr), vektorizirano iz PDF-a"}}, {"type": "Feature", "geometry": {"type": "LineString", "coordinates": [[16.4843399, 43.5285445], [16.4843397, 43.5293059]]}, "properties": {"tema": "namjena-poslovna", "opis": "K — gospodarska namjena, poslovna", "cad_sloj": "boja #ffbf7e", "list": "1. Koristenje i namjena", "plan": "UPU Bilice sjever", "izvor": "UPU Bilice sjever (split.hr), vektorizirano iz PDF-a"}}, {"type": "Feature", "geometry": {"type": "LineString", "coordinates": [[16.4843491, 43.5285575], [16.4843489, 43.5293053]]}, "properties": {"tema": "namjena-poslovna", "opis": "K — gospodarska namjena, poslovna", "cad_sloj": "boja #ffbf7e", "list": "1. Koristenje i namjena", "plan": "UPU Bilice sjever", "izvor": "UPU Bilice sjever (split.hr), vektorizirano iz PDF-a"}}, {"type": "Feature", "geometry": {"type": "LineString", "coordinates": [[16.4843583, 43.5285702], [16.4843581, 43.5293046]]}, "properties": {"tema": "namjena-poslovna", "opis": "K — gospodarska namjena, poslovna", "cad_sloj": "boja #ffbf7e", "list": "1. Koristenje i namjena", "plan": "UPU Bilice sjever", "izvor": "UPU Bilice sjever (split.hr), vektorizirano iz PDF-a"}}, {"type": "Feature", "geometry": {"type": "LineString", "coordinates": [[16.4843677, 43.528583], [16.4843675, 43.5293038]]}, "properties": {"tema": "namjena-poslovna", "opis": "K — gospodarska namjena, poslovna", "cad_sloj": "boja #ffbf7e", "list": "1. Koristenje i namjena", "plan": "UPU Bilice sjever", "izvor": "UPU Bilice sjever (split.hr), vektorizirano iz PDF-a"}}, {"type": "Feature", "geometry": {"type": "LineString", "coordinates": [[16.4843768, 43.528596], [16.4843767, 43.5293032]]}, "properties": {"tema": "namjena-poslovna", "opis": "K — gospodarska namjena, poslovna", "cad_sloj": "boja #ffbf7e", "list": "1. Koristenje i namjena", "plan": "UPU Bilice sjever", "izvor": "UPU Bilice sjever (split.hr), vektorizirano iz PDF-a"}}, {"type": "Feature", "geometry": {"type": "LineString", "coordinates": [[16.4843863, 43.5286087], [16.4843861, 43.5293025]]}, "properties": {"tema": "namjena-poslovna", "opis": "K — gospodarska namjena, poslovna", "cad_sloj": "boja #ffbf7e", "list": "1. Koristenje i namjena", "plan": "UPU Bilice sjever", "izvor": "UPU Bilice sjever (split.hr), vektorizirano iz PDF-a"}}, {"type": "Feature", "geometry": {"type": "LineString", "coordinates": [[16.4843954, 43.5286217], [16.4843953, 43.5293019]]}, "properties": {"tema": "namjena-poslovna", "opis": "K — gospodarska namjena, poslovna", "cad_sloj": "boja #ffbf7e", "list": "1. Koristenje i namjena", "plan": "UPU Bilice sjever", "izvor": "UPU Bilice sjever (split.hr), vektorizirano iz PDF-a"}}, {"type": "Feature", "geometry": {"type": "LineString", "coordinates": [[16.4844049, 43.5286345], [16.4844047, 43.5293011]]}, "properties": {"tema": "namjena-poslovna", "opis": "K — gospodarska namjena, poslovna", "cad_sloj": "boja #ffbf7e", "list": "1. Koristenje i namjena", "plan": "UPU Bilice sjever", "izvor": "UPU Bilice sjever (split.hr), vektorizirano iz PDF-a"}}, {"type": "Feature", "geometry": {"type": "LineString", "coordinates": [[16.484414, 43.5286474], [16.4844138, 43.5293006]]}, "properties": {"tema": "namjena-poslovna", "opis": "K — gospodarska namjena, poslovna", "cad_sloj": "boja #ffbf7e", "list": "1. Koristenje i namjena", "plan": "UPU Bilice sjever", "izvor": "UPU Bilice sjever (split.hr), vektorizirano iz PDF-a"}}, {"type": "Feature", "geometry": {"type": "LineString", "coordinates": [[16.4844232, 43.5286602], [16.484423, 43.5292998]]}, "properties": {"tema": "namjena-poslovna", "opis": "K — gospodarska namjena, poslovna", "cad_sloj": "boja #ffbf7e", "list": "1. Koristenje i namjena", "plan": "UPU Bilice sjever", "izvor": "UPU Bilice sjever (split.hr), vektorizirano iz PDF-a"}}, {"type": "Feature", "geometry": {"type": "LineString", "coordinates": [[16.4844326, 43.5286729], [16.4844324, 43.529299]]}, "properties": {"tema": "namjena-poslovna", "opis": "K — gospodarska namjena, poslovna", "cad_sloj": "boja #ffbf7e", "list": "1. Koristenje i namjena", "plan": "UPU Bilice sjever", "izvor": "UPU Bilice sjever (split.hr), vektorizirano iz PDF-a"}}, {"type": "Feature", "geometry": {"type": "LineString", "coordinates": [[16.4844418, 43.5286859], [16.4844416, 43.5292985]]}, "properties": {"tema": "namjena-poslovna", "opis": "K — gospodarska namjena, poslovna", "cad_sloj": "boja #ffbf7e", "list": "1. Koristenje i namjena", "plan": "UPU Bilice sjever", "izvor": "UPU Bilice sjever (split.hr), vektorizirano iz PDF-a"}}, {"type": "Feature", "geometry": {"type": "LineString", "coordinates": [[16.4844512, 43.5287008], [16.484451, 43.5292977]]}, "properties": {"tema": "namjena-poslovna", "opis": "K — gospodarska namjena, poslovna", "cad_sloj": "boja #ffbf7e", "list": "1. Koristenje i namjena", "plan": "UPU Bilice sjever", "izvor": "UPU Bilice sjever (split.hr), vektorizirano iz PDF-a"}}, {"type": "Feature", "geometry": {"type": "LineString", "coordinates": [[16.4844603, 43.5287158], [16.4844602, 43.5292971]]}, "properties": {"tema": "namjena-poslovna", "opis": "K — gospodarska namjena, poslovna", "cad_sloj": "boja #ffbf7e", "list": "1. Koristenje i namjena", "plan": "UPU Bilice sjever", "izvor": "UPU Bilice sjever (split.hr), vektorizirano iz PDF-a"}}, {"type": "Feature", "geometry": {"type": "LineString", "coordinates": [[16.4844698, 43.5287307], [16.4844696, 43.5292964]]}, "properties": {"tema": "namjena-poslovna", "opis": "K — gospodarska namjena, poslovna", "cad_sloj": "boja #ffbf7e", "list": "1. Koristenje i namjena", "plan": "UPU Bilice sjever", "izvor": "UPU Bilice sjever (split.hr), vektorizirano iz PDF-a"}}, {"type": "Feature", "geometry": {"type": "LineString", "coordinates": [[16.4844789, 43.5287457], [16.4844788, 43.5292956]]}, "properties": {"tema": "namjena-poslovna", "opis": "K — gospodarska namjena, poslovna", "cad_sloj": "boja #ffbf7e", "list": "1. Koristenje i namjena", "plan": "UPU Bilice sjever", "izvor": "UPU Bilice sjever (split.hr), vektorizirano iz PDF-a"}}, {"type": "Feature", "geometry": {"type": "LineString", "coordinates": [[16.4844881, 43.5287608], [16.484488, 43.529295]]}, "properties": {"tema": "namjena-poslovna", "opis": "K — gospodarska namjena, poslovna", "cad_sloj": "boja #ffbf7e", "list": "1. Koristenje i namjena", "plan": "UPU Bilice sjever", "izvor": "UPU Bilice sjever (split.hr), vektorizirano iz PDF-a"}}, {"type": "Feature", "geometry": {"type": "LineString", "coordinates": [[16.4844975, 43.5287757], [16.4844974, 43.5292943]]}, "properties": {"tema": "namjena-poslovna", "opis": "K — gospodarska namjena, poslovna", "cad_sloj": "boja #ffbf7e", "list": "1. Koristenje i namjena", "plan": "UPU Bilice sjever", "izvor": "UPU Bilice sjever (split.hr), vektorizirano iz PDF-a"}}, {"type": "Feature", "geometry": {"type": "LineString", "coordinates": [[16.4845067, 43.5287907], [16.4845065, 43.5292937]]}, "properties": {"tema": "namjena-poslovna", "opis": "K — gospodarska namjena, poslovna", "cad_sloj": "boja #ffbf7e", "list": "1. Koristenje i namjena", "plan": "UPU Bilice sjever", "izvor": "UPU Bilice sjever (split.hr), vektorizirano iz PDF-a"}}, {"type": "Feature", "geometry": {"type": "LineString", "coordinates": [[16.4845161, 43.5288056], [16.484516, 43.529293]]}, "properties": {"tema": "namjena-poslovna", "opis": "K — gospodarska namjena, poslovna", "cad_sloj": "boja #ffbf7e", "list": "1. Koristenje i namjena", "plan": "UPU Bilice sjever", "izvor": "UPU Bilice sjever (split.hr), vektorizirano iz PDF-a"}}, {"type": "Feature", "geometry": {"type": "LineString", "coordinates": [[16.4845253, 43.5288206], [16.4845251, 43.5292924]]}, "properties": {"tema": "namjena-poslovna", "opis": "K — gospodarska namjena, poslovna", "cad_sloj": "boja #ffbf7e", "list": "1. Koristenje i namjena", "plan": "UPU Bilice sjever", "izvor": "UPU Bilice sjever (split.hr), vektorizirano iz PDF-a"}}, {"type": "Feature", "geometry": {"type": "LineString", "coordinates": [[16.4845347, 43.5288357], [16.4845346, 43.5292916]]}, "properties": {"tema": "namjena-poslovna", "opis": "K — gospodarska namjena, poslovna", "cad_sloj": "boja #ffbf7e", "list": "1. Koristenje i namjena", "plan": "UPU Bilice sjever", "izvor": "UPU Bilice sjever (split.hr), vektorizirano iz PDF-a"}}, {"type": "Feature", "geometry": {"type": "LineString", "coordinates": [[16.4845438, 43.5288505], [16.4845437, 43.5292909]]}, "properties": {"tema": "namjena-poslovna", "opis": "K — gospodarska namjena, poslovna", "cad_sloj": "boja #ffbf7e", "list": "1. Koristenje i namjena", "plan": "UPU Bilice sjever", "izvor": "UPU Bilice sjever (split.hr), vektorizirano iz PDF-a"}}, {"type": "Feature", "geometry": {"type": "LineString", "coordinates": [[16.484553, 43.5288656], [16.4845529, 43.5292901]]}, "properties": {"tema": "namjena-poslovna", "opis": "K — gospodarska namjena, poslovna", "cad_sloj": "boja #ffbf7e", "list": "1. Koristenje i namjena", "plan": "UPU Bilice sjever", "izvor": "UPU Bilice sjever (split.hr), vektorizirano iz PDF-a"}}, {"type": "Feature", "geometry": {"type": "LineString", "coordinates": [[16.4845624, 43.5288805], [16.4845623, 43.529289]]}, "properties": {"tema": "namjena-poslovna", "opis": "K — gospodarska namjena, poslovna", "cad_sloj": "boja #ffbf7e", "list": "1. Koristenje i namjena", "plan": "UPU Bilice sjever", "izvor": "UPU Bilice sjever (split.hr), vektorizirano iz PDF-a"}}, {"type": "Feature", "geometry": {"type": "LineString", "coordinates": [[16.4845716, 43.5288955], [16.4845715, 43.5292878]]}, "properties": {"tema": "namjena-poslovna", "opis": "K — gospodarska namjena, poslovna", "cad_sloj": "boja #ffbf7e", "list": "1. Koristenje i namjena", "plan": "UPU Bilice sjever", "izvor": "UPU Bilice sjever (split.hr), vektorizirano iz PDF-a"}}, {"type": "Feature", "geometry": {"type": "LineString", "coordinates": [[16.484581, 43.5289104], [16.4845809, 43.5292867]]}, "properties": {"tema": "namjena-poslovna", "opis": "K — gospodarska namjena, poslovna", "cad_sloj": "boja #ffbf7e", "list": "1. Koristenje i namjena", "plan": "UPU Bilice sjever", "izvor": "UPU Bilice sjever (split.hr), vektorizirano iz PDF-a"}}, {"type": "Feature", "geometry": {"type": "LineString", "coordinates": [[16.4845902, 43.5289268], [16.4845901, 43.5292855]]}, "properties": {"tema": "namjena-poslovna", "opis": "K — gospodarska namjena, poslovna", "cad_sloj": "boja #ffbf7e", "list": "1. Koristenje i namjena", "plan": "UPU Bilice sjever", "izvor": "UPU Bilice sjever (split.hr), vektorizirano iz PDF-a"}}, {"type": "Feature", "geometry": {"type": "LineString", "coordinates": [[16.4845996, 43.5289441], [16.4845995, 43.5292844]]}, "properties": {"tema": "namjena-poslovna", "opis": "K — gospodarska namjena, poslovna", "cad_sloj": "boja #ffbf7e", "list": "1. Koristenje i namjena", "plan": "UPU Bilice sjever", "izvor": "UPU Bilice sjever (split.hr), vektorizirano iz PDF-a"}}, {"type": "Feature", "geometry": {"type": "LineString", "coordinates": [[16.4846088, 43.5289616], [16.4846087, 43.5292832]]}, "properties": {"tema": "namjena-poslovna", "opis": "K — gospodarska namjena, poslovna", "cad_sloj": "boja #ffbf7e", "list": "1. Koristenje i namjena", "plan": "UPU Bilice sjever", "izvor": "UPU Bilice sjever (split.hr), vektorizirano iz PDF-a"}}, {"type": "Feature", "geometry": {"type": "LineString", "coordinates": [[16.4846182, 43.528979], [16.4846181, 43.5292821]]}, "properties": {"tema": "namjena-poslovna", "opis": "K — gospodarska namjena, poslovna", "cad_sloj": "boja #ffbf7e", "list": "1. Koristenje i namjena", "plan": "UPU Bilice sjever", "izvor": "UPU Bilice sjever (split.hr), vektorizirano iz PDF-a"}}, {"type": "Feature", "geometry": {"type": "LineString", "coordinates": [[16.4846273, 43.5289965], [16.4846273, 43.529281]]}, "properties": {"tema": "namjena-poslovna", "opis": "K — gospodarska namjena, poslovna", "cad_sloj": "boja #ffbf7e", "list": "1. Koristenje i namjena", "plan": "UPU Bilice sjever", "izvor": "UPU Bilice sjever (split.hr), vektorizirano iz PDF-a"}}, {"type": "Feature", "geometry": {"type": "LineString", "coordinates": [[16.4846365, 43.5290138], [16.4846364, 43.5292798]]}, "properties": {"tema": "namjena-poslovna", "opis": "K — gospodarska namjena, poslovna", "cad_sloj": "boja #ffbf7e", "list": "1. Koristenje i namjena", "plan": "UPU Bilice sjever", "izvor": "UPU Bilice sjever (split.hr), vektorizirano iz PDF-a"}}, {"type": "Feature", "geometry": {"type": "LineString", "coordinates": [[16.4846459, 43.5290312], [16.4846459, 43.5292787]]}, "properties": {"tema": "namjena-poslovna", "opis": "K — gospodarska namjena, poslovna", "cad_sloj": "boja #ffbf7e", "list": "1. Koristenje i namjena", "plan": "UPU Bilice sjever", "izvor": "UPU Bilice sjever (split.hr), vektorizirano iz PDF-a"}}, {"type": "Feature", "geometry": {"type": "LineString", "coordinates": [[16.4846551, 43.5290487], [16.484655, 43.5292775]]}, "properties": {"tema": "namjena-poslovna", "opis": "K — gospodarska namjena, poslovna", "cad_sloj": "boja #ffbf7e", "list": "1. Koristenje i namjena", "plan": "UPU Bilice sjever", "izvor": "UPU Bilice sjever (split.hr), vektorizirano iz PDF-a"}}, {"type": "Feature", "geometry": {"type": "LineString", "coordinates": [[16.4846645, 43.529066], [16.4846645, 43.5292764]]}, "properties": {"tema": "namjena-poslovna", "opis": "K — gospodarska namjena, poslovna", "cad_sloj": "boja #ffbf7e", "list": "1. Koristenje i namjena", "plan": "UPU Bilice sjever", "izvor": "UPU Bilice sjever (split.hr), vektorizirano iz PDF-a"}}, {"type": "Feature", "geometry": {"type": "LineString", "coordinates": [[16.4846737, 43.5290836], [16.4846736, 43.5292753]]}, "properties": {"tema": "namjena-poslovna", "opis": "K — gospodarska namjena, poslovna", "cad_sloj": "boja #ffbf7e", "list": "1. Koristenje i namjena", "plan": "UPU Bilice sjever", "izvor": "UPU Bilice sjever (split.hr), vektorizirano iz PDF-a"}}, {"type": "Feature", "geometry": {"type": "LineString", "coordinates": [[16.4846831, 43.5291009], [16.4846831, 43.5292741]]}, "properties": {"tema": "namjena-poslovna", "opis": "K — gospodarska namjena, poslovna", "cad_sloj": "boja #ffbf7e", "list": "1. Koristenje i namjena", "plan": "UPU Bilice sjever", "izvor": "UPU Bilice sjever (split.hr), vektorizirano iz PDF-a"}}, {"type": "Feature", "geometry": {"type": "LineString", "coordinates": [[16.4846923, 43.5291184], [16.4846922, 43.529273]]}, "properties": {"tema": "namjena-poslovna", "opis": "K — gospodarska namjena, poslovna", "cad_sloj": "boja #ffbf7e", "list": "1. Koristenje i namjena", "plan": "UPU Bilice sjever", "izvor": "UPU Bilice sjever (split.hr), vektorizirano iz PDF-a"}}, {"type": "Feature", "geometry": {"type": "LineString", "coordinates": [[16.4847014, 43.5291358], [16.4847014, 43.5292718]]}, "properties": {"tema": "namjena-poslovna", "opis": "K — gospodarska namjena, poslovna", "cad_sloj": "boja #ffbf7e", "list": "1. Koristenje i namjena", "plan": "UPU Bilice sjever", "izvor": "UPU Bilice sjever (split.hr), vektorizirano iz PDF-a"}}, {"type": "Feature", "geometry": {"type": "LineString", "coordinates": [[16.4847108, 43.5291531], [16.4847108, 43.5292707]]}, "properties": {"tema": "namjena-poslovna", "opis": "K — gospodarska namjena, poslovna", "cad_sloj": "boja #ffbf7e", "list": "1. Koristenje i namjena", "plan": "UPU Bilice sjever", "izvor": "UPU Bilice sjever (split.hr), vektorizirano iz PDF-a"}}, {"type": "Feature", "geometry": {"type": "LineString", "coordinates": [[16.48472, 43.5291707], [16.48472, 43.5292695]]}, "properties": {"tema": "namjena-poslovna", "opis": "K — gospodarska namjena, poslovna", "cad_sloj": "boja #ffbf7e", "list": "1. Koristenje i namjena", "plan": "UPU Bilice sjever", "izvor": "UPU Bilice sjever (split.hr), vektorizirano iz PDF-a"}}, {"type": "Feature", "geometry": {"type": "LineString", "coordinates": [[16.4847294, 43.529188], [16.4847294, 43.5292684]]}, "properties": {"tema": "namjena-poslovna", "opis": "K — gospodarska namjena, poslovna", "cad_sloj": "boja #ffbf7e", "list": "1. Koristenje i namjena", "plan": "UPU Bilice sjever", "izvor": "UPU Bilice sjever (split.hr), vektorizirano iz PDF-a"}}, {"type": "Feature", "geometry": {"type": "LineString", "coordinates": [[16.4847386, 43.5292055], [16.4847386, 43.5292673]]}, "properties": {"tema": "namjena-poslovna", "opis": "K — gospodarska namjena, poslovna", "cad_sloj": "boja #ffbf7e", "list": "1. Koristenje i namjena", "plan": "UPU Bilice sjever", "izvor": "UPU Bilice sjever (split.hr), vektorizirano iz PDF-a"}}, {"type": "Feature", "geometry": {"type": "LineString", "coordinates": [[16.484748, 43.5292229], [16.484748, 43.5292661]]}, "properties": {"tema": "namjena-poslovna", "opis": "K — gospodarska namjena, poslovna", "cad_sloj": "boja #ffbf7e", "list": "1. Koristenje i namjena", "plan": "UPU Bilice sjever", "izvor": "UPU Bilice sjever (split.hr), vektorizirano iz PDF-a"}}, {"type": "Feature", "geometry": {"type": "LineString", "coordinates": [[16.4847572, 43.5292404], [16.4847572, 43.529265]]}, "properties": {"tema": "namjena-poslovna", "opis": "K — gospodarska namjena, poslovna", "cad_sloj": "boja #ffbf7e", "list": "1. Koristenje i namjena", "plan": "UPU Bilice sjever", "izvor": "UPU Bilice sjever (split.hr), vektorizirano iz PDF-a"}}, {"type": "Feature", "geometry": {"type": "LineString", "coordinates": [[16.4870685, 43.5252784], [16.4870685, 43.5253277]]}, "properties": {"tema": "namjena-poslovna", "opis": "K — gospodarska namjena, poslovna", "cad_sloj": "boja #ffbf7e", "list": "1. Koristenje i namjena", "plan": "UPU Bilice sjever", "izvor": "UPU Bilice sjever (split.hr), vektorizirano iz PDF-a"}}, {"type": "Feature", "geometry": {"type": "LineString", "coordinates": [[16.4870776, 43.5252585], [16.4870776, 43.5253475]]}, "properties": {"tema": "namjena-poslovna", "opis": "K — gospodarska namjena, poslovna", "cad_sloj": "boja #ffbf7e", "list": "1. Koristenje i namjena", "plan": "UPU Bilice sjever", "izvor": "UPU Bilice sjever (split.hr), vektorizirano iz PDF-a"}}, {"type": "Feature", "geometry": {"type": "LineString", "coordinates": [[16.4870871, 43.5252458], [16.4870871, 43.5253605]]}, "properties": {"tema": "namjena-poslovna", "opis": "K — gospodarska namjena, poslovna", "cad_sloj": "boja #ffbf7e", "list": "1. Koristenje i namjena", "plan": "UPU Bilice sjever", "izvor": "UPU Bilice sjever (split.hr), vektorizirano iz PDF-a"}}, {"type": "Feature", "geometry": {"type": "LineString", "coordinates": [[16.4870962, 43.5252363], [16.4870962, 43.5253729]]}, "properties": {"tema": "namjena-poslovna", "opis": "K — gospodarska namjena, poslovna", "cad_sloj": "boja #ffbf7e", "list": "1. Koristenje i namjena", "plan": "UPU Bilice sjever", "izvor": "UPU Bilice sjever (split.hr), vektorizirano iz PDF-a"}}, {"type": "Feature", "geometry": {"type": "LineString", "coordinates": [[16.4871054, 43.5252284], [16.4871054, 43.5253852]]}, "properties": {"tema": "namjena-poslovna", "opis": "K — gospodarska namjena, poslovna", "cad_sloj": "boja #ffbf7e", "list": "1. Koristenje i namjena", "plan": "UPU Bilice sjever", "izvor": "UPU Bilice sjever (split.hr), vektorizirano iz PDF-a"}}, {"type": "Feature", "geometry": {"type": "LineString", "coordinates": [[16.4871148, 43.525222], [16.4871148, 43.5253976]]}, "properties": {"tema": "namjena-poslovna", "opis": "K — gospodarska namjena, poslovna", "cad_sloj": "boja #ffbf7e", "list": "1. Koristenje i namjena", "plan": "UPU Bilice sjever", "izvor": "UPU Bilice sjever (split.hr), vektorizirano iz PDF-a"}}, {"type": "Feature", "geometry": {"type": "LineString", "coordinates": [[16.487124, 43.5252164], [16.487124, 43.52541]]}, "properties": {"tema": "namjena-poslovna", "opis": "K — gospodarska namjena, poslovna", "cad_sloj": "boja #ffbf7e", "list": "1. Koristenje i namjena", "plan": "UPU Bilice sjever", "izvor": "UPU Bilice sjever (split.hr), vektorizirano iz PDF-a"}}, {"type": "Feature", "geometry": {"type": "LineString", "coordinates": [[16.4871334, 43.5252113], [16.4871334, 43.5254224]]}, "properties": {"tema": "namjena-poslovna", "opis": "K — gospodarska namjena, poslovna", "cad_sloj": "boja #ffbf7e", "list": "1. Koristenje i namjena", "plan": "UPU Bilice sjever", "izvor": "UPU Bilice sjever (split.hr), vektorizirano iz PDF-a"}}, {"type": "Feature", "geometry": {"type": "LineString", "coordinates": [[16.4871426, 43.5252063], [16.4871425, 43.5254348]]}, "properties": {"tema": "namjena-poslovna", "opis": "K — gospodarska namjena, poslovna", "cad_sloj": "boja #ffbf7e", "list": "1. Koristenje i namjena", "plan": "UPU Bilice sjever", "izvor": "UPU Bilice sjever (split.hr), vektorizirano iz PDF-a"}}, {"type": "Feature", "geometry": {"type": "LineString", "coordinates": [[16.487152, 43.525201], [16.487152, 43.5254472]]}, "properties": {"tema": "namjena-poslovna", "opis": "K — gospodarska namjena, poslovna", "cad_sloj": "boja #ffbf7e", "list": "1. Koristenje i namjena", "plan": "UPU Bilice sjever", "izvor": "UPU Bilice sjever (split.hr), vektorizirano iz PDF-a"}}, {"type": "Feature", "geometry": {"type": "LineString", "coordinates": [[16.4871612, 43.5251959], [16.4871611, 43.5254596]]}, "properties": {"tema": "namjena-poslovna", "opis": "K — gospodarska namjena, poslovna", "cad_sloj": "boja #ffbf7e", "list": "1. Koristenje i namjena", "plan": "UPU Bilice sjever", "izvor": "UPU Bilice sjever (split.hr), vektorizirano iz PDF-a"}}, {"type": "Feature", "geometry": {"type": "LineString", "coordinates": [[16.4871706, 43.5251907], [16.4871706, 43.5254719]]}, "properties": {"tema": "namjena-poslovna", "opis": "K — gospodarska namjena, poslovna", "cad_sloj": "boja #ffbf7e", "list": "1. Koristenje i namjena", "plan": "UPU Bilice sjever", "izvor": "UPU Bilice sjever (split.hr), vektorizirano iz PDF-a"}}, {"type": "Feature", "geometry": {"type": "LineString", "coordinates": [[16.4871798, 43.5251854], [16.4871797, 43.5254838]]}, "properties": {"tema": "namjena-poslovna", "opis": "K — gospodarska namjena, poslovna", "cad_sloj": "boja #ffbf7e", "list": "1. Koristenje i namjena", "plan": "UPU Bilice sjever", "izvor": "UPU Bilice sjever (split.hr), vektorizirano iz PDF-a"}}, {"type": "Feature", "geometry": {"type": "LineString", "coordinates": [[16.4871889, 43.5251802], [16.4871889, 43.5254941]]}, "properties": {"tema": "namjena-poslovna", "opis": "K — gospodarska namjena, poslovna", "cad_sloj": "boja #ffbf7e", "list": "1. Koristenje i namjena", "plan": "UPU Bilice sjever", "izvor": "UPU Bilice sjever (split.hr), vektorizirano iz PDF-a"}}, {"type": "Feature", "geometry": {"type": "LineString", "coordinates": [[16.4871984, 43.5251749], [16.4871983, 43.5255043]]}, "properties": {"tema": "namjena-poslovna", "opis": "K — gospodarska namjena, poslovna", "cad_sloj": "boja #ffbf7e", "list": "1. Koristenje i namjena", "plan": "UPU Bilice sjever", "izvor": "UPU Bilice sjever (split.hr), vektorizirano iz PDF-a"}}, {"type": "Feature", "geometry": {"type": "LineString", "coordinates": [[16.4872075, 43.5251696], [16.4872075, 43.5255146]]}, "properties": {"tema": "namjena-poslovna", "opis": "K — gospodarska namjena, poslovna", "cad_sloj": "boja #ffbf7e", "list": "1. Koristenje i namjena", "plan": "UPU Bilice sjever", "izvor": "UPU Bilice sjever (split.hr), vektorizirano iz PDF-a"}}, {"type": "Feature", "geometry": {"type": "LineString", "coordinates": [[16.487217, 43.5251642], [16.4872169, 43.5255247]]}, "properties": {"tema": "namjena-poslovna", "opis": "K — gospodarska namjena, poslovna", "cad_sloj": "boja #ffbf7e", "list": "1. Koristenje i namjena", "plan": "UPU Bilice sjever", "izvor": "UPU Bilice sjever (split.hr), vektorizirano iz PDF-a"}}, {"type": "Feature", "geometry": {"type": "LineString", "coordinates": [[16.4872261, 43.5251589], [16.4872261, 43.525535]]}, "properties": {"tema": "namjena-poslovna", "opis": "K — gospodarska namjena, poslovna", "cad_sloj": "boja #ffbf7e", "list": "1. Koristenje i namjena", "plan": "UPU Bilice sjever", "izvor": "UPU Bilice sjever (split.hr), vektorizirano iz PDF-a"}}, {"type": "Feature", "geometry": {"type": "LineString", "coordinates": [[16.4872356, 43.5251534], [16.4872355, 43.5255453]]}, "properties": {"tema": "namjena-poslovna", "opis": "K — gospodarska namjena, poslovna", "cad_sloj": "boja #ffbf7e", "list": "1. Koristenje i namjena", "plan": "UPU Bilice sjever", "izvor": "UPU Bilice sjever (split.hr), vektorizirano iz PDF-a"}}, {"type": "Feature", "geometry": {"type": "LineString", "coordinates": [[16.4872447, 43.525148], [16.4872446, 43.5255556]]}, "properties": {"tema": "namjena-poslovna", "opis": "K — gospodarska namjena, poslovna", "cad_sloj": "boja #ffbf7e", "list": "1. Koristenje i namjena", "plan": "UPU Bilice sjever", "izvor": "UPU Bilice sjever (split.hr), vektorizirano iz PDF-a"}}, {"type": "Feature", "geometry": {"type": "LineString", "coordinates": [[16.4872539, 43.5251425], [16.4872538, 43.5255659]]}, "properties": {"tema": "namjena-poslovna", "opis": "K — gospodarska namjena, poslovna", "cad_sloj": "boja #ffbf7e", "list": "1. Koristenje i namjena", "plan": "UPU Bilice sjever", "izvor": "UPU Bilice sjever (split.hr), vektorizirano iz PDF-a"}}, {"type": "Feature", "geometry": {"type": "LineString", "coordinates": [[16.4872633, 43.525137], [16.4872632, 43.5255762]]}, "properties": {"tema": "namjena-poslovna", "opis": "K — gospodarska namjena, poslovna", "cad_sloj": "boja #ffbf7e", "list": "1. Koristenje i namjena", "plan": "UPU Bilice sjever", "izvor": "UPU Bilice sjever (split.hr), vektorizirano iz PDF-a"}}, {"type": "Feature", "geometry": {"type": "LineString", "coordinates": [[16.4872725, 43.5251315], [16.4872724, 43.5255863]]}, "properties": {"tema": "namjena-poslovna", "opis": "K — gospodarska namjena, poslovna", "cad_sloj": "boja #ffbf7e", "list": "1. Koristenje i namjena", "plan": "UPU Bilice sjever", "izvor": "UPU Bilice sjever (split.hr), vektorizirano iz PDF-a"}}, {"type": "Feature", "geometry": {"type": "LineString", "coordinates": [[16.4872819, 43.525126], [16.4872818, 43.5255966]]}, "properties": {"tema": "namjena-poslovna", "opis": "K — gospodarska namjena, poslovna", "cad_sloj": "boja #ffbf7e", "list": "1. Koristenje i namjena", "plan": "UPU Bilice sjever", "izvor": "UPU Bilice sjever (split.hr), vektorizirano iz PDF-a"}}, {"type": "Feature", "geometry": {"type": "LineString", "coordinates": [[16.4872911, 43.5251204], [16.487291, 43.5256069]]}, "properties": {"tema": "namjena-poslovna", "opis": "K — gospodarska namjena, poslovna", "cad_sloj": "boja #ffbf7e", "list": "1. Koristenje i namjena", "plan": "UPU Bilice sjever", "izvor": "UPU Bilice sjever (split.hr), vektorizirano iz PDF-a"}}, {"type": "Feature", "geometry": {"type": "LineString", "coordinates": [[16.4873005, 43.5251147], [16.4873004, 43.5256171]]}, "properties": {"tema": "namjena-poslovna", "opis": "K — gospodarska namjena, poslovna", "cad_sloj": "boja #ffbf7e", "list": "1. Koristenje i namjena", "plan": "UPU Bilice sjever", "izvor": "UPU Bilice sjever (split.hr), vektorizirano iz PDF-a"}}, {"type": "Feature", "geometry": {"type": "LineString", "coordinates": [[16.4873097, 43.5251098], [16.4873096, 43.5256274]]}, "properties": {"tema": "namjena-poslovna", "opis": "K — gospodarska namjena, poslovna", "cad_sloj": "boja #ffbf7e", "list": "1. Koristenje i namjena", "plan": "UPU Bilice sjever", "izvor": "UPU Bilice sjever (split.hr), vektorizirano iz PDF-a"}}, {"type": "Feature", "geometry": {"type": "LineString", "coordinates": [[16.4873188, 43.5251056], [16.4873187, 43.5256377]]}, "properties": {"tema": "namjena-poslovna", "opis": "K — gospodarska namjena, poslovna", "cad_sloj": "boja #ffbf7e", "list": "1. Koristenje i namjena", "plan": "UPU Bilice sjever", "izvor": "UPU Bilice sjever (split.hr), vektorizirano iz PDF-a"}}, {"type": "Feature", "geometry": {"type": "LineString", "coordinates": [[16.4873283, 43.5251018], [16.4873282, 43.5256478]]}, "properties": {"tema": "namjena-poslovna", "opis": "K — gospodarska namjena, poslovna", "cad_sloj": "boja #ffbf7e", "list": "1. Koristenje i namjena", "plan": "UPU Bilice sjever", "izvor": "UPU Bilice sjever (split.hr), vektorizirano iz PDF-a"}}, {"type": "Feature", "geometry": {"type": "LineString", "coordinates": [[16.4873374, 43.5250981], [16.4873373, 43.5256581]]}, "properties": {"tema": "namjena-poslovna", "opis": "K — gospodarska namjena, poslovna", "cad_sloj": "boja #ffbf7e", "list": "1. Koristenje i namjena", "plan": "UPU Bilice sjever", "izvor": "UPU Bilice sjever (split.hr), vektorizirano iz PDF-a"}}, {"type": "Feature", "geometry": {"type": "LineString", "coordinates": [[16.4873469, 43.5250945], [16.4873467, 43.5256684]]}, "properties": {"tema": "namjena-poslovna", "opis": "K — gospodarska namjena, poslovna", "cad_sloj": "boja #ffbf7e", "list": "1. Koristenje i namjena", "plan": "UPU Bilice sjever", "izvor": "UPU Bilice sjever (split.hr), vektorizirano iz PDF-a"}}, {"type": "Feature", "geometry": {"type": "LineString", "coordinates": [[16.487356, 43.5250909], [16.4873559, 43.5256787]]}, "properties": {"tema": "namjena-poslovna", "opis": "K — gospodarska namjena, poslovna", "cad_sloj": "boja #ffbf7e", "list": "1. Koristenje i namjena", "plan": "UPU Bilice sjever", "izvor": "UPU Bilice sjever (split.hr), vektorizirano iz PDF-a"}}, {"type": "Feature", "geometry": {"type": "LineString", "coordinates": [[16.4873655, 43.5250873], [16.4873653, 43.525689]]}, "properties": {"tema": "namjena-poslovna", "opis": "K — gospodarska namjena, poslovna", "cad_sloj": "boja #ffbf7e", "list": "1. Koristenje i namjena", "plan": "UPU Bilice sjever", "izvor": "UPU Bilice sjever (split.hr), vektorizirano iz PDF-a"}}, {"type": "Feature", "geometry": {"type": "LineString", "coordinates": [[16.4873746, 43.5250837], [16.4873745, 43.5256993]]}, "properties": {"tema": "namjena-poslovna", "opis": "K — gospodarska namjena, poslovna", "cad_sloj": "boja #ffbf7e", "list": "1. Koristenje i namjena", "plan": "UPU Bilice sjever", "izvor": "UPU Bilice sjever (split.hr), vektorizirano iz PDF-a"}}, {"type": "Feature", "geometry": {"type": "LineString", "coordinates": [[16.4873838, 43.52508], [16.4873837, 43.5257094]]}, "properties": {"tema": "namjena-poslovna", "opis": "K — gospodarska namjena, poslovna", "cad_sloj": "boja #ffbf7e", "list": "1. Koristenje i namjena", "plan": "UPU Bilice sjever", "izvor": "UPU Bilice sjever (split.hr), vektorizirano iz PDF-a"}}, {"type": "Feature", "geometry": {"type": "LineString", "coordinates": [[16.4873932, 43.5250764], [16.4873931, 43.5257195]]}, "properties": {"tema": "namjena-poslovna", "opis": "K — gospodarska namjena, poslovna", "cad_sloj": "boja #ffbf7e", "list": "1. Koristenje i namjena", "plan": "UPU Bilice sjever", "izvor": "UPU Bilice sjever (split.hr), vektorizirano iz PDF-a"}}, {"type": "Feature", "geometry": {"type": "LineString", "coordinates": [[16.4874024, 43.525073], [16.4874022, 43.5257277]]}, "properties": {"tema": "namjena-poslovna", "opis": "K — gospodarska namjena, poslovna", "cad_sloj": "boja #ffbf7e", "list": "1. Koristenje i namjena", "plan": "UPU Bilice sjever", "izvor": "UPU Bilice sjever (split.hr), vektorizirano iz PDF-a"}}, {"type": "Feature", "geometry": {"type": "LineString", "coordinates": [[16.4874118, 43.5250694], [16.4874117, 43.5257347]]}, "properties": {"tema": "namjena-poslovna", "opis": "K — gospodarska namjena, poslovna", "cad_sloj": "boja #ffbf7e", "list": "1. Koristenje i namjena", "plan": "UPU Bilice sjever", "izvor": "UPU Bilice sjever (split.hr), vektorizirano iz PDF-a"}}, {"type": "Feature", "geometry": {"type": "LineString", "coordinates": [[16.487421, 43.5250658], [16.4874208, 43.525741]]}, "properties": {"tema": "namjena-poslovna", "opis": "K — gospodarska namjena, poslovna", "cad_sloj": "boja #ffbf7e", "list": "1. Koristenje i namjena", "plan": "UPU Bilice sjever", "izvor": "UPU Bilice sjever (split.hr), vektorizirano iz PDF-a"}}, {"type": "Feature", "geometry": {"type": "LineString", "coordinates": [[16.4874304, 43.5250621], [16.4874303, 43.5257463]]}, "properties": {"tema": "namjena-poslovna", "opis": "K — gospodarska namjena, poslovna", "cad_sloj": "boja #ffbf7e", "list": "1. Koristenje i namjena", "plan": "UPU Bilice sjever", "izvor": "UPU Bilice sjever (split.hr), vektorizirano iz PDF-a"}}, {"type": "Feature", "geometry": {"type": "LineString", "coordinates": [[16.4874396, 43.5250585], [16.4874394, 43.5257511]]}, "properties": {"tema": "namjena-poslovna", "opis": "K — gospodarska namjena, poslovna", "cad_sloj": "boja #ffbf7e", "list": "1. Koristenje i namjena", "plan": "UPU Bilice sjever", "izvor": "UPU Bilice sjever (split.hr), vektorizirano iz PDF-a"}}, {"type": "Feature", "geometry": {"type": "LineString", "coordinates": [[16.487449, 43.5250549], [16.4874488, 43.5257555]]}, "properties": {"tema": "namjena-poslovna", "opis": "K — gospodarska namjena, poslovna", "cad_sloj": "boja #ffbf7e", "list": "1. Koristenje i namjena", "plan": "UPU Bilice sjever", "izvor": "UPU Bilice sjever (split.hr), vektorizirano iz PDF-a"}}, {"type": "Feature", "geometry": {"type": "LineString", "coordinates": [[16.4874582, 43.5250511], [16.487458, 43.5257591]]}, "properties": {"tema": "namjena-poslovna", "opis": "K — gospodarska namjena, poslovna", "cad_sloj": "boja #ffbf7e", "list": "1. Koristenje i namjena", "plan": "UPU Bilice sjever", "izvor": "UPU Bilice sjever (split.hr), vektorizirano iz PDF-a"}}, {"type": "Feature", "geometry": {"type": "LineString", "coordinates": [[16.4874673, 43.5250469], [16.4874672, 43.5257624]]}, "properties": {"tema": "namjena-poslovna", "opis": "K — gospodarska namjena, poslovna", "cad_sloj": "boja #ffbf7e", "list": "1. Koristenje i namjena", "plan": "UPU Bilice sjever", "izvor": "UPU Bilice sjever (split.hr), vektorizirano iz PDF-a"}}, {"type": "Feature", "geometry": {"type": "LineString", "coordinates": [[16.4874768, 43.5250425], [16.4874766, 43.5257652]]}, "properties": {"tema": "namjena-poslovna", "opis": "K — gospodarska namjena, poslovna", "cad_sloj": "boja #ffbf7e", "list": "1. Koristenje i namjena", "plan": "UPU Bilice sjever", "izvor": "UPU Bilice sjever (split.hr), vektorizirano iz PDF-a"}}, {"type": "Feature", "geometry": {"type": "LineString", "coordinates": [[16.4874859, 43.5250376], [16.4874858, 43.5257677]]}, "properties": {"tema": "namjena-poslovna", "opis": "K — gospodarska namjena, poslovna", "cad_sloj": "boja #ffbf7e", "list": "1. Koristenje i namjena", "plan": "UPU Bilice sjever", "izvor": "UPU Bilice sjever (split.hr), vektorizirano iz PDF-a"}}, {"type": "Feature", "geometry": {"type": "LineString", "coordinates": [[16.4874953, 43.525032], [16.4874952, 43.5257698]]}, "properties": {"tema": "namjena-poslovna", "opis": "K — gospodarska namjena, poslovna", "cad_sloj": "boja #ffbf7e", "list": "1. Koristenje i namjena", "plan": "UPU Bilice sjever", "izvor": "UPU Bilice sjever (split.hr), vektorizirano iz PDF-a"}}, {"type": "Feature", "geometry": {"type": "LineString", "coordinates": [[16.4875045, 43.5250261], [16.4875044, 43.5257717]]}, "properties": {"tema": "namjena-poslovna", "opis": "K — gospodarska namjena, poslovna", "cad_sloj": "boja #ffbf7e", "list": "1. Koristenje i namjena", "plan": "UPU Bilice sjever", "izvor": "UPU Bilice sjever (split.hr), vektorizirano iz PDF-a"}}, {"type": "Feature", "geometry": {"type": "LineString", "coordinates": [[16.4875139, 43.5250199], [16.4875138, 43.5257736]]}, "properties": {"tema": "namjena-poslovna", "opis": "K — gospodarska namjena, poslovna", "cad_sloj": "boja #ffbf7e", "list": "1. Koristenje i namjena", "plan": "UPU Bilice sjever", "izvor": "UPU Bilice sjever (split.hr), vektorizirano iz PDF-a"}}, {"type": "Feature", "geometry": {"type": "LineString", "coordinates": [[16.4875231, 43.5250136], [16.4875229, 43.5257753]]}, "properties": {"tema": "namjena-poslovna", "opis": "K — gospodarska namjena, poslovna", "cad_sloj": "boja #ffbf7e", "list": "1. Koristenje i namjena", "plan": "UPU Bilice sjever", "izvor": "UPU Bilice sjever (split.hr), vektorizirano iz PDF-a"}}, {"type": "Feature", "geometry": {"type": "LineString", "coordinates": [[16.4875323, 43.5250075], [16.4875321, 43.5257772]]}, "properties": {"tema": "namjena-poslovna", "opis": "K — gospodarska namjena, poslovna", "cad_sloj": "boja #ffbf7e", "list": "1. Koristenje i namjena", "plan": "UPU Bilice sjever", "izvor": "UPU Bilice sjever (split.hr), vektorizirano iz PDF-a"}}, {"type": "Feature", "geometry": {"type": "LineString", "coordinates": [[16.4875417, 43.5250012], [16.4875415, 43.5257791]]}, "properties": {"tema": "namjena-poslovna", "opis": "K — gospodarska namjena, poslovna", "cad_sloj": "boja #ffbf7e", "list": "1. Koristenje i namjena", "plan": "UPU Bilice sjever", "izvor": "UPU Bilice sjever (split.hr), vektorizirano iz PDF-a"}}, {"type": "Feature", "geometry": {"type": "LineString", "coordinates": [[16.4875509, 43.5249949], [16.4875507, 43.525781]]}, "properties": {"tema": "namjena-poslovna", "opis": "K — gospodarska namjena, poslovna", "cad_sloj": "boja #ffbf7e", "list": "1. Koristenje i namjena", "plan": "UPU Bilice sjever", "izvor": "UPU Bilice sjever (split.hr), vektorizirano iz PDF-a"}}, {"type": "Feature", "geometry": {"type": "LineString", "coordinates": [[16.4875603, 43.5249886], [16.4875601, 43.5257829]]}, "properties": {"tema": "namjena-poslovna", "opis": "K — gospodarska namjena, poslovna", "cad_sloj": "boja #ffbf7e", "list": "1. Koristenje i namjena", "plan": "UPU Bilice sjever", "izvor": "UPU Bilice sjever (split.hr), vektorizirano iz PDF-a"}}, {"type": "Feature", "geometry": {"type": "LineString", "coordinates": [[16.4875695, 43.5249825], [16.4875693, 43.5257848]]}, "properties": {"tema": "namjena-poslovna", "opis": "K — gospodarska namjena, poslovna", "cad_sloj": "boja #ffbf7e", "list": "1. Koristenje i namjena", "plan": "UPU Bilice sjever", "izvor": "UPU Bilice sjever (split.hr), vektorizirano iz PDF-a"}}, {"type": "Feature", "geometry": {"type": "LineString", "coordinates": [[16.4875789, 43.5249762], [16.4875787, 43.5257868]]}, "properties": {"tema": "namjena-poslovna", "opis": "K — gospodarska namjena, poslovna", "cad_sloj": "boja #ffbf7e", "list": "1. Koristenje i namjena", "plan": "UPU Bilice sjever", "izvor": "UPU Bilice sjever (split.hr), vektorizirano iz PDF-a"}}, {"type": "Feature", "geometry": {"type": "LineString", "coordinates": [[16.4875881, 43.5249699], [16.4875879, 43.5257883]]}, "properties": {"tema": "namjena-poslovna", "opis": "K — gospodarska namjena, poslovna", "cad_sloj": "boja #ffbf7e", "list": "1. Koristenje i namjena", "plan": "UPU Bilice sjever", "izvor": "UPU Bilice sjever (split.hr), vektorizirano iz PDF-a"}}, {"type": "Feature", "geometry": {"type": "LineString", "coordinates": [[16.4875972, 43.5249637], [16.487597, 43.5257902]]}, "properties": {"tema": "namjena-poslovna", "opis": "K — gospodarska namjena, poslovna", "cad_sloj": "boja #ffbf7e", "list": "1. Koristenje i namjena", "plan": "UPU Bilice sjever", "izvor": "UPU Bilice sjever (split.hr), vektorizirano iz PDF-a"}}, {"type": "Feature", "geometry": {"type": "LineString", "coordinates": [[16.4876066, 43.5249574], [16.4876065, 43.5257923]]}, "properties": {"tema": "namjena-poslovna", "opis": "K — gospodarska namjena, poslovna", "cad_sloj": "boja #ffbf7e", "list": "1. Koristenje i namjena", "plan": "UPU Bilice sjever", "izvor": "UPU Bilice sjever (split.hr), vektorizirano iz PDF-a"}}, {"type": "Feature", "geometry": {"type": "LineString", "coordinates": [[16.4876158, 43.5249513], [16.4876156, 43.5257946]]}, "properties": {"tema": "namjena-poslovna", "opis": "K — gospodarska namjena, poslovna", "cad_sloj": "boja #ffbf7e", "list": "1. Koristenje i namjena", "plan": "UPU Bilice sjever", "izvor": "UPU Bilice sjever (split.hr), vektorizirano iz PDF-a"}}, {"type": "Feature", "geometry": {"type": "LineString", "coordinates": [[16.4876252, 43.524945], [16.4876251, 43.5257972]]}, "properties": {"tema": "namjena-poslovna", "opis": "K — gospodarska namjena, poslovna", "cad_sloj": "boja #ffbf7e", "list": "1. Koristenje i namjena", "plan": "UPU Bilice sjever", "izvor": "UPU Bilice sjever (split.hr), vektorizirano iz PDF-a"}}, {"type": "Feature", "geometry": {"type": "LineString", "coordinates": [[16.4876344, 43.5249385], [16.4876342, 43.5258001]]}, "properties": {"tema": "namjena-poslovna", "opis": "K — gospodarska namjena, poslovna", "cad_sloj": "boja #ffbf7e", "list": "1. Koristenje i namjena", "plan": "UPU Bilice sjever", "izvor": "UPU Bilice sjever (split.hr), vektorizirano iz PDF-a"}}, {"type": "Feature", "geometry": {"type": "LineString", "coordinates": [[16.4876438, 43.5249313], [16.4876437, 43.5258035]]}, "properties": {"tema": "namjena-poslovna", "opis": "K — gospodarska namjena, poslovna", "cad_sloj": "boja #ffbf7e", "list": "1. Koristenje i namjena", "plan": "UPU Bilice sjever", "izvor": "UPU Bilice sjever (split.hr), vektorizirano iz PDF-a"}}, {"type": "Feature", "geometry": {"type": "LineString", "coordinates": [[16.487653, 43.5249233], [16.4876528, 43.525807]]}, "properties": {"tema": "namjena-poslovna", "opis": "K — gospodarska namjena, poslovna", "cad_sloj": "boja #ffbf7e", "list": "1. Koristenje i namjena", "plan": "UPU Bilice sjever", "izvor": "UPU Bilice sjever (split.hr), vektorizirano iz PDF-a"}}, {"type": "Feature", "geometry": {"type": "LineString", "coordinates": [[16.4876622, 43.5249143], [16.487662, 43.525811]]}, "properties": {"tema": "namjena-poslovna", "opis": "K — gospodarska namjena, poslovna", "cad_sloj": "boja #ffbf7e", "list": "1. Koristenje i namjena", "plan": "UPU Bilice sjever", "izvor": "UPU Bilice sjever (split.hr), vektorizirano iz PDF-a"}}, {"type": "Feature", "geometry": {"type": "LineString", "coordinates": [[16.4876716, 43.5249042], [16.4876714, 43.5258153]]}, "properties": {"tema": "namjena-poslovna", "opis": "K — gospodarska namjena, poslovna", "cad_sloj": "boja #ffbf7e", "list": "1. Koristenje i namjena", "plan": "UPU Bilice sjever", "izvor": "UPU Bilice sjever (split.hr), vektorizirano iz PDF-a"}}, {"type": "Feature", "geometry": {"type": "LineString", "coordinates": [[16.4876808, 43.5248939], [16.4876806, 43.5258201]]}, "properties": {"tema": "namjena-poslovna", "opis": "K — gospodarska namjena, poslovna", "cad_sloj": "boja #ffbf7e", "list": "1. Koristenje i namjena", "plan": "UPU Bilice sjever", "izvor": "UPU Bilice sjever (split.hr), vektorizirano iz PDF-a"}}, {"type": "Feature", "geometry": {"type": "LineString", "coordinates": [[16.4876902, 43.5248834], [16.48769, 43.5258253]]}, "properties": {"tema": "namjena-poslovna", "opis": "K — gospodarska namjena, poslovna", "cad_sloj": "boja #ffbf7e", "list": "1. Koristenje i namjena", "plan": "UPU Bilice sjever", "izvor": "UPU Bilice sjever (split.hr), vektorizirano iz PDF-a"}}, {"type": "Feature", "geometry": {"type": "LineString", "coordinates": [[16.4876994, 43.5248732], [16.4876992, 43.525831]]}, "properties": {"tema": "namjena-poslovna", "opis": "K — gospodarska namjena, poslovna", "cad_sloj": "boja #ffbf7e", "list": "1. Koristenje i namjena", "plan": "UPU Bilice sjever", "izvor": "UPU Bilice sjever (split.hr), vektorizirano iz PDF-a"}}, {"type": "Feature", "geometry": {"type": "LineString", "coordinates": [[16.4877088, 43.5248629], [16.4877086, 43.5258371]]}, "properties": {"tema": "namjena-poslovna", "opis": "K — gospodarska namjena, poslovna", "cad_sloj": "boja #ffbf7e", "list": "1. Koristenje i namjena", "plan": "UPU Bilice sjever", "izvor": "UPU Bilice sjever (split.hr), vektorizirano iz PDF-a"}}, {"type": "Feature", "geometry": {"type": "LineString", "coordinates": [[16.487718, 43.5248524], [16.4877178, 43.5258439]]}, "properties": {"tema": "namjena-poslovna", "opis": "K — gospodarska namjena, poslovna", "cad_sloj": "boja #ffbf7e", "list": "1. Koristenje i namjena", "plan": "UPU Bilice sjever", "izvor": "UPU Bilice sjever (split.hr), vektorizirano iz PDF-a"}}, {"type": "Feature", "geometry": {"type": "LineString", "coordinates": [[16.4877271, 43.5248421], [16.4877269, 43.5258516]]}, "properties": {"tema": "namjena-poslovna", "opis": "K — gospodarska namjena, poslovna", "cad_sloj": "boja #ffbf7e", "list": "1. Koristenje i namjena", "plan": "UPU Bilice sjever", "izvor": "UPU Bilice sjever (split.hr), vektorizirano iz PDF-a"}}, {"type": "Feature", "geometry": {"type": "LineString", "coordinates": [[16.4877366, 43.5248316], [16.4877363, 43.5258601]]}, "properties": {"tema": "namjena-poslovna", "opis": "K — gospodarska namjena, poslovna", "cad_sloj": "boja #ffbf7e", "list": "1. Koristenje i namjena", "plan": "UPU Bilice sjever", "izvor": "UPU Bilice sjever (split.hr), vektorizirano iz PDF-a"}}, {"type": "Feature", "geometry": {"type": "LineString", "coordinates": [[16.4877457, 43.5248213], [16.4877455, 43.5258639]]}, "properties": {"tema": "namjena-poslovna", "opis": "K — gospodarska namjena, poslovna", "cad_sloj": "boja #ffbf7e", "list": "1. Koristenje i namjena", "plan": "UPU Bilice sjever", "izvor": "UPU Bilice sjever (split.hr), vektorizirano iz PDF-a"}}, {"type": "Feature", "geometry": {"type": "LineString", "coordinates": [[16.4877551, 43.5248111], [16.4877549, 43.5258597]]}, "properties": {"tema": "namjena-poslovna", "opis": "K — gospodarska namjena, poslovna", "cad_sloj": "boja #ffbf7e", "list": "1. Koristenje i namjena", "plan": "UPU Bilice sjever", "izvor": "UPU Bilice sjever (split.hr), vektorizirano iz PDF-a"}}, {"type": "Feature", "geometry": {"type": "LineString", "coordinates": [[16.4877643, 43.5248006], [16.4877641, 43.5258554]]}, "properties": {"tema": "namjena-poslovna", "opis": "K — gospodarska namjena, poslovna", "cad_sloj": "boja #ffbf7e", "list": "1. Koristenje i namjena", "plan": "UPU Bilice sjever", "izvor": "UPU Bilice sjever (split.hr), vektorizirano iz PDF-a"}}, {"type": "Feature", "geometry": {"type": "LineString", "coordinates": [[16.4877737, 43.5247903], [16.4877735, 43.5258512]]}, "properties": {"tema": "namjena-poslovna", "opis": "K — gospodarska namjena, poslovna", "cad_sloj": "boja #ffbf7e", "list": "1. Koristenje i namjena", "plan": "UPU Bilice sjever", "izvor": "UPU Bilice sjever (split.hr), vektorizirano iz PDF-a"}}, {"type": "Feature", "geometry": {"type": "LineString", "coordinates": [[16.4877829, 43.52478], [16.4877827, 43.5258468]]}, "properties": {"tema": "namjena-poslovna", "opis": "K — gospodarska namjena, poslovna", "cad_sloj": "boja #ffbf7e", "list": "1. Koristenje i namjena", "plan": "UPU Bilice sjever", "izvor": "UPU Bilice sjever (split.hr), vektorizirano iz PDF-a"}}, {"type": "Feature", "geometry": {"type": "LineString", "coordinates": [[16.4877923, 43.5247695], [16.4877921, 43.5258422]]}, "properties": {"tema": "namjena-poslovna", "opis": "K — gospodarska namjena, poslovna", "cad_sloj": "boja #ffbf7e", "list": "1. Koristenje i namjena", "plan": "UPU Bilice sjever", "izvor": "UPU Bilice sjever (split.hr), vektorizirano iz PDF-a"}}, {"type": "Feature", "geometry": {"type": "LineString", "coordinates": [[16.4878015, 43.5247592], [16.4878013, 43.5258373]]}, "properties": {"tema": "namjena-poslovna", "opis": "K — gospodarska namjena, poslovna", "cad_sloj": "boja #ffbf7e", "list": "1. Koristenje i namjena", "plan": "UPU Bilice sjever", "izvor": "UPU Bilice sjever (split.hr), vektorizirano iz PDF-a"}}, {"type": "Feature", "geometry": {"type": "LineString", "coordinates": [[16.4878107, 43.5247488], [16.4878105, 43.5258323]]}, "properties": {"tema": "namjena-poslovna", "opis": "K — gospodarska namjena, poslovna", "cad_sloj": "boja #ffbf7e", "list": "1. Koristenje i namjena", "plan": "UPU Bilice sjever", "izvor": "UPU Bilice sjever (split.hr), vektorizirano iz PDF-a"}}, {"type": "Feature", "geometry": {"type": "LineString", "coordinates": [[16.4878201, 43.5247385], [16.4878199, 43.5258276]]}, "properties": {"tema": "namjena-poslovna", "opis": "K — gospodarska namjena, poslovna", "cad_sloj": "boja #ffbf7e", "list": "1. Koristenje i namjena", "plan": "UPU Bilice sjever", "izvor": "UPU Bilice sjever (split.hr), vektorizirano iz PDF-a"}}, {"type": "Feature", "geometry": {"type": "LineString", "coordinates": [[16.4878293, 43.5247282], [16.487829, 43.5258228]]}, "properties": {"tema": "namjena-poslovna", "opis": "K — gospodarska namjena, poslovna", "cad_sloj": "boja #ffbf7e", "list": "1. Koristenje i namjena", "plan": "UPU Bilice sjever", "izvor": "UPU Bilice sjever (split.hr), vektorizirano iz PDF-a"}}, {"type": "Feature", "geometry": {"type": "LineString", "coordinates": [[16.4878387, 43.5247177], [16.4878385, 43.525818]]}, "properties": {"tema": "namjena-poslovna", "opis": "K — gospodarska namjena, poslovna", "cad_sloj": "boja #ffbf7e", "list": "1. Koristenje i namjena", "plan": "UPU Bilice sjever", "izvor": "UPU Bilice sjever (split.hr), vektorizirano iz PDF-a"}}, {"type": "Feature", "geometry": {"type": "LineString", "coordinates": [[16.4878479, 43.5247074], [16.4878476, 43.5258135]]}, "properties": {"tema": "namjena-poslovna", "opis": "K — gospodarska namjena, poslovna", "cad_sloj": "boja #ffbf7e", "list": "1. Koristenje i namjena", "plan": "UPU Bilice sjever", "izvor": "UPU Bilice sjever (split.hr), vektorizirano iz PDF-a"}}, {"type": "Feature", "geometry": {"type": "LineString", "coordinates": [[16.4878573, 43.5246969], [16.4878571, 43.5258091]]}, "properties": {"tema": "namjena-poslovna", "opis": "K — gospodarska namjena, poslovna", "cad_sloj": "boja #ffbf7e", "list": "1. Koristenje i namjena", "plan": "UPU Bilice sjever", "izvor": "UPU Bilice sjever (split.hr), vektorizirano iz PDF-a"}}, {"type": "Feature", "geometry": {"type": "LineString", "coordinates": [[16.4878665, 43.5246866], [16.4878662, 43.5258047]]}, "properties": {"tema": "namjena-poslovna", "opis": "K — gospodarska namjena, poslovna", "cad_sloj": "boja #ffbf7e", "list": "1. Koristenje i namjena", "plan": "UPU Bilice sjever", "izvor": "UPU Bilice sjever (split.hr), vektorizirano iz PDF-a"}}, {"type": "Feature", "geometry": {"type": "LineString", "coordinates": [[16.4878756, 43.5246764], [16.4878754, 43.5258005]]}, "properties": {"tema": "namjena-poslovna", "opis": "K — gospodarska namjena, poslovna", "cad_sloj": "boja #ffbf7e", "list": "1. Koristenje i namjena", "plan": "UPU Bilice sjever", "izvor": "UPU Bilice sjever (split.hr), vektorizirano iz PDF-a"}}, {"type": "Feature", "geometry": {"type": "LineString", "coordinates": [[16.4878851, 43.5246659], [16.4878848, 43.5257959]]}, "properties": {"tema": "namjena-poslovna", "opis": "K — gospodarska namjena, poslovna", "cad_sloj": "boja #ffbf7e", "list": "1. Koristenje i namjena", "plan": "UPU Bilice sjever", "izvor": "UPU Bilice sjever (split.hr), vektorizirano iz PDF-a"}}, {"type": "Feature", "geometry": {"type": "LineString", "coordinates": [[16.4878942, 43.5246556], [16.487894, 43.5257914]]}, "properties": {"tema": "namjena-poslovna", "opis": "K — gospodarska namjena, poslovna", "cad_sloj": "boja #ffbf7e", "list": "1. Koristenje i namjena", "plan": "UPU Bilice sjever", "izvor": "UPU Bilice sjever (split.hr), vektorizirano iz PDF-a"}}, {"type": "Feature", "geometry": {"type": "LineString", "coordinates": [[16.4879036, 43.5246451], [16.4879034, 43.5257868]]}, "properties": {"tema": "namjena-poslovna", "opis": "K — gospodarska namjena, poslovna", "cad_sloj": "boja #ffbf7e", "list": "1. Koristenje i namjena", "plan": "UPU Bilice sjever", "izvor": "UPU Bilice sjever (split.hr), vektorizirano iz PDF-a"}}, {"type": "Feature", "geometry": {"type": "LineString", "coordinates": [[16.4879128, 43.5246348], [16.4879126, 43.525782]]}, "properties": {"tema": "namjena-poslovna", "opis": "K — gospodarska namjena, poslovna", "cad_sloj": "boja #ffbf7e", "list": "1. Koristenje i namjena", "plan": "UPU Bilice sjever", "izvor": "UPU Bilice sjever (split.hr), vektorizirano iz PDF-a"}}, {"type": "Feature", "geometry": {"type": "LineString", "coordinates": [[16.4879222, 43.5246245], [16.487922, 43.5257775]]}, "properties": {"tema": "namjena-poslovna", "opis": "K — gospodarska namjena, poslovna", "cad_sloj": "boja #ffbf7e", "list": "1. Koristenje i namjena", "plan": "UPU Bilice sjever", "izvor": "UPU Bilice sjever (split.hr), vektorizirano iz PDF-a"}}, {"type": "Feature", "geometry": {"type": "LineString", "coordinates": [[16.4879314, 43.5246141], [16.4879312, 43.5257729]]}, "properties": {"tema": "namjena-poslovna", "opis": "K — gospodarska namjena, poslovna", "cad_sloj": "boja #ffbf7e", "list": "1. Koristenje i namjena", "plan": "UPU Bilice sjever", "izvor": "UPU Bilice sjever (split.hr), vektorizirano iz PDF-a"}}, {"type": "Feature", "geometry": {"type": "LineString", "coordinates": [[16.4879406, 43.5246038], [16.4879403, 43.5257683]]}, "properties": {"tema": "namjena-poslovna", "opis": "K — gospodarska namjena, poslovna", "cad_sloj": "boja #ffbf7e", "list": "1. Koristenje i namjena", "plan": "UPU Bilice sjever", "izvor": "UPU Bilice sjever (split.hr), vektorizirano iz PDF-a"}}, {"type": "Feature", "geometry": {"type": "LineString", "coordinates": [[16.48795, 43.5245963], [16.4879498, 43.5257636]]}, "properties": {"tema": "namjena-poslovna", "opis": "K — gospodarska namjena, poslovna", "cad_sloj": "boja #ffbf7e", "list": "1. Koristenje i namjena", "plan": "UPU Bilice sjever", "izvor": "UPU Bilice sjever (split.hr), vektorizirano iz PDF-a"}}, {"type": "Feature", "geometry": {"type": "LineString", "coordinates": [[16.4879592, 43.5245897], [16.4879589, 43.525759]]}, "properties": {"tema": "namjena-poslovna", "opis": "K — gospodarska namjena, poslovna", "cad_sloj": "boja #ffbf7e", "list": "1. Koristenje i namjena", "plan": "UPU Bilice sjever", "izvor": "UPU Bilice sjever (split.hr), vektorizirano iz PDF-a"}}, {"type": "Feature", "geometry": {"type": "LineString", "coordinates": [[16.4879686, 43.5245828], [16.4879684, 43.5257544]]}, "properties": {"tema": "namjena-poslovna", "opis": "K — gospodarska namjena, poslovna", "cad_sloj": "boja #ffbf7e", "list": "1. Koristenje i namjena", "plan": "UPU Bilice sjever", "izvor": "UPU Bilice sjever (split.hr), vektorizirano iz PDF-a"}}, {"type": "Feature", "geometry": {"type": "LineString", "coordinates": [[16.4879778, 43.5245859], [16.4879775, 43.5257496]]}, "properties": {"tema": "namjena-poslovna", "opis": "K — gospodarska namjena, poslovna", "cad_sloj": "boja #ffbf7e", "list": "1. Koristenje i namjena", "plan": "UPU Bilice sjever", "izvor": "UPU Bilice sjever (split.hr), vektorizirano iz PDF-a"}}, {"type": "Feature", "geometry": {"type": "LineString", "coordinates": [[16.4879872, 43.5245927], [16.487987, 43.5257451]]}, "properties": {"tema": "namjena-poslovna", "opis": "K — gospodarska namjena, poslovna", "cad_sloj": "boja #ffbf7e", "list": "1. Koristenje i namjena", "plan": "UPU Bilice sjever", "izvor": "UPU Bilice sjever (split.hr), vektorizirano iz PDF-a"}}, {"type": "Feature", "geometry": {"type": "LineString", "coordinates": [[16.4879964, 43.5245996], [16.4879961, 43.5257405]]}, "properties": {"tema": "namjena-poslovna", "opis": "K — gospodarska namjena, poslovna", "cad_sloj": "boja #ffbf7e", "list": "1. Koristenje i namjena", "plan": "UPU Bilice sjever", "izvor": "UPU Bilice sjever (split.hr), vektorizirano iz PDF-a"}}, {"type": "Feature", "geometry": {"type": "LineString", "coordinates": [[16.4880055, 43.5246063], [16.4880053, 43.5257359]]}, "properties": {"tema": "namjena-poslovna", "opis": "K — gospodarska namjena, poslovna", "cad_sloj": "boja #ffbf7e", "list": "1. Koristenje i namjena", "plan": "UPU Bilice sjever", "izvor": "UPU Bilice sjever (split.hr), vektorizirano iz PDF-a"}}, {"type": "Feature", "geometry": {"type": "LineString", "coordinates": [[16.4880149, 43.5246131], [16.4880147, 43.5257312]]}, "properties": {"tema": "namjena-poslovna", "opis": "K — gospodarska namjena, poslovna", "cad_sloj": "boja #ffbf7e", "list": "1. Koristenje i namjena", "plan": "UPU Bilice sjever", "izvor": "UPU Bilice sjever (split.hr), vektorizirano iz PDF-a"}}, {"type": "Feature", "geometry": {"type": "LineString", "coordinates": [[16.4880241, 43.52462], [16.4880239, 43.5257266]]}, "properties": {"tema": "namjena-poslovna", "opis": "K — gospodarska namjena, poslovna", "cad_sloj": "boja #ffbf7e", "list": "1. Koristenje i namjena", "plan": "UPU Bilice sjever", "izvor": "UPU Bilice sjever (split.hr), vektorizirano iz PDF-a"}}, {"type": "Feature", "geometry": {"type": "LineString", "coordinates": [[16.4880335, 43.5246268], [16.4880333, 43.525722]]}, "properties": {"tema": "namjena-poslovna", "opis": "K — gospodarska namjena, poslovna", "cad_sloj": "boja #ffbf7e", "list": "1. Koristenje i namjena", "plan": "UPU Bilice sjever", "izvor": "UPU Bilice sjever (split.hr), vektorizirano iz PDF-a"}}, {"type": "Feature", "geometry": {"type": "LineString", "coordinates": [[16.4880427, 43.5246337], [16.4880425, 43.5257175]]}, "properties": {"tema": "namjena-poslovna", "opis": "K — gospodarska namjena, poslovna", "cad_sloj": "boja #ffbf7e", "list": "1. Koristenje i namjena", "plan": "UPU Bilice sjever", "izvor": "UPU Bilice sjever (split.hr), vektorizirano iz PDF-a"}}, {"type": "Feature", "geometry": {"type": "LineString", "coordinates": [[16.4880521, 43.5246404], [16.4880519, 43.5257127]]}, "properties": {"tema": "namjena-poslovna", "opis": "K — gospodarska namjena, poslovna", "cad_sloj": "boja #ffbf7e", "list": "1. Koristenje i namjena", "plan": "UPU Bilice sjever", "izvor": "UPU Bilice sjever (split.hr), vektorizirano iz PDF-a"}}, {"type": "Feature", "geometry": {"type": "LineString", "coordinates": [[16.4880613, 43.5246472], [16.4880611, 43.5257081]]}, "properties": {"tema": "namjena-poslovna", "opis": "K — gospodarska namjena, poslovna", "cad_sloj": "boja #ffbf7e", "list": "1. Koristenje i namjena", "plan": "UPU Bilice sjever", "izvor": "UPU Bilice sjever (split.hr), vektorizirano iz PDF-a"}}, {"type": "Feature", "geometry": {"type": "LineString", "coordinates": [[16.4880707, 43.5246541], [16.4880705, 43.5257035]]}, "properties": {"tema": "namjena-poslovna", "opis": "K — gospodarska namjena, poslovna", "cad_sloj": "boja #ffbf7e", "list": "1. Koristenje i namjena", "plan": "UPU Bilice sjever", "izvor": "UPU Bilice sjever (split.hr), vektorizirano iz PDF-a"}}, {"type": "Feature", "geometry": {"type": "LineString", "coordinates": [[16.4880799, 43.5246609], [16.4880797, 43.525699]]}, "properties": {"tema": "namjena-poslovna", "opis": "K — gospodarska namjena, poslovna", "cad_sloj": "boja #ffbf7e", "list": "1. Koristenje i namjena", "plan": "UPU Bilice sjever", "izvor": "UPU Bilice sjever (split.hr), vektorizirano iz PDF-a"}}, {"type": "Feature", "geometry": {"type": "LineString", "coordinates": [[16.488089, 43.5246678], [16.4880888, 43.5256942]]}, "properties": {"tema": "namjena-poslovna", "opis": "K — gospodarska namjena, poslovna", "cad_sloj": "boja #ffbf7e", "list": "1. Koristenje i namjena", "plan": "UPU Bilice sjever", "izvor": "UPU Bilice sjever (split.hr), vektorizirano iz PDF-a"}}, {"type": "Feature", "geometry": {"type": "LineString", "coordinates": [[16.4880985, 43.5246745], [16.4880983, 43.5256896]]}, "properties": {"tema": "namjena-poslovna", "opis": "K — gospodarska namjena, poslovna", "cad_sloj": "boja #ffbf7e", "list": "1. Koristenje i namjena", "plan": "UPU Bilice sjever", "izvor": "UPU Bilice sjever (split.hr), vektorizirano iz PDF-a"}}, {"type": "Feature", "geometry": {"type": "LineString", "coordinates": [[16.4881076, 43.5246813], [16.4881074, 43.5256851]]}, "properties": {"tema": "namjena-poslovna", "opis": "K — gospodarska namjena, poslovna", "cad_sloj": "boja #ffbf7e", "list": "1. Koristenje i namjena", "plan": "UPU Bilice sjever", "izvor": "UPU Bilice sjever (split.hr), vektorizirano iz PDF-a"}}, {"type": "Feature", "geometry": {"type": "LineString", "coordinates": [[16.488117, 43.5246882], [16.4881169, 43.5256803]]}, "properties": {"tema": "namjena-poslovna", "opis": "K — gospodarska namjena, poslovna", "cad_sloj": "boja #ffbf7e", "list": "1. Koristenje i namjena", "plan": "UPU Bilice sjever", "izvor": "UPU Bilice sjever (split.hr), vektorizirano iz PDF-a"}}, {"type": "Feature", "geometry": {"type": "LineString", "coordinates": [[16.4881262, 43.5246951], [16.488126, 43.5256757]]}, "properties": {"tema": "namjena-poslovna", "opis": "K — gospodarska namjena, poslovna", "cad_sloj": "boja #ffbf7e", "list": "1. Koristenje i namjena", "plan": "UPU Bilice sjever", "izvor": "UPU Bilice sjever (split.hr), vektorizirano iz PDF-a"}}, {"type": "Feature", "geometry": {"type": "LineString", "coordinates": [[16.4881356, 43.5247019], [16.4881354, 43.5256712]]}, "properties": {"tema": "namjena-poslovna", "opis": "K — gospodarska namjena, poslovna", "cad_sloj": "boja #ffbf7e", "list": "1. Koristenje i namjena", "plan": "UPU Bilice sjever", "izvor": "UPU Bilice sjever (split.hr), vektorizirano iz PDF-a"}}, {"type": "Feature", "geometry": {"type": "LineString", "coordinates": [[16.4881448, 43.5247086], [16.4881446, 43.5256666]]}, "properties": {"tema": "namjena-poslovna", "opis": "K — gospodarska namjena, poslovna", "cad_sloj": "boja #ffbf7e", "list": "1. Koristenje i namjena", "plan": "UPU Bilice sjever", "izvor": "UPU Bilice sjever (split.hr), vektorizirano iz PDF-a"}}, {"type": "Feature", "geometry": {"type": "LineString", "coordinates": [[16.488154, 43.5247154], [16.4881538, 43.5256618]]}, "properties": {"tema": "namjena-poslovna", "opis": "K — gospodarska namjena, poslovna", "cad_sloj": "boja #ffbf7e", "list": "1. Koristenje i namjena", "plan": "UPU Bilice sjever", "izvor": "UPU Bilice sjever (split.hr), vektorizirano iz PDF-a"}}, {"type": "Feature", "geometry": {"type": "LineString", "coordinates": [[16.4881634, 43.5247223], [16.4881632, 43.5256573]]}, "properties": {"tema": "namjena-poslovna", "opis": "K — gospodarska namjena, poslovna", "cad_sloj": "boja #ffbf7e", "list": "1. Koristenje i namjena", "plan": "UPU Bilice sjever", "izvor": "UPU Bilice sjever (split.hr), vektorizirano iz PDF-a"}}, {"type": "Feature", "geometry": {"type": "LineString", "coordinates": [[16.4881725, 43.5247292], [16.4881724, 43.5256527]]}, "properties": {"tema": "namjena-poslovna", "opis": "K — gospodarska namjena, poslovna", "cad_sloj": "boja #ffbf7e", "list": "1. Koristenje i namjena", "plan": "UPU Bilice sjever", "izvor": "UPU Bilice sjever (split.hr), vektorizirano iz PDF-a"}}, {"type": "Feature", "geometry": {"type": "LineString", "coordinates": [[16.488182, 43.524736], [16.4881818, 43.5256481]]}, "properties": {"tema": "namjena-poslovna", "opis": "K — gospodarska namjena, poslovna", "cad_sloj": "boja #ffbf7e", "list": "1. Koristenje i namjena", "plan": "UPU Bilice sjever", "izvor": "UPU Bilice sjever (split.hr), vektorizirano iz PDF-a"}}, {"type": "Feature", "geometry": {"type": "LineString", "coordinates": [[16.4881911, 43.5247427], [16.488191, 43.5256433]]}, "properties": {"tema": "namjena-poslovna", "opis": "K — gospodarska namjena, poslovna", "cad_sloj": "boja #ffbf7e", "list": "1. Koristenje i namjena", "plan": "UPU Bilice sjever", "izvor": "UPU Bilice sjever (split.hr), vektorizirano iz PDF-a"}}, {"type": "Feature", "geometry": {"type": "LineString", "coordinates": [[16.4882006, 43.5247496], [16.4882004, 43.5256388]]}, "properties": {"tema": "namjena-poslovna", "opis": "K — gospodarska namjena, poslovna", "cad_sloj": "boja #ffbf7e", "list": "1. Koristenje i namjena", "plan": "UPU Bilice sjever", "izvor": "UPU Bilice sjever (split.hr), vektorizirano iz PDF-a"}}, {"type": "Feature", "geometry": {"type": "LineString", "coordinates": [[16.4882097, 43.5247564], [16.4882096, 43.5256342]]}, "properties": {"tema": "namjena-poslovna", "opis": "K — gospodarska namjena, poslovna", "cad_sloj": "boja #ffbf7e", "list": "1. Koristenje i namjena", "plan": "UPU Bilice sjever", "izvor": "UPU Bilice sjever (split.hr), vektorizirano iz PDF-a"}}, {"type": "Feature", "geometry": {"type": "LineString", "coordinates": [[16.4882189, 43.5247633], [16.4882187, 43.5256296]]}, "properties": {"tema": "namjena-poslovna", "opis": "K — gospodarska namjena, poslovna", "cad_sloj": "boja #ffbf7e", "list": "1. Koristenje i namjena", "plan": "UPU Bilice sjever", "izvor": "UPU Bilice sjever (split.hr), vektorizirano iz PDF-a"}}, {"type": "Feature", "geometry": {"type": "LineString", "coordinates": [[16.4882283, 43.5247701], [16.4882281, 43.5256249]]}, "properties": {"tema": "namjena-poslovna", "opis": "K — gospodarska namjena, poslovna", "cad_sloj": "boja #ffbf7e", "list": "1. Koristenje i namjena", "plan": "UPU Bilice sjever", "izvor": "UPU Bilice sjever (split.hr), vektorizirano iz PDF-a"}}, {"type": "Feature", "geometry": {"type": "LineString", "coordinates": [[16.4882375, 43.5247768], [16.4882373, 43.5256203]]}, "properties": {"tema": "namjena-poslovna", "opis": "K — gospodarska namjena, poslovna", "cad_sloj": "boja #ffbf7e", "list": "1. Koristenje i namjena", "plan": "UPU Bilice sjever", "izvor": "UPU Bilice sjever (split.hr), vektorizirano iz PDF-a"}}, {"type": "Feature", "geometry": {"type": "LineString", "coordinates": [[16.4882469, 43.5247837], [16.4882467, 43.5256157]]}, "properties": {"tema": "namjena-poslovna", "opis": "K — gospodarska namjena, poslovna", "cad_sloj": "boja #ffbf7e", "list": "1. Koristenje i namjena", "plan": "UPU Bilice sjever", "izvor": "UPU Bilice sjever (split.hr), vektorizirano iz PDF-a"}}, {"type": "Feature", "geometry": {"type": "LineString", "coordinates": [[16.4882561, 43.5247905], [16.4882559, 43.525611]]}, "properties": {"tema": "namjena-poslovna", "opis": "K — gospodarska namjena, poslovna", "cad_sloj": "boja #ffbf7e", "list": "1. Koristenje i namjena", "plan": "UPU Bilice sjever", "izvor": "UPU Bilice sjever (split.hr), vektorizirano iz PDF-a"}}, {"type": "Feature", "geometry": {"type": "LineString", "coordinates": [[16.4882655, 43.5247974], [16.4882653, 43.5256064]]}, "properties": {"tema": "namjena-poslovna", "opis": "K — gospodarska namjena, poslovna", "cad_sloj": "boja #ffbf7e", "list": "1. Koristenje i namjena", "plan": "UPU Bilice sjever", "izvor": "UPU Bilice sjever (split.hr), vektorizirano iz PDF-a"}}, {"type": "Feature", "geometry": {"type": "LineString", "coordinates": [[16.4882747, 43.5248041], [16.4882745, 43.5256018]]}, "properties": {"tema": "namjena-poslovna", "opis": "K — gospodarska namjena, poslovna", "cad_sloj": "boja #ffbf7e", "list": "1. Koristenje i namjena", "plan": "UPU Bilice sjever", "izvor": "UPU Bilice sjever (split.hr), vektorizirano iz PDF-a"}}, {"type": "Feature", "geometry": {"type": "LineString", "coordinates": [[16.4882838, 43.5248109], [16.4882837, 43.5255972]]}, "properties": {"tema": "namjena-poslovna", "opis": "K — gospodarska namjena, poslovna", "cad_sloj": "boja #ffbf7e", "list": "1. Koristenje i namjena", "plan": "UPU Bilice sjever", "izvor": "UPU Bilice sjever (split.hr), vektorizirano iz PDF-a"}}, {"type": "Feature", "geometry": {"type": "LineString", "coordinates": [[16.4882932, 43.5248178], [16.4882931, 43.5255925]]}, "properties": {"tema": "namjena-poslovna", "opis": "K — gospodarska namjena, poslovna", "cad_sloj": "boja #ffbf7e", "list": "1. Koristenje i namjena", "plan": "UPU Bilice sjever", "izvor": "UPU Bilice sjever (split.hr), vektorizirano iz PDF-a"}}, {"type": "Feature", "geometry": {"type": "LineString", "coordinates": [[16.4883024, 43.5248246], [16.4883023, 43.5255879]]}, "properties": {"tema": "namjena-poslovna", "opis": "K — gospodarska namjena, poslovna", "cad_sloj": "boja #ffbf7e", "list": "1. Koristenje i namjena", "plan": "UPU Bilice sjever", "izvor": "UPU Bilice sjever (split.hr), vektorizirano iz PDF-a"}}, {"type": "Feature", "geometry": {"type": "LineString", "coordinates": [[16.4883118, 43.5248315], [16.4883117, 43.5255833]]}, "properties": {"tema": "namjena-poslovna", "opis": "K — gospodarska namjena, poslovna", "cad_sloj": "boja #ffbf7e", "list": "1. Koristenje i namjena", "plan": "UPU Bilice sjever", "izvor": "UPU Bilice sjever (split.hr), vektorizirano iz PDF-a"}}, {"type": "Feature", "geometry": {"type": "LineString", "coordinates": [[16.488321, 43.5248382], [16.4883209, 43.5255788]]}, "properties": {"tema": "namjena-poslovna", "opis": "K — gospodarska namjena, poslovna", "cad_sloj": "boja #ffbf7e", "list": "1. Koristenje i namjena", "plan": "UPU Bilice sjever", "izvor": "UPU Bilice sjever (split.hr), vektorizirano iz PDF-a"}}, {"type": "Feature", "geometry": {"type": "LineString", "coordinates": [[16.4883304, 43.524845], [16.4883303, 43.525574]]}, "properties": {"tema": "namjena-poslovna", "opis": "K — gospodarska namjena, poslovna", "cad_sloj": "boja #ffbf7e", "list": "1. Koristenje i namjena", "plan": "UPU Bilice sjever", "izvor": "UPU Bilice sjever (split.hr), vektorizirano iz PDF-a"}}, {"type": "Feature", "geometry": {"type": "LineString", "coordinates": [[16.4883396, 43.5248519], [16.4883394, 43.5255694]]}, "properties": {"tema": "namjena-poslovna", "opis": "K — gospodarska namjena, poslovna", "cad_sloj": "boja #ffbf7e", "list": "1. Koristenje i namjena", "plan": "UPU Bilice sjever", "izvor": "UPU Bilice sjever (split.hr), vektorizirano iz PDF-a"}}, {"type": "Feature", "geometry": {"type": "LineString", "coordinates": [[16.4883487, 43.5248587], [16.4883486, 43.5255649]]}, "properties": {"tema": "namjena-poslovna", "opis": "K — gospodarska namjena, poslovna", "cad_sloj": "boja #ffbf7e", "list": "1. Koristenje i namjena", "plan": "UPU Bilice sjever", "izvor": "UPU Bilice sjever (split.hr), vektorizirano iz PDF-a"}}, {"type": "Feature", "geometry": {"type": "LineString", "coordinates": [[16.4883582, 43.5248656], [16.488358, 43.5255603]]}, "properties": {"tema": "namjena-poslovna", "opis": "K — gospodarska namjena, poslovna", "cad_sloj": "boja #ffbf7e", "list": "1. Koristenje i namjena", "plan": "UPU Bilice sjever", "izvor": "UPU Bilice sjever (split.hr), vektorizirano iz PDF-a"}}, {"type": "Feature", "geometry": {"type": "LineString", "coordinates": [[16.4883673, 43.5248723], [16.4883672, 43.5255555]]}, "properties": {"tema": "namjena-poslovna", "opis": "K — gospodarska namjena, poslovna", "cad_sloj": "boja #ffbf7e", "list": "1. Koristenje i namjena", "plan": "UPU Bilice sjever", "izvor": "UPU Bilice sjever (split.hr), vektorizirano iz PDF-a"}}, {"type": "Feature", "geometry": {"type": "LineString", "coordinates": [[16.4883768, 43.5248791], [16.4883766, 43.525551]]}, "properties": {"tema": "namjena-poslovna", "opis": "K — gospodarska namjena, poslovna", "cad_sloj": "boja #ffbf7e", "list": "1. Koristenje i namjena", "plan": "UPU Bilice sjever", "izvor": "UPU Bilice sjever (split.hr), vektorizirano iz PDF-a"}}, {"type": "Feature", "geometry": {"type": "LineString", "coordinates": [[16.4883859, 43.524886], [16.4883858, 43.5255464]]}, "properties": {"tema": "namjena-poslovna", "opis": "K — gospodarska namjena, poslovna", "cad_sloj": "boja #ffbf7e", "list": "1. Koristenje i namjena", "plan": "UPU Bilice sjever", "izvor": "UPU Bilice sjever (split.hr), vektorizirano iz PDF-a"}}, {"type": "Feature", "geometry": {"type": "LineString", "coordinates": [[16.4883954, 43.5248929], [16.4883952, 43.5255416]]}, "properties": {"tema": "namjena-poslovna", "opis": "K — gospodarska namjena, poslovna", "cad_sloj": "boja #ffbf7e", "list": "1. Koristenje i namjena", "plan": "UPU Bilice sjever", "izvor": "UPU Bilice sjever (split.hr), vektorizirano iz PDF-a"}}, {"type": "Feature", "geometry": {"type": "LineString", "coordinates": [[16.4884045, 43.5248997], [16.4884044, 43.5255371]]}, "properties": {"tema": "namjena-poslovna", "opis": "K — gospodarska namjena, poslovna", "cad_sloj": "boja #ffbf7e", "list": "1. Koristenje i namjena", "plan": "UPU Bilice sjever", "izvor": "UPU Bilice sjever (split.hr), vektorizirano iz PDF-a"}}, {"type": "Feature", "geometry": {"type": "LineString", "coordinates": [[16.4884139, 43.5249064], [16.4884138, 43.5255325]]}, "properties": {"tema": "namjena-poslovna", "opis": "K — gospodarska namjena, poslovna", "cad_sloj": "boja #ffbf7e", "list": "1. Koristenje i namjena", "plan": "UPU Bilice sjever", "izvor": "UPU Bilice sjever (split.hr), vektorizirano iz PDF-a"}}, {"type": "Feature", "geometry": {"type": "LineString", "coordinates": [[16.4884231, 43.5249132], [16.488423, 43.5255279]]}, "properties": {"tema": "namjena-poslovna", "opis": "K — gospodarska namjena, poslovna", "cad_sloj": "boja #ffbf7e", "list": "1. Koristenje i namjena", "plan": "UPU Bilice sjever", "izvor": "UPU Bilice sjever (split.hr), vektorizirano iz PDF-a"}}, {"type": "Feature", "geometry": {"type": "LineString", "coordinates": [[16.4884323, 43.5249201], [16.4884322, 43.5255231]]}, "properties": {"tema": "namjena-poslovna", "opis": "K — gospodarska namjena, poslovna", "cad_sloj": "boja #ffbf7e", "list": "1. Koristenje i namjena", "plan": "UPU Bilice sjever", "izvor": "UPU Bilice sjever (split.hr), vektorizirano iz PDF-a"}}, {"type": "Feature", "geometry": {"type": "LineString", "coordinates": [[16.4884417, 43.524927], [16.4884416, 43.5255186]]}, "properties": {"tema": "namjena-poslovna", "opis": "K — gospodarska namjena, poslovna", "cad_sloj": "boja #ffbf7e", "list": "1. Koristenje i namjena", "plan": "UPU Bilice sjever", "izvor": "UPU Bilice sjever (split.hr), vektorizirano iz PDF-a"}}, {"type": "Feature", "geometry": {"type": "LineString", "coordinates": [[16.4884509, 43.5249338], [16.4884507, 43.525514]]}, "properties": {"tema": "namjena-poslovna", "opis": "K — gospodarska namjena, poslovna", "cad_sloj": "boja #ffbf7e", "list": "1. Koristenje i namjena", "plan": "UPU Bilice sjever", "izvor": "UPU Bilice sjever (split.hr), vektorizirano iz PDF-a"}}, {"type": "Feature", "geometry": {"type": "LineString", "coordinates": [[16.4884603, 43.5249405], [16.4884602, 43.5255094]]}, "properties": {"tema": "namjena-poslovna", "opis": "K — gospodarska namjena, poslovna", "cad_sloj": "boja #ffbf7e", "list": "1. Koristenje i namjena", "plan": "UPU Bilice sjever", "izvor": "UPU Bilice sjever (split.hr), vektorizirano iz PDF-a"}}, {"type": "Feature", "geometry": {"type": "LineString", "coordinates": [[16.4884694, 43.5249474], [16.4884693, 43.5255047]]}, "properties": {"tema": "namjena-poslovna", "opis": "K — gospodarska namjena, poslovna", "cad_sloj": "boja #ffbf7e", "list": "1. Koristenje i namjena", "plan": "UPU Bilice sjever", "izvor": "UPU Bilice sjever (split.hr), vektorizirano iz PDF-a"}}, {"type": "Feature", "geometry": {"type": "LineString", "coordinates": [[16.4884789, 43.5249542], [16.4884788, 43.5255001]]}, "properties": {"tema": "namjena-poslovna", "opis": "K — gospodarska namjena, poslovna", "cad_sloj": "boja #ffbf7e", "list": "1. Koristenje i namjena", "plan": "UPU Bilice sjever", "izvor": "UPU Bilice sjever (split.hr), vektorizirano iz PDF-a"}}, {"type": "Feature", "geometry": {"type": "LineString", "coordinates": [[16.488488, 43.5249611], [16.4884879, 43.5254955]]}, "properties": {"tema": "namjena-poslovna", "opis": "K — gospodarska namjena, poslovna", "cad_sloj": "boja #ffbf7e", "list": "1. Koristenje i namjena", "plan": "UPU Bilice sjever", "izvor": "UPU Bilice sjever (split.hr), vektorizirano iz PDF-a"}}, {"type": "Feature", "geometry": {"type": "LineString", "coordinates": [[16.4884972, 43.5249679], [16.4884971, 43.525491]]}, "properties": {"tema": "namjena-poslovna", "opis": "K — gospodarska namjena, poslovna", "cad_sloj": "boja #ffbf7e", "list": "1. Koristenje i namjena", "plan": "UPU Bilice sjever", "izvor": "UPU Bilice sjever (split.hr), vektorizirano iz PDF-a"}}, {"type": "Feature", "geometry": {"type": "LineString", "coordinates": [[16.4885066, 43.5249746], [16.4885065, 43.5254862]]}, "properties": {"tema": "namjena-poslovna", "opis": "K — gospodarska namjena, poslovna", "cad_sloj": "boja #ffbf7e", "list": "1. Koristenje i namjena", "plan": "UPU Bilice sjever", "izvor": "UPU Bilice sjever (split.hr), vektorizirano iz PDF-a"}}, {"type": "Feature", "geometry": {"type": "LineString", "coordinates": [[16.4885158, 43.5249815], [16.4885157, 43.5254816]]}, "properties": {"tema": "namjena-poslovna", "opis": "K — gospodarska namjena, poslovna", "cad_sloj": "boja #ffbf7e", "list": "1. Koristenje i namjena", "plan": "UPU Bilice sjever", "izvor": "UPU Bilice sjever (split.hr), vektorizirano iz PDF-a"}}, {"type": "Feature", "geometry": {"type": "LineString", "coordinates": [[16.4885252, 43.5249883], [16.4885251, 43.5254772]]}, "properties": {"tema": "namjena-poslovna", "opis": "K — gospodarska namjena, poslovna", "cad_sloj": "boja #ffbf7e", "list": "1. Koristenje i namjena", "plan": "UPU Bilice sjever", "izvor": "UPU Bilice sjever (split.hr), vektorizirano iz PDF-a"}}, {"type": "Feature", "geometry": {"type": "LineString", "coordinates": [[16.4885344, 43.5249952], [16.4885343, 43.525473]]}, "properties": {"tema": "namjena-poslovna", "opis": "K — gospodarska namjena, poslovna", "cad_sloj": "boja #ffbf7e", "list": "1. Koristenje i namjena", "plan": "UPU Bilice sjever", "izvor": "UPU Bilice sjever (split.hr), vektorizirano iz PDF-a"}}, {"type": "Feature", "geometry": {"type": "LineString", "coordinates": [[16.4885438, 43.525002], [16.4885437, 43.5254689]]}, "properties": {"tema": "namjena-poslovna", "opis": "K — gospodarska namjena, poslovna", "cad_sloj": "boja #ffbf7e", "list": "1. Koristenje i namjena", "plan": "UPU Bilice sjever", "izvor": "UPU Bilice sjever (split.hr), vektorizirano iz PDF-a"}}, {"type": "Feature", "geometry": {"type": "LineString", "coordinates": [[16.488553, 43.5250087], [16.4885529, 43.525465]]}, "properties": {"tema": "namjena-poslovna", "opis": "K — gospodarska namjena, poslovna", "cad_sloj": "boja #ffbf7e", "list": "1. Koristenje i namjena", "plan": "UPU Bilice sjever", "izvor": "UPU Bilice sjever (split.hr), vektorizirano iz PDF-a"}}, {"type": "Feature", "geometry": {"type": "LineString", "coordinates": [[16.4885621, 43.5250156], [16.488562, 43.5254612]]}, "properties": {"tema": "namjena-poslovna", "opis": "K — gospodarska namjena, poslovna", "cad_sloj": "boja #ffbf7e", "list": "1. Koristenje i namjena", "plan": "UPU Bilice sjever", "izvor": "UPU Bilice sjever (split.hr), vektorizirano iz PDF-a"}}, {"type": "Feature", "geometry": {"type": "LineString", "coordinates": [[16.4885716, 43.5250224], [16.4885715, 43.5254576]]}, "properties": {"tema": "namjena-poslovna", "opis": "K — gospodarska namjena, poslovna", "cad_sloj": "boja #ffbf7e", "list": "1. Koristenje i namjena", "plan": "UPU Bilice sjever", "izvor": "UPU Bilice sjever (split.hr), vektorizirano iz PDF-a"}}, {"type": "Feature", "geometry": {"type": "LineString", "coordinates": [[16.4885807, 43.5250293], [16.4885806, 43.525454]]}, "properties": {"tema": "namjena-poslovna", "opis": "K — gospodarska namjena, poslovna", "cad_sloj": "boja #ffbf7e", "list": "1. Koristenje i namjena", "plan": "UPU Bilice sjever", "izvor": "UPU Bilice sjever (split.hr), vektorizirano iz PDF-a"}}, {"type": "Feature", "geometry": {"type": "LineString", "coordinates": [[16.4885901, 43.525036], [16.4885901, 43.5254508]]}, "properties": {"tema": "namjena-poslovna", "opis": "K — gospodarska namjena, poslovna", "cad_sloj": "boja #ffbf7e", "list": "1. Koristenje i namjena", "plan": "UPU Bilice sjever", "izvor": "UPU Bilice sjever (split.hr), vektorizirano iz PDF-a"}}, {"type": "Feature", "geometry": {"type": "LineString", "coordinates": [[16.4885993, 43.5250428], [16.4885992, 43.5254475]]}, "properties": {"tema": "namjena-poslovna", "opis": "K — gospodarska namjena, poslovna", "cad_sloj": "boja #ffbf7e", "list": "1. Koristenje i namjena", "plan": "UPU Bilice sjever", "izvor": "UPU Bilice sjever (split.hr), vektorizirano iz PDF-a"}}, {"type": "Feature", "geometry": {"type": "LineString", "coordinates": [[16.4886087, 43.5250497], [16.4886087, 43.5254445]]}, "properties": {"tema": "namjena-poslovna", "opis": "K — gospodarska namjena, poslovna", "cad_sloj": "boja #ffbf7e", "list": "1. Koristenje i namjena", "plan": "UPU Bilice sjever", "izvor": "UPU Bilice sjever (split.hr), vektorizirano iz PDF-a"}}, {"type": "Feature", "geometry": {"type": "LineString", "coordinates": [[16.4886179, 43.5250566], [16.4886178, 43.5254414]]}, "properties": {"tema": "namjena-poslovna", "opis": "K — gospodarska namjena, poslovna", "cad_sloj": "boja #ffbf7e", "list": "1. Koristenje i namjena", "plan": "UPU Bilice sjever", "izvor": "UPU Bilice sjever (split.hr), vektorizirano iz PDF-a"}}, {"type": "Feature", "geometry": {"type": "LineString", "coordinates": [[16.4886271, 43.5250634], [16.488627, 43.5254386]]}, "properties": {"tema": "namjena-poslovna", "opis": "K — gospodarska namjena, poslovna", "cad_sloj": "boja #ffbf7e", "list": "1. Koristenje i namjena", "plan": "UPU Bilice sjever", "izvor": "UPU Bilice sjever (split.hr), vektorizirano iz PDF-a"}}, {"type": "Feature", "geometry": {"type": "LineString", "coordinates": [[16.4886365, 43.5250701], [16.4886364, 43.5254359]]}, "properties": {"tema": "namjena-poslovna", "opis": "K — gospodarska namjena, poslovna", "cad_sloj": "boja #ffbf7e", "list": "1. Koristenje i namjena", "plan": "UPU Bilice sjever", "izvor": "UPU Bilice sjever (split.hr), vektorizirano iz PDF-a"}}, {"type": "Feature", "geometry": {"type": "LineString", "coordinates": [[16.4886456, 43.5250769], [16.4886456, 43.5254334]]}, "properties": {"tema": "namjena-poslovna", "opis": "K — gospodarska namjena, poslovna", "cad_sloj": "boja #ffbf7e", "list": "1. Koristenje i namjena", "plan": "UPU Bilice sjever", "izvor": "UPU Bilice sjever (split.hr), vektorizirano iz PDF-a"}}, {"type": "Feature", "geometry": {"type": "LineString", "coordinates": [[16.4886551, 43.5251017], [16.488655, 43.525431]]}, "properties": {"tema": "namjena-poslovna", "opis": "K — gospodarska namjena, poslovna", "cad_sloj": "boja #ffbf7e", "list": "1. Koristenje i namjena", "plan": "UPU Bilice sjever", "izvor": "UPU Bilice sjever (split.hr), vektorizirano iz PDF-a"}}, {"type": "Feature", "geometry": {"type": "LineString", "coordinates": [[16.4886642, 43.5251909], [16.4886642, 43.5254285]]}, "properties": {"tema": "namjena-poslovna", "opis": "K — gospodarska namjena, poslovna", "cad_sloj": "boja #ffbf7e", "list": "1. Koristenje i namjena", "plan": "UPU Bilice sjever", "izvor": "UPU Bilice sjever (split.hr), vektorizirano iz PDF-a"}}, {"type": "Feature", "geometry": {"type": "LineString", "coordinates": [[16.4886736, 43.5252115], [16.4886736, 43.5254264]]}, "properties": {"tema": "namjena-poslovna", "opis": "K — gospodarska namjena, poslovna", "cad_sloj": "boja #ffbf7e", "list": "1. Koristenje i namjena", "plan": "UPU Bilice sjever", "izvor": "UPU Bilice sjever (split.hr), vektorizirano iz PDF-a"}}, {"type": "Feature", "geometry": {"type": "LineString", "coordinates": [[16.4886828, 43.5252183], [16.4886828, 43.5254243]]}, "properties": {"tema": "namjena-poslovna", "opis": "K — gospodarska namjena, poslovna", "cad_sloj": "boja #ffbf7e", "list": "1. Koristenje i namjena", "plan": "UPU Bilice sjever", "izvor": "UPU Bilice sjever (split.hr), vektorizirano iz PDF-a"}}, {"type": "Feature", "geometry": {"type": "LineString", "coordinates": [[16.4886922, 43.5252252], [16.4886922, 43.5254222]]}, "properties": {"tema": "namjena-poslovna", "opis": "K — gospodarska namjena, poslovna", "cad_sloj": "boja #ffbf7e", "list": "1. Koristenje i namjena", "plan": "UPU Bilice sjever", "izvor": "UPU Bilice sjever (split.hr), vektorizirano iz PDF-a"}}, {"type": "Feature", "geometry": {"type": "LineString", "coordinates": [[16.4887014, 43.525232], [16.4887014, 43.5254203]]}, "properties": {"tema": "namjena-poslovna", "opis": "K — gospodarska namjena, poslovna", "cad_sloj": "boja #ffbf7e", "list": "1. Koristenje i namjena", "plan": "UPU Bilice sjever", "izvor": "UPU Bilice sjever (split.hr), vektorizirano iz PDF-a"}}, {"type": "Feature", "geometry": {"type": "LineString", "coordinates": [[16.4887106, 43.5252389], [16.4887105, 43.5254186]]}, "properties": {"tema": "namjena-poslovna", "opis": "K — gospodarska namjena, poslovna", "cad_sloj": "boja #ffbf7e", "list": "1. Koristenje i namjena", "plan": "UPU Bilice sjever", "izvor": "UPU Bilice sjever (split.hr), vektorizirano iz PDF-a"}}, {"type": "Feature", "geometry": {"type": "LineString", "coordinates": [[16.48872, 43.5252456], [16.4887199, 43.5254169]]}, "properties": {"tema": "namjena-poslovna", "opis": "K — gospodarska namjena, poslovna", "cad_sloj": "boja #ffbf7e", "list": "1. Koristenje i namjena", "plan": "UPU Bilice sjever", "izvor": "UPU Bilice sjever (split.hr), vektorizirano iz PDF-a"}}, {"type": "Feature", "geometry": {"type": "LineString", "coordinates": [[16.4887291, 43.5252524], [16.4887291, 43.5254153]]}, "properties": {"tema": "namjena-poslovna", "opis": "K — gospodarska namjena, poslovna", "cad_sloj": "boja #ffbf7e", "list": "1. Koristenje i namjena", "plan": "UPU Bilice sjever", "izvor": "UPU Bilice sjever (split.hr), vektorizirano iz PDF-a"}}, {"type": "Feature", "geometry": {"type": "LineString", "coordinates": [[16.4887386, 43.5252593], [16.4887385, 43.525414]]}, "properties": {"tema": "namjena-poslovna", "opis": "K — gospodarska namjena, poslovna", "cad_sloj": "boja #ffbf7e", "list": "1. Koristenje i namjena", "plan": "UPU Bilice sjever", "izvor": "UPU Bilice sjever (split.hr), vektorizirano iz PDF-a"}}, {"type": "Feature", "geometry": {"type": "LineString", "coordinates": [[16.4887477, 43.5252662], [16.4887477, 43.5254127]]}, "properties": {"tema": "namjena-poslovna", "opis": "K — gospodarska namjena, poslovna", "cad_sloj": "boja #ffbf7e", "list": "1. Koristenje i namjena", "plan": "UPU Bilice sjever", "izvor": "UPU Bilice sjever (split.hr), vektorizirano iz PDF-a"}}, {"type": "Feature", "geometry": {"type": "LineString", "coordinates": [[16.4887572, 43.525273], [16.4887571, 43.5254113]]}, "properties": {"tema": "namjena-poslovna", "opis": "K — gospodarska namjena, poslovna", "cad_sloj": "boja #ffbf7e", "list": "1. Koristenje i namjena", "plan": "UPU Bilice sjever", "izvor": "UPU Bilice sjever (split.hr), vektorizirano iz PDF-a"}}, {"type": "Feature", "geometry": {"type": "LineString", "coordinates": [[16.4887663, 43.5252797], [16.4887663, 43.5254102]]}, "properties": {"tema": "namjena-poslovna", "opis": "K — gospodarska namjena, poslovna", "cad_sloj": "boja #ffbf7e", "list": "1. Koristenje i namjena", "plan": "UPU Bilice sjever", "izvor": "UPU Bilice sjever (split.hr), vektorizirano iz PDF-a"}}, {"type": "Feature", "geometry": {"type": "LineString", "coordinates": [[16.4887755, 43.5252867], [16.4887755, 43.5254092]]}, "properties": {"tema": "namjena-poslovna", "opis": "K — gospodarska namjena, poslovna", "cad_sloj": "boja #ffbf7e", "list": "1. Koristenje i namjena", "plan": "UPU Bilice sjever", "izvor": "UPU Bilice sjever (split.hr), vektorizirano iz PDF-a"}}, {"type": "Feature", "geometry": {"type": "LineString", "coordinates": [[16.4887849, 43.5252938], [16.4887849, 43.5254083]]}, "properties": {"tema": "namjena-poslovna", "opis": "K — gospodarska namjena, poslovna", "cad_sloj": "boja #ffbf7e", "list": "1. Koristenje i namjena", "plan": "UPU Bilice sjever", "izvor": "UPU Bilice sjever (split.hr), vektorizirano iz PDF-a"}}, {"type": "Feature", "geometry": {"type": "LineString", "coordinates": [[16.4887941, 43.525301], [16.4887941, 43.5254073]]}, "properties": {"tema": "namjena-poslovna", "opis": "K — gospodarska namjena, poslovna", "cad_sloj": "boja #ffbf7e", "list": "1. Koristenje i namjena", "plan": "UPU Bilice sjever", "izvor": "UPU Bilice sjever (split.hr), vektorizirano iz PDF-a"}}, {"type": "Feature", "geometry": {"type": "LineString", "coordinates": [[16.4888035, 43.5253081], [16.4888035, 43.5254068]]}, "properties": {"tema": "namjena-poslovna", "opis": "K — gospodarska namjena, poslovna", "cad_sloj": "boja #ffbf7e", "list": "1. Koristenje i namjena", "plan": "UPU Bilice sjever", "izvor": "UPU Bilice sjever (split.hr), vektorizirano iz PDF-a"}}, {"type": "Feature", "geometry": {"type": "LineString", "coordinates": [[16.4888127, 43.5253151], [16.4888126, 43.525406]]}, "properties": {"tema": "namjena-poslovna", "opis": "K — gospodarska namjena, poslovna", "cad_sloj": "boja #ffbf7e", "list": "1. Koristenje i namjena", "plan": "UPU Bilice sjever", "izvor": "UPU Bilice sjever (split.hr), vektorizirano iz PDF-a"}}, {"type": "Feature", "geometry": {"type": "LineString", "coordinates": [[16.4888221, 43.5253224], [16.4888221, 43.5254056]]}, "properties": {"tema": "namjena-poslovna", "opis": "K — gospodarska namjena, poslovna", "cad_sloj": "boja #ffbf7e", "list": "1. Koristenje i namjena", "plan": "UPU Bilice sjever", "izvor": "UPU Bilice sjever (split.hr), vektorizirano iz PDF-a"}}, {"type": "Feature", "geometry": {"type": "LineString", "coordinates": [[16.4888312, 43.5253294], [16.4888312, 43.5254051]]}, "properties": {"tema": "namjena-poslovna", "opis": "K — gospodarska namjena, poslovna", "cad_sloj": "boja #ffbf7e", "list": "1. Koristenje i namjena", "plan": "UPU Bilice sjever", "izvor": "UPU Bilice sjever (split.hr), vektorizirano iz PDF-a"}}, {"type": "Feature", "geometry": {"type": "LineString", "coordinates": [[16.4888404, 43.5253367], [16.4888404, 43.5254049]]}, "properties": {"tema": "namjena-poslovna", "opis": "K — gospodarska namjena, poslovna", "cad_sloj": "boja #ffbf7e", "list": "1. Koristenje i namjena", "plan": "UPU Bilice sjever", "izvor": "UPU Bilice sjever (split.hr), vektorizirano iz PDF-a"}}, {"type": "Feature", "geometry": {"type": "LineString", "coordinates": [[16.4888498, 43.5253437], [16.4888498, 43.5254047]]}, "properties": {"tema": "namjena-poslovna", "opis": "K — gospodarska namjena, poslovna", "cad_sloj": "boja #ffbf7e", "list": "1. Koristenje i namjena", "plan": "UPU Bilice sjever", "izvor": "UPU Bilice sjever (split.hr), vektorizirano iz PDF-a"}}, {"type": "Feature", "geometry": {"type": "LineString", "coordinates": [[16.488859, 43.5253508], [16.488859, 43.5254045]]}, "properties": {"tema": "namjena-poslovna", "opis": "K — gospodarska namjena, poslovna", "cad_sloj": "boja #ffbf7e", "list": "1. Koristenje i namjena", "plan": "UPU Bilice sjever", "izvor": "UPU Bilice sjever (split.hr), vektorizirano iz PDF-a"}}, {"type": "Feature", "geometry": {"type": "LineString", "coordinates": [[16.4888684, 43.525358], [16.4888684, 43.5254045]]}, "properties": {"tema": "namjena-poslovna", "opis": "K — gospodarska namjena, poslovna", "cad_sloj": "boja #ffbf7e", "list": "1. Koristenje i namjena", "plan": "UPU Bilice sjever", "izvor": "UPU Bilice sjever (split.hr), vektorizirano iz PDF-a"}}, {"type": "Feature", "geometry": {"type": "LineString", "coordinates": [[16.4888776, 43.5253651], [16.4888776, 43.5254045]]}, "properties": {"tema": "namjena-poslovna", "opis": "K — gospodarska namjena, poslovna", "cad_sloj": "boja #ffbf7e", "list": "1. Koristenje i namjena", "plan": "UPU Bilice sjever", "izvor": "UPU Bilice sjever (split.hr), vektorizirano iz PDF-a"}}, {"type": "Feature", "geometry": {"type": "LineString", "coordinates": [[16.488887, 43.5253721], [16.488887, 43.5254047]]}, "properties": {"tema": "namjena-poslovna", "opis": "K — gospodarska namjena, poslovna", "cad_sloj": "boja #ffbf7e", "list": "1. Koristenje i namjena", "plan": "UPU Bilice sjever", "izvor": "UPU Bilice sjever (split.hr), vektorizirano iz PDF-a"}}, {"type": "Feature", "geometry": {"type": "LineString", "coordinates": [[16.4888962, 43.5253793], [16.4888962, 43.5254051]]}, "properties": {"tema": "namjena-poslovna", "opis": "K — gospodarska namjena, poslovna", "cad_sloj": "boja #ffbf7e", "list": "1. Koristenje i namjena", "plan": "UPU Bilice sjever", "izvor": "UPU Bilice sjever (split.hr), vektorizirano iz PDF-a"}}, {"type": "Feature", "geometry": {"type": "LineString", "coordinates": [[16.4889053, 43.5253864], [16.4889053, 43.5254053]]}, "properties": {"tema": "namjena-poslovna", "opis": "K — gospodarska namjena, poslovna", "cad_sloj": "boja #ffbf7e", "list": "1. Koristenje i namjena", "plan": "UPU Bilice sjever", "izvor": "UPU Bilice sjever (split.hr), vektorizirano iz PDF-a"}}, {"type": "Feature", "geometry": {"type": "LineString", "coordinates": [[16.4889148, 43.5253936], [16.4889148, 43.5254058]]}, "properties": {"tema": "namjena-poslovna", "opis": "K — gospodarska namjena, poslovna", "cad_sloj": "boja #ffbf7e", "list": "1. Koristenje i namjena", "plan": "UPU Bilice sjever", "izvor": "UPU Bilice sjever (split.hr), vektorizirano iz PDF-a"}}, {"type": "Feature", "geometry": {"type": "LineString", "coordinates": [[16.4889239, 43.5254007], [16.4889239, 43.5254064]]}, "properties": {"tema": "namjena-poslovna", "opis": "K — gospodarska namjena, poslovna", "cad_sloj": "boja #ffbf7e", "list": "1. Koristenje i namjena", "plan": "UPU Bilice sjever", "izvor": "UPU Bilice sjever (split.hr), vektorizirano iz PDF-a"}}, {"type": "Feature", "geometry": {"type": "LineString", "coordinates": [[16.4831621, 43.5263681], [16.4831621, 43.5264003]]}, "properties": {"tema": "namjena-poslovna", "opis": "K — gospodarska namjena, poslovna", "cad_sloj": "boja #ffbf7e", "list": "1. Koristenje i namjena", "plan": "UPU Bilice sjever", "izvor": "UPU Bilice sjever (split.hr), vektorizirano iz PDF-a"}}, {"type": "Feature", "geometry": {"type": "LineString", "coordinates": [[16.4831713, 43.5263622], [16.4831713, 43.5264134]]}, "properties": {"tema": "namjena-poslovna", "opis": "K — gospodarska namjena, poslovna", "cad_sloj": "boja #ffbf7e", "list": "1. Koristenje i namjena", "plan": "UPU Bilice sjever", "izvor": "UPU Bilice sjever (split.hr), vektorizirano iz PDF-a"}}, {"type": "Feature", "geometry": {"type": "LineString", "coordinates": [[16.4831805, 43.5263563], [16.4831805, 43.5264231]]}, "properties": {"tema": "namjena-poslovna", "opis": "K — gospodarska namjena, poslovna", "cad_sloj": "boja #ffbf7e", "list": "1. Koristenje i namjena", "plan": "UPU Bilice sjever", "izvor": "UPU Bilice sjever (split.hr), vektorizirano iz PDF-a"}}, {"type": "Feature", "geometry": {"type": "LineString", "coordinates": [[16.4831899, 43.5263506], [16.4831899, 43.5264329]]}, "properties": {"tema": "namjena-poslovna", "opis": "K — gospodarska namjena, poslovna", "cad_sloj": "boja #ffbf7e", "list": "1. Koristenje i namjena", "plan": "UPU Bilice sjever", "izvor": "UPU Bilice sjever (split.hr), vektorizirano iz PDF-a"}}, {"type": "Feature", "geometry": {"type": "LineString", "coordinates": [[16.4831991, 43.5263446], [16.483199, 43.5264424]]}, "properties": {"tema": "namjena-poslovna", "opis": "K — gospodarska namjena, poslovna", "cad_sloj": "boja #ffbf7e", "list": "1. Koristenje i namjena", "plan": "UPU Bilice sjever", "izvor": "UPU Bilice sjever (split.hr), vektorizirano iz PDF-a"}}, {"type": "Feature", "geometry": {"type": "LineString", "coordinates": [[16.4832085, 43.5263389], [16.4832085, 43.5264519]]}, "properties": {"tema": "namjena-poslovna", "opis": "K — gospodarska namjena, poslovna", "cad_sloj": "boja #ffbf7e", "list": "1. Koristenje i namjena", "plan": "UPU Bilice sjever", "izvor": "UPU Bilice sjever (split.hr), vektorizirano iz PDF-a"}}, {"type": "Feature", "geometry": {"type": "LineString", "coordinates": [[16.4832177, 43.526333], [16.4832176, 43.5264614]]}, "properties": {"tema": "namjena-poslovna", "opis": "K — gospodarska namjena, poslovna", "cad_sloj": "boja #ffbf7e", "list": "1. Koristenje i namjena", "plan": "UPU Bilice sjever", "izvor": "UPU Bilice sjever (split.hr), vektorizirano iz PDF-a"}}, {"type": "Feature", "geometry": {"type": "LineString", "coordinates": [[16.4832271, 43.5263271], [16.4832271, 43.526471]]}, "properties": {"tema": "namjena-poslovna", "opis": "K — gospodarska namjena, poslovna", "cad_sloj": "boja #ffbf7e", "list": "1. Koristenje i namjena", "plan": "UPU Bilice sjever", "izvor": "UPU Bilice sjever (split.hr), vektorizirano iz PDF-a"}}, {"type": "Feature", "geometry": {"type": "LineString", "coordinates": [[16.4832363, 43.5263214], [16.4832362, 43.5264805]]}, "properties": {"tema": "namjena-poslovna", "opis": "K — gospodarska namjena, poslovna", "cad_sloj": "boja #ffbf7e", "list": "1. Koristenje i namjena", "plan": "UPU Bilice sjever", "izvor": "UPU Bilice sjever (split.hr), vektorizirano iz PDF-a"}}, {"type": "Feature", "geometry": {"type": "LineString", "coordinates": [[16.4832454, 43.5263155], [16.4832454, 43.5264902]]}, "properties": {"tema": "namjena-poslovna", "opis": "K — gospodarska namjena, poslovna", "cad_sloj": "boja #ffbf7e", "list": "1. Koristenje i namjena", "plan": "UPU Bilice sjever", "izvor": "UPU Bilice sjever (split.hr), vektorizirano iz PDF-a"}}, {"type": "Feature", "geometry": {"type": "LineString", "coordinates": [[16.4832549, 43.5263098], [16.4832548, 43.5264998]]}, "properties": {"tema": "namjena-poslovna", "opis": "K — gospodarska namjena, poslovna", "cad_sloj": "boja #ffbf7e", "list": "1. Koristenje i namjena", "plan": "UPU Bilice sjever", "izvor": "UPU Bilice sjever (split.hr), vektorizirano iz PDF-a"}}, {"type": "Feature", "geometry": {"type": "LineString", "coordinates": [[16.483264, 43.5263039], [16.483264, 43.5265095]]}, "properties": {"tema": "namjena-poslovna", "opis": "K — gospodarska namjena, poslovna", "cad_sloj": "boja #ffbf7e", "list": "1. Koristenje i namjena", "plan": "UPU Bilice sjever", "izvor": "UPU Bilice sjever (split.hr), vektorizirano iz PDF-a"}}, {"type": "Feature", "geometry": {"type": "LineString", "coordinates": [[16.4832735, 43.526298], [16.4832734, 43.5265194]]}, "properties": {"tema": "namjena-poslovna", "opis": "K — gospodarska namjena, poslovna", "cad_sloj": "boja #ffbf7e", "list": "1. Koristenje i namjena", "plan": "UPU Bilice sjever", "izvor": "UPU Bilice sjever (split.hr), vektorizirano iz PDF-a"}}, {"type": "Feature", "geometry": {"type": "LineString", "coordinates": [[16.4832826, 43.5262923], [16.4832826, 43.5265291]]}, "properties": {"tema": "namjena-poslovna", "opis": "K — gospodarska namjena, poslovna", "cad_sloj": "boja #ffbf7e", "list": "1. Koristenje i namjena", "plan": "UPU Bilice sjever", "izvor": "UPU Bilice sjever (split.hr), vektorizirano iz PDF-a"}}, {"type": "Feature", "geometry": {"type": "LineString", "coordinates": [[16.483292, 43.5262864], [16.483292, 43.5265388]]}, "properties": {"tema": "namjena-poslovna", "opis": "K — gospodarska namjena, poslovna", "cad_sloj": "boja #ffbf7e", "list": "1. Koristenje i namjena", "plan": "UPU Bilice sjever", "izvor": "UPU Bilice sjever (split.hr), vektorizirano iz PDF-a"}}, {"type": "Feature", "geometry": {"type": "LineString", "coordinates": [[16.4833012, 43.5262806], [16.4833011, 43.5265485]]}, "properties": {"tema": "namjena-poslovna", "opis": "K — gospodarska namjena, poslovna", "cad_sloj": "boja #ffbf7e", "list": "1. Koristenje i namjena", "plan": "UPU Bilice sjever", "izvor": "UPU Bilice sjever (split.hr), vektorizirano iz PDF-a"}}, {"type": "Feature", "geometry": {"type": "LineString", "coordinates": [[16.4833104, 43.5262747], [16.4833103, 43.5265583]]}, "properties": {"tema": "namjena-poslovna", "opis": "K — gospodarska namjena, poslovna", "cad_sloj": "boja #ffbf7e", "list": "1. Koristenje i namjena", "plan": "UPU Bilice sjever", "izvor": "UPU Bilice sjever (split.hr), vektorizirano iz PDF-a"}}, {"type": "Feature", "geometry": {"type": "LineString", "coordinates": [[16.4833198, 43.5262688], [16.4833197, 43.526568]]}, "properties": {"tema": "namjena-poslovna", "opis": "K — gospodarska namjena, poslovna", "cad_sloj": "boja #ffbf7e", "list": "1. Koristenje i namjena", "plan": "UPU Bilice sjever", "izvor": "UPU Bilice sjever (split.hr), vektorizirano iz PDF-a"}}, {"type": "Feature", "geometry": {"type": "LineString", "coordinates": [[16.483329, 43.5262631], [16.4833289, 43.5265777]]}, "properties": {"tema": "namjena-poslovna", "opis": "K — gospodarska namjena, poslovna", "cad_sloj": "boja #ffbf7e", "list": "1. Koristenje i namjena", "plan": "UPU Bilice sjever", "izvor": "UPU Bilice sjever (split.hr), vektorizirano iz PDF-a"}}, {"type": "Feature", "geometry": {"type": "LineString", "coordinates": [[16.4833384, 43.5262572], [16.4833383, 43.5265874]]}, "properties": {"tema": "namjena-poslovna", "opis": "K — gospodarska namjena, poslovna", "cad_sloj": "boja #ffbf7e", "list": "1. Koristenje i namjena", "plan": "UPU Bilice sjever", "izvor": "UPU Bilice sjever (split.hr), vektorizirano iz PDF-a"}}, {"type": "Feature", "geometry": {"type": "LineString", "coordinates": [[16.4833476, 43.5262515], [16.4833475, 43.5265971]]}, "properties": {"tema": "namjena-poslovna", "opis": "K — gospodarska namjena, poslovna", "cad_sloj": "boja #ffbf7e", "list": "1. Koristenje i namjena", "plan": "UPU Bilice sjever", "izvor": "UPU Bilice sjever (split.hr), vektorizirano iz PDF-a"}}, {"type": "Feature", "geometry": {"type": "LineString", "coordinates": [[16.483357, 43.5262456], [16.4833569, 43.5266068]]}, "properties": {"tema": "namjena-poslovna", "opis": "K — gospodarska namjena, poslovna", "cad_sloj": "boja #ffbf7e", "list": "1. Koristenje i namjena", "plan": "UPU Bilice sjever", "izvor": "UPU Bilice sjever (split.hr), vektorizirano iz PDF-a"}}, {"type": "Feature", "geometry": {"type": "LineString", "coordinates": [[16.4833662, 43.5262397], [16.4833661, 43.5266168]]}, "properties": {"tema": "namjena-poslovna", "opis": "K — gospodarska namjena, poslovna", "cad_sloj": "boja #ffbf7e", "list": "1. Koristenje i namjena", "plan": "UPU Bilice sjever", "izvor": "UPU Bilice sjever (split.hr), vektorizirano iz PDF-a"}}, {"type": "Feature", "geometry": {"type": "LineString", "coordinates": [[16.4833756, 43.526234], [16.4833755, 43.5266265]]}, "properties": {"tema": "namjena-poslovna", "opis": "K — gospodarska namjena, poslovna", "cad_sloj": "boja #ffbf7e", "list": "1. Koristenje i namjena", "plan": "UPU Bilice sjever", "izvor": "UPU Bilice sjever (split.hr), vektorizirano iz PDF-a"}}, {"type": "Feature", "geometry": {"type": "LineString", "coordinates": [[16.4833848, 43.5262281], [16.4833846, 43.5266362]]}, "properties": {"tema": "namjena-poslovna", "opis": "K — gospodarska namjena, poslovna", "cad_sloj": "boja #ffbf7e", "list": "1. Koristenje i namjena", "plan": "UPU Bilice sjever", "izvor": "UPU Bilice sjever (split.hr), vektorizirano iz PDF-a"}}, {"type": "Feature", "geometry": {"type": "LineString", "coordinates": [[16.4833939, 43.5262224], [16.4833938, 43.5266459]]}, "properties": {"tema": "namjena-poslovna", "opis": "K — gospodarska namjena, poslovna", "cad_sloj": "boja #ffbf7e", "list": "1. Koristenje i namjena", "plan": "UPU Bilice sjever", "izvor": "UPU Bilice sjever (split.hr), vektorizirano iz PDF-a"}}, {"type": "Feature", "geometry": {"type": "LineString", "coordinates": [[16.4834034, 43.5262165], [16.4834032, 43.5266556]]}, "properties": {"tema": "namjena-poslovna", "opis": "K — gospodarska namjena, poslovna", "cad_sloj": "boja #ffbf7e", "list": "1. Koristenje i namjena", "plan": "UPU Bilice sjever", "izvor": "UPU Bilice sjever (split.hr), vektorizirano iz PDF-a"}}, {"type": "Feature", "geometry": {"type": "LineString", "coordinates": [[16.4834125, 43.5262105], [16.4834124, 43.5266653]]}, "properties": {"tema": "namjena-poslovna", "opis": "K — gospodarska namjena, poslovna", "cad_sloj": "boja #ffbf7e", "list": "1. Koristenje i namjena", "plan": "UPU Bilice sjever", "izvor": "UPU Bilice sjever (split.hr), vektorizirano iz PDF-a"}}, {"type": "Feature", "geometry": {"type": "LineString", "coordinates": [[16.4834219, 43.5262048], [16.4834218, 43.5266751]]}, "properties": {"tema": "namjena-poslovna", "opis": "K — gospodarska namjena, poslovna", "cad_sloj": "boja #ffbf7e", "list": "1. Koristenje i namjena", "plan": "UPU Bilice sjever", "izvor": "UPU Bilice sjever (split.hr), vektorizirano iz PDF-a"}}, {"type": "Feature", "geometry": {"type": "LineString", "coordinates": [[16.4834311, 43.5261989], [16.483431, 43.5266848]]}, "properties": {"tema": "namjena-poslovna", "opis": "K — gospodarska namjena, poslovna", "cad_sloj": "boja #ffbf7e", "list": "1. Koristenje i namjena", "plan": "UPU Bilice sjever", "izvor": "UPU Bilice sjever (split.hr), vektorizirano iz PDF-a"}}, {"type": "Feature", "geometry": {"type": "LineString", "coordinates": [[16.4834405, 43.5261932], [16.4834404, 43.5266945]]}, "properties": {"tema": "namjena-poslovna", "opis": "K — gospodarska namjena, poslovna", "cad_sloj": "boja #ffbf7e", "list": "1. Koristenje i namjena", "plan": "UPU Bilice sjever", "izvor": "UPU Bilice sjever (split.hr), vektorizirano iz PDF-a"}}, {"type": "Feature", "geometry": {"type": "LineString", "coordinates": [[16.4834497, 43.5261873], [16.4834496, 43.5267042]]}, "properties": {"tema": "namjena-poslovna", "opis": "K — gospodarska namjena, poslovna", "cad_sloj": "boja #ffbf7e", "list": "1. Koristenje i namjena", "plan": "UPU Bilice sjever", "izvor": "UPU Bilice sjever (split.hr), vektorizirano iz PDF-a"}}, {"type": "Feature", "geometry": {"type": "LineString", "coordinates": [[16.4834589, 43.5261816], [16.4834587, 43.5267141]]}, "properties": {"tema": "namjena-poslovna", "opis": "K — gospodarska namjena, poslovna", "cad_sloj": "boja #ffbf7e", "list": "1. Koristenje i namjena", "plan": "UPU Bilice sjever", "izvor": "UPU Bilice sjever (split.hr), vektorizirano iz PDF-a"}}, {"type": "Feature", "geometry": {"type": "LineString", "coordinates": [[16.4834683, 43.5261757], [16.4834682, 43.5267238]]}, "properties": {"tema": "namjena-poslovna", "opis": "K — gospodarska namjena, poslovna", "cad_sloj": "boja #ffbf7e", "list": "1. Koristenje i namjena", "plan": "UPU Bilice sjever", "izvor": "UPU Bilice sjever (split.hr), vektorizirano iz PDF-a"}}, {"type": "Feature", "geometry": {"type": "LineString", "coordinates": [[16.4834775, 43.52617], [16.4834773, 43.5267336]]}, "properties": {"tema": "namjena-poslovna", "opis": "K — gospodarska namjena, poslovna", "cad_sloj": "boja #ffbf7e", "list": "1. Koristenje i namjena", "plan": "UPU Bilice sjever", "izvor": "UPU Bilice sjever (split.hr), vektorizirano iz PDF-a"}}, {"type": "Feature", "geometry": {"type": "LineString", "coordinates": [[16.4834869, 43.5261643], [16.4834867, 43.5267433]]}, "properties": {"tema": "namjena-poslovna", "opis": "K — gospodarska namjena, poslovna", "cad_sloj": "boja #ffbf7e", "list": "1. Koristenje i namjena", "plan": "UPU Bilice sjever", "izvor": "UPU Bilice sjever (split.hr), vektorizirano iz PDF-a"}}, {"type": "Feature", "geometry": {"type": "LineString", "coordinates": [[16.4834961, 43.5261585], [16.4834959, 43.526753]]}, "properties": {"tema": "namjena-poslovna", "opis": "K — gospodarska namjena, poslovna", "cad_sloj": "boja #ffbf7e", "list": "1. Koristenje i namjena", "plan": "UPU Bilice sjever", "izvor": "UPU Bilice sjever (split.hr), vektorizirano iz PDF-a"}}, {"type": "Feature", "geometry": {"type": "LineString", "coordinates": [[16.4835055, 43.5261528], [16.4835053, 43.5267627]]}, "properties": {"tema": "namjena-poslovna", "opis": "K — gospodarska namjena, poslovna", "cad_sloj": "boja #ffbf7e", "list": "1. Koristenje i namjena", "plan": "UPU Bilice sjever", "izvor": "UPU Bilice sjever (split.hr), vektorizirano iz PDF-a"}}, {"type": "Feature", "geometry": {"type": "LineString", "coordinates": [[16.4835147, 43.5261471], [16.4835145, 43.5267724]]}, "properties": {"tema": "namjena-poslovna", "opis": "K — gospodarska namjena, poslovna", "cad_sloj": "boja #ffbf7e", "list": "1. Koristenje i namjena", "plan": "UPU Bilice sjever", "izvor": "UPU Bilice sjever (split.hr), vektorizirano iz PDF-a"}}, {"type": "Feature", "geometry": {"type": "LineString", "coordinates": [[16.4835238, 43.5261414], [16.4835237, 43.5267822]]}, "properties": {"tema": "namjena-poslovna", "opis": "K — gospodarska namjena, poslovna", "cad_sloj": "boja #ffbf7e", "list": "1. Koristenje i namjena", "plan": "UPU Bilice sjever", "izvor": "UPU Bilice sjever (split.hr), vektorizirano iz PDF-a"}}, {"type": "Feature", "geometry": {"type": "LineString", "coordinates": [[16.4835333, 43.5261353], [16.4835331, 43.5267919]]}, "properties": {"tema": "namjena-poslovna", "opis": "K — gospodarska namjena, poslovna", "cad_sloj": "boja #ffbf7e", "list": "1. Koristenje i namjena", "plan": "UPU Bilice sjever", "izvor": "UPU Bilice sjever (split.hr), vektorizirano iz PDF-a"}}, {"type": "Feature", "geometry": {"type": "LineString", "coordinates": [[16.4835424, 43.5261292], [16.4835422, 43.5268016]]}, "properties": {"tema": "namjena-poslovna", "opis": "K — gospodarska namjena, poslovna", "cad_sloj": "boja #ffbf7e", "list": "1. Koristenje i namjena", "plan": "UPU Bilice sjever", "izvor": "UPU Bilice sjever (split.hr), vektorizirano iz PDF-a"}}, {"type": "Feature", "geometry": {"type": "LineString", "coordinates": [[16.4835519, 43.5261231], [16.4835517, 43.5268113]]}, "properties": {"tema": "namjena-poslovna", "opis": "K — gospodarska namjena, poslovna", "cad_sloj": "boja #ffbf7e", "list": "1. Koristenje i namjena", "plan": "UPU Bilice sjever", "izvor": "UPU Bilice sjever (split.hr), vektorizirano iz PDF-a"}}, {"type": "Feature", "geometry": {"type": "LineString", "coordinates": [[16.483561, 43.5261172], [16.4835608, 43.5268212]]}, "properties": {"tema": "namjena-poslovna", "opis": "K — gospodarska namjena, poslovna", "cad_sloj": "boja #ffbf7e", "list": "1. Koristenje i namjena", "plan": "UPU Bilice sjever", "izvor": "UPU Bilice sjever (split.hr), vektorizirano iz PDF-a"}}, {"type": "Feature", "geometry": {"type": "LineString", "coordinates": [[16.4835704, 43.5261111], [16.4835703, 43.5268309]]}, "properties": {"tema": "namjena-poslovna", "opis": "K — gospodarska namjena, poslovna", "cad_sloj": "boja #ffbf7e", "list": "1. Koristenje i namjena", "plan": "UPU Bilice sjever", "izvor": "UPU Bilice sjever (split.hr), vektorizirano iz PDF-a"}}, {"type": "Feature", "geometry": {"type": "LineString", "coordinates": [[16.4835796, 43.526105], [16.4835794, 43.5268407]]}, "properties": {"tema": "namjena-poslovna", "opis": "K — gospodarska namjena, poslovna", "cad_sloj": "boja #ffbf7e", "list": "1. Koristenje i namjena", "plan": "UPU Bilice sjever", "izvor": "UPU Bilice sjever (split.hr), vektorizirano iz PDF-a"}}, {"type": "Feature", "geometry": {"type": "LineString", "coordinates": [[16.4835888, 43.5260991], [16.4835886, 43.5268504]]}, "properties": {"tema": "namjena-poslovna", "opis": "K — gospodarska namjena, poslovna", "cad_sloj": "boja #ffbf7e", "list": "1. Koristenje i namjena", "plan": "UPU Bilice sjever", "izvor": "UPU Bilice sjever (split.hr), vektorizirano iz PDF-a"}}, {"type": "Feature", "geometry": {"type": "LineString", "coordinates": [[16.4835982, 43.5260932], [16.483598, 43.5268601]]}, "properties": {"tema": "namjena-poslovna", "opis": "K — gospodarska namjena, poslovna", "cad_sloj": "boja #ffbf7e", "list": "1. Koristenje i namjena", "plan": "UPU Bilice sjever", "izvor": "UPU Bilice sjever (split.hr), vektorizirano iz PDF-a"}}, {"type": "Feature", "geometry": {"type": "LineString", "coordinates": [[16.4836074, 43.5260877], [16.4836072, 43.5268698]]}, "properties": {"tema": "namjena-poslovna", "opis": "K — gospodarska namjena, poslovna", "cad_sloj": "boja #ffbf7e", "list": "1. Koristenje i namjena", "plan": "UPU Bilice sjever", "izvor": "UPU Bilice sjever (split.hr), vektorizirano iz PDF-a"}}, {"type": "Feature", "geometry": {"type": "LineString", "coordinates": [[16.4836168, 43.5260822], [16.4836166, 43.5268795]]}, "properties": {"tema": "namjena-poslovna", "opis": "K — gospodarska namjena, poslovna", "cad_sloj": "boja #ffbf7e", "list": "1. Koristenje i namjena", "plan": "UPU Bilice sjever", "izvor": "UPU Bilice sjever (split.hr), vektorizirano iz PDF-a"}}, {"type": "Feature", "geometry": {"type": "LineString", "coordinates": [[16.483626, 43.5260768], [16.4836257, 43.5268893]]}, "properties": {"tema": "namjena-poslovna", "opis": "K — gospodarska namjena, poslovna", "cad_sloj": "boja #ffbf7e", "list": "1. Koristenje i namjena", "plan": "UPU Bilice sjever", "izvor": "UPU Bilice sjever (split.hr), vektorizirano iz PDF-a"}}, {"type": "Feature", "geometry": {"type": "LineString", "coordinates": [[16.4836354, 43.5260717], [16.4836352, 43.526899]]}, "properties": {"tema": "namjena-poslovna", "opis": "K — gospodarska namjena, poslovna", "cad_sloj": "boja #ffbf7e", "list": "1. Koristenje i namjena", "plan": "UPU Bilice sjever", "izvor": "UPU Bilice sjever (split.hr), vektorizirano iz PDF-a"}}, {"type": "Feature", "geometry": {"type": "LineString", "coordinates": [[16.4836446, 43.5260665], [16.4836443, 43.5269087]]}, "properties": {"tema": "namjena-poslovna", "opis": "K — gospodarska namjena, poslovna", "cad_sloj": "boja #ffbf7e", "list": "1. Koristenje i namjena", "plan": "UPU Bilice sjever", "izvor": "UPU Bilice sjever (split.hr), vektorizirano iz PDF-a"}}, {"type": "Feature", "geometry": {"type": "LineString", "coordinates": [[16.4836537, 43.5260616], [16.4836535, 43.5269186]]}, "properties": {"tema": "namjena-poslovna", "opis": "K — gospodarska namjena, poslovna", "cad_sloj": "boja #ffbf7e", "list": "1. Koristenje i namjena", "plan": "UPU Bilice sjever", "izvor": "UPU Bilice sjever (split.hr), vektorizirano iz PDF-a"}}, {"type": "Feature", "geometry": {"type": "LineString", "coordinates": [[16.4836632, 43.5260568], [16.4836629, 43.5269283]]}, "properties": {"tema": "namjena-poslovna", "opis": "K — gospodarska namjena, poslovna", "cad_sloj": "boja #ffbf7e", "list": "1. Koristenje i namjena", "plan": "UPU Bilice sjever", "izvor": "UPU Bilice sjever (split.hr), vektorizirano iz PDF-a"}}, {"type": "Feature", "geometry": {"type": "LineString", "coordinates": [[16.4836723, 43.5260521], [16.4836721, 43.5269382]]}, "properties": {"tema": "namjena-poslovna", "opis": "K — gospodarska namjena, poslovna", "cad_sloj": "boja #ffbf7e", "list": "1. Koristenje i namjena", "plan": "UPU Bilice sjever", "izvor": "UPU Bilice sjever (split.hr), vektorizirano iz PDF-a"}}, {"type": "Feature", "geometry": {"type": "LineString", "coordinates": [[16.4836818, 43.5260475], [16.4836815, 43.5269481]]}, "properties": {"tema": "namjena-poslovna", "opis": "K — gospodarska namjena, poslovna", "cad_sloj": "boja #ffbf7e", "list": "1. Koristenje i namjena", "plan": "UPU Bilice sjever", "izvor": "UPU Bilice sjever (split.hr), vektorizirano iz PDF-a"}}, {"type": "Feature", "geometry": {"type": "LineString", "coordinates": [[16.4836909, 43.5260429], [16.4836907, 43.5269582]]}, "properties": {"tema": "namjena-poslovna", "opis": "K — gospodarska namjena, poslovna", "cad_sloj": "boja #ffbf7e", "list": "1. Koristenje i namjena", "plan": "UPU Bilice sjever", "izvor": "UPU Bilice sjever (split.hr), vektorizirano iz PDF-a"}}, {"type": "Feature", "geometry": {"type": "LineString", "coordinates": [[16.4837003, 43.5260385], [16.4837001, 43.5269683]]}, "properties": {"tema": "namjena-poslovna", "opis": "K — gospodarska namjena, poslovna", "cad_sloj": "boja #ffbf7e", "list": "1. Koristenje i namjena", "plan": "UPU Bilice sjever", "izvor": "UPU Bilice sjever (split.hr), vektorizirano iz PDF-a"}}, {"type": "Feature", "geometry": {"type": "LineString", "coordinates": [[16.4837095, 43.5260343], [16.4837093, 43.5269786]]}, "properties": {"tema": "namjena-poslovna", "opis": "K — gospodarska namjena, poslovna", "cad_sloj": "boja #ffbf7e", "list": "1. Koristenje i namjena", "plan": "UPU Bilice sjever", "izvor": "UPU Bilice sjever (split.hr), vektorizirano iz PDF-a"}}, {"type": "Feature", "geometry": {"type": "LineString", "coordinates": [[16.4837189, 43.5260303], [16.4837187, 43.5269889]]}, "properties": {"tema": "namjena-poslovna", "opis": "K — gospodarska namjena, poslovna", "cad_sloj": "boja #ffbf7e", "list": "1. Koristenje i namjena", "plan": "UPU Bilice sjever", "izvor": "UPU Bilice sjever (split.hr), vektorizirano iz PDF-a"}}, {"type": "Feature", "geometry": {"type": "LineString", "coordinates": [[16.4837281, 43.5260265], [16.4837278, 43.5269992]]}, "properties": {"tema": "namjena-poslovna", "opis": "K — gospodarska namjena, poslovna", "cad_sloj": "boja #ffbf7e", "list": "1. Koristenje i namjena", "plan": "UPU Bilice sjever", "izvor": "UPU Bilice sjever (split.hr), vektorizirano iz PDF-a"}}, {"type": "Feature", "geometry": {"type": "LineString", "coordinates": [[16.4837373, 43.5260227], [16.483737, 43.5270097]]}, "properties": {"tema": "namjena-poslovna", "opis": "K — gospodarska namjena, poslovna", "cad_sloj": "boja #ffbf7e", "list": "1. Koristenje i namjena", "plan": "UPU Bilice sjever", "izvor": "UPU Bilice sjever (split.hr), vektorizirano iz PDF-a"}}, {"type": "Feature", "geometry": {"type": "LineString", "coordinates": [[16.4837467, 43.5260191], [16.4837464, 43.5270202]]}, "properties": {"tema": "namjena-poslovna", "opis": "K — gospodarska namjena, poslovna", "cad_sloj": "boja #ffbf7e", "list": "1. Koristenje i namjena", "plan": "UPU Bilice sjever", "izvor": "UPU Bilice sjever (split.hr), vektorizirano iz PDF-a"}}, {"type": "Feature", "geometry": {"type": "LineString", "coordinates": [[16.4837559, 43.5260153], [16.4837556, 43.5270308]]}, "properties": {"tema": "namjena-poslovna", "opis": "K — gospodarska namjena, poslovna", "cad_sloj": "boja #ffbf7e", "list": "1. Koristenje i namjena", "plan": "UPU Bilice sjever", "izvor": "UPU Bilice sjever (split.hr), vektorizirano iz PDF-a"}}, {"type": "Feature", "geometry": {"type": "LineString", "coordinates": [[16.4837653, 43.5260117], [16.483765, 43.5270417]]}, "properties": {"tema": "namjena-poslovna", "opis": "K — gospodarska namjena, poslovna", "cad_sloj": "boja #ffbf7e", "list": "1. Koristenje i namjena", "plan": "UPU Bilice sjever", "izvor": "UPU Bilice sjever (split.hr), vektorizirano iz PDF-a"}}, {"type": "Feature", "geometry": {"type": "LineString", "coordinates": [[16.4837745, 43.5260081], [16.4837742, 43.5270526]]}, "properties": {"tema": "namjena-poslovna", "opis": "K — gospodarska namjena, poslovna", "cad_sloj": "boja #ffbf7e", "list": "1. Koristenje i namjena", "plan": "UPU Bilice sjever", "izvor": "UPU Bilice sjever (split.hr), vektorizirano iz PDF-a"}}, {"type": "Feature", "geometry": {"type": "LineString", "coordinates": [[16.4837839, 43.5260044], [16.4837836, 43.5270634]]}, "properties": {"tema": "namjena-poslovna", "opis": "K — gospodarska namjena, poslovna", "cad_sloj": "boja #ffbf7e", "list": "1. Koristenje i namjena", "plan": "UPU Bilice sjever", "izvor": "UPU Bilice sjever (split.hr), vektorizirano iz PDF-a"}}, {"type": "Feature", "geometry": {"type": "LineString", "coordinates": [[16.4837931, 43.526001], [16.4837928, 43.5270745]]}, "properties": {"tema": "namjena-poslovna", "opis": "K — gospodarska namjena, poslovna", "cad_sloj": "boja #ffbf7e", "list": "1. Koristenje i namjena", "plan": "UPU Bilice sjever", "izvor": "UPU Bilice sjever (split.hr), vektorizirano iz PDF-a"}}, {"type": "Feature", "geometry": {"type": "LineString", "coordinates": [[16.4838022, 43.525998], [16.4838019, 43.5270855]]}, "properties": {"tema": "namjena-poslovna", "opis": "K — gospodarska namjena, poslovna", "cad_sloj": "boja #ffbf7e", "list": "1. Koristenje i namjena", "plan": "UPU Bilice sjever", "izvor": "UPU Bilice sjever (split.hr), vektorizirano iz PDF-a"}}, {"type": "Feature", "geometry": {"type": "LineString", "coordinates": [[16.4838116, 43.5259951], [16.4838114, 43.5270968]]}, "properties": {"tema": "namjena-poslovna", "opis": "K — gospodarska namjena, poslovna", "cad_sloj": "boja #ffbf7e", "list": "1. Koristenje i namjena", "plan": "UPU Bilice sjever", "izvor": "UPU Bilice sjever (split.hr), vektorizirano iz PDF-a"}}, {"type": "Feature", "geometry": {"type": "LineString", "coordinates": [[16.4838208, 43.5259922], [16.4838205, 43.5271082]]}, "properties": {"tema": "namjena-poslovna", "opis": "K — gospodarska namjena, poslovna", "cad_sloj": "boja #ffbf7e", "list": "1. Koristenje i namjena", "plan": "UPU Bilice sjever", "izvor": "UPU Bilice sjever (split.hr), vektorizirano iz PDF-a"}}, {"type": "Feature", "geometry": {"type": "LineString", "coordinates": [[16.4838302, 43.5259894], [16.4838299, 43.5271196]]}, "properties": {"tema": "namjena-poslovna", "opis": "K — gospodarska namjena, poslovna", "cad_sloj": "boja #ffbf7e", "list": "1. Koristenje i namjena", "plan": "UPU Bilice sjever", "izvor": "UPU Bilice sjever (split.hr), vektorizirano iz PDF-a"}}, {"type": "Feature", "geometry": {"type": "LineString", "coordinates": [[16.4838394, 43.5259865], [16.4838391, 43.5271311]]}, "properties": {"tema": "namjena-poslovna", "opis": "K — gospodarska namjena, poslovna", "cad_sloj": "boja #ffbf7e", "list": "1. Koristenje i namjena", "plan": "UPU Bilice sjever", "izvor": "UPU Bilice sjever (split.hr), vektorizirano iz PDF-a"}}, {"type": "Feature", "geometry": {"type": "LineString", "coordinates": [[16.4838488, 43.5259837], [16.4838485, 43.5271427]]}, "properties": {"tema": "namjena-poslovna", "opis": "K — gospodarska namjena, poslovna", "cad_sloj": "boja #ffbf7e", "list": "1. Koristenje i namjena", "plan": "UPU Bilice sjever", "izvor": "UPU Bilice sjever (split.hr), vektorizirano iz PDF-a"}}, {"type": "Feature", "geometry": {"type": "LineString", "coordinates": [[16.483858, 43.5259812], [16.4838577, 43.5271545]]}, "properties": {"tema": "namjena-poslovna", "opis": "K — gospodarska namjena, poslovna", "cad_sloj": "boja #ffbf7e", "list": "1. Koristenje i namjena", "plan": "UPU Bilice sjever", "izvor": "UPU Bilice sjever (split.hr), vektorizirano iz PDF-a"}}, {"type": "Feature", "geometry": {"type": "LineString", "coordinates": [[16.4838672, 43.5259787], [16.4838668, 43.5271665]]}, "properties": {"tema": "namjena-poslovna", "opis": "K — gospodarska namjena, poslovna", "cad_sloj": "boja #ffbf7e", "list": "1. Koristenje i namjena", "plan": "UPU Bilice sjever", "izvor": "UPU Bilice sjever (split.hr), vektorizirano iz PDF-a"}}, {"type": "Feature", "geometry": {"type": "LineString", "coordinates": [[16.4838766, 43.5259763], [16.4838763, 43.5271785]]}, "properties": {"tema": "namjena-poslovna", "opis": "K — gospodarska namjena, poslovna", "cad_sloj": "boja #ffbf7e", "list": "1. Koristenje i namjena", "plan": "UPU Bilice sjever", "izvor": "UPU Bilice sjever (split.hr), vektorizirano iz PDF-a"}}, {"type": "Feature", "geometry": {"type": "LineString", "coordinates": [[16.4838858, 43.525974], [16.4838854, 43.5271905]]}, "properties": {"tema": "namjena-poslovna", "opis": "K — gospodarska namjena, poslovna", "cad_sloj": "boja #ffbf7e", "list": "1. Koristenje i namjena", "plan": "UPU Bilice sjever", "izvor": "UPU Bilice sjever (split.hr), vektorizirano iz PDF-a"}}, {"type": "Feature", "geometry": {"type": "LineString", "coordinates": [[16.4838952, 43.5259717], [16.4838949, 43.5272029]]}, "properties": {"tema": "namjena-poslovna", "opis": "K — gospodarska namjena, poslovna", "cad_sloj": "boja #ffbf7e", "list": "1. Koristenje i namjena", "plan": "UPU Bilice sjever", "izvor": "UPU Bilice sjever (split.hr), vektorizirano iz PDF-a"}}, {"type": "Feature", "geometry": {"type": "LineString", "coordinates": [[16.4839043, 43.5259694], [16.483904, 43.5272153]]}, "properties": {"tema": "namjena-poslovna", "opis": "K — gospodarska namjena, poslovna", "cad_sloj": "boja #ffbf7e", "list": "1. Koristenje i namjena", "plan": "UPU Bilice sjever", "izvor": "UPU Bilice sjever (split.hr), vektorizirano iz PDF-a"}}, {"type": "Feature", "geometry": {"type": "LineString", "coordinates": [[16.4839138, 43.5259671], [16.4839134, 43.5272277]]}, "properties": {"tema": "namjena-poslovna", "opis": "K — gospodarska namjena, poslovna", "cad_sloj": "boja #ffbf7e", "list": "1. Koristenje i namjena", "plan": "UPU Bilice sjever", "izvor": "UPU Bilice sjever (split.hr), vektorizirano iz PDF-a"}}, {"type": "Feature", "geometry": {"type": "LineString", "coordinates": [[16.4839229, 43.5259648], [16.4839226, 43.5272404]]}, "properties": {"tema": "namjena-poslovna", "opis": "K — gospodarska namjena, poslovna", "cad_sloj": "boja #ffbf7e", "list": "1. Koristenje i namjena", "plan": "UPU Bilice sjever", "izvor": "UPU Bilice sjever (split.hr), vektorizirano iz PDF-a"}}, {"type": "Feature", "geometry": {"type": "LineString", "coordinates": [[16.4839321, 43.5259633], [16.4839318, 43.5272532]]}, "properties": {"tema": "namjena-poslovna", "opis": "K — gospodarska namjena, poslovna", "cad_sloj": "boja #ffbf7e", "list": "1. Koristenje i namjena", "plan": "UPU Bilice sjever", "izvor": "UPU Bilice sjever (split.hr), vektorizirano iz PDF-a"}}, {"type": "Feature", "geometry": {"type": "LineString", "coordinates": [[16.4839415, 43.5259616], [16.4839412, 43.5272662]]}, "properties": {"tema": "namjena-poslovna", "opis": "K — gospodarska namjena, poslovna", "cad_sloj": "boja #ffbf7e", "list": "1. Koristenje i namjena", "plan": "UPU Bilice sjever", "izvor": "UPU Bilice sjever (split.hr), vektorizirano iz PDF-a"}}, {"type": "Feature", "geometry": {"type": "LineString", "coordinates": [[16.4839507, 43.5259601], [16.4839504, 43.5272791]]}, "properties": {"tema": "namjena-poslovna", "opis": "K — gospodarska namjena, poslovna", "cad_sloj": "boja #ffbf7e", "list": "1. Koristenje i namjena", "plan": "UPU Bilice sjever", "izvor": "UPU Bilice sjever (split.hr), vektorizirano iz PDF-a"}}, {"type": "Feature", "geometry": {"type": "LineString", "coordinates": [[16.4839601, 43.5259502], [16.4839598, 43.5272925]]}, "properties": {"tema": "namjena-poslovna", "opis": "K — gospodarska namjena, poslovna", "cad_sloj": "boja #ffbf7e", "list": "1. Koristenje i namjena", "plan": "UPU Bilice sjever", "izvor": "UPU Bilice sjever (split.hr), vektorizirano iz PDF-a"}}, {"type": "Feature", "geometry": {"type": "LineString", "coordinates": [[16.4839693, 43.5259492], [16.4839689, 43.5273058]]}, "properties": {"tema": "namjena-poslovna", "opis": "K — gospodarska namjena, poslovna", "cad_sloj": "boja #ffbf7e", "list": "1. Koristenje i namjena", "plan": "UPU Bilice sjever", "izvor": "UPU Bilice sjever (split.hr), vektorizirano iz PDF-a"}}, {"type": "Feature", "geometry": {"type": "LineString", "coordinates": [[16.4839787, 43.5259483], [16.4839784, 43.5273193]]}, "properties": {"tema": "namjena-poslovna", "opis": "K — gospodarska namjena, poslovna", "cad_sloj": "boja #ffbf7e", "list": "1. Koristenje i namjena", "plan": "UPU Bilice sjever", "izvor": "UPU Bilice sjever (split.hr), vektorizirano iz PDF-a"}}, {"type": "Feature", "geometry": {"type": "LineString", "coordinates": [[16.4839879, 43.5259471], [16.4839875, 43.5273331]]}, "properties": {"tema": "namjena-poslovna", "opis": "K — gospodarska namjena, poslovna", "cad_sloj": "boja #ffbf7e", "list": "1. Koristenje i namjena", "plan": "UPU Bilice sjever", "izvor": "UPU Bilice sjever (split.hr), vektorizirano iz PDF-a"}}, {"type": "Feature", "geometry": {"type": "LineString", "coordinates": [[16.4839973, 43.5259462], [16.4839969, 43.5273468]]}, "properties": {"tema": "namjena-poslovna", "opis": "K — gospodarska namjena, poslovna", "cad_sloj": "boja #ffbf7e", "list": "1. Koristenje i namjena", "plan": "UPU Bilice sjever", "izvor": "UPU Bilice sjever (split.hr), vektorizirano iz PDF-a"}}, {"type": "Feature", "geometry": {"type": "LineString", "coordinates": [[16.4840065, 43.525945], [16.4840061, 43.5273607]]}, "properties": {"tema": "namjena-poslovna", "opis": "K — gospodarska namjena, poslovna", "cad_sloj": "boja #ffbf7e", "list": "1. Koristenje i namjena", "plan": "UPU Bilice sjever", "izvor": "UPU Bilice sjever (split.hr), vektorizirano iz PDF-a"}}, {"type": "Feature", "geometry": {"type": "LineString", "coordinates": [[16.4840156, 43.5259441], [16.4840153, 43.5273746]]}, "properties": {"tema": "namjena-poslovna", "opis": "K — gospodarska namjena, poslovna", "cad_sloj": "boja #ffbf7e", "list": "1. Koristenje i namjena", "plan": "UPU Bilice sjever", "izvor": "UPU Bilice sjever (split.hr), vektorizirano iz PDF-a"}}, {"type": "Feature", "geometry": {"type": "LineString", "coordinates": [[16.4840251, 43.5259429], [16.4840247, 43.5273883]]}, "properties": {"tema": "namjena-poslovna", "opis": "K — gospodarska namjena, poslovna", "cad_sloj": "boja #ffbf7e", "list": "1. Koristenje i namjena", "plan": "UPU Bilice sjever", "izvor": "UPU Bilice sjever (split.hr), vektorizirano iz PDF-a"}}, {"type": "Feature", "geometry": {"type": "LineString", "coordinates": [[16.4840342, 43.525942], [16.4840339, 43.5274022]]}, "properties": {"tema": "namjena-poslovna", "opis": "K — gospodarska namjena, poslovna", "cad_sloj": "boja #ffbf7e", "list": "1. Koristenje i namjena", "plan": "UPU Bilice sjever", "izvor": "UPU Bilice sjever (split.hr), vektorizirano iz PDF-a"}}, {"type": "Feature", "geometry": {"type": "LineString", "coordinates": [[16.4840437, 43.525941], [16.4840433, 43.5274161]]}, "properties": {"tema": "namjena-poslovna", "opis": "K — gospodarska namjena, poslovna", "cad_sloj": "boja #ffbf7e", "list": "1. Koristenje i namjena", "plan": "UPU Bilice sjever", "izvor": "UPU Bilice sjever (split.hr), vektorizirano iz PDF-a"}}, {"type": "Feature", "geometry": {"type": "LineString", "coordinates": [[16.4840528, 43.5259399], [16.4840524, 43.5274299]]}, "properties": {"tema": "namjena-poslovna", "opis": "K — gospodarska namjena, poslovna", "cad_sloj": "boja #ffbf7e", "list": "1. Koristenje i namjena", "plan": "UPU Bilice sjever", "izvor": "UPU Bilice sjever (split.hr), vektorizirano iz PDF-a"}}, {"type": "Feature", "geometry": {"type": "LineString", "coordinates": [[16.4840623, 43.5259389], [16.4840619, 43.5274438]]}, "properties": {"tema": "namjena-poslovna", "opis": "K — gospodarska namjena, poslovna", "cad_sloj": "boja #ffbf7e", "list": "1. Koristenje i namjena", "plan": "UPU Bilice sjever", "izvor": "UPU Bilice sjever (split.hr), vektorizirano iz PDF-a"}}, {"type": "Feature", "geometry": {"type": "LineString", "coordinates": [[16.4840714, 43.5259378], [16.484071, 43.5274577]]}, "properties": {"tema": "namjena-poslovna", "opis": "K — gospodarska namjena, poslovna", "cad_sloj": "boja #ffbf7e", "list": "1. Koristenje i namjena", "plan": "UPU Bilice sjever", "izvor": "UPU Bilice sjever (split.hr), vektorizirano iz PDF-a"}}, {"type": "Feature", "geometry": {"type": "LineString", "coordinates": [[16.4840806, 43.5259368], [16.4840802, 43.5274714]]}, "properties": {"tema": "namjena-poslovna", "opis": "K — gospodarska namjena, poslovna", "cad_sloj": "boja #ffbf7e", "list": "1. Koristenje i namjena", "plan": "UPU Bilice sjever", "izvor": "UPU Bilice sjever (split.hr), vektorizirano iz PDF-a"}}, {"type": "Feature", "geometry": {"type": "LineString", "coordinates": [[16.48409, 43.5259359], [16.4840896, 43.5274853]]}, "properties": {"tema": "namjena-poslovna", "opis": "K — gospodarska namjena, poslovna", "cad_sloj": "boja #ffbf7e", "list": "1. Koristenje i namjena", "plan": "UPU Bilice sjever", "izvor": "UPU Bilice sjever (split.hr), vektorizirano iz PDF-a"}}, {"type": "Feature", "geometry": {"type": "LineString", "coordinates": [[16.4840992, 43.5259348], [16.4840988, 43.5274992]]}, "properties": {"tema": "namjena-poslovna", "opis": "K — gospodarska namjena, poslovna", "cad_sloj": "boja #ffbf7e", "list": "1. Koristenje i namjena", "plan": "UPU Bilice sjever", "izvor": "UPU Bilice sjever (split.hr), vektorizirano iz PDF-a"}}, {"type": "Feature", "geometry": {"type": "LineString", "coordinates": [[16.4841086, 43.5259338], [16.4841082, 43.5275131]]}, "properties": {"tema": "namjena-poslovna", "opis": "K — gospodarska namjena, poslovna", "cad_sloj": "boja #ffbf7e", "list": "1. Koristenje i namjena", "plan": "UPU Bilice sjever", "izvor": "UPU Bilice sjever (split.hr), vektorizirano iz PDF-a"}}, {"type": "Feature", "geometry": {"type": "LineString", "coordinates": [[16.4841178, 43.5259327], [16.4841174, 43.5275268]]}, "properties": {"tema": "namjena-poslovna", "opis": "K — gospodarska namjena, poslovna", "cad_sloj": "boja #ffbf7e", "list": "1. Koristenje i namjena", "plan": "UPU Bilice sjever", "izvor": "UPU Bilice sjever (split.hr), vektorizirano iz PDF-a"}}, {"type": "Feature", "geometry": {"type": "LineString", "coordinates": [[16.4841272, 43.5259317], [16.4841268, 43.5275408]]}, "properties": {"tema": "namjena-poslovna", "opis": "K — gospodarska namjena, poslovna", "cad_sloj": "boja #ffbf7e", "list": "1. Koristenje i namjena", "plan": "UPU Bilice sjever", "izvor": "UPU Bilice sjever (split.hr), vektorizirano iz PDF-a"}}, {"type": "Feature", "geometry": {"type": "LineString", "coordinates": [[16.4841364, 43.5259306], [16.4841359, 43.5275547]]}, "properties": {"tema": "namjena-poslovna", "opis": "K — gospodarska namjena, poslovna", "cad_sloj": "boja #ffbf7e", "list": "1. Koristenje i namjena", "plan": "UPU Bilice sjever", "izvor": "UPU Bilice sjever (split.hr), vektorizirano iz PDF-a"}}, {"type": "Feature", "geometry": {"type": "LineString", "coordinates": [[16.4841455, 43.5259296], [16.4841451, 43.5275684]]}, "properties": {"tema": "namjena-poslovna", "opis": "K — gospodarska namjena, poslovna", "cad_sloj": "boja #ffbf7e", "list": "1. Koristenje i namjena", "plan": "UPU Bilice sjever", "izvor": "UPU Bilice sjever (split.hr), vektorizirano iz PDF-a"}}, {"type": "Feature", "geometry": {"type": "LineString", "coordinates": [[16.484155, 43.5259287], [16.4841545, 43.5275823]]}, "properties": {"tema": "namjena-poslovna", "opis": "K — gospodarska namjena, poslovna", "cad_sloj": "boja #ffbf7e", "list": "1. Koristenje i namjena", "plan": "UPU Bilice sjever", "izvor": "UPU Bilice sjever (split.hr), vektorizirano iz PDF-a"}}, {"type": "Feature", "geometry": {"type": "LineString", "coordinates": [[16.4841641, 43.5259275], [16.4841637, 43.5275962]]}, "properties": {"tema": "namjena-poslovna", "opis": "K — gospodarska namjena, poslovna", "cad_sloj": "boja #ffbf7e", "list": "1. Koristenje i namjena", "plan": "UPU Bilice sjever", "izvor": "UPU Bilice sjever (split.hr), vektorizirano iz PDF-a"}}, {"type": "Feature", "geometry": {"type": "LineString", "coordinates": [[16.4841735, 43.5259266], [16.4841731, 43.5276099]]}, "properties": {"tema": "namjena-poslovna", "opis": "K — gospodarska namjena, poslovna", "cad_sloj": "boja #ffbf7e", "list": "1. Koristenje i namjena", "plan": "UPU Bilice sjever", "izvor": "UPU Bilice sjever (split.hr), vektorizirano iz PDF-a"}}, {"type": "Feature", "geometry": {"type": "LineString", "coordinates": [[16.4841827, 43.5259254], [16.4841823, 43.5276238]]}, "properties": {"tema": "namjena-poslovna", "opis": "K — gospodarska namjena, poslovna", "cad_sloj": "boja #ffbf7e", "list": "1. Koristenje i namjena", "plan": "UPU Bilice sjever", "izvor": "UPU Bilice sjever (split.hr), vektorizirano iz PDF-a"}}, {"type": "Feature", "geometry": {"type": "LineString", "coordinates": [[16.4841921, 43.5259245], [16.4841917, 43.5276377]]}, "properties": {"tema": "namjena-poslovna", "opis": "K — gospodarska namjena, poslovna", "cad_sloj": "boja #ffbf7e", "list": "1. Koristenje i namjena", "plan": "UPU Bilice sjever", "izvor": "UPU Bilice sjever (split.hr), vektorizirano iz PDF-a"}}, {"type": "Feature", "geometry": {"type": "LineString", "coordinates": [[16.4842013, 43.5259235], [16.4842009, 43.5276503]]}, "properties": {"tema": "namjena-poslovna", "opis": "K — gospodarska namjena, poslovna", "cad_sloj": "boja #ffbf7e", "list": "1. Koristenje i namjena", "plan": "UPU Bilice sjever", "izvor": "UPU Bilice sjever (split.hr), vektorizirano iz PDF-a"}}, {"type": "Feature", "geometry": {"type": "LineString", "coordinates": [[16.4842105, 43.5259224], [16.48421, 43.5276591]]}, "properties": {"tema": "namjena-poslovna", "opis": "K — gospodarska namjena, poslovna", "cad_sloj": "boja #ffbf7e", "list": "1. Koristenje i namjena", "plan": "UPU Bilice sjever", "izvor": "UPU Bilice sjever (split.hr), vektorizirano iz PDF-a"}}, {"type": "Feature", "geometry": {"type": "LineString", "coordinates": [[16.4842199, 43.5259214], [16.4842194, 43.5276658]]}, "properties": {"tema": "namjena-poslovna", "opis": "K — gospodarska namjena, poslovna", "cad_sloj": "boja #ffbf7e", "list": "1. Koristenje i namjena", "plan": "UPU Bilice sjever", "izvor": "UPU Bilice sjever (split.hr), vektorizirano iz PDF-a"}}, {"type": "Feature", "geometry": {"type": "LineString", "coordinates": [[16.4842291, 43.5259203], [16.4842286, 43.5276709]]}, "properties": {"tema": "namjena-poslovna", "opis": "K — gospodarska namjena, poslovna", "cad_sloj": "boja #ffbf7e", "list": "1. Koristenje i namjena", "plan": "UPU Bilice sjever", "izvor": "UPU Bilice sjever (split.hr), vektorizirano iz PDF-a"}}, {"type": "Feature", "geometry": {"type": "LineString", "coordinates": [[16.4842385, 43.5259193], [16.484238, 43.5276749]]}, "properties": {"tema": "namjena-poslovna", "opis": "K — gospodarska namjena, poslovna", "cad_sloj": "boja #ffbf7e", "list": "1. Koristenje i namjena", "plan": "UPU Bilice sjever", "izvor": "UPU Bilice sjever (split.hr), vektorizirano iz PDF-a"}}, {"type": "Feature", "geometry": {"type": "LineString", "coordinates": [[16.4842477, 43.5259184], [16.4842472, 43.5276781]]}, "properties": {"tema": "namjena-poslovna", "opis": "K — gospodarska namjena, poslovna", "cad_sloj": "boja #ffbf7e", "list": "1. Koristenje i namjena", "plan": "UPU Bilice sjever", "izvor": "UPU Bilice sjever (split.hr), vektorizirano iz PDF-a"}}, {"type": "Feature", "geometry": {"type": "LineString", "coordinates": [[16.4842571, 43.5259172], [16.4842566, 43.5276804]]}, "properties": {"tema": "namjena-poslovna", "opis": "K — gospodarska namjena, poslovna", "cad_sloj": "boja #ffbf7e", "list": "1. Koristenje i namjena", "plan": "UPU Bilice sjever", "izvor": "UPU Bilice sjever (split.hr), vektorizirano iz PDF-a"}}, {"type": "Feature", "geometry": {"type": "LineString", "coordinates": [[16.4842662, 43.5259163], [16.4842658, 43.527682]]}, "properties": {"tema": "namjena-poslovna", "opis": "K — gospodarska namjena, poslovna", "cad_sloj": "boja #ffbf7e", "list": "1. Koristenje i namjena", "plan": "UPU Bilice sjever", "izvor": "UPU Bilice sjever (split.hr), vektorizirano iz PDF-a"}}, {"type": "Feature", "geometry": {"type": "LineString", "coordinates": [[16.4842754, 43.5259151], [16.484275, 43.5276829]]}, "properties": {"tema": "namjena-poslovna", "opis": "K — gospodarska namjena, poslovna", "cad_sloj": "boja #ffbf7e", "list": "1. Koristenje i namjena", "plan": "UPU Bilice sjever", "izvor": "UPU Bilice sjever (split.hr), vektorizirano iz PDF-a"}}, {"type": "Feature", "geometry": {"type": "LineString", "coordinates": [[16.4842848, 43.5259142], [16.4842844, 43.5276831]]}, "properties": {"tema": "namjena-poslovna", "opis": "K — gospodarska namjena, poslovna", "cad_sloj": "boja #ffbf7e", "list": "1. Koristenje i namjena", "plan": "UPU Bilice sjever", "izvor": "UPU Bilice sjever (split.hr), vektorizirano iz PDF-a"}}, {"type": "Feature", "geometry": {"type": "LineString", "coordinates": [[16.484294, 43.5259131], [16.4842935, 43.5276829]]}, "properties": {"tema": "namjena-poslovna", "opis": "K — gospodarska namjena, poslovna", "cad_sloj": "boja #ffbf7e", "list": "1. Koristenje i namjena", "plan": "UPU Bilice sjever", "izvor": "UPU Bilice sjever (split.hr), vektorizirano iz PDF-a"}}, {"type": "Feature", "geometry": {"type": "LineString", "coordinates": [[16.4843034, 43.5259121], [16.484303, 43.5276818]]}, "properties": {"tema": "namjena-poslovna", "opis": "K — gospodarska namjena, poslovna", "cad_sloj": "boja #ffbf7e", "list": "1. Koristenje i namjena", "plan": "UPU Bilice sjever", "izvor": "UPU Bilice sjever (split.hr), vektorizirano iz PDF-a"}}, {"type": "Feature", "geometry": {"type": "LineString", "coordinates": [[16.4843126, 43.5259112], [16.4843121, 43.5276803]]}, "properties": {"tema": "namjena-poslovna", "opis": "K — gospodarska namjena, poslovna", "cad_sloj": "boja #ffbf7e", "list": "1. Koristenje i namjena", "plan": "UPU Bilice sjever", "izvor": "UPU Bilice sjever (split.hr), vektorizirano iz PDF-a"}}, {"type": "Feature", "geometry": {"type": "LineString", "coordinates": [[16.484322, 43.52591], [16.4843216, 43.5276778]]}, "properties": {"tema": "namjena-poslovna", "opis": "K — gospodarska namjena, poslovna", "cad_sloj": "boja #ffbf7e", "list": "1. Koristenje i namjena", "plan": "UPU Bilice sjever", "izvor": "UPU Bilice sjever (split.hr), vektorizirano iz PDF-a"}}, {"type": "Feature", "geometry": {"type": "LineString", "coordinates": [[16.4843312, 43.5259091], [16.4843307, 43.5276747]]}, "properties": {"tema": "namjena-poslovna", "opis": "K — gospodarska namjena, poslovna", "cad_sloj": "boja #ffbf7e", "list": "1. Koristenje i namjena", "plan": "UPU Bilice sjever", "izvor": "UPU Bilice sjever (split.hr), vektorizirano iz PDF-a"}}, {"type": "Feature", "geometry": {"type": "LineString", "coordinates": [[16.4843406, 43.5259079], [16.4843402, 43.5276713]]}, "properties": {"tema": "namjena-poslovna", "opis": "K — gospodarska namjena, poslovna", "cad_sloj": "boja #ffbf7e", "list": "1. Koristenje i namjena", "plan": "UPU Bilice sjever", "izvor": "UPU Bilice sjever (split.hr), vektorizirano iz PDF-a"}}, {"type": "Feature", "geometry": {"type": "LineString", "coordinates": [[16.4843498, 43.525907], [16.4843493, 43.5276681]]}, "properties": {"tema": "namjena-poslovna", "opis": "K — gospodarska namjena, poslovna", "cad_sloj": "boja #ffbf7e", "list": "1. Koristenje i namjena", "plan": "UPU Bilice sjever", "izvor": "UPU Bilice sjever (split.hr), vektorizirano iz PDF-a"}}, {"type": "Feature", "geometry": {"type": "LineString", "coordinates": [[16.4843589, 43.525906], [16.4843585, 43.5276648]]}, "properties": {"tema": "namjena-poslovna", "opis": "K — gospodarska namjena, poslovna", "cad_sloj": "boja #ffbf7e", "list": "1. Koristenje i namjena", "plan": "UPU Bilice sjever", "izvor": "UPU Bilice sjever (split.hr), vektorizirano iz PDF-a"}}, {"type": "Feature", "geometry": {"type": "LineString", "coordinates": [[16.4843684, 43.5259049], [16.4843679, 43.5276616]]}, "properties": {"tema": "namjena-poslovna", "opis": "K — gospodarska namjena, poslovna", "cad_sloj": "boja #ffbf7e", "list": "1. Koristenje i namjena", "plan": "UPU Bilice sjever", "izvor": "UPU Bilice sjever (split.hr), vektorizirano iz PDF-a"}}, {"type": "Feature", "geometry": {"type": "LineString", "coordinates": [[16.4843775, 43.5259039], [16.4843771, 43.5276582]]}, "properties": {"tema": "namjena-poslovna", "opis": "K — gospodarska namjena, poslovna", "cad_sloj": "boja #ffbf7e", "list": "1. Koristenje i namjena", "plan": "UPU Bilice sjever", "izvor": "UPU Bilice sjever (split.hr), vektorizirano iz PDF-a"}}, {"type": "Feature", "geometry": {"type": "LineString", "coordinates": [[16.484387, 43.5259028], [16.4843865, 43.5276549]]}, "properties": {"tema": "namjena-poslovna", "opis": "K — gospodarska namjena, poslovna", "cad_sloj": "boja #ffbf7e", "list": "1. Koristenje i namjena", "plan": "UPU Bilice sjever", "izvor": "UPU Bilice sjever (split.hr), vektorizirano iz PDF-a"}}, {"type": "Feature", "geometry": {"type": "LineString", "coordinates": [[16.4843961, 43.5259018], [16.4843957, 43.5276517]]}, "properties": {"tema": "namjena-poslovna", "opis": "K — gospodarska namjena, poslovna", "cad_sloj": "boja #ffbf7e", "list": "1. Koristenje i namjena", "plan": "UPU Bilice sjever", "izvor": "UPU Bilice sjever (split.hr), vektorizirano iz PDF-a"}}, {"type": "Feature", "geometry": {"type": "LineString", "coordinates": [[16.4844056, 43.5259009], [16.4844051, 43.5276484]]}, "properties": {"tema": "namjena-poslovna", "opis": "K — gospodarska namjena, poslovna", "cad_sloj": "boja #ffbf7e", "list": "1. Koristenje i namjena", "plan": "UPU Bilice sjever", "izvor": "UPU Bilice sjever (split.hr), vektorizirano iz PDF-a"}}, {"type": "Feature", "geometry": {"type": "LineString", "coordinates": [[16.4844147, 43.5258997], [16.4844143, 43.527645]]}, "properties": {"tema": "namjena-poslovna", "opis": "K — gospodarska namjena, poslovna", "cad_sloj": "boja #ffbf7e", "list": "1. Koristenje i namjena", "plan": "UPU Bilice sjever", "izvor": "UPU Bilice sjever (split.hr), vektorizirano iz PDF-a"}}, {"type": "Feature", "geometry": {"type": "LineString", "coordinates": [[16.4844239, 43.5258988], [16.4844234, 43.5276418]]}, "properties": {"tema": "namjena-poslovna", "opis": "K — gospodarska namjena, poslovna", "cad_sloj": "boja #ffbf7e", "list": "1. Koristenje i namjena", "plan": "UPU Bilice sjever", "izvor": "UPU Bilice sjever (split.hr), vektorizirano iz PDF-a"}}, {"type": "Feature", "geometry": {"type": "LineString", "coordinates": [[16.4844333, 43.5258976], [16.4844329, 43.5276385]]}, "properties": {"tema": "namjena-poslovna", "opis": "K — gospodarska namjena, poslovna", "cad_sloj": "boja #ffbf7e", "list": "1. Koristenje i namjena", "plan": "UPU Bilice sjever", "izvor": "UPU Bilice sjever (split.hr), vektorizirano iz PDF-a"}}, {"type": "Feature", "geometry": {"type": "LineString", "coordinates": [[16.4844425, 43.5258967], [16.484442, 43.5276353]]}, "properties": {"tema": "namjena-poslovna", "opis": "K — gospodarska namjena, poslovna", "cad_sloj": "boja #ffbf7e", "list": "1. Koristenje i namjena", "plan": "UPU Bilice sjever", "izvor": "UPU Bilice sjever (split.hr), vektorizirano iz PDF-a"}}, {"type": "Feature", "geometry": {"type": "LineString", "coordinates": [[16.4844519, 43.5258955], [16.4844515, 43.5276319]]}, "properties": {"tema": "namjena-poslovna", "opis": "K — gospodarska namjena, poslovna", "cad_sloj": "boja #ffbf7e", "list": "1. Koristenje i namjena", "plan": "UPU Bilice sjever", "izvor": "UPU Bilice sjever (split.hr), vektorizirano iz PDF-a"}}, {"type": "Feature", "geometry": {"type": "LineString", "coordinates": [[16.4844611, 43.5258946], [16.4844606, 43.5276286]]}, "properties": {"tema": "namjena-poslovna", "opis": "K — gospodarska namjena, poslovna", "cad_sloj": "boja #ffbf7e", "list": "1. Koristenje i namjena", "plan": "UPU Bilice sjever", "izvor": "UPU Bilice sjever (split.hr), vektorizirano iz PDF-a"}}, {"type": "Feature", "geometry": {"type": "LineString", "coordinates": [[16.4844705, 43.5258936], [16.4844701, 43.5276254]]}, "properties": {"tema": "namjena-poslovna", "opis": "K — gospodarska namjena, poslovna", "cad_sloj": "boja #ffbf7e", "list": "1. Koristenje i namjena", "plan": "UPU Bilice sjever", "izvor": "UPU Bilice sjever (split.hr), vektorizirano iz PDF-a"}}, {"type": "Feature", "geometry": {"type": "LineString", "coordinates": [[16.4844797, 43.5258925], [16.4844792, 43.527622]]}, "properties": {"tema": "namjena-poslovna", "opis": "K — gospodarska namjena, poslovna", "cad_sloj": "boja #ffbf7e", "list": "1. Koristenje i namjena", "plan": "UPU Bilice sjever", "izvor": "UPU Bilice sjever (split.hr), vektorizirano iz PDF-a"}}, {"type": "Feature", "geometry": {"type": "LineString", "coordinates": [[16.4844888, 43.5258916], [16.4844884, 43.5276187]]}, "properties": {"tema": "namjena-poslovna", "opis": "K — gospodarska namjena, poslovna", "cad_sloj": "boja #ffbf7e", "list": "1. Koristenje i namjena", "plan": "UPU Bilice sjever", "izvor": "UPU Bilice sjever (split.hr), vektorizirano iz PDF-a"}}, {"type": "Feature", "geometry": {"type": "LineString", "coordinates": [[16.4844983, 43.5258904], [16.4844978, 43.5276155]]}, "properties": {"tema": "namjena-poslovna", "opis": "K — gospodarska namjena, poslovna", "cad_sloj": "boja #ffbf7e", "list": "1. Koristenje i namjena", "plan": "UPU Bilice sjever", "izvor": "UPU Bilice sjever (split.hr), vektorizirano iz PDF-a"}}, {"type": "Feature", "geometry": {"type": "LineString", "coordinates": [[16.4845074, 43.5258895], [16.484507, 43.5276123]]}, "properties": {"tema": "namjena-poslovna", "opis": "K — gospodarska namjena, poslovna", "cad_sloj": "boja #ffbf7e", "list": "1. Koristenje i namjena", "plan": "UPU Bilice sjever", "izvor": "UPU Bilice sjever (split.hr), vektorizirano iz PDF-a"}}, {"type": "Feature", "geometry": {"type": "LineString", "coordinates": [[16.4845168, 43.5258885], [16.4845164, 43.5276088]]}, "properties": {"tema": "namjena-poslovna", "opis": "K — gospodarska namjena, poslovna", "cad_sloj": "boja #ffbf7e", "list": "1. Koristenje i namjena", "plan": "UPU Bilice sjever", "izvor": "UPU Bilice sjever (split.hr), vektorizirano iz PDF-a"}}, {"type": "Feature", "geometry": {"type": "LineString", "coordinates": [[16.484526, 43.5258874], [16.4845256, 43.5276056]]}, "properties": {"tema": "namjena-poslovna", "opis": "K — gospodarska namjena, poslovna", "cad_sloj": "boja #ffbf7e", "list": "1. Koristenje i namjena", "plan": "UPU Bilice sjever", "izvor": "UPU Bilice sjever (split.hr), vektorizirano iz PDF-a"}}, {"type": "Feature", "geometry": {"type": "LineString", "coordinates": [[16.4845354, 43.5258864], [16.484535, 43.5276024]]}, "properties": {"tema": "namjena-poslovna", "opis": "K — gospodarska namjena, poslovna", "cad_sloj": "boja #ffbf7e", "list": "1. Koristenje i namjena", "plan": "UPU Bilice sjever", "izvor": "UPU Bilice sjever (split.hr), vektorizirano iz PDF-a"}}, {"type": "Feature", "geometry": {"type": "LineString", "coordinates": [[16.4845446, 43.5258853], [16.4845442, 43.5275991]]}, "properties": {"tema": "namjena-poslovna", "opis": "K — gospodarska namjena, poslovna", "cad_sloj": "boja #ffbf7e", "list": "1. Koristenje i namjena", "plan": "UPU Bilice sjever", "izvor": "UPU Bilice sjever (split.hr), vektorizirano iz PDF-a"}}, {"type": "Feature", "geometry": {"type": "LineString", "coordinates": [[16.4845538, 43.5258843], [16.4845533, 43.5275957]]}, "properties": {"tema": "namjena-poslovna", "opis": "K — gospodarska namjena, poslovna", "cad_sloj": "boja #ffbf7e", "list": "1. Koristenje i namjena", "plan": "UPU Bilice sjever", "izvor": "UPU Bilice sjever (split.hr), vektorizirano iz PDF-a"}}, {"type": "Feature", "geometry": {"type": "LineString", "coordinates": [[16.4845632, 43.5258834], [16.4845628, 43.5275925]]}, "properties": {"tema": "namjena-poslovna", "opis": "K — gospodarska namjena, poslovna", "cad_sloj": "boja #ffbf7e", "list": "1. Koristenje i namjena", "plan": "UPU Bilice sjever", "izvor": "UPU Bilice sjever (split.hr), vektorizirano iz PDF-a"}}, {"type": "Feature", "geometry": {"type": "LineString", "coordinates": [[16.4845724, 43.5258822], [16.4845719, 43.5275892]]}, "properties": {"tema": "namjena-poslovna", "opis": "K — gospodarska namjena, poslovna", "cad_sloj": "boja #ffbf7e", "list": "1. Koristenje i namjena", "plan": "UPU Bilice sjever", "izvor": "UPU Bilice sjever (split.hr), vektorizirano iz PDF-a"}}, {"type": "Feature", "geometry": {"type": "LineString", "coordinates": [[16.4845818, 43.5258813], [16.4845814, 43.5275858]]}, "properties": {"tema": "namjena-poslovna", "opis": "K — gospodarska namjena, poslovna", "cad_sloj": "boja #ffbf7e", "list": "1. Koristenje i namjena", "plan": "UPU Bilice sjever", "izvor": "UPU Bilice sjever (split.hr), vektorizirano iz PDF-a"}}, {"type": "Feature", "geometry": {"type": "LineString", "coordinates": [[16.484591, 43.5258801], [16.4845905, 43.5275825]]}, "properties": {"tema": "namjena-poslovna", "opis": "K — gospodarska namjena, poslovna", "cad_sloj": "boja #ffbf7e", "list": "1. Koristenje i namjena", "plan": "UPU Bilice sjever", "izvor": "UPU Bilice sjever (split.hr), vektorizirano iz PDF-a"}}, {"type": "Feature", "geometry": {"type": "LineString", "coordinates": [[16.4846004, 43.5258792], [16.4845999, 43.5275793]]}, "properties": {"tema": "namjena-poslovna", "opis": "K — gospodarska namjena, poslovna", "cad_sloj": "boja #ffbf7e", "list": "1. Koristenje i namjena", "plan": "UPU Bilice sjever", "izvor": "UPU Bilice sjever (split.hr), vektorizirano iz PDF-a"}}, {"type": "Feature", "geometry": {"type": "LineString", "coordinates": [[16.4846095, 43.525878], [16.4846091, 43.5275761]]}, "properties": {"tema": "namjena-poslovna", "opis": "K — gospodarska namjena, poslovna", "cad_sloj": "boja #ffbf7e", "list": "1. Koristenje i namjena", "plan": "UPU Bilice sjever", "izvor": "UPU Bilice sjever (split.hr), vektorizirano iz PDF-a"}}, {"type": "Feature", "geometry": {"type": "LineString", "coordinates": [[16.484619, 43.5258771], [16.4846185, 43.5275726]]}, "properties": {"tema": "namjena-poslovna", "opis": "K — gospodarska namjena, poslovna", "cad_sloj": "boja #ffbf7e", "list": "1. Koristenje i namjena", "plan": "UPU Bilice sjever", "izvor": "UPU Bilice sjever (split.hr), vektorizirano iz PDF-a"}}, {"type": "Feature", "geometry": {"type": "LineString", "coordinates": [[16.4846281, 43.5258761], [16.4846277, 43.5275694]]}, "properties": {"tema": "namjena-poslovna", "opis": "K — gospodarska namjena, poslovna", "cad_sloj": "boja #ffbf7e", "list": "1. Koristenje i namjena", "plan": "UPU Bilice sjever", "izvor": "UPU Bilice sjever (split.hr), vektorizirano iz PDF-a"}}, {"type": "Feature", "geometry": {"type": "LineString", "coordinates": [[16.4846373, 43.525875], [16.4846369, 43.5275662]]}, "properties": {"tema": "namjena-poslovna", "opis": "K — gospodarska namjena, poslovna", "cad_sloj": "boja #ffbf7e", "list": "1. Koristenje i namjena", "plan": "UPU Bilice sjever", "izvor": "UPU Bilice sjever (split.hr), vektorizirano iz PDF-a"}}, {"type": "Feature", "geometry": {"type": "LineString", "coordinates": [[16.4846467, 43.525874], [16.4846463, 43.5275629]]}, "properties": {"tema": "namjena-poslovna", "opis": "K — gospodarska namjena, poslovna", "cad_sloj": "boja #ffbf7e", "list": "1. Koristenje i namjena", "plan": "UPU Bilice sjever", "izvor": "UPU Bilice sjever (split.hr), vektorizirano iz PDF-a"}}, {"type": "Feature", "geometry": {"type": "LineString", "coordinates": [[16.4846559, 43.5258729], [16.4846555, 43.5275595]]}, "properties": {"tema": "namjena-poslovna", "opis": "K — gospodarska namjena, poslovna", "cad_sloj": "boja #ffbf7e", "list": "1. Koristenje i namjena", "plan": "UPU Bilice sjever", "izvor": "UPU Bilice sjever (split.hr), vektorizirano iz PDF-a"}}, {"type": "Feature", "geometry": {"type": "LineString", "coordinates": [[16.4846653, 43.525872], [16.4846649, 43.5275563]]}, "properties": {"tema": "namjena-poslovna", "opis": "K — gospodarska namjena, poslovna", "cad_sloj": "boja #ffbf7e", "list": "1. Koristenje i namjena", "plan": "UPU Bilice sjever", "izvor": "UPU Bilice sjever (split.hr), vektorizirano iz PDF-a"}}, {"type": "Feature", "geometry": {"type": "LineString", "coordinates": [[16.4846745, 43.525871], [16.4846741, 43.527553]]}, "properties": {"tema": "namjena-poslovna", "opis": "K — gospodarska namjena, poslovna", "cad_sloj": "boja #ffbf7e", "list": "1. Koristenje i namjena", "plan": "UPU Bilice sjever", "izvor": "UPU Bilice sjever (split.hr), vektorizirano iz PDF-a"}}, {"type": "Feature", "geometry": {"type": "LineString", "coordinates": [[16.4846839, 43.5258699], [16.4846835, 43.5275496]]}, "properties": {"tema": "namjena-poslovna", "opis": "K — gospodarska namjena, poslovna", "cad_sloj": "boja #ffbf7e", "list": "1. Koristenje i namjena", "plan": "UPU Bilice sjever", "izvor": "UPU Bilice sjever (split.hr), vektorizirano iz PDF-a"}}, {"type": "Feature", "geometry": {"type": "LineString", "coordinates": [[16.4846931, 43.5258689], [16.4846927, 43.5275464]]}, "properties": {"tema": "namjena-poslovna", "opis": "K — gospodarska namjena, poslovna", "cad_sloj": "boja #ffbf7e", "list": "1. Koristenje i namjena", "plan": "UPU Bilice sjever", "izvor": "UPU Bilice sjever (split.hr), vektorizirano iz PDF-a"}}, {"type": "Feature", "geometry": {"type": "LineString", "coordinates": [[16.4847022, 43.5258678], [16.4847018, 43.5275431]]}, "properties": {"tema": "namjena-poslovna", "opis": "K — gospodarska namjena, poslovna", "cad_sloj": "boja #ffbf7e", "list": "1. Koristenje i namjena", "plan": "UPU Bilice sjever", "izvor": "UPU Bilice sjever (split.hr), vektorizirano iz PDF-a"}}, {"type": "Feature", "geometry": {"type": "LineString", "coordinates": [[16.4847117, 43.5258668], [16.4847112, 43.5275399]]}, "properties": {"tema": "namjena-poslovna", "opis": "K — gospodarska namjena, poslovna", "cad_sloj": "boja #ffbf7e", "list": "1. Koristenje i namjena", "plan": "UPU Bilice sjever", "izvor": "UPU Bilice sjever (split.hr), vektorizirano iz PDF-a"}}, {"type": "Feature", "geometry": {"type": "LineString", "coordinates": [[16.4847208, 43.5258657], [16.4847204, 43.5275365]]}, "properties": {"tema": "namjena-poslovna", "opis": "K — gospodarska namjena, poslovna", "cad_sloj": "boja #ffbf7e", "list": "1. Koristenje i namjena", "plan": "UPU Bilice sjever", "izvor": "UPU Bilice sjever (split.hr), vektorizirano iz PDF-a"}}, {"type": "Feature", "geometry": {"type": "LineString", "coordinates": [[16.4847303, 43.5258647], [16.4847298, 43.5275332]]}, "properties": {"tema": "namjena-poslovna", "opis": "K — gospodarska namjena, poslovna", "cad_sloj": "boja #ffbf7e", "list": "1. Koristenje i namjena", "plan": "UPU Bilice sjever", "izvor": "UPU Bilice sjever (split.hr), vektorizirano iz PDF-a"}}, {"type": "Feature", "geometry": {"type": "LineString", "coordinates": [[16.4847394, 43.5258638], [16.484739, 43.52753]]}, "properties": {"tema": "namjena-poslovna", "opis": "K — gospodarska namjena, poslovna", "cad_sloj": "boja #ffbf7e", "list": "1. Koristenje i namjena", "plan": "UPU Bilice sjever", "izvor": "UPU Bilice sjever (split.hr), vektorizirano iz PDF-a"}}, {"type": "Feature", "geometry": {"type": "LineString", "coordinates": [[16.4847489, 43.5258626], [16.4847484, 43.5275267]]}, "properties": {"tema": "namjena-poslovna", "opis": "K — gospodarska namjena, poslovna", "cad_sloj": "boja #ffbf7e", "list": "1. Koristenje i namjena", "plan": "UPU Bilice sjever", "izvor": "UPU Bilice sjever (split.hr), vektorizirano iz PDF-a"}}, {"type": "Feature", "geometry": {"type": "LineString", "coordinates": [[16.484758, 43.5258617], [16.4847576, 43.5275233]]}, "properties": {"tema": "namjena-poslovna", "opis": "K — gospodarska namjena, poslovna", "cad_sloj": "boja #ffbf7e", "list": "1. Koristenje i namjena", "plan": "UPU Bilice sjever", "izvor": "UPU Bilice sjever (split.hr), vektorizirano iz PDF-a"}}, {"type": "Feature", "geometry": {"type": "LineString", "coordinates": [[16.4847672, 43.5258605], [16.4847668, 43.5275201]]}, "properties": {"tema": "namjena-poslovna", "opis": "K — gospodarska namjena, poslovna", "cad_sloj": "boja #ffbf7e", "list": "1. Koristenje i namjena", "plan": "UPU Bilice sjever", "izvor": "UPU Bilice sjever (split.hr), vektorizirano iz PDF-a"}}, {"type": "Feature", "geometry": {"type": "LineString", "coordinates": [[16.4847766, 43.5258596], [16.4847762, 43.5275168]]}, "properties": {"tema": "namjena-poslovna", "opis": "K — gospodarska namjena, poslovna", "cad_sloj": "boja #ffbf7e", "list": "1. Koristenje i namjena", "plan": "UPU Bilice sjever", "izvor": "UPU Bilice sjever (split.hr), vektorizirano iz PDF-a"}}, {"type": "Feature", "geometry": {"type": "LineString", "coordinates": [[16.4847858, 43.5258586], [16.4847854, 43.5275136]]}, "properties": {"tema": "namjena-poslovna", "opis": "K — gospodarska namjena, poslovna", "cad_sloj": "boja #ffbf7e", "list": "1. Koristenje i namjena", "plan": "UPU Bilice sjever", "izvor": "UPU Bilice sjever (split.hr), vektorizirano iz PDF-a"}}, {"type": "Feature", "geometry": {"type": "LineString", "coordinates": [[16.4847952, 43.5258575], [16.4847948, 43.5275102]]}, "properties": {"tema": "namjena-poslovna", "opis": "K — gospodarska namjena, poslovna", "cad_sloj": "boja #ffbf7e", "list": "1. Koristenje i namjena", "plan": "UPU Bilice sjever", "izvor": "UPU Bilice sjever (split.hr), vektorizirano iz PDF-a"}}, {"type": "Feature", "geometry": {"type": "LineString", "coordinates": [[16.4848044, 43.5258565], [16.484804, 43.5275069]]}, "properties": {"tema": "namjena-poslovna", "opis": "K — gospodarska namjena, poslovna", "cad_sloj": "boja #ffbf7e", "list": "1. Koristenje i namjena", "plan": "UPU Bilice sjever", "izvor": "UPU Bilice sjever (split.hr), vektorizirano iz PDF-a"}}, {"type": "Feature", "geometry": {"type": "LineString", "coordinates": [[16.4848138, 43.5258554], [16.4848134, 43.5275037]]}, "properties": {"tema": "namjena-poslovna", "opis": "K — gospodarska namjena, poslovna", "cad_sloj": "boja #ffbf7e", "list": "1. Koristenje i namjena", "plan": "UPU Bilice sjever", "izvor": "UPU Bilice sjever (split.hr), vektorizirano iz PDF-a"}}, {"type": "Feature", "geometry": {"type": "LineString", "coordinates": [[16.484823, 43.5258544], [16.4848225, 43.5275003]]}, "properties": {"tema": "namjena-poslovna", "opis": "K — gospodarska namjena, poslovna", "cad_sloj": "boja #ffbf7e", "list": "1. Koristenje i namjena", "plan": "UPU Bilice sjever", "izvor": "UPU Bilice sjever (split.hr), vektorizirano iz PDF-a"}}, {"type": "Feature", "geometry": {"type": "LineString", "coordinates": [[16.4848321, 43.5258535], [16.4848317, 43.527497]]}, "properties": {"tema": "namjena-poslovna", "opis": "K — gospodarska namjena, poslovna", "cad_sloj": "boja #ffbf7e", "list": "1. Koristenje i namjena", "plan": "UPU Bilice sjever", "izvor": "UPU Bilice sjever (split.hr), vektorizirano iz PDF-a"}}, {"type": "Feature", "geometry": {"type": "LineString", "coordinates": [[16.4848416, 43.5258523], [16.4848411, 43.5274938]]}, "properties": {"tema": "namjena-poslovna", "opis": "K — gospodarska namjena, poslovna", "cad_sloj": "boja #ffbf7e", "list": "1. Koristenje i namjena", "plan": "UPU Bilice sjever", "izvor": "UPU Bilice sjever (split.hr), vektorizirano iz PDF-a"}}, {"type": "Feature", "geometry": {"type": "LineString", "coordinates": [[16.4848507, 43.5258514], [16.4848503, 43.5274906]]}, "properties": {"tema": "namjena-poslovna", "opis": "K — gospodarska namjena, poslovna", "cad_sloj": "boja #ffbf7e", "list": "1. Koristenje i namjena", "plan": "UPU Bilice sjever", "izvor": "UPU Bilice sjever (split.hr), vektorizirano iz PDF-a"}}, {"type": "Feature", "geometry": {"type": "LineString", "coordinates": [[16.4848601, 43.5258503], [16.4848597, 43.5274871]]}, "properties": {"tema": "namjena-poslovna", "opis": "K — gospodarska namjena, poslovna", "cad_sloj": "boja #ffbf7e", "list": "1. Koristenje i namjena", "plan": "UPU Bilice sjever", "izvor": "UPU Bilice sjever (split.hr), vektorizirano iz PDF-a"}}, {"type": "Feature", "geometry": {"type": "LineString", "coordinates": [[16.4848693, 43.5258493], [16.4848689, 43.5274839]]}, "properties": {"tema": "namjena-poslovna", "opis": "K — gospodarska namjena, poslovna", "cad_sloj": "boja #ffbf7e", "list": "1. Koristenje i namjena", "plan": "UPU Bilice sjever", "izvor": "UPU Bilice sjever (split.hr), vektorizirano iz PDF-a"}}, {"type": "Feature", "geometry": {"type": "LineString", "coordinates": [[16.4848787, 43.5258482], [16.4848783, 43.5274807]]}, "properties": {"tema": "namjena-poslovna", "opis": "K — gospodarska namjena, poslovna", "cad_sloj": "boja #ffbf7e", "list": "1. Koristenje i namjena", "plan": "UPU Bilice sjever", "izvor": "UPU Bilice sjever (split.hr), vektorizirano iz PDF-a"}}, {"type": "Feature", "geometry": {"type": "LineString", "coordinates": [[16.4848879, 43.5258472], [16.4848875, 43.5274774]]}, "properties": {"tema": "namjena-poslovna", "opis": "K — gospodarska namjena, poslovna", "cad_sloj": "boja #ffbf7e", "list": "1. Koristenje i namjena", "plan": "UPU Bilice sjever", "izvor": "UPU Bilice sjever (split.hr), vektorizirano iz PDF-a"}}, {"type": "Feature", "geometry": {"type": "LineString", "coordinates": [[16.4848971, 43.5258463], [16.4848967, 43.527474]]}, "properties": {"tema": "namjena-poslovna", "opis": "K — gospodarska namjena, poslovna", "cad_sloj": "boja #ffbf7e", "list": "1. Koristenje i namjena", "plan": "UPU Bilice sjever", "izvor": "UPU Bilice sjever (split.hr), vektorizirano iz PDF-a"}}, {"type": "Feature", "geometry": {"type": "LineString", "coordinates": [[16.4849065, 43.5258451], [16.4849061, 43.5274707]]}, "properties": {"tema": "namjena-poslovna", "opis": "K — gospodarska namjena, poslovna", "cad_sloj": "boja #ffbf7e", "list": "1. Koristenje i namjena", "plan": "UPU Bilice sjever", "izvor": "UPU Bilice sjever (split.hr), vektorizirano iz PDF-a"}}, {"type": "Feature", "geometry": {"type": "LineString", "coordinates": [[16.4849157, 43.5258442], [16.4849153, 43.5274675]]}, "properties": {"tema": "namjena-poslovna", "opis": "K — gospodarska namjena, poslovna", "cad_sloj": "boja #ffbf7e", "list": "1. Koristenje i namjena", "plan": "UPU Bilice sjever", "izvor": "UPU Bilice sjever (split.hr), vektorizirano iz PDF-a"}}, {"type": "Feature", "geometry": {"type": "LineString", "coordinates": [[16.4849251, 43.525843], [16.4849247, 43.5274641]]}, "properties": {"tema": "namjena-poslovna", "opis": "K — gospodarska namjena, poslovna", "cad_sloj": "boja #ffbf7e", "list": "1. Koristenje i namjena", "plan": "UPU Bilice sjever", "izvor": "UPU Bilice sjever (split.hr), vektorizirano iz PDF-a"}}, {"type": "Feature", "geometry": {"type": "LineString", "coordinates": [[16.4849343, 43.5258421], [16.4849338, 43.5274608]]}, "properties": {"tema": "namjena-poslovna", "opis": "K — gospodarska namjena, poslovna", "cad_sloj": "boja #ffbf7e", "list": "1. Koristenje i namjena", "plan": "UPU Bilice sjever", "izvor": "UPU Bilice sjever (split.hr), vektorizirano iz PDF-a"}}, {"type": "Feature", "geometry": {"type": "LineString", "coordinates": [[16.4849437, 43.5258411], [16.4849433, 43.5274576]]}, "properties": {"tema": "namjena-poslovna", "opis": "K — gospodarska namjena, poslovna", "cad_sloj": "boja #ffbf7e", "list": "1. Koristenje i namjena", "plan": "UPU Bilice sjever", "izvor": "UPU Bilice sjever (split.hr), vektorizirano iz PDF-a"}}, {"type": "Feature", "geometry": {"type": "LineString", "coordinates": [[16.4849528, 43.52584], [16.4849524, 43.5274544]]}, "properties": {"tema": "namjena-poslovna", "opis": "K — gospodarska namjena, poslovna", "cad_sloj": "boja #ffbf7e", "list": "1. Koristenje i namjena", "plan": "UPU Bilice sjever", "izvor": "UPU Bilice sjever (split.hr), vektorizirano iz PDF-a"}}, {"type": "Feature", "geometry": {"type": "LineString", "coordinates": [[16.4849623, 43.525839], [16.4849619, 43.5274509]]}, "properties": {"tema": "namjena-poslovna", "opis": "K — gospodarska namjena, poslovna", "cad_sloj": "boja #ffbf7e", "list": "1. Koristenje i namjena", "plan": "UPU Bilice sjever", "izvor": "UPU Bilice sjever (split.hr), vektorizirano iz PDF-a"}}, {"type": "Feature", "geometry": {"type": "LineString", "coordinates": [[16.4849714, 43.5258379], [16.484971, 43.5274477]]}, "properties": {"tema": "namjena-poslovna", "opis": "K — gospodarska namjena, poslovna", "cad_sloj": "boja #ffbf7e", "list": "1. Koristenje i namjena", "plan": "UPU Bilice sjever", "izvor": "UPU Bilice sjever (split.hr), vektorizirano iz PDF-a"}}, {"type": "Feature", "geometry": {"type": "LineString", "coordinates": [[16.4849806, 43.5258369], [16.4849802, 43.5274445]]}, "properties": {"tema": "namjena-poslovna", "opis": "K — gospodarska namjena, poslovna", "cad_sloj": "boja #ffbf7e", "list": "1. Koristenje i namjena", "plan": "UPU Bilice sjever", "izvor": "UPU Bilice sjever (split.hr), vektorizirano iz PDF-a"}}, {"type": "Feature", "geometry": {"type": "LineString", "coordinates": [[16.48499, 43.525836], [16.4849896, 43.5274412]]}, "properties": {"tema": "namjena-poslovna", "opis": "K — gospodarska namjena, poslovna", "cad_sloj": "boja #ffbf7e", "list": "1. Koristenje i namjena", "plan": "UPU Bilice sjever", "izvor": "UPU Bilice sjever (split.hr), vektorizirano iz PDF-a"}}, {"type": "Feature", "geometry": {"type": "LineString", "coordinates": [[16.4849992, 43.5258348], [16.4849988, 43.5274376]]}, "properties": {"tema": "namjena-poslovna", "opis": "K — gospodarska namjena, poslovna", "cad_sloj": "boja #ffbf7e", "list": "1. Koristenje i namjena", "plan": "UPU Bilice sjever", "izvor": "UPU Bilice sjever (split.hr), vektorizirano iz PDF-a"}}, {"type": "Feature", "geometry": {"type": "LineString", "coordinates": [[16.4850086, 43.5258339], [16.4850082, 43.5274334]]}, "properties": {"tema": "namjena-poslovna", "opis": "K — gospodarska namjena, poslovna", "cad_sloj": "boja #ffbf7e", "list": "1. Koristenje i namjena", "plan": "UPU Bilice sjever", "izvor": "UPU Bilice sjever (split.hr), vektorizirano iz PDF-a"}}, {"type": "Feature", "geometry": {"type": "LineString", "coordinates": [[16.4850178, 43.5258327], [16.4850174, 43.5274287]]}, "properties": {"tema": "namjena-poslovna", "opis": "K — gospodarska namjena, poslovna", "cad_sloj": "boja #ffbf7e", "list": "1. Koristenje i namjena", "plan": "UPU Bilice sjever", "izvor": "UPU Bilice sjever (split.hr), vektorizirano iz PDF-a"}}, {"type": "Feature", "geometry": {"type": "LineString", "coordinates": [[16.4850272, 43.5258318], [16.4850268, 43.5274233]]}, "properties": {"tema": "namjena-poslovna", "opis": "K — gospodarska namjena, poslovna", "cad_sloj": "boja #ffbf7e", "list": "1. Koristenje i namjena", "plan": "UPU Bilice sjever", "izvor": "UPU Bilice sjever (split.hr), vektorizirano iz PDF-a"}}, {"type": "Feature", "geometry": {"type": "LineString", "coordinates": [[16.4850364, 43.5258307], [16.485036, 43.5274172]]}, "properties": {"tema": "namjena-poslovna", "opis": "K — gospodarska namjena, poslovna", "cad_sloj": "boja #ffbf7e", "list": "1. Koristenje i namjena", "plan": "UPU Bilice sjever", "izvor": "UPU Bilice sjever (split.hr), vektorizirano iz PDF-a"}}, {"type": "Feature", "geometry": {"type": "LineString", "coordinates": [[16.4850455, 43.5258297], [16.4850452, 43.5274102]]}, "properties": {"tema": "namjena-poslovna", "opis": "K — gospodarska namjena, poslovna", "cad_sloj": "boja #ffbf7e", "list": "1. Koristenje i namjena", "plan": "UPU Bilice sjever", "izvor": "UPU Bilice sjever (split.hr), vektorizirano iz PDF-a"}}, {"type": "Feature", "geometry": {"type": "LineString", "coordinates": [[16.485055, 43.5258287], [16.4850546, 43.5274018]]}, "properties": {"tema": "namjena-poslovna", "opis": "K — gospodarska namjena, poslovna", "cad_sloj": "boja #ffbf7e", "list": "1. Koristenje i namjena", "plan": "UPU Bilice sjever", "izvor": "UPU Bilice sjever (split.hr), vektorizirano iz PDF-a"}}, {"type": "Feature", "geometry": {"type": "LineString", "coordinates": [[16.4850641, 43.5258276], [16.4850637, 43.5273921]]}, "properties": {"tema": "namjena-poslovna", "opis": "K — gospodarska namjena, poslovna", "cad_sloj": "boja #ffbf7e", "list": "1. Koristenje i namjena", "plan": "UPU Bilice sjever", "izvor": "UPU Bilice sjever (split.hr), vektorizirano iz PDF-a"}}, {"type": "Feature", "geometry": {"type": "LineString", "coordinates": [[16.4850736, 43.5258267], [16.4850732, 43.5273799]]}, "properties": {"tema": "namjena-poslovna", "opis": "K — gospodarska namjena, poslovna", "cad_sloj": "boja #ffbf7e", "list": "1. Koristenje i namjena", "plan": "UPU Bilice sjever", "izvor": "UPU Bilice sjever (split.hr), vektorizirano iz PDF-a"}}, {"type": "Feature", "geometry": {"type": "LineString", "coordinates": [[16.4850827, 43.5258255], [16.4850823, 43.5273639]]}, "properties": {"tema": "namjena-poslovna", "opis": "K — gospodarska namjena, poslovna", "cad_sloj": "boja #ffbf7e", "list": "1. Koristenje i namjena", "plan": "UPU Bilice sjever", "izvor": "UPU Bilice sjever (split.hr), vektorizirano iz PDF-a"}}, {"type": "Feature", "geometry": {"type": "LineString", "coordinates": [[16.4850922, 43.5258246], [16.4850918, 43.5273462]]}, "properties": {"tema": "namjena-poslovna", "opis": "K — gospodarska namjena, poslovna", "cad_sloj": "boja #ffbf7e", "list": "1. Koristenje i namjena", "plan": "UPU Bilice sjever", "izvor": "UPU Bilice sjever (split.hr), vektorizirano iz PDF-a"}}, {"type": "Feature", "geometry": {"type": "LineString", "coordinates": [[16.4851013, 43.5258236], [16.4851009, 43.5273309]]}, "properties": {"tema": "namjena-poslovna", "opis": "K — gospodarska namjena, poslovna", "cad_sloj": "boja #ffbf7e", "list": "1. Koristenje i namjena", "plan": "UPU Bilice sjever", "izvor": "UPU Bilice sjever (split.hr), vektorizirano iz PDF-a"}}, {"type": "Feature", "geometry": {"type": "LineString", "coordinates": [[16.4851105, 43.5258227], [16.4851101, 43.5273185]]}, "properties": {"tema": "namjena-poslovna", "opis": "K — gospodarska namjena, poslovna", "cad_sloj": "boja #ffbf7e", "list": "1. Koristenje i namjena", "plan": "UPU Bilice sjever", "izvor": "UPU Bilice sjever (split.hr), vektorizirano iz PDF-a"}}, {"type": "Feature", "geometry": {"type": "LineString", "coordinates": [[16.4851199, 43.5258219], [16.4851195, 43.5273083]]}, "properties": {"tema": "namjena-poslovna", "opis": "K — gospodarska namjena, poslovna", "cad_sloj": "boja #ffbf7e", "list": "1. Koristenje i namjena", "plan": "UPU Bilice sjever", "izvor": "UPU Bilice sjever (split.hr), vektorizirano iz PDF-a"}}, {"type": "Feature", "geometry": {"type": "LineString", "coordinates": [[16.4851291, 43.5258211], [16.4851287, 43.5272995]]}, "properties": {"tema": "namjena-poslovna", "opis": "K — gospodarska namjena, poslovna", "cad_sloj": "boja #ffbf7e", "list": "1. Koristenje i namjena", "plan": "UPU Bilice sjever", "izvor": "UPU Bilice sjever (split.hr), vektorizirano iz PDF-a"}}, {"type": "Feature", "geometry": {"type": "LineString", "coordinates": [[16.4851385, 43.5258204], [16.4851381, 43.5272917]]}, "properties": {"tema": "namjena-poslovna", "opis": "K — gospodarska namjena, poslovna", "cad_sloj": "boja #ffbf7e", "list": "1. Koristenje i namjena", "plan": "UPU Bilice sjever", "izvor": "UPU Bilice sjever (split.hr), vektorizirano iz PDF-a"}}, {"type": "Feature", "geometry": {"type": "LineString", "coordinates": [[16.4851477, 43.5258198], [16.4851473, 43.5272846]]}, "properties": {"tema": "namjena-poslovna", "opis": "K — gospodarska namjena, poslovna", "cad_sloj": "boja #ffbf7e", "list": "1. Koristenje i namjena", "plan": "UPU Bilice sjever", "izvor": "UPU Bilice sjever (split.hr), vektorizirano iz PDF-a"}}, {"type": "Feature", "geometry": {"type": "LineString", "coordinates": [[16.4851571, 43.5258192], [16.4851567, 43.5272783]]}, "properties": {"tema": "namjena-poslovna", "opis": "K — gospodarska namjena, poslovna", "cad_sloj": "boja #ffbf7e", "list": "1. Koristenje i namjena", "plan": "UPU Bilice sjever", "izvor": "UPU Bilice sjever (split.hr), vektorizirano iz PDF-a"}}, {"type": "Feature", "geometry": {"type": "LineString", "coordinates": [[16.4851663, 43.5258187], [16.4851659, 43.5272728]]}, "properties": {"tema": "namjena-poslovna", "opis": "K — gospodarska namjena, poslovna", "cad_sloj": "boja #ffbf7e", "list": "1. Koristenje i namjena", "plan": "UPU Bilice sjever", "izvor": "UPU Bilice sjever (split.hr), vektorizirano iz PDF-a"}}, {"type": "Feature", "geometry": {"type": "LineString", "coordinates": [[16.4851754, 43.5258183], [16.4851751, 43.5272679]]}, "properties": {"tema": "namjena-poslovna", "opis": "K — gospodarska namjena, poslovna", "cad_sloj": "boja #ffbf7e", "list": "1. Koristenje i namjena", "plan": "UPU Bilice sjever", "izvor": "UPU Bilice sjever (split.hr), vektorizirano iz PDF-a"}}, {"type": "Feature", "geometry": {"type": "LineString", "coordinates": [[16.4851849, 43.5258179], [16.4851845, 43.5272633]]}, "properties": {"tema": "namjena-poslovna", "opis": "K — gospodarska namjena, poslovna", "cad_sloj": "boja #ffbf7e", "list": "1. Koristenje i namjena", "plan": "UPU Bilice sjever", "izvor": "UPU Bilice sjever (split.hr), vektorizirano iz PDF-a"}}, {"type": "Feature", "geometry": {"type": "LineString", "coordinates": [[16.485194, 43.5258177], [16.4851937, 43.5272591]]}, "properties": {"tema": "namjena-poslovna", "opis": "K — gospodarska namjena, poslovna", "cad_sloj": "boja #ffbf7e", "list": "1. Koristenje i namjena", "plan": "UPU Bilice sjever", "izvor": "UPU Bilice sjever (split.hr), vektorizirano iz PDF-a"}}, {"type": "Feature", "geometry": {"type": "LineString", "coordinates": [[16.4852034, 43.5258175], [16.4852031, 43.5272551]]}, "properties": {"tema": "namjena-poslovna", "opis": "K — gospodarska namjena, poslovna", "cad_sloj": "boja #ffbf7e", "list": "1. Koristenje i namjena", "plan": "UPU Bilice sjever", "izvor": "UPU Bilice sjever (split.hr), vektorizirano iz PDF-a"}}, {"type": "Feature", "geometry": {"type": "LineString", "coordinates": [[16.4852126, 43.5258173], [16.4852123, 43.5272513]]}, "properties": {"tema": "namjena-poslovna", "opis": "K — gospodarska namjena, poslovna", "cad_sloj": "boja #ffbf7e", "list": "1. Koristenje i namjena", "plan": "UPU Bilice sjever", "izvor": "UPU Bilice sjever (split.hr), vektorizirano iz PDF-a"}}, {"type": "Feature", "geometry": {"type": "LineString", "coordinates": [[16.485222, 43.5258172], [16.4852217, 43.5272469]]}, "properties": {"tema": "namjena-poslovna", "opis": "K — gospodarska namjena, poslovna", "cad_sloj": "boja #ffbf7e", "list": "1. Koristenje i namjena", "plan": "UPU Bilice sjever", "izvor": "UPU Bilice sjever (split.hr), vektorizirano iz PDF-a"}}, {"type": "Feature", "geometry": {"type": "LineString", "coordinates": [[16.4852312, 43.5258168], [16.4852309, 43.5272421]]}, "properties": {"tema": "namjena-poslovna", "opis": "K — gospodarska namjena, poslovna", "cad_sloj": "boja #ffbf7e", "list": "1. Koristenje i namjena", "plan": "UPU Bilice sjever", "izvor": "UPU Bilice sjever (split.hr), vektorizirano iz PDF-a"}}, {"type": "Feature", "geometry": {"type": "LineString", "coordinates": [[16.4852406, 43.5258164], [16.4852403, 43.5272366]]}, "properties": {"tema": "namjena-poslovna", "opis": "K — gospodarska namjena, poslovna", "cad_sloj": "boja #ffbf7e", "list": "1. Koristenje i namjena", "plan": "UPU Bilice sjever", "izvor": "UPU Bilice sjever (split.hr), vektorizirano iz PDF-a"}}, {"type": "Feature", "geometry": {"type": "LineString", "coordinates": [[16.4852498, 43.525816], [16.4852494, 43.5272303]]}, "properties": {"tema": "namjena-poslovna", "opis": "K — gospodarska namjena, poslovna", "cad_sloj": "boja #ffbf7e", "list": "1. Koristenje i namjena", "plan": "UPU Bilice sjever", "izvor": "UPU Bilice sjever (split.hr), vektorizirano iz PDF-a"}}, {"type": "Feature", "geometry": {"type": "LineString", "coordinates": [[16.485259, 43.5258154], [16.4852586, 43.5272229]]}, "properties": {"tema": "namjena-poslovna", "opis": "K — gospodarska namjena, poslovna", "cad_sloj": "boja #ffbf7e", "list": "1. Koristenje i namjena", "plan": "UPU Bilice sjever", "izvor": "UPU Bilice sjever (split.hr), vektorizirano iz PDF-a"}}, {"type": "Feature", "geometry": {"type": "LineString", "coordinates": [[16.4852684, 43.5258149], [16.485268, 43.5272145]]}, "properties": {"tema": "namjena-poslovna", "opis": "K — gospodarska namjena, poslovna", "cad_sloj": "boja #ffbf7e", "list": "1. Koristenje i namjena", "plan": "UPU Bilice sjever", "izvor": "UPU Bilice sjever (split.hr), vektorizirano iz PDF-a"}}, {"type": "Feature", "geometry": {"type": "LineString", "coordinates": [[16.4852775, 43.5258143], [16.4852772, 43.5272042]]}, "properties": {"tema": "namjena-poslovna", "opis": "K — gospodarska namjena, poslovna", "cad_sloj": "boja #ffbf7e", "list": "1. Koristenje i namjena", "plan": "UPU Bilice sjever", "izvor": "UPU Bilice sjever (split.hr), vektorizirano iz PDF-a"}}, {"type": "Feature", "geometry": {"type": "LineString", "coordinates": [[16.485287, 43.5258135], [16.4852866, 43.5271915]]}, "properties": {"tema": "namjena-poslovna", "opis": "K — gospodarska namjena, poslovna", "cad_sloj": "boja #ffbf7e", "list": "1. Koristenje i namjena", "plan": "UPU Bilice sjever", "izvor": "UPU Bilice sjever (split.hr), vektorizirano iz PDF-a"}}, {"type": "Feature", "geometry": {"type": "LineString", "coordinates": [[16.4852961, 43.5258128], [16.4852958, 43.5271738]]}, "properties": {"tema": "namjena-poslovna", "opis": "K — gospodarska namjena, poslovna", "cad_sloj": "boja #ffbf7e", "list": "1. Koristenje i namjena", "plan": "UPU Bilice sjever", "izvor": "UPU Bilice sjever (split.hr), vektorizirano iz PDF-a"}}, {"type": "Feature", "geometry": {"type": "LineString", "coordinates": [[16.4853056, 43.525812], [16.4853052, 43.5271497]]}, "properties": {"tema": "namjena-poslovna", "opis": "K — gospodarska namjena, poslovna", "cad_sloj": "boja #ffbf7e", "list": "1. Koristenje i namjena", "plan": "UPU Bilice sjever", "izvor": "UPU Bilice sjever (split.hr), vektorizirano iz PDF-a"}}, {"type": "Feature", "geometry": {"type": "LineString", "coordinates": [[16.4853147, 43.5258111], [16.4853144, 43.5271259]]}, "properties": {"tema": "namjena-poslovna", "opis": "K — gospodarska namjena, poslovna", "cad_sloj": "boja #ffbf7e", "list": "1. Koristenje i namjena", "plan": "UPU Bilice sjever", "izvor": "UPU Bilice sjever (split.hr), vektorizirano iz PDF-a"}}, {"type": "Feature", "geometry": {"type": "LineString", "coordinates": [[16.4853239, 43.5258101], [16.4853236, 43.5271019]]}, "properties": {"tema": "namjena-poslovna", "opis": "K — gospodarska namjena, poslovna", "cad_sloj": "boja #ffbf7e", "list": "1. Koristenje i namjena", "plan": "UPU Bilice sjever", "izvor": "UPU Bilice sjever (split.hr), vektorizirano iz PDF-a"}}, {"type": "Feature", "geometry": {"type": "LineString", "coordinates": [[16.4853333, 43.525809], [16.485333, 43.5270781]]}, "properties": {"tema": "namjena-poslovna", "opis": "K — gospodarska namjena, poslovna", "cad_sloj": "boja #ffbf7e", "list": "1. Koristenje i namjena", "plan": "UPU Bilice sjever", "izvor": "UPU Bilice sjever (split.hr), vektorizirano iz PDF-a"}}, {"type": "Feature", "geometry": {"type": "LineString", "coordinates": [[16.4853425, 43.525808], [16.4853422, 43.5270541]]}, "properties": {"tema": "namjena-poslovna", "opis": "K — gospodarska namjena, poslovna", "cad_sloj": "boja #ffbf7e", "list": "1. Koristenje i namjena", "plan": "UPU Bilice sjever", "izvor": "UPU Bilice sjever (split.hr), vektorizirano iz PDF-a"}}, {"type": "Feature", "geometry": {"type": "LineString", "coordinates": [[16.4853519, 43.5258069], [16.4853516, 43.5270303]]}, "properties": {"tema": "namjena-poslovna", "opis": "K — gospodarska namjena, poslovna", "cad_sloj": "boja #ffbf7e", "list": "1. Koristenje i namjena", "plan": "UPU Bilice sjever", "izvor": "UPU Bilice sjever (split.hr), vektorizirano iz PDF-a"}}, {"type": "Feature", "geometry": {"type": "LineString", "coordinates": [[16.4853611, 43.5258055], [16.4853608, 43.5270063]]}, "properties": {"tema": "namjena-poslovna", "opis": "K — gospodarska namjena, poslovna", "cad_sloj": "boja #ffbf7e", "list": "1. Koristenje i namjena", "plan": "UPU Bilice sjever", "izvor": "UPU Bilice sjever (split.hr), vektorizirano iz PDF-a"}}, {"type": "Feature", "geometry": {"type": "LineString", "coordinates": [[16.4853705, 43.5258042], [16.4853702, 43.5269823]]}, "properties": {"tema": "namjena-poslovna", "opis": "K — gospodarska namjena, poslovna", "cad_sloj": "boja #ffbf7e", "list": "1. Koristenje i namjena", "plan": "UPU Bilice sjever", "izvor": "UPU Bilice sjever (split.hr), vektorizirano iz PDF-a"}}, {"type": "Feature", "geometry": {"type": "LineString", "coordinates": [[16.4853797, 43.5258029], [16.4853794, 43.5269585]]}, "properties": {"tema": "namjena-poslovna", "opis": "K — gospodarska namjena, poslovna", "cad_sloj": "boja #ffbf7e", "list": "1. Koristenje i namjena", "plan": "UPU Bilice sjever", "izvor": "UPU Bilice sjever (split.hr), vektorizirano iz PDF-a"}}, {"type": "Feature", "geometry": {"type": "LineString", "coordinates": [[16.4853888, 43.5258014], [16.4853886, 43.5269345]]}, "properties": {"tema": "namjena-poslovna", "opis": "K — gospodarska namjena, poslovna", "cad_sloj": "boja #ffbf7e", "list": "1. Koristenje i namjena", "plan": "UPU Bilice sjever", "izvor": "UPU Bilice sjever (split.hr), vektorizirano iz PDF-a"}}, {"type": "Feature", "geometry": {"type": "LineString", "coordinates": [[16.4853983, 43.5257998], [16.485398, 43.5269106]]}, "properties": {"tema": "namjena-poslovna", "opis": "K — gospodarska namjena, poslovna", "cad_sloj": "boja #ffbf7e", "list": "1. Koristenje i namjena", "plan": "UPU Bilice sjever", "izvor": "UPU Bilice sjever (split.hr), vektorizirano iz PDF-a"}}, {"type": "Feature", "geometry": {"type": "LineString", "coordinates": [[16.4854074, 43.5257983], [16.4854072, 43.5268866]]}, "properties": {"tema": "namjena-poslovna", "opis": "K — gospodarska namjena, poslovna", "cad_sloj": "boja #ffbf7e", "list": "1. Koristenje i namjena", "plan": "UPU Bilice sjever", "izvor": "UPU Bilice sjever (split.hr), vektorizirano iz PDF-a"}}, {"type": "Feature", "geometry": {"type": "LineString", "coordinates": [[16.4854169, 43.5257968], [16.4854166, 43.526864]]}, "properties": {"tema": "namjena-poslovna", "opis": "K — gospodarska namjena, poslovna", "cad_sloj": "boja #ffbf7e", "list": "1. Koristenje i namjena", "plan": "UPU Bilice sjever", "izvor": "UPU Bilice sjever (split.hr), vektorizirano iz PDF-a"}}, {"type": "Feature", "geometry": {"type": "LineString", "coordinates": [[16.485426, 43.5257953], [16.4854258, 43.526844]]}, "properties": {"tema": "namjena-poslovna", "opis": "K — gospodarska namjena, poslovna", "cad_sloj": "boja #ffbf7e", "list": "1. Koristenje i namjena", "plan": "UPU Bilice sjever", "izvor": "UPU Bilice sjever (split.hr), vektorizirano iz PDF-a"}}, {"type": "Feature", "geometry": {"type": "LineString", "coordinates": [[16.4854355, 43.5257936], [16.4854352, 43.5268257]]}, "properties": {"tema": "namjena-poslovna", "opis": "K — gospodarska namjena, poslovna", "cad_sloj": "boja #ffbf7e", "list": "1. Koristenje i namjena", "plan": "UPU Bilice sjever", "izvor": "UPU Bilice sjever (split.hr), vektorizirano iz PDF-a"}}, {"type": "Feature", "geometry": {"type": "LineString", "coordinates": [[16.4854446, 43.525792], [16.4854444, 43.5268091]]}, "properties": {"tema": "namjena-poslovna", "opis": "K — gospodarska namjena, poslovna", "cad_sloj": "boja #ffbf7e", "list": "1. Koristenje i namjena", "plan": "UPU Bilice sjever", "izvor": "UPU Bilice sjever (split.hr), vektorizirano iz PDF-a"}}, {"type": "Feature", "geometry": {"type": "LineString", "coordinates": [[16.4854538, 43.5257903], [16.4854535, 43.5267937]]}, "properties": {"tema": "namjena-poslovna", "opis": "K — gospodarska namjena, poslovna", "cad_sloj": "boja #ffbf7e", "list": "1. Koristenje i namjena", "plan": "UPU Bilice sjever", "izvor": "UPU Bilice sjever (split.hr), vektorizirano iz PDF-a"}}, {"type": "Feature", "geometry": {"type": "LineString", "coordinates": [[16.4854632, 43.5257888], [16.485463, 43.5267792]]}, "properties": {"tema": "namjena-poslovna", "opis": "K — gospodarska namjena, poslovna", "cad_sloj": "boja #ffbf7e", "list": "1. Koristenje i namjena", "plan": "UPU Bilice sjever", "izvor": "UPU Bilice sjever (split.hr), vektorizirano iz PDF-a"}}, {"type": "Feature", "geometry": {"type": "LineString", "coordinates": [[16.4854724, 43.5257871], [16.4854721, 43.5267655]]}, "properties": {"tema": "namjena-poslovna", "opis": "K — gospodarska namjena, poslovna", "cad_sloj": "boja #ffbf7e", "list": "1. Koristenje i namjena", "plan": "UPU Bilice sjever", "izvor": "UPU Bilice sjever (split.hr), vektorizirano iz PDF-a"}}, {"type": "Feature", "geometry": {"type": "LineString", "coordinates": [[16.4854818, 43.5257854], [16.4854816, 43.5267527]]}, "properties": {"tema": "namjena-poslovna", "opis": "K — gospodarska namjena, poslovna", "cad_sloj": "boja #ffbf7e", "list": "1. Koristenje i namjena", "plan": "UPU Bilice sjever", "izvor": "UPU Bilice sjever (split.hr), vektorizirano iz PDF-a"}}, {"type": "Feature", "geometry": {"type": "LineString", "coordinates": [[16.485491, 43.5257838], [16.4854907, 43.5267405]]}, "properties": {"tema": "namjena-poslovna", "opis": "K — gospodarska namjena, poslovna", "cad_sloj": "boja #ffbf7e", "list": "1. Koristenje i namjena", "plan": "UPU Bilice sjever", "izvor": "UPU Bilice sjever (split.hr), vektorizirano iz PDF-a"}}, {"type": "Feature", "geometry": {"type": "LineString", "coordinates": [[16.4855004, 43.5257821], [16.4855002, 43.5267281]]}, "properties": {"tema": "namjena-poslovna", "opis": "K — gospodarska namjena, poslovna", "cad_sloj": "boja #ffbf7e", "list": "1. Koristenje i namjena", "plan": "UPU Bilice sjever", "izvor": "UPU Bilice sjever (split.hr), vektorizirano iz PDF-a"}}, {"type": "Feature", "geometry": {"type": "LineString", "coordinates": [[16.4855096, 43.5257804], [16.4855093, 43.5267154]]}, "properties": {"tema": "namjena-poslovna", "opis": "K — gospodarska namjena, poslovna", "cad_sloj": "boja #ffbf7e", "list": "1. Koristenje i namjena", "plan": "UPU Bilice sjever", "izvor": "UPU Bilice sjever (split.hr), vektorizirano iz PDF-a"}}, {"type": "Feature", "geometry": {"type": "LineString", "coordinates": [[16.4855187, 43.5257787], [16.4855185, 43.5267028]]}, "properties": {"tema": "namjena-poslovna", "opis": "K — gospodarska namjena, poslovna", "cad_sloj": "boja #ffbf7e", "list": "1. Koristenje i namjena", "plan": "UPU Bilice sjever", "izvor": "UPU Bilice sjever (split.hr), vektorizirano iz PDF-a"}}, {"type": "Feature", "geometry": {"type": "LineString", "coordinates": [[16.4855282, 43.525777], [16.4855279, 43.52669]]}, "properties": {"tema": "namjena-poslovna", "opis": "K — gospodarska namjena, poslovna", "cad_sloj": "boja #ffbf7e", "list": "1. Koristenje i namjena", "plan": "UPU Bilice sjever", "izvor": "UPU Bilice sjever (split.hr), vektorizirano iz PDF-a"}}, {"type": "Feature", "geometry": {"type": "LineString", "coordinates": [[16.4855373, 43.5257751], [16.4855371, 43.5266774]]}, "properties": {"tema": "namjena-poslovna", "opis": "K — gospodarska namjena, poslovna", "cad_sloj": "boja #ffbf7e", "list": "1. Koristenje i namjena", "plan": "UPU Bilice sjever", "izvor": "UPU Bilice sjever (split.hr), vektorizirano iz PDF-a"}}, {"type": "Feature", "geometry": {"type": "LineString", "coordinates": [[16.4855467, 43.5257734], [16.4855465, 43.5266647]]}, "properties": {"tema": "namjena-poslovna", "opis": "K — gospodarska namjena, poslovna", "cad_sloj": "boja #ffbf7e", "list": "1. Koristenje i namjena", "plan": "UPU Bilice sjever", "izvor": "UPU Bilice sjever (split.hr), vektorizirano iz PDF-a"}}, {"type": "Feature", "geometry": {"type": "LineString", "coordinates": [[16.4855559, 43.5257717], [16.4855557, 43.5266519]]}, "properties": {"tema": "namjena-poslovna", "opis": "K — gospodarska namjena, poslovna", "cad_sloj": "boja #ffbf7e", "list": "1. Koristenje i namjena", "plan": "UPU Bilice sjever", "izvor": "UPU Bilice sjever (split.hr), vektorizirano iz PDF-a"}}, {"type": "Feature", "geometry": {"type": "LineString", "coordinates": [[16.4855653, 43.5257699], [16.4855651, 43.5266392]]}, "properties": {"tema": "namjena-poslovna", "opis": "K — gospodarska namjena, poslovna", "cad_sloj": "boja #ffbf7e", "list": "1. Koristenje i namjena", "plan": "UPU Bilice sjever", "izvor": "UPU Bilice sjever (split.hr), vektorizirano iz PDF-a"}}, {"type": "Feature", "geometry": {"type": "LineString", "coordinates": [[16.4855745, 43.525768], [16.4855743, 43.5266085]]}, "properties": {"tema": "namjena-poslovna", "opis": "K — gospodarska namjena, poslovna", "cad_sloj": "boja #ffbf7e", "list": "1. Koristenje i namjena", "plan": "UPU Bilice sjever", "izvor": "UPU Bilice sjever (split.hr), vektorizirano iz PDF-a"}}, {"type": "Feature", "geometry": {"type": "LineString", "coordinates": [[16.4855839, 43.5257663], [16.4855837, 43.5265549]]}, "properties": {"tema": "namjena-poslovna", "opis": "K — gospodarska namjena, poslovna", "cad_sloj": "boja #ffbf7e", "list": "1. Koristenje i namjena", "plan": "UPU Bilice sjever", "izvor": "UPU Bilice sjever (split.hr), vektorizirano iz PDF-a"}}, {"type": "Feature", "geometry": {"type": "LineString", "coordinates": [[16.4855931, 43.5257644], [16.4855929, 43.5265014]]}, "properties": {"tema": "namjena-poslovna", "opis": "K — gospodarska namjena, poslovna", "cad_sloj": "boja #ffbf7e", "list": "1. Koristenje i namjena", "plan": "UPU Bilice sjever", "izvor": "UPU Bilice sjever (split.hr), vektorizirano iz PDF-a"}}, {"type": "Feature", "geometry": {"type": "LineString", "coordinates": [[16.4856023, 43.5257625], [16.4856021, 43.5264479]]}, "properties": {"tema": "namjena-poslovna", "opis": "K — gospodarska namjena, poslovna", "cad_sloj": "boja #ffbf7e", "list": "1. Koristenje i namjena", "plan": "UPU Bilice sjever", "izvor": "UPU Bilice sjever (split.hr), vektorizirano iz PDF-a"}}, {"type": "Feature", "geometry": {"type": "LineString", "coordinates": [[16.4856117, 43.5257608], [16.4856115, 43.5263943]]}, "properties": {"tema": "namjena-poslovna", "opis": "K — gospodarska namjena, poslovna", "cad_sloj": "boja #ffbf7e", "list": "1. Koristenje i namjena", "plan": "UPU Bilice sjever", "izvor": "UPU Bilice sjever (split.hr), vektorizirano iz PDF-a"}}, {"type": "Feature", "geometry": {"type": "LineString", "coordinates": [[16.4856209, 43.5257589], [16.4856207, 43.5263408]]}, "properties": {"tema": "namjena-poslovna", "opis": "K — gospodarska namjena, poslovna", "cad_sloj": "boja #ffbf7e", "list": "1. Koristenje i namjena", "plan": "UPU Bilice sjever", "izvor": "UPU Bilice sjever (split.hr), vektorizirano iz PDF-a"}}, {"type": "Feature", "geometry": {"type": "LineString", "coordinates": [[16.4856303, 43.5257572], [16.4856302, 43.5262872]]}, "properties": {"tema": "namjena-poslovna", "opis": "K — gospodarska namjena, poslovna", "cad_sloj": "boja #ffbf7e", "list": "1. Koristenje i namjena", "plan": "UPU Bilice sjever", "izvor": "UPU Bilice sjever (split.hr), vektorizirano iz PDF-a"}}, {"type": "Feature", "geometry": {"type": "LineString", "coordinates": [[16.4856394, 43.5257572], [16.4856393, 43.5262339]]}, "properties": {"tema": "namjena-poslovna", "opis": "K — gospodarska namjena, poslovna", "cad_sloj": "boja #ffbf7e", "list": "1. Koristenje i namjena", "plan": "UPU Bilice sjever", "izvor": "UPU Bilice sjever (split.hr), vektorizirano iz PDF-a"}}, {"type": "Feature", "geometry": {"type": "LineString", "coordinates": [[16.4856489, 43.5257587], [16.4856488, 43.5261804]]}, "properties": {"tema": "namjena-poslovna", "opis": "K — gospodarska namjena, poslovna", "cad_sloj": "boja #ffbf7e", "list": "1. Koristenje i namjena", "plan": "UPU Bilice sjever", "izvor": "UPU Bilice sjever (split.hr), vektorizirano iz PDF-a"}}, {"type": "Feature", "geometry": {"type": "LineString", "coordinates": [[16.485658, 43.5257625], [16.4856579, 43.5261173]]}, "properties": {"tema": "namjena-poslovna", "opis": "K — gospodarska namjena, poslovna", "cad_sloj": "boja #ffbf7e", "list": "1. Koristenje i namjena", "plan": "UPU Bilice sjever", "izvor": "UPU Bilice sjever (split.hr), vektorizirano iz PDF-a"}}, {"type": "Feature", "geometry": {"type": "LineString", "coordinates": [[16.4856672, 43.5257701], [16.4856671, 43.5260521]]}, "properties": {"tema": "namjena-poslovna", "opis": "K — gospodarska namjena, poslovna", "cad_sloj": "boja #ffbf7e", "list": "1. Koristenje i namjena", "plan": "UPU Bilice sjever", "izvor": "UPU Bilice sjever (split.hr), vektorizirano iz PDF-a"}}, {"type": "Feature", "geometry": {"type": "LineString", "coordinates": [[16.4856766, 43.5257978], [16.4856766, 43.5259858]]}, "properties": {"tema": "namjena-poslovna", "opis": "K — gospodarska namjena, poslovna", "cad_sloj": "boja #ffbf7e", "list": "1. Koristenje i namjena", "plan": "UPU Bilice sjever", "izvor": "UPU Bilice sjever (split.hr), vektorizirano iz PDF-a"}}, {"type": "Feature", "geometry": {"type": "LineString", "coordinates": [[16.4857137, 43.5263951], [16.4857136, 43.52647]]}, "properties": {"tema": "namjena-poslovna", "opis": "K — gospodarska namjena, poslovna", "cad_sloj": "boja #ffbf7e", "list": "1. Koristenje i namjena", "plan": "UPU Bilice sjever", "izvor": "UPU Bilice sjever (split.hr), vektorizirano iz PDF-a"}}, {"type": "Feature", "geometry": {"type": "LineString", "coordinates": [[16.4857228, 43.5263362], [16.4857228, 43.5264904]]}, "properties": {"tema": "namjena-poslovna", "opis": "K — gospodarska namjena, poslovna", "cad_sloj": "boja #ffbf7e", "list": "1. Koristenje i namjena", "plan": "UPU Bilice sjever", "izvor": "UPU Bilice sjever (split.hr), vektorizirano iz PDF-a"}}, {"type": "Feature", "geometry": {"type": "LineString", "coordinates": [[16.485732, 43.5262772], [16.485732, 43.5265085]]}, "properties": {"tema": "namjena-poslovna", "opis": "K — gospodarska namjena, poslovna", "cad_sloj": "boja #ffbf7e", "list": "1. Koristenje i namjena", "plan": "UPU Bilice sjever", "izvor": "UPU Bilice sjever (split.hr), vektorizirano iz PDF-a"}}, {"type": "Feature", "geometry": {"type": "LineString", "coordinates": [[16.4857415, 43.5262181], [16.4857414, 43.5265195]]}, "properties": {"tema": "namjena-poslovna", "opis": "K — gospodarska namjena, poslovna", "cad_sloj": "boja #ffbf7e", "list": "1. Koristenje i namjena", "plan": "UPU Bilice sjever", "izvor": "UPU Bilice sjever (split.hr), vektorizirano iz PDF-a"}}, {"type": "Feature", "geometry": {"type": "LineString", "coordinates": [[16.4857506, 43.5261592], [16.4857506, 43.5265197]]}, "properties": {"tema": "namjena-poslovna", "opis": "K — gospodarska namjena, poslovna", "cad_sloj": "boja #ffbf7e", "list": "1. Koristenje i namjena", "plan": "UPU Bilice sjever", "izvor": "UPU Bilice sjever (split.hr), vektorizirano iz PDF-a"}}, {"type": "Feature", "geometry": {"type": "LineString", "coordinates": [[16.4857601, 43.5261002], [16.48576, 43.5265167]]}, "properties": {"tema": "namjena-poslovna", "opis": "K — gospodarska namjena, poslovna", "cad_sloj": "boja #ffbf7e", "list": "1. Koristenje i namjena", "plan": "UPU Bilice sjever", "izvor": "UPU Bilice sjever (split.hr), vektorizirano iz PDF-a"}}, {"type": "Feature", "geometry": {"type": "LineString", "coordinates": [[16.4857693, 43.5260411], [16.4857691, 43.5265136]]}, "properties": {"tema": "namjena-poslovna", "opis": "K — gospodarska namjena, poslovna", "cad_sloj": "boja #ffbf7e", "list": "1. Koristenje i namjena", "plan": "UPU Bilice sjever", "izvor": "UPU Bilice sjever (split.hr), vektorizirano iz PDF-a"}}, {"type": "Feature", "geometry": {"type": "LineString", "coordinates": [[16.4857788, 43.5257332], [16.4857787, 43.5257831]]}, "properties": {"tema": "namjena-poslovna", "opis": "K — gospodarska namjena, poslovna", "cad_sloj": "boja #ffbf7e", "list": "1. Koristenje i namjena", "plan": "UPU Bilice sjever", "izvor": "UPU Bilice sjever (split.hr), vektorizirano iz PDF-a"}}, {"type": "Feature", "geometry": {"type": "LineString", "coordinates": [[16.4857787, 43.5259696], [16.4857786, 43.5265104]]}, "properties": {"tema": "namjena-poslovna", "opis": "K — gospodarska namjena, poslovna", "cad_sloj": "boja #ffbf7e", "list": "1. Koristenje i namjena", "plan": "UPU Bilice sjever", "izvor": "UPU Bilice sjever (split.hr), vektorizirano iz PDF-a"}}, {"type": "Feature", "geometry": {"type": "LineString", "coordinates": [[16.4857879, 43.525725], [16.4857879, 43.5258468]]}, "properties": {"tema": "namjena-poslovna", "opis": "K — gospodarska namjena, poslovna", "cad_sloj": "boja #ffbf7e", "list": "1. Koristenje i namjena", "plan": "UPU Bilice sjever", "izvor": "UPU Bilice sjever (split.hr), vektorizirano iz PDF-a"}}, {"type": "Feature", "geometry": {"type": "LineString", "coordinates": [[16.4857879, 43.5258873], [16.4857877, 43.5265073]]}, "properties": {"tema": "namjena-poslovna", "opis": "K — gospodarska namjena, poslovna", "cad_sloj": "boja #ffbf7e", "list": "1. Koristenje i namjena", "plan": "UPU Bilice sjever", "izvor": "UPU Bilice sjever (split.hr), vektorizirano iz PDF-a"}}, {"type": "Feature", "geometry": {"type": "LineString", "coordinates": [[16.4857971, 43.5257202], [16.4857969, 43.5265043]]}, "properties": {"tema": "namjena-poslovna", "opis": "K — gospodarska namjena, poslovna", "cad_sloj": "boja #ffbf7e", "list": "1. Koristenje i namjena", "plan": "UPU Bilice sjever", "izvor": "UPU Bilice sjever (split.hr), vektorizirano iz PDF-a"}}, {"type": "Feature", "geometry": {"type": "LineString", "coordinates": [[16.4858065, 43.5257174], [16.4858063, 43.5265012]]}, "properties": {"tema": "namjena-poslovna", "opis": "K — gospodarska namjena, poslovna", "cad_sloj": "boja #ffbf7e", "list": "1. Koristenje i namjena", "plan": "UPU Bilice sjever", "izvor": "UPU Bilice sjever (split.hr), vektorizirano iz PDF-a"}}, {"type": "Feature", "geometry": {"type": "LineString", "coordinates": [[16.4858157, 43.5257151], [16.4858155, 43.5264982]]}, "properties": {"tema": "namjena-poslovna", "opis": "K — gospodarska namjena, poslovna", "cad_sloj": "boja #ffbf7e", "list": "1. Koristenje i namjena", "plan": "UPU Bilice sjever", "izvor": "UPU Bilice sjever (split.hr), vektorizirano iz PDF-a"}}, {"type": "Feature", "geometry": {"type": "LineString", "coordinates": [[16.4858251, 43.525713], [16.4858249, 43.5264951]]}, "properties": {"tema": "namjena-poslovna", "opis": "K — gospodarska namjena, poslovna", "cad_sloj": "boja #ffbf7e", "list": "1. Koristenje i namjena", "plan": "UPU Bilice sjever", "izvor": "UPU Bilice sjever (split.hr), vektorizirano iz PDF-a"}}, {"type": "Feature", "geometry": {"type": "LineString", "coordinates": [[16.4858343, 43.5257107], [16.4858341, 43.5264921]]}, "properties": {"tema": "namjena-poslovna", "opis": "K — gospodarska namjena, poslovna", "cad_sloj": "boja #ffbf7e", "list": "1. Koristenje i namjena", "plan": "UPU Bilice sjever", "izvor": "UPU Bilice sjever (split.hr), vektorizirano iz PDF-a"}}, {"type": "Feature", "geometry": {"type": "LineString", "coordinates": [[16.4858437, 43.5257084], [16.4858435, 43.5264889]]}, "properties": {"tema": "namjena-poslovna", "opis": "K — gospodarska namjena, poslovna", "cad_sloj": "boja #ffbf7e", "list": "1. Koristenje i namjena", "plan": "UPU Bilice sjever", "izvor": "UPU Bilice sjever (split.hr), vektorizirano iz PDF-a"}}, {"type": "Feature", "geometry": {"type": "LineString", "coordinates": [[16.4858529, 43.5257062], [16.4858527, 43.5264858]]}, "properties": {"tema": "namjena-poslovna", "opis": "K — gospodarska namjena, poslovna", "cad_sloj": "boja #ffbf7e", "list": "1. Koristenje i namjena", "plan": "UPU Bilice sjever", "izvor": "UPU Bilice sjever (split.hr), vektorizirano iz PDF-a"}}, {"type": "Feature", "geometry": {"type": "LineString", "coordinates": [[16.4858623, 43.5257039], [16.4858621, 43.5264828]]}, "properties": {"tema": "namjena-poslovna", "opis": "K — gospodarska namjena, poslovna", "cad_sloj": "boja #ffbf7e", "list": "1. Koristenje i namjena", "plan": "UPU Bilice sjever", "izvor": "UPU Bilice sjever (split.hr), vektorizirano iz PDF-a"}}, {"type": "Feature", "geometry": {"type": "LineString", "coordinates": [[16.4858715, 43.5257016], [16.4858713, 43.5264797]]}, "properties": {"tema": "namjena-poslovna", "opis": "K — gospodarska namjena, poslovna", "cad_sloj": "boja #ffbf7e", "list": "1. Koristenje i namjena", "plan": "UPU Bilice sjever", "izvor": "UPU Bilice sjever (split.hr), vektorizirano iz PDF-a"}}, {"type": "Feature", "geometry": {"type": "LineString", "coordinates": [[16.4858806, 43.5256991], [16.4858804, 43.5264767]]}, "properties": {"tema": "namjena-poslovna", "opis": "K — gospodarska namjena, poslovna", "cad_sloj": "boja #ffbf7e", "list": "1. Koristenje i namjena", "plan": "UPU Bilice sjever", "izvor": "UPU Bilice sjever (split.hr), vektorizirano iz PDF-a"}}, {"type": "Feature", "geometry": {"type": "LineString", "coordinates": [[16.4858901, 43.5256968], [16.4858899, 43.5264736]]}, "properties": {"tema": "namjena-poslovna", "opis": "K — gospodarska namjena, poslovna", "cad_sloj": "boja #ffbf7e", "list": "1. Koristenje i namjena", "plan": "UPU Bilice sjever", "izvor": "UPU Bilice sjever (split.hr), vektorizirano iz PDF-a"}}, {"type": "Feature", "geometry": {"type": "LineString", "coordinates": [[16.4858992, 43.5256945], [16.485899, 43.5264704]]}, "properties": {"tema": "namjena-poslovna", "opis": "K — gospodarska namjena, poslovna", "cad_sloj": "boja #ffbf7e", "list": "1. Koristenje i namjena", "plan": "UPU Bilice sjever", "izvor": "UPU Bilice sjever (split.hr), vektorizirano iz PDF-a"}}, {"type": "Feature", "geometry": {"type": "LineString", "coordinates": [[16.4859086, 43.5256921], [16.4859085, 43.5264673]]}, "properties": {"tema": "namjena-poslovna", "opis": "K — gospodarska namjena, poslovna", "cad_sloj": "boja #ffbf7e", "list": "1. Koristenje i namjena", "plan": "UPU Bilice sjever", "izvor": "UPU Bilice sjever (split.hr), vektorizirano iz PDF-a"}}, {"type": "Feature", "geometry": {"type": "LineString", "coordinates": [[16.4859178, 43.5256896], [16.4859176, 43.5264643]]}, "properties": {"tema": "namjena-poslovna", "opis": "K — gospodarska namjena, poslovna", "cad_sloj": "boja #ffbf7e", "list": "1. Koristenje i namjena", "plan": "UPU Bilice sjever", "izvor": "UPU Bilice sjever (split.hr), vektorizirano iz PDF-a"}}, {"type": "Feature", "geometry": {"type": "LineString", "coordinates": [[16.4859272, 43.5256873], [16.4859271, 43.5264612]]}, "properties": {"tema": "namjena-poslovna", "opis": "K — gospodarska namjena, poslovna", "cad_sloj": "boja #ffbf7e", "list": "1. Koristenje i namjena", "plan": "UPU Bilice sjever", "izvor": "UPU Bilice sjever (split.hr), vektorizirano iz PDF-a"}}, {"type": "Feature", "geometry": {"type": "LineString", "coordinates": [[16.4859364, 43.5256848], [16.4859362, 43.5264582]]}, "properties": {"tema": "namjena-poslovna", "opis": "K — gospodarska namjena, poslovna", "cad_sloj": "boja #ffbf7e", "list": "1. Koristenje i namjena", "plan": "UPU Bilice sjever", "izvor": "UPU Bilice sjever (split.hr), vektorizirano iz PDF-a"}}, {"type": "Feature", "geometry": {"type": "LineString", "coordinates": [[16.4859456, 43.5256823], [16.4859454, 43.5264551]]}, "properties": {"tema": "namjena-poslovna", "opis": "K — gospodarska namjena, poslovna", "cad_sloj": "boja #ffbf7e", "list": "1. Koristenje i namjena", "plan": "UPU Bilice sjever", "izvor": "UPU Bilice sjever (split.hr), vektorizirano iz PDF-a"}}, {"type": "Feature", "geometry": {"type": "LineString", "coordinates": [[16.485955, 43.5256799], [16.4859548, 43.5264519]]}, "properties": {"tema": "namjena-poslovna", "opis": "K — gospodarska namjena, poslovna", "cad_sloj": "boja #ffbf7e", "list": "1. Koristenje i namjena", "plan": "UPU Bilice sjever", "izvor": "UPU Bilice sjever (split.hr), vektorizirano iz PDF-a"}}, {"type": "Feature", "geometry": {"type": "LineString", "coordinates": [[16.4859642, 43.5256774], [16.485964, 43.5264489]]}, "properties": {"tema": "namjena-poslovna", "opis": "K — gospodarska namjena, poslovna", "cad_sloj": "boja #ffbf7e", "list": "1. Koristenje i namjena", "plan": "UPU Bilice sjever", "izvor": "UPU Bilice sjever (split.hr), vektorizirano iz PDF-a"}}, {"type": "Feature", "geometry": {"type": "LineString", "coordinates": [[16.4859736, 43.5256749], [16.4859734, 43.5264458]]}, "properties": {"tema": "namjena-poslovna", "opis": "K — gospodarska namjena, poslovna", "cad_sloj": "boja #ffbf7e", "list": "1. Koristenje i namjena", "plan": "UPU Bilice sjever", "izvor": "UPU Bilice sjever (split.hr), vektorizirano iz PDF-a"}}, {"type": "Feature", "geometry": {"type": "LineString", "coordinates": [[16.4859828, 43.5256723], [16.4859826, 43.5264428]]}, "properties": {"tema": "namjena-poslovna", "opis": "K — gospodarska namjena, poslovna", "cad_sloj": "boja #ffbf7e", "list": "1. Koristenje i namjena", "plan": "UPU Bilice sjever", "izvor": "UPU Bilice sjever (split.hr), vektorizirano iz PDF-a"}}, {"type": "Feature", "geometry": {"type": "LineString", "coordinates": [[16.4859922, 43.5256698], [16.485992, 43.5264397]]}, "properties": {"tema": "namjena-poslovna", "opis": "K — gospodarska namjena, poslovna", "cad_sloj": "boja #ffbf7e", "list": "1. Koristenje i namjena", "plan": "UPU Bilice sjever", "izvor": "UPU Bilice sjever (split.hr), vektorizirano iz PDF-a"}}, {"type": "Feature", "geometry": {"type": "LineString", "coordinates": [[16.4860013, 43.5256673], [16.4860012, 43.5264367]]}, "properties": {"tema": "namjena-poslovna", "opis": "K — gospodarska namjena, poslovna", "cad_sloj": "boja #ffbf7e", "list": "1. Koristenje i namjena", "plan": "UPU Bilice sjever", "izvor": "UPU Bilice sjever (split.hr), vektorizirano iz PDF-a"}}, {"type": "Feature", "geometry": {"type": "LineString", "coordinates": [[16.4860105, 43.5256646], [16.4860103, 43.5264334]]}, "properties": {"tema": "namjena-poslovna", "opis": "K — gospodarska namjena, poslovna", "cad_sloj": "boja #ffbf7e", "list": "1. Koristenje i namjena", "plan": "UPU Bilice sjever", "izvor": "UPU Bilice sjever (split.hr), vektorizirano iz PDF-a"}}, {"type": "Feature", "geometry": {"type": "LineString", "coordinates": [[16.4860199, 43.5256622], [16.4860198, 43.5264304]]}, "properties": {"tema": "namjena-poslovna", "opis": "K — gospodarska namjena, poslovna", "cad_sloj": "boja #ffbf7e", "list": "1. Koristenje i namjena", "plan": "UPU Bilice sjever", "izvor": "UPU Bilice sjever (split.hr), vektorizirano iz PDF-a"}}, {"type": "Feature", "geometry": {"type": "LineString", "coordinates": [[16.4860291, 43.5256595], [16.4860289, 43.5264273]]}, "properties": {"tema": "namjena-poslovna", "opis": "K — gospodarska namjena, poslovna", "cad_sloj": "boja #ffbf7e", "list": "1. Koristenje i namjena", "plan": "UPU Bilice sjever", "izvor": "UPU Bilice sjever (split.hr), vektorizirano iz PDF-a"}}, {"type": "Feature", "geometry": {"type": "LineString", "coordinates": [[16.4860385, 43.5256568], [16.4860384, 43.5264243]]}, "properties": {"tema": "namjena-poslovna", "opis": "K — gospodarska namjena, poslovna", "cad_sloj": "boja #ffbf7e", "list": "1. Koristenje i namjena", "plan": "UPU Bilice sjever", "izvor": "UPU Bilice sjever (split.hr), vektorizirano iz PDF-a"}}, {"type": "Feature", "geometry": {"type": "LineString", "coordinates": [[16.4860477, 43.5256542], [16.4860475, 43.5264212]]}, "properties": {"tema": "namjena-poslovna", "opis": "K — gospodarska namjena, poslovna", "cad_sloj": "boja #ffbf7e", "list": "1. Koristenje i namjena", "plan": "UPU Bilice sjever", "izvor": "UPU Bilice sjever (split.hr), vektorizirano iz PDF-a"}}, {"type": "Feature", "geometry": {"type": "LineString", "coordinates": [[16.4860571, 43.5256515], [16.4860569, 43.5264182]]}, "properties": {"tema": "namjena-poslovna", "opis": "K — gospodarska namjena, poslovna", "cad_sloj": "boja #ffbf7e", "list": "1. Koristenje i namjena", "plan": "UPU Bilice sjever", "izvor": "UPU Bilice sjever (split.hr), vektorizirano iz PDF-a"}}, {"type": "Feature", "geometry": {"type": "LineString", "coordinates": [[16.4860663, 43.5256488], [16.4860661, 43.526415]]}, "properties": {"tema": "namjena-poslovna", "opis": "K — gospodarska namjena, poslovna", "cad_sloj": "boja #ffbf7e", "list": "1. Koristenje i namjena", "plan": "UPU Bilice sjever", "izvor": "UPU Bilice sjever (split.hr), vektorizirano iz PDF-a"}}, {"type": "Feature", "geometry": {"type": "LineString", "coordinates": [[16.4860755, 43.5256462], [16.4860753, 43.5264119]]}, "properties": {"tema": "namjena-poslovna", "opis": "K — gospodarska namjena, poslovna", "cad_sloj": "boja #ffbf7e", "list": "1. Koristenje i namjena", "plan": "UPU Bilice sjever", "izvor": "UPU Bilice sjever (split.hr), vektorizirano iz PDF-a"}}, {"type": "Feature", "geometry": {"type": "LineString", "coordinates": [[16.4860849, 43.5256435], [16.4860847, 43.5264089]]}, "properties": {"tema": "namjena-poslovna", "opis": "K — gospodarska namjena, poslovna", "cad_sloj": "boja #ffbf7e", "list": "1. Koristenje i namjena", "plan": "UPU Bilice sjever", "izvor": "UPU Bilice sjever (split.hr), vektorizirano iz PDF-a"}}, {"type": "Feature", "geometry": {"type": "LineString", "coordinates": [[16.486094, 43.5256408], [16.4860939, 43.5264058]]}, "properties": {"tema": "namjena-poslovna", "opis": "K — gospodarska namjena, poslovna", "cad_sloj": "boja #ffbf7e", "list": "1. Koristenje i namjena", "plan": "UPU Bilice sjever", "izvor": "UPU Bilice sjever (split.hr), vektorizirano iz PDF-a"}}, {"type": "Feature", "geometry": {"type": "LineString", "coordinates": [[16.4861035, 43.525638], [16.4861033, 43.5264028]]}, "properties": {"tema": "namjena-poslovna", "opis": "K — gospodarska namjena, poslovna", "cad_sloj": "boja #ffbf7e", "list": "1. Koristenje i namjena", "plan": "UPU Bilice sjever", "izvor": "UPU Bilice sjever (split.hr), vektorizirano iz PDF-a"}}, {"type": "Feature", "geometry": {"type": "LineString", "coordinates": [[16.4861126, 43.5256353], [16.4861125, 43.5263997]]}, "properties": {"tema": "namjena-poslovna", "opis": "K — gospodarska namjena, poslovna", "cad_sloj": "boja #ffbf7e", "list": "1. Koristenje i namjena", "plan": "UPU Bilice sjever", "izvor": "UPU Bilice sjever (split.hr), vektorizirano iz PDF-a"}}, {"type": "Feature", "geometry": {"type": "LineString", "coordinates": [[16.4861221, 43.5256324], [16.4861219, 43.5263965]]}, "properties": {"tema": "namjena-poslovna", "opis": "K — gospodarska namjena, poslovna", "cad_sloj": "boja #ffbf7e", "list": "1. Koristenje i namjena", "plan": "UPU Bilice sjever", "izvor": "UPU Bilice sjever (split.hr), vektorizirano iz PDF-a"}}, {"type": "Feature", "geometry": {"type": "LineString", "coordinates": [[16.4861312, 43.5256296], [16.4861311, 43.5263934]]}, "properties": {"tema": "namjena-poslovna", "opis": "K — gospodarska namjena, poslovna", "cad_sloj": "boja #ffbf7e", "list": "1. Koristenje i namjena", "plan": "UPU Bilice sjever", "izvor": "UPU Bilice sjever (split.hr), vektorizirano iz PDF-a"}}, {"type": "Feature", "geometry": {"type": "LineString", "coordinates": [[16.4861404, 43.5256269], [16.4861402, 43.5263904]]}, "properties": {"tema": "namjena-poslovna", "opis": "K — gospodarska namjena, poslovna", "cad_sloj": "boja #ffbf7e", "list": "1. Koristenje i namjena", "plan": "UPU Bilice sjever", "izvor": "UPU Bilice sjever (split.hr), vektorizirano iz PDF-a"}}, {"type": "Feature", "geometry": {"type": "LineString", "coordinates": [[16.4861498, 43.5256241], [16.4861497, 43.5263873]]}, "properties": {"tema": "namjena-poslovna", "opis": "K — gospodarska namjena, poslovna", "cad_sloj": "boja #ffbf7e", "list": "1. Koristenje i namjena", "plan": "UPU Bilice sjever", "izvor": "UPU Bilice sjever (split.hr), vektorizirano iz PDF-a"}}, {"type": "Feature", "geometry": {"type": "LineString", "coordinates": [[16.486159, 43.5256212], [16.4861588, 43.5263843]]}, "properties": {"tema": "namjena-poslovna", "opis": "K — gospodarska namjena, poslovna", "cad_sloj": "boja #ffbf7e", "list": "1. Koristenje i namjena", "plan": "UPU Bilice sjever", "izvor": "UPU Bilice sjever (split.hr), vektorizirano iz PDF-a"}}, {"type": "Feature", "geometry": {"type": "LineString", "coordinates": [[16.4861684, 43.5256184], [16.4861682, 43.5263812]]}, "properties": {"tema": "namjena-poslovna", "opis": "K — gospodarska namjena, poslovna", "cad_sloj": "boja #ffbf7e", "list": "1. Koristenje i namjena", "plan": "UPU Bilice sjever", "izvor": "UPU Bilice sjever (split.hr), vektorizirano iz PDF-a"}}, {"type": "Feature", "geometry": {"type": "LineString", "coordinates": [[16.4861776, 43.5256155], [16.4861774, 43.5263782]]}, "properties": {"tema": "namjena-poslovna", "opis": "K — gospodarska namjena, poslovna", "cad_sloj": "boja #ffbf7e", "list": "1. Koristenje i namjena", "plan": "UPU Bilice sjever", "izvor": "UPU Bilice sjever (split.hr), vektorizirano iz PDF-a"}}, {"type": "Feature", "geometry": {"type": "LineString", "coordinates": [[16.486187, 43.5256124], [16.4861868, 43.526375]]}, "properties": {"tema": "namjena-poslovna", "opis": "K — gospodarska namjena, poslovna", "cad_sloj": "boja #ffbf7e", "list": "1. Koristenje i namjena", "plan": "UPU Bilice sjever", "izvor": "UPU Bilice sjever (split.hr), vektorizirano iz PDF-a"}}, {"type": "Feature", "geometry": {"type": "LineString", "coordinates": [[16.4861962, 43.5256096], [16.486196, 43.5263719]]}, "properties": {"tema": "namjena-poslovna", "opis": "K — gospodarska namjena, poslovna", "cad_sloj": "boja #ffbf7e", "list": "1. Koristenje i namjena", "plan": "UPU Bilice sjever", "izvor": "UPU Bilice sjever (split.hr), vektorizirano iz PDF-a"}}, {"type": "Feature", "geometry": {"type": "LineString", "coordinates": [[16.4862056, 43.5256067], [16.4862054, 43.5263689]]}, "properties": {"tema": "namjena-poslovna", "opis": "K — gospodarska namjena, poslovna", "cad_sloj": "boja #ffbf7e", "list": "1. Koristenje i namjena", "plan": "UPU Bilice sjever", "izvor": "UPU Bilice sjever (split.hr), vektorizirano iz PDF-a"}}, {"type": "Feature", "geometry": {"type": "LineString", "coordinates": [[16.4862148, 43.5256037], [16.4862146, 43.5263658]]}, "properties": {"tema": "namjena-poslovna", "opis": "K — gospodarska namjena, poslovna", "cad_sloj": "boja #ffbf7e", "list": "1. Koristenje i namjena", "plan": "UPU Bilice sjever", "izvor": "UPU Bilice sjever (split.hr), vektorizirano iz PDF-a"}}, {"type": "Feature", "geometry": {"type": "LineString", "coordinates": [[16.4862239, 43.5256006], [16.4862238, 43.5263628]]}, "properties": {"tema": "namjena-poslovna", "opis": "K — gospodarska namjena, poslovna", "cad_sloj": "boja #ffbf7e", "list": "1. Koristenje i namjena", "plan": "UPU Bilice sjever", "izvor": "UPU Bilice sjever (split.hr), vektorizirano iz PDF-a"}}, {"type": "Feature", "geometry": {"type": "LineString", "coordinates": [[16.4862334, 43.5255978], [16.4862332, 43.5263597]]}, "properties": {"tema": "namjena-poslovna", "opis": "K — gospodarska namjena, poslovna", "cad_sloj": "boja #ffbf7e", "list": "1. Koristenje i namjena", "plan": "UPU Bilice sjever", "izvor": "UPU Bilice sjever (split.hr), vektorizirano iz PDF-a"}}, {"type": "Feature", "geometry": {"type": "LineString", "coordinates": [[16.4862425, 43.5255947], [16.4862424, 43.5263565]]}, "properties": {"tema": "namjena-poslovna", "opis": "K — gospodarska namjena, poslovna", "cad_sloj": "boja #ffbf7e", "list": "1. Koristenje i namjena", "plan": "UPU Bilice sjever", "izvor": "UPU Bilice sjever (split.hr), vektorizirano iz PDF-a"}}, {"type": "Feature", "geometry": {"type": "LineString", "coordinates": [[16.486252, 43.5255917], [16.4862518, 43.5263534]]}, "properties": {"tema": "namjena-poslovna", "opis": "K — gospodarska namjena, poslovna", "cad_sloj": "boja #ffbf7e", "list": "1. Koristenje i namjena", "plan": "UPU Bilice sjever", "izvor": "UPU Bilice sjever (split.hr), vektorizirano iz PDF-a"}}, {"type": "Feature", "geometry": {"type": "LineString", "coordinates": [[16.4862611, 43.5255886], [16.4862609, 43.5263504]]}, "properties": {"tema": "namjena-poslovna", "opis": "K — gospodarska namjena, poslovna", "cad_sloj": "boja #ffbf7e", "list": "1. Koristenje i namjena", "plan": "UPU Bilice sjever", "izvor": "UPU Bilice sjever (split.hr), vektorizirano iz PDF-a"}}, {"type": "Feature", "geometry": {"type": "LineString", "coordinates": [[16.4862705, 43.5255856], [16.4862704, 43.5263473]]}, "properties": {"tema": "namjena-poslovna", "opis": "K — gospodarska namjena, poslovna", "cad_sloj": "boja #ffbf7e", "list": "1. Koristenje i namjena", "plan": "UPU Bilice sjever", "izvor": "UPU Bilice sjever (split.hr), vektorizirano iz PDF-a"}}, {"type": "Feature", "geometry": {"type": "LineString", "coordinates": [[16.4862797, 43.5255825], [16.4862795, 43.5263443]]}, "properties": {"tema": "namjena-poslovna", "opis": "K — gospodarska namjena, poslovna", "cad_sloj": "boja #ffbf7e", "list": "1. Koristenje i namjena", "plan": "UPU Bilice sjever", "izvor": "UPU Bilice sjever (split.hr), vektorizirano iz PDF-a"}}, {"type": "Feature", "geometry": {"type": "LineString", "coordinates": [[16.4862889, 43.5255795], [16.4862887, 43.5263413]]}, "properties": {"tema": "namjena-poslovna", "opis": "K — gospodarska namjena, poslovna", "cad_sloj": "boja #ffbf7e", "list": "1. Koristenje i namjena", "plan": "UPU Bilice sjever", "izvor": "UPU Bilice sjever (split.hr), vektorizirano iz PDF-a"}}, {"type": "Feature", "geometry": {"type": "LineString", "coordinates": [[16.4862983, 43.5255763], [16.4862981, 43.526338]]}, "properties": {"tema": "namjena-poslovna", "opis": "K — gospodarska namjena, poslovna", "cad_sloj": "boja #ffbf7e", "list": "1. Koristenje i namjena", "plan": "UPU Bilice sjever", "izvor": "UPU Bilice sjever (split.hr), vektorizirano iz PDF-a"}}, {"type": "Feature", "geometry": {"type": "LineString", "coordinates": [[16.4863075, 43.5255732], [16.4863073, 43.526335]]}, "properties": {"tema": "namjena-poslovna", "opis": "K — gospodarska namjena, poslovna", "cad_sloj": "boja #ffbf7e", "list": "1. Koristenje i namjena", "plan": "UPU Bilice sjever", "izvor": "UPU Bilice sjever (split.hr), vektorizirano iz PDF-a"}}, {"type": "Feature", "geometry": {"type": "LineString", "coordinates": [[16.4863169, 43.52557], [16.4863167, 43.5263319]]}, "properties": {"tema": "namjena-poslovna", "opis": "K — gospodarska namjena, poslovna", "cad_sloj": "boja #ffbf7e", "list": "1. Koristenje i namjena", "plan": "UPU Bilice sjever", "izvor": "UPU Bilice sjever (split.hr), vektorizirano iz PDF-a"}}, {"type": "Feature", "geometry": {"type": "LineString", "coordinates": [[16.4863261, 43.5255669], [16.4863259, 43.5263289]]}, "properties": {"tema": "namjena-poslovna", "opis": "K — gospodarska namjena, poslovna", "cad_sloj": "boja #ffbf7e", "list": "1. Koristenje i namjena", "plan": "UPU Bilice sjever", "izvor": "UPU Bilice sjever (split.hr), vektorizirano iz PDF-a"}}, {"type": "Feature", "geometry": {"type": "LineString", "coordinates": [[16.4863355, 43.5255637], [16.4863353, 43.5263258]]}, "properties": {"tema": "namjena-poslovna", "opis": "K — gospodarska namjena, poslovna", "cad_sloj": "boja #ffbf7e", "list": "1. Koristenje i namjena", "plan": "UPU Bilice sjever", "izvor": "UPU Bilice sjever (split.hr), vektorizirano iz PDF-a"}}, {"type": "Feature", "geometry": {"type": "LineString", "coordinates": [[16.4863447, 43.5255605], [16.4863445, 43.5263228]]}, "properties": {"tema": "namjena-poslovna", "opis": "K — gospodarska namjena, poslovna", "cad_sloj": "boja #ffbf7e", "list": "1. Koristenje i namjena", "plan": "UPU Bilice sjever", "izvor": "UPU Bilice sjever (split.hr), vektorizirano iz PDF-a"}}, {"type": "Feature", "geometry": {"type": "LineString", "coordinates": [[16.4863538, 43.5255572], [16.4863537, 43.5263195]]}, "properties": {"tema": "namjena-poslovna", "opis": "K — gospodarska namjena, poslovna", "cad_sloj": "boja #ffbf7e", "list": "1. Koristenje i namjena", "plan": "UPU Bilice sjever", "izvor": "UPU Bilice sjever (split.hr), vektorizirano iz PDF-a"}}, {"type": "Feature", "geometry": {"type": "LineString", "coordinates": [[16.4863633, 43.525554], [16.4863631, 43.5263165]]}, "properties": {"tema": "namjena-poslovna", "opis": "K — gospodarska namjena, poslovna", "cad_sloj": "boja #ffbf7e", "list": "1. Koristenje i namjena", "plan": "UPU Bilice sjever", "izvor": "UPU Bilice sjever (split.hr), vektorizirano iz PDF-a"}}, {"type": "Feature", "geometry": {"type": "LineString", "coordinates": [[16.4863724, 43.5255507], [16.4863722, 43.5263134]]}, "properties": {"tema": "namjena-poslovna", "opis": "K — gospodarska namjena, poslovna", "cad_sloj": "boja #ffbf7e", "list": "1. Koristenje i namjena", "plan": "UPU Bilice sjever", "izvor": "UPU Bilice sjever (split.hr), vektorizirano iz PDF-a"}}, {"type": "Feature", "geometry": {"type": "LineString", "coordinates": [[16.4863818, 43.5255475], [16.4863817, 43.5263104]]}, "properties": {"tema": "namjena-poslovna", "opis": "K — gospodarska namjena, poslovna", "cad_sloj": "boja #ffbf7e", "list": "1. Koristenje i namjena", "plan": "UPU Bilice sjever", "izvor": "UPU Bilice sjever (split.hr), vektorizirano iz PDF-a"}}, {"type": "Feature", "geometry": {"type": "LineString", "coordinates": [[16.486391, 43.5255441], [16.4863908, 43.5263073]]}, "properties": {"tema": "namjena-poslovna", "opis": "K — gospodarska namjena, poslovna", "cad_sloj": "boja #ffbf7e", "list": "1. Koristenje i namjena", "plan": "UPU Bilice sjever", "izvor": "UPU Bilice sjever (split.hr), vektorizirano iz PDF-a"}}, {"type": "Feature", "geometry": {"type": "LineString", "coordinates": [[16.4864004, 43.5255408], [16.4864003, 43.5263043]]}, "properties": {"tema": "namjena-poslovna", "opis": "K — gospodarska namjena, poslovna", "cad_sloj": "boja #ffbf7e", "list": "1. Koristenje i namjena", "plan": "UPU Bilice sjever", "izvor": "UPU Bilice sjever (split.hr), vektorizirano iz PDF-a"}}, {"type": "Feature", "geometry": {"type": "LineString", "coordinates": [[16.4864096, 43.5255374], [16.4864094, 43.5263011]]}, "properties": {"tema": "namjena-poslovna", "opis": "K — gospodarska namjena, poslovna", "cad_sloj": "boja #ffbf7e", "list": "1. Koristenje i namjena", "plan": "UPU Bilice sjever", "izvor": "UPU Bilice sjever (split.hr), vektorizirano iz PDF-a"}}, {"type": "Feature", "geometry": {"type": "LineString", "coordinates": [[16.4864188, 43.5255342], [16.4864186, 43.526298]]}, "properties": {"tema": "namjena-poslovna", "opis": "K — gospodarska namjena, poslovna", "cad_sloj": "boja #ffbf7e", "list": "1. Koristenje i namjena", "plan": "UPU Bilice sjever", "izvor": "UPU Bilice sjever (split.hr), vektorizirano iz PDF-a"}}, {"type": "Feature", "geometry": {"type": "LineString", "coordinates": [[16.4864282, 43.5255307], [16.486428, 43.526295]]}, "properties": {"tema": "namjena-poslovna", "opis": "K — gospodarska namjena, poslovna", "cad_sloj": "boja #ffbf7e", "list": "1. Koristenje i namjena", "plan": "UPU Bilice sjever", "izvor": "UPU Bilice sjever (split.hr), vektorizirano iz PDF-a"}}, {"type": "Feature", "geometry": {"type": "LineString", "coordinates": [[16.4864374, 43.5255273], [16.4864372, 43.5262919]]}, "properties": {"tema": "namjena-poslovna", "opis": "K — gospodarska namjena, poslovna", "cad_sloj": "boja #ffbf7e", "list": "1. Koristenje i namjena", "plan": "UPU Bilice sjever", "izvor": "UPU Bilice sjever (split.hr), vektorizirano iz PDF-a"}}, {"type": "Feature", "geometry": {"type": "LineString", "coordinates": [[16.4864468, 43.5255239], [16.4864466, 43.5262889]]}, "properties": {"tema": "namjena-poslovna", "opis": "K — gospodarska namjena, poslovna", "cad_sloj": "boja #ffbf7e", "list": "1. Koristenje i namjena", "plan": "UPU Bilice sjever", "izvor": "UPU Bilice sjever (split.hr), vektorizirano iz PDF-a"}}, {"type": "Feature", "geometry": {"type": "LineString", "coordinates": [[16.486456, 43.5255205], [16.4864558, 43.5262858]]}, "properties": {"tema": "namjena-poslovna", "opis": "K — gospodarska namjena, poslovna", "cad_sloj": "boja #ffbf7e", "list": "1. Koristenje i namjena", "plan": "UPU Bilice sjever", "izvor": "UPU Bilice sjever (split.hr), vektorizirano iz PDF-a"}}, {"type": "Feature", "geometry": {"type": "LineString", "coordinates": [[16.4864654, 43.525517], [16.4864652, 43.5262826]]}, "properties": {"tema": "namjena-poslovna", "opis": "K — gospodarska namjena, poslovna", "cad_sloj": "boja #ffbf7e", "list": "1. Koristenje i namjena", "plan": "UPU Bilice sjever", "izvor": "UPU Bilice sjever (split.hr), vektorizirano iz PDF-a"}}, {"type": "Feature", "geometry": {"type": "LineString", "coordinates": [[16.4864745, 43.5255136], [16.4864744, 43.5262795]]}, "properties": {"tema": "namjena-poslovna", "opis": "K — gospodarska namjena, poslovna", "cad_sloj": "boja #ffbf7e", "list": "1. Koristenje i namjena", "plan": "UPU Bilice sjever", "izvor": "UPU Bilice sjever (split.hr), vektorizirano iz PDF-a"}}, {"type": "Feature", "geometry": {"type": "LineString", "coordinates": [[16.486484, 43.52551], [16.4864838, 43.5262765]]}, "properties": {"tema": "namjena-poslovna", "opis": "K — gospodarska namjena, poslovna", "cad_sloj": "boja #ffbf7e", "list": "1. Koristenje i namjena", "plan": "UPU Bilice sjever", "izvor": "UPU Bilice sjever (split.hr), vektorizirano iz PDF-a"}}, {"type": "Feature", "geometry": {"type": "LineString", "coordinates": [[16.4864931, 43.5255065], [16.486493, 43.5262734]]}, "properties": {"tema": "namjena-poslovna", "opis": "K — gospodarska namjena, poslovna", "cad_sloj": "boja #ffbf7e", "list": "1. Koristenje i namjena", "plan": "UPU Bilice sjever", "izvor": "UPU Bilice sjever (split.hr), vektorizirano iz PDF-a"}}, {"type": "Feature", "geometry": {"type": "LineString", "coordinates": [[16.4865023, 43.5255029], [16.4865021, 43.5262704]]}, "properties": {"tema": "namjena-poslovna", "opis": "K — gospodarska namjena, poslovna", "cad_sloj": "boja #ffbf7e", "list": "1. Koristenje i namjena", "plan": "UPU Bilice sjever", "izvor": "UPU Bilice sjever (split.hr), vektorizirano iz PDF-a"}}, {"type": "Feature", "geometry": {"type": "LineString", "coordinates": [[16.4865117, 43.5254995], [16.4865116, 43.5262673]]}, "properties": {"tema": "namjena-poslovna", "opis": "K — gospodarska namjena, poslovna", "cad_sloj": "boja #ffbf7e", "list": "1. Koristenje i namjena", "plan": "UPU Bilice sjever", "izvor": "UPU Bilice sjever (split.hr), vektorizirano iz PDF-a"}}, {"type": "Feature", "geometry": {"type": "LineString", "coordinates": [[16.4865209, 43.5254959], [16.4865207, 43.5262641]]}, "properties": {"tema": "namjena-poslovna", "opis": "K — gospodarska namjena, poslovna", "cad_sloj": "boja #ffbf7e", "list": "1. Koristenje i namjena", "plan": "UPU Bilice sjever", "izvor": "UPU Bilice sjever (split.hr), vektorizirano iz PDF-a"}}, {"type": "Feature", "geometry": {"type": "LineString", "coordinates": [[16.4865303, 43.5254923], [16.4865302, 43.5262611]]}, "properties": {"tema": "namjena-poslovna", "opis": "K — gospodarska namjena, poslovna", "cad_sloj": "boja #ffbf7e", "list": "1. Koristenje i namjena", "plan": "UPU Bilice sjever", "izvor": "UPU Bilice sjever (split.hr), vektorizirano iz PDF-a"}}, {"type": "Feature", "geometry": {"type": "LineString", "coordinates": [[16.4865395, 43.5254886], [16.4865393, 43.526258]]}, "properties": {"tema": "namjena-poslovna", "opis": "K — gospodarska namjena, poslovna", "cad_sloj": "boja #ffbf7e", "list": "1. Koristenje i namjena", "plan": "UPU Bilice sjever", "izvor": "UPU Bilice sjever (split.hr), vektorizirano iz PDF-a"}}, {"type": "Feature", "geometry": {"type": "LineString", "coordinates": [[16.4865489, 43.525485], [16.4865487, 43.526255]]}, "properties": {"tema": "namjena-poslovna", "opis": "K — gospodarska namjena, poslovna", "cad_sloj": "boja #ffbf7e", "list": "1. Koristenje i namjena", "plan": "UPU Bilice sjever", "izvor": "UPU Bilice sjever (split.hr), vektorizirano iz PDF-a"}}, {"type": "Feature", "geometry": {"type": "LineString", "coordinates": [[16.4865581, 43.5254814], [16.4865579, 43.5262519]]}, "properties": {"tema": "namjena-poslovna", "opis": "K — gospodarska namjena, poslovna", "cad_sloj": "boja #ffbf7e", "list": "1. Koristenje i namjena", "plan": "UPU Bilice sjever", "izvor": "UPU Bilice sjever (split.hr), vektorizirano iz PDF-a"}}, {"type": "Feature", "geometry": {"type": "LineString", "coordinates": [[16.4865673, 43.5254776], [16.4865671, 43.5262489]]}, "properties": {"tema": "namjena-poslovna", "opis": "K — gospodarska namjena, poslovna", "cad_sloj": "boja #ffbf7e", "list": "1. Koristenje i namjena", "plan": "UPU Bilice sjever", "izvor": "UPU Bilice sjever (split.hr), vektorizirano iz PDF-a"}}, {"type": "Feature", "geometry": {"type": "LineString", "coordinates": [[16.4865767, 43.525474], [16.4865765, 43.5262458]]}, "properties": {"tema": "namjena-poslovna", "opis": "K — gospodarska namjena, poslovna", "cad_sloj": "boja #ffbf7e", "list": "1. Koristenje i namjena", "plan": "UPU Bilice sjever", "izvor": "UPU Bilice sjever (split.hr), vektorizirano iz PDF-a"}}, {"type": "Feature", "geometry": {"type": "LineString", "coordinates": [[16.4865858, 43.5254702], [16.4865857, 43.5262426]]}, "properties": {"tema": "namjena-poslovna", "opis": "K — gospodarska namjena, poslovna", "cad_sloj": "boja #ffbf7e", "list": "1. Koristenje i namjena", "plan": "UPU Bilice sjever", "izvor": "UPU Bilice sjever (split.hr), vektorizirano iz PDF-a"}}, {"type": "Feature", "geometry": {"type": "LineString", "coordinates": [[16.4865953, 43.5254666], [16.4865951, 43.5262395]]}, "properties": {"tema": "namjena-poslovna", "opis": "K — gospodarska namjena, poslovna", "cad_sloj": "boja #ffbf7e", "list": "1. Koristenje i namjena", "plan": "UPU Bilice sjever", "izvor": "UPU Bilice sjever (split.hr), vektorizirano iz PDF-a"}}, {"type": "Feature", "geometry": {"type": "LineString", "coordinates": [[16.4866044, 43.5254627], [16.4866043, 43.5262365]]}, "properties": {"tema": "namjena-poslovna", "opis": "K — gospodarska namjena, poslovna", "cad_sloj": "boja #ffbf7e", "list": "1. Koristenje i namjena", "plan": "UPU Bilice sjever", "izvor": "UPU Bilice sjever (split.hr), vektorizirano iz PDF-a"}}, {"type": "Feature", "geometry": {"type": "LineString", "coordinates": [[16.4866139, 43.5254589], [16.4866137, 43.5262334]]}, "properties": {"tema": "namjena-poslovna", "opis": "K — gospodarska namjena, poslovna", "cad_sloj": "boja #ffbf7e", "list": "1. Koristenje i namjena", "plan": "UPU Bilice sjever", "izvor": "UPU Bilice sjever (split.hr), vektorizirano iz PDF-a"}}, {"type": "Feature", "geometry": {"type": "LineString", "coordinates": [[16.486623, 43.5254551], [16.4866229, 43.5262304]]}, "properties": {"tema": "namjena-poslovna", "opis": "K — gospodarska namjena, poslovna", "cad_sloj": "boja #ffbf7e", "list": "1. Koristenje i namjena", "plan": "UPU Bilice sjever", "izvor": "UPU Bilice sjever (split.hr), vektorizirano iz PDF-a"}}, {"type": "Feature", "geometry": {"type": "LineString", "coordinates": [[16.4866322, 43.5254513], [16.486632, 43.5262273]]}, "properties": {"tema": "namjena-poslovna", "opis": "K — gospodarska namjena, poslovna", "cad_sloj": "boja #ffbf7e", "list": "1. Koristenje i namjena", "plan": "UPU Bilice sjever", "izvor": "UPU Bilice sjever (split.hr), vektorizirano iz PDF-a"}}, {"type": "Feature", "geometry": {"type": "LineString", "coordinates": [[16.4866416, 43.5254475], [16.4866415, 43.5262241]]}, "properties": {"tema": "namjena-poslovna", "opis": "K — gospodarska namjena, poslovna", "cad_sloj": "boja #ffbf7e", "list": "1. Koristenje i namjena", "plan": "UPU Bilice sjever", "izvor": "UPU Bilice sjever (split.hr), vektorizirano iz PDF-a"}}, {"type": "Feature", "geometry": {"type": "LineString", "coordinates": [[16.4866508, 43.5254437], [16.4866506, 43.5262211]]}, "properties": {"tema": "namjena-poslovna", "opis": "K — gospodarska namjena, poslovna", "cad_sloj": "boja #ffbf7e", "list": "1. Koristenje i namjena", "plan": "UPU Bilice sjever", "izvor": "UPU Bilice sjever (split.hr), vektorizirano iz PDF-a"}}, {"type": "Feature", "geometry": {"type": "LineString", "coordinates": [[16.4866602, 43.5254397], [16.48666, 43.526218]]}, "properties": {"tema": "namjena-poslovna", "opis": "K — gospodarska namjena, poslovna", "cad_sloj": "boja #ffbf7e", "list": "1. Koristenje i namjena", "plan": "UPU Bilice sjever", "izvor": "UPU Bilice sjever (split.hr), vektorizirano iz PDF-a"}}, {"type": "Feature", "geometry": {"type": "LineString", "coordinates": [[16.4866694, 43.5254359], [16.4866692, 43.526215]]}, "properties": {"tema": "namjena-poslovna", "opis": "K — gospodarska namjena, poslovna", "cad_sloj": "boja #ffbf7e", "list": "1. Koristenje i namjena", "plan": "UPU Bilice sjever", "izvor": "UPU Bilice sjever (split.hr), vektorizirano iz PDF-a"}}, {"type": "Feature", "geometry": {"type": "LineString", "coordinates": [[16.4866788, 43.5254319], [16.4866786, 43.5262119]]}, "properties": {"tema": "namjena-poslovna", "opis": "K — gospodarska namjena, poslovna", "cad_sloj": "boja #ffbf7e", "list": "1. Koristenje i namjena", "plan": "UPU Bilice sjever", "izvor": "UPU Bilice sjever (split.hr), vektorizirano iz PDF-a"}}, {"type": "Feature", "geometry": {"type": "LineString", "coordinates": [[16.486688, 43.5254281], [16.4866878, 43.5262089]]}, "properties": {"tema": "namjena-poslovna", "opis": "K — gospodarska namjena, poslovna", "cad_sloj": "boja #ffbf7e", "list": "1. Koristenje i namjena", "plan": "UPU Bilice sjever", "izvor": "UPU Bilice sjever (split.hr), vektorizirano iz PDF-a"}}, {"type": "Feature", "geometry": {"type": "LineString", "coordinates": [[16.4866971, 43.5254241], [16.486697, 43.5262056]]}, "properties": {"tema": "namjena-poslovna", "opis": "K — gospodarska namjena, poslovna", "cad_sloj": "boja #ffbf7e", "list": "1. Koristenje i namjena", "plan": "UPU Bilice sjever", "izvor": "UPU Bilice sjever (split.hr), vektorizirano iz PDF-a"}}, {"type": "Feature", "geometry": {"type": "LineString", "coordinates": [[16.4867066, 43.5254201], [16.4867064, 43.5262026]]}, "properties": {"tema": "namjena-poslovna", "opis": "K — gospodarska namjena, poslovna", "cad_sloj": "boja #ffbf7e", "list": "1. Koristenje i namjena", "plan": "UPU Bilice sjever", "izvor": "UPU Bilice sjever (split.hr), vektorizirano iz PDF-a"}}, {"type": "Feature", "geometry": {"type": "LineString", "coordinates": [[16.4867157, 43.5254161], [16.4867156, 43.5261995]]}, "properties": {"tema": "namjena-poslovna", "opis": "K — gospodarska namjena, poslovna", "cad_sloj": "boja #ffbf7e", "list": "1. Koristenje i namjena", "plan": "UPU Bilice sjever", "izvor": "UPU Bilice sjever (split.hr), vektorizirano iz PDF-a"}}, {"type": "Feature", "geometry": {"type": "LineString", "coordinates": [[16.4867252, 43.5254121], [16.486725, 43.5261965]]}, "properties": {"tema": "namjena-poslovna", "opis": "K — gospodarska namjena, poslovna", "cad_sloj": "boja #ffbf7e", "list": "1. Koristenje i namjena", "plan": "UPU Bilice sjever", "izvor": "UPU Bilice sjever (split.hr), vektorizirano iz PDF-a"}}, {"type": "Feature", "geometry": {"type": "LineString", "coordinates": [[16.4867343, 43.5254079], [16.4867342, 43.5261934]]}, "properties": {"tema": "namjena-poslovna", "opis": "K — gospodarska namjena, poslovna", "cad_sloj": "boja #ffbf7e", "list": "1. Koristenje i namjena", "plan": "UPU Bilice sjever", "izvor": "UPU Bilice sjever (split.hr), vektorizirano iz PDF-a"}}, {"type": "Feature", "geometry": {"type": "LineString", "coordinates": [[16.4867438, 43.5254039], [16.4867436, 43.5261904]]}, "properties": {"tema": "namjena-poslovna", "opis": "K — gospodarska namjena, poslovna", "cad_sloj": "boja #ffbf7e", "list": "1. Koristenje i namjena", "plan": "UPU Bilice sjever", "izvor": "UPU Bilice sjever (split.hr), vektorizirano iz PDF-a"}}, {"type": "Feature", "geometry": {"type": "LineString", "coordinates": [[16.4867529, 43.5253999], [16.4867527, 43.5261872]]}, "properties": {"tema": "namjena-poslovna", "opis": "K — gospodarska namjena, poslovna", "cad_sloj": "boja #ffbf7e", "list": "1. Koristenje i namjena", "plan": "UPU Bilice sjever", "izvor": "UPU Bilice sjever (split.hr), vektorizirano iz PDF-a"}}, {"type": "Feature", "geometry": {"type": "LineString", "coordinates": [[16.4867621, 43.5253957], [16.4867619, 43.5261841]]}, "properties": {"tema": "namjena-poslovna", "opis": "K — gospodarska namjena, poslovna", "cad_sloj": "boja #ffbf7e", "list": "1. Koristenje i namjena", "plan": "UPU Bilice sjever", "izvor": "UPU Bilice sjever (split.hr), vektorizirano iz PDF-a"}}, {"type": "Feature", "geometry": {"type": "LineString", "coordinates": [[16.4867715, 43.5253925], [16.4867713, 43.5261811]]}, "properties": {"tema": "namjena-poslovna", "opis": "K — gospodarska namjena, poslovna", "cad_sloj": "boja #ffbf7e", "list": "1. Koristenje i namjena", "plan": "UPU Bilice sjever", "izvor": "UPU Bilice sjever (split.hr), vektorizirano iz PDF-a"}}, {"type": "Feature", "geometry": {"type": "LineString", "coordinates": [[16.4867807, 43.5253898], [16.4867805, 43.526178]]}, "properties": {"tema": "namjena-poslovna", "opis": "K — gospodarska namjena, poslovna", "cad_sloj": "boja #ffbf7e", "list": "1. Koristenje i namjena", "plan": "UPU Bilice sjever", "izvor": "UPU Bilice sjever (split.hr), vektorizirano iz PDF-a"}}, {"type": "Feature", "geometry": {"type": "LineString", "coordinates": [[16.4867901, 43.5253879], [16.4867899, 43.5261748]]}, "properties": {"tema": "namjena-poslovna", "opis": "K — gospodarska namjena, poslovna", "cad_sloj": "boja #ffbf7e", "list": "1. Koristenje i namjena", "plan": "UPU Bilice sjever", "izvor": "UPU Bilice sjever (split.hr), vektorizirano iz PDF-a"}}, {"type": "Feature", "geometry": {"type": "LineString", "coordinates": [[16.4867993, 43.5253865], [16.4867991, 43.5261717]]}, "properties": {"tema": "namjena-poslovna", "opis": "K — gospodarska namjena, poslovna", "cad_sloj": "boja #ffbf7e", "list": "1. Koristenje i namjena", "plan": "UPU Bilice sjever", "izvor": "UPU Bilice sjever (split.hr), vektorizirano iz PDF-a"}}, {"type": "Feature", "geometry": {"type": "LineString", "coordinates": [[16.4868087, 43.5253858], [16.4868085, 43.5261685]]}, "properties": {"tema": "namjena-poslovna", "opis": "K — gospodarska namjena, poslovna", "cad_sloj": "boja #ffbf7e", "list": "1. Koristenje i namjena", "plan": "UPU Bilice sjever", "izvor": "UPU Bilice sjever (split.hr), vektorizirano iz PDF-a"}}, {"type": "Feature", "geometry": {"type": "LineString", "coordinates": [[16.4868179, 43.5253854], [16.4868177, 43.5261654]]}, "properties": {"tema": "namjena-poslovna", "opis": "K — gospodarska namjena, poslovna", "cad_sloj": "boja #ffbf7e", "list": "1. Koristenje i namjena", "plan": "UPU Bilice sjever", "izvor": "UPU Bilice sjever (split.hr), vektorizirano iz PDF-a"}}, {"type": "Feature", "geometry": {"type": "LineString", "coordinates": [[16.4868273, 43.5253858], [16.4868271, 43.5261622]]}, "properties": {"tema": "namjena-poslovna", "opis": "K — gospodarska namjena, poslovna", "cad_sloj": "boja #ffbf7e", "list": "1. Koristenje i namjena", "plan": "UPU Bilice sjever", "izvor": "UPU Bilice sjever (split.hr), vektorizirano iz PDF-a"}}, {"type": "Feature", "geometry": {"type": "LineString", "coordinates": [[16.4868365, 43.5253867], [16.4868363, 43.526159]]}, "properties": {"tema": "namjena-poslovna", "opis": "K — gospodarska namjena, poslovna", "cad_sloj": "boja #ffbf7e", "list": "1. Koristenje i namjena", "plan": "UPU Bilice sjever", "izvor": "UPU Bilice sjever (split.hr), vektorizirano iz PDF-a"}}, {"type": "Feature", "geometry": {"type": "LineString", "coordinates": [[16.4868456, 43.5253883], [16.4868455, 43.5261557]]}, "properties": {"tema": "namjena-poslovna", "opis": "K — gospodarska namjena, poslovna", "cad_sloj": "boja #ffbf7e", "list": "1. Koristenje i namjena", "plan": "UPU Bilice sjever", "izvor": "UPU Bilice sjever (split.hr), vektorizirano iz PDF-a"}}, {"type": "Feature", "geometry": {"type": "LineString", "coordinates": [[16.486855, 43.5253906], [16.4868549, 43.5261527]]}, "properties": {"tema": "namjena-poslovna", "opis": "K — gospodarska namjena, poslovna", "cad_sloj": "boja #ffbf7e", "list": "1. Koristenje i namjena", "plan": "UPU Bilice sjever", "izvor": "UPU Bilice sjever (split.hr), vektorizirano iz PDF-a"}}, {"type": "Feature", "geometry": {"type": "LineString", "coordinates": [[16.4868642, 43.5253934], [16.486864, 43.5261495]]}, "properties": {"tema": "namjena-poslovna", "opis": "K — gospodarska namjena, poslovna", "cad_sloj": "boja #ffbf7e", "list": "1. Koristenje i namjena", "plan": "UPU Bilice sjever", "izvor": "UPU Bilice sjever (split.hr), vektorizirano iz PDF-a"}}, {"type": "Feature", "geometry": {"type": "LineString", "coordinates": [[16.4868736, 43.525397], [16.4868735, 43.5261462]]}, "properties": {"tema": "namjena-poslovna", "opis": "K — gospodarska namjena, poslovna", "cad_sloj": "boja #ffbf7e", "list": "1. Koristenje i namjena", "plan": "UPU Bilice sjever", "izvor": "UPU Bilice sjever (split.hr), vektorizirano iz PDF-a"}}, {"type": "Feature", "geometry": {"type": "LineString", "coordinates": [[16.4868828, 43.5254014], [16.4868826, 43.526143]]}, "properties": {"tema": "namjena-poslovna", "opis": "K — gospodarska namjena, poslovna", "cad_sloj": "boja #ffbf7e", "list": "1. Koristenje i namjena", "plan": "UPU Bilice sjever", "izvor": "UPU Bilice sjever (split.hr), vektorizirano iz PDF-a"}}, {"type": "Feature", "geometry": {"type": "LineString", "coordinates": [[16.4868922, 43.5254071], [16.4868921, 43.5261397]]}, "properties": {"tema": "namjena-poslovna", "opis": "K — gospodarska namjena, poslovna", "cad_sloj": "boja #ffbf7e", "list": "1. Koristenje i namjena", "plan": "UPU Bilice sjever", "izvor": "UPU Bilice sjever (split.hr), vektorizirano iz PDF-a"}}, {"type": "Feature", "geometry": {"type": "LineString", "coordinates": [[16.4869014, 43.5254142], [16.4869012, 43.5261365]]}, "properties": {"tema": "namjena-poslovna", "opis": "K — gospodarska namjena, poslovna", "cad_sloj": "boja #ffbf7e", "list": "1. Koristenje i namjena", "plan": "UPU Bilice sjever", "izvor": "UPU Bilice sjever (split.hr), vektorizirano iz PDF-a"}}, {"type": "Feature", "geometry": {"type": "LineString", "coordinates": [[16.4869106, 43.5254226], [16.4869104, 43.5261331]]}, "properties": {"tema": "namjena-poslovna", "opis": "K — gospodarska namjena, poslovna", "cad_sloj": "boja #ffbf7e", "list": "1. Koristenje i namjena", "plan": "UPU Bilice sjever", "izvor": "UPU Bilice sjever (split.hr), vektorizirano iz PDF-a"}}, {"type": "Feature", "geometry": {"type": "LineString", "coordinates": [[16.48692, 43.5254313], [16.4869198, 43.5261298]]}, "properties": {"tema": "namjena-poslovna", "opis": "K — gospodarska namjena, poslovna", "cad_sloj": "boja #ffbf7e", "list": "1. Koristenje i namjena", "plan": "UPU Bilice sjever", "izvor": "UPU Bilice sjever (split.hr), vektorizirano iz PDF-a"}}, {"type": "Feature", "geometry": {"type": "LineString", "coordinates": [[16.4869291, 43.5254399], [16.486929, 43.5261266]]}, "properties": {"tema": "namjena-poslovna", "opis": "K — gospodarska namjena, poslovna", "cad_sloj": "boja #ffbf7e", "list": "1. Koristenje i namjena", "plan": "UPU Bilice sjever", "izvor": "UPU Bilice sjever (split.hr), vektorizirano iz PDF-a"}}, {"type": "Feature", "geometry": {"type": "LineString", "coordinates": [[16.4869386, 43.5254485], [16.4869384, 43.5261232]]}, "properties": {"tema": "namjena-poslovna", "opis": "K — gospodarska namjena, poslovna", "cad_sloj": "boja #ffbf7e", "list": "1. Koristenje i namjena", "plan": "UPU Bilice sjever", "izvor": "UPU Bilice sjever (split.hr), vektorizirano iz PDF-a"}}, {"type": "Feature", "geometry": {"type": "LineString", "coordinates": [[16.4869477, 43.5254571], [16.4869476, 43.5261199]]}, "properties": {"tema": "namjena-poslovna", "opis": "K — gospodarska namjena, poslovna", "cad_sloj": "boja #ffbf7e", "list": "1. Koristenje i namjena", "plan": "UPU Bilice sjever", "izvor": "UPU Bilice sjever (split.hr), vektorizirano iz PDF-a"}}, {"type": "Feature", "geometry": {"type": "LineString", "coordinates": [[16.4869572, 43.5254656], [16.486957, 43.5261165]]}, "properties": {"tema": "namjena-poslovna", "opis": "K — gospodarska namjena, poslovna", "cad_sloj": "boja #ffbf7e", "list": "1. Koristenje i namjena", "plan": "UPU Bilice sjever", "izvor": "UPU Bilice sjever (split.hr), vektorizirano iz PDF-a"}}, {"type": "Feature", "geometry": {"type": "LineString", "coordinates": [[16.4869663, 43.5254742], [16.4869662, 43.5261133]]}, "properties": {"tema": "namjena-poslovna", "opis": "K — gospodarska namjena, poslovna", "cad_sloj": "boja #ffbf7e", "list": "1. Koristenje i namjena", "plan": "UPU Bilice sjever", "izvor": "UPU Bilice sjever (split.hr), vektorizirano iz PDF-a"}}, {"type": "Feature", "geometry": {"type": "LineString", "coordinates": [[16.4869755, 43.525483], [16.4869753, 43.5261098]]}, "properties": {"tema": "namjena-poslovna", "opis": "K — gospodarska namjena, poslovna", "cad_sloj": "boja #ffbf7e", "list": "1. Koristenje i namjena", "plan": "UPU Bilice sjever", "izvor": "UPU Bilice sjever (split.hr), vektorizirano iz PDF-a"}}, {"type": "Feature", "geometry": {"type": "LineString", "coordinates": [[16.4869849, 43.5254916], [16.4869848, 43.5261064]]}, "properties": {"tema": "namjena-poslovna", "opis": "K — gospodarska namjena, poslovna", "cad_sloj": "boja #ffbf7e", "list": "1. Koristenje i namjena", "plan": "UPU Bilice sjever", "izvor": "UPU Bilice sjever (split.hr), vektorizirano iz PDF-a"}}, {"type": "Feature", "geometry": {"type": "LineString", "coordinates": [[16.4869941, 43.5255001], [16.4869939, 43.5261032]]}, "properties": {"tema": "namjena-poslovna", "opis": "K — gospodarska namjena, poslovna", "cad_sloj": "boja #ffbf7e", "list": "1. Koristenje i namjena", "plan": "UPU Bilice sjever", "izvor": "UPU Bilice sjever (split.hr), vektorizirano iz PDF-a"}}, {"type": "Feature", "geometry": {"type": "LineString", "coordinates": [[16.4870035, 43.5255087], [16.4870034, 43.5260997]]}, "properties": {"tema": "namjena-poslovna", "opis": "K — gospodarska namjena, poslovna", "cad_sloj": "boja #ffbf7e", "list": "1. Koristenje i namjena", "plan": "UPU Bilice sjever", "izvor": "UPU Bilice sjever (split.hr), vektorizirano iz PDF-a"}}, {"type": "Feature", "geometry": {"type": "LineString", "coordinates": [[16.4870127, 43.5255173], [16.4870125, 43.5260963]]}, "properties": {"tema": "namjena-poslovna", "opis": "K — gospodarska namjena, poslovna", "cad_sloj": "boja #ffbf7e", "list": "1. Koristenje i namjena", "plan": "UPU Bilice sjever", "izvor": "UPU Bilice sjever (split.hr), vektorizirano iz PDF-a"}}, {"type": "Feature", "geometry": {"type": "LineString", "coordinates": [[16.4870221, 43.525526], [16.487022, 43.5260927]]}, "properties": {"tema": "namjena-poslovna", "opis": "K — gospodarska namjena, poslovna", "cad_sloj": "boja #ffbf7e", "list": "1. Koristenje i namjena", "plan": "UPU Bilice sjever", "izvor": "UPU Bilice sjever (split.hr), vektorizirano iz PDF-a"}}, {"type": "Feature", "geometry": {"type": "LineString", "coordinates": [[16.4870312, 43.5255346], [16.4870311, 43.5260891]]}, "properties": {"tema": "namjena-poslovna", "opis": "K — gospodarska namjena, poslovna", "cad_sloj": "boja #ffbf7e", "list": "1. Koristenje i namjena", "plan": "UPU Bilice sjever", "izvor": "UPU Bilice sjever (split.hr), vektorizirano iz PDF-a"}}, {"type": "Feature", "geometry": {"type": "LineString", "coordinates": [[16.4870404, 43.5255432], [16.4870403, 43.5260856]]}, "properties": {"tema": "namjena-poslovna", "opis": "K — gospodarska namjena, poslovna", "cad_sloj": "boja #ffbf7e", "list": "1. Koristenje i namjena", "plan": "UPU Bilice sjever", "izvor": "UPU Bilice sjever (split.hr), vektorizirano iz PDF-a"}}, {"type": "Feature", "geometry": {"type": "LineString", "coordinates": [[16.4870498, 43.5255529], [16.4870497, 43.526082]]}, "properties": {"tema": "namjena-poslovna", "opis": "K — gospodarska namjena, poslovna", "cad_sloj": "boja #ffbf7e", "list": "1. Koristenje i namjena", "plan": "UPU Bilice sjever", "izvor": "UPU Bilice sjever (split.hr), vektorizirano iz PDF-a"}}, {"type": "Feature", "geometry": {"type": "LineString", "coordinates": [[16.487059, 43.5255632], [16.4870589, 43.5260786]]}, "properties": {"tema": "namjena-poslovna", "opis": "K — gospodarska namjena, poslovna", "cad_sloj": "boja #ffbf7e", "list": "1. Koristenje i namjena", "plan": "UPU Bilice sjever", "izvor": "UPU Bilice sjever (split.hr), vektorizirano iz PDF-a"}}, {"type": "Feature", "geometry": {"type": "LineString", "coordinates": [[16.4870684, 43.5255733], [16.4870683, 43.526075]]}, "properties": {"tema": "namjena-poslovna", "opis": "K — gospodarska namjena, poslovna", "cad_sloj": "boja #ffbf7e", "list": "1. Koristenje i namjena", "plan": "UPU Bilice sjever", "izvor": "UPU Bilice sjever (split.hr), vektorizirano iz PDF-a"}}, {"type": "Feature", "geometry": {"type": "LineString", "coordinates": [[16.4870776, 43.5255836], [16.4870775, 43.5260714]]}, "properties": {"tema": "namjena-poslovna", "opis": "K — gospodarska namjena, poslovna", "cad_sloj": "boja #ffbf7e", "list": "1. Koristenje i namjena", "plan": "UPU Bilice sjever", "izvor": "UPU Bilice sjever (split.hr), vektorizirano iz PDF-a"}}, {"type": "Feature", "geometry": {"type": "LineString", "coordinates": [[16.487087, 43.5255939], [16.4870869, 43.5260679]]}, "properties": {"tema": "namjena-poslovna", "opis": "K — gospodarska namjena, poslovna", "cad_sloj": "boja #ffbf7e", "list": "1. Koristenje i namjena", "plan": "UPU Bilice sjever", "izvor": "UPU Bilice sjever (split.hr), vektorizirano iz PDF-a"}}, {"type": "Feature", "geometry": {"type": "LineString", "coordinates": [[16.4870962, 43.5256042], [16.4870961, 43.5260643]]}, "properties": {"tema": "namjena-poslovna", "opis": "K — gospodarska namjena, poslovna", "cad_sloj": "boja #ffbf7e", "list": "1. Koristenje i namjena", "plan": "UPU Bilice sjever", "izvor": "UPU Bilice sjever (split.hr), vektorizirano iz PDF-a"}}, {"type": "Feature", "geometry": {"type": "LineString", "coordinates": [[16.4871053, 43.5256145], [16.4871052, 43.5260607]]}, "properties": {"tema": "namjena-poslovna", "opis": "K — gospodarska namjena, poslovna", "cad_sloj": "boja #ffbf7e", "list": "1. Koristenje i namjena", "plan": "UPU Bilice sjever", "izvor": "UPU Bilice sjever (split.hr), vektorizirano iz PDF-a"}}, {"type": "Feature", "geometry": {"type": "LineString", "coordinates": [[16.4871148, 43.5256248], [16.4871147, 43.5260573]]}, "properties": {"tema": "namjena-poslovna", "opis": "K — gospodarska namjena, poslovna", "cad_sloj": "boja #ffbf7e", "list": "1. Koristenje i namjena", "plan": "UPU Bilice sjever", "izvor": "UPU Bilice sjever (split.hr), vektorizirano iz PDF-a"}}, {"type": "Feature", "geometry": {"type": "LineString", "coordinates": [[16.4871239, 43.525635], [16.4871238, 43.5260536]]}, "properties": {"tema": "namjena-poslovna", "opis": "K — gospodarska namjena, poslovna", "cad_sloj": "boja #ffbf7e", "list": "1. Koristenje i namjena", "plan": "UPU Bilice sjever", "izvor": "UPU Bilice sjever (split.hr), vektorizirano iz PDF-a"}}, {"type": "Feature", "geometry": {"type": "LineString", "coordinates": [[16.4871333, 43.5256451], [16.4871333, 43.5260502]]}, "properties": {"tema": "namjena-poslovna", "opis": "K — gospodarska namjena, poslovna", "cad_sloj": "boja #ffbf7e", "list": "1. Koristenje i namjena", "plan": "UPU Bilice sjever", "izvor": "UPU Bilice sjever (split.hr), vektorizirano iz PDF-a"}}, {"type": "Feature", "geometry": {"type": "LineString", "coordinates": [[16.4871425, 43.5256554], [16.4871424, 43.5260466]]}, "properties": {"tema": "namjena-poslovna", "opis": "K — gospodarska namjena, poslovna", "cad_sloj": "boja #ffbf7e", "list": "1. Koristenje i namjena", "plan": "UPU Bilice sjever", "izvor": "UPU Bilice sjever (split.hr), vektorizirano iz PDF-a"}}, {"type": "Feature", "geometry": {"type": "LineString", "coordinates": [[16.4871519, 43.5256657], [16.4871518, 43.526043]]}, "properties": {"tema": "namjena-poslovna", "opis": "K — gospodarska namjena, poslovna", "cad_sloj": "boja #ffbf7e", "list": "1. Koristenje i namjena", "plan": "UPU Bilice sjever", "izvor": "UPU Bilice sjever (split.hr), vektorizirano iz PDF-a"}}, {"type": "Feature", "geometry": {"type": "LineString", "coordinates": [[16.4871611, 43.525676], [16.487161, 43.5260392]]}, "properties": {"tema": "namjena-poslovna", "opis": "K — gospodarska namjena, poslovna", "cad_sloj": "boja #ffbf7e", "list": "1. Koristenje i namjena", "plan": "UPU Bilice sjever", "izvor": "UPU Bilice sjever (split.hr), vektorizirano iz PDF-a"}}, {"type": "Feature", "geometry": {"type": "LineString", "coordinates": [[16.4871705, 43.5256863], [16.4871704, 43.5260346]]}, "properties": {"tema": "namjena-poslovna", "opis": "K — gospodarska namjena, poslovna", "cad_sloj": "boja #ffbf7e", "list": "1. Koristenje i namjena", "plan": "UPU Bilice sjever", "izvor": "UPU Bilice sjever (split.hr), vektorizirano iz PDF-a"}}, {"type": "Feature", "geometry": {"type": "LineString", "coordinates": [[16.4871797, 43.5256966], [16.4871796, 43.5260295]]}, "properties": {"tema": "namjena-poslovna", "opis": "K — gospodarska namjena, poslovna", "cad_sloj": "boja #ffbf7e", "list": "1. Koristenje i namjena", "plan": "UPU Bilice sjever", "izvor": "UPU Bilice sjever (split.hr), vektorizirano iz PDF-a"}}, {"type": "Feature", "geometry": {"type": "LineString", "coordinates": [[16.4871888, 43.5257069], [16.4871888, 43.5260234]]}, "properties": {"tema": "namjena-poslovna", "opis": "K — gospodarska namjena, poslovna", "cad_sloj": "boja #ffbf7e", "list": "1. Koristenje i namjena", "plan": "UPU Bilice sjever", "izvor": "UPU Bilice sjever (split.hr), vektorizirano iz PDF-a"}}, {"type": "Feature", "geometry": {"type": "LineString", "coordinates": [[16.4871983, 43.525717], [16.4871982, 43.5260165]]}, "properties": {"tema": "namjena-poslovna", "opis": "K — gospodarska namjena, poslovna", "cad_sloj": "boja #ffbf7e", "list": "1. Koristenje i namjena", "plan": "UPU Bilice sjever", "izvor": "UPU Bilice sjever (split.hr), vektorizirano iz PDF-a"}}, {"type": "Feature", "geometry": {"type": "LineString", "coordinates": [[16.4872074, 43.5257273], [16.4872074, 43.5260083]]}, "properties": {"tema": "namjena-poslovna", "opis": "K — gospodarska namjena, poslovna", "cad_sloj": "boja #ffbf7e", "list": "1. Koristenje i namjena", "plan": "UPU Bilice sjever", "izvor": "UPU Bilice sjever (split.hr), vektorizirano iz PDF-a"}}, {"type": "Feature", "geometry": {"type": "LineString", "coordinates": [[16.4872169, 43.5257376], [16.4872168, 43.5259984]]}, "properties": {"tema": "namjena-poslovna", "opis": "K — gospodarska namjena, poslovna", "cad_sloj": "boja #ffbf7e", "list": "1. Koristenje i namjena", "plan": "UPU Bilice sjever", "izvor": "UPU Bilice sjever (split.hr), vektorizirano iz PDF-a"}}, {"type": "Feature", "geometry": {"type": "LineString", "coordinates": [[16.487226, 43.5257478], [16.487226, 43.525986]]}, "properties": {"tema": "namjena-poslovna", "opis": "K — gospodarska namjena, poslovna", "cad_sloj": "boja #ffbf7e", "list": "1. Koristenje i namjena", "plan": "UPU Bilice sjever", "izvor": "UPU Bilice sjever (split.hr), vektorizirano iz PDF-a"}}, {"type": "Feature", "geometry": {"type": "LineString", "coordinates": [[16.4872354, 43.5257581], [16.4872354, 43.5259689]]}, "properties": {"tema": "namjena-poslovna", "opis": "K — gospodarska namjena, poslovna", "cad_sloj": "boja #ffbf7e", "list": "1. Koristenje i namjena", "plan": "UPU Bilice sjever", "izvor": "UPU Bilice sjever (split.hr), vektorizirano iz PDF-a"}}, {"type": "Feature", "geometry": {"type": "LineString", "coordinates": [[16.4872446, 43.5257684], [16.4872446, 43.5259494]]}, "properties": {"tema": "namjena-poslovna", "opis": "K — gospodarska namjena, poslovna", "cad_sloj": "boja #ffbf7e", "list": "1. Koristenje i namjena", "plan": "UPU Bilice sjever", "izvor": "UPU Bilice sjever (split.hr), vektorizirano iz PDF-a"}}, {"type": "Feature", "geometry": {"type": "LineString", "coordinates": [[16.4872538, 43.5257787], [16.4872537, 43.52593]]}, "properties": {"tema": "namjena-poslovna", "opis": "K — gospodarska namjena, poslovna", "cad_sloj": "boja #ffbf7e", "list": "1. Koristenje i namjena", "plan": "UPU Bilice sjever", "izvor": "UPU Bilice sjever (split.hr), vektorizirano iz PDF-a"}}, {"type": "Feature", "geometry": {"type": "LineString", "coordinates": [[16.4872632, 43.5257888], [16.4872632, 43.5259106]]}, "properties": {"tema": "namjena-poslovna", "opis": "K — gospodarska namjena, poslovna", "cad_sloj": "boja #ffbf7e", "list": "1. Koristenje i namjena", "plan": "UPU Bilice sjever", "izvor": "UPU Bilice sjever (split.hr), vektorizirano iz PDF-a"}}, {"type": "Feature", "geometry": {"type": "LineString", "coordinates": [[16.4872723, 43.5258016], [16.4872723, 43.5258911]]}, "properties": {"tema": "namjena-poslovna", "opis": "K — gospodarska namjena, poslovna", "cad_sloj": "boja #ffbf7e", "list": "1. Koristenje i namjena", "plan": "UPU Bilice sjever", "izvor": "UPU Bilice sjever (split.hr), vektorizirano iz PDF-a"}}, {"type": "Feature", "geometry": {"type": "LineString", "coordinates": [[16.4872818, 43.5258218], [16.4872818, 43.5258698]]}, "properties": {"tema": "namjena-poslovna", "opis": "K — gospodarska namjena, poslovna", "cad_sloj": "boja #ffbf7e", "list": "1. Koristenje i namjena", "plan": "UPU Bilice sjever", "izvor": "UPU Bilice sjever (split.hr), vektorizirano iz PDF-a"}}, {"type": "Feature", "geometry": {"type": "LineString", "coordinates": [[16.4843584, 43.5278449], [16.4843584, 43.5278868]]}, "properties": {"tema": "namjena-poslovna", "opis": "K — gospodarska namjena, poslovna", "cad_sloj": "boja #ffbf7e", "list": "1. Koristenje i namjena", "plan": "UPU Bilice sjever", "izvor": "UPU Bilice sjever (split.hr), vektorizirano iz PDF-a"}}, {"type": "Feature", "geometry": {"type": "LineString", "coordinates": [[16.4843679, 43.5278333], [16.4843679, 43.5279009]]}, "properties": {"tema": "namjena-poslovna", "opis": "K — gospodarska namjena, poslovna", "cad_sloj": "boja #ffbf7e", "list": "1. Koristenje i namjena", "plan": "UPU Bilice sjever", "izvor": "UPU Bilice sjever (split.hr), vektorizirano iz PDF-a"}}, {"type": "Feature", "geometry": {"type": "LineString", "coordinates": [[16.484377, 43.5278258], [16.484377, 43.5279148]]}, "properties": {"tema": "namjena-poslovna", "opis": "K — gospodarska namjena, poslovna", "cad_sloj": "boja #ffbf7e", "list": "1. Koristenje i namjena", "plan": "UPU Bilice sjever", "izvor": "UPU Bilice sjever (split.hr), vektorizirano iz PDF-a"}}, {"type": "Feature", "geometry": {"type": "LineString", "coordinates": [[16.4843865, 43.5278207], [16.4843864, 43.5279285]]}, "properties": {"tema": "namjena-poslovna", "opis": "K — gospodarska namjena, poslovna", "cad_sloj": "boja #ffbf7e", "list": "1. Koristenje i namjena", "plan": "UPU Bilice sjever", "izvor": "UPU Bilice sjever (split.hr), vektorizirano iz PDF-a"}}, {"type": "Feature", "geometry": {"type": "LineString", "coordinates": [[16.4843956, 43.5278169], [16.4843956, 43.5279424]]}, "properties": {"tema": "namjena-poslovna", "opis": "K — gospodarska namjena, poslovna", "cad_sloj": "boja #ffbf7e", "list": "1. Koristenje i namjena", "plan": "UPU Bilice sjever", "izvor": "UPU Bilice sjever (split.hr), vektorizirano iz PDF-a"}}, {"type": "Feature", "geometry": {"type": "LineString", "coordinates": [[16.4844051, 43.5278136], [16.484405, 43.5279563]]}, "properties": {"tema": "namjena-poslovna", "opis": "K — gospodarska namjena, poslovna", "cad_sloj": "boja #ffbf7e", "list": "1. Koristenje i namjena", "plan": "UPU Bilice sjever", "izvor": "UPU Bilice sjever (split.hr), vektorizirano iz PDF-a"}}, {"type": "Feature", "geometry": {"type": "LineString", "coordinates": [[16.4844142, 43.5278102], [16.4844142, 43.5279703]]}, "properties": {"tema": "namjena-poslovna", "opis": "K — gospodarska namjena, poslovna", "cad_sloj": "boja #ffbf7e", "list": "1. Koristenje i namjena", "plan": "UPU Bilice sjever", "izvor": "UPU Bilice sjever (split.hr), vektorizirano iz PDF-a"}}, {"type": "Feature", "geometry": {"type": "LineString", "coordinates": [[16.4844234, 43.527807], [16.4844233, 43.527984]]}, "properties": {"tema": "namjena-poslovna", "opis": "K — gospodarska namjena, poslovna", "cad_sloj": "boja #ffbf7e", "list": "1. Koristenje i namjena", "plan": "UPU Bilice sjever", "izvor": "UPU Bilice sjever (split.hr), vektorizirano iz PDF-a"}}, {"type": "Feature", "geometry": {"type": "LineString", "coordinates": [[16.4844328, 43.5278037], [16.4844328, 43.5279979]]}, "properties": {"tema": "namjena-poslovna", "opis": "K — gospodarska namjena, poslovna", "cad_sloj": "boja #ffbf7e", "list": "1. Koristenje i namjena", "plan": "UPU Bilice sjever", "izvor": "UPU Bilice sjever (split.hr), vektorizirano iz PDF-a"}}, {"type": "Feature", "geometry": {"type": "LineString", "coordinates": [[16.484442, 43.5278005], [16.4844419, 43.5280118]]}, "properties": {"tema": "namjena-poslovna", "opis": "K — gospodarska namjena, poslovna", "cad_sloj": "boja #ffbf7e", "list": "1. Koristenje i namjena", "plan": "UPU Bilice sjever", "izvor": "UPU Bilice sjever (split.hr), vektorizirano iz PDF-a"}}, {"type": "Feature", "geometry": {"type": "LineString", "coordinates": [[16.4844514, 43.5277971], [16.4844514, 43.5280255]]}, "properties": {"tema": "namjena-poslovna", "opis": "K — gospodarska namjena, poslovna", "cad_sloj": "boja #ffbf7e", "list": "1. Koristenje i namjena", "plan": "UPU Bilice sjever", "izvor": "UPU Bilice sjever (split.hr), vektorizirano iz PDF-a"}}, {"type": "Feature", "geometry": {"type": "LineString", "coordinates": [[16.4844606, 43.5277938], [16.4844605, 43.5280394]]}, "properties": {"tema": "namjena-poslovna", "opis": "K — gospodarska namjena, poslovna", "cad_sloj": "boja #ffbf7e", "list": "1. Koristenje i namjena", "plan": "UPU Bilice sjever", "izvor": "UPU Bilice sjever (split.hr), vektorizirano iz PDF-a"}}, {"type": "Feature", "geometry": {"type": "LineString", "coordinates": [[16.48447, 43.5277906], [16.4844699, 43.5280533]]}, "properties": {"tema": "namjena-poslovna", "opis": "K — gospodarska namjena, poslovna", "cad_sloj": "boja #ffbf7e", "list": "1. Koristenje i namjena", "plan": "UPU Bilice sjever", "izvor": "UPU Bilice sjever (split.hr), vektorizirano iz PDF-a"}}, {"type": "Feature", "geometry": {"type": "LineString", "coordinates": [[16.4844792, 43.5277874], [16.4844791, 43.5280671]]}, "properties": {"tema": "namjena-poslovna", "opis": "K — gospodarska namjena, poslovna", "cad_sloj": "boja #ffbf7e", "list": "1. Koristenje i namjena", "plan": "UPU Bilice sjever", "izvor": "UPU Bilice sjever (split.hr), vektorizirano iz PDF-a"}}, {"type": "Feature", "geometry": {"type": "LineString", "coordinates": [[16.4844883, 43.5277839], [16.4844883, 43.528081]]}, "properties": {"tema": "namjena-poslovna", "opis": "K — gospodarska namjena, poslovna", "cad_sloj": "boja #ffbf7e", "list": "1. Koristenje i namjena", "plan": "UPU Bilice sjever", "izvor": "UPU Bilice sjever (split.hr), vektorizirano iz PDF-a"}}, {"type": "Feature", "geometry": {"type": "LineString", "coordinates": [[16.4844978, 43.5277807], [16.4844977, 43.5280947]]}, "properties": {"tema": "namjena-poslovna", "opis": "K — gospodarska namjena, poslovna", "cad_sloj": "boja #ffbf7e", "list": "1. Koristenje i namjena", "plan": "UPU Bilice sjever", "izvor": "UPU Bilice sjever (split.hr), vektorizirano iz PDF-a"}}, {"type": "Feature", "geometry": {"type": "LineString", "coordinates": [[16.4845069, 43.5277775], [16.4845069, 43.5281086]]}, "properties": {"tema": "namjena-poslovna", "opis": "K — gospodarska namjena, poslovna", "cad_sloj": "boja #ffbf7e", "list": "1. Koristenje i namjena", "plan": "UPU Bilice sjever", "izvor": "UPU Bilice sjever (split.hr), vektorizirano iz PDF-a"}}, {"type": "Feature", "geometry": {"type": "LineString", "coordinates": [[16.4845164, 43.5277742], [16.4845163, 43.5281223]]}, "properties": {"tema": "namjena-poslovna", "opis": "K — gospodarska namjena, poslovna", "cad_sloj": "boja #ffbf7e", "list": "1. Koristenje i namjena", "plan": "UPU Bilice sjever", "izvor": "UPU Bilice sjever (split.hr), vektorizirano iz PDF-a"}}, {"type": "Feature", "geometry": {"type": "LineString", "coordinates": [[16.4845255, 43.5277708], [16.4845254, 43.528136]]}, "properties": {"tema": "namjena-poslovna", "opis": "K — gospodarska namjena, poslovna", "cad_sloj": "boja #ffbf7e", "list": "1. Koristenje i namjena", "plan": "UPU Bilice sjever", "izvor": "UPU Bilice sjever (split.hr), vektorizirano iz PDF-a"}}, {"type": "Feature", "geometry": {"type": "LineString", "coordinates": [[16.484535, 43.5277675], [16.4845349, 43.5281498]]}, "properties": {"tema": "namjena-poslovna", "opis": "K — gospodarska namjena, poslovna", "cad_sloj": "boja #ffbf7e", "list": "1. Koristenje i namjena", "plan": "UPU Bilice sjever", "izvor": "UPU Bilice sjever (split.hr), vektorizirano iz PDF-a"}}, {"type": "Feature", "geometry": {"type": "LineString", "coordinates": [[16.4845441, 43.5277643], [16.484544, 43.5281637]]}, "properties": {"tema": "namjena-poslovna", "opis": "K — gospodarska namjena, poslovna", "cad_sloj": "boja #ffbf7e", "list": "1. Koristenje i namjena", "plan": "UPU Bilice sjever", "izvor": "UPU Bilice sjever (split.hr), vektorizirano iz PDF-a"}}, {"type": "Feature", "geometry": {"type": "LineString", "coordinates": [[16.4845533, 43.5277609], [16.4845532, 43.5281774]]}, "properties": {"tema": "namjena-poslovna", "opis": "K — gospodarska namjena, poslovna", "cad_sloj": "boja #ffbf7e", "list": "1. Koristenje i namjena", "plan": "UPU Bilice sjever", "izvor": "UPU Bilice sjever (split.hr), vektorizirano iz PDF-a"}}, {"type": "Feature", "geometry": {"type": "LineString", "coordinates": [[16.4845627, 43.5277576], [16.4845626, 43.5281911]]}, "properties": {"tema": "namjena-poslovna", "opis": "K — gospodarska namjena, poslovna", "cad_sloj": "boja #ffbf7e", "list": "1. Koristenje i namjena", "plan": "UPU Bilice sjever", "izvor": "UPU Bilice sjever (split.hr), vektorizirano iz PDF-a"}}, {"type": "Feature", "geometry": {"type": "LineString", "coordinates": [[16.4845719, 43.5277544], [16.4845718, 43.528205]]}, "properties": {"tema": "namjena-poslovna", "opis": "K — gospodarska namjena, poslovna", "cad_sloj": "boja #ffbf7e", "list": "1. Koristenje i namjena", "plan": "UPU Bilice sjever", "izvor": "UPU Bilice sjever (split.hr), vektorizirano iz PDF-a"}}, {"type": "Feature", "geometry": {"type": "LineString", "coordinates": [[16.4845813, 43.5277512], [16.4845812, 43.5282187]]}, "properties": {"tema": "namjena-poslovna", "opis": "K — gospodarska namjena, poslovna", "cad_sloj": "boja #ffbf7e", "list": "1. Koristenje i namjena", "plan": "UPU Bilice sjever", "izvor": "UPU Bilice sjever (split.hr), vektorizirano iz PDF-a"}}, {"type": "Feature", "geometry": {"type": "LineString", "coordinates": [[16.4845905, 43.5277477], [16.4845904, 43.5282325]]}, "properties": {"tema": "namjena-poslovna", "opis": "K — gospodarska namjena, poslovna", "cad_sloj": "boja #ffbf7e", "list": "1. Koristenje i namjena", "plan": "UPU Bilice sjever", "izvor": "UPU Bilice sjever (split.hr), vektorizirano iz PDF-a"}}, {"type": "Feature", "geometry": {"type": "LineString", "coordinates": [[16.4845999, 43.5277445], [16.4845998, 43.5282462]]}, "properties": {"tema": "namjena-poslovna", "opis": "K — gospodarska namjena, poslovna", "cad_sloj": "boja #ffbf7e", "list": "1. Koristenje i namjena", "plan": "UPU Bilice sjever", "izvor": "UPU Bilice sjever (split.hr), vektorizirano iz PDF-a"}}, {"type": "Feature", "geometry": {"type": "LineString", "coordinates": [[16.4846091, 43.5277413], [16.4846089, 43.5282601]]}, "properties": {"tema": "namjena-poslovna", "opis": "K — gospodarska namjena, poslovna", "cad_sloj": "boja #ffbf7e", "list": "1. Koristenje i namjena", "plan": "UPU Bilice sjever", "izvor": "UPU Bilice sjever (split.hr), vektorizirano iz PDF-a"}}, {"type": "Feature", "geometry": {"type": "LineString", "coordinates": [[16.4846185, 43.527738], [16.4846184, 43.5282738]]}, "properties": {"tema": "namjena-poslovna", "opis": "K — gospodarska namjena, poslovna", "cad_sloj": "boja #ffbf7e", "list": "1. Koristenje i namjena", "plan": "UPU Bilice sjever", "izvor": "UPU Bilice sjever (split.hr), vektorizirano iz PDF-a"}}, {"type": "Feature", "geometry": {"type": "LineString", "coordinates": [[16.4846277, 43.5277346], [16.4846275, 43.5282875]]}, "properties": {"tema": "namjena-poslovna", "opis": "K — gospodarska namjena, poslovna", "cad_sloj": "boja #ffbf7e", "list": "1. Koristenje i namjena", "plan": "UPU Bilice sjever", "izvor": "UPU Bilice sjever (split.hr), vektorizirano iz PDF-a"}}, {"type": "Feature", "geometry": {"type": "LineString", "coordinates": [[16.4846368, 43.5277314], [16.4846367, 43.5283014]]}, "properties": {"tema": "namjena-poslovna", "opis": "K — gospodarska namjena, poslovna", "cad_sloj": "boja #ffbf7e", "list": "1. Koristenje i namjena", "plan": "UPU Bilice sjever", "izvor": "UPU Bilice sjever (split.hr), vektorizirano iz PDF-a"}}, {"type": "Feature", "geometry": {"type": "LineString", "coordinates": [[16.4846463, 43.5277281], [16.4846461, 43.5283152]]}, "properties": {"tema": "namjena-poslovna", "opis": "K — gospodarska namjena, poslovna", "cad_sloj": "boja #ffbf7e", "list": "1. Koristenje i namjena", "plan": "UPU Bilice sjever", "izvor": "UPU Bilice sjever (split.hr), vektorizirano iz PDF-a"}}, {"type": "Feature", "geometry": {"type": "LineString", "coordinates": [[16.4846554, 43.5277247], [16.4846553, 43.5283289]]}, "properties": {"tema": "namjena-poslovna", "opis": "K — gospodarska namjena, poslovna", "cad_sloj": "boja #ffbf7e", "list": "1. Koristenje i namjena", "plan": "UPU Bilice sjever", "izvor": "UPU Bilice sjever (split.hr), vektorizirano iz PDF-a"}}, {"type": "Feature", "geometry": {"type": "LineString", "coordinates": [[16.4846649, 43.5277215], [16.4846647, 43.5283428]]}, "properties": {"tema": "namjena-poslovna", "opis": "K — gospodarska namjena, poslovna", "cad_sloj": "boja #ffbf7e", "list": "1. Koristenje i namjena", "plan": "UPU Bilice sjever", "izvor": "UPU Bilice sjever (split.hr), vektorizirano iz PDF-a"}}, {"type": "Feature", "geometry": {"type": "LineString", "coordinates": [[16.484674, 43.5277182], [16.4846739, 43.5283565]]}, "properties": {"tema": "namjena-poslovna", "opis": "K — gospodarska namjena, poslovna", "cad_sloj": "boja #ffbf7e", "list": "1. Koristenje i namjena", "plan": "UPU Bilice sjever", "izvor": "UPU Bilice sjever (split.hr), vektorizirano iz PDF-a"}}, {"type": "Feature", "geometry": {"type": "LineString", "coordinates": [[16.4846834, 43.527715], [16.4846833, 43.5283702]]}, "properties": {"tema": "namjena-poslovna", "opis": "K — gospodarska namjena, poslovna", "cad_sloj": "boja #ffbf7e", "list": "1. Koristenje i namjena", "plan": "UPU Bilice sjever", "izvor": "UPU Bilice sjever (split.hr), vektorizirano iz PDF-a"}}, {"type": "Feature", "geometry": {"type": "LineString", "coordinates": [[16.4846926, 43.5277116], [16.4846924, 43.5283839]]}, "properties": {"tema": "namjena-poslovna", "opis": "K — gospodarska namjena, poslovna", "cad_sloj": "boja #ffbf7e", "list": "1. Koristenje i namjena", "plan": "UPU Bilice sjever", "izvor": "UPU Bilice sjever (split.hr), vektorizirano iz PDF-a"}}, {"type": "Feature", "geometry": {"type": "LineString", "coordinates": [[16.4847018, 43.5277083], [16.4847016, 43.5283979]]}, "properties": {"tema": "namjena-poslovna", "opis": "K — gospodarska namjena, poslovna", "cad_sloj": "boja #ffbf7e", "list": "1. Koristenje i namjena", "plan": "UPU Bilice sjever", "izvor": "UPU Bilice sjever (split.hr), vektorizirano iz PDF-a"}}, {"type": "Feature", "geometry": {"type": "LineString", "coordinates": [[16.4847112, 43.5277051], [16.484711, 43.5284116]]}, "properties": {"tema": "namjena-poslovna", "opis": "K — gospodarska namjena, poslovna", "cad_sloj": "boja #ffbf7e", "list": "1. Koristenje i namjena", "plan": "UPU Bilice sjever", "izvor": "UPU Bilice sjever (split.hr), vektorizirano iz PDF-a"}}, {"type": "Feature", "geometry": {"type": "LineString", "coordinates": [[16.4847204, 43.5277018], [16.4847202, 43.5284253]]}, "properties": {"tema": "namjena-poslovna", "opis": "K — gospodarska namjena, poslovna", "cad_sloj": "boja #ffbf7e", "list": "1. Koristenje i namjena", "plan": "UPU Bilice sjever", "izvor": "UPU Bilice sjever (split.hr), vektorizirano iz PDF-a"}}, {"type": "Feature", "geometry": {"type": "LineString", "coordinates": [[16.4847298, 43.5276984], [16.4847296, 43.5284392]]}, "properties": {"tema": "namjena-poslovna", "opis": "K — gospodarska namjena, poslovna", "cad_sloj": "boja #ffbf7e", "list": "1. Koristenje i namjena", "plan": "UPU Bilice sjever", "izvor": "UPU Bilice sjever (split.hr), vektorizirano iz PDF-a"}}, {"type": "Feature", "geometry": {"type": "LineString", "coordinates": [[16.484739, 43.5276952], [16.4847388, 43.5284529]]}, "properties": {"tema": "namjena-poslovna", "opis": "K — gospodarska namjena, poslovna", "cad_sloj": "boja #ffbf7e", "list": "1. Koristenje i namjena", "plan": "UPU Bilice sjever", "izvor": "UPU Bilice sjever (split.hr), vektorizirano iz PDF-a"}}, {"type": "Feature", "geometry": {"type": "LineString", "coordinates": [[16.4847484, 43.5276919], [16.4847482, 43.5284666]]}, "properties": {"tema": "namjena-poslovna", "opis": "K — gospodarska namjena, poslovna", "cad_sloj": "boja #ffbf7e", "list": "1. Koristenje i namjena", "plan": "UPU Bilice sjever", "izvor": "UPU Bilice sjever (split.hr), vektorizirano iz PDF-a"}}, {"type": "Feature", "geometry": {"type": "LineString", "coordinates": [[16.4847576, 43.5276887], [16.4847574, 43.5284796]]}, "properties": {"tema": "namjena-poslovna", "opis": "K — gospodarska namjena, poslovna", "cad_sloj": "boja #ffbf7e", "list": "1. Koristenje i namjena", "plan": "UPU Bilice sjever", "izvor": "UPU Bilice sjever (split.hr), vektorizirano iz PDF-a"}}, {"type": "Feature", "geometry": {"type": "LineString", "coordinates": [[16.4847667, 43.5276853], [16.4847665, 43.5284891]]}, "properties": {"tema": "namjena-poslovna", "opis": "K — gospodarska namjena, poslovna", "cad_sloj": "boja #ffbf7e", "list": "1. Koristenje i namjena", "plan": "UPU Bilice sjever", "izvor": "UPU Bilice sjever (split.hr), vektorizirano iz PDF-a"}}, {"type": "Feature", "geometry": {"type": "LineString", "coordinates": [[16.4847762, 43.527682], [16.4847759, 43.5284966]]}, "properties": {"tema": "namjena-poslovna", "opis": "K — gospodarska namjena, poslovna", "cad_sloj": "boja #ffbf7e", "list": "1. Koristenje i namjena", "plan": "UPU Bilice sjever", "izvor": "UPU Bilice sjever (split.hr), vektorizirano iz PDF-a"}}, {"type": "Feature", "geometry": {"type": "LineString", "coordinates": [[16.4847853, 43.5276788], [16.4847851, 43.5285025]]}, "properties": {"tema": "namjena-poslovna", "opis": "K — gospodarska namjena, poslovna", "cad_sloj": "boja #ffbf7e", "list": "1. Koristenje i namjena", "plan": "UPU Bilice sjever", "izvor": "UPU Bilice sjever (split.hr), vektorizirano iz PDF-a"}}, {"type": "Feature", "geometry": {"type": "LineString", "coordinates": [[16.4847947, 43.5276754], [16.4847945, 43.5285074]]}, "properties": {"tema": "namjena-poslovna", "opis": "K — gospodarska namjena, poslovna", "cad_sloj": "boja #ffbf7e", "list": "1. Koristenje i namjena", "plan": "UPU Bilice sjever", "izvor": "UPU Bilice sjever (split.hr), vektorizirano iz PDF-a"}}, {"type": "Feature", "geometry": {"type": "LineString", "coordinates": [[16.4848039, 43.5276721], [16.4848037, 43.5285114]]}, "properties": {"tema": "namjena-poslovna", "opis": "K — gospodarska namjena, poslovna", "cad_sloj": "boja #ffbf7e", "list": "1. Koristenje i namjena", "plan": "UPU Bilice sjever", "izvor": "UPU Bilice sjever (split.hr), vektorizirano iz PDF-a"}}, {"type": "Feature", "geometry": {"type": "LineString", "coordinates": [[16.4848133, 43.5276689], [16.4848131, 43.5285149]]}, "properties": {"tema": "namjena-poslovna", "opis": "K — gospodarska namjena, poslovna", "cad_sloj": "boja #ffbf7e", "list": "1. Koristenje i namjena", "plan": "UPU Bilice sjever", "izvor": "UPU Bilice sjever (split.hr), vektorizirano iz PDF-a"}}, {"type": "Feature", "geometry": {"type": "LineString", "coordinates": [[16.4848225, 43.5276656], [16.4848223, 43.5285173]]}, "properties": {"tema": "namjena-poslovna", "opis": "K — gospodarska namjena, poslovna", "cad_sloj": "boja #ffbf7e", "list": "1. Koristenje i namjena", "plan": "UPU Bilice sjever", "izvor": "UPU Bilice sjever (split.hr), vektorizirano iz PDF-a"}}, {"type": "Feature", "geometry": {"type": "LineString", "coordinates": [[16.4848317, 43.5276622], [16.4848315, 43.5285194]]}, "properties": {"tema": "namjena-poslovna", "opis": "K — gospodarska namjena, poslovna", "cad_sloj": "boja #ffbf7e", "list": "1. Koristenje i namjena", "plan": "UPU Bilice sjever", "izvor": "UPU Bilice sjever (split.hr), vektorizirano iz PDF-a"}}, {"type": "Feature", "geometry": {"type": "LineString", "coordinates": [[16.4848411, 43.527659], [16.4848409, 43.528521]]}, "properties": {"tema": "namjena-poslovna", "opis": "K — gospodarska namjena, poslovna", "cad_sloj": "boja #ffbf7e", "list": "1. Koristenje i namjena", "plan": "UPU Bilice sjever", "izvor": "UPU Bilice sjever (split.hr), vektorizirano iz PDF-a"}}, {"type": "Feature", "geometry": {"type": "LineString", "coordinates": [[16.4848503, 43.5276557], [16.4848501, 43.5285219]]}, "properties": {"tema": "namjena-poslovna", "opis": "K — gospodarska namjena, poslovna", "cad_sloj": "boja #ffbf7e", "list": "1. Koristenje i namjena", "plan": "UPU Bilice sjever", "izvor": "UPU Bilice sjever (split.hr), vektorizirano iz PDF-a"}}, {"type": "Feature", "geometry": {"type": "LineString", "coordinates": [[16.4848597, 43.5276525], [16.4848595, 43.5285223]]}, "properties": {"tema": "namjena-poslovna", "opis": "K — gospodarska namjena, poslovna", "cad_sloj": "boja #ffbf7e", "list": "1. Koristenje i namjena", "plan": "UPU Bilice sjever", "izvor": "UPU Bilice sjever (split.hr), vektorizirano iz PDF-a"}}, {"type": "Feature", "geometry": {"type": "LineString", "coordinates": [[16.4848689, 43.5276491], [16.4848686, 43.5285225]]}, "properties": {"tema": "namjena-poslovna", "opis": "K — gospodarska namjena, poslovna", "cad_sloj": "boja #ffbf7e", "list": "1. Koristenje i namjena", "plan": "UPU Bilice sjever", "izvor": "UPU Bilice sjever (split.hr), vektorizirano iz PDF-a"}}, {"type": "Feature", "geometry": {"type": "LineString", "coordinates": [[16.4848783, 43.5276458], [16.4848781, 43.5285227]]}, "properties": {"tema": "namjena-poslovna", "opis": "K — gospodarska namjena, poslovna", "cad_sloj": "boja #ffbf7e", "list": "1. Koristenje i namjena", "plan": "UPU Bilice sjever", "izvor": "UPU Bilice sjever (split.hr), vektorizirano iz PDF-a"}}, {"type": "Feature", "geometry": {"type": "LineString", "coordinates": [[16.4848875, 43.5276426], [16.4848872, 43.5285227]]}, "properties": {"tema": "namjena-poslovna", "opis": "K — gospodarska namjena, poslovna", "cad_sloj": "boja #ffbf7e", "list": "1. Koristenje i namjena", "plan": "UPU Bilice sjever", "izvor": "UPU Bilice sjever (split.hr), vektorizirano iz PDF-a"}}, {"type": "Feature", "geometry": {"type": "LineString", "coordinates": [[16.4848966, 43.5276392], [16.4848964, 43.5285229]]}, "properties": {"tema": "namjena-poslovna", "opis": "K — gospodarska namjena, poslovna", "cad_sloj": "boja #ffbf7e", "list": "1. Koristenje i namjena", "plan": "UPU Bilice sjever", "izvor": "UPU Bilice sjever (split.hr), vektorizirano iz PDF-a"}}, {"type": "Feature", "geometry": {"type": "LineString", "coordinates": [[16.484906, 43.5276359], [16.4849058, 43.5285231]]}, "properties": {"tema": "namjena-poslovna", "opis": "K — gospodarska namjena, poslovna", "cad_sloj": "boja #ffbf7e", "list": "1. Koristenje i namjena", "plan": "UPU Bilice sjever", "izvor": "UPU Bilice sjever (split.hr), vektorizirano iz PDF-a"}}, {"type": "Feature", "geometry": {"type": "LineString", "coordinates": [[16.4849152, 43.5276327], [16.484915, 43.5285232]]}, "properties": {"tema": "namjena-poslovna", "opis": "K — gospodarska namjena, poslovna", "cad_sloj": "boja #ffbf7e", "list": "1. Koristenje i namjena", "plan": "UPU Bilice sjever", "izvor": "UPU Bilice sjever (split.hr), vektorizirano iz PDF-a"}}, {"type": "Feature", "geometry": {"type": "LineString", "coordinates": [[16.4849246, 43.5276295], [16.4849244, 43.5285233]]}, "properties": {"tema": "namjena-poslovna", "opis": "K — gospodarska namjena, poslovna", "cad_sloj": "boja #ffbf7e", "list": "1. Koristenje i namjena", "plan": "UPU Bilice sjever", "izvor": "UPU Bilice sjever (split.hr), vektorizirano iz PDF-a"}}, {"type": "Feature", "geometry": {"type": "LineString", "coordinates": [[16.4849338, 43.527626], [16.4849336, 43.5285234]]}, "properties": {"tema": "namjena-poslovna", "opis": "K — gospodarska namjena, poslovna", "cad_sloj": "boja #ffbf7e", "list": "1. Koristenje i namjena", "plan": "UPU Bilice sjever", "izvor": "UPU Bilice sjever (split.hr), vektorizirano iz PDF-a"}}, {"type": "Feature", "geometry": {"type": "LineString", "coordinates": [[16.4849432, 43.5276228], [16.484943, 43.5285236]]}, "properties": {"tema": "namjena-poslovna", "opis": "K — gospodarska namjena, poslovna", "cad_sloj": "boja #ffbf7e", "list": "1. Koristenje i namjena", "plan": "UPU Bilice sjever", "izvor": "UPU Bilice sjever (split.hr), vektorizirano iz PDF-a"}}, {"type": "Feature", "geometry": {"type": "LineString", "coordinates": [[16.4849524, 43.5276196], [16.4849522, 43.5285236]]}, "properties": {"tema": "namjena-poslovna", "opis": "K — gospodarska namjena, poslovna", "cad_sloj": "boja #ffbf7e", "list": "1. Koristenje i namjena", "plan": "UPU Bilice sjever", "izvor": "UPU Bilice sjever (split.hr), vektorizirano iz PDF-a"}}, {"type": "Feature", "geometry": {"type": "LineString", "coordinates": [[16.4849618, 43.5276163], [16.4849616, 43.5285238]]}, "properties": {"tema": "namjena-poslovna", "opis": "K — gospodarska namjena, poslovna", "cad_sloj": "boja #ffbf7e", "list": "1. Koristenje i namjena", "plan": "UPU Bilice sjever", "izvor": "UPU Bilice sjever (split.hr), vektorizirano iz PDF-a"}}, {"type": "Feature", "geometry": {"type": "LineString", "coordinates": [[16.484971, 43.5276129], [16.4849708, 43.528524]]}, "properties": {"tema": "namjena-poslovna", "opis": "K — gospodarska namjena, poslovna", "cad_sloj": "boja #ffbf7e", "list": "1. Koristenje i namjena", "plan": "UPU Bilice sjever", "izvor": "UPU Bilice sjever (split.hr), vektorizirano iz PDF-a"}}, {"type": "Feature", "geometry": {"type": "LineString", "coordinates": [[16.4849802, 43.5276097], [16.4849799, 43.5285242]]}, "properties": {"tema": "namjena-poslovna", "opis": "K — gospodarska namjena, poslovna", "cad_sloj": "boja #ffbf7e", "list": "1. Koristenje i namjena", "plan": "UPU Bilice sjever", "izvor": "UPU Bilice sjever (split.hr), vektorizirano iz PDF-a"}}, {"type": "Feature", "geometry": {"type": "LineString", "coordinates": [[16.4849896, 43.5276064], [16.4849894, 43.5285242]]}, "properties": {"tema": "namjena-poslovna", "opis": "K — gospodarska namjena, poslovna", "cad_sloj": "boja #ffbf7e", "list": "1. Koristenje i namjena", "plan": "UPU Bilice sjever", "izvor": "UPU Bilice sjever (split.hr), vektorizirano iz PDF-a"}}, {"type": "Feature", "geometry": {"type": "LineString", "coordinates": [[16.4849988, 43.5276032], [16.4849985, 43.5285244]]}, "properties": {"tema": "namjena-poslovna", "opis": "K — gospodarska namjena, poslovna", "cad_sloj": "boja #ffbf7e", "list": "1. Koristenje i namjena", "plan": "UPU Bilice sjever", "izvor": "UPU Bilice sjever (split.hr), vektorizirano iz PDF-a"}}, {"type": "Feature", "geometry": {"type": "LineString", "coordinates": [[16.4850082, 43.5275998], [16.485008, 43.5285246]]}, "properties": {"tema": "namjena-poslovna", "opis": "K — gospodarska namjena, poslovna", "cad_sloj": "boja #ffbf7e", "list": "1. Koristenje i namjena", "plan": "UPU Bilice sjever", "izvor": "UPU Bilice sjever (split.hr), vektorizirano iz PDF-a"}}, {"type": "Feature", "geometry": {"type": "LineString", "coordinates": [[16.4850173, 43.5275965], [16.4850171, 43.5285246]]}, "properties": {"tema": "namjena-poslovna", "opis": "K — gospodarska namjena, poslovna", "cad_sloj": "boja #ffbf7e", "list": "1. Koristenje i namjena", "plan": "UPU Bilice sjever", "izvor": "UPU Bilice sjever (split.hr), vektorizirano iz PDF-a"}}, {"type": "Feature", "geometry": {"type": "LineString", "coordinates": [[16.4850268, 43.5275933], [16.4850265, 43.5285248]]}, "properties": {"tema": "namjena-poslovna", "opis": "K — gospodarska namjena, poslovna", "cad_sloj": "boja #ffbf7e", "list": "1. Koristenje i namjena", "plan": "UPU Bilice sjever", "izvor": "UPU Bilice sjever (split.hr), vektorizirano iz PDF-a"}}, {"type": "Feature", "geometry": {"type": "LineString", "coordinates": [[16.4850359, 43.5275898], [16.4850357, 43.528525]]}, "properties": {"tema": "namjena-poslovna", "opis": "K — gospodarska namjena, poslovna", "cad_sloj": "boja #ffbf7e", "list": "1. Koristenje i namjena", "plan": "UPU Bilice sjever", "izvor": "UPU Bilice sjever (split.hr), vektorizirano iz PDF-a"}}, {"type": "Feature", "geometry": {"type": "LineString", "coordinates": [[16.4850451, 43.5275866], [16.4850449, 43.5285252]]}, "properties": {"tema": "namjena-poslovna", "opis": "K — gospodarska namjena, poslovna", "cad_sloj": "boja #ffbf7e", "list": "1. Koristenje i namjena", "plan": "UPU Bilice sjever", "izvor": "UPU Bilice sjever (split.hr), vektorizirano iz PDF-a"}}, {"type": "Feature", "geometry": {"type": "LineString", "coordinates": [[16.4850545, 43.5275834], [16.4850543, 43.5285252]]}, "properties": {"tema": "namjena-poslovna", "opis": "K — gospodarska namjena, poslovna", "cad_sloj": "boja #ffbf7e", "list": "1. Koristenje i namjena", "plan": "UPU Bilice sjever", "izvor": "UPU Bilice sjever (split.hr), vektorizirano iz PDF-a"}}, {"type": "Feature", "geometry": {"type": "LineString", "coordinates": [[16.4850637, 43.5275801], [16.4850635, 43.5285254]]}, "properties": {"tema": "namjena-poslovna", "opis": "K — gospodarska namjena, poslovna", "cad_sloj": "boja #ffbf7e", "list": "1. Koristenje i namjena", "plan": "UPU Bilice sjever", "izvor": "UPU Bilice sjever (split.hr), vektorizirano iz PDF-a"}}, {"type": "Feature", "geometry": {"type": "LineString", "coordinates": [[16.4850731, 43.5275767], [16.4850729, 43.5285256]]}, "properties": {"tema": "namjena-poslovna", "opis": "K — gospodarska namjena, poslovna", "cad_sloj": "boja #ffbf7e", "list": "1. Koristenje i namjena", "plan": "UPU Bilice sjever", "izvor": "UPU Bilice sjever (split.hr), vektorizirano iz PDF-a"}}, {"type": "Feature", "geometry": {"type": "LineString", "coordinates": [[16.4850823, 43.5275735], [16.4850821, 43.5285256]]}, "properties": {"tema": "namjena-poslovna", "opis": "K — gospodarska namjena, poslovna", "cad_sloj": "boja #ffbf7e", "list": "1. Koristenje i namjena", "plan": "UPU Bilice sjever", "izvor": "UPU Bilice sjever (split.hr), vektorizirano iz PDF-a"}}, {"type": "Feature", "geometry": {"type": "LineString", "coordinates": [[16.4850917, 43.5275702], [16.4850915, 43.5285258]]}, "properties": {"tema": "namjena-poslovna", "opis": "K — gospodarska namjena, poslovna", "cad_sloj": "boja #ffbf7e", "list": "1. Koristenje i namjena", "plan": "UPU Bilice sjever", "izvor": "UPU Bilice sjever (split.hr), vektorizirano iz PDF-a"}}, {"type": "Feature", "geometry": {"type": "LineString", "coordinates": [[16.4851009, 43.527567], [16.4851007, 43.5285259]]}, "properties": {"tema": "namjena-poslovna", "opis": "K — gospodarska namjena, poslovna", "cad_sloj": "boja #ffbf7e", "list": "1. Koristenje i namjena", "plan": "UPU Bilice sjever", "izvor": "UPU Bilice sjever (split.hr), vektorizirano iz PDF-a"}}, {"type": "Feature", "geometry": {"type": "LineString", "coordinates": [[16.4851101, 43.5275636], [16.4851098, 43.5285261]]}, "properties": {"tema": "namjena-poslovna", "opis": "K — gospodarska namjena, poslovna", "cad_sloj": "boja #ffbf7e", "list": "1. Koristenje i namjena", "plan": "UPU Bilice sjever", "izvor": "UPU Bilice sjever (split.hr), vektorizirano iz PDF-a"}}, {"type": "Feature", "geometry": {"type": "LineString", "coordinates": [[16.4851195, 43.5275603], [16.4851192, 43.5285261]]}, "properties": {"tema": "namjena-poslovna", "opis": "K — gospodarska namjena, poslovna", "cad_sloj": "boja #ffbf7e", "list": "1. Koristenje i namjena", "plan": "UPU Bilice sjever", "izvor": "UPU Bilice sjever (split.hr), vektorizirano iz PDF-a"}}, {"type": "Feature", "geometry": {"type": "LineString", "coordinates": [[16.4851286, 43.5275571], [16.4851284, 43.5285263]]}, "properties": {"tema": "namjena-poslovna", "opis": "K — gospodarska namjena, poslovna", "cad_sloj": "boja #ffbf7e", "list": "1. Koristenje i namjena", "plan": "UPU Bilice sjever", "izvor": "UPU Bilice sjever (split.hr), vektorizirano iz PDF-a"}}, {"type": "Feature", "geometry": {"type": "LineString", "coordinates": [[16.4851381, 43.5275542], [16.4851378, 43.5285265]]}, "properties": {"tema": "namjena-poslovna", "opis": "K — gospodarska namjena, poslovna", "cad_sloj": "boja #ffbf7e", "list": "1. Koristenje i namjena", "plan": "UPU Bilice sjever", "izvor": "UPU Bilice sjever (split.hr), vektorizirano iz PDF-a"}}, {"type": "Feature", "geometry": {"type": "LineString", "coordinates": [[16.4851472, 43.5275519], [16.485147, 43.5285267]]}, "properties": {"tema": "namjena-poslovna", "opis": "K — gospodarska namjena, poslovna", "cad_sloj": "boja #ffbf7e", "list": "1. Koristenje i namjena", "plan": "UPU Bilice sjever", "izvor": "UPU Bilice sjever (split.hr), vektorizirano iz PDF-a"}}, {"type": "Feature", "geometry": {"type": "LineString", "coordinates": [[16.4851567, 43.5275498], [16.4851564, 43.5285267]]}, "properties": {"tema": "namjena-poslovna", "opis": "K — gospodarska namjena, poslovna", "cad_sloj": "boja #ffbf7e", "list": "1. Koristenje i namjena", "plan": "UPU Bilice sjever", "izvor": "UPU Bilice sjever (split.hr), vektorizirano iz PDF-a"}}, {"type": "Feature", "geometry": {"type": "LineString", "coordinates": [[16.4851658, 43.5275483], [16.4851656, 43.5285269]]}, "properties": {"tema": "namjena-poslovna", "opis": "K — gospodarska namjena, poslovna", "cad_sloj": "boja #ffbf7e", "list": "1. Koristenje i namjena", "plan": "UPU Bilice sjever", "izvor": "UPU Bilice sjever (split.hr), vektorizirano iz PDF-a"}}, {"type": "Feature", "geometry": {"type": "LineString", "coordinates": [[16.485175, 43.527547], [16.4851748, 43.5285271]]}, "properties": {"tema": "namjena-poslovna", "opis": "K — gospodarska namjena, poslovna", "cad_sloj": "boja #ffbf7e", "list": "1. Koristenje i namjena", "plan": "UPU Bilice sjever", "izvor": "UPU Bilice sjever (split.hr), vektorizirano iz PDF-a"}}, {"type": "Feature", "geometry": {"type": "LineString", "coordinates": [[16.4851844, 43.527546], [16.4851842, 43.5285271]]}, "properties": {"tema": "namjena-poslovna", "opis": "K — gospodarska namjena, poslovna", "cad_sloj": "boja #ffbf7e", "list": "1. Koristenje i namjena", "plan": "UPU Bilice sjever", "izvor": "UPU Bilice sjever (split.hr), vektorizirano iz PDF-a"}}, {"type": "Feature", "geometry": {"type": "LineString", "coordinates": [[16.4851936, 43.5275455], [16.4851934, 43.5285273]]}, "properties": {"tema": "namjena-poslovna", "opis": "K — gospodarska namjena, poslovna", "cad_sloj": "boja #ffbf7e", "list": "1. Koristenje i namjena", "plan": "UPU Bilice sjever", "izvor": "UPU Bilice sjever (split.hr), vektorizirano iz PDF-a"}}, {"type": "Feature", "geometry": {"type": "LineString", "coordinates": [[16.485203, 43.5275453], [16.4852028, 43.5285275]]}, "properties": {"tema": "namjena-poslovna", "opis": "K — gospodarska namjena, poslovna", "cad_sloj": "boja #ffbf7e", "list": "1. Koristenje i namjena", "plan": "UPU Bilice sjever", "izvor": "UPU Bilice sjever (split.hr), vektorizirano iz PDF-a"}}, {"type": "Feature", "geometry": {"type": "LineString", "coordinates": [[16.4852122, 43.5275453], [16.4852119, 43.5285277]]}, "properties": {"tema": "namjena-poslovna", "opis": "K — gospodarska namjena, poslovna", "cad_sloj": "boja #ffbf7e", "list": "1. Koristenje i namjena", "plan": "UPU Bilice sjever", "izvor": "UPU Bilice sjever (split.hr), vektorizirano iz PDF-a"}}, {"type": "Feature", "geometry": {"type": "LineString", "coordinates": [[16.4852216, 43.5275459], [16.4852214, 43.5285277]]}, "properties": {"tema": "namjena-poslovna", "opis": "K — gospodarska namjena, poslovna", "cad_sloj": "boja #ffbf7e", "list": "1. Koristenje i namjena", "plan": "UPU Bilice sjever", "izvor": "UPU Bilice sjever (split.hr), vektorizirano iz PDF-a"}}, {"type": "Feature", "geometry": {"type": "LineString", "coordinates": [[16.4852308, 43.5275464], [16.4852305, 43.5285279]]}, "properties": {"tema": "namjena-poslovna", "opis": "K — gospodarska namjena, poslovna", "cad_sloj": "boja #ffbf7e", "list": "1. Koristenje i namjena", "plan": "UPU Bilice sjever", "izvor": "UPU Bilice sjever (split.hr), vektorizirano iz PDF-a"}}, {"type": "Feature", "geometry": {"type": "LineString", "coordinates": [[16.4852402, 43.527547], [16.48524, 43.5285281]]}, "properties": {"tema": "namjena-poslovna", "opis": "K — gospodarska namjena, poslovna", "cad_sloj": "boja #ffbf7e", "list": "1. Koristenje i namjena", "plan": "UPU Bilice sjever", "izvor": "UPU Bilice sjever (split.hr), vektorizirano iz PDF-a"}}, {"type": "Feature", "geometry": {"type": "LineString", "coordinates": [[16.4852494, 43.5275476], [16.4852491, 43.5285281]]}, "properties": {"tema": "namjena-poslovna", "opis": "K — gospodarska namjena, poslovna", "cad_sloj": "boja #ffbf7e", "list": "1. Koristenje i namjena", "plan": "UPU Bilice sjever", "izvor": "UPU Bilice sjever (split.hr), vektorizirano iz PDF-a"}}, {"type": "Feature", "geometry": {"type": "LineString", "coordinates": [[16.4852585, 43.5275481], [16.4852583, 43.5285282]]}, "properties": {"tema": "namjena-poslovna", "opis": "K — gospodarska namjena, poslovna", "cad_sloj": "boja #ffbf7e", "list": "1. Koristenje i namjena", "plan": "UPU Bilice sjever", "izvor": "UPU Bilice sjever (split.hr), vektorizirano iz PDF-a"}}, {"type": "Feature", "geometry": {"type": "LineString", "coordinates": [[16.485268, 43.5275489], [16.4852677, 43.5285284]]}, "properties": {"tema": "namjena-poslovna", "opis": "K — gospodarska namjena, poslovna", "cad_sloj": "boja #ffbf7e", "list": "1. Koristenje i namjena", "plan": "UPU Bilice sjever", "izvor": "UPU Bilice sjever (split.hr), vektorizirano iz PDF-a"}}, {"type": "Feature", "geometry": {"type": "LineString", "coordinates": [[16.4852771, 43.5275495], [16.4852769, 43.5285286]]}, "properties": {"tema": "namjena-poslovna", "opis": "K — gospodarska namjena, poslovna", "cad_sloj": "boja #ffbf7e", "list": "1. Koristenje i namjena", "plan": "UPU Bilice sjever", "izvor": "UPU Bilice sjever (split.hr), vektorizirano iz PDF-a"}}, {"type": "Feature", "geometry": {"type": "LineString", "coordinates": [[16.4852866, 43.5275501], [16.4852863, 43.5285286]]}, "properties": {"tema": "namjena-poslovna", "opis": "K — gospodarska namjena, poslovna", "cad_sloj": "boja #ffbf7e", "list": "1. Koristenje i namjena", "plan": "UPU Bilice sjever", "izvor": "UPU Bilice sjever (split.hr), vektorizirano iz PDF-a"}}, {"type": "Feature", "geometry": {"type": "LineString", "coordinates": [[16.4852957, 43.5275506], [16.4852955, 43.5285288]]}, "properties": {"tema": "namjena-poslovna", "opis": "K — gospodarska namjena, poslovna", "cad_sloj": "boja #ffbf7e", "list": "1. Koristenje i namjena", "plan": "UPU Bilice sjever", "izvor": "UPU Bilice sjever (split.hr), vektorizirano iz PDF-a"}}, {"type": "Feature", "geometry": {"type": "LineString", "coordinates": [[16.4853051, 43.5275512], [16.4853049, 43.528529]]}, "properties": {"tema": "namjena-poslovna", "opis": "K — gospodarska namjena, poslovna", "cad_sloj": "boja #ffbf7e", "list": "1. Koristenje i namjena", "plan": "UPU Bilice sjever", "izvor": "UPU Bilice sjever (split.hr), vektorizirano iz PDF-a"}}, {"type": "Feature", "geometry": {"type": "LineString", "coordinates": [[16.4853143, 43.5275512], [16.4853141, 43.528529]]}, "properties": {"tema": "namjena-poslovna", "opis": "K — gospodarska namjena, poslovna", "cad_sloj": "boja #ffbf7e", "list": "1. Koristenje i namjena", "plan": "UPU Bilice sjever", "izvor": "UPU Bilice sjever (split.hr), vektorizirano iz PDF-a"}}, {"type": "Feature", "geometry": {"type": "LineString", "coordinates": [[16.4853235, 43.527551], [16.4853232, 43.5285292]]}, "properties": {"tema": "namjena-poslovna", "opis": "K — gospodarska namjena, poslovna", "cad_sloj": "boja #ffbf7e", "list": "1. Koristenje i namjena", "plan": "UPU Bilice sjever", "izvor": "UPU Bilice sjever (split.hr), vektorizirano iz PDF-a"}}, {"type": "Feature", "geometry": {"type": "LineString", "coordinates": [[16.4853329, 43.5275504], [16.4853327, 43.5285294]]}, "properties": {"tema": "namjena-poslovna", "opis": "K — gospodarska namjena, poslovna", "cad_sloj": "boja #ffbf7e", "list": "1. Koristenje i namjena", "plan": "UPU Bilice sjever", "izvor": "UPU Bilice sjever (split.hr), vektorizirano iz PDF-a"}}, {"type": "Feature", "geometry": {"type": "LineString", "coordinates": [[16.4853421, 43.5275495], [16.4853418, 43.5285296]]}, "properties": {"tema": "namjena-poslovna", "opis": "K — gospodarska namjena, poslovna", "cad_sloj": "boja #ffbf7e", "list": "1. Koristenje i namjena", "plan": "UPU Bilice sjever", "izvor": "UPU Bilice sjever (split.hr), vektorizirano iz PDF-a"}}, {"type": "Feature", "geometry": {"type": "LineString", "coordinates": [[16.4853515, 43.5275482], [16.4853513, 43.5285296]]}, "properties": {"tema": "namjena-poslovna", "opis": "K — gospodarska namjena, poslovna", "cad_sloj": "boja #ffbf7e", "list": "1. Koristenje i namjena", "plan": "UPU Bilice sjever", "izvor": "UPU Bilice sjever (split.hr), vektorizirano iz PDF-a"}}, {"type": "Feature", "geometry": {"type": "LineString", "coordinates": [[16.4853607, 43.5275466], [16.4853604, 43.5285298]]}, "properties": {"tema": "namjena-poslovna", "opis": "K — gospodarska namjena, poslovna", "cad_sloj": "boja #ffbf7e", "list": "1. Koristenje i namjena", "plan": "UPU Bilice sjever", "izvor": "UPU Bilice sjever (split.hr), vektorizirano iz PDF-a"}}, {"type": "Feature", "geometry": {"type": "LineString", "coordinates": [[16.4853701, 43.5275447], [16.4853699, 43.52853]]}, "properties": {"tema": "namjena-poslovna", "opis": "K — gospodarska namjena, poslovna", "cad_sloj": "boja #ffbf7e", "list": "1. Koristenje i namjena", "plan": "UPU Bilice sjever", "izvor": "UPU Bilice sjever (split.hr), vektorizirano iz PDF-a"}}, {"type": "Feature", "geometry": {"type": "LineString", "coordinates": [[16.4853793, 43.5275424], [16.485379, 43.5285302]]}, "properties": {"tema": "namjena-poslovna", "opis": "K — gospodarska namjena, poslovna", "cad_sloj": "boja #ffbf7e", "list": "1. Koristenje i namjena", "plan": "UPU Bilice sjever", "izvor": "UPU Bilice sjever (split.hr), vektorizirano iz PDF-a"}}, {"type": "Feature", "geometry": {"type": "LineString", "coordinates": [[16.4853884, 43.5275398], [16.4853882, 43.5285302]]}, "properties": {"tema": "namjena-poslovna", "opis": "K — gospodarska namjena, poslovna", "cad_sloj": "boja #ffbf7e", "list": "1. Koristenje i namjena", "plan": "UPU Bilice sjever", "izvor": "UPU Bilice sjever (split.hr), vektorizirano iz PDF-a"}}, {"type": "Feature", "geometry": {"type": "LineString", "coordinates": [[16.4853978, 43.5275367], [16.4853976, 43.5285304]]}, "properties": {"tema": "namjena-poslovna", "opis": "K — gospodarska namjena, poslovna", "cad_sloj": "boja #ffbf7e", "list": "1. Koristenje i namjena", "plan": "UPU Bilice sjever", "izvor": "UPU Bilice sjever (split.hr), vektorizirano iz PDF-a"}}, {"type": "Feature", "geometry": {"type": "LineString", "coordinates": [[16.485407, 43.5275331], [16.4854068, 43.5285306]]}, "properties": {"tema": "namjena-poslovna", "opis": "K — gospodarska namjena, poslovna", "cad_sloj": "boja #ffbf7e", "list": "1. Koristenje i namjena", "plan": "UPU Bilice sjever", "izvor": "UPU Bilice sjever (split.hr), vektorizirano iz PDF-a"}}, {"type": "Feature", "geometry": {"type": "LineString", "coordinates": [[16.4854164, 43.5275289], [16.4854162, 43.5285306]]}, "properties": {"tema": "namjena-poslovna", "opis": "K — gospodarska namjena, poslovna", "cad_sloj": "boja #ffbf7e", "list": "1. Koristenje i namjena", "plan": "UPU Bilice sjever", "izvor": "UPU Bilice sjever (split.hr), vektorizirano iz PDF-a"}}, {"type": "Feature", "geometry": {"type": "LineString", "coordinates": [[16.4854256, 43.5275249], [16.4854254, 43.5285308]]}, "properties": {"tema": "namjena-poslovna", "opis": "K — gospodarska namjena, poslovna", "cad_sloj": "boja #ffbf7e", "list": "1. Koristenje i namjena", "plan": "UPU Bilice sjever", "izvor": "UPU Bilice sjever (split.hr), vektorizirano iz PDF-a"}}, {"type": "Feature", "geometry": {"type": "LineString", "coordinates": [[16.485435, 43.5275211], [16.4854348, 43.5285309]]}, "properties": {"tema": "namjena-poslovna", "opis": "K — gospodarska namjena, poslovna", "cad_sloj": "boja #ffbf7e", "list": "1. Koristenje i namjena", "plan": "UPU Bilice sjever", "izvor": "UPU Bilice sjever (split.hr), vektorizirano iz PDF-a"}}, {"type": "Feature", "geometry": {"type": "LineString", "coordinates": [[16.4854442, 43.5275175], [16.485444, 43.5285311]]}, "properties": {"tema": "namjena-poslovna", "opis": "K — gospodarska namjena, poslovna", "cad_sloj": "boja #ffbf7e", "list": "1. Koristenje i namjena", "plan": "UPU Bilice sjever", "izvor": "UPU Bilice sjever (split.hr), vektorizirano iz PDF-a"}}, {"type": "Feature", "geometry": {"type": "LineString", "coordinates": [[16.4854534, 43.5275141], [16.4854531, 43.5285311]]}, "properties": {"tema": "namjena-poslovna", "opis": "K — gospodarska namjena, poslovna", "cad_sloj": "boja #ffbf7e", "list": "1. Koristenje i namjena", "plan": "UPU Bilice sjever", "izvor": "UPU Bilice sjever (split.hr), vektorizirano iz PDF-a"}}, {"type": "Feature", "geometry": {"type": "LineString", "coordinates": [[16.4854628, 43.527511], [16.4854626, 43.5285313]]}, "properties": {"tema": "namjena-poslovna", "opis": "K — gospodarska namjena, poslovna", "cad_sloj": "boja #ffbf7e", "list": "1. Koristenje i namjena", "plan": "UPU Bilice sjever", "izvor": "UPU Bilice sjever (split.hr), vektorizirano iz PDF-a"}}, {"type": "Feature", "geometry": {"type": "LineString", "coordinates": [[16.485472, 43.527508], [16.4854717, 43.5285315]]}, "properties": {"tema": "namjena-poslovna", "opis": "K — gospodarska namjena, poslovna", "cad_sloj": "boja #ffbf7e", "list": "1. Koristenje i namjena", "plan": "UPU Bilice sjever", "izvor": "UPU Bilice sjever (split.hr), vektorizirano iz PDF-a"}}, {"type": "Feature", "geometry": {"type": "LineString", "coordinates": [[16.4854815, 43.5272422], [16.4854814, 43.5273182]]}, "properties": {"tema": "namjena-poslovna", "opis": "K — gospodarska namjena, poslovna", "cad_sloj": "boja #ffbf7e", "list": "1. Koristenje i namjena", "plan": "UPU Bilice sjever", "izvor": "UPU Bilice sjever (split.hr), vektorizirano iz PDF-a"}}, {"type": "Feature", "geometry": {"type": "LineString", "coordinates": [[16.4854814, 43.5275051], [16.4854811, 43.5285315]]}, "properties": {"tema": "namjena-poslovna", "opis": "K — gospodarska namjena, poslovna", "cad_sloj": "boja #ffbf7e", "list": "1. Koristenje i namjena", "plan": "UPU Bilice sjever", "izvor": "UPU Bilice sjever (split.hr), vektorizirano iz PDF-a"}}, {"type": "Feature", "geometry": {"type": "LineString", "coordinates": [[16.4854906, 43.5272182], [16.4854906, 43.5273329]]}, "properties": {"tema": "namjena-poslovna", "opis": "K — gospodarska namjena, poslovna", "cad_sloj": "boja #ffbf7e", "list": "1. Koristenje i namjena", "plan": "UPU Bilice sjever", "izvor": "UPU Bilice sjever (split.hr), vektorizirano iz PDF-a"}}, {"type": "Feature", "geometry": {"type": "LineString", "coordinates": [[16.4854906, 43.5275024], [16.4854903, 43.5285317]]}, "properties": {"tema": "namjena-poslovna", "opis": "K — gospodarska namjena, poslovna", "cad_sloj": "boja #ffbf7e", "list": "1. Koristenje i namjena", "plan": "UPU Bilice sjever", "izvor": "UPU Bilice sjever (split.hr), vektorizirano iz PDF-a"}}, {"type": "Feature", "geometry": {"type": "LineString", "coordinates": [[16.4855001, 43.5271944], [16.4855, 43.5273437]]}, "properties": {"tema": "namjena-poslovna", "opis": "K — gospodarska namjena, poslovna", "cad_sloj": "boja #ffbf7e", "list": "1. Koristenje i namjena", "plan": "UPU Bilice sjever", "izvor": "UPU Bilice sjever (split.hr), vektorizirano iz PDF-a"}}, {"type": "Feature", "geometry": {"type": "LineString", "coordinates": [[16.4855, 43.5275], [16.4854997, 43.5285319]]}, "properties": {"tema": "namjena-poslovna", "opis": "K — gospodarska namjena, poslovna", "cad_sloj": "boja #ffbf7e", "list": "1. Koristenje i namjena", "plan": "UPU Bilice sjever", "izvor": "UPU Bilice sjever (split.hr), vektorizirano iz PDF-a"}}, {"type": "Feature", "geometry": {"type": "LineString", "coordinates": [[16.4855092, 43.5271704], [16.4855092, 43.5273521]]}, "properties": {"tema": "namjena-poslovna", "opis": "K — gospodarska namjena, poslovna", "cad_sloj": "boja #ffbf7e", "list": "1. Koristenje i namjena", "plan": "UPU Bilice sjever", "izvor": "UPU Bilice sjever (split.hr), vektorizirano iz PDF-a"}}, {"type": "Feature", "geometry": {"type": "LineString", "coordinates": [[16.4855091, 43.5274977], [16.4855089, 43.5285321]]}, "properties": {"tema": "namjena-poslovna", "opis": "K — gospodarska namjena, poslovna", "cad_sloj": "boja #ffbf7e", "list": "1. Koristenje i namjena", "plan": "UPU Bilice sjever", "izvor": "UPU Bilice sjever (split.hr), vektorizirano iz PDF-a"}}, {"type": "Feature", "geometry": {"type": "LineString", "coordinates": [[16.4855184, 43.5271465], [16.4855183, 43.5273592]]}, "properties": {"tema": "namjena-poslovna", "opis": "K — gospodarska namjena, poslovna", "cad_sloj": "boja #ffbf7e", "list": "1. Koristenje i namjena", "plan": "UPU Bilice sjever", "izvor": "UPU Bilice sjever (split.hr), vektorizirano iz PDF-a"}}, {"type": "Feature", "geometry": {"type": "LineString", "coordinates": [[16.4855183, 43.5274956], [16.4855181, 43.5285321]]}, "properties": {"tema": "namjena-poslovna", "opis": "K — gospodarska namjena, poslovna", "cad_sloj": "boja #ffbf7e", "list": "1. Koristenje i namjena", "plan": "UPU Bilice sjever", "izvor": "UPU Bilice sjever (split.hr), vektorizirano iz PDF-a"}}, {"type": "Feature", "geometry": {"type": "LineString", "coordinates": [[16.4855278, 43.5271225], [16.4855278, 43.5273651]]}, "properties": {"tema": "namjena-poslovna", "opis": "K — gospodarska namjena, poslovna", "cad_sloj": "boja #ffbf7e", "list": "1. Koristenje i namjena", "plan": "UPU Bilice sjever", "izvor": "UPU Bilice sjever (split.hr), vektorizirano iz PDF-a"}}, {"type": "Feature", "geometry": {"type": "LineString", "coordinates": [[16.4855277, 43.5274937], [16.4855275, 43.5285323]]}, "properties": {"tema": "namjena-poslovna", "opis": "K — gospodarska namjena, poslovna", "cad_sloj": "boja #ffbf7e", "list": "1. Koristenje i namjena", "plan": "UPU Bilice sjever", "izvor": "UPU Bilice sjever (split.hr), vektorizirano iz PDF-a"}}, {"type": "Feature", "geometry": {"type": "LineString", "coordinates": [[16.485537, 43.5270987], [16.4855369, 43.52737]]}, "properties": {"tema": "namjena-poslovna", "opis": "K — gospodarska namjena, poslovna", "cad_sloj": "boja #ffbf7e", "list": "1. Koristenje i namjena", "plan": "UPU Bilice sjever", "izvor": "UPU Bilice sjever (split.hr), vektorizirano iz PDF-a"}}, {"type": "Feature", "geometry": {"type": "LineString", "coordinates": [[16.4855369, 43.527492], [16.4855367, 43.5285325]]}, "properties": {"tema": "namjena-poslovna", "opis": "K — gospodarska namjena, poslovna", "cad_sloj": "boja #ffbf7e", "list": "1. Koristenje i namjena", "plan": "UPU Bilice sjever", "izvor": "UPU Bilice sjever (split.hr), vektorizirano iz PDF-a"}}, {"type": "Feature", "geometry": {"type": "LineString", "coordinates": [[16.4855464, 43.5270747], [16.4855464, 43.5273742]]}, "properties": {"tema": "namjena-poslovna", "opis": "K — gospodarska namjena, poslovna", "cad_sloj": "boja #ffbf7e", "list": "1. Koristenje i namjena", "plan": "UPU Bilice sjever", "izvor": "UPU Bilice sjever (split.hr), vektorizirano iz PDF-a"}}, {"type": "Feature", "geometry": {"type": "LineString", "coordinates": [[16.4855463, 43.5274903], [16.4855461, 43.5285325]]}, "properties": {"tema": "namjena-poslovna", "opis": "K — gospodarska namjena, poslovna", "cad_sloj": "boja #ffbf7e", "list": "1. Koristenje i namjena", "plan": "UPU Bilice sjever", "izvor": "UPU Bilice sjever (split.hr), vektorizirano iz PDF-a"}}, {"type": "Feature", "geometry": {"type": "LineString", "coordinates": [[16.4855556, 43.5270507], [16.4855555, 43.5273778]]}, "properties": {"tema": "namjena-poslovna", "opis": "K — gospodarska namjena, poslovna", "cad_sloj": "boja #ffbf7e", "list": "1. Koristenje i namjena", "plan": "UPU Bilice sjever", "izvor": "UPU Bilice sjever (split.hr), vektorizirano iz PDF-a"}}, {"type": "Feature", "geometry": {"type": "LineString", "coordinates": [[16.4855555, 43.5274889], [16.4855553, 43.5285327]]}, "properties": {"tema": "namjena-poslovna", "opis": "K — gospodarska namjena, poslovna", "cad_sloj": "boja #ffbf7e", "list": "1. Koristenje i namjena", "plan": "UPU Bilice sjever", "izvor": "UPU Bilice sjever (split.hr), vektorizirano iz PDF-a"}}, {"type": "Feature", "geometry": {"type": "LineString", "coordinates": [[16.485565, 43.5270269], [16.485565, 43.5273809]]}, "properties": {"tema": "namjena-poslovna", "opis": "K — gospodarska namjena, poslovna", "cad_sloj": "boja #ffbf7e", "list": "1. Koristenje i namjena", "plan": "UPU Bilice sjever", "izvor": "UPU Bilice sjever (split.hr), vektorizirano iz PDF-a"}}, {"type": "Feature", "geometry": {"type": "LineString", "coordinates": [[16.4855649, 43.5274876], [16.4855647, 43.5285329]]}, "properties": {"tema": "namjena-poslovna", "opis": "K — gospodarska namjena, poslovna", "cad_sloj": "boja #ffbf7e", "list": "1. Koristenje i namjena", "plan": "UPU Bilice sjever", "izvor": "UPU Bilice sjever (split.hr), vektorizirano iz PDF-a"}}, {"type": "Feature", "geometry": {"type": "LineString", "coordinates": [[16.4855742, 43.5270029], [16.4855741, 43.5273834]]}, "properties": {"tema": "namjena-poslovna", "opis": "K — gospodarska namjena, poslovna", "cad_sloj": "boja #ffbf7e", "list": "1. Koristenje i namjena", "plan": "UPU Bilice sjever", "izvor": "UPU Bilice sjever (split.hr), vektorizirano iz PDF-a"}}, {"type": "Feature", "geometry": {"type": "LineString", "coordinates": [[16.4855741, 43.5274865], [16.4855738, 43.5285331]]}, "properties": {"tema": "namjena-poslovna", "opis": "K — gospodarska namjena, poslovna", "cad_sloj": "boja #ffbf7e", "list": "1. Koristenje i namjena", "plan": "UPU Bilice sjever", "izvor": "UPU Bilice sjever (split.hr), vektorizirano iz PDF-a"}}, {"type": "Feature", "geometry": {"type": "LineString", "coordinates": [[16.4855836, 43.5269791], [16.4855835, 43.5273853]]}, "properties": {"tema": "namjena-poslovna", "opis": "K — gospodarska namjena, poslovna", "cad_sloj": "boja #ffbf7e", "list": "1. Koristenje i namjena", "plan": "UPU Bilice sjever", "izvor": "UPU Bilice sjever (split.hr), vektorizirano iz PDF-a"}}, {"type": "Feature", "geometry": {"type": "LineString", "coordinates": [[16.4855835, 43.5274853], [16.4855833, 43.5285331]]}, "properties": {"tema": "namjena-poslovna", "opis": "K — gospodarska namjena, poslovna", "cad_sloj": "boja #ffbf7e", "list": "1. Koristenje i namjena", "plan": "UPU Bilice sjever", "izvor": "UPU Bilice sjever (split.hr), vektorizirano iz PDF-a"}}, {"type": "Feature", "geometry": {"type": "LineString", "coordinates": [[16.4855928, 43.5269551], [16.4855927, 43.5273868]]}, "properties": {"tema": "namjena-poslovna", "opis": "K — gospodarska namjena, poslovna", "cad_sloj": "boja #ffbf7e", "list": "1. Koristenje i namjena", "plan": "UPU Bilice sjever", "izvor": "UPU Bilice sjever (split.hr), vektorizirano iz PDF-a"}}, {"type": "Feature", "geometry": {"type": "LineString", "coordinates": [[16.4855927, 43.5274844], [16.4855924, 43.5285332]]}, "properties": {"tema": "namjena-poslovna", "opis": "K — gospodarska namjena, poslovna", "cad_sloj": "boja #ffbf7e", "list": "1. Koristenje i namjena", "plan": "UPU Bilice sjever", "izvor": "UPU Bilice sjever (split.hr), vektorizirano iz PDF-a"}}, {"type": "Feature", "geometry": {"type": "LineString", "coordinates": [[16.485602, 43.5269312], [16.4856019, 43.527388]]}, "properties": {"tema": "namjena-poslovna", "opis": "K — gospodarska namjena, poslovna", "cad_sloj": "boja #ffbf7e", "list": "1. Koristenje i namjena", "plan": "UPU Bilice sjever", "izvor": "UPU Bilice sjever (split.hr), vektorizirano iz PDF-a"}}, {"type": "Feature", "geometry": {"type": "LineString", "coordinates": [[16.4856018, 43.5274832], [16.4856016, 43.5285334]]}, "properties": {"tema": "namjena-poslovna", "opis": "K — gospodarska namjena, poslovna", "cad_sloj": "boja #ffbf7e", "list": "1. Koristenje i namjena", "plan": "UPU Bilice sjever", "izvor": "UPU Bilice sjever (split.hr), vektorizirano iz PDF-a"}}, {"type": "Feature", "geometry": {"type": "LineString", "coordinates": [[16.4856114, 43.5269084], [16.4856113, 43.5273885]]}, "properties": {"tema": "namjena-poslovna", "opis": "K — gospodarska namjena, poslovna", "cad_sloj": "boja #ffbf7e", "list": "1. Koristenje i namjena", "plan": "UPU Bilice sjever", "izvor": "UPU Bilice sjever (split.hr), vektorizirano iz PDF-a"}}, {"type": "Feature", "geometry": {"type": "LineString", "coordinates": [[16.4856113, 43.5274823], [16.485611, 43.5285336]]}, "properties": {"tema": "namjena-poslovna", "opis": "K — gospodarska namjena, poslovna", "cad_sloj": "boja #ffbf7e", "list": "1. Koristenje i namjena", "plan": "UPU Bilice sjever", "izvor": "UPU Bilice sjever (split.hr), vektorizirano iz PDF-a"}}, {"type": "Feature", "geometry": {"type": "LineString", "coordinates": [[16.4856206, 43.5268886], [16.4856205, 43.5273889]]}, "properties": {"tema": "namjena-poslovna", "opis": "K — gospodarska namjena, poslovna", "cad_sloj": "boja #ffbf7e", "list": "1. Koristenje i namjena", "plan": "UPU Bilice sjever", "izvor": "UPU Bilice sjever (split.hr), vektorizirano iz PDF-a"}}, {"type": "Feature", "geometry": {"type": "LineString", "coordinates": [[16.4856204, 43.5274811], [16.4856202, 43.5285336]]}, "properties": {"tema": "namjena-poslovna", "opis": "K — gospodarska namjena, poslovna", "cad_sloj": "boja #ffbf7e", "list": "1. Koristenje i namjena", "plan": "UPU Bilice sjever", "izvor": "UPU Bilice sjever (split.hr), vektorizirano iz PDF-a"}}, {"type": "Feature", "geometry": {"type": "LineString", "coordinates": [[16.48563, 43.5268712], [16.4856299, 43.5273885]]}, "properties": {"tema": "namjena-poslovna", "opis": "K — gospodarska namjena, poslovna", "cad_sloj": "boja #ffbf7e", "list": "1. Koristenje i namjena", "plan": "UPU Bilice sjever", "izvor": "UPU Bilice sjever (split.hr), vektorizirano iz PDF-a"}}, {"type": "Feature", "geometry": {"type": "LineString", "coordinates": [[16.4856299, 43.5274802], [16.4856296, 43.5285338]]}, "properties": {"tema": "namjena-poslovna", "opis": "K — gospodarska namjena, poslovna", "cad_sloj": "boja #ffbf7e", "list": "1. Koristenje i namjena", "plan": "UPU Bilice sjever", "izvor": "UPU Bilice sjever (split.hr), vektorizirano iz PDF-a"}}, {"type": "Feature", "geometry": {"type": "LineString", "coordinates": [[16.4856392, 43.5268554], [16.4856391, 43.527388]]}, "properties": {"tema": "namjena-poslovna", "opis": "K — gospodarska namjena, poslovna", "cad_sloj": "boja #ffbf7e", "list": "1. Koristenje i namjena", "plan": "UPU Bilice sjever", "izvor": "UPU Bilice sjever (split.hr), vektorizirano iz PDF-a"}}, {"type": "Feature", "geometry": {"type": "LineString", "coordinates": [[16.485639, 43.527479], [16.4856388, 43.528534]]}, "properties": {"tema": "namjena-poslovna", "opis": "K — gospodarska namjena, poslovna", "cad_sloj": "boja #ffbf7e", "list": "1. Koristenje i namjena", "plan": "UPU Bilice sjever", "izvor": "UPU Bilice sjever (split.hr), vektorizirano iz PDF-a"}}, {"type": "Feature", "geometry": {"type": "LineString", "coordinates": [[16.4856486, 43.5268411], [16.4856485, 43.527387]]}, "properties": {"tema": "namjena-poslovna", "opis": "K — gospodarska namjena, poslovna", "cad_sloj": "boja #ffbf7e", "list": "1. Koristenje i namjena", "plan": "UPU Bilice sjever", "izvor": "UPU Bilice sjever (split.hr), vektorizirano iz PDF-a"}}, {"type": "Feature", "geometry": {"type": "LineString", "coordinates": [[16.4856485, 43.5274781], [16.4856482, 43.528534]]}, "properties": {"tema": "namjena-poslovna", "opis": "K — gospodarska namjena, poslovna", "cad_sloj": "boja #ffbf7e", "list": "1. Koristenje i namjena", "plan": "UPU Bilice sjever", "izvor": "UPU Bilice sjever (split.hr), vektorizirano iz PDF-a"}}, {"type": "Feature", "geometry": {"type": "LineString", "coordinates": [[16.4856578, 43.5268278], [16.4856576, 43.5273859]]}, "properties": {"tema": "namjena-poslovna", "opis": "K — gospodarska namjena, poslovna", "cad_sloj": "boja #ffbf7e", "list": "1. Koristenje i namjena", "plan": "UPU Bilice sjever", "izvor": "UPU Bilice sjever (split.hr), vektorizirano iz PDF-a"}}, {"type": "Feature", "geometry": {"type": "LineString", "coordinates": [[16.4856576, 43.5274769], [16.4856574, 43.5285342]]}, "properties": {"tema": "namjena-poslovna", "opis": "K — gospodarska namjena, poslovna", "cad_sloj": "boja #ffbf7e", "list": "1. Koristenje i namjena", "plan": "UPU Bilice sjever", "izvor": "UPU Bilice sjever (split.hr), vektorizirano iz PDF-a"}}, {"type": "Feature", "geometry": {"type": "LineString", "coordinates": [[16.4856669, 43.5268154], [16.4856668, 43.5273849]]}, "properties": {"tema": "namjena-poslovna", "opis": "K — gospodarska namjena, poslovna", "cad_sloj": "boja #ffbf7e", "list": "1. Koristenje i namjena", "plan": "UPU Bilice sjever", "izvor": "UPU Bilice sjever (split.hr), vektorizirano iz PDF-a"}}, {"type": "Feature", "geometry": {"type": "LineString", "coordinates": [[16.4856668, 43.527476], [16.4856665, 43.5285344]]}, "properties": {"tema": "namjena-poslovna", "opis": "K — gospodarska namjena, poslovna", "cad_sloj": "boja #ffbf7e", "list": "1. Koristenje i namjena", "plan": "UPU Bilice sjever", "izvor": "UPU Bilice sjever (split.hr), vektorizirano iz PDF-a"}}, {"type": "Feature", "geometry": {"type": "LineString", "coordinates": [[16.4856764, 43.5268038], [16.4856762, 43.527384]]}, "properties": {"tema": "namjena-poslovna", "opis": "K — gospodarska namjena, poslovna", "cad_sloj": "boja #ffbf7e", "list": "1. Koristenje i namjena", "plan": "UPU Bilice sjever", "izvor": "UPU Bilice sjever (split.hr), vektorizirano iz PDF-a"}}, {"type": "Feature", "geometry": {"type": "LineString", "coordinates": [[16.4856762, 43.527475], [16.485676, 43.5285346]]}, "properties": {"tema": "namjena-poslovna", "opis": "K — gospodarska namjena, poslovna", "cad_sloj": "boja #ffbf7e", "list": "1. Koristenje i namjena", "plan": "UPU Bilice sjever", "izvor": "UPU Bilice sjever (split.hr), vektorizirano iz PDF-a"}}, {"type": "Feature", "geometry": {"type": "LineString", "coordinates": [[16.4856855, 43.5267929], [16.4856854, 43.5273828]]}, "properties": {"tema": "namjena-poslovna", "opis": "K — gospodarska namjena, poslovna", "cad_sloj": "boja #ffbf7e", "list": "1. Koristenje i namjena", "plan": "UPU Bilice sjever", "izvor": "UPU Bilice sjever (split.hr), vektorizirano iz PDF-a"}}, {"type": "Feature", "geometry": {"type": "LineString", "coordinates": [[16.4856854, 43.5274739], [16.4856851, 43.5285346]]}, "properties": {"tema": "namjena-poslovna", "opis": "K — gospodarska namjena, poslovna", "cad_sloj": "boja #ffbf7e", "list": "1. Koristenje i namjena", "plan": "UPU Bilice sjever", "izvor": "UPU Bilice sjever (split.hr), vektorizirano iz PDF-a"}}, {"type": "Feature", "geometry": {"type": "LineString", "coordinates": [[16.485695, 43.5267826], [16.4856948, 43.5273819]]}, "properties": {"tema": "namjena-poslovna", "opis": "K — gospodarska namjena, poslovna", "cad_sloj": "boja #ffbf7e", "list": "1. Koristenje i namjena", "plan": "UPU Bilice sjever", "izvor": "UPU Bilice sjever (split.hr), vektorizirano iz PDF-a"}}, {"type": "Feature", "geometry": {"type": "LineString", "coordinates": [[16.4856948, 43.5274729], [16.4856946, 43.5285348]]}, "properties": {"tema": "namjena-poslovna", "opis": "K — gospodarska namjena, poslovna", "cad_sloj": "boja #ffbf7e", "list": "1. Koristenje i namjena", "plan": "UPU Bilice sjever", "izvor": "UPU Bilice sjever (split.hr), vektorizirano iz PDF-a"}}, {"type": "Feature", "geometry": {"type": "LineString", "coordinates": [[16.4857041, 43.5267727], [16.485704, 43.5273807]]}, "properties": {"tema": "namjena-poslovna", "opis": "K — gospodarska namjena, poslovna", "cad_sloj": "boja #ffbf7e", "list": "1. Koristenje i namjena", "plan": "UPU Bilice sjever", "izvor": "UPU Bilice sjever (split.hr), vektorizirano iz PDF-a"}}, {"type": "Feature", "geometry": {"type": "LineString", "coordinates": [[16.485704, 43.5274718], [16.4857037, 43.528535]]}, "properties": {"tema": "namjena-poslovna", "opis": "K — gospodarska namjena, poslovna", "cad_sloj": "boja #ffbf7e", "list": "1. Koristenje i namjena", "plan": "UPU Bilice sjever", "izvor": "UPU Bilice sjever (split.hr), vektorizirano iz PDF-a"}}, {"type": "Feature", "geometry": {"type": "LineString", "coordinates": [[16.4857136, 43.5267634], [16.4857134, 43.5273798]]}, "properties": {"tema": "namjena-poslovna", "opis": "K — gospodarska namjena, poslovna", "cad_sloj": "boja #ffbf7e", "list": "1. Koristenje i namjena", "plan": "UPU Bilice sjever", "izvor": "UPU Bilice sjever (split.hr), vektorizirano iz PDF-a"}}, {"type": "Feature", "geometry": {"type": "LineString", "coordinates": [[16.4857134, 43.5274708], [16.4857132, 43.528535]]}, "properties": {"tema": "namjena-poslovna", "opis": "K — gospodarska namjena, poslovna", "cad_sloj": "boja #ffbf7e", "list": "1. Koristenje i namjena", "plan": "UPU Bilice sjever", "izvor": "UPU Bilice sjever (split.hr), vektorizirano iz PDF-a"}}, {"type": "Feature", "geometry": {"type": "LineString", "coordinates": [[16.4857227, 43.5267546], [16.4857226, 43.5273786]]}, "properties": {"tema": "namjena-poslovna", "opis": "K — gospodarska namjena, poslovna", "cad_sloj": "boja #ffbf7e", "list": "1. Koristenje i namjena", "plan": "UPU Bilice sjever", "izvor": "UPU Bilice sjever (split.hr), vektorizirano iz PDF-a"}}, {"type": "Feature", "geometry": {"type": "LineString", "coordinates": [[16.4857226, 43.5274697], [16.4857223, 43.5285352]]}, "properties": {"tema": "namjena-poslovna", "opis": "K — gospodarska namjena, poslovna", "cad_sloj": "boja #ffbf7e", "list": "1. Koristenje i namjena", "plan": "UPU Bilice sjever", "izvor": "UPU Bilice sjever (split.hr), vektorizirano iz PDF-a"}}, {"type": "Feature", "geometry": {"type": "LineString", "coordinates": [[16.4857319, 43.5267461], [16.4857318, 43.5273777]]}, "properties": {"tema": "namjena-poslovna", "opis": "K — gospodarska namjena, poslovna", "cad_sloj": "boja #ffbf7e", "list": "1. Koristenje i namjena", "plan": "UPU Bilice sjever", "izvor": "UPU Bilice sjever (split.hr), vektorizirano iz PDF-a"}}, {"type": "Feature", "geometry": {"type": "LineString", "coordinates": [[16.4857317, 43.5274688], [16.4857315, 43.5285354]]}, "properties": {"tema": "namjena-poslovna", "opis": "K — gospodarska namjena, poslovna", "cad_sloj": "boja #ffbf7e", "list": "1. Koristenje i namjena", "plan": "UPU Bilice sjever", "izvor": "UPU Bilice sjever (split.hr), vektorizirano iz PDF-a"}}, {"type": "Feature", "geometry": {"type": "LineString", "coordinates": [[16.4857413, 43.5267379], [16.4857412, 43.5273765]]}, "properties": {"tema": "namjena-poslovna", "opis": "K — gospodarska namjena, poslovna", "cad_sloj": "boja #ffbf7e", "list": "1. Koristenje i namjena", "plan": "UPU Bilice sjever", "izvor": "UPU Bilice sjever (split.hr), vektorizirano iz PDF-a"}}, {"type": "Feature", "geometry": {"type": "LineString", "coordinates": [[16.4857412, 43.5274676], [16.4857409, 43.5285356]]}, "properties": {"tema": "namjena-poslovna", "opis": "K — gospodarska namjena, poslovna", "cad_sloj": "boja #ffbf7e", "list": "1. Koristenje i namjena", "plan": "UPU Bilice sjever", "izvor": "UPU Bilice sjever (split.hr), vektorizirano iz PDF-a"}}, {"type": "Feature", "geometry": {"type": "LineString", "coordinates": [[16.4857505, 43.5267301], [16.4857504, 43.5273756]]}, "properties": {"tema": "namjena-poslovna", "opis": "K — gospodarska namjena, poslovna", "cad_sloj": "boja #ffbf7e", "list": "1. Koristenje i namjena", "plan": "UPU Bilice sjever", "izvor": "UPU Bilice sjever (split.hr), vektorizirano iz PDF-a"}}, {"type": "Feature", "geometry": {"type": "LineString", "coordinates": [[16.4857503, 43.5274667], [16.4857501, 43.5285356]]}, "properties": {"tema": "namjena-poslovna", "opis": "K — gospodarska namjena, poslovna", "cad_sloj": "boja #ffbf7e", "list": "1. Koristenje i namjena", "plan": "UPU Bilice sjever", "izvor": "UPU Bilice sjever (split.hr), vektorizirano iz PDF-a"}}, {"type": "Feature", "geometry": {"type": "LineString", "coordinates": [[16.4857599, 43.5267226], [16.4857598, 43.5273744]]}, "properties": {"tema": "namjena-poslovna", "opis": "K — gospodarska namjena, poslovna", "cad_sloj": "boja #ffbf7e", "list": "1. Koristenje i namjena", "plan": "UPU Bilice sjever", "izvor": "UPU Bilice sjever (split.hr), vektorizirano iz PDF-a"}}, {"type": "Feature", "geometry": {"type": "LineString", "coordinates": [[16.4857598, 43.5274655], [16.4857595, 43.5285357]]}, "properties": {"tema": "namjena-poslovna", "opis": "K — gospodarska namjena, poslovna", "cad_sloj": "boja #ffbf7e", "list": "1. Koristenje i namjena", "plan": "UPU Bilice sjever", "izvor": "UPU Bilice sjever (split.hr), vektorizirano iz PDF-a"}}, {"type": "Feature", "geometry": {"type": "LineString", "coordinates": [[16.4857691, 43.5267154], [16.4857689, 43.5273735]]}, "properties": {"tema": "namjena-poslovna", "opis": "K — gospodarska namjena, poslovna", "cad_sloj": "boja #ffbf7e", "list": "1. Koristenje i namjena", "plan": "UPU Bilice sjever", "izvor": "UPU Bilice sjever (split.hr), vektorizirano iz PDF-a"}}, {"type": "Feature", "geometry": {"type": "LineString", "coordinates": [[16.4857689, 43.5274646], [16.4857687, 43.5285359]]}, "properties": {"tema": "namjena-poslovna", "opis": "K — gospodarska namjena, poslovna", "cad_sloj": "boja #ffbf7e", "list": "1. Koristenje i namjena", "plan": "UPU Bilice sjever", "izvor": "UPU Bilice sjever (split.hr), vektorizirano iz PDF-a"}}, {"type": "Feature", "geometry": {"type": "LineString", "coordinates": [[16.4857785, 43.5267085], [16.4857784, 43.5273725]]}, "properties": {"tema": "namjena-poslovna", "opis": "K — gospodarska namjena, poslovna", "cad_sloj": "boja #ffbf7e", "list": "1. Koristenje i namjena", "plan": "UPU Bilice sjever", "izvor": "UPU Bilice sjever (split.hr), vektorizirano iz PDF-a"}}, {"type": "Feature", "geometry": {"type": "LineString", "coordinates": [[16.4857783, 43.5274636], [16.4857781, 43.5285359]]}, "properties": {"tema": "namjena-poslovna", "opis": "K — gospodarska namjena, poslovna", "cad_sloj": "boja #ffbf7e", "list": "1. Koristenje i namjena", "plan": "UPU Bilice sjever", "izvor": "UPU Bilice sjever (split.hr), vektorizirano iz PDF-a"}}, {"type": "Feature", "geometry": {"type": "LineString", "coordinates": [[16.4857877, 43.5267019], [16.4857875, 43.5273714]]}, "properties": {"tema": "namjena-poslovna", "opis": "K — gospodarska namjena, poslovna", "cad_sloj": "boja #ffbf7e", "list": "1. Koristenje i namjena", "plan": "UPU Bilice sjever", "izvor": "UPU Bilice sjever (split.hr), vektorizirano iz PDF-a"}}, {"type": "Feature", "geometry": {"type": "LineString", "coordinates": [[16.4857875, 43.5274625], [16.4857873, 43.5285361]]}, "properties": {"tema": "namjena-poslovna", "opis": "K — gospodarska namjena, poslovna", "cad_sloj": "boja #ffbf7e", "list": "1. Koristenje i namjena", "plan": "UPU Bilice sjever", "izvor": "UPU Bilice sjever (split.hr), vektorizirano iz PDF-a"}}, {"type": "Feature", "geometry": {"type": "LineString", "coordinates": [[16.4857969, 43.5266956], [16.4857967, 43.5273704]]}, "properties": {"tema": "namjena-poslovna", "opis": "K — gospodarska namjena, poslovna", "cad_sloj": "boja #ffbf7e", "list": "1. Koristenje i namjena", "plan": "UPU Bilice sjever", "izvor": "UPU Bilice sjever (split.hr), vektorizirano iz PDF-a"}}, {"type": "Feature", "geometry": {"type": "LineString", "coordinates": [[16.4857967, 43.5274615], [16.4857964, 43.5285363]]}, "properties": {"tema": "namjena-poslovna", "opis": "K — gospodarska namjena, poslovna", "cad_sloj": "boja #ffbf7e", "list": "1. Koristenje i namjena", "plan": "UPU Bilice sjever", "izvor": "UPU Bilice sjever (split.hr), vektorizirano iz PDF-a"}}, {"type": "Feature", "geometry": {"type": "LineString", "coordinates": [[16.4858063, 43.5266893], [16.4858061, 43.5273693]]}, "properties": {"tema": "namjena-poslovna", "opis": "K — gospodarska namjena, poslovna", "cad_sloj": "boja #ffbf7e", "list": "1. Koristenje i namjena", "plan": "UPU Bilice sjever", "izvor": "UPU Bilice sjever (split.hr), vektorizirano iz PDF-a"}}, {"type": "Feature", "geometry": {"type": "LineString", "coordinates": [[16.4858061, 43.5274604], [16.4858059, 43.5285365]]}, "properties": {"tema": "namjena-poslovna", "opis": "K — gospodarska namjena, poslovna", "cad_sloj": "boja #ffbf7e", "list": "1. Koristenje i namjena", "plan": "UPU Bilice sjever", "izvor": "UPU Bilice sjever (split.hr), vektorizirano iz PDF-a"}}, {"type": "Feature", "geometry": {"type": "LineString", "coordinates": [[16.4858155, 43.5266834], [16.4858153, 43.5273684]]}, "properties": {"tema": "namjena-poslovna", "opis": "K — gospodarska namjena, poslovna", "cad_sloj": "boja #ffbf7e", "list": "1. Koristenje i namjena", "plan": "UPU Bilice sjever", "izvor": "UPU Bilice sjever (split.hr), vektorizirano iz PDF-a"}}, {"type": "Feature", "geometry": {"type": "LineString", "coordinates": [[16.4858153, 43.5274594], [16.485815, 43.5285365]]}, "properties": {"tema": "namjena-poslovna", "opis": "K — gospodarska namjena, poslovna", "cad_sloj": "boja #ffbf7e", "list": "1. Koristenje i namjena", "plan": "UPU Bilice sjever", "izvor": "UPU Bilice sjever (split.hr), vektorizirano iz PDF-a"}}, {"type": "Feature", "geometry": {"type": "LineString", "coordinates": [[16.4858249, 43.5266777], [16.4858247, 43.5273672]]}, "properties": {"tema": "namjena-poslovna", "opis": "K — gospodarska namjena, poslovna", "cad_sloj": "boja #ffbf7e", "list": "1. Koristenje i namjena", "plan": "UPU Bilice sjever", "izvor": "UPU Bilice sjever (split.hr), vektorizirano iz PDF-a"}}, {"type": "Feature", "geometry": {"type": "LineString", "coordinates": [[16.4858247, 43.5274583], [16.4858244, 43.5285367]]}, "properties": {"tema": "namjena-poslovna", "opis": "K — gospodarska namjena, poslovna", "cad_sloj": "boja #ffbf7e", "list": "1. Koristenje i namjena", "plan": "UPU Bilice sjever", "izvor": "UPU Bilice sjever (split.hr), vektorizirano iz PDF-a"}}, {"type": "Feature", "geometry": {"type": "LineString", "coordinates": [[16.485834, 43.5266721], [16.4858339, 43.5273663]]}, "properties": {"tema": "namjena-poslovna", "opis": "K — gospodarska namjena, poslovna", "cad_sloj": "boja #ffbf7e", "list": "1. Koristenje i namjena", "plan": "UPU Bilice sjever", "izvor": "UPU Bilice sjever (split.hr), vektorizirano iz PDF-a"}}, {"type": "Feature", "geometry": {"type": "LineString", "coordinates": [[16.4858339, 43.5274573], [16.4858336, 43.5285369]]}, "properties": {"tema": "namjena-poslovna", "opis": "K — gospodarska namjena, poslovna", "cad_sloj": "boja #ffbf7e", "list": "1. Koristenje i namjena", "plan": "UPU Bilice sjever", "izvor": "UPU Bilice sjever (split.hr), vektorizirano iz PDF-a"}}, {"type": "Feature", "geometry": {"type": "LineString", "coordinates": [[16.4858435, 43.5266668], [16.4858433, 43.5273651]]}, "properties": {"tema": "namjena-poslovna", "opis": "K — gospodarska namjena, poslovna", "cad_sloj": "boja #ffbf7e", "list": "1. Koristenje i namjena", "plan": "UPU Bilice sjever", "izvor": "UPU Bilice sjever (split.hr), vektorizirano iz PDF-a"}}, {"type": "Feature", "geometry": {"type": "LineString", "coordinates": [[16.4858433, 43.5274562], [16.485843, 43.5285371]]}, "properties": {"tema": "namjena-poslovna", "opis": "K — gospodarska namjena, poslovna", "cad_sloj": "boja #ffbf7e", "list": "1. Koristenje i namjena", "plan": "UPU Bilice sjever", "izvor": "UPU Bilice sjever (split.hr), vektorizirano iz PDF-a"}}, {"type": "Feature", "geometry": {"type": "LineString", "coordinates": [[16.4858526, 43.5266617], [16.4858525, 43.5273642]]}, "properties": {"tema": "namjena-poslovna", "opis": "K — gospodarska namjena, poslovna", "cad_sloj": "boja #ffbf7e", "list": "1. Koristenje i namjena", "plan": "UPU Bilice sjever", "izvor": "UPU Bilice sjever (split.hr), vektorizirano iz PDF-a"}}, {"type": "Feature", "geometry": {"type": "LineString", "coordinates": [[16.4858525, 43.5274552], [16.4858522, 43.5285371]]}, "properties": {"tema": "namjena-poslovna", "opis": "K — gospodarska namjena, poslovna", "cad_sloj": "boja #ffbf7e", "list": "1. Koristenje i namjena", "plan": "UPU Bilice sjever", "izvor": "UPU Bilice sjever (split.hr), vektorizirano iz PDF-a"}}, {"type": "Feature", "geometry": {"type": "LineString", "coordinates": [[16.4858621, 43.5266567], [16.4858619, 43.527363]]}, "properties": {"tema": "namjena-poslovna", "opis": "K — gospodarska namjena, poslovna", "cad_sloj": "boja #ffbf7e", "list": "1. Koristenje i namjena", "plan": "UPU Bilice sjever", "izvor": "UPU Bilice sjever (split.hr), vektorizirano iz PDF-a"}}, {"type": "Feature", "geometry": {"type": "LineString", "coordinates": [[16.4858619, 43.5274541], [16.4858616, 43.5285373]]}, "properties": {"tema": "namjena-poslovna", "opis": "K — gospodarska namjena, poslovna", "cad_sloj": "boja #ffbf7e", "list": "1. Koristenje i namjena", "plan": "UPU Bilice sjever", "izvor": "UPU Bilice sjever (split.hr), vektorizirano iz PDF-a"}}, {"type": "Feature", "geometry": {"type": "LineString", "coordinates": [[16.4858712, 43.526652], [16.4858711, 43.5273621]]}, "properties": {"tema": "namjena-poslovna", "opis": "K — gospodarska namjena, poslovna", "cad_sloj": "boja #ffbf7e", "list": "1. Koristenje i namjena", "plan": "UPU Bilice sjever", "izvor": "UPU Bilice sjever (split.hr), vektorizirano iz PDF-a"}}, {"type": "Feature", "geometry": {"type": "LineString", "coordinates": [[16.485871, 43.5274531], [16.4858708, 43.5285375]]}, "properties": {"tema": "namjena-poslovna", "opis": "K — gospodarska namjena, poslovna", "cad_sloj": "boja #ffbf7e", "list": "1. Koristenje i namjena", "plan": "UPU Bilice sjever", "izvor": "UPU Bilice sjever (split.hr), vektorizirano iz PDF-a"}}, {"type": "Feature", "geometry": {"type": "LineString", "coordinates": [[16.4858804, 43.5266474], [16.4858802, 43.5273609]]}, "properties": {"tema": "namjena-poslovna", "opis": "K — gospodarska namjena, poslovna", "cad_sloj": "boja #ffbf7e", "list": "1. Koristenje i namjena", "plan": "UPU Bilice sjever", "izvor": "UPU Bilice sjever (split.hr), vektorizirano iz PDF-a"}}, {"type": "Feature", "geometry": {"type": "LineString", "coordinates": [[16.4858802, 43.527452], [16.48588, 43.5285375]]}, "properties": {"tema": "namjena-poslovna", "opis": "K — gospodarska namjena, poslovna", "cad_sloj": "boja #ffbf7e", "list": "1. Koristenje i namjena", "plan": "UPU Bilice sjever", "izvor": "UPU Bilice sjever (split.hr), vektorizirano iz PDF-a"}}, {"type": "Feature", "geometry": {"type": "LineString", "coordinates": [[16.4858898, 43.5266428], [16.4858897, 43.52736]]}, "properties": {"tema": "namjena-poslovna", "opis": "K — gospodarska namjena, poslovna", "cad_sloj": "boja #ffbf7e", "list": "1. Koristenje i namjena", "plan": "UPU Bilice sjever", "izvor": "UPU Bilice sjever (split.hr), vektorizirano iz PDF-a"}}, {"type": "Feature", "geometry": {"type": "LineString", "coordinates": [[16.4858896, 43.5274511], [16.4858894, 43.5285377]]}, "properties": {"tema": "namjena-poslovna", "opis": "K — gospodarska namjena, poslovna", "cad_sloj": "boja #ffbf7e", "list": "1. Koristenje i namjena", "plan": "UPU Bilice sjever", "izvor": "UPU Bilice sjever (split.hr), vektorizirano iz PDF-a"}}, {"type": "Feature", "geometry": {"type": "LineString", "coordinates": [[16.485899, 43.5266384], [16.4858988, 43.527359]]}, "properties": {"tema": "namjena-poslovna", "opis": "K — gospodarska namjena, poslovna", "cad_sloj": "boja #ffbf7e", "list": "1. Koristenje i namjena", "plan": "UPU Bilice sjever", "izvor": "UPU Bilice sjever (split.hr), vektorizirano iz PDF-a"}}, {"type": "Feature", "geometry": {"type": "LineString", "coordinates": [[16.4858988, 43.5274501], [16.4858986, 43.5285379]]}, "properties": {"tema": "namjena-poslovna", "opis": "K — gospodarska namjena, poslovna", "cad_sloj": "boja #ffbf7e", "list": "1. Koristenje i namjena", "plan": "UPU Bilice sjever", "izvor": "UPU Bilice sjever (split.hr), vektorizirano iz PDF-a"}}, {"type": "Feature", "geometry": {"type": "LineString", "coordinates": [[16.4859084, 43.5266344], [16.4859083, 43.5273579]]}, "properties": {"tema": "namjena-poslovna", "opis": "K — gospodarska namjena, poslovna", "cad_sloj": "boja #ffbf7e", "list": "1. Koristenje i namjena", "plan": "UPU Bilice sjever", "izvor": "UPU Bilice sjever (split.hr), vektorizirano iz PDF-a"}}, {"type": "Feature", "geometry": {"type": "LineString", "coordinates": [[16.4859082, 43.527449], [16.485908, 43.5285381]]}, "properties": {"tema": "namjena-poslovna", "opis": "K — gospodarska namjena, poslovna", "cad_sloj": "boja #ffbf7e", "list": "1. Koristenje i namjena", "plan": "UPU Bilice sjever", "izvor": "UPU Bilice sjever (split.hr), vektorizirano iz PDF-a"}}, {"type": "Feature", "geometry": {"type": "LineString", "coordinates": [[16.4859176, 43.5266302], [16.4859174, 43.5273569]]}, "properties": {"tema": "namjena-poslovna", "opis": "K — gospodarska namjena, poslovna", "cad_sloj": "boja #ffbf7e", "list": "1. Koristenje i namjena", "plan": "UPU Bilice sjever", "izvor": "UPU Bilice sjever (split.hr), vektorizirano iz PDF-a"}}, {"type": "Feature", "geometry": {"type": "LineString", "coordinates": [[16.4859174, 43.527448], [16.4859171, 43.5285381]]}, "properties": {"tema": "namjena-poslovna", "opis": "K — gospodarska namjena, poslovna", "cad_sloj": "boja #ffbf7e", "list": "1. Koristenje i namjena", "plan": "UPU Bilice sjever", "izvor": "UPU Bilice sjever (split.hr), vektorizirano iz PDF-a"}}, {"type": "Feature", "geometry": {"type": "LineString", "coordinates": [[16.485927, 43.5266264], [16.4859268, 43.5273558]]}, "properties": {"tema": "namjena-poslovna", "opis": "K — gospodarska namjena, poslovna", "cad_sloj": "boja #ffbf7e", "list": "1. Koristenje i namjena", "plan": "UPU Bilice sjever", "izvor": "UPU Bilice sjever (split.hr), vektorizirano iz PDF-a"}}, {"type": "Feature", "geometry": {"type": "LineString", "coordinates": [[16.4859268, 43.5274469], [16.4859266, 43.5285382]]}, "properties": {"tema": "namjena-poslovna", "opis": "K — gospodarska namjena, poslovna", "cad_sloj": "boja #ffbf7e", "list": "1. Koristenje i namjena", "plan": "UPU Bilice sjever", "izvor": "UPU Bilice sjever (split.hr), vektorizirano iz PDF-a"}}, {"type": "Feature", "geometry": {"type": "LineString", "coordinates": [[16.4859362, 43.5266226], [16.485936, 43.5273548]]}, "properties": {"tema": "namjena-poslovna", "opis": "K — gospodarska namjena, poslovna", "cad_sloj": "boja #ffbf7e", "list": "1. Koristenje i namjena", "plan": "UPU Bilice sjever", "izvor": "UPU Bilice sjever (split.hr), vektorizirano iz PDF-a"}}, {"type": "Feature", "geometry": {"type": "LineString", "coordinates": [[16.485936, 43.5274459], [16.4859357, 43.5285384]]}, "properties": {"tema": "namjena-poslovna", "opis": "K — gospodarska namjena, poslovna", "cad_sloj": "boja #ffbf7e", "list": "1. Koristenje i namjena", "plan": "UPU Bilice sjever", "izvor": "UPU Bilice sjever (split.hr), vektorizirano iz PDF-a"}}, {"type": "Feature", "geometry": {"type": "LineString", "coordinates": [[16.4859453, 43.5266192], [16.4859452, 43.5273537]]}, "properties": {"tema": "namjena-poslovna", "opis": "K — gospodarska namjena, poslovna", "cad_sloj": "boja #ffbf7e", "list": "1. Koristenje i namjena", "plan": "UPU Bilice sjever", "izvor": "UPU Bilice sjever (split.hr), vektorizirano iz PDF-a"}}, {"type": "Feature", "geometry": {"type": "LineString", "coordinates": [[16.4859452, 43.5274448], [16.4859449, 43.5285384]]}, "properties": {"tema": "namjena-poslovna", "opis": "K — gospodarska namjena, poslovna", "cad_sloj": "boja #ffbf7e", "list": "1. Koristenje i namjena", "plan": "UPU Bilice sjever", "izvor": "UPU Bilice sjever (split.hr), vektorizirano iz PDF-a"}}, {"type": "Feature", "geometry": {"type": "LineString", "coordinates": [[16.4859548, 43.5266156], [16.4859546, 43.5273528]]}, "properties": {"tema": "namjena-poslovna", "opis": "K — gospodarska namjena, poslovna", "cad_sloj": "boja #ffbf7e", "list": "1. Koristenje i namjena", "plan": "UPU Bilice sjever", "izvor": "UPU Bilice sjever (split.hr), vektorizirano iz PDF-a"}}, {"type": "Feature", "geometry": {"type": "LineString", "coordinates": [[16.4859546, 43.5274438], [16.4859543, 43.5285386]]}, "properties": {"tema": "namjena-poslovna", "opis": "K — gospodarska namjena, poslovna", "cad_sloj": "boja #ffbf7e", "list": "1. Koristenje i namjena", "plan": "UPU Bilice sjever", "izvor": "UPU Bilice sjever (split.hr), vektorizirano iz PDF-a"}}, {"type": "Feature", "geometry": {"type": "LineString", "coordinates": [[16.4859639, 43.5266123], [16.4859638, 43.5273516]]}, "properties": {"tema": "namjena-poslovna", "opis": "K — gospodarska namjena, poslovna", "cad_sloj": "boja #ffbf7e", "list": "1. Koristenje i namjena", "plan": "UPU Bilice sjever", "izvor": "UPU Bilice sjever (split.hr), vektorizirano iz PDF-a"}}, {"type": "Feature", "geometry": {"type": "LineString", "coordinates": [[16.4859638, 43.5274427], [16.4859635, 43.5285388]]}, "properties": {"tema": "namjena-poslovna", "opis": "K — gospodarska namjena, poslovna", "cad_sloj": "boja #ffbf7e", "list": "1. Koristenje i namjena", "plan": "UPU Bilice sjever", "izvor": "UPU Bilice sjever (split.hr), vektorizirano iz PDF-a"}}, {"type": "Feature", "geometry": {"type": "LineString", "coordinates": [[16.4859734, 43.5266091], [16.4859732, 43.5273507]]}, "properties": {"tema": "namjena-poslovna", "opis": "K — gospodarska namjena, poslovna", "cad_sloj": "boja #ffbf7e", "list": "1. Koristenje i namjena", "plan": "UPU Bilice sjever", "izvor": "UPU Bilice sjever (split.hr), vektorizirano iz PDF-a"}}, {"type": "Feature", "geometry": {"type": "LineString", "coordinates": [[16.4859732, 43.5274417], [16.4859729, 43.528539]]}, "properties": {"tema": "namjena-poslovna", "opis": "K — gospodarska namjena, poslovna", "cad_sloj": "boja #ffbf7e", "list": "1. Koristenje i namjena", "plan": "UPU Bilice sjever", "izvor": "UPU Bilice sjever (split.hr), vektorizirano iz PDF-a"}}, {"type": "Feature", "geometry": {"type": "LineString", "coordinates": [[16.4859825, 43.5266061], [16.4859824, 43.5273495]]}, "properties": {"tema": "namjena-poslovna", "opis": "K — gospodarska namjena, poslovna", "cad_sloj": "boja #ffbf7e", "list": "1. Koristenje i namjena", "plan": "UPU Bilice sjever", "izvor": "UPU Bilice sjever (split.hr), vektorizirano iz PDF-a"}}, {"type": "Feature", "geometry": {"type": "LineString", "coordinates": [[16.4859823, 43.5274406], [16.4859821, 43.528539]]}, "properties": {"tema": "namjena-poslovna", "opis": "K — gospodarska namjena, poslovna", "cad_sloj": "boja #ffbf7e", "list": "1. Koristenje i namjena", "plan": "UPU Bilice sjever", "izvor": "UPU Bilice sjever (split.hr), vektorizirano iz PDF-a"}}, {"type": "Feature", "geometry": {"type": "LineString", "coordinates": [[16.485992, 43.526603], [16.4859918, 43.5273486]]}, "properties": {"tema": "namjena-poslovna", "opis": "K — gospodarska namjena, poslovna", "cad_sloj": "boja #ffbf7e", "list": "1. Koristenje i namjena", "plan": "UPU Bilice sjever", "izvor": "UPU Bilice sjever (split.hr), vektorizirano iz PDF-a"}}, {"type": "Feature", "geometry": {"type": "LineString", "coordinates": [[16.4859918, 43.5274396], [16.4859915, 43.5285392]]}, "properties": {"tema": "namjena-poslovna", "opis": "K — gospodarska namjena, poslovna", "cad_sloj": "boja #ffbf7e", "list": "1. Koristenje i namjena", "plan": "UPU Bilice sjever", "izvor": "UPU Bilice sjever (split.hr), vektorizirano iz PDF-a"}}, {"type": "Feature", "geometry": {"type": "LineString", "coordinates": [[16.4860011, 43.5265998], [16.486001, 43.5273476]]}, "properties": {"tema": "namjena-poslovna", "opis": "K — gospodarska namjena, poslovna", "cad_sloj": "boja #ffbf7e", "list": "1. Koristenje i namjena", "plan": "UPU Bilice sjever", "izvor": "UPU Bilice sjever (split.hr), vektorizirano iz PDF-a"}}, {"type": "Feature", "geometry": {"type": "LineString", "coordinates": [[16.4860009, 43.5274387], [16.4860007, 43.5285394]]}, "properties": {"tema": "namjena-poslovna", "opis": "K — gospodarska namjena, poslovna", "cad_sloj": "boja #ffbf7e", "list": "1. Koristenje i namjena", "plan": "UPU Bilice sjever", "izvor": "UPU Bilice sjever (split.hr), vektorizirano iz PDF-a"}}, {"type": "Feature", "geometry": {"type": "LineString", "coordinates": [[16.4860103, 43.5265967], [16.4860101, 43.5273465]]}, "properties": {"tema": "namjena-poslovna", "opis": "K — gospodarska namjena, poslovna", "cad_sloj": "boja #ffbf7e", "list": "1. Koristenje i namjena", "plan": "UPU Bilice sjever", "izvor": "UPU Bilice sjever (split.hr), vektorizirano iz PDF-a"}}, {"type": "Feature", "geometry": {"type": "LineString", "coordinates": [[16.4860101, 43.5274375], [16.4860098, 43.5285394]]}, "properties": {"tema": "namjena-poslovna", "opis": "K — gospodarska namjena, poslovna", "cad_sloj": "boja #ffbf7e", "list": "1. Koristenje i namjena", "plan": "UPU Bilice sjever", "izvor": "UPU Bilice sjever (split.hr), vektorizirano iz PDF-a"}}, {"type": "Feature", "geometry": {"type": "LineString", "coordinates": [[16.4860197, 43.5265937], [16.4860195, 43.5273455]]}, "properties": {"tema": "namjena-poslovna", "opis": "K — gospodarska namjena, poslovna", "cad_sloj": "boja #ffbf7e", "list": "1. Koristenje i namjena", "plan": "UPU Bilice sjever", "izvor": "UPU Bilice sjever (split.hr), vektorizirano iz PDF-a"}}, {"type": "Feature", "geometry": {"type": "LineString", "coordinates": [[16.4860195, 43.5274366], [16.4860193, 43.5285396]]}, "properties": {"tema": "namjena-poslovna", "opis": "K — gospodarska namjena, poslovna", "cad_sloj": "boja #ffbf7e", "list": "1. Koristenje i namjena", "plan": "UPU Bilice sjever", "izvor": "UPU Bilice sjever (split.hr), vektorizirano iz PDF-a"}}, {"type": "Feature", "geometry": {"type": "LineString", "coordinates": [[16.4860289, 43.5265906], [16.4860287, 43.5273444]]}, "properties": {"tema": "namjena-poslovna", "opis": "K — gospodarska namjena, poslovna", "cad_sloj": "boja #ffbf7e", "list": "1. Koristenje i namjena", "plan": "UPU Bilice sjever", "izvor": "UPU Bilice sjever (split.hr), vektorizirano iz PDF-a"}}, {"type": "Feature", "geometry": {"type": "LineString", "coordinates": [[16.4860287, 43.5274355], [16.4860284, 43.5285398]]}, "properties": {"tema": "namjena-poslovna", "opis": "K — gospodarska namjena, poslovna", "cad_sloj": "boja #ffbf7e", "list": "1. Koristenje i namjena", "plan": "UPU Bilice sjever", "izvor": "UPU Bilice sjever (split.hr), vektorizirano iz PDF-a"}}, {"type": "Feature", "geometry": {"type": "LineString", "coordinates": [[16.4860383, 43.5265876], [16.4860381, 43.5273434]]}, "properties": {"tema": "namjena-poslovna", "opis": "K — gospodarska namjena, poslovna", "cad_sloj": "boja #ffbf7e", "list": "1. Koristenje i namjena", "plan": "UPU Bilice sjever", "izvor": "UPU Bilice sjever (split.hr), vektorizirano iz PDF-a"}}, {"type": "Feature", "geometry": {"type": "LineString", "coordinates": [[16.4860381, 43.5274345], [16.4860379, 43.52854]]}, "properties": {"tema": "namjena-poslovna", "opis": "K — gospodarska namjena, poslovna", "cad_sloj": "boja #ffbf7e", "list": "1. Koristenje i namjena", "plan": "UPU Bilice sjever", "izvor": "UPU Bilice sjever (split.hr), vektorizirano iz PDF-a"}}, {"type": "Feature", "geometry": {"type": "LineString", "coordinates": [[16.4860475, 43.5265845], [16.4860473, 43.5273423]]}, "properties": {"tema": "namjena-poslovna", "opis": "K — gospodarska namjena, poslovna", "cad_sloj": "boja #ffbf7e", "list": "1. Koristenje i namjena", "plan": "UPU Bilice sjever", "izvor": "UPU Bilice sjever (split.hr), vektorizirano iz PDF-a"}}, {"type": "Feature", "geometry": {"type": "LineString", "coordinates": [[16.4860473, 43.5274334], [16.486047, 43.52854]]}, "properties": {"tema": "namjena-poslovna", "opis": "K — gospodarska namjena, poslovna", "cad_sloj": "boja #ffbf7e", "list": "1. Koristenje i namjena", "plan": "UPU Bilice sjever", "izvor": "UPU Bilice sjever (split.hr), vektorizirano iz PDF-a"}}, {"type": "Feature", "geometry": {"type": "LineString", "coordinates": [[16.4860569, 43.5265813], [16.4860567, 43.5273413]]}, "properties": {"tema": "namjena-poslovna", "opis": "K — gospodarska namjena, poslovna", "cad_sloj": "boja #ffbf7e", "list": "1. Koristenje i namjena", "plan": "UPU Bilice sjever", "izvor": "UPU Bilice sjever (split.hr), vektorizirano iz PDF-a"}}, {"type": "Feature", "geometry": {"type": "LineString", "coordinates": [[16.4860567, 43.5274324], [16.4860565, 43.5285402]]}, "properties": {"tema": "namjena-poslovna", "opis": "K — gospodarska namjena, poslovna", "cad_sloj": "boja #ffbf7e", "list": "1. Koristenje i namjena", "plan": "UPU Bilice sjever", "izvor": "UPU Bilice sjever (split.hr), vektorizirano iz PDF-a"}}, {"type": "Feature", "geometry": {"type": "LineString", "coordinates": [[16.4860661, 43.5265782], [16.4860659, 43.5273402]]}, "properties": {"tema": "namjena-poslovna", "opis": "K — gospodarska namjena, poslovna", "cad_sloj": "boja #ffbf7e", "list": "1. Koristenje i namjena", "plan": "UPU Bilice sjever", "izvor": "UPU Bilice sjever (split.hr), vektorizirano iz PDF-a"}}, {"type": "Feature", "geometry": {"type": "LineString", "coordinates": [[16.4860659, 43.5274313], [16.4860656, 43.5285404]]}, "properties": {"tema": "namjena-poslovna", "opis": "K — gospodarska namjena, poslovna", "cad_sloj": "boja #ffbf7e", "list": "1. Koristenje i namjena", "plan": "UPU Bilice sjever", "izvor": "UPU Bilice sjever (split.hr), vektorizirano iz PDF-a"}}, {"type": "Feature", "geometry": {"type": "LineString", "coordinates": [[16.4860752, 43.5265752], [16.4860751, 43.5273392]]}, "properties": {"tema": "namjena-poslovna", "opis": "K — gospodarska namjena, poslovna", "cad_sloj": "boja #ffbf7e", "list": "1. Koristenje i namjena", "plan": "UPU Bilice sjever", "izvor": "UPU Bilice sjever (split.hr), vektorizirano iz PDF-a"}}, {"type": "Feature", "geometry": {"type": "LineString", "coordinates": [[16.486075, 43.5274303], [16.4860748, 43.5285405]]}, "properties": {"tema": "namjena-poslovna", "opis": "K — gospodarska namjena, poslovna", "cad_sloj": "boja #ffbf7e", "list": "1. Koristenje i namjena", "plan": "UPU Bilice sjever", "izvor": "UPU Bilice sjever (split.hr), vektorizirano iz PDF-a"}}, {"type": "Feature", "geometry": {"type": "LineString", "coordinates": [[16.4860847, 43.5265721], [16.4860845, 43.5273381]]}, "properties": {"tema": "namjena-poslovna", "opis": "K — gospodarska namjena, poslovna", "cad_sloj": "boja #ffbf7e", "list": "1. Koristenje i namjena", "plan": "UPU Bilice sjever", "izvor": "UPU Bilice sjever (split.hr), vektorizirano iz PDF-a"}}, {"type": "Feature", "geometry": {"type": "LineString", "coordinates": [[16.4860845, 43.5274292], [16.4860842, 43.5285405]]}, "properties": {"tema": "namjena-poslovna", "opis": "K — gospodarska namjena, poslovna", "cad_sloj": "boja #ffbf7e", "list": "1. Koristenje i namjena", "plan": "UPU Bilice sjever", "izvor": "UPU Bilice sjever (split.hr), vektorizirano iz PDF-a"}}, {"type": "Feature", "geometry": {"type": "LineString", "coordinates": [[16.4860938, 43.5265691], [16.4860937, 43.5273371]]}, "properties": {"tema": "namjena-poslovna", "opis": "K — gospodarska namjena, poslovna", "cad_sloj": "boja #ffbf7e", "list": "1. Koristenje i namjena", "plan": "UPU Bilice sjever", "izvor": "UPU Bilice sjever (split.hr), vektorizirano iz PDF-a"}}, {"type": "Feature", "geometry": {"type": "LineString", "coordinates": [[16.4860936, 43.5274282], [16.4860934, 43.5285407]]}, "properties": {"tema": "namjena-poslovna", "opis": "K — gospodarska namjena, poslovna", "cad_sloj": "boja #ffbf7e", "list": "1. Koristenje i namjena", "plan": "UPU Bilice sjever", "izvor": "UPU Bilice sjever (split.hr), vektorizirano iz PDF-a"}}, {"type": "Feature", "geometry": {"type": "LineString", "coordinates": [[16.4861033, 43.5265661], [16.4861031, 43.5273362]]}, "properties": {"tema": "namjena-poslovna", "opis": "K — gospodarska namjena, poslovna", "cad_sloj": "boja #ffbf7e", "list": "1. Koristenje i namjena", "plan": "UPU Bilice sjever", "izvor": "UPU Bilice sjever (split.hr), vektorizirano iz PDF-a"}}, {"type": "Feature", "geometry": {"type": "LineString", "coordinates": [[16.4861031, 43.5274273], [16.4861028, 43.5285409]]}, "properties": {"tema": "namjena-poslovna", "opis": "K — gospodarska namjena, poslovna", "cad_sloj": "boja #ffbf7e", "list": "1. Koristenje i namjena", "plan": "UPU Bilice sjever", "izvor": "UPU Bilice sjever (split.hr), vektorizirano iz PDF-a"}}, {"type": "Feature", "geometry": {"type": "LineString", "coordinates": [[16.4861124, 43.5265628], [16.4861123, 43.527335]]}, "properties": {"tema": "namjena-poslovna", "opis": "K — gospodarska namjena, poslovna", "cad_sloj": "boja #ffbf7e", "list": "1. Koristenje i namjena", "plan": "UPU Bilice sjever", "izvor": "UPU Bilice sjever (split.hr), vektorizirano iz PDF-a"}}, {"type": "Feature", "geometry": {"type": "LineString", "coordinates": [[16.4861122, 43.5274261], [16.486112, 43.5285409]]}, "properties": {"tema": "namjena-poslovna", "opis": "K — gospodarska namjena, poslovna", "cad_sloj": "boja #ffbf7e", "list": "1. Koristenje i namjena", "plan": "UPU Bilice sjever", "izvor": "UPU Bilice sjever (split.hr), vektorizirano iz PDF-a"}}, {"type": "Feature", "geometry": {"type": "LineString", "coordinates": [[16.4861219, 43.5265598], [16.4861217, 43.5273341]]}, "properties": {"tema": "namjena-poslovna", "opis": "K — gospodarska namjena, poslovna", "cad_sloj": "boja #ffbf7e", "list": "1. Koristenje i namjena", "plan": "UPU Bilice sjever", "izvor": "UPU Bilice sjever (split.hr), vektorizirano iz PDF-a"}}, {"type": "Feature", "geometry": {"type": "LineString", "coordinates": [[16.4861217, 43.5274252], [16.4861214, 43.5285411]]}, "properties": {"tema": "namjena-poslovna", "opis": "K — gospodarska namjena, poslovna", "cad_sloj": "boja #ffbf7e", "list": "1. Koristenje i namjena", "plan": "UPU Bilice sjever", "izvor": "UPU Bilice sjever (split.hr), vektorizirano iz PDF-a"}}, {"type": "Feature", "geometry": {"type": "LineString", "coordinates": [[16.486131, 43.5265567], [16.4861308, 43.527333]]}, "properties": {"tema": "namjena-poslovna", "opis": "K — gospodarska namjena, poslovna", "cad_sloj": "boja #ffbf7e", "list": "1. Koristenje i namjena", "plan": "UPU Bilice sjever", "izvor": "UPU Bilice sjever (split.hr), vektorizirano iz PDF-a"}}, {"type": "Feature", "geometry": {"type": "LineString", "coordinates": [[16.4861308, 43.527424], [16.4861306, 43.5285413]]}, "properties": {"tema": "namjena-poslovna", "opis": "K — gospodarska namjena, poslovna", "cad_sloj": "boja #ffbf7e", "list": "1. Koristenje i namjena", "plan": "UPU Bilice sjever", "izvor": "UPU Bilice sjever (split.hr), vektorizirano iz PDF-a"}}, {"type": "Feature", "geometry": {"type": "LineString", "coordinates": [[16.4861402, 43.5265537], [16.48614, 43.527332]]}, "properties": {"tema": "namjena-poslovna", "opis": "K — gospodarska namjena, poslovna", "cad_sloj": "boja #ffbf7e", "list": "1. Koristenje i namjena", "plan": "UPU Bilice sjever", "izvor": "UPU Bilice sjever (split.hr), vektorizirano iz PDF-a"}}, {"type": "Feature", "geometry": {"type": "LineString", "coordinates": [[16.48614, 43.5274231], [16.4861397, 43.5285415]]}, "properties": {"tema": "namjena-poslovna", "opis": "K — gospodarska namjena, poslovna", "cad_sloj": "boja #ffbf7e", "list": "1. Koristenje i namjena", "plan": "UPU Bilice sjever", "izvor": "UPU Bilice sjever (split.hr), vektorizirano iz PDF-a"}}, {"type": "Feature", "geometry": {"type": "LineString", "coordinates": [[16.4861496, 43.5265506], [16.4861494, 43.5273309]]}, "properties": {"tema": "namjena-poslovna", "opis": "K — gospodarska namjena, poslovna", "cad_sloj": "boja #ffbf7e", "list": "1. Koristenje i namjena", "plan": "UPU Bilice sjever", "izvor": "UPU Bilice sjever (split.hr), vektorizirano iz PDF-a"}}, {"type": "Feature", "geometry": {"type": "LineString", "coordinates": [[16.4861494, 43.5274219], [16.4861492, 43.5285415]]}, "properties": {"tema": "namjena-poslovna", "opis": "K — gospodarska namjena, poslovna", "cad_sloj": "boja #ffbf7e", "list": "1. Koristenje i namjena", "plan": "UPU Bilice sjever", "izvor": "UPU Bilice sjever (split.hr), vektorizirano iz PDF-a"}}, {"type": "Feature", "geometry": {"type": "LineString", "coordinates": [[16.4861588, 43.5265476], [16.4861586, 43.5273299]]}, "properties": {"tema": "namjena-poslovna", "opis": "K — gospodarska namjena, poslovna", "cad_sloj": "boja #ffbf7e", "list": "1. Koristenje i namjena", "plan": "UPU Bilice sjever", "izvor": "UPU Bilice sjever (split.hr), vektorizirano iz PDF-a"}}, {"type": "Feature", "geometry": {"type": "LineString", "coordinates": [[16.4861586, 43.527421], [16.4861583, 43.5285417]]}, "properties": {"tema": "namjena-poslovna", "opis": "K — gospodarska namjena, poslovna", "cad_sloj": "boja #ffbf7e", "list": "1. Koristenje i namjena", "plan": "UPU Bilice sjever", "izvor": "UPU Bilice sjever (split.hr), vektorizirano iz PDF-a"}}, {"type": "Feature", "geometry": {"type": "LineString", "coordinates": [[16.4861682, 43.5265443], [16.486168, 43.5273288]]}, "properties": {"tema": "namjena-poslovna", "opis": "K — gospodarska namjena, poslovna", "cad_sloj": "boja #ffbf7e", "list": "1. Koristenje i namjena", "plan": "UPU Bilice sjever", "izvor": "UPU Bilice sjever (split.hr), vektorizirano iz PDF-a"}}, {"type": "Feature", "geometry": {"type": "LineString", "coordinates": [[16.486168, 43.5274198], [16.4861678, 43.5285419]]}, "properties": {"tema": "namjena-poslovna", "opis": "K — gospodarska namjena, poslovna", "cad_sloj": "boja #ffbf7e", "list": "1. Koristenje i namjena", "plan": "UPU Bilice sjever", "izvor": "UPU Bilice sjever (split.hr), vektorizirano iz PDF-a"}}, {"type": "Feature", "geometry": {"type": "LineString", "coordinates": [[16.4861774, 43.5265413], [16.4861772, 43.5273278]]}, "properties": {"tema": "namjena-poslovna", "opis": "K — gospodarska namjena, poslovna", "cad_sloj": "boja #ffbf7e", "list": "1. Koristenje i namjena", "plan": "UPU Bilice sjever", "izvor": "UPU Bilice sjever (split.hr), vektorizirano iz PDF-a"}}, {"type": "Feature", "geometry": {"type": "LineString", "coordinates": [[16.4861772, 43.5274189], [16.4861769, 43.5285419]]}, "properties": {"tema": "namjena-poslovna", "opis": "K — gospodarska namjena, poslovna", "cad_sloj": "boja #ffbf7e", "list": "1. Koristenje i namjena", "plan": "UPU Bilice sjever", "izvor": "UPU Bilice sjever (split.hr), vektorizirano iz PDF-a"}}, {"type": "Feature", "geometry": {"type": "LineString", "coordinates": [[16.4861868, 43.5265383], [16.4861866, 43.5273267]]}, "properties": {"tema": "namjena-poslovna", "opis": "K — gospodarska namjena, poslovna", "cad_sloj": "boja #ffbf7e", "list": "1. Koristenje i namjena", "plan": "UPU Bilice sjever", "izvor": "UPU Bilice sjever (split.hr), vektorizirano iz PDF-a"}}, {"type": "Feature", "geometry": {"type": "LineString", "coordinates": [[16.4861866, 43.5274178], [16.4861863, 43.5285421]]}, "properties": {"tema": "namjena-poslovna", "opis": "K — gospodarska namjena, poslovna", "cad_sloj": "boja #ffbf7e", "list": "1. Koristenje i namjena", "plan": "UPU Bilice sjever", "izvor": "UPU Bilice sjever (split.hr), vektorizirano iz PDF-a"}}, {"type": "Feature", "geometry": {"type": "LineString", "coordinates": [[16.486196, 43.5265352], [16.4861958, 43.5273257]]}, "properties": {"tema": "namjena-poslovna", "opis": "K — gospodarska namjena, poslovna", "cad_sloj": "boja #ffbf7e", "list": "1. Koristenje i namjena", "plan": "UPU Bilice sjever", "izvor": "UPU Bilice sjever (split.hr), vektorizirano iz PDF-a"}}, {"type": "Feature", "geometry": {"type": "LineString", "coordinates": [[16.4861958, 43.5274168], [16.4861955, 43.5285423]]}, "properties": {"tema": "namjena-poslovna", "opis": "K — gospodarska namjena, poslovna", "cad_sloj": "boja #ffbf7e", "list": "1. Koristenje i namjena", "plan": "UPU Bilice sjever", "izvor": "UPU Bilice sjever (split.hr), vektorizirano iz PDF-a"}}, {"type": "Feature", "geometry": {"type": "LineString", "coordinates": [[16.4862054, 43.5265322], [16.4862052, 43.5273248]]}, "properties": {"tema": "namjena-poslovna", "opis": "K — gospodarska namjena, poslovna", "cad_sloj": "boja #ffbf7e", "list": "1. Koristenje i namjena", "plan": "UPU Bilice sjever", "izvor": "UPU Bilice sjever (split.hr), vektorizirano iz PDF-a"}}, {"type": "Feature", "geometry": {"type": "LineString", "coordinates": [[16.4862052, 43.5274158], [16.4862049, 43.5285425]]}, "properties": {"tema": "namjena-poslovna", "opis": "K — gospodarska namjena, poslovna", "cad_sloj": "boja #ffbf7e", "list": "1. Koristenje i namjena", "plan": "UPU Bilice sjever", "izvor": "UPU Bilice sjever (split.hr), vektorizirano iz PDF-a"}}, {"type": "Feature", "geometry": {"type": "LineString", "coordinates": [[16.4862146, 43.5265291], [16.4862144, 43.5273236]]}, "properties": {"tema": "namjena-poslovna", "opis": "K — gospodarska namjena, poslovna", "cad_sloj": "boja #ffbf7e", "list": "1. Koristenje i namjena", "plan": "UPU Bilice sjever", "izvor": "UPU Bilice sjever (split.hr), vektorizirano iz PDF-a"}}, {"type": "Feature", "geometry": {"type": "LineString", "coordinates": [[16.4862144, 43.5274147], [16.4862141, 43.5285425]]}, "properties": {"tema": "namjena-poslovna", "opis": "K — gospodarska namjena, poslovna", "cad_sloj": "boja #ffbf7e", "list": "1. Koristenje i namjena", "plan": "UPU Bilice sjever", "izvor": "UPU Bilice sjever (split.hr), vektorizirano iz PDF-a"}}, {"type": "Feature", "geometry": {"type": "LineString", "coordinates": [[16.4862237, 43.5265259], [16.4862235, 43.5273227]]}, "properties": {"tema": "namjena-poslovna", "opis": "K — gospodarska namjena, poslovna", "cad_sloj": "boja #ffbf7e", "list": "1. Koristenje i namjena", "plan": "UPU Bilice sjever", "izvor": "UPU Bilice sjever (split.hr), vektorizirano iz PDF-a"}}, {"type": "Feature", "geometry": {"type": "LineString", "coordinates": [[16.4862235, 43.5274138], [16.4862233, 43.5285427]]}, "properties": {"tema": "namjena-poslovna", "opis": "K — gospodarska namjena, poslovna", "cad_sloj": "boja #ffbf7e", "list": "1. Koristenje i namjena", "plan": "UPU Bilice sjever", "izvor": "UPU Bilice sjever (split.hr), vektorizirano iz PDF-a"}}, {"type": "Feature", "geometry": {"type": "LineString", "coordinates": [[16.4862332, 43.5265228], [16.486233, 43.5273215]]}, "properties": {"tema": "namjena-poslovna", "opis": "K — gospodarska namjena, poslovna", "cad_sloj": "boja #ffbf7e", "list": "1. Koristenje i namjena", "plan": "UPU Bilice sjever", "izvor": "UPU Bilice sjever (split.hr), vektorizirano iz PDF-a"}}, {"type": "Feature", "geometry": {"type": "LineString", "coordinates": [[16.4862329, 43.5274126], [16.4862327, 43.5285429]]}, "properties": {"tema": "namjena-poslovna", "opis": "K — gospodarska namjena, poslovna", "cad_sloj": "boja #ffbf7e", "list": "1. Koristenje i namjena", "plan": "UPU Bilice sjever", "izvor": "UPU Bilice sjever (split.hr), vektorizirano iz PDF-a"}}, {"type": "Feature", "geometry": {"type": "LineString", "coordinates": [[16.4862423, 43.5265198], [16.4862421, 43.5273206]]}, "properties": {"tema": "namjena-poslovna", "opis": "K — gospodarska namjena, poslovna", "cad_sloj": "boja #ffbf7e", "list": "1. Koristenje i namjena", "plan": "UPU Bilice sjever", "izvor": "UPU Bilice sjever (split.hr), vektorizirano iz PDF-a"}}, {"type": "Feature", "geometry": {"type": "LineString", "coordinates": [[16.4862421, 43.5274117], [16.4862419, 43.5285429]]}, "properties": {"tema": "namjena-poslovna", "opis": "K — gospodarska namjena, poslovna", "cad_sloj": "boja #ffbf7e", "list": "1. Koristenje i namjena", "plan": "UPU Bilice sjever", "izvor": "UPU Bilice sjever (split.hr), vektorizirano iz PDF-a"}}, {"type": "Feature", "geometry": {"type": "LineString", "coordinates": [[16.4862517, 43.5265167], [16.4862516, 43.5273194]]}, "properties": {"tema": "namjena-poslovna", "opis": "K — gospodarska namjena, poslovna", "cad_sloj": "boja #ffbf7e", "list": "1. Koristenje i namjena", "plan": "UPU Bilice sjever", "izvor": "UPU Bilice sjever (split.hr), vektorizirano iz PDF-a"}}, {"type": "Feature", "geometry": {"type": "LineString", "coordinates": [[16.4862515, 43.5274105], [16.4862513, 43.528543]]}, "properties": {"tema": "namjena-poslovna", "opis": "K — gospodarska namjena, poslovna", "cad_sloj": "boja #ffbf7e", "list": "1. Koristenje i namjena", "plan": "UPU Bilice sjever", "izvor": "UPU Bilice sjever (split.hr), vektorizirano iz PDF-a"}}, {"type": "Feature", "geometry": {"type": "LineString", "coordinates": [[16.4862609, 43.5265137], [16.4862607, 43.5273185]]}, "properties": {"tema": "namjena-poslovna", "opis": "K — gospodarska namjena, poslovna", "cad_sloj": "boja #ffbf7e", "list": "1. Koristenje i namjena", "plan": "UPU Bilice sjever", "izvor": "UPU Bilice sjever (split.hr), vektorizirano iz PDF-a"}}, {"type": "Feature", "geometry": {"type": "LineString", "coordinates": [[16.4862607, 43.5274096], [16.4862605, 43.5285432]]}, "properties": {"tema": "namjena-poslovna", "opis": "K — gospodarska namjena, poslovna", "cad_sloj": "boja #ffbf7e", "list": "1. Koristenje i namjena", "plan": "UPU Bilice sjever", "izvor": "UPU Bilice sjever (split.hr), vektorizirano iz PDF-a"}}, {"type": "Feature", "geometry": {"type": "LineString", "coordinates": [[16.4862703, 43.5265106], [16.4862702, 43.5273173]]}, "properties": {"tema": "namjena-poslovna", "opis": "K — gospodarska namjena, poslovna", "cad_sloj": "boja #ffbf7e", "list": "1. Koristenje i namjena", "plan": "UPU Bilice sjever", "izvor": "UPU Bilice sjever (split.hr), vektorizirano iz PDF-a"}}, {"type": "Feature", "geometry": {"type": "LineString", "coordinates": [[16.4862701, 43.5274084], [16.4862699, 43.5285434]]}, "properties": {"tema": "namjena-poslovna", "opis": "K — gospodarska namjena, poslovna", "cad_sloj": "boja #ffbf7e", "list": "1. Koristenje i namjena", "plan": "UPU Bilice sjever", "izvor": "UPU Bilice sjever (split.hr), vektorizirano iz PDF-a"}}, {"type": "Feature", "geometry": {"type": "LineString", "coordinates": [[16.4862795, 43.5265074], [16.4862793, 43.5273164]]}, "properties": {"tema": "namjena-poslovna", "opis": "K — gospodarska namjena, poslovna", "cad_sloj": "boja #ffbf7e", "list": "1. Koristenje i namjena", "plan": "UPU Bilice sjever", "izvor": "UPU Bilice sjever (split.hr), vektorizirano iz PDF-a"}}, {"type": "Feature", "geometry": {"type": "LineString", "coordinates": [[16.4862793, 43.5274075], [16.486279, 43.5285434]]}, "properties": {"tema": "namjena-poslovna", "opis": "K — gospodarska namjena, poslovna", "cad_sloj": "boja #ffbf7e", "list": "1. Koristenje i namjena", "plan": "UPU Bilice sjever", "izvor": "UPU Bilice sjever (split.hr), vektorizirano iz PDF-a"}}, {"type": "Feature", "geometry": {"type": "LineString", "coordinates": [[16.4862887, 43.5265043], [16.4862885, 43.5273153]]}, "properties": {"tema": "namjena-poslovna", "opis": "K — gospodarska namjena, poslovna", "cad_sloj": "boja #ffbf7e", "list": "1. Koristenje i namjena", "plan": "UPU Bilice sjever", "izvor": "UPU Bilice sjever (split.hr), vektorizirano iz PDF-a"}}, {"type": "Feature", "geometry": {"type": "LineString", "coordinates": [[16.4862885, 43.5274063], [16.4862882, 43.5285436]]}, "properties": {"tema": "namjena-poslovna", "opis": "K — gospodarska namjena, poslovna", "cad_sloj": "boja #ffbf7e", "list": "1. Koristenje i namjena", "plan": "UPU Bilice sjever", "izvor": "UPU Bilice sjever (split.hr), vektorizirano iz PDF-a"}}, {"type": "Feature", "geometry": {"type": "LineString", "coordinates": [[16.4862981, 43.5265013], [16.4862979, 43.5273143]]}, "properties": {"tema": "namjena-poslovna", "opis": "K — gospodarska namjena, poslovna", "cad_sloj": "boja #ffbf7e", "list": "1. Koristenje i namjena", "plan": "UPU Bilice sjever", "izvor": "UPU Bilice sjever (split.hr), vektorizirano iz PDF-a"}}, {"type": "Feature", "geometry": {"type": "LineString", "coordinates": [[16.4862979, 43.5274054], [16.4862976, 43.5285438]]}, "properties": {"tema": "namjena-poslovna", "opis": "K — gospodarska namjena, poslovna", "cad_sloj": "boja #ffbf7e", "list": "1. Koristenje i namjena", "plan": "UPU Bilice sjever", "izvor": "UPU Bilice sjever (split.hr), vektorizirano iz PDF-a"}}, {"type": "Feature", "geometry": {"type": "LineString", "coordinates": [[16.4863073, 43.5264982], [16.4863071, 43.5273133]]}, "properties": {"tema": "namjena-poslovna", "opis": "K — gospodarska namjena, poslovna", "cad_sloj": "boja #ffbf7e", "list": "1. Koristenje i namjena", "plan": "UPU Bilice sjever", "izvor": "UPU Bilice sjever (split.hr), vektorizirano iz PDF-a"}}, {"type": "Feature", "geometry": {"type": "LineString", "coordinates": [[16.4863071, 43.5274044], [16.4863068, 43.528544]]}, "properties": {"tema": "namjena-poslovna", "opis": "K — gospodarska namjena, poslovna", "cad_sloj": "boja #ffbf7e", "list": "1. Koristenje i namjena", "plan": "UPU Bilice sjever", "izvor": "UPU Bilice sjever (split.hr), vektorizirano iz PDF-a"}}, {"type": "Feature", "geometry": {"type": "LineString", "coordinates": [[16.4863167, 43.5264952], [16.4863165, 43.5273122]]}, "properties": {"tema": "namjena-poslovna", "opis": "K — gospodarska namjena, poslovna", "cad_sloj": "boja #ffbf7e", "list": "1. Koristenje i namjena", "plan": "UPU Bilice sjever", "izvor": "UPU Bilice sjever (split.hr), vektorizirano iz PDF-a"}}, {"type": "Feature", "geometry": {"type": "LineString", "coordinates": [[16.4863165, 43.5274033], [16.4863162, 43.528544]]}, "properties": {"tema": "namjena-poslovna", "opis": "K — gospodarska namjena, poslovna", "cad_sloj": "boja #ffbf7e", "list": "1. Koristenje i namjena", "plan": "UPU Bilice sjever", "izvor": "UPU Bilice sjever (split.hr), vektorizirano iz PDF-a"}}, {"type": "Feature", "geometry": {"type": "LineString", "coordinates": [[16.4863259, 43.5264922], [16.4863257, 43.5273113]]}, "properties": {"tema": "namjena-poslovna", "opis": "K — gospodarska namjena, poslovna", "cad_sloj": "boja #ffbf7e", "list": "1. Koristenje i namjena", "plan": "UPU Bilice sjever", "izvor": "UPU Bilice sjever (split.hr), vektorizirano iz PDF-a"}}, {"type": "Feature", "geometry": {"type": "LineString", "coordinates": [[16.4863257, 43.5274023], [16.4863254, 43.5285442]]}, "properties": {"tema": "namjena-poslovna", "opis": "K — gospodarska namjena, poslovna", "cad_sloj": "boja #ffbf7e", "list": "1. Koristenje i namjena", "plan": "UPU Bilice sjever", "izvor": "UPU Bilice sjever (split.hr), vektorizirano iz PDF-a"}}, {"type": "Feature", "geometry": {"type": "LineString", "coordinates": [[16.4863353, 43.5264891], [16.4863351, 43.5273101]]}, "properties": {"tema": "namjena-poslovna", "opis": "K — gospodarska namjena, poslovna", "cad_sloj": "boja #ffbf7e", "list": "1. Koristenje i namjena", "plan": "UPU Bilice sjever", "izvor": "UPU Bilice sjever (split.hr), vektorizirano iz PDF-a"}}, {"type": "Feature", "geometry": {"type": "LineString", "coordinates": [[16.4863351, 43.5274012], [16.4863348, 43.5285444]]}, "properties": {"tema": "namjena-poslovna", "opis": "K — gospodarska namjena, poslovna", "cad_sloj": "boja #ffbf7e", "list": "1. Koristenje i namjena", "plan": "UPU Bilice sjever", "izvor": "UPU Bilice sjever (split.hr), vektorizirano iz PDF-a"}}, {"type": "Feature", "geometry": {"type": "LineString", "coordinates": [[16.4863444, 43.5264859], [16.4863443, 43.5273092]]}, "properties": {"tema": "namjena-poslovna", "opis": "K — gospodarska namjena, poslovna", "cad_sloj": "boja #ffbf7e", "list": "1. Koristenje i namjena", "plan": "UPU Bilice sjever", "izvor": "UPU Bilice sjever (split.hr), vektorizirano iz PDF-a"}}, {"type": "Feature", "geometry": {"type": "LineString", "coordinates": [[16.4863442, 43.5274002], [16.486344, 43.5285444]]}, "properties": {"tema": "namjena-poslovna", "opis": "K — gospodarska namjena, poslovna", "cad_sloj": "boja #ffbf7e", "list": "1. Koristenje i namjena", "plan": "UPU Bilice sjever", "izvor": "UPU Bilice sjever (split.hr), vektorizirano iz PDF-a"}}, {"type": "Feature", "geometry": {"type": "LineString", "coordinates": [[16.4863536, 43.5264828], [16.4863534, 43.527308]]}, "properties": {"tema": "namjena-poslovna", "opis": "K — gospodarska namjena, poslovna", "cad_sloj": "boja #ffbf7e", "list": "1. Koristenje i namjena", "plan": "UPU Bilice sjever", "izvor": "UPU Bilice sjever (split.hr), vektorizirano iz PDF-a"}}, {"type": "Feature", "geometry": {"type": "LineString", "coordinates": [[16.4863534, 43.5273991], [16.4863532, 43.5285446]]}, "properties": {"tema": "namjena-poslovna", "opis": "K — gospodarska namjena, poslovna", "cad_sloj": "boja #ffbf7e", "list": "1. Koristenje i namjena", "plan": "UPU Bilice sjever", "izvor": "UPU Bilice sjever (split.hr), vektorizirano iz PDF-a"}}, {"type": "Feature", "geometry": {"type": "LineString", "coordinates": [[16.486363, 43.5264798], [16.4863629, 43.5273071]]}, "properties": {"tema": "namjena-poslovna", "opis": "K — gospodarska namjena, poslovna", "cad_sloj": "boja #ffbf7e", "list": "1. Koristenje i namjena", "plan": "UPU Bilice sjever", "izvor": "UPU Bilice sjever (split.hr), vektorizirano iz PDF-a"}}, {"type": "Feature", "geometry": {"type": "LineString", "coordinates": [[16.4863628, 43.5273981], [16.4863626, 43.5285448]]}, "properties": {"tema": "namjena-poslovna", "opis": "K — gospodarska namjena, poslovna", "cad_sloj": "boja #ffbf7e", "list": "1. Koristenje i namjena", "plan": "UPU Bilice sjever", "izvor": "UPU Bilice sjever (split.hr), vektorizirano iz PDF-a"}}, {"type": "Feature", "geometry": {"type": "LineString", "coordinates": [[16.4863722, 43.5264767], [16.486372, 43.5273059]]}, "properties": {"tema": "namjena-poslovna", "opis": "K — gospodarska namjena, poslovna", "cad_sloj": "boja #ffbf7e", "list": "1. Koristenje i namjena", "plan": "UPU Bilice sjever", "izvor": "UPU Bilice sjever (split.hr), vektorizirano iz PDF-a"}}, {"type": "Feature", "geometry": {"type": "LineString", "coordinates": [[16.486372, 43.527397], [16.4863717, 43.528545]]}, "properties": {"tema": "namjena-poslovna", "opis": "K — gospodarska namjena, poslovna", "cad_sloj": "boja #ffbf7e", "list": "1. Koristenje i namjena", "plan": "UPU Bilice sjever", "izvor": "UPU Bilice sjever (split.hr), vektorizirano iz PDF-a"}}, {"type": "Feature", "geometry": {"type": "LineString", "coordinates": [[16.4863816, 43.5264737], [16.4863814, 43.527305]]}, "properties": {"tema": "namjena-poslovna", "opis": "K — gospodarska namjena, poslovna", "cad_sloj": "boja #ffbf7e", "list": "1. Koristenje i namjena", "plan": "UPU Bilice sjever", "izvor": "UPU Bilice sjever (split.hr), vektorizirano iz PDF-a"}}, {"type": "Feature", "geometry": {"type": "LineString", "coordinates": [[16.4863814, 43.5273961], [16.4863812, 43.528545]]}, "properties": {"tema": "namjena-poslovna", "opis": "K — gospodarska namjena, poslovna", "cad_sloj": "boja #ffbf7e", "list": "1. Koristenje i namjena", "plan": "UPU Bilice sjever", "izvor": "UPU Bilice sjever (split.hr), vektorizirano iz PDF-a"}}, {"type": "Feature", "geometry": {"type": "LineString", "coordinates": [[16.4863908, 43.5264706], [16.4863906, 43.5273038]]}, "properties": {"tema": "namjena-poslovna", "opis": "K — gospodarska namjena, poslovna", "cad_sloj": "boja #ffbf7e", "list": "1. Koristenje i namjena", "plan": "UPU Bilice sjever", "izvor": "UPU Bilice sjever (split.hr), vektorizirano iz PDF-a"}}, {"type": "Feature", "geometry": {"type": "LineString", "coordinates": [[16.4863906, 43.5273949], [16.4863903, 43.5285452]]}, "properties": {"tema": "namjena-poslovna", "opis": "K — gospodarska namjena, poslovna", "cad_sloj": "boja #ffbf7e", "list": "1. Koristenje i namjena", "plan": "UPU Bilice sjever", "izvor": "UPU Bilice sjever (split.hr), vektorizirano iz PDF-a"}}, {"type": "Feature", "geometry": {"type": "LineString", "coordinates": [[16.4864002, 43.5264674], [16.4864, 43.5273029]]}, "properties": {"tema": "namjena-poslovna", "opis": "K — gospodarska namjena, poslovna", "cad_sloj": "boja #ffbf7e", "list": "1. Koristenje i namjena", "plan": "UPU Bilice sjever", "izvor": "UPU Bilice sjever (split.hr), vektorizirano iz PDF-a"}}, {"type": "Feature", "geometry": {"type": "LineString", "coordinates": [[16.4864, 43.527394], [16.4863998, 43.5285454]]}, "properties": {"tema": "namjena-poslovna", "opis": "K — gospodarska namjena, poslovna", "cad_sloj": "boja #ffbf7e", "list": "1. Koristenje i namjena", "plan": "UPU Bilice sjever", "izvor": "UPU Bilice sjever (split.hr), vektorizirano iz PDF-a"}}, {"type": "Feature", "geometry": {"type": "LineString", "coordinates": [[16.4864094, 43.5264643], [16.4864092, 43.5273019]]}, "properties": {"tema": "namjena-poslovna", "opis": "K — gospodarska namjena, poslovna", "cad_sloj": "boja #ffbf7e", "list": "1. Koristenje i namjena", "plan": "UPU Bilice sjever", "izvor": "UPU Bilice sjever (split.hr), vektorizirano iz PDF-a"}}, {"type": "Feature", "geometry": {"type": "LineString", "coordinates": [[16.4864092, 43.527393], [16.4864089, 43.5285454]]}, "properties": {"tema": "namjena-poslovna", "opis": "K — gospodarska namjena, poslovna", "cad_sloj": "boja #ffbf7e", "list": "1. Koristenje i namjena", "plan": "UPU Bilice sjever", "izvor": "UPU Bilice sjever (split.hr), vektorizirano iz PDF-a"}}, {"type": "Feature", "geometry": {"type": "LineString", "coordinates": [[16.4864186, 43.5264613], [16.4864184, 43.5273008]]}, "properties": {"tema": "namjena-poslovna", "opis": "K — gospodarska namjena, poslovna", "cad_sloj": "boja #ffbf7e", "list": "1. Koristenje i namjena", "plan": "UPU Bilice sjever", "izvor": "UPU Bilice sjever (split.hr), vektorizirano iz PDF-a"}}, {"type": "Feature", "geometry": {"type": "LineString", "coordinates": [[16.4864184, 43.5273919], [16.4864181, 43.5285455]]}, "properties": {"tema": "namjena-poslovna", "opis": "K — gospodarska namjena, poslovna", "cad_sloj": "boja #ffbf7e", "list": "1. Koristenje i namjena", "plan": "UPU Bilice sjever", "izvor": "UPU Bilice sjever (split.hr), vektorizirano iz PDF-a"}}, {"type": "Feature", "geometry": {"type": "LineString", "coordinates": [[16.486428, 43.5264583], [16.4864278, 43.5272998]]}, "properties": {"tema": "namjena-poslovna", "opis": "K — gospodarska namjena, poslovna", "cad_sloj": "boja #ffbf7e", "list": "1. Koristenje i namjena", "plan": "UPU Bilice sjever", "izvor": "UPU Bilice sjever (split.hr), vektorizirano iz PDF-a"}}, {"type": "Feature", "geometry": {"type": "LineString", "coordinates": [[16.4864278, 43.5273909], [16.4864275, 43.5285457]]}, "properties": {"tema": "namjena-poslovna", "opis": "K — gospodarska namjena, poslovna", "cad_sloj": "boja #ffbf7e", "list": "1. Koristenje i namjena", "plan": "UPU Bilice sjever", "izvor": "UPU Bilice sjever (split.hr), vektorizirano iz PDF-a"}}, {"type": "Feature", "geometry": {"type": "LineString", "coordinates": [[16.4864372, 43.5264552], [16.486437, 43.5272987]]}, "properties": {"tema": "namjena-poslovna", "opis": "K — gospodarska namjena, poslovna", "cad_sloj": "boja #ffbf7e", "list": "1. Koristenje i namjena", "plan": "UPU Bilice sjever", "izvor": "UPU Bilice sjever (split.hr), vektorizirano iz PDF-a"}}, {"type": "Feature", "geometry": {"type": "LineString", "coordinates": [[16.4864369, 43.5273898], [16.4864367, 43.5285459]]}, "properties": {"tema": "namjena-poslovna", "opis": "K — gospodarska namjena, poslovna", "cad_sloj": "boja #ffbf7e", "list": "1. Koristenje i namjena", "plan": "UPU Bilice sjever", "izvor": "UPU Bilice sjever (split.hr), vektorizirano iz PDF-a"}}, {"type": "Feature", "geometry": {"type": "LineString", "coordinates": [[16.4864466, 43.5264522], [16.4864464, 43.5272977]]}, "properties": {"tema": "namjena-poslovna", "opis": "K — gospodarska namjena, poslovna", "cad_sloj": "boja #ffbf7e", "list": "1. Koristenje i namjena", "plan": "UPU Bilice sjever", "izvor": "UPU Bilice sjever (split.hr), vektorizirano iz PDF-a"}}, {"type": "Feature", "geometry": {"type": "LineString", "coordinates": [[16.4864464, 43.5273888], [16.4864461, 43.5285459]]}, "properties": {"tema": "namjena-poslovna", "opis": "K — gospodarska namjena, poslovna", "cad_sloj": "boja #ffbf7e", "list": "1. Koristenje i namjena", "plan": "UPU Bilice sjever", "izvor": "UPU Bilice sjever (split.hr), vektorizirano iz PDF-a"}}, {"type": "Feature", "geometry": {"type": "LineString", "coordinates": [[16.4864557, 43.5264489], [16.4864556, 43.5272966]]}, "properties": {"tema": "namjena-poslovna", "opis": "K — gospodarska namjena, poslovna", "cad_sloj": "boja #ffbf7e", "list": "1. Koristenje i namjena", "plan": "UPU Bilice sjever", "izvor": "UPU Bilice sjever (split.hr), vektorizirano iz PDF-a"}}, {"type": "Feature", "geometry": {"type": "LineString", "coordinates": [[16.4864555, 43.5273877], [16.4864553, 43.5285461]]}, "properties": {"tema": "namjena-poslovna", "opis": "K — gospodarska namjena, poslovna", "cad_sloj": "boja #ffbf7e", "list": "1. Koristenje i namjena", "plan": "UPU Bilice sjever", "izvor": "UPU Bilice sjever (split.hr), vektorizirano iz PDF-a"}}, {"type": "Feature", "geometry": {"type": "LineString", "coordinates": [[16.4864652, 43.5264459], [16.486465, 43.5272957]]}, "properties": {"tema": "namjena-poslovna", "opis": "K — gospodarska namjena, poslovna", "cad_sloj": "boja #ffbf7e", "list": "1. Koristenje i namjena", "plan": "UPU Bilice sjever", "izvor": "UPU Bilice sjever (split.hr), vektorizirano iz PDF-a"}}, {"type": "Feature", "geometry": {"type": "LineString", "coordinates": [[16.486465, 43.5273867], [16.4864647, 43.5285463]]}, "properties": {"tema": "namjena-poslovna", "opis": "K — gospodarska namjena, poslovna", "cad_sloj": "boja #ffbf7e", "list": "1. Koristenje i namjena", "plan": "UPU Bilice sjever", "izvor": "UPU Bilice sjever (split.hr), vektorizirano iz PDF-a"}}, {"type": "Feature", "geometry": {"type": "LineString", "coordinates": [[16.4864743, 43.5264428], [16.4864741, 43.5272945]]}, "properties": {"tema": "namjena-poslovna", "opis": "K — gospodarska namjena, poslovna", "cad_sloj": "boja #ffbf7e", "list": "1. Koristenje i namjena", "plan": "UPU Bilice sjever", "izvor": "UPU Bilice sjever (split.hr), vektorizirano iz PDF-a"}}, {"type": "Feature", "geometry": {"type": "LineString", "coordinates": [[16.4864741, 43.5273856], [16.4864739, 43.5285463]]}, "properties": {"tema": "namjena-poslovna", "opis": "K — gospodarska namjena, poslovna", "cad_sloj": "boja #ffbf7e", "list": "1. Koristenje i namjena", "plan": "UPU Bilice sjever", "izvor": "UPU Bilice sjever (split.hr), vektorizirano iz PDF-a"}}, {"type": "Feature", "geometry": {"type": "LineString", "coordinates": [[16.4864838, 43.5264398], [16.4864836, 43.5272936]]}, "properties": {"tema": "namjena-poslovna", "opis": "K — gospodarska namjena, poslovna", "cad_sloj": "boja #ffbf7e", "list": "1. Koristenje i namjena", "plan": "UPU Bilice sjever", "izvor": "UPU Bilice sjever (split.hr), vektorizirano iz PDF-a"}}, {"type": "Feature", "geometry": {"type": "LineString", "coordinates": [[16.4864836, 43.5273846], [16.4864833, 43.5285465]]}, "properties": {"tema": "namjena-poslovna", "opis": "K — gospodarska namjena, poslovna", "cad_sloj": "boja #ffbf7e", "list": "1. Koristenje i namjena", "plan": "UPU Bilice sjever", "izvor": "UPU Bilice sjever (split.hr), vektorizirano iz PDF-a"}}, {"type": "Feature", "geometry": {"type": "LineString", "coordinates": [[16.4864929, 43.5264367], [16.4864927, 43.5272924]]}, "properties": {"tema": "namjena-poslovna", "opis": "K — gospodarska namjena, poslovna", "cad_sloj": "boja #ffbf7e", "list": "1. Koristenje i namjena", "plan": "UPU Bilice sjever", "izvor": "UPU Bilice sjever (split.hr), vektorizirano iz PDF-a"}}, {"type": "Feature", "geometry": {"type": "LineString", "coordinates": [[16.4864927, 43.5273835], [16.4864925, 43.5285467]]}, "properties": {"tema": "namjena-poslovna", "opis": "K — gospodarska namjena, poslovna", "cad_sloj": "boja #ffbf7e", "list": "1. Koristenje i namjena", "plan": "UPU Bilice sjever", "izvor": "UPU Bilice sjever (split.hr), vektorizirano iz PDF-a"}}, {"type": "Feature", "geometry": {"type": "LineString", "coordinates": [[16.4865021, 43.5264337], [16.4865019, 43.5272915]]}, "properties": {"tema": "namjena-poslovna", "opis": "K — gospodarska namjena, poslovna", "cad_sloj": "boja #ffbf7e", "list": "1. Koristenje i namjena", "plan": "UPU Bilice sjever", "izvor": "UPU Bilice sjever (split.hr), vektorizirano iz PDF-a"}}, {"type": "Feature", "geometry": {"type": "LineString", "coordinates": [[16.4865019, 43.5273825], [16.4865016, 43.5285469]]}, "properties": {"tema": "namjena-poslovna", "opis": "K — gospodarska namjena, poslovna", "cad_sloj": "boja #ffbf7e", "list": "1. Koristenje i namjena", "plan": "UPU Bilice sjever", "izvor": "UPU Bilice sjever (split.hr), vektorizirano iz PDF-a"}}, {"type": "Feature", "geometry": {"type": "LineString", "coordinates": [[16.4865115, 43.5264304], [16.4865113, 43.5272905]]}, "properties": {"tema": "namjena-poslovna", "opis": "K — gospodarska namjena, poslovna", "cad_sloj": "boja #ffbf7e", "list": "1. Koristenje i namjena", "plan": "UPU Bilice sjever", "izvor": "UPU Bilice sjever (split.hr), vektorizirano iz PDF-a"}}, {"type": "Feature", "geometry": {"type": "LineString", "coordinates": [[16.4865113, 43.5273816], [16.4865111, 43.5285425]]}, "properties": {"tema": "namjena-poslovna", "opis": "K — gospodarska namjena, poslovna", "cad_sloj": "boja #ffbf7e", "list": "1. Koristenje i namjena", "plan": "UPU Bilice sjever", "izvor": "UPU Bilice sjever (split.hr), vektorizirano iz PDF-a"}}, {"type": "Feature", "geometry": {"type": "LineString", "coordinates": [[16.4865207, 43.5264274], [16.4865205, 43.5272894]]}, "properties": {"tema": "namjena-poslovna", "opis": "K — gospodarska namjena, poslovna", "cad_sloj": "boja #ffbf7e", "list": "1. Koristenje i namjena", "plan": "UPU Bilice sjever", "izvor": "UPU Bilice sjever (split.hr), vektorizirano iz PDF-a"}}, {"type": "Feature", "geometry": {"type": "LineString", "coordinates": [[16.4865205, 43.5273804], [16.4865202, 43.5285355]]}, "properties": {"tema": "namjena-poslovna", "opis": "K — gospodarska namjena, poslovna", "cad_sloj": "boja #ffbf7e", "list": "1. Koristenje i namjena", "plan": "UPU Bilice sjever", "izvor": "UPU Bilice sjever (split.hr), vektorizirano iz PDF-a"}}, {"type": "Feature", "geometry": {"type": "LineString", "coordinates": [[16.4865301, 43.5264243], [16.4865299, 43.5272884]]}, "properties": {"tema": "namjena-poslovna", "opis": "K — gospodarska namjena, poslovna", "cad_sloj": "boja #ffbf7e", "list": "1. Koristenje i namjena", "plan": "UPU Bilice sjever", "izvor": "UPU Bilice sjever (split.hr), vektorizirano iz PDF-a"}}, {"type": "Feature", "geometry": {"type": "LineString", "coordinates": [[16.4865299, 43.5273795], [16.4865297, 43.5285263]]}, "properties": {"tema": "namjena-poslovna", "opis": "K — gospodarska namjena, poslovna", "cad_sloj": "boja #ffbf7e", "list": "1. Koristenje i namjena", "plan": "UPU Bilice sjever", "izvor": "UPU Bilice sjever (split.hr), vektorizirano iz PDF-a"}}, {"type": "Feature", "geometry": {"type": "LineString", "coordinates": [[16.4865393, 43.5264213], [16.4865391, 43.5272873]]}, "properties": {"tema": "namjena-poslovna", "opis": "K — gospodarska namjena, poslovna", "cad_sloj": "boja #ffbf7e", "list": "1. Koristenje i namjena", "plan": "UPU Bilice sjever", "izvor": "UPU Bilice sjever (split.hr), vektorizirano iz PDF-a"}}, {"type": "Feature", "geometry": {"type": "LineString", "coordinates": [[16.4865391, 43.5273784], [16.4865388, 43.5285132]]}, "properties": {"tema": "namjena-poslovna", "opis": "K — gospodarska namjena, poslovna", "cad_sloj": "boja #ffbf7e", "list": "1. Koristenje i namjena", "plan": "UPU Bilice sjever", "izvor": "UPU Bilice sjever (split.hr), vektorizirano iz PDF-a"}}, {"type": "Feature", "geometry": {"type": "LineString", "coordinates": [[16.4865487, 43.5264183], [16.4865485, 43.5272863]]}, "properties": {"tema": "namjena-poslovna", "opis": "K — gospodarska namjena, poslovna", "cad_sloj": "boja #ffbf7e", "list": "1. Koristenje i namjena", "plan": "UPU Bilice sjever", "izvor": "UPU Bilice sjever (split.hr), vektorizirano iz PDF-a"}}, {"type": "Feature", "geometry": {"type": "LineString", "coordinates": [[16.4865485, 43.5273774], [16.4865483, 43.5284669]]}, "properties": {"tema": "namjena-poslovna", "opis": "K — gospodarska namjena, poslovna", "cad_sloj": "boja #ffbf7e", "list": "1. Koristenje i namjena", "plan": "UPU Bilice sjever", "izvor": "UPU Bilice sjever (split.hr), vektorizirano iz PDF-a"}}, {"type": "Feature", "geometry": {"type": "LineString", "coordinates": [[16.4865579, 43.5264152], [16.4865577, 43.5272852]]}, "properties": {"tema": "namjena-poslovna", "opis": "K — gospodarska namjena, poslovna", "cad_sloj": "boja #ffbf7e", "list": "1. Koristenje i namjena", "plan": "UPU Bilice sjever", "izvor": "UPU Bilice sjever (split.hr), vektorizirano iz PDF-a"}}, {"type": "Feature", "geometry": {"type": "LineString", "coordinates": [[16.4865577, 43.5273763], [16.4865574, 43.5284671]]}, "properties": {"tema": "namjena-poslovna", "opis": "K — gospodarska namjena, poslovna", "cad_sloj": "boja #ffbf7e", "list": "1. Koristenje i namjena", "plan": "UPU Bilice sjever", "izvor": "UPU Bilice sjever (split.hr), vektorizirano iz PDF-a"}}, {"type": "Feature", "geometry": {"type": "LineString", "coordinates": [[16.486567, 43.526412], [16.4865668, 43.5272842]]}, "properties": {"tema": "namjena-poslovna", "opis": "K — gospodarska namjena, poslovna", "cad_sloj": "boja #ffbf7e", "list": "1. Koristenje i namjena", "plan": "UPU Bilice sjever", "izvor": "UPU Bilice sjever (split.hr), vektorizirano iz PDF-a"}}, {"type": "Feature", "geometry": {"type": "LineString", "coordinates": [[16.4865668, 43.5273753], [16.4865666, 43.5284672]]}, "properties": {"tema": "namjena-poslovna", "opis": "K — gospodarska namjena, poslovna", "cad_sloj": "boja #ffbf7e", "list": "1. Koristenje i namjena", "plan": "UPU Bilice sjever", "izvor": "UPU Bilice sjever (split.hr), vektorizirano iz PDF-a"}}, {"type": "Feature", "geometry": {"type": "LineString", "coordinates": [[16.4865765, 43.5264089], [16.4865763, 43.5272831]]}, "properties": {"tema": "namjena-poslovna", "opis": "K — gospodarska namjena, poslovna", "cad_sloj": "boja #ffbf7e", "list": "1. Koristenje i namjena", "plan": "UPU Bilice sjever", "izvor": "UPU Bilice sjever (split.hr), vektorizirano iz PDF-a"}}, {"type": "Feature", "geometry": {"type": "LineString", "coordinates": [[16.4865763, 43.5273742], [16.486576, 43.5284674]]}, "properties": {"tema": "namjena-poslovna", "opis": "K — gospodarska namjena, poslovna", "cad_sloj": "boja #ffbf7e", "list": "1. Koristenje i namjena", "plan": "UPU Bilice sjever", "izvor": "UPU Bilice sjever (split.hr), vektorizirano iz PDF-a"}}, {"type": "Feature", "geometry": {"type": "LineString", "coordinates": [[16.4865856, 43.5264059], [16.4865854, 43.5272821]]}, "properties": {"tema": "namjena-poslovna", "opis": "K — gospodarska namjena, poslovna", "cad_sloj": "boja #ffbf7e", "list": "1. Koristenje i namjena", "plan": "UPU Bilice sjever", "izvor": "UPU Bilice sjever (split.hr), vektorizirano iz PDF-a"}}, {"type": "Feature", "geometry": {"type": "LineString", "coordinates": [[16.4865854, 43.5273732], [16.4865852, 43.5284674]]}, "properties": {"tema": "namjena-poslovna", "opis": "K — gospodarska namjena, poslovna", "cad_sloj": "boja #ffbf7e", "list": "1. Koristenje i namjena", "plan": "UPU Bilice sjever", "izvor": "UPU Bilice sjever (split.hr), vektorizirano iz PDF-a"}}, {"type": "Feature", "geometry": {"type": "LineString", "coordinates": [[16.4865951, 43.5264028], [16.4865949, 43.527281]]}, "properties": {"tema": "namjena-poslovna", "opis": "K — gospodarska namjena, poslovna", "cad_sloj": "boja #ffbf7e", "list": "1. Koristenje i namjena", "plan": "UPU Bilice sjever", "izvor": "UPU Bilice sjever (split.hr), vektorizirano iz PDF-a"}}, {"type": "Feature", "geometry": {"type": "LineString", "coordinates": [[16.4865948, 43.5273721], [16.4865946, 43.5284676]]}, "properties": {"tema": "namjena-poslovna", "opis": "K — gospodarska namjena, poslovna", "cad_sloj": "boja #ffbf7e", "list": "1. Koristenje i namjena", "plan": "UPU Bilice sjever", "izvor": "UPU Bilice sjever (split.hr), vektorizirano iz PDF-a"}}, {"type": "Feature", "geometry": {"type": "LineString", "coordinates": [[16.4866042, 43.5263998], [16.486604, 43.52728]]}, "properties": {"tema": "namjena-poslovna", "opis": "K — gospodarska namjena, poslovna", "cad_sloj": "boja #ffbf7e", "list": "1. Koristenje i namjena", "plan": "UPU Bilice sjever", "izvor": "UPU Bilice sjever (split.hr), vektorizirano iz PDF-a"}}, {"type": "Feature", "geometry": {"type": "LineString", "coordinates": [[16.486604, 43.5273711], [16.4866038, 43.5284678]]}, "properties": {"tema": "namjena-poslovna", "opis": "K — gospodarska namjena, poslovna", "cad_sloj": "boja #ffbf7e", "list": "1. Koristenje i namjena", "plan": "UPU Bilice sjever", "izvor": "UPU Bilice sjever (split.hr), vektorizirano iz PDF-a"}}, {"type": "Feature", "geometry": {"type": "LineString", "coordinates": [[16.4866137, 43.5263967], [16.4866135, 43.5272789]]}, "properties": {"tema": "namjena-poslovna", "opis": "K — gospodarska namjena, poslovna", "cad_sloj": "boja #ffbf7e", "list": "1. Koristenje i namjena", "plan": "UPU Bilice sjever", "izvor": "UPU Bilice sjever (split.hr), vektorizirano iz PDF-a"}}, {"type": "Feature", "geometry": {"type": "LineString", "coordinates": [[16.4866134, 43.52737], [16.4866132, 43.528468]]}, "properties": {"tema": "namjena-poslovna", "opis": "K — gospodarska namjena, poslovna", "cad_sloj": "boja #ffbf7e", "list": "1. Koristenje i namjena", "plan": "UPU Bilice sjever", "izvor": "UPU Bilice sjever (split.hr), vektorizirano iz PDF-a"}}, {"type": "Feature", "geometry": {"type": "LineString", "coordinates": [[16.4866228, 43.5263935], [16.4866226, 43.5272779]]}, "properties": {"tema": "namjena-poslovna", "opis": "K — gospodarska namjena, poslovna", "cad_sloj": "boja #ffbf7e", "list": "1. Koristenje i namjena", "plan": "UPU Bilice sjever", "izvor": "UPU Bilice sjever (split.hr), vektorizirano iz PDF-a"}}, {"type": "Feature", "geometry": {"type": "LineString", "coordinates": [[16.4866226, 43.527369], [16.4866224, 43.5282102]]}, "properties": {"tema": "namjena-poslovna", "opis": "K — gospodarska namjena, poslovna", "cad_sloj": "boja #ffbf7e", "list": "1. Koristenje i namjena", "plan": "UPU Bilice sjever", "izvor": "UPU Bilice sjever (split.hr), vektorizirano iz PDF-a"}}, {"type": "Feature", "geometry": {"type": "LineString", "coordinates": [[16.486632, 43.5263904], [16.4866318, 43.527277]]}, "properties": {"tema": "namjena-poslovna", "opis": "K — gospodarska namjena, poslovna", "cad_sloj": "boja #ffbf7e", "list": "1. Koristenje i namjena", "plan": "UPU Bilice sjever", "izvor": "UPU Bilice sjever (split.hr), vektorizirano iz PDF-a"}}, {"type": "Feature", "geometry": {"type": "LineString", "coordinates": [[16.4866318, 43.5273681], [16.4866316, 43.5280414]]}, "properties": {"tema": "namjena-poslovna", "opis": "K — gospodarska namjena, poslovna", "cad_sloj": "boja #ffbf7e", "list": "1. Koristenje i namjena", "plan": "UPU Bilice sjever", "izvor": "UPU Bilice sjever (split.hr), vektorizirano iz PDF-a"}}, {"type": "Feature", "geometry": {"type": "LineString", "coordinates": [[16.4866414, 43.5263874], [16.4866412, 43.5272759]]}, "properties": {"tema": "namjena-poslovna", "opis": "K — gospodarska namjena, poslovna", "cad_sloj": "boja #ffbf7e", "list": "1. Koristenje i namjena", "plan": "UPU Bilice sjever", "izvor": "UPU Bilice sjever (split.hr), vektorizirano iz PDF-a"}}, {"type": "Feature", "geometry": {"type": "LineString", "coordinates": [[16.4866412, 43.5273669], [16.4866411, 43.5280416]]}, "properties": {"tema": "namjena-poslovna", "opis": "K — gospodarska namjena, poslovna", "cad_sloj": "boja #ffbf7e", "list": "1. Koristenje i namjena", "plan": "UPU Bilice sjever", "izvor": "UPU Bilice sjever (split.hr), vektorizirano iz PDF-a"}}, {"type": "Feature", "geometry": {"type": "LineString", "coordinates": [[16.4866506, 43.5263844], [16.4866504, 43.5272749]]}, "properties": {"tema": "namjena-poslovna", "opis": "K — gospodarska namjena, poslovna", "cad_sloj": "boja #ffbf7e", "list": "1. Koristenje i namjena", "plan": "UPU Bilice sjever", "izvor": "UPU Bilice sjever (split.hr), vektorizirano iz PDF-a"}}, {"type": "Feature", "geometry": {"type": "LineString", "coordinates": [[16.4866504, 43.527366], [16.4866502, 43.5280418]]}, "properties": {"tema": "namjena-poslovna", "opis": "K — gospodarska namjena, poslovna", "cad_sloj": "boja #ffbf7e", "list": "1. Koristenje i namjena", "plan": "UPU Bilice sjever", "izvor": "UPU Bilice sjever (split.hr), vektorizirano iz PDF-a"}}, {"type": "Feature", "geometry": {"type": "LineString", "coordinates": [[16.48666, 43.5263813], [16.4866598, 43.5272738]]}, "properties": {"tema": "namjena-poslovna", "opis": "K — gospodarska namjena, poslovna", "cad_sloj": "boja #ffbf7e", "list": "1. Koristenje i namjena", "plan": "UPU Bilice sjever", "izvor": "UPU Bilice sjever (split.hr), vektorizirano iz PDF-a"}}, {"type": "Feature", "geometry": {"type": "LineString", "coordinates": [[16.4866598, 43.5273648], [16.4866596, 43.528042]]}, "properties": {"tema": "namjena-poslovna", "opis": "K — gospodarska namjena, poslovna", "cad_sloj": "boja #ffbf7e", "list": "1. Koristenje i namjena", "plan": "UPU Bilice sjever", "izvor": "UPU Bilice sjever (split.hr), vektorizirano iz PDF-a"}}, {"type": "Feature", "geometry": {"type": "LineString", "coordinates": [[16.4866692, 43.5263783], [16.486669, 43.5272728]]}, "properties": {"tema": "namjena-poslovna", "opis": "K — gospodarska namjena, poslovna", "cad_sloj": "boja #ffbf7e", "list": "1. Koristenje i namjena", "plan": "UPU Bilice sjever", "izvor": "UPU Bilice sjever (split.hr), vektorizirano iz PDF-a"}}, {"type": "Feature", "geometry": {"type": "LineString", "coordinates": [[16.486669, 43.5273639], [16.4866688, 43.5280422]]}, "properties": {"tema": "namjena-poslovna", "opis": "K — gospodarska namjena, poslovna", "cad_sloj": "boja #ffbf7e", "list": "1. Koristenje i namjena", "plan": "UPU Bilice sjever", "izvor": "UPU Bilice sjever (split.hr), vektorizirano iz PDF-a"}}, {"type": "Feature", "geometry": {"type": "LineString", "coordinates": [[16.4866786, 43.5263752], [16.4866784, 43.5272717]]}, "properties": {"tema": "namjena-poslovna", "opis": "K — gospodarska namjena, poslovna", "cad_sloj": "boja #ffbf7e", "list": "1. Koristenje i namjena", "plan": "UPU Bilice sjever", "izvor": "UPU Bilice sjever (split.hr), vektorizirano iz PDF-a"}}, {"type": "Feature", "geometry": {"type": "LineString", "coordinates": [[16.4866784, 43.5273627], [16.4866782, 43.5280424]]}, "properties": {"tema": "namjena-poslovna", "opis": "K — gospodarska namjena, poslovna", "cad_sloj": "boja #ffbf7e", "list": "1. Koristenje i namjena", "plan": "UPU Bilice sjever", "izvor": "UPU Bilice sjever (split.hr), vektorizirano iz PDF-a"}}, {"type": "Feature", "geometry": {"type": "LineString", "coordinates": [[16.4866878, 43.526372], [16.4866876, 43.5272707]]}, "properties": {"tema": "namjena-poslovna", "opis": "K — gospodarska namjena, poslovna", "cad_sloj": "boja #ffbf7e", "list": "1. Koristenje i namjena", "plan": "UPU Bilice sjever", "izvor": "UPU Bilice sjever (split.hr), vektorizirano iz PDF-a"}}, {"type": "Feature", "geometry": {"type": "LineString", "coordinates": [[16.4866876, 43.5273618], [16.4866874, 43.5280426]]}, "properties": {"tema": "namjena-poslovna", "opis": "K — gospodarska namjena, poslovna", "cad_sloj": "boja #ffbf7e", "list": "1. Koristenje i namjena", "plan": "UPU Bilice sjever", "izvor": "UPU Bilice sjever (split.hr), vektorizirano iz PDF-a"}}, {"type": "Feature", "geometry": {"type": "LineString", "coordinates": [[16.4866969, 43.5263689], [16.4866967, 43.5272696]]}, "properties": {"tema": "namjena-poslovna", "opis": "K — gospodarska namjena, poslovna", "cad_sloj": "boja #ffbf7e", "list": "1. Koristenje i namjena", "plan": "UPU Bilice sjever", "izvor": "UPU Bilice sjever (split.hr), vektorizirano iz PDF-a"}}, {"type": "Feature", "geometry": {"type": "LineString", "coordinates": [[16.4866967, 43.5273607], [16.4866966, 43.5280428]]}, "properties": {"tema": "namjena-poslovna", "opis": "K — gospodarska namjena, poslovna", "cad_sloj": "boja #ffbf7e", "list": "1. Koristenje i namjena", "plan": "UPU Bilice sjever", "izvor": "UPU Bilice sjever (split.hr), vektorizirano iz PDF-a"}}, {"type": "Feature", "geometry": {"type": "LineString", "coordinates": [[16.4867064, 43.5263659], [16.4867062, 43.5272686]]}, "properties": {"tema": "namjena-poslovna", "opis": "K — gospodarska namjena, poslovna", "cad_sloj": "boja #ffbf7e", "list": "1. Koristenje i namjena", "plan": "UPU Bilice sjever", "izvor": "UPU Bilice sjever (split.hr), vektorizirano iz PDF-a"}}, {"type": "Feature", "geometry": {"type": "LineString", "coordinates": [[16.4867061, 43.5273597], [16.486706, 43.528043]]}, "properties": {"tema": "namjena-poslovna", "opis": "K — gospodarska namjena, poslovna", "cad_sloj": "boja #ffbf7e", "list": "1. Koristenje i namjena", "plan": "UPU Bilice sjever", "izvor": "UPU Bilice sjever (split.hr), vektorizirano iz PDF-a"}}, {"type": "Feature", "geometry": {"type": "LineString", "coordinates": [[16.4867155, 43.5263628], [16.4867153, 43.5272675]]}, "properties": {"tema": "namjena-poslovna", "opis": "K — gospodarska namjena, poslovna", "cad_sloj": "boja #ffbf7e", "list": "1. Koristenje i namjena", "plan": "UPU Bilice sjever", "izvor": "UPU Bilice sjever (split.hr), vektorizirano iz PDF-a"}}, {"type": "Feature", "geometry": {"type": "LineString", "coordinates": [[16.4867153, 43.5273586], [16.4867152, 43.5280431]]}, "properties": {"tema": "namjena-poslovna", "opis": "K — gospodarska namjena, poslovna", "cad_sloj": "boja #ffbf7e", "list": "1. Koristenje i namjena", "plan": "UPU Bilice sjever", "izvor": "UPU Bilice sjever (split.hr), vektorizirano iz PDF-a"}}, {"type": "Feature", "geometry": {"type": "LineString", "coordinates": [[16.486725, 43.5263598], [16.4867248, 43.5272665]]}, "properties": {"tema": "namjena-poslovna", "opis": "K — gospodarska namjena, poslovna", "cad_sloj": "boja #ffbf7e", "list": "1. Koristenje i namjena", "plan": "UPU Bilice sjever", "izvor": "UPU Bilice sjever (split.hr), vektorizirano iz PDF-a"}}, {"type": "Feature", "geometry": {"type": "LineString", "coordinates": [[16.4867247, 43.5273576], [16.4867246, 43.5280433]]}, "properties": {"tema": "namjena-poslovna", "opis": "K — gospodarska namjena, poslovna", "cad_sloj": "boja #ffbf7e", "list": "1. Koristenje i namjena", "plan": "UPU Bilice sjever", "izvor": "UPU Bilice sjever (split.hr), vektorizirano iz PDF-a"}}, {"type": "Feature", "geometry": {"type": "LineString", "coordinates": [[16.4867341, 43.5263567], [16.4867339, 43.5272656]]}, "properties": {"tema": "namjena-poslovna", "opis": "K — gospodarska namjena, poslovna", "cad_sloj": "boja #ffbf7e", "list": "1. Koristenje i namjena", "plan": "UPU Bilice sjever", "izvor": "UPU Bilice sjever (split.hr), vektorizirano iz PDF-a"}}, {"type": "Feature", "geometry": {"type": "LineString", "coordinates": [[16.4867339, 43.5273567], [16.4867337, 43.5280435]]}, "properties": {"tema": "namjena-poslovna", "opis": "K — gospodarska namjena, poslovna", "cad_sloj": "boja #ffbf7e", "list": "1. Koristenje i namjena", "plan": "UPU Bilice sjever", "izvor": "UPU Bilice sjever (split.hr), vektorizirano iz PDF-a"}}, {"type": "Feature", "geometry": {"type": "LineString", "coordinates": [[16.4867435, 43.5263535], [16.4867433, 43.5272644]]}, "properties": {"tema": "namjena-poslovna", "opis": "K — gospodarska namjena, poslovna", "cad_sloj": "boja #ffbf7e", "list": "1. Koristenje i namjena", "plan": "UPU Bilice sjever", "izvor": "UPU Bilice sjever (split.hr), vektorizirano iz PDF-a"}}, {"type": "Feature", "geometry": {"type": "LineString", "coordinates": [[16.4867433, 43.5273555], [16.4867432, 43.5280437]]}, "properties": {"tema": "namjena-poslovna", "opis": "K — gospodarska namjena, poslovna", "cad_sloj": "boja #ffbf7e", "list": "1. Koristenje i namjena", "plan": "UPU Bilice sjever", "izvor": "UPU Bilice sjever (split.hr), vektorizirano iz PDF-a"}}, {"type": "Feature", "geometry": {"type": "LineString", "coordinates": [[16.4867527, 43.5263504], [16.4867525, 43.5272635]]}, "properties": {"tema": "namjena-poslovna", "opis": "K — gospodarska namjena, poslovna", "cad_sloj": "boja #ffbf7e", "list": "1. Koristenje i namjena", "plan": "UPU Bilice sjever", "izvor": "UPU Bilice sjever (split.hr), vektorizirano iz PDF-a"}}, {"type": "Feature", "geometry": {"type": "LineString", "coordinates": [[16.4867525, 43.5273546], [16.4867523, 43.5280439]]}, "properties": {"tema": "namjena-poslovna", "opis": "K — gospodarska namjena, poslovna", "cad_sloj": "boja #ffbf7e", "list": "1. Koristenje i namjena", "plan": "UPU Bilice sjever", "izvor": "UPU Bilice sjever (split.hr), vektorizirano iz PDF-a"}}, {"type": "Feature", "geometry": {"type": "LineString", "coordinates": [[16.4867619, 43.5263474], [16.4867617, 43.5272623]]}, "properties": {"tema": "namjena-poslovna", "opis": "K — gospodarska namjena, poslovna", "cad_sloj": "boja #ffbf7e", "list": "1. Koristenje i namjena", "plan": "UPU Bilice sjever", "izvor": "UPU Bilice sjever (split.hr), vektorizirano iz PDF-a"}}, {"type": "Feature", "geometry": {"type": "LineString", "coordinates": [[16.4867617, 43.5273534], [16.4867615, 43.5280441]]}, "properties": {"tema": "namjena-poslovna", "opis": "K — gospodarska namjena, poslovna", "cad_sloj": "boja #ffbf7e", "list": "1. Koristenje i namjena", "plan": "UPU Bilice sjever", "izvor": "UPU Bilice sjever (split.hr), vektorizirano iz PDF-a"}}, {"type": "Feature", "geometry": {"type": "LineString", "coordinates": [[16.4867713, 43.5263444], [16.4867711, 43.5272614]]}, "properties": {"tema": "namjena-poslovna", "opis": "K — gospodarska namjena, poslovna", "cad_sloj": "boja #ffbf7e", "list": "1. Koristenje i namjena", "plan": "UPU Bilice sjever", "izvor": "UPU Bilice sjever (split.hr), vektorizirano iz PDF-a"}}, {"type": "Feature", "geometry": {"type": "LineString", "coordinates": [[16.4867711, 43.5273525], [16.4867709, 43.5280443]]}, "properties": {"tema": "namjena-poslovna", "opis": "K — gospodarska namjena, poslovna", "cad_sloj": "boja #ffbf7e", "list": "1. Koristenje i namjena", "plan": "UPU Bilice sjever", "izvor": "UPU Bilice sjever (split.hr), vektorizirano iz PDF-a"}}, {"type": "Feature", "geometry": {"type": "LineString", "coordinates": [[16.4867805, 43.5263413], [16.4867803, 43.5272602]]}, "properties": {"tema": "namjena-poslovna", "opis": "K — gospodarska namjena, poslovna", "cad_sloj": "boja #ffbf7e", "list": "1. Koristenje i namjena", "plan": "UPU Bilice sjever", "izvor": "UPU Bilice sjever (split.hr), vektorizirano iz PDF-a"}}, {"type": "Feature", "geometry": {"type": "LineString", "coordinates": [[16.4867803, 43.5273513], [16.4867801, 43.5280445]]}, "properties": {"tema": "namjena-poslovna", "opis": "K — gospodarska namjena, poslovna", "cad_sloj": "boja #ffbf7e", "list": "1. Koristenje i namjena", "plan": "UPU Bilice sjever", "izvor": "UPU Bilice sjever (split.hr), vektorizirano iz PDF-a"}}, {"type": "Feature", "geometry": {"type": "LineString", "coordinates": [[16.4867899, 43.5263383], [16.4867897, 43.5272593]]}, "properties": {"tema": "namjena-poslovna", "opis": "K — gospodarska namjena, poslovna", "cad_sloj": "boja #ffbf7e", "list": "1. Koristenje i namjena", "plan": "UPU Bilice sjever", "izvor": "UPU Bilice sjever (split.hr), vektorizirano iz PDF-a"}}, {"type": "Feature", "geometry": {"type": "LineString", "coordinates": [[16.4867897, 43.5273504], [16.4867895, 43.5280447]]}, "properties": {"tema": "namjena-poslovna", "opis": "K — gospodarska namjena, poslovna", "cad_sloj": "boja #ffbf7e", "list": "1. Koristenje i namjena", "plan": "UPU Bilice sjever", "izvor": "UPU Bilice sjever (split.hr), vektorizirano iz PDF-a"}}, {"type": "Feature", "geometry": {"type": "LineString", "coordinates": [[16.4867991, 43.526335], [16.4867989, 43.5272582]]}, "properties": {"tema": "namjena-poslovna", "opis": "K — gospodarska namjena, poslovna", "cad_sloj": "boja #ffbf7e", "list": "1. Koristenje i namjena", "plan": "UPU Bilice sjever", "izvor": "UPU Bilice sjever (split.hr), vektorizirano iz PDF-a"}}, {"type": "Feature", "geometry": {"type": "LineString", "coordinates": [[16.4867988, 43.5273492], [16.4867987, 43.5280449]]}, "properties": {"tema": "namjena-poslovna", "opis": "K — gospodarska namjena, poslovna", "cad_sloj": "boja #ffbf7e", "list": "1. Koristenje i namjena", "plan": "UPU Bilice sjever", "izvor": "UPU Bilice sjever (split.hr), vektorizirano iz PDF-a"}}, {"type": "Feature", "geometry": {"type": "LineString", "coordinates": [[16.4868085, 43.526332], [16.4868083, 43.5272572]]}, "properties": {"tema": "namjena-poslovna", "opis": "K — gospodarska namjena, poslovna", "cad_sloj": "boja #ffbf7e", "list": "1. Koristenje i namjena", "plan": "UPU Bilice sjever", "izvor": "UPU Bilice sjever (split.hr), vektorizirano iz PDF-a"}}, {"type": "Feature", "geometry": {"type": "LineString", "coordinates": [[16.4868083, 43.5273483], [16.4868081, 43.5280451]]}, "properties": {"tema": "namjena-poslovna", "opis": "K — gospodarska namjena, poslovna", "cad_sloj": "boja #ffbf7e", "list": "1. Koristenje i namjena", "plan": "UPU Bilice sjever", "izvor": "UPU Bilice sjever (split.hr), vektorizirano iz PDF-a"}}, {"type": "Feature", "geometry": {"type": "LineString", "coordinates": [[16.4868177, 43.5263289], [16.4868175, 43.5272561]]}, "properties": {"tema": "namjena-poslovna", "opis": "K — gospodarska namjena, poslovna", "cad_sloj": "boja #ffbf7e", "list": "1. Koristenje i namjena", "plan": "UPU Bilice sjever", "izvor": "UPU Bilice sjever (split.hr), vektorizirano iz PDF-a"}}, {"type": "Feature", "geometry": {"type": "LineString", "coordinates": [[16.4868174, 43.5273471], [16.4868173, 43.5280453]]}, "properties": {"tema": "namjena-poslovna", "opis": "K — gospodarska namjena, poslovna", "cad_sloj": "boja #ffbf7e", "list": "1. Koristenje i namjena", "plan": "UPU Bilice sjever", "izvor": "UPU Bilice sjever (split.hr), vektorizirano iz PDF-a"}}, {"type": "Feature", "geometry": {"type": "LineString", "coordinates": [[16.4868271, 43.5263259], [16.4868269, 43.5272551]]}, "properties": {"tema": "namjena-poslovna", "opis": "K — gospodarska namjena, poslovna", "cad_sloj": "boja #ffbf7e", "list": "1. Koristenje i namjena", "plan": "UPU Bilice sjever", "izvor": "UPU Bilice sjever (split.hr), vektorizirano iz PDF-a"}}, {"type": "Feature", "geometry": {"type": "LineString", "coordinates": [[16.4868269, 43.5273462], [16.4868267, 43.5280454]]}, "properties": {"tema": "namjena-poslovna", "opis": "K — gospodarska namjena, poslovna", "cad_sloj": "boja #ffbf7e", "list": "1. Koristenje i namjena", "plan": "UPU Bilice sjever", "izvor": "UPU Bilice sjever (split.hr), vektorizirano iz PDF-a"}}, {"type": "Feature", "geometry": {"type": "LineString", "coordinates": [[16.4868363, 43.5263228], [16.486836, 43.5272542]]}, "properties": {"tema": "namjena-poslovna", "opis": "K — gospodarska namjena, poslovna", "cad_sloj": "boja #ffbf7e", "list": "1. Koristenje i namjena", "plan": "UPU Bilice sjever", "izvor": "UPU Bilice sjever (split.hr), vektorizirano iz PDF-a"}}, {"type": "Feature", "geometry": {"type": "LineString", "coordinates": [[16.486836, 43.5273452], [16.4868359, 43.5280456]]}, "properties": {"tema": "namjena-poslovna", "opis": "K — gospodarska namjena, poslovna", "cad_sloj": "boja #ffbf7e", "list": "1. Koristenje i namjena", "plan": "UPU Bilice sjever", "izvor": "UPU Bilice sjever (split.hr), vektorizirano iz PDF-a"}}, {"type": "Feature", "geometry": {"type": "LineString", "coordinates": [[16.4868454, 43.5263198], [16.4868452, 43.527253]]}, "properties": {"tema": "namjena-poslovna", "opis": "K — gospodarska namjena, poslovna", "cad_sloj": "boja #ffbf7e", "list": "1. Koristenje i namjena", "plan": "UPU Bilice sjever", "izvor": "UPU Bilice sjever (split.hr), vektorizirano iz PDF-a"}}, {"type": "Feature", "geometry": {"type": "LineString", "coordinates": [[16.4868452, 43.5273441], [16.486845, 43.5280458]]}, "properties": {"tema": "namjena-poslovna", "opis": "K — gospodarska namjena, poslovna", "cad_sloj": "boja #ffbf7e", "list": "1. Koristenje i namjena", "plan": "UPU Bilice sjever", "izvor": "UPU Bilice sjever (split.hr), vektorizirano iz PDF-a"}}, {"type": "Feature", "geometry": {"type": "LineString", "coordinates": [[16.4868548, 43.5263165], [16.4868546, 43.5272521]]}, "properties": {"tema": "namjena-poslovna", "opis": "K — gospodarska namjena, poslovna", "cad_sloj": "boja #ffbf7e", "list": "1. Koristenje i namjena", "plan": "UPU Bilice sjever", "izvor": "UPU Bilice sjever (split.hr), vektorizirano iz PDF-a"}}, {"type": "Feature", "geometry": {"type": "LineString", "coordinates": [[16.4868546, 43.5273431], [16.4868545, 43.528046]]}, "properties": {"tema": "namjena-poslovna", "opis": "K — gospodarska namjena, poslovna", "cad_sloj": "boja #ffbf7e", "list": "1. Koristenje i namjena", "plan": "UPU Bilice sjever", "izvor": "UPU Bilice sjever (split.hr), vektorizirano iz PDF-a"}}, {"type": "Feature", "geometry": {"type": "LineString", "coordinates": [[16.486864, 43.5263135], [16.4868638, 43.5272509]]}, "properties": {"tema": "namjena-poslovna", "opis": "K — gospodarska namjena, poslovna", "cad_sloj": "boja #ffbf7e", "list": "1. Koristenje i namjena", "plan": "UPU Bilice sjever", "izvor": "UPU Bilice sjever (split.hr), vektorizirano iz PDF-a"}}, {"type": "Feature", "geometry": {"type": "LineString", "coordinates": [[16.4868638, 43.527342], [16.4868636, 43.5280462]]}, "properties": {"tema": "namjena-poslovna", "opis": "K — gospodarska namjena, poslovna", "cad_sloj": "boja #ffbf7e", "list": "1. Koristenje i namjena", "plan": "UPU Bilice sjever", "izvor": "UPU Bilice sjever (split.hr), vektorizirano iz PDF-a"}}, {"type": "Feature", "geometry": {"type": "LineString", "coordinates": [[16.4868734, 43.5263105], [16.4868732, 43.52725]]}, "properties": {"tema": "namjena-poslovna", "opis": "K — gospodarska namjena, poslovna", "cad_sloj": "boja #ffbf7e", "list": "1. Koristenje i namjena", "plan": "UPU Bilice sjever", "izvor": "UPU Bilice sjever (split.hr), vektorizirano iz PDF-a"}}, {"type": "Feature", "geometry": {"type": "LineString", "coordinates": [[16.4868732, 43.527341], [16.4868731, 43.5280464]]}, "properties": {"tema": "namjena-poslovna", "opis": "K — gospodarska namjena, poslovna", "cad_sloj": "boja #ffbf7e", "list": "1. Koristenje i namjena", "plan": "UPU Bilice sjever", "izvor": "UPU Bilice sjever (split.hr), vektorizirano iz PDF-a"}}, {"type": "Feature", "geometry": {"type": "LineString", "coordinates": [[16.4868826, 43.5263072], [16.4868824, 43.5272488]]}, "properties": {"tema": "namjena-poslovna", "opis": "K — gospodarska namjena, poslovna", "cad_sloj": "boja #ffbf7e", "list": "1. Koristenje i namjena", "plan": "UPU Bilice sjever", "izvor": "UPU Bilice sjever (split.hr), vektorizirano iz PDF-a"}}, {"type": "Feature", "geometry": {"type": "LineString", "coordinates": [[16.4868824, 43.5273399], [16.4868822, 43.5280466]]}, "properties": {"tema": "namjena-poslovna", "opis": "K — gospodarska namjena, poslovna", "cad_sloj": "boja #ffbf7e", "list": "1. Koristenje i namjena", "plan": "UPU Bilice sjever", "izvor": "UPU Bilice sjever (split.hr), vektorizirano iz PDF-a"}}, {"type": "Feature", "geometry": {"type": "LineString", "coordinates": [[16.486892, 43.5263042], [16.4868918, 43.5272479]]}, "properties": {"tema": "namjena-poslovna", "opis": "K — gospodarska namjena, poslovna", "cad_sloj": "boja #ffbf7e", "list": "1. Koristenje i namjena", "plan": "UPU Bilice sjever", "izvor": "UPU Bilice sjever (split.hr), vektorizirano iz PDF-a"}}, {"type": "Feature", "geometry": {"type": "LineString", "coordinates": [[16.4868918, 43.5273389], [16.4868917, 43.5280468]]}, "properties": {"tema": "namjena-poslovna", "opis": "K — gospodarska namjena, poslovna", "cad_sloj": "boja #ffbf7e", "list": "1. Koristenje i namjena", "plan": "UPU Bilice sjever", "izvor": "UPU Bilice sjever (split.hr), vektorizirano iz PDF-a"}}, {"type": "Feature", "geometry": {"type": "LineString", "coordinates": [[16.4869012, 43.5263009], [16.486901, 43.5272643]]}, "properties": {"tema": "namjena-poslovna", "opis": "K — gospodarska namjena, poslovna", "cad_sloj": "boja #ffbf7e", "list": "1. Koristenje i namjena", "plan": "UPU Bilice sjever", "izvor": "UPU Bilice sjever (split.hr), vektorizirano iz PDF-a"}}, {"type": "Feature", "geometry": {"type": "LineString", "coordinates": [[16.486901, 43.5273378], [16.4869008, 43.528047]]}, "properties": {"tema": "namjena-poslovna", "opis": "K — gospodarska namjena, poslovna", "cad_sloj": "boja #ffbf7e", "list": "1. Koristenje i namjena", "plan": "UPU Bilice sjever", "izvor": "UPU Bilice sjever (split.hr), vektorizirano iz PDF-a"}}, {"type": "Feature", "geometry": {"type": "LineString", "coordinates": [[16.4869104, 43.5262977], [16.4869101, 43.5273081]]}, "properties": {"tema": "namjena-poslovna", "opis": "K — gospodarska namjena, poslovna", "cad_sloj": "boja #ffbf7e", "list": "1. Koristenje i namjena", "plan": "UPU Bilice sjever", "izvor": "UPU Bilice sjever (split.hr), vektorizirano iz PDF-a"}}, {"type": "Feature", "geometry": {"type": "LineString", "coordinates": [[16.4869101, 43.5273369], [16.48691, 43.5280472]]}, "properties": {"tema": "namjena-poslovna", "opis": "K — gospodarska namjena, poslovna", "cad_sloj": "boja #ffbf7e", "list": "1. Koristenje i namjena", "plan": "UPU Bilice sjever", "izvor": "UPU Bilice sjever (split.hr), vektorizirano iz PDF-a"}}, {"type": "Feature", "geometry": {"type": "LineString", "coordinates": [[16.4869198, 43.5262946], [16.4869194, 43.5280474]]}, "properties": {"tema": "namjena-poslovna", "opis": "K — gospodarska namjena, poslovna", "cad_sloj": "boja #ffbf7e", "list": "1. Koristenje i namjena", "plan": "UPU Bilice sjever", "izvor": "UPU Bilice sjever (split.hr), vektorizirano iz PDF-a"}}, {"type": "Feature", "geometry": {"type": "LineString", "coordinates": [[16.486929, 43.5262914], [16.4869286, 43.5280475]]}, "properties": {"tema": "namjena-poslovna", "opis": "K — gospodarska namjena, poslovna", "cad_sloj": "boja #ffbf7e", "list": "1. Koristenje i namjena", "plan": "UPU Bilice sjever", "izvor": "UPU Bilice sjever (split.hr), vektorizirano iz PDF-a"}}, {"type": "Feature", "geometry": {"type": "LineString", "coordinates": [[16.4869384, 43.5262882], [16.486938, 43.5280477]]}, "properties": {"tema": "namjena-poslovna", "opis": "K — gospodarska namjena, poslovna", "cad_sloj": "boja #ffbf7e", "list": "1. Koristenje i namjena", "plan": "UPU Bilice sjever", "izvor": "UPU Bilice sjever (split.hr), vektorizirano iz PDF-a"}}, {"type": "Feature", "geometry": {"type": "LineString", "coordinates": [[16.4869475, 43.5262849], [16.4869472, 43.5280479]]}, "properties": {"tema": "namjena-poslovna", "opis": "K — gospodarska namjena, poslovna", "cad_sloj": "boja #ffbf7e", "list": "1. Koristenje i namjena", "plan": "UPU Bilice sjever", "izvor": "UPU Bilice sjever (split.hr), vektorizirano iz PDF-a"}}, {"type": "Feature", "geometry": {"type": "LineString", "coordinates": [[16.486957, 43.5262817], [16.4869566, 43.5280481]]}, "properties": {"tema": "namjena-poslovna", "opis": "K — gospodarska namjena, poslovna", "cad_sloj": "boja #ffbf7e", "list": "1. Koristenje i namjena", "plan": "UPU Bilice sjever", "izvor": "UPU Bilice sjever (split.hr), vektorizirano iz PDF-a"}}, {"type": "Feature", "geometry": {"type": "LineString", "coordinates": [[16.4869661, 43.5262785], [16.4869658, 43.5280483]]}, "properties": {"tema": "namjena-poslovna", "opis": "K — gospodarska namjena, poslovna", "cad_sloj": "boja #ffbf7e", "list": "1. Koristenje i namjena", "plan": "UPU Bilice sjever", "izvor": "UPU Bilice sjever (split.hr), vektorizirano iz PDF-a"}}, {"type": "Feature", "geometry": {"type": "LineString", "coordinates": [[16.4869753, 43.5262752], [16.4869749, 43.5280485]]}, "properties": {"tema": "namjena-poslovna", "opis": "K — gospodarska namjena, poslovna", "cad_sloj": "boja #ffbf7e", "list": "1. Koristenje i namjena", "plan": "UPU Bilice sjever", "izvor": "UPU Bilice sjever (split.hr), vektorizirano iz PDF-a"}}, {"type": "Feature", "geometry": {"type": "LineString", "coordinates": [[16.4869847, 43.526272], [16.4869844, 43.5280487]]}, "properties": {"tema": "namjena-poslovna", "opis": "K — gospodarska namjena, poslovna", "cad_sloj": "boja #ffbf7e", "list": "1. Koristenje i namjena", "plan": "UPU Bilice sjever", "izvor": "UPU Bilice sjever (split.hr), vektorizirano iz PDF-a"}}, {"type": "Feature", "geometry": {"type": "LineString", "coordinates": [[16.4869939, 43.5262687], [16.4869935, 43.5280489]]}, "properties": {"tema": "namjena-poslovna", "opis": "K — gospodarska namjena, poslovna", "cad_sloj": "boja #ffbf7e", "list": "1. Koristenje i namjena", "plan": "UPU Bilice sjever", "izvor": "UPU Bilice sjever (split.hr), vektorizirano iz PDF-a"}}, {"type": "Feature", "geometry": {"type": "LineString", "coordinates": [[16.4870033, 43.5262655], [16.4870029, 43.5280491]]}, "properties": {"tema": "namjena-poslovna", "opis": "K — gospodarska namjena, poslovna", "cad_sloj": "boja #ffbf7e", "list": "1. Koristenje i namjena", "plan": "UPU Bilice sjever", "izvor": "UPU Bilice sjever (split.hr), vektorizirano iz PDF-a"}}, {"type": "Feature", "geometry": {"type": "LineString", "coordinates": [[16.4870125, 43.5262623], [16.4870121, 43.5280491]]}, "properties": {"tema": "namjena-poslovna", "opis": "K — gospodarska namjena, poslovna", "cad_sloj": "boja #ffbf7e", "list": "1. Koristenje i namjena", "plan": "UPU Bilice sjever", "izvor": "UPU Bilice sjever (split.hr), vektorizirano iz PDF-a"}}, {"type": "Feature", "geometry": {"type": "LineString", "coordinates": [[16.4870219, 43.5262588], [16.4870215, 43.5280493]]}, "properties": {"tema": "namjena-poslovna", "opis": "K — gospodarska namjena, poslovna", "cad_sloj": "boja #ffbf7e", "list": "1. Koristenje i namjena", "plan": "UPU Bilice sjever", "izvor": "UPU Bilice sjever (split.hr), vektorizirano iz PDF-a"}}, {"type": "Feature", "geometry": {"type": "LineString", "coordinates": [[16.4870311, 43.5262556], [16.4870307, 43.5280495]]}, "properties": {"tema": "namjena-poslovna", "opis": "K — gospodarska namjena, poslovna", "cad_sloj": "boja #ffbf7e", "list": "1. Koristenje i namjena", "plan": "UPU Bilice sjever", "izvor": "UPU Bilice sjever (split.hr), vektorizirano iz PDF-a"}}, {"type": "Feature", "geometry": {"type": "LineString", "coordinates": [[16.4870403, 43.5262522], [16.4870399, 43.5280497]]}, "properties": {"tema": "namjena-poslovna", "opis": "K — gospodarska namjena, poslovna", "cad_sloj": "boja #ffbf7e", "list": "1. Koristenje i namjena", "plan": "UPU Bilice sjever", "izvor": "UPU Bilice sjever (split.hr), vektorizirano iz PDF-a"}}, {"type": "Feature", "geometry": {"type": "LineString", "coordinates": [[16.4870497, 43.5262489], [16.4870493, 43.5280498]]}, "properties": {"tema": "namjena-poslovna", "opis": "K — gospodarska namjena, poslovna", "cad_sloj": "boja #ffbf7e", "list": "1. Koristenje i namjena", "plan": "UPU Bilice sjever", "izvor": "UPU Bilice sjever (split.hr), vektorizirano iz PDF-a"}}, {"type": "Feature", "geometry": {"type": "LineString", "coordinates": [[16.4870588, 43.5262455], [16.4870585, 43.52805]]}, "properties": {"tema": "namjena-poslovna", "opis": "K — gospodarska namjena, poslovna", "cad_sloj": "boja #ffbf7e", "list": "1. Koristenje i namjena", "plan": "UPU Bilice sjever", "izvor": "UPU Bilice sjever (split.hr), vektorizirano iz PDF-a"}}, {"type": "Feature", "geometry": {"type": "LineString", "coordinates": [[16.4870683, 43.5262421], [16.4870679, 43.5280502]]}, "properties": {"tema": "namjena-poslovna", "opis": "K — gospodarska namjena, poslovna", "cad_sloj": "boja #ffbf7e", "list": "1. Koristenje i namjena", "plan": "UPU Bilice sjever", "izvor": "UPU Bilice sjever (split.hr), vektorizirano iz PDF-a"}}, {"type": "Feature", "geometry": {"type": "LineString", "coordinates": [[16.4870774, 43.5262388], [16.4870771, 43.5280504]]}, "properties": {"tema": "namjena-poslovna", "opis": "K — gospodarska namjena, poslovna", "cad_sloj": "boja #ffbf7e", "list": "1. Koristenje i namjena", "plan": "UPU Bilice sjever", "izvor": "UPU Bilice sjever (split.hr), vektorizirano iz PDF-a"}}, {"type": "Feature", "geometry": {"type": "LineString", "coordinates": [[16.4870869, 43.5262354], [16.4870865, 43.5280506]]}, "properties": {"tema": "namjena-poslovna", "opis": "K — gospodarska namjena, poslovna", "cad_sloj": "boja #ffbf7e", "list": "1. Koristenje i namjena", "plan": "UPU Bilice sjever", "izvor": "UPU Bilice sjever (split.hr), vektorizirano iz PDF-a"}}, {"type": "Feature", "geometry": {"type": "LineString", "coordinates": [[16.487096, 43.526232], [16.4870956, 43.5280508]]}, "properties": {"tema": "namjena-poslovna", "opis": "K — gospodarska namjena, poslovna", "cad_sloj": "boja #ffbf7e", "list": "1. Koristenje i namjena", "plan": "UPU Bilice sjever", "izvor": "UPU Bilice sjever (split.hr), vektorizirano iz PDF-a"}}, {"type": "Feature", "geometry": {"type": "LineString", "coordinates": [[16.4871052, 43.5262285], [16.4871048, 43.528051]]}, "properties": {"tema": "namjena-poslovna", "opis": "K — gospodarska namjena, poslovna", "cad_sloj": "boja #ffbf7e", "list": "1. Koristenje i namjena", "plan": "UPU Bilice sjever", "izvor": "UPU Bilice sjever (split.hr), vektorizirano iz PDF-a"}}, {"type": "Feature", "geometry": {"type": "LineString", "coordinates": [[16.4871146, 43.5262251], [16.4871142, 43.5280512]]}, "properties": {"tema": "namjena-poslovna", "opis": "K — gospodarska namjena, poslovna", "cad_sloj": "boja #ffbf7e", "list": "1. Koristenje i namjena", "plan": "UPU Bilice sjever", "izvor": "UPU Bilice sjever (split.hr), vektorizirano iz PDF-a"}}, {"type": "Feature", "geometry": {"type": "LineString", "coordinates": [[16.4871238, 43.5262217], [16.4871234, 43.5280514]]}, "properties": {"tema": "namjena-poslovna", "opis": "K — gospodarska namjena, poslovna", "cad_sloj": "boja #ffbf7e", "list": "1. Koristenje i namjena", "plan": "UPU Bilice sjever", "izvor": "UPU Bilice sjever (split.hr), vektorizirano iz PDF-a"}}, {"type": "Feature", "geometry": {"type": "LineString", "coordinates": [[16.4871332, 43.5262183], [16.4871328, 43.5280516]]}, "properties": {"tema": "namjena-poslovna", "opis": "K — gospodarska namjena, poslovna", "cad_sloj": "boja #ffbf7e", "list": "1. Koristenje i namjena", "plan": "UPU Bilice sjever", "izvor": "UPU Bilice sjever (split.hr), vektorizirano iz PDF-a"}}, {"type": "Feature", "geometry": {"type": "LineString", "coordinates": [[16.4871424, 43.5262148], [16.487142, 43.5280518]]}, "properties": {"tema": "namjena-poslovna", "opis": "K — gospodarska namjena, poslovna", "cad_sloj": "boja #ffbf7e", "list": "1. Koristenje i namjena", "plan": "UPU Bilice sjever", "izvor": "UPU Bilice sjever (split.hr), vektorizirano iz PDF-a"}}, {"type": "Feature", "geometry": {"type": "LineString", "coordinates": [[16.4871518, 43.5262114], [16.4871514, 43.528052]]}, "properties": {"tema": "namjena-poslovna", "opis": "K — gospodarska namjena, poslovna", "cad_sloj": "boja #ffbf7e", "list": "1. Koristenje i namjena", "plan": "UPU Bilice sjever", "izvor": "UPU Bilice sjever (split.hr), vektorizirano iz PDF-a"}}, {"type": "Feature", "geometry": {"type": "LineString", "coordinates": [[16.487161, 43.5262078], [16.4871606, 43.5280521]]}, "properties": {"tema": "namjena-poslovna", "opis": "K — gospodarska namjena, poslovna", "cad_sloj": "boja #ffbf7e", "list": "1. Koristenje i namjena", "plan": "UPU Bilice sjever", "izvor": "UPU Bilice sjever (split.hr), vektorizirano iz PDF-a"}}, {"type": "Feature", "geometry": {"type": "LineString", "coordinates": [[16.4871704, 43.5262044], [16.48717, 43.5280523]]}, "properties": {"tema": "namjena-poslovna", "opis": "K — gospodarska namjena, poslovna", "cad_sloj": "boja #ffbf7e", "list": "1. Koristenje i namjena", "plan": "UPU Bilice sjever", "izvor": "UPU Bilice sjever (split.hr), vektorizirano iz PDF-a"}}, {"type": "Feature", "geometry": {"type": "LineString", "coordinates": [[16.4871796, 43.5262009], [16.4871792, 43.5280525]]}, "properties": {"tema": "namjena-poslovna", "opis": "K — gospodarska namjena, poslovna", "cad_sloj": "boja #ffbf7e", "list": "1. Koristenje i namjena", "plan": "UPU Bilice sjever", "izvor": "UPU Bilice sjever (split.hr), vektorizirano iz PDF-a"}}, {"type": "Feature", "geometry": {"type": "LineString", "coordinates": [[16.4871887, 43.5261973], [16.4871883, 43.5280527]]}, "properties": {"tema": "namjena-poslovna", "opis": "K — gospodarska namjena, poslovna", "cad_sloj": "boja #ffbf7e", "list": "1. Koristenje i namjena", "plan": "UPU Bilice sjever", "izvor": "UPU Bilice sjever (split.hr), vektorizirano iz PDF-a"}}, {"type": "Feature", "geometry": {"type": "LineString", "coordinates": [[16.4871982, 43.5261939], [16.4871978, 43.5280529]]}, "properties": {"tema": "namjena-poslovna", "opis": "K — gospodarska namjena, poslovna", "cad_sloj": "boja #ffbf7e", "list": "1. Koristenje i namjena", "plan": "UPU Bilice sjever", "izvor": "UPU Bilice sjever (split.hr), vektorizirano iz PDF-a"}}, {"type": "Feature", "geometry": {"type": "LineString", "coordinates": [[16.4872073, 43.5261903], [16.4872069, 43.5280531]]}, "properties": {"tema": "namjena-poslovna", "opis": "K — gospodarska namjena, poslovna", "cad_sloj": "boja #ffbf7e", "list": "1. Koristenje i namjena", "plan": "UPU Bilice sjever", "izvor": "UPU Bilice sjever (split.hr), vektorizirano iz PDF-a"}}, {"type": "Feature", "geometry": {"type": "LineString", "coordinates": [[16.4872168, 43.5261866], [16.4872164, 43.5280533]]}, "properties": {"tema": "namjena-poslovna", "opis": "K — gospodarska namjena, poslovna", "cad_sloj": "boja #ffbf7e", "list": "1. Koristenje i namjena", "plan": "UPU Bilice sjever", "izvor": "UPU Bilice sjever (split.hr), vektorizirano iz PDF-a"}}, {"type": "Feature", "geometry": {"type": "LineString", "coordinates": [[16.4872259, 43.5261832], [16.4872255, 43.5280535]]}, "properties": {"tema": "namjena-poslovna", "opis": "K — gospodarska namjena, poslovna", "cad_sloj": "boja #ffbf7e", "list": "1. Koristenje i namjena", "plan": "UPU Bilice sjever", "izvor": "UPU Bilice sjever (split.hr), vektorizirano iz PDF-a"}}, {"type": "Feature", "geometry": {"type": "LineString", "coordinates": [[16.4872353, 43.5261796], [16.487235, 43.5280537]]}, "properties": {"tema": "namjena-poslovna", "opis": "K — gospodarska namjena, poslovna", "cad_sloj": "boja #ffbf7e", "list": "1. Koristenje i namjena", "plan": "UPU Bilice sjever", "izvor": "UPU Bilice sjever (split.hr), vektorizirano iz PDF-a"}}, {"type": "Feature", "geometry": {"type": "LineString", "coordinates": [[16.4872445, 43.526176], [16.4872441, 43.5280539]]}, "properties": {"tema": "namjena-poslovna", "opis": "K — gospodarska namjena, poslovna", "cad_sloj": "boja #ffbf7e", "list": "1. Koristenje i namjena", "plan": "UPU Bilice sjever", "izvor": "UPU Bilice sjever (split.hr), vektorizirano iz PDF-a"}}, {"type": "Feature", "geometry": {"type": "LineString", "coordinates": [[16.4872537, 43.5261724], [16.4872533, 43.5280541]]}, "properties": {"tema": "namjena-poslovna", "opis": "K — gospodarska namjena, poslovna", "cad_sloj": "boja #ffbf7e", "list": "1. Koristenje i namjena", "plan": "UPU Bilice sjever", "izvor": "UPU Bilice sjever (split.hr), vektorizirano iz PDF-a"}}, {"type": "Feature", "geometry": {"type": "LineString", "coordinates": [[16.4872631, 43.5261687], [16.4872627, 43.5280543]]}, "properties": {"tema": "namjena-poslovna", "opis": "K — gospodarska namjena, poslovna", "cad_sloj": "boja #ffbf7e", "list": "1. Koristenje i namjena", "plan": "UPU Bilice sjever", "izvor": "UPU Bilice sjever (split.hr), vektorizirano iz PDF-a"}}, {"type": "Feature", "geometry": {"type": "LineString", "coordinates": [[16.4872723, 43.5261651], [16.4872719, 43.5280544]]}, "properties": {"tema": "namjena-poslovna", "opis": "K — gospodarska namjena, poslovna", "cad_sloj": "boja #ffbf7e", "list": "1. Koristenje i namjena", "plan": "UPU Bilice sjever", "izvor": "UPU Bilice sjever (split.hr), vektorizirano iz PDF-a"}}, {"type": "Feature", "geometry": {"type": "LineString", "coordinates": [[16.4872817, 43.5261615], [16.4872813, 43.5280546]]}, "properties": {"tema": "namjena-poslovna", "opis": "K — gospodarska namjena, poslovna", "cad_sloj": "boja #ffbf7e", "list": "1. Koristenje i namjena", "plan": "UPU Bilice sjever", "izvor": "UPU Bilice sjever (split.hr), vektorizirano iz PDF-a"}}, {"type": "Feature", "geometry": {"type": "LineString", "coordinates": [[16.4872909, 43.5261585], [16.4872905, 43.5280548]]}, "properties": {"tema": "namjena-poslovna", "opis": "K — gospodarska namjena, poslovna", "cad_sloj": "boja #ffbf7e", "list": "1. Koristenje i namjena", "plan": "UPU Bilice sjever", "izvor": "UPU Bilice sjever (split.hr), vektorizirano iz PDF-a"}}, {"type": "Feature", "geometry": {"type": "LineString", "coordinates": [[16.4873003, 43.5261562], [16.4872999, 43.528055]]}, "properties": {"tema": "namjena-poslovna", "opis": "K — gospodarska namjena, poslovna", "cad_sloj": "boja #ffbf7e", "list": "1. Koristenje i namjena", "plan": "UPU Bilice sjever", "izvor": "UPU Bilice sjever (split.hr), vektorizirano iz PDF-a"}}, {"type": "Feature", "geometry": {"type": "LineString", "coordinates": [[16.4873095, 43.5261546], [16.4873091, 43.5280552]]}, "properties": {"tema": "namjena-poslovna", "opis": "K — gospodarska namjena, poslovna", "cad_sloj": "boja #ffbf7e", "list": "1. Koristenje i namjena", "plan": "UPU Bilice sjever", "izvor": "UPU Bilice sjever (split.hr), vektorizirano iz PDF-a"}}, {"type": "Feature", "geometry": {"type": "LineString", "coordinates": [[16.4873186, 43.5261535], [16.4873182, 43.5280554]]}, "properties": {"tema": "namjena-poslovna", "opis": "K — gospodarska namjena, poslovna", "cad_sloj": "boja #ffbf7e", "list": "1. Koristenje i namjena", "plan": "UPU Bilice sjever", "izvor": "UPU Bilice sjever (split.hr), vektorizirano iz PDF-a"}}, {"type": "Feature", "geometry": {"type": "LineString", "coordinates": [[16.4873281, 43.5261529], [16.4873277, 43.5280556]]}, "properties": {"tema": "namjena-poslovna", "opis": "K — gospodarska namjena, poslovna", "cad_sloj": "boja #ffbf7e", "list": "1. Koristenje i namjena", "plan": "UPU Bilice sjever", "izvor": "UPU Bilice sjever (split.hr), vektorizirano iz PDF-a"}}, {"type": "Feature", "geometry": {"type": "LineString", "coordinates": [[16.4873372, 43.5261531], [16.4873368, 43.5280558]]}, "properties": {"tema": "namjena-poslovna", "opis": "K — gospodarska namjena, poslovna", "cad_sloj": "boja #ffbf7e", "list": "1. Koristenje i namjena", "plan": "UPU Bilice sjever", "izvor": "UPU Bilice sjever (split.hr), vektorizirano iz PDF-a"}}, {"type": "Feature", "geometry": {"type": "LineString", "coordinates": [[16.4873466, 43.5261537], [16.4873462, 43.5280558]]}, "properties": {"tema": "namjena-poslovna", "opis": "K — gospodarska namjena, poslovna", "cad_sloj": "boja #ffbf7e", "list": "1. Koristenje i namjena", "plan": "UPU Bilice sjever", "izvor": "UPU Bilice sjever (split.hr), vektorizirano iz PDF-a"}}, {"type": "Feature", "geometry": {"type": "LineString", "coordinates": [[16.4873558, 43.526155], [16.4873554, 43.528056]]}, "properties": {"tema": "namjena-poslovna", "opis": "K — gospodarska namjena, poslovna", "cad_sloj": "boja #ffbf7e", "list": "1. Koristenje i namjena", "plan": "UPU Bilice sjever", "izvor": "UPU Bilice sjever (split.hr), vektorizirano iz PDF-a"}}, {"type": "Feature", "geometry": {"type": "LineString", "coordinates": [[16.4873652, 43.5261567], [16.4873648, 43.5280562]]}, "properties": {"tema": "namjena-poslovna", "opis": "K — gospodarska namjena, poslovna", "cad_sloj": "boja #ffbf7e", "list": "1. Koristenje i namjena", "plan": "UPU Bilice sjever", "izvor": "UPU Bilice sjever (split.hr), vektorizirano iz PDF-a"}}, {"type": "Feature", "geometry": {"type": "LineString", "coordinates": [[16.4873744, 43.5261592], [16.487374, 43.5280564]]}, "properties": {"tema": "namjena-poslovna", "opis": "K — gospodarska namjena, poslovna", "cad_sloj": "boja #ffbf7e", "list": "1. Koristenje i namjena", "plan": "UPU Bilice sjever", "izvor": "UPU Bilice sjever (split.hr), vektorizirano iz PDF-a"}}, {"type": "Feature", "geometry": {"type": "LineString", "coordinates": [[16.4873836, 43.5261625], [16.4873832, 43.5280566]]}, "properties": {"tema": "namjena-poslovna", "opis": "K — gospodarska namjena, poslovna", "cad_sloj": "boja #ffbf7e", "list": "1. Koristenje i namjena", "plan": "UPU Bilice sjever", "izvor": "UPU Bilice sjever (split.hr), vektorizirano iz PDF-a"}}, {"type": "Feature", "geometry": {"type": "LineString", "coordinates": [[16.487393, 43.5261659], [16.4873926, 43.5280567]]}, "properties": {"tema": "namjena-poslovna", "opis": "K — gospodarska namjena, poslovna", "cad_sloj": "boja #ffbf7e", "list": "1. Koristenje i namjena", "plan": "UPU Bilice sjever", "izvor": "UPU Bilice sjever (split.hr), vektorizirano iz PDF-a"}}, {"type": "Feature", "geometry": {"type": "LineString", "coordinates": [[16.4874022, 43.5261693], [16.4874018, 43.5280569]]}, "properties": {"tema": "namjena-poslovna", "opis": "K — gospodarska namjena, poslovna", "cad_sloj": "boja #ffbf7e", "list": "1. Koristenje i namjena", "plan": "UPU Bilice sjever", "izvor": "UPU Bilice sjever (split.hr), vektorizirano iz PDF-a"}}, {"type": "Feature", "geometry": {"type": "LineString", "coordinates": [[16.4874116, 43.5261726], [16.4874112, 43.5280571]]}, "properties": {"tema": "namjena-poslovna", "opis": "K — gospodarska namjena, poslovna", "cad_sloj": "boja #ffbf7e", "list": "1. Koristenje i namjena", "plan": "UPU Bilice sjever", "izvor": "UPU Bilice sjever (split.hr), vektorizirano iz PDF-a"}}, {"type": "Feature", "geometry": {"type": "LineString", "coordinates": [[16.4874207, 43.5261752], [16.4874204, 43.5280573]]}, "properties": {"tema": "namjena-poslovna", "opis": "K — gospodarska namjena, poslovna", "cad_sloj": "boja #ffbf7e", "list": "1. Koristenje i namjena", "plan": "UPU Bilice sjever", "izvor": "UPU Bilice sjever (split.hr), vektorizirano iz PDF-a"}}, {"type": "Feature", "geometry": {"type": "LineString", "coordinates": [[16.4874302, 43.5261775], [16.4874298, 43.5280575]]}, "properties": {"tema": "namjena-poslovna", "opis": "K — gospodarska namjena, poslovna", "cad_sloj": "boja #ffbf7e", "list": "1. Koristenje i namjena", "plan": "UPU Bilice sjever", "izvor": "UPU Bilice sjever (split.hr), vektorizirano iz PDF-a"}}, {"type": "Feature", "geometry": {"type": "LineString", "coordinates": [[16.4874393, 43.5261796], [16.4874389, 43.5280577]]}, "properties": {"tema": "namjena-poslovna", "opis": "K — gospodarska namjena, poslovna", "cad_sloj": "boja #ffbf7e", "list": "1. Koristenje i namjena", "plan": "UPU Bilice sjever", "izvor": "UPU Bilice sjever (split.hr), vektorizirano iz PDF-a"}}, {"type": "Feature", "geometry": {"type": "LineString", "coordinates": [[16.4874488, 43.5261813], [16.4874484, 43.5280579]]}, "properties": {"tema": "namjena-poslovna", "opis": "K — gospodarska namjena, poslovna", "cad_sloj": "boja #ffbf7e", "list": "1. Koristenje i namjena", "plan": "UPU Bilice sjever", "izvor": "UPU Bilice sjever (split.hr), vektorizirano iz PDF-a"}}, {"type": "Feature", "geometry": {"type": "LineString", "coordinates": [[16.4874579, 43.5261829], [16.4874575, 43.5280581]]}, "properties": {"tema": "namjena-poslovna", "opis": "K — gospodarska namjena, poslovna", "cad_sloj": "boja #ffbf7e", "list": "1. Koristenje i namjena", "plan": "UPU Bilice sjever", "izvor": "UPU Bilice sjever (split.hr), vektorizirano iz PDF-a"}}, {"type": "Feature", "geometry": {"type": "LineString", "coordinates": [[16.4874671, 43.5261844], [16.4874667, 43.5280583]]}, "properties": {"tema": "namjena-poslovna", "opis": "K — gospodarska namjena, poslovna", "cad_sloj": "boja #ffbf7e", "list": "1. Koristenje i namjena", "plan": "UPU Bilice sjever", "izvor": "UPU Bilice sjever (split.hr), vektorizirano iz PDF-a"}}, {"type": "Feature", "geometry": {"type": "LineString", "coordinates": [[16.4874765, 43.5261853], [16.4874761, 43.5280585]]}, "properties": {"tema": "namjena-poslovna", "opis": "K — gospodarska namjena, poslovna", "cad_sloj": "boja #ffbf7e", "list": "1. Koristenje i namjena", "plan": "UPU Bilice sjever", "izvor": "UPU Bilice sjever (split.hr), vektorizirano iz PDF-a"}}, {"type": "Feature", "geometry": {"type": "LineString", "coordinates": [[16.4874857, 43.5261863], [16.4874853, 43.5280587]]}, "properties": {"tema": "namjena-poslovna", "opis": "K — gospodarska namjena, poslovna", "cad_sloj": "boja #ffbf7e", "list": "1. Koristenje i namjena", "plan": "UPU Bilice sjever", "izvor": "UPU Bilice sjever (split.hr), vektorizirano iz PDF-a"}}, {"type": "Feature", "geometry": {"type": "LineString", "coordinates": [[16.4874951, 43.5261871], [16.4874947, 43.5280589]]}, "properties": {"tema": "namjena-poslovna", "opis": "K — gospodarska namjena, poslovna", "cad_sloj": "boja #ffbf7e", "list": "1. Koristenje i namjena", "plan": "UPU Bilice sjever", "izvor": "UPU Bilice sjever (split.hr), vektorizirano iz PDF-a"}}, {"type": "Feature", "geometry": {"type": "LineString", "coordinates": [[16.4875043, 43.5261874], [16.4875039, 43.528059]]}, "properties": {"tema": "namjena-poslovna", "opis": "K — gospodarska namjena, poslovna", "cad_sloj": "boja #ffbf7e", "list": "1. Koristenje i namjena", "plan": "UPU Bilice sjever", "izvor": "UPU Bilice sjever (split.hr), vektorizirano iz PDF-a"}}, {"type": "Feature", "geometry": {"type": "LineString", "coordinates": [[16.4875137, 43.5261876], [16.4875133, 43.5280592]]}, "properties": {"tema": "namjena-poslovna", "opis": "K — gospodarska namjena, poslovna", "cad_sloj": "boja #ffbf7e", "list": "1. Koristenje i namjena", "plan": "UPU Bilice sjever", "izvor": "UPU Bilice sjever (split.hr), vektorizirano iz PDF-a"}}, {"type": "Feature", "geometry": {"type": "LineString", "coordinates": [[16.4875229, 43.5261876], [16.4875225, 43.5280594]]}, "properties": {"tema": "namjena-poslovna", "opis": "K — gospodarska namjena, poslovna", "cad_sloj": "boja #ffbf7e", "list": "1. Koristenje i namjena", "plan": "UPU Bilice sjever", "izvor": "UPU Bilice sjever (split.hr), vektorizirano iz PDF-a"}}, {"type": "Feature", "geometry": {"type": "LineString", "coordinates": [[16.487532, 43.5261874], [16.4875316, 43.5280596]]}, "properties": {"tema": "namjena-poslovna", "opis": "K — gospodarska namjena, poslovna", "cad_sloj": "boja #ffbf7e", "list": "1. Koristenje i namjena", "plan": "UPU Bilice sjever", "izvor": "UPU Bilice sjever (split.hr), vektorizirano iz PDF-a"}}, {"type": "Feature", "geometry": {"type": "LineString", "coordinates": [[16.4875415, 43.5261871], [16.4875411, 43.5280598]]}, "properties": {"tema": "namjena-poslovna", "opis": "K — gospodarska namjena, poslovna", "cad_sloj": "boja #ffbf7e", "list": "1. Koristenje i namjena", "plan": "UPU Bilice sjever", "izvor": "UPU Bilice sjever (split.hr), vektorizirano iz PDF-a"}}, {"type": "Feature", "geometry": {"type": "LineString", "coordinates": [[16.4875506, 43.5261863], [16.4875502, 43.52806]]}, "properties": {"tema": "namjena-poslovna", "opis": "K — gospodarska namjena, poslovna", "cad_sloj": "boja #ffbf7e", "list": "1. Koristenje i namjena", "plan": "UPU Bilice sjever", "izvor": "UPU Bilice sjever (split.hr), vektorizirano iz PDF-a"}}, {"type": "Feature", "geometry": {"type": "LineString", "coordinates": [[16.48756, 43.5261855], [16.4875597, 43.5280602]]}, "properties": {"tema": "namjena-poslovna", "opis": "K — gospodarska namjena, poslovna", "cad_sloj": "boja #ffbf7e", "list": "1. Koristenje i namjena", "plan": "UPU Bilice sjever", "izvor": "UPU Bilice sjever (split.hr), vektorizirano iz PDF-a"}}, {"type": "Feature", "geometry": {"type": "LineString", "coordinates": [[16.4875692, 43.5261844], [16.4875688, 43.5280604]]}, "properties": {"tema": "namjena-poslovna", "opis": "K — gospodarska namjena, poslovna", "cad_sloj": "boja #ffbf7e", "list": "1. Koristenje i namjena", "plan": "UPU Bilice sjever", "izvor": "UPU Bilice sjever (split.hr), vektorizirano iz PDF-a"}}, {"type": "Feature", "geometry": {"type": "LineString", "coordinates": [[16.4875786, 43.5261831], [16.4875783, 43.5280606]]}, "properties": {"tema": "namjena-poslovna", "opis": "K — gospodarska namjena, poslovna", "cad_sloj": "boja #ffbf7e", "list": "1. Koristenje i namjena", "plan": "UPU Bilice sjever", "izvor": "UPU Bilice sjever (split.hr), vektorizirano iz PDF-a"}}, {"type": "Feature", "geometry": {"type": "LineString", "coordinates": [[16.4875878, 43.5261815], [16.4875874, 43.5280608]]}, "properties": {"tema": "namjena-poslovna", "opis": "K — gospodarska namjena, poslovna", "cad_sloj": "boja #ffbf7e", "list": "1. Koristenje i namjena", "plan": "UPU Bilice sjever", "izvor": "UPU Bilice sjever (split.hr), vektorizirano iz PDF-a"}}, {"type": "Feature", "geometry": {"type": "LineString", "coordinates": [[16.487597, 43.5261796], [16.4875966, 43.528061]]}, "properties": {"tema": "namjena-poslovna", "opis": "K — gospodarska namjena, poslovna", "cad_sloj": "boja #ffbf7e", "list": "1. Koristenje i namjena", "plan": "UPU Bilice sjever", "izvor": "UPU Bilice sjever (split.hr), vektorizirano iz PDF-a"}}, {"type": "Feature", "geometry": {"type": "LineString", "coordinates": [[16.4876064, 43.5261777], [16.487606, 43.528061]]}, "properties": {"tema": "namjena-poslovna", "opis": "K — gospodarska namjena, poslovna", "cad_sloj": "boja #ffbf7e", "list": "1. Koristenje i namjena", "plan": "UPU Bilice sjever", "izvor": "UPU Bilice sjever (split.hr), vektorizirano iz PDF-a"}}, {"type": "Feature", "geometry": {"type": "LineString", "coordinates": [[16.4876156, 43.5261754], [16.4876152, 43.5280612]]}, "properties": {"tema": "namjena-poslovna", "opis": "K — gospodarska namjena, poslovna", "cad_sloj": "boja #ffbf7e", "list": "1. Koristenje i namjena", "plan": "UPU Bilice sjever", "izvor": "UPU Bilice sjever (split.hr), vektorizirano iz PDF-a"}}, {"type": "Feature", "geometry": {"type": "LineString", "coordinates": [[16.487625, 43.5261728], [16.4876246, 43.5280613]]}, "properties": {"tema": "namjena-poslovna", "opis": "K — gospodarska namjena, poslovna", "cad_sloj": "boja #ffbf7e", "list": "1. Koristenje i namjena", "plan": "UPU Bilice sjever", "izvor": "UPU Bilice sjever (split.hr), vektorizirano iz PDF-a"}}, {"type": "Feature", "geometry": {"type": "LineString", "coordinates": [[16.4876342, 43.5261699], [16.4876338, 43.5280615]]}, "properties": {"tema": "namjena-poslovna", "opis": "K — gospodarska namjena, poslovna", "cad_sloj": "boja #ffbf7e", "list": "1. Koristenje i namjena", "plan": "UPU Bilice sjever", "izvor": "UPU Bilice sjever (split.hr), vektorizirano iz PDF-a"}}, {"type": "Feature", "geometry": {"type": "LineString", "coordinates": [[16.4876436, 43.5261669], [16.4876432, 43.5280617]]}, "properties": {"tema": "namjena-poslovna", "opis": "K — gospodarska namjena, poslovna", "cad_sloj": "boja #ffbf7e", "list": "1. Koristenje i namjena", "plan": "UPU Bilice sjever", "izvor": "UPU Bilice sjever (split.hr), vektorizirano iz PDF-a"}}, {"type": "Feature", "geometry": {"type": "LineString", "coordinates": [[16.4876527, 43.5261634], [16.4876524, 43.5280619]]}, "properties": {"tema": "namjena-poslovna", "opis": "K — gospodarska namjena, poslovna", "cad_sloj": "boja #ffbf7e", "list": "1. Koristenje i namjena", "plan": "UPU Bilice sjever", "izvor": "UPU Bilice sjever (split.hr), vektorizirano iz PDF-a"}}, {"type": "Feature", "geometry": {"type": "LineString", "coordinates": [[16.4876619, 43.5261596], [16.4876615, 43.5280621]]}, "properties": {"tema": "namjena-poslovna", "opis": "K — gospodarska namjena, poslovna", "cad_sloj": "boja #ffbf7e", "list": "1. Koristenje i namjena", "plan": "UPU Bilice sjever", "izvor": "UPU Bilice sjever (split.hr), vektorizirano iz PDF-a"}}, {"type": "Feature", "geometry": {"type": "LineString", "coordinates": [[16.4876713, 43.5261556], [16.487671, 43.5280623]]}, "properties": {"tema": "namjena-poslovna", "opis": "K — gospodarska namjena, poslovna", "cad_sloj": "boja #ffbf7e", "list": "1. Koristenje i namjena", "plan": "UPU Bilice sjever", "izvor": "UPU Bilice sjever (split.hr), vektorizirano iz PDF-a"}}, {"type": "Feature", "geometry": {"type": "LineString", "coordinates": [[16.4876805, 43.5261513], [16.4876801, 43.5280625]]}, "properties": {"tema": "namjena-poslovna", "opis": "K — gospodarska namjena, poslovna", "cad_sloj": "boja #ffbf7e", "list": "1. Koristenje i namjena", "plan": "UPU Bilice sjever", "izvor": "UPU Bilice sjever (split.hr), vektorizirano iz PDF-a"}}, {"type": "Feature", "geometry": {"type": "LineString", "coordinates": [[16.4876899, 43.5261463], [16.4876895, 43.5280627]]}, "properties": {"tema": "namjena-poslovna", "opis": "K — gospodarska namjena, poslovna", "cad_sloj": "boja #ffbf7e", "list": "1. Koristenje i namjena", "plan": "UPU Bilice sjever", "izvor": "UPU Bilice sjever (split.hr), vektorizirano iz PDF-a"}}, {"type": "Feature", "geometry": {"type": "LineString", "coordinates": [[16.4876991, 43.5261412], [16.4876987, 43.5280629]]}, "properties": {"tema": "namjena-poslovna", "opis": "K — gospodarska namjena, poslovna", "cad_sloj": "boja #ffbf7e", "list": "1. Koristenje i namjena", "plan": "UPU Bilice sjever", "izvor": "UPU Bilice sjever (split.hr), vektorizirano iz PDF-a"}}, {"type": "Feature", "geometry": {"type": "LineString", "coordinates": [[16.4877085, 43.5261354], [16.4877081, 43.5280631]]}, "properties": {"tema": "namjena-poslovna", "opis": "K — gospodarska namjena, poslovna", "cad_sloj": "boja #ffbf7e", "list": "1. Koristenje i namjena", "plan": "UPU Bilice sjever", "izvor": "UPU Bilice sjever (split.hr), vektorizirano iz PDF-a"}}, {"type": "Feature", "geometry": {"type": "LineString", "coordinates": [[16.4877177, 43.5261292], [16.4877173, 43.5280633]]}, "properties": {"tema": "namjena-poslovna", "opis": "K — gospodarska namjena, poslovna", "cad_sloj": "boja #ffbf7e", "list": "1. Koristenje i namjena", "plan": "UPU Bilice sjever", "izvor": "UPU Bilice sjever (split.hr), vektorizirano iz PDF-a"}}, {"type": "Feature", "geometry": {"type": "LineString", "coordinates": [[16.4877269, 43.5261223], [16.4877265, 43.5280635]]}, "properties": {"tema": "namjena-poslovna", "opis": "K — gospodarska namjena, poslovna", "cad_sloj": "boja #ffbf7e", "list": "1. Koristenje i namjena", "plan": "UPU Bilice sjever", "izvor": "UPU Bilice sjever (split.hr), vektorizirano iz PDF-a"}}, {"type": "Feature", "geometry": {"type": "LineString", "coordinates": [[16.4877363, 43.5261149], [16.4877359, 43.5280636]]}, "properties": {"tema": "namjena-poslovna", "opis": "K — gospodarska namjena, poslovna", "cad_sloj": "boja #ffbf7e", "list": "1. Koristenje i namjena", "plan": "UPU Bilice sjever", "izvor": "UPU Bilice sjever (split.hr), vektorizirano iz PDF-a"}}, {"type": "Feature", "geometry": {"type": "LineString", "coordinates": [[16.4877455, 43.5261065], [16.4877451, 43.5280638]]}, "properties": {"tema": "namjena-poslovna", "opis": "K — gospodarska namjena, poslovna", "cad_sloj": "boja #ffbf7e", "list": "1. Koristenje i namjena", "plan": "UPU Bilice sjever", "izvor": "UPU Bilice sjever (split.hr), vektorizirano iz PDF-a"}}, {"type": "Feature", "geometry": {"type": "LineString", "coordinates": [[16.4877549, 43.5260973], [16.4877545, 43.528064]]}, "properties": {"tema": "namjena-poslovna", "opis": "K — gospodarska namjena, poslovna", "cad_sloj": "boja #ffbf7e", "list": "1. Koristenje i namjena", "plan": "UPU Bilice sjever", "izvor": "UPU Bilice sjever (split.hr), vektorizirano iz PDF-a"}}, {"type": "Feature", "geometry": {"type": "LineString", "coordinates": [[16.4877641, 43.5260869], [16.4877637, 43.5280642]]}, "properties": {"tema": "namjena-poslovna", "opis": "K — gospodarska namjena, poslovna", "cad_sloj": "boja #ffbf7e", "list": "1. Koristenje i namjena", "plan": "UPU Bilice sjever", "izvor": "UPU Bilice sjever (split.hr), vektorizirano iz PDF-a"}}, {"type": "Feature", "geometry": {"type": "LineString", "coordinates": [[16.4877735, 43.5260747], [16.4877731, 43.5280644]]}, "properties": {"tema": "namjena-poslovna", "opis": "K — gospodarska namjena, poslovna", "cad_sloj": "boja #ffbf7e", "list": "1. Koristenje i namjena", "plan": "UPU Bilice sjever", "izvor": "UPU Bilice sjever (split.hr), vektorizirano iz PDF-a"}}, {"type": "Feature", "geometry": {"type": "LineString", "coordinates": [[16.4877826, 43.5260741], [16.4877822, 43.5280646]]}, "properties": {"tema": "namjena-poslovna", "opis": "K — gospodarska namjena, poslovna", "cad_sloj": "boja #ffbf7e", "list": "1. Koristenje i namjena", "plan": "UPU Bilice sjever", "izvor": "UPU Bilice sjever (split.hr), vektorizirano iz PDF-a"}}, {"type": "Feature", "geometry": {"type": "LineString", "coordinates": [[16.4877921, 43.5260756], [16.4877917, 43.5280648]]}, "properties": {"tema": "namjena-poslovna", "opis": "K — gospodarska namjena, poslovna", "cad_sloj": "boja #ffbf7e", "list": "1. Koristenje i namjena", "plan": "UPU Bilice sjever", "izvor": "UPU Bilice sjever (split.hr), vektorizirano iz PDF-a"}}, {"type": "Feature", "geometry": {"type": "LineString", "coordinates": [[16.4878012, 43.5260781], [16.4878008, 43.528065]]}, "properties": {"tema": "namjena-poslovna", "opis": "K — gospodarska namjena, poslovna", "cad_sloj": "boja #ffbf7e", "list": "1. Koristenje i namjena", "plan": "UPU Bilice sjever", "izvor": "UPU Bilice sjever (split.hr), vektorizirano iz PDF-a"}}, {"type": "Feature", "geometry": {"type": "LineString", "coordinates": [[16.4878104, 43.5259451], [16.4878104, 43.5259929]]}, "properties": {"tema": "namjena-poslovna", "opis": "K — gospodarska namjena, poslovna", "cad_sloj": "boja #ffbf7e", "list": "1. Koristenje i namjena", "plan": "UPU Bilice sjever", "izvor": "UPU Bilice sjever (split.hr), vektorizirano iz PDF-a"}}, {"type": "Feature", "geometry": {"type": "LineString", "coordinates": [[16.4878104, 43.5260813], [16.48781, 43.5280652]]}, "properties": {"tema": "namjena-poslovna", "opis": "K — gospodarska namjena, poslovna", "cad_sloj": "boja #ffbf7e", "list": "1. Koristenje i namjena", "plan": "UPU Bilice sjever", "izvor": "UPU Bilice sjever (split.hr), vektorizirano iz PDF-a"}}, {"type": "Feature", "geometry": {"type": "LineString", "coordinates": [[16.4878199, 43.5259365], [16.4878198, 43.5260025]]}, "properties": {"tema": "namjena-poslovna", "opis": "K — gospodarska namjena, poslovna", "cad_sloj": "boja #ffbf7e", "list": "1. Koristenje i namjena", "plan": "UPU Bilice sjever", "izvor": "UPU Bilice sjever (split.hr), vektorizirano iz PDF-a"}}, {"type": "Feature", "geometry": {"type": "LineString", "coordinates": [[16.4878198, 43.5260844], [16.4878194, 43.5280654]]}, "properties": {"tema": "namjena-poslovna", "opis": "K — gospodarska namjena, poslovna", "cad_sloj": "boja #ffbf7e", "list": "1. Koristenje i namjena", "plan": "UPU Bilice sjever", "izvor": "UPU Bilice sjever (split.hr), vektorizirano iz PDF-a"}}, {"type": "Feature", "geometry": {"type": "LineString", "coordinates": [[16.487829, 43.5259289], [16.487829, 43.526008]]}, "properties": {"tema": "namjena-poslovna", "opis": "K — gospodarska namjena, poslovna", "cad_sloj": "boja #ffbf7e", "list": "1. Koristenje i namjena", "plan": "UPU Bilice sjever", "izvor": "UPU Bilice sjever (split.hr), vektorizirano iz PDF-a"}}, {"type": "Feature", "geometry": {"type": "LineString", "coordinates": [[16.487829, 43.5260874], [16.4878286, 43.5280656]]}, "properties": {"tema": "namjena-poslovna", "opis": "K — gospodarska namjena, poslovna", "cad_sloj": "boja #ffbf7e", "list": "1. Koristenje i namjena", "plan": "UPU Bilice sjever", "izvor": "UPU Bilice sjever (split.hr), vektorizirano iz PDF-a"}}, {"type": "Feature", "geometry": {"type": "LineString", "coordinates": [[16.4878385, 43.5259219], [16.4878384, 43.5260114]]}, "properties": {"tema": "namjena-poslovna", "opis": "K — gospodarska namjena, poslovna", "cad_sloj": "boja #ffbf7e", "list": "1. Koristenje i namjena", "plan": "UPU Bilice sjever", "izvor": "UPU Bilice sjever (split.hr), vektorizirano iz PDF-a"}}, {"type": "Feature", "geometry": {"type": "LineString", "coordinates": [[16.4878384, 43.5260905], [16.487838, 43.5280658]]}, "properties": {"tema": "namjena-poslovna", "opis": "K — gospodarska namjena, poslovna", "cad_sloj": "boja #ffbf7e", "list": "1. Koristenje i namjena", "plan": "UPU Bilice sjever", "izvor": "UPU Bilice sjever (split.hr), vektorizirano iz PDF-a"}}, {"type": "Feature", "geometry": {"type": "LineString", "coordinates": [[16.4878476, 43.5259154], [16.4878476, 43.5260145]]}, "properties": {"tema": "namjena-poslovna", "opis": "K — gospodarska namjena, poslovna", "cad_sloj": "boja #ffbf7e", "list": "1. Koristenje i namjena", "plan": "UPU Bilice sjever", "izvor": "UPU Bilice sjever (split.hr), vektorizirano iz PDF-a"}}, {"type": "Feature", "geometry": {"type": "LineString", "coordinates": [[16.4878476, 43.5260935], [16.4878472, 43.5280659]]}, "properties": {"tema": "namjena-poslovna", "opis": "K — gospodarska namjena, poslovna", "cad_sloj": "boja #ffbf7e", "list": "1. Koristenje i namjena", "plan": "UPU Bilice sjever", "izvor": "UPU Bilice sjever (split.hr), vektorizirano iz PDF-a"}}, {"type": "Feature", "geometry": {"type": "LineString", "coordinates": [[16.487857, 43.5259093], [16.487857, 43.5260175]]}, "properties": {"tema": "namjena-poslovna", "opis": "K — gospodarska namjena, poslovna", "cad_sloj": "boja #ffbf7e", "list": "1. Koristenje i namjena", "plan": "UPU Bilice sjever", "izvor": "UPU Bilice sjever (split.hr), vektorizirano iz PDF-a"}}, {"type": "Feature", "geometry": {"type": "LineString", "coordinates": [[16.487857, 43.5260966], [16.4878566, 43.5280661]]}, "properties": {"tema": "namjena-poslovna", "opis": "K — gospodarska namjena, poslovna", "cad_sloj": "boja #ffbf7e", "list": "1. Koristenje i namjena", "plan": "UPU Bilice sjever", "izvor": "UPU Bilice sjever (split.hr), vektorizirano iz PDF-a"}}, {"type": "Feature", "geometry": {"type": "LineString", "coordinates": [[16.4878662, 43.5259038], [16.4878662, 43.5260206]]}, "properties": {"tema": "namjena-poslovna", "opis": "K — gospodarska namjena, poslovna", "cad_sloj": "boja #ffbf7e", "list": "1. Koristenje i namjena", "plan": "UPU Bilice sjever", "izvor": "UPU Bilice sjever (split.hr), vektorizirano iz PDF-a"}}, {"type": "Feature", "geometry": {"type": "LineString", "coordinates": [[16.4878662, 43.5260996], [16.4878658, 43.5280663]]}, "properties": {"tema": "namjena-poslovna", "opis": "K — gospodarska namjena, poslovna", "cad_sloj": "boja #ffbf7e", "list": "1. Koristenje i namjena", "plan": "UPU Bilice sjever", "izvor": "UPU Bilice sjever (split.hr), vektorizirano iz PDF-a"}}, {"type": "Feature", "geometry": {"type": "LineString", "coordinates": [[16.4878754, 43.5258986], [16.4878754, 43.5260236]]}, "properties": {"tema": "namjena-poslovna", "opis": "K — gospodarska namjena, poslovna", "cad_sloj": "boja #ffbf7e", "list": "1. Koristenje i namjena", "plan": "UPU Bilice sjever", "izvor": "UPU Bilice sjever (split.hr), vektorizirano iz PDF-a"}}, {"type": "Feature", "geometry": {"type": "LineString", "coordinates": [[16.4878753, 43.5261027], [16.4878749, 43.5280665]]}, "properties": {"tema": "namjena-poslovna", "opis": "K — gospodarska namjena, poslovna", "cad_sloj": "boja #ffbf7e", "list": "1. Koristenje i namjena", "plan": "UPU Bilice sjever", "izvor": "UPU Bilice sjever (split.hr), vektorizirano iz PDF-a"}}, {"type": "Feature", "geometry": {"type": "LineString", "coordinates": [[16.4878848, 43.5258941], [16.4878848, 43.5260267]]}, "properties": {"tema": "namjena-poslovna", "opis": "K — gospodarska namjena, poslovna", "cad_sloj": "boja #ffbf7e", "list": "1. Koristenje i namjena", "plan": "UPU Bilice sjever", "izvor": "UPU Bilice sjever (split.hr), vektorizirano iz PDF-a"}}, {"type": "Feature", "geometry": {"type": "LineString", "coordinates": [[16.4878848, 43.5261057], [16.4878844, 43.5280667]]}, "properties": {"tema": "namjena-poslovna", "opis": "K — gospodarska namjena, poslovna", "cad_sloj": "boja #ffbf7e", "list": "1. Koristenje i namjena", "plan": "UPU Bilice sjever", "izvor": "UPU Bilice sjever (split.hr), vektorizirano iz PDF-a"}}, {"type": "Feature", "geometry": {"type": "LineString", "coordinates": [[16.487894, 43.5258895], [16.4878939, 43.5260297]]}, "properties": {"tema": "namjena-poslovna", "opis": "K — gospodarska namjena, poslovna", "cad_sloj": "boja #ffbf7e", "list": "1. Koristenje i namjena", "plan": "UPU Bilice sjever", "izvor": "UPU Bilice sjever (split.hr), vektorizirano iz PDF-a"}}, {"type": "Feature", "geometry": {"type": "LineString", "coordinates": [[16.4878939, 43.526109], [16.4878935, 43.5280669]]}, "properties": {"tema": "namjena-poslovna", "opis": "K — gospodarska namjena, poslovna", "cad_sloj": "boja #ffbf7e", "list": "1. Koristenje i namjena", "plan": "UPU Bilice sjever", "izvor": "UPU Bilice sjever (split.hr), vektorizirano iz PDF-a"}}, {"type": "Feature", "geometry": {"type": "LineString", "coordinates": [[16.4879034, 43.5258847], [16.4879034, 43.5260328]]}, "properties": {"tema": "namjena-poslovna", "opis": "K — gospodarska namjena, poslovna", "cad_sloj": "boja #ffbf7e", "list": "1. Koristenje i namjena", "plan": "UPU Bilice sjever", "izvor": "UPU Bilice sjever (split.hr), vektorizirano iz PDF-a"}}, {"type": "Feature", "geometry": {"type": "LineString", "coordinates": [[16.4879034, 43.526112], [16.487903, 43.5280671]]}, "properties": {"tema": "namjena-poslovna", "opis": "K — gospodarska namjena, poslovna", "cad_sloj": "boja #ffbf7e", "list": "1. Koristenje i namjena", "plan": "UPU Bilice sjever", "izvor": "UPU Bilice sjever (split.hr), vektorizirano iz PDF-a"}}, {"type": "Feature", "geometry": {"type": "LineString", "coordinates": [[16.4879126, 43.5258802], [16.4879125, 43.526036]]}, "properties": {"tema": "namjena-poslovna", "opis": "K — gospodarska namjena, poslovna", "cad_sloj": "boja #ffbf7e", "list": "1. Koristenje i namjena", "plan": "UPU Bilice sjever", "izvor": "UPU Bilice sjever (split.hr), vektorizirano iz PDF-a"}}, {"type": "Feature", "geometry": {"type": "LineString", "coordinates": [[16.4879125, 43.5261151], [16.4879121, 43.5280673]]}, "properties": {"tema": "namjena-poslovna", "opis": "K — gospodarska namjena, poslovna", "cad_sloj": "boja #ffbf7e", "list": "1. Koristenje i namjena", "plan": "UPU Bilice sjever", "izvor": "UPU Bilice sjever (split.hr), vektorizirano iz PDF-a"}}, {"type": "Feature", "geometry": {"type": "LineString", "coordinates": [[16.487922, 43.5258756], [16.487922, 43.5260391]]}, "properties": {"tema": "namjena-poslovna", "opis": "K — gospodarska namjena, poslovna", "cad_sloj": "boja #ffbf7e", "list": "1. Koristenje i namjena", "plan": "UPU Bilice sjever", "izvor": "UPU Bilice sjever (split.hr), vektorizirano iz PDF-a"}}, {"type": "Feature", "geometry": {"type": "LineString", "coordinates": [[16.4879219, 43.5261181], [16.4879216, 43.5280675]]}, "properties": {"tema": "namjena-poslovna", "opis": "K — gospodarska namjena, poslovna", "cad_sloj": "boja #ffbf7e", "list": "1. Koristenje i namjena", "plan": "UPU Bilice sjever", "izvor": "UPU Bilice sjever (split.hr), vektorizirano iz PDF-a"}}, {"type": "Feature", "geometry": {"type": "LineString", "coordinates": [[16.4879312, 43.525871], [16.4879311, 43.5260421]]}, "properties": {"tema": "namjena-poslovna", "opis": "K — gospodarska namjena, poslovna", "cad_sloj": "boja #ffbf7e", "list": "1. Koristenje i namjena", "plan": "UPU Bilice sjever", "izvor": "UPU Bilice sjever (split.hr), vektorizirano iz PDF-a"}}, {"type": "Feature", "geometry": {"type": "LineString", "coordinates": [[16.4879311, 43.5261212], [16.4879307, 43.5280677]]}, "properties": {"tema": "namjena-poslovna", "opis": "K — gospodarska namjena, poslovna", "cad_sloj": "boja #ffbf7e", "list": "1. Koristenje i namjena", "plan": "UPU Bilice sjever", "izvor": "UPU Bilice sjever (split.hr), vektorizirano iz PDF-a"}}, {"type": "Feature", "geometry": {"type": "LineString", "coordinates": [[16.4879403, 43.5258664], [16.4879403, 43.5260452]]}, "properties": {"tema": "namjena-poslovna", "opis": "K — gospodarska namjena, poslovna", "cad_sloj": "boja #ffbf7e", "list": "1. Koristenje i namjena", "plan": "UPU Bilice sjever", "izvor": "UPU Bilice sjever (split.hr), vektorizirano iz PDF-a"}}, {"type": "Feature", "geometry": {"type": "LineString", "coordinates": [[16.4879403, 43.5261242], [16.4879399, 43.5280679]]}, "properties": {"tema": "namjena-poslovna", "opis": "K — gospodarska namjena, poslovna", "cad_sloj": "boja #ffbf7e", "list": "1. Koristenje i namjena", "plan": "UPU Bilice sjever", "izvor": "UPU Bilice sjever (split.hr), vektorizirano iz PDF-a"}}, {"type": "Feature", "geometry": {"type": "LineString", "coordinates": [[16.4879498, 43.5258619], [16.4879497, 43.5260482]]}, "properties": {"tema": "namjena-poslovna", "opis": "K — gospodarska namjena, poslovna", "cad_sloj": "boja #ffbf7e", "list": "1. Koristenje i namjena", "plan": "UPU Bilice sjever", "izvor": "UPU Bilice sjever (split.hr), vektorizirano iz PDF-a"}}, {"type": "Feature", "geometry": {"type": "LineString", "coordinates": [[16.4879497, 43.5261273], [16.4879493, 43.528068]]}, "properties": {"tema": "namjena-poslovna", "opis": "K — gospodarska namjena, poslovna", "cad_sloj": "boja #ffbf7e", "list": "1. Koristenje i namjena", "plan": "UPU Bilice sjever", "izvor": "UPU Bilice sjever (split.hr), vektorizirano iz PDF-a"}}, {"type": "Feature", "geometry": {"type": "LineString", "coordinates": [[16.4879589, 43.5258571], [16.4879589, 43.5260513]]}, "properties": {"tema": "namjena-poslovna", "opis": "K — gospodarska namjena, poslovna", "cad_sloj": "boja #ffbf7e", "list": "1. Koristenje i namjena", "plan": "UPU Bilice sjever", "izvor": "UPU Bilice sjever (split.hr), vektorizirano iz PDF-a"}}, {"type": "Feature", "geometry": {"type": "LineString", "coordinates": [[16.4879589, 43.5261303], [16.4879585, 43.5280682]]}, "properties": {"tema": "namjena-poslovna", "opis": "K — gospodarska namjena, poslovna", "cad_sloj": "boja #ffbf7e", "list": "1. Koristenje i namjena", "plan": "UPU Bilice sjever", "izvor": "UPU Bilice sjever (split.hr), vektorizirano iz PDF-a"}}, {"type": "Feature", "geometry": {"type": "LineString", "coordinates": [[16.4879683, 43.5258525], [16.4879683, 43.5260543]]}, "properties": {"tema": "namjena-poslovna", "opis": "K — gospodarska namjena, poslovna", "cad_sloj": "boja #ffbf7e", "list": "1. Koristenje i namjena", "plan": "UPU Bilice sjever", "izvor": "UPU Bilice sjever (split.hr), vektorizirano iz PDF-a"}}, {"type": "Feature", "geometry": {"type": "LineString", "coordinates": [[16.4879683, 43.5261334], [16.4879679, 43.5280684]]}, "properties": {"tema": "namjena-poslovna", "opis": "K — gospodarska namjena, poslovna", "cad_sloj": "boja #ffbf7e", "list": "1. Koristenje i namjena", "plan": "UPU Bilice sjever", "izvor": "UPU Bilice sjever (split.hr), vektorizirano iz PDF-a"}}, {"type": "Feature", "geometry": {"type": "LineString", "coordinates": [[16.4879775, 43.525848], [16.4879775, 43.5260574]]}, "properties": {"tema": "namjena-poslovna", "opis": "K — gospodarska namjena, poslovna", "cad_sloj": "boja #ffbf7e", "list": "1. Koristenje i namjena", "plan": "UPU Bilice sjever", "izvor": "UPU Bilice sjever (split.hr), vektorizirano iz PDF-a"}}, {"type": "Feature", "geometry": {"type": "LineString", "coordinates": [[16.4879775, 43.5261366], [16.4879771, 43.5280686]]}, "properties": {"tema": "namjena-poslovna", "opis": "K — gospodarska namjena, poslovna", "cad_sloj": "boja #ffbf7e", "list": "1. Koristenje i namjena", "plan": "UPU Bilice sjever", "izvor": "UPU Bilice sjever (split.hr), vektorizirano iz PDF-a"}}, {"type": "Feature", "geometry": {"type": "LineString", "coordinates": [[16.4879869, 43.5258434], [16.4879869, 43.5260604]]}, "properties": {"tema": "namjena-poslovna", "opis": "K — gospodarska namjena, poslovna", "cad_sloj": "boja #ffbf7e", "list": "1. Koristenje i namjena", "plan": "UPU Bilice sjever", "izvor": "UPU Bilice sjever (split.hr), vektorizirano iz PDF-a"}}, {"type": "Feature", "geometry": {"type": "LineString", "coordinates": [[16.4879869, 43.5261397], [16.4879865, 43.5280688]]}, "properties": {"tema": "namjena-poslovna", "opis": "K — gospodarska namjena, poslovna", "cad_sloj": "boja #ffbf7e", "list": "1. Koristenje i namjena", "plan": "UPU Bilice sjever", "izvor": "UPU Bilice sjever (split.hr), vektorizirano iz PDF-a"}}, {"type": "Feature", "geometry": {"type": "LineString", "coordinates": [[16.4879961, 43.5258386], [16.4879961, 43.5260636]]}, "properties": {"tema": "namjena-poslovna", "opis": "K — gospodarska namjena, poslovna", "cad_sloj": "boja #ffbf7e", "list": "1. Koristenje i namjena", "plan": "UPU Bilice sjever", "izvor": "UPU Bilice sjever (split.hr), vektorizirano iz PDF-a"}}, {"type": "Feature", "geometry": {"type": "LineString", "coordinates": [[16.487996, 43.5261427], [16.4879957, 43.528069]]}, "properties": {"tema": "namjena-poslovna", "opis": "K — gospodarska namjena, poslovna", "cad_sloj": "boja #ffbf7e", "list": "1. Koristenje i namjena", "plan": "UPU Bilice sjever", "izvor": "UPU Bilice sjever (split.hr), vektorizirano iz PDF-a"}}, {"type": "Feature", "geometry": {"type": "LineString", "coordinates": [[16.4880053, 43.5258341], [16.4880052, 43.5260667]]}, "properties": {"tema": "namjena-poslovna", "opis": "K — gospodarska namjena, poslovna", "cad_sloj": "boja #ffbf7e", "list": "1. Koristenje i namjena", "plan": "UPU Bilice sjever", "izvor": "UPU Bilice sjever (split.hr), vektorizirano iz PDF-a"}}, {"type": "Feature", "geometry": {"type": "LineString", "coordinates": [[16.4880052, 43.5261458], [16.4880048, 43.5280692]]}, "properties": {"tema": "namjena-poslovna", "opis": "K — gospodarska namjena, poslovna", "cad_sloj": "boja #ffbf7e", "list": "1. Koristenje i namjena", "plan": "UPU Bilice sjever", "izvor": "UPU Bilice sjever (split.hr), vektorizirano iz PDF-a"}}, {"type": "Feature", "geometry": {"type": "LineString", "coordinates": [[16.4880147, 43.5258295], [16.4880147, 43.5260697]]}, "properties": {"tema": "namjena-poslovna", "opis": "K — gospodarska namjena, poslovna", "cad_sloj": "boja #ffbf7e", "list": "1. Koristenje i namjena", "plan": "UPU Bilice sjever", "izvor": "UPU Bilice sjever (split.hr), vektorizirano iz PDF-a"}}, {"type": "Feature", "geometry": {"type": "LineString", "coordinates": [[16.4880146, 43.5261488], [16.4880143, 43.5280694]]}, "properties": {"tema": "namjena-poslovna", "opis": "K — gospodarska namjena, poslovna", "cad_sloj": "boja #ffbf7e", "list": "1. Koristenje i namjena", "plan": "UPU Bilice sjever", "izvor": "UPU Bilice sjever (split.hr), vektorizirano iz PDF-a"}}, {"type": "Feature", "geometry": {"type": "LineString", "coordinates": [[16.4880239, 43.5258247], [16.4880238, 43.5260728]]}, "properties": {"tema": "namjena-poslovna", "opis": "K — gospodarska namjena, poslovna", "cad_sloj": "boja #ffbf7e", "list": "1. Koristenje i namjena", "plan": "UPU Bilice sjever", "izvor": "UPU Bilice sjever (split.hr), vektorizirano iz PDF-a"}}, {"type": "Feature", "geometry": {"type": "LineString", "coordinates": [[16.4880238, 43.5261519], [16.4880234, 43.5280696]]}, "properties": {"tema": "namjena-poslovna", "opis": "K — gospodarska namjena, poslovna", "cad_sloj": "boja #ffbf7e", "list": "1. Koristenje i namjena", "plan": "UPU Bilice sjever", "izvor": "UPU Bilice sjever (split.hr), vektorizirano iz PDF-a"}}, {"type": "Feature", "geometry": {"type": "LineString", "coordinates": [[16.4880333, 43.5258201], [16.4880332, 43.5260758]]}, "properties": {"tema": "namjena-poslovna", "opis": "K — gospodarska namjena, poslovna", "cad_sloj": "boja #ffbf7e", "list": "1. Koristenje i namjena", "plan": "UPU Bilice sjever", "izvor": "UPU Bilice sjever (split.hr), vektorizirano iz PDF-a"}}, {"type": "Feature", "geometry": {"type": "LineString", "coordinates": [[16.4880332, 43.5261549], [16.4880328, 43.5280698]]}, "properties": {"tema": "namjena-poslovna", "opis": "K — gospodarska namjena, poslovna", "cad_sloj": "boja #ffbf7e", "list": "1. Koristenje i namjena", "plan": "UPU Bilice sjever", "izvor": "UPU Bilice sjever (split.hr), vektorizirano iz PDF-a"}}, {"type": "Feature", "geometry": {"type": "LineString", "coordinates": [[16.4880425, 43.5258156], [16.4880424, 43.5260789]]}, "properties": {"tema": "namjena-poslovna", "opis": "K — gospodarska namjena, poslovna", "cad_sloj": "boja #ffbf7e", "list": "1. Koristenje i namjena", "plan": "UPU Bilice sjever", "izvor": "UPU Bilice sjever (split.hr), vektorizirano iz PDF-a"}}, {"type": "Feature", "geometry": {"type": "LineString", "coordinates": [[16.4880424, 43.526158], [16.488042, 43.52807]]}, "properties": {"tema": "namjena-poslovna", "opis": "K — gospodarska namjena, poslovna", "cad_sloj": "boja #ffbf7e", "list": "1. Koristenje i namjena", "plan": "UPU Bilice sjever", "izvor": "UPU Bilice sjever (split.hr), vektorizirano iz PDF-a"}}, {"type": "Feature", "geometry": {"type": "LineString", "coordinates": [[16.4880519, 43.525811], [16.4880518, 43.5260819]]}, "properties": {"tema": "namjena-poslovna", "opis": "K — gospodarska namjena, poslovna", "cad_sloj": "boja #ffbf7e", "list": "1. Koristenje i namjena", "plan": "UPU Bilice sjever", "izvor": "UPU Bilice sjever (split.hr), vektorizirano iz PDF-a"}}, {"type": "Feature", "geometry": {"type": "LineString", "coordinates": [[16.4880518, 43.526161], [16.4880514, 43.5280702]]}, "properties": {"tema": "namjena-poslovna", "opis": "K — gospodarska namjena, poslovna", "cad_sloj": "boja #ffbf7e", "list": "1. Koristenje i namjena", "plan": "UPU Bilice sjever", "izvor": "UPU Bilice sjever (split.hr), vektorizirano iz PDF-a"}}, {"type": "Feature", "geometry": {"type": "LineString", "coordinates": [[16.4880611, 43.5258062], [16.488061, 43.526085]]}, "properties": {"tema": "namjena-poslovna", "opis": "K — gospodarska namjena, poslovna", "cad_sloj": "boja #ffbf7e", "list": "1. Koristenje i namjena", "plan": "UPU Bilice sjever", "izvor": "UPU Bilice sjever (split.hr), vektorizirano iz PDF-a"}}, {"type": "Feature", "geometry": {"type": "LineString", "coordinates": [[16.488061, 43.5261643], [16.4880606, 43.5280703]]}, "properties": {"tema": "namjena-poslovna", "opis": "K — gospodarska namjena, poslovna", "cad_sloj": "boja #ffbf7e", "list": "1. Koristenje i namjena", "plan": "UPU Bilice sjever", "izvor": "UPU Bilice sjever (split.hr), vektorizirano iz PDF-a"}}, {"type": "Feature", "geometry": {"type": "LineString", "coordinates": [[16.4880705, 43.5258017], [16.4880704, 43.526088]]}, "properties": {"tema": "namjena-poslovna", "opis": "K — gospodarska namjena, poslovna", "cad_sloj": "boja #ffbf7e", "list": "1. Koristenje i namjena", "plan": "UPU Bilice sjever", "izvor": "UPU Bilice sjever (split.hr), vektorizirano iz PDF-a"}}, {"type": "Feature", "geometry": {"type": "LineString", "coordinates": [[16.4880704, 43.5261673], [16.48807, 43.5280705]]}, "properties": {"tema": "namjena-poslovna", "opis": "K — gospodarska namjena, poslovna", "cad_sloj": "boja #ffbf7e", "list": "1. Koristenje i namjena", "plan": "UPU Bilice sjever", "izvor": "UPU Bilice sjever (split.hr), vektorizirano iz PDF-a"}}, {"type": "Feature", "geometry": {"type": "LineString", "coordinates": [[16.4880796, 43.5257971], [16.4880796, 43.5260913]]}, "properties": {"tema": "namjena-poslovna", "opis": "K — gospodarska namjena, poslovna", "cad_sloj": "boja #ffbf7e", "list": "1. Koristenje i namjena", "plan": "UPU Bilice sjever", "izvor": "UPU Bilice sjever (split.hr), vektorizirano iz PDF-a"}}, {"type": "Feature", "geometry": {"type": "LineString", "coordinates": [[16.4880796, 43.5261703], [16.4880792, 43.5280707]]}, "properties": {"tema": "namjena-poslovna", "opis": "K — gospodarska namjena, poslovna", "cad_sloj": "boja #ffbf7e", "list": "1. Koristenje i namjena", "plan": "UPU Bilice sjever", "izvor": "UPU Bilice sjever (split.hr), vektorizirano iz PDF-a"}}, {"type": "Feature", "geometry": {"type": "LineString", "coordinates": [[16.4880888, 43.5257925], [16.4880888, 43.5260943]]}, "properties": {"tema": "namjena-poslovna", "opis": "K — gospodarska namjena, poslovna", "cad_sloj": "boja #ffbf7e", "list": "1. Koristenje i namjena", "plan": "UPU Bilice sjever", "izvor": "UPU Bilice sjever (split.hr), vektorizirano iz PDF-a"}}, {"type": "Feature", "geometry": {"type": "LineString", "coordinates": [[16.4880887, 43.5261734], [16.4880884, 43.5280709]]}, "properties": {"tema": "namjena-poslovna", "opis": "K — gospodarska namjena, poslovna", "cad_sloj": "boja #ffbf7e", "list": "1. Koristenje i namjena", "plan": "UPU Bilice sjever", "izvor": "UPU Bilice sjever (split.hr), vektorizirano iz PDF-a"}}, {"type": "Feature", "geometry": {"type": "LineString", "coordinates": [[16.4880982, 43.5257878], [16.4880982, 43.5260974]]}, "properties": {"tema": "namjena-poslovna", "opis": "K — gospodarska namjena, poslovna", "cad_sloj": "boja #ffbf7e", "list": "1. Koristenje i namjena", "plan": "UPU Bilice sjever", "izvor": "UPU Bilice sjever (split.hr), vektorizirano iz PDF-a"}}, {"type": "Feature", "geometry": {"type": "LineString", "coordinates": [[16.4880982, 43.5261765], [16.4880978, 43.5280713]]}, "properties": {"tema": "namjena-poslovna", "opis": "K — gospodarska namjena, poslovna", "cad_sloj": "boja #ffbf7e", "list": "1. Koristenje i namjena", "plan": "UPU Bilice sjever", "izvor": "UPU Bilice sjever (split.hr), vektorizirano iz PDF-a"}}, {"type": "Feature", "geometry": {"type": "LineString", "coordinates": [[16.4881074, 43.5257832], [16.4881073, 43.5261004]]}, "properties": {"tema": "namjena-poslovna", "opis": "K — gospodarska namjena, poslovna", "cad_sloj": "boja #ffbf7e", "list": "1. Koristenje i namjena", "plan": "UPU Bilice sjever", "izvor": "UPU Bilice sjever (split.hr), vektorizirano iz PDF-a"}}, {"type": "Feature", "geometry": {"type": "LineString", "coordinates": [[16.4881073, 43.5261795], [16.488107, 43.5280715]]}, "properties": {"tema": "namjena-poslovna", "opis": "K — gospodarska namjena, poslovna", "cad_sloj": "boja #ffbf7e", "list": "1. Koristenje i namjena", "plan": "UPU Bilice sjever", "izvor": "UPU Bilice sjever (split.hr), vektorizirano iz PDF-a"}}, {"type": "Feature", "geometry": {"type": "LineString", "coordinates": [[16.4881168, 43.5257786], [16.4881168, 43.5261035]]}, "properties": {"tema": "namjena-poslovna", "opis": "K — gospodarska namjena, poslovna", "cad_sloj": "boja #ffbf7e", "list": "1. Koristenje i namjena", "plan": "UPU Bilice sjever", "izvor": "UPU Bilice sjever (split.hr), vektorizirano iz PDF-a"}}, {"type": "Feature", "geometry": {"type": "LineString", "coordinates": [[16.4881168, 43.5261825], [16.4881164, 43.5280717]]}, "properties": {"tema": "namjena-poslovna", "opis": "K — gospodarska namjena, poslovna", "cad_sloj": "boja #ffbf7e", "list": "1. Koristenje i namjena", "plan": "UPU Bilice sjever", "izvor": "UPU Bilice sjever (split.hr), vektorizirano iz PDF-a"}}, {"type": "Feature", "geometry": {"type": "LineString", "coordinates": [[16.488126, 43.525774], [16.4881259, 43.5261065]]}, "properties": {"tema": "namjena-poslovna", "opis": "K — gospodarska namjena, poslovna", "cad_sloj": "boja #ffbf7e", "list": "1. Koristenje i namjena", "plan": "UPU Bilice sjever", "izvor": "UPU Bilice sjever (split.hr), vektorizirano iz PDF-a"}}, {"type": "Feature", "geometry": {"type": "LineString", "coordinates": [[16.4881259, 43.5261856], [16.4881255, 43.5280719]]}, "properties": {"tema": "namjena-poslovna", "opis": "K — gospodarska namjena, poslovna", "cad_sloj": "boja #ffbf7e", "list": "1. Koristenje i namjena", "plan": "UPU Bilice sjever", "izvor": "UPU Bilice sjever (split.hr), vektorizirano iz PDF-a"}}, {"type": "Feature", "geometry": {"type": "LineString", "coordinates": [[16.4881354, 43.5257693], [16.4881354, 43.5261096]]}, "properties": {"tema": "namjena-poslovna", "opis": "K — gospodarska namjena, poslovna", "cad_sloj": "boja #ffbf7e", "list": "1. Koristenje i namjena", "plan": "UPU Bilice sjever", "izvor": "UPU Bilice sjever (split.hr), vektorizirano iz PDF-a"}}, {"type": "Feature", "geometry": {"type": "LineString", "coordinates": [[16.4881353, 43.5261886], [16.488135, 43.5280721]]}, "properties": {"tema": "namjena-poslovna", "opis": "K — gospodarska namjena, poslovna", "cad_sloj": "boja #ffbf7e", "list": "1. Koristenje i namjena", "plan": "UPU Bilice sjever", "izvor": "UPU Bilice sjever (split.hr), vektorizirano iz PDF-a"}}, {"type": "Feature", "geometry": {"type": "LineString", "coordinates": [[16.4881446, 43.5257647], [16.4881445, 43.5261126]]}, "properties": {"tema": "namjena-poslovna", "opis": "K — gospodarska namjena, poslovna", "cad_sloj": "boja #ffbf7e", "list": "1. Koristenje i namjena", "plan": "UPU Bilice sjever", "izvor": "UPU Bilice sjever (split.hr), vektorizirano iz PDF-a"}}, {"type": "Feature", "geometry": {"type": "LineString", "coordinates": [[16.4881445, 43.5261917], [16.4881441, 43.5280723]]}, "properties": {"tema": "namjena-poslovna", "opis": "K — gospodarska namjena, poslovna", "cad_sloj": "boja #ffbf7e", "list": "1. Koristenje i namjena", "plan": "UPU Bilice sjever", "izvor": "UPU Bilice sjever (split.hr), vektorizirano iz PDF-a"}}, {"type": "Feature", "geometry": {"type": "LineString", "coordinates": [[16.4881538, 43.5257601], [16.4881537, 43.5261157]]}, "properties": {"tema": "namjena-poslovna", "opis": "K — gospodarska namjena, poslovna", "cad_sloj": "boja #ffbf7e", "list": "1. Koristenje i namjena", "plan": "UPU Bilice sjever", "izvor": "UPU Bilice sjever (split.hr), vektorizirano iz PDF-a"}}, {"type": "Feature", "geometry": {"type": "LineString", "coordinates": [[16.4881537, 43.5261949], [16.4881533, 43.5280725]]}, "properties": {"tema": "namjena-poslovna", "opis": "K — gospodarska namjena, poslovna", "cad_sloj": "boja #ffbf7e", "list": "1. Koristenje i namjena", "plan": "UPU Bilice sjever", "izvor": "UPU Bilice sjever (split.hr), vektorizirano iz PDF-a"}}, {"type": "Feature", "geometry": {"type": "LineString", "coordinates": [[16.4881632, 43.5257554], [16.4881631, 43.5261189]]}, "properties": {"tema": "namjena-poslovna", "opis": "K — gospodarska namjena, poslovna", "cad_sloj": "boja #ffbf7e", "list": "1. Koristenje i namjena", "plan": "UPU Bilice sjever", "izvor": "UPU Bilice sjever (split.hr), vektorizirano iz PDF-a"}}, {"type": "Feature", "geometry": {"type": "LineString", "coordinates": [[16.4881631, 43.526198], [16.4881627, 43.5280726]]}, "properties": {"tema": "namjena-poslovna", "opis": "K — gospodarska namjena, poslovna", "cad_sloj": "boja #ffbf7e", "list": "1. Koristenje i namjena", "plan": "UPU Bilice sjever", "izvor": "UPU Bilice sjever (split.hr), vektorizirano iz PDF-a"}}, {"type": "Feature", "geometry": {"type": "LineString", "coordinates": [[16.4881723, 43.5257508], [16.4881723, 43.526122]]}, "properties": {"tema": "namjena-poslovna", "opis": "K — gospodarska namjena, poslovna", "cad_sloj": "boja #ffbf7e", "list": "1. Koristenje i namjena", "plan": "UPU Bilice sjever", "izvor": "UPU Bilice sjever (split.hr), vektorizirano iz PDF-a"}}, {"type": "Feature", "geometry": {"type": "LineString", "coordinates": [[16.4881723, 43.526201], [16.4881719, 43.5280728]]}, "properties": {"tema": "namjena-poslovna", "opis": "K — gospodarska namjena, poslovna", "cad_sloj": "boja #ffbf7e", "list": "1. Koristenje i namjena", "plan": "UPU Bilice sjever", "izvor": "UPU Bilice sjever (split.hr), vektorizirano iz PDF-a"}}, {"type": "Feature", "geometry": {"type": "LineString", "coordinates": [[16.4881818, 43.5257462], [16.4881817, 43.526125]]}, "properties": {"tema": "namjena-poslovna", "opis": "K — gospodarska namjena, poslovna", "cad_sloj": "boja #ffbf7e", "list": "1. Koristenje i namjena", "plan": "UPU Bilice sjever", "izvor": "UPU Bilice sjever (split.hr), vektorizirano iz PDF-a"}}, {"type": "Feature", "geometry": {"type": "LineString", "coordinates": [[16.4881817, 43.5262041], [16.4881813, 43.528073]]}, "properties": {"tema": "namjena-poslovna", "opis": "K — gospodarska namjena, poslovna", "cad_sloj": "boja #ffbf7e", "list": "1. Koristenje i namjena", "plan": "UPU Bilice sjever", "izvor": "UPU Bilice sjever (split.hr), vektorizirano iz PDF-a"}}, {"type": "Feature", "geometry": {"type": "LineString", "coordinates": [[16.4881909, 43.5257417], [16.4881909, 43.5261281]]}, "properties": {"tema": "namjena-poslovna", "opis": "K — gospodarska namjena, poslovna", "cad_sloj": "boja #ffbf7e", "list": "1. Koristenje i namjena", "plan": "UPU Bilice sjever", "izvor": "UPU Bilice sjever (split.hr), vektorizirano iz PDF-a"}}, {"type": "Feature", "geometry": {"type": "LineString", "coordinates": [[16.4881909, 43.5262071], [16.4881905, 43.5280732]]}, "properties": {"tema": "namjena-poslovna", "opis": "K — gospodarska namjena, poslovna", "cad_sloj": "boja #ffbf7e", "list": "1. Koristenje i namjena", "plan": "UPU Bilice sjever", "izvor": "UPU Bilice sjever (split.hr), vektorizirano iz PDF-a"}}, {"type": "Feature", "geometry": {"type": "LineString", "coordinates": [[16.4882004, 43.5257369], [16.4882003, 43.5261311]]}, "properties": {"tema": "namjena-poslovna", "opis": "K — gospodarska namjena, poslovna", "cad_sloj": "boja #ffbf7e", "list": "1. Koristenje i namjena", "plan": "UPU Bilice sjever", "izvor": "UPU Bilice sjever (split.hr), vektorizirano iz PDF-a"}}, {"type": "Feature", "geometry": {"type": "LineString", "coordinates": [[16.4882003, 43.5262102], [16.4881999, 43.5280734]]}, "properties": {"tema": "namjena-poslovna", "opis": "K — gospodarska namjena, poslovna", "cad_sloj": "boja #ffbf7e", "list": "1. Koristenje i namjena", "plan": "UPU Bilice sjever", "izvor": "UPU Bilice sjever (split.hr), vektorizirano iz PDF-a"}}, {"type": "Feature", "geometry": {"type": "LineString", "coordinates": [[16.4882095, 43.5257323], [16.4882095, 43.5261342]]}, "properties": {"tema": "namjena-poslovna", "opis": "K — gospodarska namjena, poslovna", "cad_sloj": "boja #ffbf7e", "list": "1. Koristenje i namjena", "plan": "UPU Bilice sjever", "izvor": "UPU Bilice sjever (split.hr), vektorizirano iz PDF-a"}}, {"type": "Feature", "geometry": {"type": "LineString", "coordinates": [[16.4882094, 43.5262132], [16.4882091, 43.5280736]]}, "properties": {"tema": "namjena-poslovna", "opis": "K — gospodarska namjena, poslovna", "cad_sloj": "boja #ffbf7e", "list": "1. Koristenje i namjena", "plan": "UPU Bilice sjever", "izvor": "UPU Bilice sjever (split.hr), vektorizirano iz PDF-a"}}, {"type": "Feature", "geometry": {"type": "LineString", "coordinates": [[16.4882187, 43.5257278], [16.4882186, 43.5261372]]}, "properties": {"tema": "namjena-poslovna", "opis": "K — gospodarska namjena, poslovna", "cad_sloj": "boja #ffbf7e", "list": "1. Koristenje i namjena", "plan": "UPU Bilice sjever", "izvor": "UPU Bilice sjever (split.hr), vektorizirano iz PDF-a"}}, {"type": "Feature", "geometry": {"type": "LineString", "coordinates": [[16.4882186, 43.5262163], [16.4882182, 43.5280738]]}, "properties": {"tema": "namjena-poslovna", "opis": "K — gospodarska namjena, poslovna", "cad_sloj": "boja #ffbf7e", "list": "1. Koristenje i namjena", "plan": "UPU Bilice sjever", "izvor": "UPU Bilice sjever (split.hr), vektorizirano iz PDF-a"}}, {"type": "Feature", "geometry": {"type": "LineString", "coordinates": [[16.4882281, 43.5257232], [16.488228, 43.5261403]]}, "properties": {"tema": "namjena-poslovna", "opis": "K — gospodarska namjena, poslovna", "cad_sloj": "boja #ffbf7e", "list": "1. Koristenje i namjena", "plan": "UPU Bilice sjever", "izvor": "UPU Bilice sjever (split.hr), vektorizirano iz PDF-a"}}, {"type": "Feature", "geometry": {"type": "LineString", "coordinates": [[16.488228, 43.5262193], [16.4882277, 43.528074]]}, "properties": {"tema": "namjena-poslovna", "opis": "K — gospodarska namjena, poslovna", "cad_sloj": "boja #ffbf7e", "list": "1. Koristenje i namjena", "plan": "UPU Bilice sjever", "izvor": "UPU Bilice sjever (split.hr), vektorizirano iz PDF-a"}}, {"type": "Feature", "geometry": {"type": "LineString", "coordinates": [[16.4882373, 43.5257184], [16.4882372, 43.5261433]]}, "properties": {"tema": "namjena-poslovna", "opis": "K — gospodarska namjena, poslovna", "cad_sloj": "boja #ffbf7e", "list": "1. Koristenje i namjena", "plan": "UPU Bilice sjever", "izvor": "UPU Bilice sjever (split.hr), vektorizirano iz PDF-a"}}, {"type": "Feature", "geometry": {"type": "LineString", "coordinates": [[16.4882372, 43.5262226], [16.4882368, 43.5280742]]}, "properties": {"tema": "namjena-poslovna", "opis": "K — gospodarska namjena, poslovna", "cad_sloj": "boja #ffbf7e", "list": "1. Koristenje i namjena", "plan": "UPU Bilice sjever", "izvor": "UPU Bilice sjever (split.hr), vektorizirano iz PDF-a"}}, {"type": "Feature", "geometry": {"type": "LineString", "coordinates": [[16.4882467, 43.5257139], [16.4882466, 43.5261466]]}, "properties": {"tema": "namjena-poslovna", "opis": "K — gospodarska namjena, poslovna", "cad_sloj": "boja #ffbf7e", "list": "1. Koristenje i namjena", "plan": "UPU Bilice sjever", "izvor": "UPU Bilice sjever (split.hr), vektorizirano iz PDF-a"}}, {"type": "Feature", "geometry": {"type": "LineString", "coordinates": [[16.4882466, 43.5262256], [16.4882463, 43.5280744]]}, "properties": {"tema": "namjena-poslovna", "opis": "K — gospodarska namjena, poslovna", "cad_sloj": "boja #ffbf7e", "list": "1. Koristenje i namjena", "plan": "UPU Bilice sjever", "izvor": "UPU Bilice sjever (split.hr), vektorizirano iz PDF-a"}}, {"type": "Feature", "geometry": {"type": "LineString", "coordinates": [[16.4882559, 43.5257093], [16.4882558, 43.5261496]]}, "properties": {"tema": "namjena-poslovna", "opis": "K — gospodarska namjena, poslovna", "cad_sloj": "boja #ffbf7e", "list": "1. Koristenje i namjena", "plan": "UPU Bilice sjever", "izvor": "UPU Bilice sjever (split.hr), vektorizirano iz PDF-a"}}, {"type": "Feature", "geometry": {"type": "LineString", "coordinates": [[16.4882558, 43.5262287], [16.4882554, 43.5280746]]}, "properties": {"tema": "namjena-poslovna", "opis": "K — gospodarska namjena, poslovna", "cad_sloj": "boja #ffbf7e", "list": "1. Koristenje i namjena", "plan": "UPU Bilice sjever", "izvor": "UPU Bilice sjever (split.hr), vektorizirano iz PDF-a"}}, {"type": "Feature", "geometry": {"type": "LineString", "coordinates": [[16.4882653, 43.5257047], [16.4882652, 43.5261527]]}, "properties": {"tema": "namjena-poslovna", "opis": "K — gospodarska namjena, poslovna", "cad_sloj": "boja #ffbf7e", "list": "1. Koristenje i namjena", "plan": "UPU Bilice sjever", "izvor": "UPU Bilice sjever (split.hr), vektorizirano iz PDF-a"}}, {"type": "Feature", "geometry": {"type": "LineString", "coordinates": [[16.4882652, 43.5262317], [16.4882649, 43.5280748]]}, "properties": {"tema": "namjena-poslovna", "opis": "K — gospodarska namjena, poslovna", "cad_sloj": "boja #ffbf7e", "list": "1. Koristenje i namjena", "plan": "UPU Bilice sjever", "izvor": "UPU Bilice sjever (split.hr), vektorizirano iz PDF-a"}}, {"type": "Feature", "geometry": {"type": "LineString", "coordinates": [[16.4882745, 43.5256999], [16.4882744, 43.5261557]]}, "properties": {"tema": "namjena-poslovna", "opis": "K — gospodarska namjena, poslovna", "cad_sloj": "boja #ffbf7e", "list": "1. Koristenje i namjena", "plan": "UPU Bilice sjever", "izvor": "UPU Bilice sjever (split.hr), vektorizirano iz PDF-a"}}, {"type": "Feature", "geometry": {"type": "LineString", "coordinates": [[16.4882744, 43.5262348], [16.488274, 43.5280749]]}, "properties": {"tema": "namjena-poslovna", "opis": "K — gospodarska namjena, poslovna", "cad_sloj": "boja #ffbf7e", "list": "1. Koristenje i namjena", "plan": "UPU Bilice sjever", "izvor": "UPU Bilice sjever (split.hr), vektorizirano iz PDF-a"}}, {"type": "Feature", "geometry": {"type": "LineString", "coordinates": [[16.4882836, 43.5256954], [16.4882836, 43.5261587]]}, "properties": {"tema": "namjena-poslovna", "opis": "K — gospodarska namjena, poslovna", "cad_sloj": "boja #ffbf7e", "list": "1. Koristenje i namjena", "plan": "UPU Bilice sjever", "izvor": "UPU Bilice sjever (split.hr), vektorizirano iz PDF-a"}}, {"type": "Feature", "geometry": {"type": "LineString", "coordinates": [[16.4882835, 43.5262378], [16.4882832, 43.5280751]]}, "properties": {"tema": "namjena-poslovna", "opis": "K — gospodarska namjena, poslovna", "cad_sloj": "boja #ffbf7e", "list": "1. Koristenje i namjena", "plan": "UPU Bilice sjever", "izvor": "UPU Bilice sjever (split.hr), vektorizirano iz PDF-a"}}, {"type": "Feature", "geometry": {"type": "LineString", "coordinates": [[16.4882931, 43.5256908], [16.488293, 43.5261618]]}, "properties": {"tema": "namjena-poslovna", "opis": "K — gospodarska namjena, poslovna", "cad_sloj": "boja #ffbf7e", "list": "1. Koristenje i namjena", "plan": "UPU Bilice sjever", "izvor": "UPU Bilice sjever (split.hr), vektorizirano iz PDF-a"}}, {"type": "Feature", "geometry": {"type": "LineString", "coordinates": [[16.488293, 43.5262409], [16.4882926, 43.5280753]]}, "properties": {"tema": "namjena-poslovna", "opis": "K — gospodarska namjena, poslovna", "cad_sloj": "boja #ffbf7e", "list": "1. Koristenje i namjena", "plan": "UPU Bilice sjever", "izvor": "UPU Bilice sjever (split.hr), vektorizirano iz PDF-a"}}, {"type": "Feature", "geometry": {"type": "LineString", "coordinates": [[16.4883022, 43.525686], [16.4883021, 43.5261648]]}, "properties": {"tema": "namjena-poslovna", "opis": "K — gospodarska namjena, poslovna", "cad_sloj": "boja #ffbf7e", "list": "1. Koristenje i namjena", "plan": "UPU Bilice sjever", "izvor": "UPU Bilice sjever (split.hr), vektorizirano iz PDF-a"}}, {"type": "Feature", "geometry": {"type": "LineString", "coordinates": [[16.4883021, 43.5262439], [16.4883018, 43.5280755]]}, "properties": {"tema": "namjena-poslovna", "opis": "K — gospodarska namjena, poslovna", "cad_sloj": "boja #ffbf7e", "list": "1. Koristenje i namjena", "plan": "UPU Bilice sjever", "izvor": "UPU Bilice sjever (split.hr), vektorizirano iz PDF-a"}}, {"type": "Feature", "geometry": {"type": "LineString", "coordinates": [[16.4883117, 43.5256815], [16.4883116, 43.5261679]]}, "properties": {"tema": "namjena-poslovna", "opis": "K — gospodarska namjena, poslovna", "cad_sloj": "boja #ffbf7e", "list": "1. Koristenje i namjena", "plan": "UPU Bilice sjever", "izvor": "UPU Bilice sjever (split.hr), vektorizirano iz PDF-a"}}, {"type": "Feature", "geometry": {"type": "LineString", "coordinates": [[16.4883116, 43.526247], [16.4883112, 43.5280757]]}, "properties": {"tema": "namjena-poslovna", "opis": "K — gospodarska namjena, poslovna", "cad_sloj": "boja #ffbf7e", "list": "1. Koristenje i namjena", "plan": "UPU Bilice sjever", "izvor": "UPU Bilice sjever (split.hr), vektorizirano iz PDF-a"}}, {"type": "Feature", "geometry": {"type": "LineString", "coordinates": [[16.4883208, 43.5256769], [16.4883207, 43.5261709]]}, "properties": {"tema": "namjena-poslovna", "opis": "K — gospodarska namjena, poslovna", "cad_sloj": "boja #ffbf7e", "list": "1. Koristenje i namjena", "plan": "UPU Bilice sjever", "izvor": "UPU Bilice sjever (split.hr), vektorizirano iz PDF-a"}}, {"type": "Feature", "geometry": {"type": "LineString", "coordinates": [[16.4883207, 43.5262502], [16.4883204, 43.5280759]]}, "properties": {"tema": "namjena-poslovna", "opis": "K — gospodarska namjena, poslovna", "cad_sloj": "boja #ffbf7e", "list": "1. Koristenje i namjena", "plan": "UPU Bilice sjever", "izvor": "UPU Bilice sjever (split.hr), vektorizirano iz PDF-a"}}, {"type": "Feature", "geometry": {"type": "LineString", "coordinates": [[16.4883303, 43.5256723], [16.4883302, 43.5261742]]}, "properties": {"tema": "namjena-poslovna", "opis": "K — gospodarska namjena, poslovna", "cad_sloj": "boja #ffbf7e", "list": "1. Koristenje i namjena", "plan": "UPU Bilice sjever", "izvor": "UPU Bilice sjever (split.hr), vektorizirano iz PDF-a"}}, {"type": "Feature", "geometry": {"type": "LineString", "coordinates": [[16.4883301, 43.5262533], [16.4883298, 43.5280761]]}, "properties": {"tema": "namjena-poslovna", "opis": "K — gospodarska namjena, poslovna", "cad_sloj": "boja #ffbf7e", "list": "1. Koristenje i namjena", "plan": "UPU Bilice sjever", "izvor": "UPU Bilice sjever (split.hr), vektorizirano iz PDF-a"}}, {"type": "Feature", "geometry": {"type": "LineString", "coordinates": [[16.4883394, 43.5256672], [16.4883393, 43.5261772]]}, "properties": {"tema": "namjena-poslovna", "opis": "K — gospodarska namjena, poslovna", "cad_sloj": "boja #ffbf7e", "list": "1. Koristenje i namjena", "plan": "UPU Bilice sjever", "izvor": "UPU Bilice sjever (split.hr), vektorizirano iz PDF-a"}}, {"type": "Feature", "geometry": {"type": "LineString", "coordinates": [[16.4883393, 43.5262563], [16.488339, 43.5280763]]}, "properties": {"tema": "namjena-poslovna", "opis": "K — gospodarska namjena, poslovna", "cad_sloj": "boja #ffbf7e", "list": "1. Koristenje i namjena", "plan": "UPU Bilice sjever", "izvor": "UPU Bilice sjever (split.hr), vektorizirano iz PDF-a"}}, {"type": "Feature", "geometry": {"type": "LineString", "coordinates": [[16.4883486, 43.5256618], [16.4883485, 43.5261803]]}, "properties": {"tema": "namjena-poslovna", "opis": "K — gospodarska namjena, poslovna", "cad_sloj": "boja #ffbf7e", "list": "1. Koristenje i namjena", "plan": "UPU Bilice sjever", "izvor": "UPU Bilice sjever (split.hr), vektorizirano iz PDF-a"}}, {"type": "Feature", "geometry": {"type": "LineString", "coordinates": [[16.4883485, 43.5262594], [16.4883481, 43.5280765]]}, "properties": {"tema": "namjena-poslovna", "opis": "K — gospodarska namjena, poslovna", "cad_sloj": "boja #ffbf7e", "list": "1. Koristenje i namjena", "plan": "UPU Bilice sjever", "izvor": "UPU Bilice sjever (split.hr), vektorizirano iz PDF-a"}}, {"type": "Feature", "geometry": {"type": "LineString", "coordinates": [[16.488358, 43.5256565], [16.4883579, 43.5261833]]}, "properties": {"tema": "namjena-poslovna", "opis": "K — gospodarska namjena, poslovna", "cad_sloj": "boja #ffbf7e", "list": "1. Koristenje i namjena", "plan": "UPU Bilice sjever", "izvor": "UPU Bilice sjever (split.hr), vektorizirano iz PDF-a"}}, {"type": "Feature", "geometry": {"type": "LineString", "coordinates": [[16.4883579, 43.5262624], [16.4883576, 43.5280769]]}, "properties": {"tema": "namjena-poslovna", "opis": "K — gospodarska namjena, poslovna", "cad_sloj": "boja #ffbf7e", "list": "1. Koristenje i namjena", "plan": "UPU Bilice sjever", "izvor": "UPU Bilice sjever (split.hr), vektorizirano iz PDF-a"}}, {"type": "Feature", "geometry": {"type": "LineString", "coordinates": [[16.4883672, 43.5256512], [16.4883671, 43.5261864]]}, "properties": {"tema": "namjena-poslovna", "opis": "K — gospodarska namjena, poslovna", "cad_sloj": "boja #ffbf7e", "list": "1. Koristenje i namjena", "plan": "UPU Bilice sjever", "izvor": "UPU Bilice sjever (split.hr), vektorizirano iz PDF-a"}}, {"type": "Feature", "geometry": {"type": "LineString", "coordinates": [[16.4883671, 43.5262655], [16.4883667, 43.528077]]}, "properties": {"tema": "namjena-poslovna", "opis": "K — gospodarska namjena, poslovna", "cad_sloj": "boja #ffbf7e", "list": "1. Koristenje i namjena", "plan": "UPU Bilice sjever", "izvor": "UPU Bilice sjever (split.hr), vektorizirano iz PDF-a"}}, {"type": "Feature", "geometry": {"type": "LineString", "coordinates": [[16.4883766, 43.525646], [16.4883765, 43.5261894]]}, "properties": {"tema": "namjena-poslovna", "opis": "K — gospodarska namjena, poslovna", "cad_sloj": "boja #ffbf7e", "list": "1. Koristenje i namjena", "plan": "UPU Bilice sjever", "izvor": "UPU Bilice sjever (split.hr), vektorizirano iz PDF-a"}}, {"type": "Feature", "geometry": {"type": "LineString", "coordinates": [[16.4883765, 43.5262685], [16.4883761, 43.5280772]]}, "properties": {"tema": "namjena-poslovna", "opis": "K — gospodarska namjena, poslovna", "cad_sloj": "boja #ffbf7e", "list": "1. Koristenje i namjena", "plan": "UPU Bilice sjever", "izvor": "UPU Bilice sjever (split.hr), vektorizirano iz PDF-a"}}, {"type": "Feature", "geometry": {"type": "LineString", "coordinates": [[16.4883858, 43.5256407], [16.4883857, 43.5261925]]}, "properties": {"tema": "namjena-poslovna", "opis": "K — gospodarska namjena, poslovna", "cad_sloj": "boja #ffbf7e", "list": "1. Koristenje i namjena", "plan": "UPU Bilice sjever", "izvor": "UPU Bilice sjever (split.hr), vektorizirano iz PDF-a"}}, {"type": "Feature", "geometry": {"type": "LineString", "coordinates": [[16.4883857, 43.5262716], [16.4883853, 43.5280774]]}, "properties": {"tema": "namjena-poslovna", "opis": "K — gospodarska namjena, poslovna", "cad_sloj": "boja #ffbf7e", "list": "1. Koristenje i namjena", "plan": "UPU Bilice sjever", "izvor": "UPU Bilice sjever (split.hr), vektorizirano iz PDF-a"}}, {"type": "Feature", "geometry": {"type": "LineString", "coordinates": [[16.4883952, 43.5256354], [16.4883951, 43.5261955]]}, "properties": {"tema": "namjena-poslovna", "opis": "K — gospodarska namjena, poslovna", "cad_sloj": "boja #ffbf7e", "list": "1. Koristenje i namjena", "plan": "UPU Bilice sjever", "izvor": "UPU Bilice sjever (split.hr), vektorizirano iz PDF-a"}}, {"type": "Feature", "geometry": {"type": "LineString", "coordinates": [[16.4883951, 43.5262746], [16.4883947, 43.5280776]]}, "properties": {"tema": "namjena-poslovna", "opis": "K — gospodarska namjena, poslovna", "cad_sloj": "boja #ffbf7e", "list": "1. Koristenje i namjena", "plan": "UPU Bilice sjever", "izvor": "UPU Bilice sjever (split.hr), vektorizirano iz PDF-a"}}, {"type": "Feature", "geometry": {"type": "LineString", "coordinates": [[16.4884044, 43.5256302], [16.4884043, 43.5261986]]}, "properties": {"tema": "namjena-poslovna", "opis": "K — gospodarska namjena, poslovna", "cad_sloj": "boja #ffbf7e", "list": "1. Koristenje i namjena", "plan": "UPU Bilice sjever", "izvor": "UPU Bilice sjever (split.hr), vektorizirano iz PDF-a"}}, {"type": "Feature", "geometry": {"type": "LineString", "coordinates": [[16.4884042, 43.5262778], [16.4884039, 43.5280778]]}, "properties": {"tema": "namjena-poslovna", "opis": "K — gospodarska namjena, poslovna", "cad_sloj": "boja #ffbf7e", "list": "1. Koristenje i namjena", "plan": "UPU Bilice sjever", "izvor": "UPU Bilice sjever (split.hr), vektorizirano iz PDF-a"}}, {"type": "Feature", "geometry": {"type": "LineString", "coordinates": [[16.4884138, 43.5256249], [16.4884137, 43.5262016]]}, "properties": {"tema": "namjena-poslovna", "opis": "K — gospodarska namjena, poslovna", "cad_sloj": "boja #ffbf7e", "list": "1. Koristenje i namjena", "plan": "UPU Bilice sjever", "izvor": "UPU Bilice sjever (split.hr), vektorizirano iz PDF-a"}}, {"type": "Feature", "geometry": {"type": "LineString", "coordinates": [[16.4884137, 43.5262809], [16.4884133, 43.528078]]}, "properties": {"tema": "namjena-poslovna", "opis": "K — gospodarska namjena, poslovna", "cad_sloj": "boja #ffbf7e", "list": "1. Koristenje i namjena", "plan": "UPU Bilice sjever", "izvor": "UPU Bilice sjever (split.hr), vektorizirano iz PDF-a"}}, {"type": "Feature", "geometry": {"type": "LineString", "coordinates": [[16.488423, 43.5256196], [16.4884229, 43.5262049]]}, "properties": {"tema": "namjena-poslovna", "opis": "K — gospodarska namjena, poslovna", "cad_sloj": "boja #ffbf7e", "list": "1. Koristenje i namjena", "plan": "UPU Bilice sjever", "izvor": "UPU Bilice sjever (split.hr), vektorizirano iz PDF-a"}}, {"type": "Feature", "geometry": {"type": "LineString", "coordinates": [[16.4884228, 43.5262839], [16.4884225, 43.5280782]]}, "properties": {"tema": "namjena-poslovna", "opis": "K — gospodarska namjena, poslovna", "cad_sloj": "boja #ffbf7e", "list": "1. Koristenje i namjena", "plan": "UPU Bilice sjever", "izvor": "UPU Bilice sjever (split.hr), vektorizirano iz PDF-a"}}, {"type": "Feature", "geometry": {"type": "LineString", "coordinates": [[16.4884321, 43.5256142], [16.488432, 43.5262079]]}, "properties": {"tema": "namjena-poslovna", "opis": "K — gospodarska namjena, poslovna", "cad_sloj": "boja #ffbf7e", "list": "1. Koristenje i namjena", "plan": "UPU Bilice sjever", "izvor": "UPU Bilice sjever (split.hr), vektorizirano iz PDF-a"}}, {"type": "Feature", "geometry": {"type": "LineString", "coordinates": [[16.488432, 43.526287], [16.4884317, 43.5280784]]}, "properties": {"tema": "namjena-poslovna", "opis": "K — gospodarska namjena, poslovna", "cad_sloj": "boja #ffbf7e", "list": "1. Koristenje i namjena", "plan": "UPU Bilice sjever", "izvor": "UPU Bilice sjever (split.hr), vektorizirano iz PDF-a"}}, {"type": "Feature", "geometry": {"type": "LineString", "coordinates": [[16.4884416, 43.5256091], [16.4884414, 43.526211]]}, "properties": {"tema": "namjena-poslovna", "opis": "K — gospodarska namjena, poslovna", "cad_sloj": "boja #ffbf7e", "list": "1. Koristenje i namjena", "plan": "UPU Bilice sjever", "izvor": "UPU Bilice sjever (split.hr), vektorizirano iz PDF-a"}}, {"type": "Feature", "geometry": {"type": "LineString", "coordinates": [[16.4884414, 43.52629], [16.4884411, 43.5280786]]}, "properties": {"tema": "namjena-poslovna", "opis": "K — gospodarska namjena, poslovna", "cad_sloj": "boja #ffbf7e", "list": "1. Koristenje i namjena", "plan": "UPU Bilice sjever", "izvor": "UPU Bilice sjever (split.hr), vektorizirano iz PDF-a"}}, {"type": "Feature", "geometry": {"type": "LineString", "coordinates": [[16.4884507, 43.5256037], [16.4884506, 43.526214]]}, "properties": {"tema": "namjena-poslovna", "opis": "K — gospodarska namjena, poslovna", "cad_sloj": "boja #ffbf7e", "list": "1. Koristenje i namjena", "plan": "UPU Bilice sjever", "izvor": "UPU Bilice sjever (split.hr), vektorizirano iz PDF-a"}}, {"type": "Feature", "geometry": {"type": "LineString", "coordinates": [[16.4884506, 43.5262931], [16.4884503, 43.5280788]]}, "properties": {"tema": "namjena-poslovna", "opis": "K — gospodarska namjena, poslovna", "cad_sloj": "boja #ffbf7e", "list": "1. Koristenje i namjena", "plan": "UPU Bilice sjever", "izvor": "UPU Bilice sjever (split.hr), vektorizirano iz PDF-a"}}, {"type": "Feature", "geometry": {"type": "LineString", "coordinates": [[16.4884602, 43.5255984], [16.48846, 43.5262171]]}, "properties": {"tema": "namjena-poslovna", "opis": "K — gospodarska namjena, poslovna", "cad_sloj": "boja #ffbf7e", "list": "1. Koristenje i namjena", "plan": "UPU Bilice sjever", "izvor": "UPU Bilice sjever (split.hr), vektorizirano iz PDF-a"}}, {"type": "Feature", "geometry": {"type": "LineString", "coordinates": [[16.48846, 43.5262961], [16.4884597, 43.528079]]}, "properties": {"tema": "namjena-poslovna", "opis": "K — gospodarska namjena, poslovna", "cad_sloj": "boja #ffbf7e", "list": "1. Koristenje i namjena", "plan": "UPU Bilice sjever", "izvor": "UPU Bilice sjever (split.hr), vektorizirano iz PDF-a"}}, {"type": "Feature", "geometry": {"type": "LineString", "coordinates": [[16.4884693, 43.5255931], [16.4884692, 43.5262201]]}, "properties": {"tema": "namjena-poslovna", "opis": "K — gospodarska namjena, poslovna", "cad_sloj": "boja #ffbf7e", "list": "1. Koristenje i namjena", "plan": "UPU Bilice sjever", "izvor": "UPU Bilice sjever (split.hr), vektorizirano iz PDF-a"}}, {"type": "Feature", "geometry": {"type": "LineString", "coordinates": [[16.4884692, 43.5262992], [16.4884688, 43.5280792]]}, "properties": {"tema": "namjena-poslovna", "opis": "K — gospodarska namjena, poslovna", "cad_sloj": "boja #ffbf7e", "list": "1. Koristenje i namjena", "plan": "UPU Bilice sjever", "izvor": "UPU Bilice sjever (split.hr), vektorizirano iz PDF-a"}}, {"type": "Feature", "geometry": {"type": "LineString", "coordinates": [[16.4884787, 43.5255879], [16.4884786, 43.5262232]]}, "properties": {"tema": "namjena-poslovna", "opis": "K — gospodarska namjena, poslovna", "cad_sloj": "boja #ffbf7e", "list": "1. Koristenje i namjena", "plan": "UPU Bilice sjever", "izvor": "UPU Bilice sjever (split.hr), vektorizirano iz PDF-a"}}, {"type": "Feature", "geometry": {"type": "LineString", "coordinates": [[16.4884786, 43.5263022], [16.4884783, 43.5280793]]}, "properties": {"tema": "namjena-poslovna", "opis": "K — gospodarska namjena, poslovna", "cad_sloj": "boja #ffbf7e", "list": "1. Koristenje i namjena", "plan": "UPU Bilice sjever", "izvor": "UPU Bilice sjever (split.hr), vektorizirano iz PDF-a"}}, {"type": "Feature", "geometry": {"type": "LineString", "coordinates": [[16.4884879, 43.5255826], [16.4884878, 43.5262262]]}, "properties": {"tema": "namjena-poslovna", "opis": "K — gospodarska namjena, poslovna", "cad_sloj": "boja #ffbf7e", "list": "1. Koristenje i namjena", "plan": "UPU Bilice sjever", "izvor": "UPU Bilice sjever (split.hr), vektorizirano iz PDF-a"}}, {"type": "Feature", "geometry": {"type": "LineString", "coordinates": [[16.4884878, 43.5263055], [16.4884874, 43.5280795]]}, "properties": {"tema": "namjena-poslovna", "opis": "K — gospodarska namjena, poslovna", "cad_sloj": "boja #ffbf7e", "list": "1. Koristenje i namjena", "plan": "UPU Bilice sjever", "izvor": "UPU Bilice sjever (split.hr), vektorizirano iz PDF-a"}}, {"type": "Feature", "geometry": {"type": "LineString", "coordinates": [[16.4884971, 43.5255773], [16.488497, 43.5262293]]}, "properties": {"tema": "namjena-poslovna", "opis": "K — gospodarska namjena, poslovna", "cad_sloj": "boja #ffbf7e", "list": "1. Koristenje i namjena", "plan": "UPU Bilice sjever", "izvor": "UPU Bilice sjever (split.hr), vektorizirano iz PDF-a"}}, {"type": "Feature", "geometry": {"type": "LineString", "coordinates": [[16.4884969, 43.5263085], [16.4884966, 43.5280797]]}, "properties": {"tema": "namjena-poslovna", "opis": "K — gospodarska namjena, poslovna", "cad_sloj": "boja #ffbf7e", "list": "1. Koristenje i namjena", "plan": "UPU Bilice sjever", "izvor": "UPU Bilice sjever (split.hr), vektorizirano iz PDF-a"}}, {"type": "Feature", "geometry": {"type": "LineString", "coordinates": [[16.4885065, 43.5255721], [16.4885064, 43.5262325]]}, "properties": {"tema": "namjena-poslovna", "opis": "K — gospodarska namjena, poslovna", "cad_sloj": "boja #ffbf7e", "list": "1. Koristenje i namjena", "plan": "UPU Bilice sjever", "izvor": "UPU Bilice sjever (split.hr), vektorizirano iz PDF-a"}}, {"type": "Feature", "geometry": {"type": "LineString", "coordinates": [[16.4885064, 43.5263116], [16.488506, 43.5280799]]}, "properties": {"tema": "namjena-poslovna", "opis": "K — gospodarska namjena, poslovna", "cad_sloj": "boja #ffbf7e", "list": "1. Koristenje i namjena", "plan": "UPU Bilice sjever", "izvor": "UPU Bilice sjever (split.hr), vektorizirano iz PDF-a"}}, {"type": "Feature", "geometry": {"type": "LineString", "coordinates": [[16.4885157, 43.5255668], [16.4885155, 43.5262356]]}, "properties": {"tema": "namjena-poslovna", "opis": "K — gospodarska namjena, poslovna", "cad_sloj": "boja #ffbf7e", "list": "1. Koristenje i namjena", "plan": "UPU Bilice sjever", "izvor": "UPU Bilice sjever (split.hr), vektorizirano iz PDF-a"}}, {"type": "Feature", "geometry": {"type": "LineString", "coordinates": [[16.4885155, 43.5263146], [16.4885152, 43.5280801]]}, "properties": {"tema": "namjena-poslovna", "opis": "K — gospodarska namjena, poslovna", "cad_sloj": "boja #ffbf7e", "list": "1. Koristenje i namjena", "plan": "UPU Bilice sjever", "izvor": "UPU Bilice sjever (split.hr), vektorizirano iz PDF-a"}}, {"type": "Feature", "geometry": {"type": "LineString", "coordinates": [[16.4885251, 43.5255615], [16.488525, 43.5262386]]}, "properties": {"tema": "namjena-poslovna", "opis": "K — gospodarska namjena, poslovna", "cad_sloj": "boja #ffbf7e", "list": "1. Koristenje i namjena", "plan": "UPU Bilice sjever", "izvor": "UPU Bilice sjever (split.hr), vektorizirano iz PDF-a"}}, {"type": "Feature", "geometry": {"type": "LineString", "coordinates": [[16.488525, 43.5263177], [16.4885246, 43.5280803]]}, "properties": {"tema": "namjena-poslovna", "opis": "K — gospodarska namjena, poslovna", "cad_sloj": "boja #ffbf7e", "list": "1. Koristenje i namjena", "plan": "UPU Bilice sjever", "izvor": "UPU Bilice sjever (split.hr), vektorizirano iz PDF-a"}}, {"type": "Feature", "geometry": {"type": "LineString", "coordinates": [[16.4885343, 43.5255561], [16.4885341, 43.5262417]]}, "properties": {"tema": "namjena-poslovna", "opis": "K — gospodarska namjena, poslovna", "cad_sloj": "boja #ffbf7e", "list": "1. Koristenje i namjena", "plan": "UPU Bilice sjever", "izvor": "UPU Bilice sjever (split.hr), vektorizirano iz PDF-a"}}, {"type": "Feature", "geometry": {"type": "LineString", "coordinates": [[16.4885341, 43.5263207], [16.4885338, 43.5280805]]}, "properties": {"tema": "namjena-poslovna", "opis": "K — gospodarska namjena, poslovna", "cad_sloj": "boja #ffbf7e", "list": "1. Koristenje i namjena", "plan": "UPU Bilice sjever", "izvor": "UPU Bilice sjever (split.hr), vektorizirano iz PDF-a"}}, {"type": "Feature", "geometry": {"type": "LineString", "coordinates": [[16.4885437, 43.525551], [16.4885436, 43.5262447]]}, "properties": {"tema": "namjena-poslovna", "opis": "K — gospodarska namjena, poslovna", "cad_sloj": "boja #ffbf7e", "list": "1. Koristenje i namjena", "plan": "UPU Bilice sjever", "izvor": "UPU Bilice sjever (split.hr), vektorizirano iz PDF-a"}}, {"type": "Feature", "geometry": {"type": "LineString", "coordinates": [[16.4885435, 43.5263238], [16.4885432, 43.5280807]]}, "properties": {"tema": "namjena-poslovna", "opis": "K — gospodarska namjena, poslovna", "cad_sloj": "boja #ffbf7e", "list": "1. Koristenje i namjena", "plan": "UPU Bilice sjever", "izvor": "UPU Bilice sjever (split.hr), vektorizirano iz PDF-a"}}, {"type": "Feature", "geometry": {"type": "LineString", "coordinates": [[16.4885529, 43.5255456], [16.4885527, 43.5262478]]}, "properties": {"tema": "namjena-poslovna", "opis": "K — gospodarska namjena, poslovna", "cad_sloj": "boja #ffbf7e", "list": "1. Koristenje i namjena", "plan": "UPU Bilice sjever", "izvor": "UPU Bilice sjever (split.hr), vektorizirano iz PDF-a"}}, {"type": "Feature", "geometry": {"type": "LineString", "coordinates": [[16.4885527, 43.5263268], [16.4885524, 43.5280809]]}, "properties": {"tema": "namjena-poslovna", "opis": "K — gospodarska namjena, poslovna", "cad_sloj": "boja #ffbf7e", "list": "1. Koristenje i namjena", "plan": "UPU Bilice sjever", "izvor": "UPU Bilice sjever (split.hr), vektorizirano iz PDF-a"}}, {"type": "Feature", "geometry": {"type": "LineString", "coordinates": [[16.488562, 43.5255403], [16.4885619, 43.5262508]]}, "properties": {"tema": "namjena-poslovna", "opis": "K — gospodarska namjena, poslovna", "cad_sloj": "boja #ffbf7e", "list": "1. Koristenje i namjena", "plan": "UPU Bilice sjever", "izvor": "UPU Bilice sjever (split.hr), vektorizirano iz PDF-a"}}, {"type": "Feature", "geometry": {"type": "LineString", "coordinates": [[16.4885619, 43.5263299], [16.4885615, 43.5280811]]}, "properties": {"tema": "namjena-poslovna", "opis": "K — gospodarska namjena, poslovna", "cad_sloj": "boja #ffbf7e", "list": "1. Koristenje i namjena", "plan": "UPU Bilice sjever", "izvor": "UPU Bilice sjever (split.hr), vektorizirano iz PDF-a"}}, {"type": "Feature", "geometry": {"type": "LineString", "coordinates": [[16.4885715, 43.5255357], [16.4885713, 43.5262539]]}, "properties": {"tema": "namjena-poslovna", "opis": "K — gospodarska namjena, poslovna", "cad_sloj": "boja #ffbf7e", "list": "1. Koristenje i namjena", "plan": "UPU Bilice sjever", "izvor": "UPU Bilice sjever (split.hr), vektorizirano iz PDF-a"}}, {"type": "Feature", "geometry": {"type": "LineString", "coordinates": [[16.4885713, 43.5263331], [16.488571, 43.5280813]]}, "properties": {"tema": "namjena-poslovna", "opis": "K — gospodarska namjena, poslovna", "cad_sloj": "boja #ffbf7e", "list": "1. Koristenje i namjena", "plan": "UPU Bilice sjever", "izvor": "UPU Bilice sjever (split.hr), vektorizirano iz PDF-a"}}, {"type": "Feature", "geometry": {"type": "LineString", "coordinates": [[16.4885806, 43.5255315], [16.4885805, 43.5262569]]}, "properties": {"tema": "namjena-poslovna", "opis": "K — gospodarska namjena, poslovna", "cad_sloj": "boja #ffbf7e", "list": "1. Koristenje i namjena", "plan": "UPU Bilice sjever", "izvor": "UPU Bilice sjever (split.hr), vektorizirano iz PDF-a"}}, {"type": "Feature", "geometry": {"type": "LineString", "coordinates": [[16.4885805, 43.5263362], [16.4885801, 43.5280814]]}, "properties": {"tema": "namjena-poslovna", "opis": "K — gospodarska namjena, poslovna", "cad_sloj": "boja #ffbf7e", "list": "1. Koristenje i namjena", "plan": "UPU Bilice sjever", "izvor": "UPU Bilice sjever (split.hr), vektorizirano iz PDF-a"}}, {"type": "Feature", "geometry": {"type": "LineString", "coordinates": [[16.48859, 43.5255274], [16.4885899, 43.5262601]]}, "properties": {"tema": "namjena-poslovna", "opis": "K — gospodarska namjena, poslovna", "cad_sloj": "boja #ffbf7e", "list": "1. Koristenje i namjena", "plan": "UPU Bilice sjever", "izvor": "UPU Bilice sjever (split.hr), vektorizirano iz PDF-a"}}, {"type": "Feature", "geometry": {"type": "LineString", "coordinates": [[16.4885899, 43.5263392], [16.4885896, 43.5280816]]}, "properties": {"tema": "namjena-poslovna", "opis": "K — gospodarska namjena, poslovna", "cad_sloj": "boja #ffbf7e", "list": "1. Koristenje i namjena", "plan": "UPU Bilice sjever", "izvor": "UPU Bilice sjever (split.hr), vektorizirano iz PDF-a"}}, {"type": "Feature", "geometry": {"type": "LineString", "coordinates": [[16.4885992, 43.5255234], [16.4885991, 43.5262632]]}, "properties": {"tema": "namjena-poslovna", "opis": "K — gospodarska namjena, poslovna", "cad_sloj": "boja #ffbf7e", "list": "1. Koristenje i namjena", "plan": "UPU Bilice sjever", "izvor": "UPU Bilice sjever (split.hr), vektorizirano iz PDF-a"}}, {"type": "Feature", "geometry": {"type": "LineString", "coordinates": [[16.4885991, 43.5263423], [16.4885987, 43.5280818]]}, "properties": {"tema": "namjena-poslovna", "opis": "K — gospodarska namjena, poslovna", "cad_sloj": "boja #ffbf7e", "list": "1. Koristenje i namjena", "plan": "UPU Bilice sjever", "izvor": "UPU Bilice sjever (split.hr), vektorizirano iz PDF-a"}}, {"type": "Feature", "geometry": {"type": "LineString", "coordinates": [[16.4886086, 43.5255197], [16.4886085, 43.5262662]]}, "properties": {"tema": "namjena-poslovna", "opis": "K — gospodarska namjena, poslovna", "cad_sloj": "boja #ffbf7e", "list": "1. Koristenje i namjena", "plan": "UPU Bilice sjever", "izvor": "UPU Bilice sjever (split.hr), vektorizirano iz PDF-a"}}, {"type": "Feature", "geometry": {"type": "LineString", "coordinates": [[16.4886085, 43.5263453], [16.4886082, 43.528082]]}, "properties": {"tema": "namjena-poslovna", "opis": "K — gospodarska namjena, poslovna", "cad_sloj": "boja #ffbf7e", "list": "1. Koristenje i namjena", "plan": "UPU Bilice sjever", "izvor": "UPU Bilice sjever (split.hr), vektorizirano iz PDF-a"}}, {"type": "Feature", "geometry": {"type": "LineString", "coordinates": [[16.4886178, 43.5255161], [16.4886177, 43.5262693]]}, "properties": {"tema": "namjena-poslovna", "opis": "K — gospodarska namjena, poslovna", "cad_sloj": "boja #ffbf7e", "list": "1. Koristenje i namjena", "plan": "UPU Bilice sjever", "izvor": "UPU Bilice sjever (split.hr), vektorizirano iz PDF-a"}}, {"type": "Feature", "geometry": {"type": "LineString", "coordinates": [[16.4886176, 43.5263484], [16.4886173, 43.5280822]]}, "properties": {"tema": "namjena-poslovna", "opis": "K — gospodarska namjena, poslovna", "cad_sloj": "boja #ffbf7e", "list": "1. Koristenje i namjena", "plan": "UPU Bilice sjever", "izvor": "UPU Bilice sjever (split.hr), vektorizirano iz PDF-a"}}, {"type": "Feature", "geometry": {"type": "LineString", "coordinates": [[16.488627, 43.5255127], [16.4886268, 43.5262723]]}, "properties": {"tema": "namjena-poslovna", "opis": "K — gospodarska namjena, poslovna", "cad_sloj": "boja #ffbf7e", "list": "1. Koristenje i namjena", "plan": "UPU Bilice sjever", "izvor": "UPU Bilice sjever (split.hr), vektorizirano iz PDF-a"}}, {"type": "Feature", "geometry": {"type": "LineString", "coordinates": [[16.4886268, 43.5263514], [16.4886265, 43.5280826]]}, "properties": {"tema": "namjena-poslovna", "opis": "K — gospodarska namjena, poslovna", "cad_sloj": "boja #ffbf7e", "list": "1. Koristenje i namjena", "plan": "UPU Bilice sjever", "izvor": "UPU Bilice sjever (split.hr), vektorizirano iz PDF-a"}}, {"type": "Feature", "geometry": {"type": "LineString", "coordinates": [[16.4886364, 43.5255094], [16.4886363, 43.5262754]]}, "properties": {"tema": "namjena-poslovna", "opis": "K — gospodarska namjena, poslovna", "cad_sloj": "boja #ffbf7e", "list": "1. Koristenje i namjena", "plan": "UPU Bilice sjever", "izvor": "UPU Bilice sjever (split.hr), vektorizirano iz PDF-a"}}, {"type": "Feature", "geometry": {"type": "LineString", "coordinates": [[16.4886362, 43.5263545], [16.4886359, 43.5280828]]}, "properties": {"tema": "namjena-poslovna", "opis": "K — gospodarska namjena, poslovna", "cad_sloj": "boja #ffbf7e", "list": "1. Koristenje i namjena", "plan": "UPU Bilice sjever", "izvor": "UPU Bilice sjever (split.hr), vektorizirano iz PDF-a"}}, {"type": "Feature", "geometry": {"type": "LineString", "coordinates": [[16.4886456, 43.5255062], [16.4886454, 43.5262784]]}, "properties": {"tema": "namjena-poslovna", "opis": "K — gospodarska namjena, poslovna", "cad_sloj": "boja #ffbf7e", "list": "1. Koristenje i namjena", "plan": "UPU Bilice sjever", "izvor": "UPU Bilice sjever (split.hr), vektorizirano iz PDF-a"}}, {"type": "Feature", "geometry": {"type": "LineString", "coordinates": [[16.4886454, 43.5263575], [16.4886451, 43.528083]]}, "properties": {"tema": "namjena-poslovna", "opis": "K — gospodarska namjena, poslovna", "cad_sloj": "boja #ffbf7e", "list": "1. Koristenje i namjena", "plan": "UPU Bilice sjever", "izvor": "UPU Bilice sjever (split.hr), vektorizirano iz PDF-a"}}, {"type": "Feature", "geometry": {"type": "LineString", "coordinates": [[16.488655, 43.5255034], [16.4886548, 43.5262815]]}, "properties": {"tema": "namjena-poslovna", "opis": "K — gospodarska namjena, poslovna", "cad_sloj": "boja #ffbf7e", "list": "1. Koristenje i namjena", "plan": "UPU Bilice sjever", "izvor": "UPU Bilice sjever (split.hr), vektorizirano iz PDF-a"}}, {"type": "Feature", "geometry": {"type": "LineString", "coordinates": [[16.4886548, 43.5263606], [16.4886545, 43.5280832]]}, "properties": {"tema": "namjena-poslovna", "opis": "K — gospodarska namjena, poslovna", "cad_sloj": "boja #ffbf7e", "list": "1. Koristenje i namjena", "plan": "UPU Bilice sjever", "izvor": "UPU Bilice sjever (split.hr), vektorizirano iz PDF-a"}}, {"type": "Feature", "geometry": {"type": "LineString", "coordinates": [[16.4886642, 43.5255005], [16.488664, 43.5262845]]}, "properties": {"tema": "namjena-poslovna", "opis": "K — gospodarska namjena, poslovna", "cad_sloj": "boja #ffbf7e", "list": "1. Koristenje i namjena", "plan": "UPU Bilice sjever", "izvor": "UPU Bilice sjever (split.hr), vektorizirano iz PDF-a"}}, {"type": "Feature", "geometry": {"type": "LineString", "coordinates": [[16.488664, 43.5263638], [16.4886637, 43.5280834]]}, "properties": {"tema": "namjena-poslovna", "opis": "K — gospodarska namjena, poslovna", "cad_sloj": "boja #ffbf7e", "list": "1. Koristenje i namjena", "plan": "UPU Bilice sjever", "izvor": "UPU Bilice sjever (split.hr), vektorizirano iz PDF-a"}}, {"type": "Feature", "geometry": {"type": "LineString", "coordinates": [[16.4886736, 43.5254978], [16.4886734, 43.5262878]]}, "properties": {"tema": "namjena-poslovna", "opis": "K — gospodarska namjena, poslovna", "cad_sloj": "boja #ffbf7e", "list": "1. Koristenje i namjena", "plan": "UPU Bilice sjever", "izvor": "UPU Bilice sjever (split.hr), vektorizirano iz PDF-a"}}, {"type": "Feature", "geometry": {"type": "LineString", "coordinates": [[16.4886734, 43.5263668], [16.4886731, 43.5280836]]}, "properties": {"tema": "namjena-poslovna", "opis": "K — gospodarska namjena, poslovna", "cad_sloj": "boja #ffbf7e", "list": "1. Koristenje i namjena", "plan": "UPU Bilice sjever", "izvor": "UPU Bilice sjever (split.hr), vektorizirano iz PDF-a"}}, {"type": "Feature", "geometry": {"type": "LineString", "coordinates": [[16.4886827, 43.5254954], [16.4886826, 43.5262908]]}, "properties": {"tema": "namjena-poslovna", "opis": "K — gospodarska namjena, poslovna", "cad_sloj": "boja #ffbf7e", "list": "1. Koristenje i namjena", "plan": "UPU Bilice sjever", "izvor": "UPU Bilice sjever (split.hr), vektorizirano iz PDF-a"}}, {"type": "Feature", "geometry": {"type": "LineString", "coordinates": [[16.4886826, 43.5263699], [16.4886823, 43.5280837]]}, "properties": {"tema": "namjena-poslovna", "opis": "K — gospodarska namjena, poslovna", "cad_sloj": "boja #ffbf7e", "list": "1. Koristenje i namjena", "plan": "UPU Bilice sjever", "izvor": "UPU Bilice sjever (split.hr), vektorizirano iz PDF-a"}}, {"type": "Feature", "geometry": {"type": "LineString", "coordinates": [[16.4886922, 43.5254931], [16.488692, 43.5262939]]}, "properties": {"tema": "namjena-poslovna", "opis": "K — gospodarska namjena, poslovna", "cad_sloj": "boja #ffbf7e", "list": "1. Koristenje i namjena", "plan": "UPU Bilice sjever", "izvor": "UPU Bilice sjever (split.hr), vektorizirano iz PDF-a"}}, {"type": "Feature", "geometry": {"type": "LineString", "coordinates": [[16.488692, 43.5263729], [16.4886917, 43.5280839]]}, "properties": {"tema": "namjena-poslovna", "opis": "K — gospodarska namjena, poslovna", "cad_sloj": "boja #ffbf7e", "list": "1. Koristenje i namjena", "plan": "UPU Bilice sjever", "izvor": "UPU Bilice sjever (split.hr), vektorizirano iz PDF-a"}}, {"type": "Feature", "geometry": {"type": "LineString", "coordinates": [[16.4887013, 43.5254908], [16.4887012, 43.5262969]]}, "properties": {"tema": "namjena-poslovna", "opis": "K — gospodarska namjena, poslovna", "cad_sloj": "boja #ffbf7e", "list": "1. Koristenje i namjena", "plan": "UPU Bilice sjever", "izvor": "UPU Bilice sjever (split.hr), vektorizirano iz PDF-a"}}, {"type": "Feature", "geometry": {"type": "LineString", "coordinates": [[16.4887012, 43.526376], [16.4887009, 43.5280841]]}, "properties": {"tema": "namjena-poslovna", "opis": "K — gospodarska namjena, poslovna", "cad_sloj": "boja #ffbf7e", "list": "1. Koristenje i namjena", "plan": "UPU Bilice sjever", "izvor": "UPU Bilice sjever (split.hr), vektorizirano iz PDF-a"}}, {"type": "Feature", "geometry": {"type": "LineString", "coordinates": [[16.4887105, 43.5254887], [16.4887104, 43.5263]]}, "properties": {"tema": "namjena-poslovna", "opis": "K — gospodarska namjena, poslovna", "cad_sloj": "boja #ffbf7e", "list": "1. Koristenje i namjena", "plan": "UPU Bilice sjever", "izvor": "UPU Bilice sjever (split.hr), vektorizirano iz PDF-a"}}, {"type": "Feature", "geometry": {"type": "LineString", "coordinates": [[16.4887103, 43.5263791], [16.48871, 43.5280843]]}, "properties": {"tema": "namjena-poslovna", "opis": "K — gospodarska namjena, poslovna", "cad_sloj": "boja #ffbf7e", "list": "1. Koristenje i namjena", "plan": "UPU Bilice sjever", "izvor": "UPU Bilice sjever (split.hr), vektorizirano iz PDF-a"}}, {"type": "Feature", "geometry": {"type": "LineString", "coordinates": [[16.4887199, 43.5254866], [16.4887198, 43.526303]]}, "properties": {"tema": "namjena-poslovna", "opis": "K — gospodarska namjena, poslovna", "cad_sloj": "boja #ffbf7e", "list": "1. Koristenje i namjena", "plan": "UPU Bilice sjever", "izvor": "UPU Bilice sjever (split.hr), vektorizirano iz PDF-a"}}, {"type": "Feature", "geometry": {"type": "LineString", "coordinates": [[16.4887198, 43.5263821], [16.4887194, 43.5280845]]}, "properties": {"tema": "namjena-poslovna", "opis": "K — gospodarska namjena, poslovna", "cad_sloj": "boja #ffbf7e", "list": "1. Koristenje i namjena", "plan": "UPU Bilice sjever", "izvor": "UPU Bilice sjever (split.hr), vektorizirano iz PDF-a"}}, {"type": "Feature", "geometry": {"type": "LineString", "coordinates": [[16.4887291, 43.5254849], [16.4887289, 43.5263061]]}, "properties": {"tema": "namjena-poslovna", "opis": "K — gospodarska namjena, poslovna", "cad_sloj": "boja #ffbf7e", "list": "1. Koristenje i namjena", "plan": "UPU Bilice sjever", "izvor": "UPU Bilice sjever (split.hr), vektorizirano iz PDF-a"}}, {"type": "Feature", "geometry": {"type": "LineString", "coordinates": [[16.4887289, 43.5263851], [16.4887286, 43.5280847]]}, "properties": {"tema": "namjena-poslovna", "opis": "K — gospodarska namjena, poslovna", "cad_sloj": "boja #ffbf7e", "list": "1. Koristenje i namjena", "plan": "UPU Bilice sjever", "izvor": "UPU Bilice sjever (split.hr), vektorizirano iz PDF-a"}}, {"type": "Feature", "geometry": {"type": "LineString", "coordinates": [[16.4887385, 43.5254832], [16.4887384, 43.5263091]]}, "properties": {"tema": "namjena-poslovna", "opis": "K — gospodarska namjena, poslovna", "cad_sloj": "boja #ffbf7e", "list": "1. Koristenje i namjena", "plan": "UPU Bilice sjever", "izvor": "UPU Bilice sjever (split.hr), vektorizirano iz PDF-a"}}, {"type": "Feature", "geometry": {"type": "LineString", "coordinates": [[16.4887384, 43.5263882], [16.488738, 43.5280849]]}, "properties": {"tema": "namjena-poslovna", "opis": "K — gospodarska namjena, poslovna", "cad_sloj": "boja #ffbf7e", "list": "1. Koristenje i namjena", "plan": "UPU Bilice sjever", "izvor": "UPU Bilice sjever (split.hr), vektorizirano iz PDF-a"}}, {"type": "Feature", "geometry": {"type": "LineString", "coordinates": [[16.4887477, 43.5254814], [16.4887475, 43.5263122]]}, "properties": {"tema": "namjena-poslovna", "opis": "K — gospodarska namjena, poslovna", "cad_sloj": "boja #ffbf7e", "list": "1. Koristenje i namjena", "plan": "UPU Bilice sjever", "izvor": "UPU Bilice sjever (split.hr), vektorizirano iz PDF-a"}}, {"type": "Feature", "geometry": {"type": "LineString", "coordinates": [[16.4887475, 43.5263914], [16.4887472, 43.5280851]]}, "properties": {"tema": "namjena-poslovna", "opis": "K — gospodarska namjena, poslovna", "cad_sloj": "boja #ffbf7e", "list": "1. Koristenje i namjena", "plan": "UPU Bilice sjever", "izvor": "UPU Bilice sjever (split.hr), vektorizirano iz PDF-a"}}, {"type": "Feature", "geometry": {"type": "LineString", "coordinates": [[16.4887571, 43.5254801], [16.488757, 43.5263154]]}, "properties": {"tema": "namjena-poslovna", "opis": "K — gospodarska namjena, poslovna", "cad_sloj": "boja #ffbf7e", "list": "1. Koristenje i namjena", "plan": "UPU Bilice sjever", "izvor": "UPU Bilice sjever (split.hr), vektorizirano iz PDF-a"}}, {"type": "Feature", "geometry": {"type": "LineString", "coordinates": [[16.4887569, 43.5263945], [16.4887566, 43.5280853]]}, "properties": {"tema": "namjena-poslovna", "opis": "K — gospodarska namjena, poslovna", "cad_sloj": "boja #ffbf7e", "list": "1. Koristenje i namjena", "plan": "UPU Bilice sjever", "izvor": "UPU Bilice sjever (split.hr), vektorizirano iz PDF-a"}}, {"type": "Feature", "geometry": {"type": "LineString", "coordinates": [[16.4887663, 43.5254788], [16.4887661, 43.5263185]]}, "properties": {"tema": "namjena-poslovna", "opis": "K — gospodarska namjena, poslovna", "cad_sloj": "boja #ffbf7e", "list": "1. Koristenje i namjena", "plan": "UPU Bilice sjever", "izvor": "UPU Bilice sjever (split.hr), vektorizirano iz PDF-a"}}, {"type": "Feature", "geometry": {"type": "LineString", "coordinates": [[16.4887661, 43.5263975], [16.4887658, 43.5280855]]}, "properties": {"tema": "namjena-poslovna", "opis": "K — gospodarska namjena, poslovna", "cad_sloj": "boja #ffbf7e", "list": "1. Koristenje i namjena", "plan": "UPU Bilice sjever", "izvor": "UPU Bilice sjever (split.hr), vektorizirano iz PDF-a"}}, {"type": "Feature", "geometry": {"type": "LineString", "coordinates": [[16.4887754, 43.5254775], [16.4887753, 43.5263215]]}, "properties": {"tema": "namjena-poslovna", "opis": "K — gospodarska namjena, poslovna", "cad_sloj": "boja #ffbf7e", "list": "1. Koristenje i namjena", "plan": "UPU Bilice sjever", "izvor": "UPU Bilice sjever (split.hr), vektorizirano iz PDF-a"}}, {"type": "Feature", "geometry": {"type": "LineString", "coordinates": [[16.4887753, 43.5264006], [16.488775, 43.5280857]]}, "properties": {"tema": "namjena-poslovna", "opis": "K — gospodarska namjena, poslovna", "cad_sloj": "boja #ffbf7e", "list": "1. Koristenje i namjena", "plan": "UPU Bilice sjever", "izvor": "UPU Bilice sjever (split.hr), vektorizirano iz PDF-a"}}, {"type": "Feature", "geometry": {"type": "LineString", "coordinates": [[16.4887849, 43.5254765], [16.4887847, 43.5263246]]}, "properties": {"tema": "namjena-poslovna", "opis": "K — gospodarska namjena, poslovna", "cad_sloj": "boja #ffbf7e", "list": "1. Koristenje i namjena", "plan": "UPU Bilice sjever", "izvor": "UPU Bilice sjever (split.hr), vektorizirano iz PDF-a"}}, {"type": "Feature", "geometry": {"type": "LineString", "coordinates": [[16.4887847, 43.5264036], [16.4887844, 43.5280859]]}, "properties": {"tema": "namjena-poslovna", "opis": "K — gospodarska namjena, poslovna", "cad_sloj": "boja #ffbf7e", "list": "1. Koristenje i namjena", "plan": "UPU Bilice sjever", "izvor": "UPU Bilice sjever (split.hr), vektorizirano iz PDF-a"}}, {"type": "Feature", "geometry": {"type": "LineString", "coordinates": [[16.488794, 43.5254756], [16.4887939, 43.5263276]]}, "properties": {"tema": "namjena-poslovna", "opis": "K — gospodarska namjena, poslovna", "cad_sloj": "boja #ffbf7e", "list": "1. Koristenje i namjena", "plan": "UPU Bilice sjever", "izvor": "UPU Bilice sjever (split.hr), vektorizirano iz PDF-a"}}, {"type": "Feature", "geometry": {"type": "LineString", "coordinates": [[16.4887939, 43.5264067], [16.4887936, 43.528086]]}, "properties": {"tema": "namjena-poslovna", "opis": "K — gospodarska namjena, poslovna", "cad_sloj": "boja #ffbf7e", "list": "1. Koristenje i namjena", "plan": "UPU Bilice sjever", "izvor": "UPU Bilice sjever (split.hr), vektorizirano iz PDF-a"}}, {"type": "Feature", "geometry": {"type": "LineString", "coordinates": [[16.4888035, 43.5254746], [16.4888033, 43.5263307]]}, "properties": {"tema": "namjena-poslovna", "opis": "K — gospodarska namjena, poslovna", "cad_sloj": "boja #ffbf7e", "list": "1. Koristenje i namjena", "plan": "UPU Bilice sjever", "izvor": "UPU Bilice sjever (split.hr), vektorizirano iz PDF-a"}}, {"type": "Feature", "geometry": {"type": "LineString", "coordinates": [[16.4888033, 43.5264097], [16.488803, 43.5280862]]}, "properties": {"tema": "namjena-poslovna", "opis": "K — gospodarska namjena, poslovna", "cad_sloj": "boja #ffbf7e", "list": "1. Koristenje i namjena", "plan": "UPU Bilice sjever", "izvor": "UPU Bilice sjever (split.hr), vektorizirano iz PDF-a"}}, {"type": "Feature", "geometry": {"type": "LineString", "coordinates": [[16.4888126, 43.5254738], [16.4888125, 43.5263337]]}, "properties": {"tema": "namjena-poslovna", "opis": "K — gospodarska namjena, poslovna", "cad_sloj": "boja #ffbf7e", "list": "1. Koristenje i namjena", "plan": "UPU Bilice sjever", "izvor": "UPU Bilice sjever (split.hr), vektorizirano iz PDF-a"}}, {"type": "Feature", "geometry": {"type": "LineString", "coordinates": [[16.4888125, 43.5264128], [16.4888121, 43.5280864]]}, "properties": {"tema": "namjena-poslovna", "opis": "K — gospodarska namjena, poslovna", "cad_sloj": "boja #ffbf7e", "list": "1. Koristenje i namjena", "plan": "UPU Bilice sjever", "izvor": "UPU Bilice sjever (split.hr), vektorizirano iz PDF-a"}}, {"type": "Feature", "geometry": {"type": "LineString", "coordinates": [[16.4888221, 43.5254733], [16.4888219, 43.5263368]]}, "properties": {"tema": "namjena-poslovna", "opis": "K — gospodarska namjena, poslovna", "cad_sloj": "boja #ffbf7e", "list": "1. Koristenje i namjena", "plan": "UPU Bilice sjever", "izvor": "UPU Bilice sjever (split.hr), vektorizirano iz PDF-a"}}, {"type": "Feature", "geometry": {"type": "LineString", "coordinates": [[16.4888219, 43.5264158], [16.4888216, 43.5280866]]}, "properties": {"tema": "namjena-poslovna", "opis": "K — gospodarska namjena, poslovna", "cad_sloj": "boja #ffbf7e", "list": "1. Koristenje i namjena", "plan": "UPU Bilice sjever", "izvor": "UPU Bilice sjever (split.hr), vektorizirano iz PDF-a"}}, {"type": "Feature", "geometry": {"type": "LineString", "coordinates": [[16.4888312, 43.5254727], [16.4888311, 43.5263398]]}, "properties": {"tema": "namjena-poslovna", "opis": "K — gospodarska namjena, poslovna", "cad_sloj": "boja #ffbf7e", "list": "1. Koristenje i namjena", "plan": "UPU Bilice sjever", "izvor": "UPU Bilice sjever (split.hr), vektorizirano iz PDF-a"}}, {"type": "Feature", "geometry": {"type": "LineString", "coordinates": [[16.488831, 43.5264191], [16.4888307, 43.5280868]]}, "properties": {"tema": "namjena-poslovna", "opis": "K — gospodarska namjena, poslovna", "cad_sloj": "boja #ffbf7e", "list": "1. Koristenje i namjena", "plan": "UPU Bilice sjever", "izvor": "UPU Bilice sjever (split.hr), vektorizirano iz PDF-a"}}, {"type": "Feature", "geometry": {"type": "LineString", "coordinates": [[16.4888404, 43.5254723], [16.4888402, 43.526343]]}, "properties": {"tema": "namjena-poslovna", "opis": "K — gospodarska namjena, poslovna", "cad_sloj": "boja #ffbf7e", "list": "1. Koristenje i namjena", "plan": "UPU Bilice sjever", "izvor": "UPU Bilice sjever (split.hr), vektorizirano iz PDF-a"}}, {"type": "Feature", "geometry": {"type": "LineString", "coordinates": [[16.4888402, 43.5264221], [16.4888399, 43.528087]]}, "properties": {"tema": "namjena-poslovna", "opis": "K — gospodarska namjena, poslovna", "cad_sloj": "boja #ffbf7e", "list": "1. Koristenje i namjena", "plan": "UPU Bilice sjever", "izvor": "UPU Bilice sjever (split.hr), vektorizirano iz PDF-a"}}, {"type": "Feature", "geometry": {"type": "LineString", "coordinates": [[16.4888498, 43.5254721], [16.4888497, 43.5263461]]}, "properties": {"tema": "namjena-poslovna", "opis": "K — gospodarska namjena, poslovna", "cad_sloj": "boja #ffbf7e", "list": "1. Koristenje i namjena", "plan": "UPU Bilice sjever", "izvor": "UPU Bilice sjever (split.hr), vektorizirano iz PDF-a"}}, {"type": "Feature", "geometry": {"type": "LineString", "coordinates": [[16.4888496, 43.5264252], [16.4888493, 43.5280872]]}, "properties": {"tema": "namjena-poslovna", "opis": "K — gospodarska namjena, poslovna", "cad_sloj": "boja #ffbf7e", "list": "1. Koristenje i namjena", "plan": "UPU Bilice sjever", "izvor": "UPU Bilice sjever (split.hr), vektorizirano iz PDF-a"}}, {"type": "Feature", "geometry": {"type": "LineString", "coordinates": [[16.488859, 43.5254719], [16.4888588, 43.5263491]]}, "properties": {"tema": "namjena-poslovna", "opis": "K — gospodarska namjena, poslovna", "cad_sloj": "boja #ffbf7e", "list": "1. Koristenje i namjena", "plan": "UPU Bilice sjever", "izvor": "UPU Bilice sjever (split.hr), vektorizirano iz PDF-a"}}, {"type": "Feature", "geometry": {"type": "LineString", "coordinates": [[16.4888588, 43.5264282], [16.4888585, 43.5280874]]}, "properties": {"tema": "namjena-poslovna", "opis": "K — gospodarska namjena, poslovna", "cad_sloj": "boja #ffbf7e", "list": "1. Koristenje i namjena", "plan": "UPU Bilice sjever", "izvor": "UPU Bilice sjever (split.hr), vektorizirano iz PDF-a"}}, {"type": "Feature", "geometry": {"type": "LineString", "coordinates": [[16.4888684, 43.5254719], [16.4888682, 43.5263522]]}, "properties": {"tema": "namjena-poslovna", "opis": "K — gospodarska namjena, poslovna", "cad_sloj": "boja #ffbf7e", "list": "1. Koristenje i namjena", "plan": "UPU Bilice sjever", "izvor": "UPU Bilice sjever (split.hr), vektorizirano iz PDF-a"}}, {"type": "Feature", "geometry": {"type": "LineString", "coordinates": [[16.4888682, 43.5264313], [16.4888679, 43.5280876]]}, "properties": {"tema": "namjena-poslovna", "opis": "K — gospodarska namjena, poslovna", "cad_sloj": "boja #ffbf7e", "list": "1. Koristenje i namjena", "plan": "UPU Bilice sjever", "izvor": "UPU Bilice sjever (split.hr), vektorizirano iz PDF-a"}}, {"type": "Feature", "geometry": {"type": "LineString", "coordinates": [[16.4888776, 43.5254721], [16.4888774, 43.5263553]]}, "properties": {"tema": "namjena-poslovna", "opis": "K — gospodarska namjena, poslovna", "cad_sloj": "boja #ffbf7e", "list": "1. Koristenje i namjena", "plan": "UPU Bilice sjever", "izvor": "UPU Bilice sjever (split.hr), vektorizirano iz PDF-a"}}, {"type": "Feature", "geometry": {"type": "LineString", "coordinates": [[16.4888774, 43.5264343], [16.4888771, 43.5280878]]}, "properties": {"tema": "namjena-poslovna", "opis": "K — gospodarska namjena, poslovna", "cad_sloj": "boja #ffbf7e", "list": "1. Koristenje i namjena", "plan": "UPU Bilice sjever", "izvor": "UPU Bilice sjever (split.hr), vektorizirano iz PDF-a"}}, {"type": "Feature", "geometry": {"type": "LineString", "coordinates": [[16.488887, 43.5254723], [16.4888868, 43.5263583]]}, "properties": {"tema": "namjena-poslovna", "opis": "K — gospodarska namjena, poslovna", "cad_sloj": "boja #ffbf7e", "list": "1. Koristenje i namjena", "plan": "UPU Bilice sjever", "izvor": "UPU Bilice sjever (split.hr), vektorizirano iz PDF-a"}}, {"type": "Feature", "geometry": {"type": "LineString", "coordinates": [[16.4888868, 43.5264374], [16.4888865, 43.5280881]]}, "properties": {"tema": "namjena-poslovna", "opis": "K — gospodarska namjena, poslovna", "cad_sloj": "boja #ffbf7e", "list": "1. Koristenje i namjena", "plan": "UPU Bilice sjever", "izvor": "UPU Bilice sjever (split.hr), vektorizirano iz PDF-a"}}, {"type": "Feature", "geometry": {"type": "LineString", "coordinates": [[16.4888962, 43.5254725], [16.488896, 43.5263613]]}, "properties": {"tema": "namjena-poslovna", "opis": "K — gospodarska namjena, poslovna", "cad_sloj": "boja #ffbf7e", "list": "1. Koristenje i namjena", "plan": "UPU Bilice sjever", "izvor": "UPU Bilice sjever (split.hr), vektorizirano iz PDF-a"}}, {"type": "Feature", "geometry": {"type": "LineString", "coordinates": [[16.488896, 43.5264404], [16.4888957, 43.5280883]]}, "properties": {"tema": "namjena-poslovna", "opis": "K — gospodarska namjena, poslovna", "cad_sloj": "boja #ffbf7e", "list": "1. Koristenje i namjena", "plan": "UPU Bilice sjever", "izvor": "UPU Bilice sjever (split.hr), vektorizirano iz PDF-a"}}, {"type": "Feature", "geometry": {"type": "LineString", "coordinates": [[16.4889053, 43.5254731], [16.4889052, 43.5263644]]}, "properties": {"tema": "namjena-poslovna", "opis": "K — gospodarska namjena, poslovna", "cad_sloj": "boja #ffbf7e", "list": "1. Koristenje i namjena", "plan": "UPU Bilice sjever", "izvor": "UPU Bilice sjever (split.hr), vektorizirano iz PDF-a"}}, {"type": "Feature", "geometry": {"type": "LineString", "coordinates": [[16.4889051, 43.5264435], [16.4889048, 43.5280885]]}, "properties": {"tema": "namjena-poslovna", "opis": "K — gospodarska namjena, poslovna", "cad_sloj": "boja #ffbf7e", "list": "1. Koristenje i namjena", "plan": "UPU Bilice sjever", "izvor": "UPU Bilice sjever (split.hr), vektorizirano iz PDF-a"}}, {"type": "Feature", "geometry": {"type": "LineString", "coordinates": [[16.4889148, 43.5254737], [16.4889146, 43.5263674]]}, "properties": {"tema": "namjena-poslovna", "opis": "K — gospodarska namjena, poslovna", "cad_sloj": "boja #ffbf7e", "list": "1. Koristenje i namjena", "plan": "UPU Bilice sjever", "izvor": "UPU Bilice sjever (split.hr), vektorizirano iz PDF-a"}}, {"type": "Feature", "geometry": {"type": "LineString", "coordinates": [[16.4889146, 43.5264467], [16.4889143, 43.5280887]]}, "properties": {"tema": "namjena-poslovna", "opis": "K — gospodarska namjena, poslovna", "cad_sloj": "boja #ffbf7e", "list": "1. Koristenje i namjena", "plan": "UPU Bilice sjever", "izvor": "UPU Bilice sjever (split.hr), vektorizirano iz PDF-a"}}, {"type": "Feature", "geometry": {"type": "LineString", "coordinates": [[16.4889239, 43.5254742], [16.4889238, 43.5263705]]}, "properties": {"tema": "namjena-poslovna", "opis": "K — gospodarska namjena, poslovna", "cad_sloj": "boja #ffbf7e", "list": "1. Koristenje i namjena", "plan": "UPU Bilice sjever", "izvor": "UPU Bilice sjever (split.hr), vektorizirano iz PDF-a"}}, {"type": "Feature", "geometry": {"type": "LineString", "coordinates": [[16.4889237, 43.5264498], [16.4889234, 43.5280889]]}, "properties": {"tema": "namjena-poslovna", "opis": "K — gospodarska namjena, poslovna", "cad_sloj": "boja #ffbf7e", "list": "1. Koristenje i namjena", "plan": "UPU Bilice sjever", "izvor": "UPU Bilice sjever (split.hr), vektorizirano iz PDF-a"}}, {"type": "Feature", "geometry": {"type": "LineString", "coordinates": [[16.4889333, 43.525475], [16.4889332, 43.5263737]]}, "properties": {"tema": "namjena-poslovna", "opis": "K — gospodarska namjena, poslovna", "cad_sloj": "boja #ffbf7e", "list": "1. Koristenje i namjena", "plan": "UPU Bilice sjever", "izvor": "UPU Bilice sjever (split.hr), vektorizirano iz PDF-a"}}, {"type": "Feature", "geometry": {"type": "LineString", "coordinates": [[16.4889332, 43.5264528], [16.4889329, 43.5280891]]}, "properties": {"tema": "namjena-poslovna", "opis": "K — gospodarska namjena, poslovna", "cad_sloj": "boja #ffbf7e", "list": "1. Koristenje i namjena", "plan": "UPU Bilice sjever", "izvor": "UPU Bilice sjever (split.hr), vektorizirano iz PDF-a"}}, {"type": "Feature", "geometry": {"type": "LineString", "coordinates": [[16.4889425, 43.5254759], [16.4889423, 43.5263768]]}, "properties": {"tema": "namjena-poslovna", "opis": "K — gospodarska namjena, poslovna", "cad_sloj": "boja #ffbf7e", "list": "1. Koristenje i namjena", "plan": "UPU Bilice sjever", "izvor": "UPU Bilice sjever (split.hr), vektorizirano iz PDF-a"}}, {"type": "Feature", "geometry": {"type": "LineString", "coordinates": [[16.4889423, 43.5264559], [16.488942, 43.5280893]]}, "properties": {"tema": "namjena-poslovna", "opis": "K — gospodarska namjena, poslovna", "cad_sloj": "boja #ffbf7e", "list": "1. Koristenje i namjena", "plan": "UPU Bilice sjever", "izvor": "UPU Bilice sjever (split.hr), vektorizirano iz PDF-a"}}, {"type": "Feature", "geometry": {"type": "LineString", "coordinates": [[16.4889519, 43.5254769], [16.4889518, 43.5263798]]}, "properties": {"tema": "namjena-poslovna", "opis": "K — gospodarska namjena, poslovna", "cad_sloj": "boja #ffbf7e", "list": "1. Koristenje i namjena", "plan": "UPU Bilice sjever", "izvor": "UPU Bilice sjever (split.hr), vektorizirano iz PDF-a"}}, {"type": "Feature", "geometry": {"type": "LineString", "coordinates": [[16.4889518, 43.5264589], [16.4889515, 43.5280895]]}, "properties": {"tema": "namjena-poslovna", "opis": "K — gospodarska namjena, poslovna", "cad_sloj": "boja #ffbf7e", "list": "1. Koristenje i namjena", "plan": "UPU Bilice sjever", "izvor": "UPU Bilice sjever (split.hr), vektorizirano iz PDF-a"}}, {"type": "Feature", "geometry": {"type": "LineString", "coordinates": [[16.4889611, 43.525478], [16.4889609, 43.5263829]]}, "properties": {"tema": "namjena-poslovna", "opis": "K — gospodarska namjena, poslovna", "cad_sloj": "boja #ffbf7e", "list": "1. Koristenje i namjena", "plan": "UPU Bilice sjever", "izvor": "UPU Bilice sjever (split.hr), vektorizirano iz PDF-a"}}, {"type": "Feature", "geometry": {"type": "LineString", "coordinates": [[16.4889609, 43.526462], [16.4889606, 43.5280897]]}, "properties": {"tema": "namjena-poslovna", "opis": "K — gospodarska namjena, poslovna", "cad_sloj": "boja #ffbf7e", "list": "1. Koristenje i namjena", "plan": "UPU Bilice sjever", "izvor": "UPU Bilice sjever (split.hr), vektorizirano iz PDF-a"}}, {"type": "Feature", "geometry": {"type": "LineString", "coordinates": [[16.4889703, 43.5254794], [16.4889701, 43.5263859]]}, "properties": {"tema": "namjena-poslovna", "opis": "K — gospodarska namjena, poslovna", "cad_sloj": "boja #ffbf7e", "list": "1. Koristenje i namjena", "plan": "UPU Bilice sjever", "izvor": "UPU Bilice sjever (split.hr), vektorizirano iz PDF-a"}}, {"type": "Feature", "geometry": {"type": "LineString", "coordinates": [[16.4889701, 43.526465], [16.4889698, 43.5280899]]}, "properties": {"tema": "namjena-poslovna", "opis": "K — gospodarska namjena, poslovna", "cad_sloj": "boja #ffbf7e", "list": "1. Koristenje i namjena", "plan": "UPU Bilice sjever", "izvor": "UPU Bilice sjever (split.hr), vektorizirano iz PDF-a"}}, {"type": "Feature", "geometry": {"type": "LineString", "coordinates": [[16.4889797, 43.5254807], [16.4889795, 43.526389]]}, "properties": {"tema": "namjena-poslovna", "opis": "K — gospodarska namjena, poslovna", "cad_sloj": "boja #ffbf7e", "list": "1. Koristenje i namjena", "plan": "UPU Bilice sjever", "izvor": "UPU Bilice sjever (split.hr), vektorizirano iz PDF-a"}}, {"type": "Feature", "geometry": {"type": "LineString", "coordinates": [[16.4889795, 43.5264681], [16.4889792, 43.5280901]]}, "properties": {"tema": "namjena-poslovna", "opis": "K — gospodarska namjena, poslovna", "cad_sloj": "boja #ffbf7e", "list": "1. Koristenje i namjena", "plan": "UPU Bilice sjever", "izvor": "UPU Bilice sjever (split.hr), vektorizirano iz PDF-a"}}, {"type": "Feature", "geometry": {"type": "LineString", "coordinates": [[16.4889889, 43.5254822], [16.4889887, 43.526392]]}, "properties": {"tema": "namjena-poslovna", "opis": "K — gospodarska namjena, poslovna", "cad_sloj": "boja #ffbf7e", "list": "1. Koristenje i namjena", "plan": "UPU Bilice sjever", "izvor": "UPU Bilice sjever (split.hr), vektorizirano iz PDF-a"}}, {"type": "Feature", "geometry": {"type": "LineString", "coordinates": [[16.4889887, 43.5264711], [16.4889884, 43.5280903]]}, "properties": {"tema": "namjena-poslovna", "opis": "K — gospodarska namjena, poslovna", "cad_sloj": "boja #ffbf7e", "list": "1. Koristenje i namjena", "plan": "UPU Bilice sjever", "izvor": "UPU Bilice sjever (split.hr), vektorizirano iz PDF-a"}}, {"type": "Feature", "geometry": {"type": "LineString", "coordinates": [[16.4889983, 43.525484], [16.4889981, 43.5263951]]}, "properties": {"tema": "namjena-poslovna", "opis": "K — gospodarska namjena, poslovna", "cad_sloj": "boja #ffbf7e", "list": "1. Koristenje i namjena", "plan": "UPU Bilice sjever", "izvor": "UPU Bilice sjever (split.hr), vektorizirano iz PDF-a"}}, {"type": "Feature", "geometry": {"type": "LineString", "coordinates": [[16.4889981, 43.5264743], [16.4889978, 43.5280904]]}, "properties": {"tema": "namjena-poslovna", "opis": "K — gospodarska namjena, poslovna", "cad_sloj": "boja #ffbf7e", "list": "1. Koristenje i namjena", "plan": "UPU Bilice sjever", "izvor": "UPU Bilice sjever (split.hr), vektorizirano iz PDF-a"}}, {"type": "Feature", "geometry": {"type": "LineString", "coordinates": [[16.4890074, 43.5254857], [16.4890073, 43.5263981]]}, "properties": {"tema": "namjena-poslovna", "opis": "K — gospodarska namjena, poslovna", "cad_sloj": "boja #ffbf7e", "list": "1. Koristenje i namjena", "plan": "UPU Bilice sjever", "izvor": "UPU Bilice sjever (split.hr), vektorizirano iz PDF-a"}}, {"type": "Feature", "geometry": {"type": "LineString", "coordinates": [[16.4890073, 43.5264774], [16.489007, 43.5280906]]}, "properties": {"tema": "namjena-poslovna", "opis": "K — gospodarska namjena, poslovna", "cad_sloj": "boja #ffbf7e", "list": "1. Koristenje i namjena", "plan": "UPU Bilice sjever", "izvor": "UPU Bilice sjever (split.hr), vektorizirano iz PDF-a"}}, {"type": "Feature", "geometry": {"type": "LineString", "coordinates": [[16.4890169, 43.5254876], [16.4890167, 43.5264014]]}, "properties": {"tema": "namjena-poslovna", "opis": "K — gospodarska namjena, poslovna", "cad_sloj": "boja #ffbf7e", "list": "1. Koristenje i namjena", "plan": "UPU Bilice sjever", "izvor": "UPU Bilice sjever (split.hr), vektorizirano iz PDF-a"}}, {"type": "Feature", "geometry": {"type": "LineString", "coordinates": [[16.4890167, 43.5264804], [16.4890164, 43.5280908]]}, "properties": {"tema": "namjena-poslovna", "opis": "K — gospodarska namjena, poslovna", "cad_sloj": "boja #ffbf7e", "list": "1. Koristenje i namjena", "plan": "UPU Bilice sjever", "izvor": "UPU Bilice sjever (split.hr), vektorizirano iz PDF-a"}}, {"type": "Feature", "geometry": {"type": "LineString", "coordinates": [[16.489026, 43.5254897], [16.4890259, 43.5264044]]}, "properties": {"tema": "namjena-poslovna", "opis": "K — gospodarska namjena, poslovna", "cad_sloj": "boja #ffbf7e", "list": "1. Koristenje i namjena", "plan": "UPU Bilice sjever", "izvor": "UPU Bilice sjever (split.hr), vektorizirano iz PDF-a"}}, {"type": "Feature", "geometry": {"type": "LineString", "coordinates": [[16.4890259, 43.5264835], [16.4890256, 43.528091]]}, "properties": {"tema": "namjena-poslovna", "opis": "K — gospodarska namjena, poslovna", "cad_sloj": "boja #ffbf7e", "list": "1. Koristenje i namjena", "plan": "UPU Bilice sjever", "izvor": "UPU Bilice sjever (split.hr), vektorizirano iz PDF-a"}}, {"type": "Feature", "geometry": {"type": "LineString", "coordinates": [[16.4890355, 43.5254918], [16.4890353, 43.5264075]]}, "properties": {"tema": "namjena-poslovna", "opis": "K — gospodarska namjena, poslovna", "cad_sloj": "boja #ffbf7e", "list": "1. Koristenje i namjena", "plan": "UPU Bilice sjever", "izvor": "UPU Bilice sjever (split.hr), vektorizirano iz PDF-a"}}, {"type": "Feature", "geometry": {"type": "LineString", "coordinates": [[16.4890353, 43.5264865], [16.489035, 43.5280912]]}, "properties": {"tema": "namjena-poslovna", "opis": "K — gospodarska namjena, poslovna", "cad_sloj": "boja #ffbf7e", "list": "1. Koristenje i namjena", "plan": "UPU Bilice sjever", "izvor": "UPU Bilice sjever (split.hr), vektorizirano iz PDF-a"}}, {"type": "Feature", "geometry": {"type": "LineString", "coordinates": [[16.4890446, 43.5254942], [16.4890445, 43.5264105]]}, "properties": {"tema": "namjena-poslovna", "opis": "K — gospodarska namjena, poslovna", "cad_sloj": "boja #ffbf7e", "list": "1. Koristenje i namjena", "plan": "UPU Bilice sjever", "izvor": "UPU Bilice sjever (split.hr), vektorizirano iz PDF-a"}}, {"type": "Feature", "geometry": {"type": "LineString", "coordinates": [[16.4890444, 43.5264896], [16.4890442, 43.5280914]]}, "properties": {"tema": "namjena-poslovna", "opis": "K — gospodarska namjena, poslovna", "cad_sloj": "boja #ffbf7e", "list": "1. Koristenje i namjena", "plan": "UPU Bilice sjever", "izvor": "UPU Bilice sjever (split.hr), vektorizirano iz PDF-a"}}, {"type": "Feature", "geometry": {"type": "LineString", "coordinates": [[16.4890538, 43.5254965], [16.4890536, 43.5264136]]}, "properties": {"tema": "namjena-poslovna", "opis": "K — gospodarska namjena, poslovna", "cad_sloj": "boja #ffbf7e", "list": "1. Koristenje i namjena", "plan": "UPU Bilice sjever", "izvor": "UPU Bilice sjever (split.hr), vektorizirano iz PDF-a"}}, {"type": "Feature", "geometry": {"type": "LineString", "coordinates": [[16.4890536, 43.5264926], [16.4890533, 43.5280916]]}, "properties": {"tema": "namjena-poslovna", "opis": "K — gospodarska namjena, poslovna", "cad_sloj": "boja #ffbf7e", "list": "1. Koristenje i namjena", "plan": "UPU Bilice sjever", "izvor": "UPU Bilice sjever (split.hr), vektorizirano iz PDF-a"}}, {"type": "Feature", "geometry": {"type": "LineString", "coordinates": [[16.4890632, 43.5254992], [16.4890631, 43.5264166]]}, "properties": {"tema": "namjena-poslovna", "opis": "K — gospodarska namjena, poslovna", "cad_sloj": "boja #ffbf7e", "list": "1. Koristenje i namjena", "plan": "UPU Bilice sjever", "izvor": "UPU Bilice sjever (split.hr), vektorizirano iz PDF-a"}}, {"type": "Feature", "geometry": {"type": "LineString", "coordinates": [[16.489063, 43.5264957], [16.4890627, 43.5280918]]}, "properties": {"tema": "namjena-poslovna", "opis": "K — gospodarska namjena, poslovna", "cad_sloj": "boja #ffbf7e", "list": "1. Koristenje i namjena", "plan": "UPU Bilice sjever", "izvor": "UPU Bilice sjever (split.hr), vektorizirano iz PDF-a"}}, {"type": "Feature", "geometry": {"type": "LineString", "coordinates": [[16.4890724, 43.5255019], [16.4890722, 43.5264197]]}, "properties": {"tema": "namjena-poslovna", "opis": "K — gospodarska namjena, poslovna", "cad_sloj": "boja #ffbf7e", "list": "1. Koristenje i namjena", "plan": "UPU Bilice sjever", "izvor": "UPU Bilice sjever (split.hr), vektorizirano iz PDF-a"}}, {"type": "Feature", "geometry": {"type": "LineString", "coordinates": [[16.4890722, 43.5264987], [16.4890719, 43.528092]]}, "properties": {"tema": "namjena-poslovna", "opis": "K — gospodarska namjena, poslovna", "cad_sloj": "boja #ffbf7e", "list": "1. Koristenje i namjena", "plan": "UPU Bilice sjever", "izvor": "UPU Bilice sjever (split.hr), vektorizirano iz PDF-a"}}, {"type": "Feature", "geometry": {"type": "LineString", "coordinates": [[16.4890818, 43.5255047], [16.4890816, 43.5264227]]}, "properties": {"tema": "namjena-poslovna", "opis": "K — gospodarska namjena, poslovna", "cad_sloj": "boja #ffbf7e", "list": "1. Koristenje i namjena", "plan": "UPU Bilice sjever", "izvor": "UPU Bilice sjever (split.hr), vektorizirano iz PDF-a"}}, {"type": "Feature", "geometry": {"type": "LineString", "coordinates": [[16.4890816, 43.526502], [16.4890813, 43.5280922]]}, "properties": {"tema": "namjena-poslovna", "opis": "K — gospodarska namjena, poslovna", "cad_sloj": "boja #ffbf7e", "list": "1. Koristenje i namjena", "plan": "UPU Bilice sjever", "izvor": "UPU Bilice sjever (split.hr), vektorizirano iz PDF-a"}}, {"type": "Feature", "geometry": {"type": "LineString", "coordinates": [[16.489091, 43.5255078], [16.4890908, 43.5264258]]}, "properties": {"tema": "namjena-poslovna", "opis": "K — gospodarska namjena, poslovna", "cad_sloj": "boja #ffbf7e", "list": "1. Koristenje i namjena", "plan": "UPU Bilice sjever", "izvor": "UPU Bilice sjever (split.hr), vektorizirano iz PDF-a"}}, {"type": "Feature", "geometry": {"type": "LineString", "coordinates": [[16.4890908, 43.526505], [16.4890905, 43.5280924]]}, "properties": {"tema": "namjena-poslovna", "opis": "K — gospodarska namjena, poslovna", "cad_sloj": "boja #ffbf7e", "list": "1. Koristenje i namjena", "plan": "UPU Bilice sjever", "izvor": "UPU Bilice sjever (split.hr), vektorizirano iz PDF-a"}}, {"type": "Feature", "geometry": {"type": "LineString", "coordinates": [[16.4891004, 43.525511], [16.4891002, 43.526429]]}, "properties": {"tema": "namjena-poslovna", "opis": "K — gospodarska namjena, poslovna", "cad_sloj": "boja #ffbf7e", "list": "1. Koristenje i namjena", "plan": "UPU Bilice sjever", "izvor": "UPU Bilice sjever (split.hr), vektorizirano iz PDF-a"}}, {"type": "Feature", "geometry": {"type": "LineString", "coordinates": [[16.4891002, 43.5265081], [16.4890999, 43.5280925]]}, "properties": {"tema": "namjena-poslovna", "opis": "K — gospodarska namjena, poslovna", "cad_sloj": "boja #ffbf7e", "list": "1. Koristenje i namjena", "plan": "UPU Bilice sjever", "izvor": "UPU Bilice sjever (split.hr), vektorizirano iz PDF-a"}}, {"type": "Feature", "geometry": {"type": "LineString", "coordinates": [[16.4891096, 43.5255145], [16.4891094, 43.5264321]]}, "properties": {"tema": "namjena-poslovna", "opis": "K — gospodarska namjena, poslovna", "cad_sloj": "boja #ffbf7e", "list": "1. Koristenje i namjena", "plan": "UPU Bilice sjever", "izvor": "UPU Bilice sjever (split.hr), vektorizirano iz PDF-a"}}, {"type": "Feature", "geometry": {"type": "LineString", "coordinates": [[16.4891094, 43.5265111], [16.4891091, 43.5280927]]}, "properties": {"tema": "namjena-poslovna", "opis": "K — gospodarska namjena, poslovna", "cad_sloj": "boja #ffbf7e", "list": "1. Koristenje i namjena", "plan": "UPU Bilice sjever", "izvor": "UPU Bilice sjever (split.hr), vektorizirano iz PDF-a"}}, {"type": "Feature", "geometry": {"type": "LineString", "coordinates": [[16.4891187, 43.5255179], [16.4891186, 43.5264351]]}, "properties": {"tema": "namjena-poslovna", "opis": "K — gospodarska namjena, poslovna", "cad_sloj": "boja #ffbf7e", "list": "1. Koristenje i namjena", "plan": "UPU Bilice sjever", "izvor": "UPU Bilice sjever (split.hr), vektorizirano iz PDF-a"}}, {"type": "Feature", "geometry": {"type": "LineString", "coordinates": [[16.4891185, 43.5265142], [16.4891183, 43.5280929]]}, "properties": {"tema": "namjena-poslovna", "opis": "K — gospodarska namjena, poslovna", "cad_sloj": "boja #ffbf7e", "list": "1. Koristenje i namjena", "plan": "UPU Bilice sjever", "izvor": "UPU Bilice sjever (split.hr), vektorizirano iz PDF-a"}}, {"type": "Feature", "geometry": {"type": "LineString", "coordinates": [[16.4891282, 43.5255306], [16.489128, 43.5264382]]}, "properties": {"tema": "namjena-poslovna", "opis": "K — gospodarska namjena, poslovna", "cad_sloj": "boja #ffbf7e", "list": "1. Koristenje i namjena", "plan": "UPU Bilice sjever", "izvor": "UPU Bilice sjever (split.hr), vektorizirano iz PDF-a"}}, {"type": "Feature", "geometry": {"type": "LineString", "coordinates": [[16.489128, 43.5265172], [16.4891277, 43.5280931]]}, "properties": {"tema": "namjena-poslovna", "opis": "K — gospodarska namjena, poslovna", "cad_sloj": "boja #ffbf7e", "list": "1. Koristenje i namjena", "plan": "UPU Bilice sjever", "izvor": "UPU Bilice sjever (split.hr), vektorizirano iz PDF-a"}}, {"type": "Feature", "geometry": {"type": "LineString", "coordinates": [[16.4891373, 43.5255434], [16.4891372, 43.5264412]]}, "properties": {"tema": "namjena-poslovna", "opis": "K — gospodarska namjena, poslovna", "cad_sloj": "boja #ffbf7e", "list": "1. Koristenje i namjena", "plan": "UPU Bilice sjever", "izvor": "UPU Bilice sjever (split.hr), vektorizirano iz PDF-a"}}, {"type": "Feature", "geometry": {"type": "LineString", "coordinates": [[16.4891371, 43.5265203], [16.4891369, 43.5280933]]}, "properties": {"tema": "namjena-poslovna", "opis": "K — gospodarska namjena, poslovna", "cad_sloj": "boja #ffbf7e", "list": "1. Koristenje i namjena", "plan": "UPU Bilice sjever", "izvor": "UPU Bilice sjever (split.hr), vektorizirano iz PDF-a"}}, {"type": "Feature", "geometry": {"type": "LineString", "coordinates": [[16.4891467, 43.5255562], [16.4891466, 43.5264443]]}, "properties": {"tema": "namjena-poslovna", "opis": "K — gospodarska namjena, poslovna", "cad_sloj": "boja #ffbf7e", "list": "1. Koristenje i namjena", "plan": "UPU Bilice sjever", "izvor": "UPU Bilice sjever (split.hr), vektorizirano iz PDF-a"}}, {"type": "Feature", "geometry": {"type": "LineString", "coordinates": [[16.4891466, 43.5265233], [16.4891463, 43.5280937]]}, "properties": {"tema": "namjena-poslovna", "opis": "K — gospodarska namjena, poslovna", "cad_sloj": "boja #ffbf7e", "list": "1. Koristenje i namjena", "plan": "UPU Bilice sjever", "izvor": "UPU Bilice sjever (split.hr), vektorizirano iz PDF-a"}}, {"type": "Feature", "geometry": {"type": "LineString", "coordinates": [[16.4891559, 43.5255691], [16.4891557, 43.5264473]]}, "properties": {"tema": "namjena-poslovna", "opis": "K — gospodarska namjena, poslovna", "cad_sloj": "boja #ffbf7e", "list": "1. Koristenje i namjena", "plan": "UPU Bilice sjever", "izvor": "UPU Bilice sjever (split.hr), vektorizirano iz PDF-a"}}, {"type": "Feature", "geometry": {"type": "LineString", "coordinates": [[16.4891557, 43.5265264], [16.4891554, 43.5280939]]}, "properties": {"tema": "namjena-poslovna", "opis": "K — gospodarska namjena, poslovna", "cad_sloj": "boja #ffbf7e", "list": "1. Koristenje i namjena", "plan": "UPU Bilice sjever", "izvor": "UPU Bilice sjever (split.hr), vektorizirano iz PDF-a"}}, {"type": "Feature", "geometry": {"type": "LineString", "coordinates": [[16.4891653, 43.5255819], [16.4891652, 43.5264504]]}, "properties": {"tema": "namjena-poslovna", "opis": "K — gospodarska namjena, poslovna", "cad_sloj": "boja #ffbf7e", "list": "1. Koristenje i namjena", "plan": "UPU Bilice sjever", "izvor": "UPU Bilice sjever (split.hr), vektorizirano iz PDF-a"}}, {"type": "Feature", "geometry": {"type": "LineString", "coordinates": [[16.4891652, 43.5265294], [16.4891649, 43.5280939]]}, "properties": {"tema": "namjena-poslovna", "opis": "K — gospodarska namjena, poslovna", "cad_sloj": "boja #ffbf7e", "list": "1. Koristenje i namjena", "plan": "UPU Bilice sjever", "izvor": "UPU Bilice sjever (split.hr), vektorizirano iz PDF-a"}}, {"type": "Feature", "geometry": {"type": "LineString", "coordinates": [[16.4891745, 43.5255916], [16.4891743, 43.5264534]]}, "properties": {"tema": "namjena-poslovna", "opis": "K — gospodarska namjena, poslovna", "cad_sloj": "boja #ffbf7e", "list": "1. Koristenje i namjena", "plan": "UPU Bilice sjever", "izvor": "UPU Bilice sjever (split.hr), vektorizirano iz PDF-a"}}, {"type": "Feature", "geometry": {"type": "LineString", "coordinates": [[16.4891743, 43.5265327], [16.489174, 43.5280941]]}, "properties": {"tema": "namjena-poslovna", "opis": "K — gospodarska namjena, poslovna", "cad_sloj": "boja #ffbf7e", "list": "1. Koristenje i namjena", "plan": "UPU Bilice sjever", "izvor": "UPU Bilice sjever (split.hr), vektorizirano iz PDF-a"}}, {"type": "Feature", "geometry": {"type": "LineString", "coordinates": [[16.4891837, 43.5256004], [16.4891835, 43.5264566]]}, "properties": {"tema": "namjena-poslovna", "opis": "K — gospodarska namjena, poslovna", "cad_sloj": "boja #ffbf7e", "list": "1. Koristenje i namjena", "plan": "UPU Bilice sjever", "izvor": "UPU Bilice sjever (split.hr), vektorizirano iz PDF-a"}}, {"type": "Feature", "geometry": {"type": "LineString", "coordinates": [[16.4891835, 43.5265357], [16.4891832, 43.5280943]]}, "properties": {"tema": "namjena-poslovna", "opis": "K — gospodarska namjena, poslovna", "cad_sloj": "boja #ffbf7e", "list": "1. Koristenje i namjena", "plan": "UPU Bilice sjever", "izvor": "UPU Bilice sjever (split.hr), vektorizirano iz PDF-a"}}, {"type": "Feature", "geometry": {"type": "LineString", "coordinates": [[16.4891931, 43.525609], [16.4891929, 43.5264597]]}, "properties": {"tema": "namjena-poslovna", "opis": "K — gospodarska namjena, poslovna", "cad_sloj": "boja #ffbf7e", "list": "1. Koristenje i namjena", "plan": "UPU Bilice sjever", "izvor": "UPU Bilice sjever (split.hr), vektorizirano iz PDF-a"}}, {"type": "Feature", "geometry": {"type": "LineString", "coordinates": [[16.4891929, 43.5265388], [16.4891926, 43.5280945]]}, "properties": {"tema": "namjena-poslovna", "opis": "K — gospodarska namjena, poslovna", "cad_sloj": "boja #ffbf7e", "list": "1. Koristenje i namjena", "plan": "UPU Bilice sjever", "izvor": "UPU Bilice sjever (split.hr), vektorizirano iz PDF-a"}}, {"type": "Feature", "geometry": {"type": "LineString", "coordinates": [[16.4892022, 43.5256177], [16.4892021, 43.5264627]]}, "properties": {"tema": "namjena-poslovna", "opis": "K — gospodarska namjena, poslovna", "cad_sloj": "boja #ffbf7e", "list": "1. Koristenje i namjena", "plan": "UPU Bilice sjever", "izvor": "UPU Bilice sjever (split.hr), vektorizirano iz PDF-a"}}, {"type": "Feature", "geometry": {"type": "LineString", "coordinates": [[16.4892021, 43.5265418], [16.4892018, 43.5280947]]}, "properties": {"tema": "namjena-poslovna", "opis": "K — gospodarska namjena, poslovna", "cad_sloj": "boja #ffbf7e", "list": "1. Koristenje i namjena", "plan": "UPU Bilice sjever", "izvor": "UPU Bilice sjever (split.hr), vektorizirano iz PDF-a"}}, {"type": "Feature", "geometry": {"type": "LineString", "coordinates": [[16.4892117, 43.5256263], [16.4892115, 43.5264658]]}, "properties": {"tema": "namjena-poslovna", "opis": "K — gospodarska namjena, poslovna", "cad_sloj": "boja #ffbf7e", "list": "1. Koristenje i namjena", "plan": "UPU Bilice sjever", "izvor": "UPU Bilice sjever (split.hr), vektorizirano iz PDF-a"}}, {"type": "Feature", "geometry": {"type": "LineString", "coordinates": [[16.4892115, 43.5265449], [16.4892112, 43.5280948]]}, "properties": {"tema": "namjena-poslovna", "opis": "K — gospodarska namjena, poslovna", "cad_sloj": "boja #ffbf7e", "list": "1. Koristenje i namjena", "plan": "UPU Bilice sjever", "izvor": "UPU Bilice sjever (split.hr), vektorizirano iz PDF-a"}}, {"type": "Feature", "geometry": {"type": "LineString", "coordinates": [[16.4892208, 43.5256351], [16.4892207, 43.5264688]]}, "properties": {"tema": "namjena-poslovna", "opis": "K — gospodarska namjena, poslovna", "cad_sloj": "boja #ffbf7e", "list": "1. Koristenje i namjena", "plan": "UPU Bilice sjever", "izvor": "UPU Bilice sjever (split.hr), vektorizirano iz PDF-a"}}, {"type": "Feature", "geometry": {"type": "LineString", "coordinates": [[16.4892207, 43.5265479], [16.4892204, 43.528095]]}, "properties": {"tema": "namjena-poslovna", "opis": "K — gospodarska namjena, poslovna", "cad_sloj": "boja #ffbf7e", "list": "1. Koristenje i namjena", "plan": "UPU Bilice sjever", "izvor": "UPU Bilice sjever (split.hr), vektorizirano iz PDF-a"}}, {"type": "Feature", "geometry": {"type": "LineString", "coordinates": [[16.4892303, 43.5256436], [16.4892301, 43.5264719]]}, "properties": {"tema": "namjena-poslovna", "opis": "K — gospodarska namjena, poslovna", "cad_sloj": "boja #ffbf7e", "list": "1. Koristenje i namjena", "plan": "UPU Bilice sjever", "izvor": "UPU Bilice sjever (split.hr), vektorizirano iz PDF-a"}}, {"type": "Feature", "geometry": {"type": "LineString", "coordinates": [[16.4892301, 43.526551], [16.4892298, 43.5280952]]}, "properties": {"tema": "namjena-poslovna", "opis": "K — gospodarska namjena, poslovna", "cad_sloj": "boja #ffbf7e", "list": "1. Koristenje i namjena", "plan": "UPU Bilice sjever", "izvor": "UPU Bilice sjever (split.hr), vektorizirano iz PDF-a"}}, {"type": "Feature", "geometry": {"type": "LineString", "coordinates": [[16.4892394, 43.5256522], [16.4892393, 43.5264749]]}, "properties": {"tema": "namjena-poslovna", "opis": "K — gospodarska namjena, poslovna", "cad_sloj": "boja #ffbf7e", "list": "1. Koristenje i namjena", "plan": "UPU Bilice sjever", "izvor": "UPU Bilice sjever (split.hr), vektorizirano iz PDF-a"}}, {"type": "Feature", "geometry": {"type": "LineString", "coordinates": [[16.4892393, 43.526554], [16.489239, 43.5280954]]}, "properties": {"tema": "namjena-poslovna", "opis": "K — gospodarska namjena, poslovna", "cad_sloj": "boja #ffbf7e", "list": "1. Koristenje i namjena", "plan": "UPU Bilice sjever", "izvor": "UPU Bilice sjever (split.hr), vektorizirano iz PDF-a"}}, {"type": "Feature", "geometry": {"type": "LineString", "coordinates": [[16.4892486, 43.5256608], [16.4892484, 43.526478]]}, "properties": {"tema": "namjena-poslovna", "opis": "K — gospodarska namjena, poslovna", "cad_sloj": "boja #ffbf7e", "list": "1. Koristenje i namjena", "plan": "UPU Bilice sjever", "izvor": "UPU Bilice sjever (split.hr), vektorizirano iz PDF-a"}}, {"type": "Feature", "geometry": {"type": "LineString", "coordinates": [[16.4892484, 43.5265571], [16.4892481, 43.5280956]]}, "properties": {"tema": "namjena-poslovna", "opis": "K — gospodarska namjena, poslovna", "cad_sloj": "boja #ffbf7e", "list": "1. Koristenje i namjena", "plan": "UPU Bilice sjever", "izvor": "UPU Bilice sjever (split.hr), vektorizirano iz PDF-a"}}, {"type": "Feature", "geometry": {"type": "LineString", "coordinates": [[16.489258, 43.5256686], [16.4892579, 43.526481]]}, "properties": {"tema": "namjena-poslovna", "opis": "K — gospodarska namjena, poslovna", "cad_sloj": "boja #ffbf7e", "list": "1. Koristenje i namjena", "plan": "UPU Bilice sjever", "izvor": "UPU Bilice sjever (split.hr), vektorizirano iz PDF-a"}}, {"type": "Feature", "geometry": {"type": "LineString", "coordinates": [[16.4892578, 43.5265603], [16.4892576, 43.5280958]]}, "properties": {"tema": "namjena-poslovna", "opis": "K — gospodarska namjena, poslovna", "cad_sloj": "boja #ffbf7e", "list": "1. Koristenje i namjena", "plan": "UPU Bilice sjever", "izvor": "UPU Bilice sjever (split.hr), vektorizirano iz PDF-a"}}, {"type": "Feature", "geometry": {"type": "LineString", "coordinates": [[16.4892672, 43.5256764], [16.489267, 43.5264843]]}, "properties": {"tema": "namjena-poslovna", "opis": "K — gospodarska namjena, poslovna", "cad_sloj": "boja #ffbf7e", "list": "1. Koristenje i namjena", "plan": "UPU Bilice sjever", "izvor": "UPU Bilice sjever (split.hr), vektorizirano iz PDF-a"}}, {"type": "Feature", "geometry": {"type": "LineString", "coordinates": [[16.489267, 43.5265634], [16.4892667, 43.528096]]}, "properties": {"tema": "namjena-poslovna", "opis": "K — gospodarska namjena, poslovna", "cad_sloj": "boja #ffbf7e", "list": "1. Koristenje i namjena", "plan": "UPU Bilice sjever", "izvor": "UPU Bilice sjever (split.hr), vektorizirano iz PDF-a"}}, {"type": "Feature", "geometry": {"type": "LineString", "coordinates": [[16.4892766, 43.525684], [16.4892765, 43.5264873]]}, "properties": {"tema": "namjena-poslovna", "opis": "K — gospodarska namjena, poslovna", "cad_sloj": "boja #ffbf7e", "list": "1. Koristenje i namjena", "plan": "UPU Bilice sjever", "izvor": "UPU Bilice sjever (split.hr), vektorizirano iz PDF-a"}}, {"type": "Feature", "geometry": {"type": "LineString", "coordinates": [[16.4892764, 43.5265664], [16.4892762, 43.5280962]]}, "properties": {"tema": "namjena-poslovna", "opis": "K — gospodarska namjena, poslovna", "cad_sloj": "boja #ffbf7e", "list": "1. Koristenje i namjena", "plan": "UPU Bilice sjever", "izvor": "UPU Bilice sjever (split.hr), vektorizirano iz PDF-a"}}, {"type": "Feature", "geometry": {"type": "LineString", "coordinates": [[16.4892858, 43.5256919], [16.4892856, 43.5264904]]}, "properties": {"tema": "namjena-poslovna", "opis": "K — gospodarska namjena, poslovna", "cad_sloj": "boja #ffbf7e", "list": "1. Koristenje i namjena", "plan": "UPU Bilice sjever", "izvor": "UPU Bilice sjever (split.hr), vektorizirano iz PDF-a"}}, {"type": "Feature", "geometry": {"type": "LineString", "coordinates": [[16.4892856, 43.5265694], [16.4892853, 43.5280962]]}, "properties": {"tema": "namjena-poslovna", "opis": "K — gospodarska namjena, poslovna", "cad_sloj": "boja #ffbf7e", "list": "1. Koristenje i namjena", "plan": "UPU Bilice sjever", "izvor": "UPU Bilice sjever (split.hr), vektorizirano iz PDF-a"}}, {"type": "Feature", "geometry": {"type": "LineString", "coordinates": [[16.4892952, 43.5256997], [16.489295, 43.5264934]]}, "properties": {"tema": "namjena-poslovna", "opis": "K — gospodarska namjena, poslovna", "cad_sloj": "boja #ffbf7e", "list": "1. Koristenje i namjena", "plan": "UPU Bilice sjever", "izvor": "UPU Bilice sjever (split.hr), vektorizirano iz PDF-a"}}, {"type": "Feature", "geometry": {"type": "LineString", "coordinates": [[16.489295, 43.5265725], [16.4892948, 43.5280964]]}, "properties": {"tema": "namjena-poslovna", "opis": "K — gospodarska namjena, poslovna", "cad_sloj": "boja #ffbf7e", "list": "1. Koristenje i namjena", "plan": "UPU Bilice sjever", "izvor": "UPU Bilice sjever (split.hr), vektorizirano iz PDF-a"}}, {"type": "Feature", "geometry": {"type": "LineString", "coordinates": [[16.4893043, 43.5257075], [16.4893042, 43.5264965]]}, "properties": {"tema": "namjena-poslovna", "opis": "K — gospodarska namjena, poslovna", "cad_sloj": "boja #ffbf7e", "list": "1. Koristenje i namjena", "plan": "UPU Bilice sjever", "izvor": "UPU Bilice sjever (split.hr), vektorizirano iz PDF-a"}}, {"type": "Feature", "geometry": {"type": "LineString", "coordinates": [[16.4893042, 43.5265755], [16.4893039, 43.5280966]]}, "properties": {"tema": "namjena-poslovna", "opis": "K — gospodarska namjena, poslovna", "cad_sloj": "boja #ffbf7e", "list": "1. Koristenje i namjena", "plan": "UPU Bilice sjever", "izvor": "UPU Bilice sjever (split.hr), vektorizirano iz PDF-a"}}, {"type": "Feature", "geometry": {"type": "LineString", "coordinates": [[16.4893138, 43.5257151], [16.4893136, 43.5264995]]}, "properties": {"tema": "namjena-poslovna", "opis": "K — gospodarska namjena, poslovna", "cad_sloj": "boja #ffbf7e", "list": "1. Koristenje i namjena", "plan": "UPU Bilice sjever", "izvor": "UPU Bilice sjever (split.hr), vektorizirano iz PDF-a"}}, {"type": "Feature", "geometry": {"type": "LineString", "coordinates": [[16.4893135, 43.527223], [16.4893134, 43.5280968]]}, "properties": {"tema": "namjena-poslovna", "opis": "K — gospodarska namjena, poslovna", "cad_sloj": "boja #ffbf7e", "list": "1. Koristenje i namjena", "plan": "UPU Bilice sjever", "izvor": "UPU Bilice sjever (split.hr), vektorizirano iz PDF-a"}}, {"type": "Feature", "geometry": {"type": "LineString", "coordinates": [[16.4893136, 43.5265786], [16.4893135, 43.5271685]]}, "properties": {"tema": "namjena-poslovna", "opis": "K — gospodarska namjena, poslovna", "cad_sloj": "boja #ffbf7e", "list": "1. Koristenje i namjena", "plan": "UPU Bilice sjever", "izvor": "UPU Bilice sjever (split.hr), vektorizirano iz PDF-a"}}, {"type": "Feature", "geometry": {"type": "LineString", "coordinates": [[16.4893229, 43.5257229], [16.4893228, 43.5265026]]}, "properties": {"tema": "namjena-poslovna", "opis": "K — gospodarska namjena, poslovna", "cad_sloj": "boja #ffbf7e", "list": "1. Koristenje i namjena", "plan": "UPU Bilice sjever", "izvor": "UPU Bilice sjever (split.hr), vektorizirano iz PDF-a"}}, {"type": "Feature", "geometry": {"type": "LineString", "coordinates": [[16.4893227, 43.5272235], [16.4893225, 43.528097]]}, "properties": {"tema": "namjena-poslovna", "opis": "K — gospodarska namjena, poslovna", "cad_sloj": "boja #ffbf7e", "list": "1. Koristenje i namjena", "plan": "UPU Bilice sjever", "izvor": "UPU Bilice sjever (split.hr), vektorizirano iz PDF-a"}}, {"type": "Feature", "geometry": {"type": "LineString", "coordinates": [[16.4893228, 43.5265816], [16.4893227, 43.5271687]]}, "properties": {"tema": "namjena-poslovna", "opis": "K — gospodarska namjena, poslovna", "cad_sloj": "boja #ffbf7e", "list": "1. Koristenje i namjena", "plan": "UPU Bilice sjever", "izvor": "UPU Bilice sjever (split.hr), vektorizirano iz PDF-a"}}, {"type": "Feature", "geometry": {"type": "LineString", "coordinates": [[16.4893321, 43.5257309], [16.489332, 43.5265056]]}, "properties": {"tema": "namjena-poslovna", "opis": "K — gospodarska namjena, poslovna", "cad_sloj": "boja #ffbf7e", "list": "1. Koristenje i namjena", "plan": "UPU Bilice sjever", "izvor": "UPU Bilice sjever (split.hr), vektorizirano iz PDF-a"}}, {"type": "Feature", "geometry": {"type": "LineString", "coordinates": [[16.4893318, 43.5272241], [16.4893317, 43.5280971]]}, "properties": {"tema": "namjena-poslovna", "opis": "K — gospodarska namjena, poslovna", "cad_sloj": "boja #ffbf7e", "list": "1. Koristenje i namjena", "plan": "UPU Bilice sjever", "izvor": "UPU Bilice sjever (split.hr), vektorizirano iz PDF-a"}}, {"type": "Feature", "geometry": {"type": "LineString", "coordinates": [[16.4893319, 43.5265847], [16.4893318, 43.5271689]]}, "properties": {"tema": "namjena-poslovna", "opis": "K — gospodarska namjena, poslovna", "cad_sloj": "boja #ffbf7e", "list": "1. Koristenje i namjena", "plan": "UPU Bilice sjever", "izvor": "UPU Bilice sjever (split.hr), vektorizirano iz PDF-a"}}, {"type": "Feature", "geometry": {"type": "LineString", "coordinates": [[16.4893415, 43.5257393], [16.4893414, 43.5265087]]}, "properties": {"tema": "namjena-poslovna", "opis": "K — gospodarska namjena, poslovna", "cad_sloj": "boja #ffbf7e", "list": "1. Koristenje i namjena", "plan": "UPU Bilice sjever", "izvor": "UPU Bilice sjever (split.hr), vektorizirano iz PDF-a"}}, {"type": "Feature", "geometry": {"type": "LineString", "coordinates": [[16.4893413, 43.5272247], [16.4893411, 43.5280973]]}, "properties": {"tema": "namjena-poslovna", "opis": "K — gospodarska namjena, poslovna", "cad_sloj": "boja #ffbf7e", "list": "1. Koristenje i namjena", "plan": "UPU Bilice sjever", "izvor": "UPU Bilice sjever (split.hr), vektorizirano iz PDF-a"}}, {"type": "Feature", "geometry": {"type": "LineString", "coordinates": [[16.4893414, 43.5265879], [16.4893413, 43.5271691]]}, "properties": {"tema": "namjena-poslovna", "opis": "K — gospodarska namjena, poslovna", "cad_sloj": "boja #ffbf7e", "list": "1. Koristenje i namjena", "plan": "UPU Bilice sjever", "izvor": "UPU Bilice sjever (split.hr), vektorizirano iz PDF-a"}}, {"type": "Feature", "geometry": {"type": "LineString", "coordinates": [[16.4893507, 43.5257477], [16.4893506, 43.5265119]]}, "properties": {"tema": "namjena-poslovna", "opis": "K — gospodarska namjena, poslovna", "cad_sloj": "boja #ffbf7e", "list": "1. Koristenje i namjena", "plan": "UPU Bilice sjever", "izvor": "UPU Bilice sjever (split.hr), vektorizirano iz PDF-a"}}, {"type": "Feature", "geometry": {"type": "LineString", "coordinates": [[16.4893504, 43.5272253], [16.4893503, 43.5280975]]}, "properties": {"tema": "namjena-poslovna", "opis": "K — gospodarska namjena, poslovna", "cad_sloj": "boja #ffbf7e", "list": "1. Koristenje i namjena", "plan": "UPU Bilice sjever", "izvor": "UPU Bilice sjever (split.hr), vektorizirano iz PDF-a"}}, {"type": "Feature", "geometry": {"type": "LineString", "coordinates": [[16.4893505, 43.526591], [16.4893504, 43.5271691]]}, "properties": {"tema": "namjena-poslovna", "opis": "K — gospodarska namjena, poslovna", "cad_sloj": "boja #ffbf7e", "list": "1. Koristenje i namjena", "plan": "UPU Bilice sjever", "izvor": "UPU Bilice sjever (split.hr), vektorizirano iz PDF-a"}}, {"type": "Feature", "geometry": {"type": "LineString", "coordinates": [[16.4893601, 43.5257563], [16.48936, 43.526515]]}, "properties": {"tema": "namjena-poslovna", "opis": "K — gospodarska namjena, poslovna", "cad_sloj": "boja #ffbf7e", "list": "1. Koristenje i namjena", "plan": "UPU Bilice sjever", "izvor": "UPU Bilice sjever (split.hr), vektorizirano iz PDF-a"}}, {"type": "Feature", "geometry": {"type": "LineString", "coordinates": [[16.4893599, 43.5272258], [16.4893597, 43.5280977]]}, "properties": {"tema": "namjena-poslovna", "opis": "K — gospodarska namjena, poslovna", "cad_sloj": "boja #ffbf7e", "list": "1. Koristenje i namjena", "plan": "UPU Bilice sjever", "izvor": "UPU Bilice sjever (split.hr), vektorizirano iz PDF-a"}}, {"type": "Feature", "geometry": {"type": "LineString", "coordinates": [[16.48936, 43.526594], [16.4893599, 43.5271693]]}, "properties": {"tema": "namjena-poslovna", "opis": "K — gospodarska namjena, poslovna", "cad_sloj": "boja #ffbf7e", "list": "1. Koristenje i namjena", "plan": "UPU Bilice sjever", "izvor": "UPU Bilice sjever (split.hr), vektorizirano iz PDF-a"}}, {"type": "Feature", "geometry": {"type": "LineString", "coordinates": [[16.4893693, 43.5257648], [16.4893691, 43.526518]]}, "properties": {"tema": "namjena-poslovna", "opis": "K — gospodarska namjena, poslovna", "cad_sloj": "boja #ffbf7e", "list": "1. Koristenje i namjena", "plan": "UPU Bilice sjever", "izvor": "UPU Bilice sjever (split.hr), vektorizirano iz PDF-a"}}, {"type": "Feature", "geometry": {"type": "LineString", "coordinates": [[16.489369, 43.5272264], [16.4893689, 43.5280979]]}, "properties": {"tema": "namjena-poslovna", "opis": "K — gospodarska namjena, poslovna", "cad_sloj": "boja #ffbf7e", "list": "1. Koristenje i namjena", "plan": "UPU Bilice sjever", "izvor": "UPU Bilice sjever (split.hr), vektorizirano iz PDF-a"}}, {"type": "Feature", "geometry": {"type": "LineString", "coordinates": [[16.4893691, 43.5265971], [16.489369, 43.5271689]]}, "properties": {"tema": "namjena-poslovna", "opis": "K — gospodarska namjena, poslovna", "cad_sloj": "boja #ffbf7e", "list": "1. Koristenje i namjena", "plan": "UPU Bilice sjever", "izvor": "UPU Bilice sjever (split.hr), vektorizirano iz PDF-a"}}, {"type": "Feature", "geometry": {"type": "LineString", "coordinates": [[16.4893787, 43.5257734], [16.4893786, 43.5265211]]}, "properties": {"tema": "namjena-poslovna", "opis": "K — gospodarska namjena, poslovna", "cad_sloj": "boja #ffbf7e", "list": "1. Koristenje i namjena", "plan": "UPU Bilice sjever", "izvor": "UPU Bilice sjever (split.hr), vektorizirano iz PDF-a"}}, {"type": "Feature", "geometry": {"type": "LineString", "coordinates": [[16.4893784, 43.527227], [16.4893783, 43.5280981]]}, "properties": {"tema": "namjena-poslovna", "opis": "K — gospodarska namjena, poslovna", "cad_sloj": "boja #ffbf7e", "list": "1. Koristenje i namjena", "plan": "UPU Bilice sjever", "izvor": "UPU Bilice sjever (split.hr), vektorizirano iz PDF-a"}}, {"type": "Feature", "geometry": {"type": "LineString", "coordinates": [[16.4893786, 43.5266001], [16.4893785, 43.5271679]]}, "properties": {"tema": "namjena-poslovna", "opis": "K — gospodarska namjena, poslovna", "cad_sloj": "boja #ffbf7e", "list": "1. Koristenje i namjena", "plan": "UPU Bilice sjever", "izvor": "UPU Bilice sjever (split.hr), vektorizirano iz PDF-a"}}, {"type": "Feature", "geometry": {"type": "LineString", "coordinates": [[16.4893879, 43.5257822], [16.4893877, 43.5265241]]}, "properties": {"tema": "namjena-poslovna", "opis": "K — gospodarska namjena, poslovna", "cad_sloj": "boja #ffbf7e", "list": "1. Koristenje i namjena", "plan": "UPU Bilice sjever", "izvor": "UPU Bilice sjever (split.hr), vektorizirano iz PDF-a"}}, {"type": "Feature", "geometry": {"type": "LineString", "coordinates": [[16.4893876, 43.5272276], [16.4893875, 43.5280983]]}, "properties": {"tema": "namjena-poslovna", "opis": "K — gospodarska namjena, poslovna", "cad_sloj": "boja #ffbf7e", "list": "1. Koristenje i namjena", "plan": "UPU Bilice sjever", "izvor": "UPU Bilice sjever (split.hr), vektorizirano iz PDF-a"}}, {"type": "Feature", "geometry": {"type": "LineString", "coordinates": [[16.4893877, 43.5266032], [16.4893876, 43.5271664]]}, "properties": {"tema": "namjena-poslovna", "opis": "K — gospodarska namjena, poslovna", "cad_sloj": "boja #ffbf7e", "list": "1. Koristenje i namjena", "plan": "UPU Bilice sjever", "izvor": "UPU Bilice sjever (split.hr), vektorizirano iz PDF-a"}}, {"type": "Feature", "geometry": {"type": "LineString", "coordinates": [[16.489397, 43.5257911], [16.4893969, 43.5265272]]}, "properties": {"tema": "namjena-poslovna", "opis": "K — gospodarska namjena, poslovna", "cad_sloj": "boja #ffbf7e", "list": "1. Koristenje i namjena", "plan": "UPU Bilice sjever", "izvor": "UPU Bilice sjever (split.hr), vektorizirano iz PDF-a"}}, {"type": "Feature", "geometry": {"type": "LineString", "coordinates": [[16.4893968, 43.5272281], [16.4893966, 43.5280985]]}, "properties": {"tema": "namjena-poslovna", "opis": "K — gospodarska namjena, poslovna", "cad_sloj": "boja #ffbf7e", "list": "1. Koristenje i namjena", "plan": "UPU Bilice sjever", "izvor": "UPU Bilice sjever (split.hr), vektorizirano iz PDF-a"}}, {"type": "Feature", "geometry": {"type": "LineString", "coordinates": [[16.4893969, 43.5266062], [16.4893968, 43.5271643]]}, "properties": {"tema": "namjena-poslovna", "opis": "K — gospodarska namjena, poslovna", "cad_sloj": "boja #ffbf7e", "list": "1. Koristenje i namjena", "plan": "UPU Bilice sjever", "izvor": "UPU Bilice sjever (split.hr), vektorizirano iz PDF-a"}}, {"type": "Feature", "geometry": {"type": "LineString", "coordinates": [[16.4894065, 43.5258001], [16.4894063, 43.5265302]]}, "properties": {"tema": "namjena-poslovna", "opis": "K — gospodarska namjena, poslovna", "cad_sloj": "boja #ffbf7e", "list": "1. Koristenje i namjena", "plan": "UPU Bilice sjever", "izvor": "UPU Bilice sjever (split.hr), vektorizirano iz PDF-a"}}, {"type": "Feature", "geometry": {"type": "LineString", "coordinates": [[16.4894062, 43.5272287], [16.4894061, 43.5280987]]}, "properties": {"tema": "namjena-poslovna", "opis": "K — gospodarska namjena, poslovna", "cad_sloj": "boja #ffbf7e", "list": "1. Koristenje i namjena", "plan": "UPU Bilice sjever", "izvor": "UPU Bilice sjever (split.hr), vektorizirano iz PDF-a"}}, {"type": "Feature", "geometry": {"type": "LineString", "coordinates": [[16.4894063, 43.5266098], [16.4894062, 43.5271614]]}, "properties": {"tema": "namjena-poslovna", "opis": "K — gospodarska namjena, poslovna", "cad_sloj": "boja #ffbf7e", "list": "1. Koristenje i namjena", "plan": "UPU Bilice sjever", "izvor": "UPU Bilice sjever (split.hr), vektorizirano iz PDF-a"}}, {"type": "Feature", "geometry": {"type": "LineString", "coordinates": [[16.4894156, 43.525809], [16.4894155, 43.5265333]]}, "properties": {"tema": "namjena-poslovna", "opis": "K — gospodarska namjena, poslovna", "cad_sloj": "boja #ffbf7e", "list": "1. Koristenje i namjena", "plan": "UPU Bilice sjever", "izvor": "UPU Bilice sjever (split.hr), vektorizirano iz PDF-a"}}, {"type": "Feature", "geometry": {"type": "LineString", "coordinates": [[16.4894154, 43.5272293], [16.4894152, 43.5280987]]}, "properties": {"tema": "namjena-poslovna", "opis": "K — gospodarska namjena, poslovna", "cad_sloj": "boja #ffbf7e", "list": "1. Koristenje i namjena", "plan": "UPU Bilice sjever", "izvor": "UPU Bilice sjever (split.hr), vektorizirano iz PDF-a"}}, {"type": "Feature", "geometry": {"type": "LineString", "coordinates": [[16.4894155, 43.526614], [16.4894154, 43.527158]]}, "properties": {"tema": "namjena-poslovna", "opis": "K — gospodarska namjena, poslovna", "cad_sloj": "boja #ffbf7e", "list": "1. Koristenje i namjena", "plan": "UPU Bilice sjever", "izvor": "UPU Bilice sjever (split.hr), vektorizirano iz PDF-a"}}, {"type": "Feature", "geometry": {"type": "LineString", "coordinates": [[16.489425, 43.5258182], [16.4894249, 43.5265363]]}, "properties": {"tema": "namjena-poslovna", "opis": "K — gospodarska namjena, poslovna", "cad_sloj": "boja #ffbf7e", "list": "1. Koristenje i namjena", "plan": "UPU Bilice sjever", "izvor": "UPU Bilice sjever (split.hr), vektorizirano iz PDF-a"}}, {"type": "Feature", "geometry": {"type": "LineString", "coordinates": [[16.4894248, 43.5272298], [16.4894246, 43.5280989]]}, "properties": {"tema": "namjena-poslovna", "opis": "K — gospodarska namjena, poslovna", "cad_sloj": "boja #ffbf7e", "list": "1. Koristenje i namjena", "plan": "UPU Bilice sjever", "izvor": "UPU Bilice sjever (split.hr), vektorizirano iz PDF-a"}}, {"type": "Feature", "geometry": {"type": "LineString", "coordinates": [[16.4894249, 43.5266188], [16.4894248, 43.5271534]]}, "properties": {"tema": "namjena-poslovna", "opis": "K — gospodarska namjena, poslovna", "cad_sloj": "boja #ffbf7e", "list": "1. Koristenje i namjena", "plan": "UPU Bilice sjever", "izvor": "UPU Bilice sjever (split.hr), vektorizirano iz PDF-a"}}, {"type": "Feature", "geometry": {"type": "LineString", "coordinates": [[16.4894342, 43.5258275], [16.4894341, 43.5265394]]}, "properties": {"tema": "namjena-poslovna", "opis": "K — gospodarska namjena, poslovna", "cad_sloj": "boja #ffbf7e", "list": "1. Koristenje i namjena", "plan": "UPU Bilice sjever", "izvor": "UPU Bilice sjever (split.hr), vektorizirano iz PDF-a"}}, {"type": "Feature", "geometry": {"type": "LineString", "coordinates": [[16.489434, 43.5272304], [16.4894338, 43.5280991]]}, "properties": {"tema": "namjena-poslovna", "opis": "K — gospodarska namjena, poslovna", "cad_sloj": "boja #ffbf7e", "list": "1. Koristenje i namjena", "plan": "UPU Bilice sjever", "izvor": "UPU Bilice sjever (split.hr), vektorizirano iz PDF-a"}}, {"type": "Feature", "geometry": {"type": "LineString", "coordinates": [[16.4894341, 43.5266247], [16.489434, 43.5271479]]}, "properties": {"tema": "namjena-poslovna", "opis": "K — gospodarska namjena, poslovna", "cad_sloj": "boja #ffbf7e", "list": "1. Koristenje i namjena", "plan": "UPU Bilice sjever", "izvor": "UPU Bilice sjever (split.hr), vektorizirano iz PDF-a"}}, {"type": "Feature", "geometry": {"type": "LineString", "coordinates": [[16.4894436, 43.5258369], [16.4894435, 43.5265426]]}, "properties": {"tema": "namjena-poslovna", "opis": "K — gospodarska namjena, poslovna", "cad_sloj": "boja #ffbf7e", "list": "1. Koristenje i namjena", "plan": "UPU Bilice sjever", "izvor": "UPU Bilice sjever (split.hr), vektorizirano iz PDF-a"}}, {"type": "Feature", "geometry": {"type": "LineString", "coordinates": [[16.4894434, 43.527231], [16.4894432, 43.5280993]]}, "properties": {"tema": "namjena-poslovna", "opis": "K — gospodarska namjena, poslovna", "cad_sloj": "boja #ffbf7e", "list": "1. Koristenje i namjena", "plan": "UPU Bilice sjever", "izvor": "UPU Bilice sjever (split.hr), vektorizirano iz PDF-a"}}, {"type": "Feature", "geometry": {"type": "LineString", "coordinates": [[16.4894435, 43.5266314], [16.4894434, 43.5271409]]}, "properties": {"tema": "namjena-poslovna", "opis": "K — gospodarska namjena, poslovna", "cad_sloj": "boja #ffbf7e", "list": "1. Koristenje i namjena", "plan": "UPU Bilice sjever", "izvor": "UPU Bilice sjever (split.hr), vektorizirano iz PDF-a"}}, {"type": "Feature", "geometry": {"type": "LineString", "coordinates": [[16.4894528, 43.5258462], [16.4894527, 43.5265462]]}, "properties": {"tema": "namjena-poslovna", "opis": "K — gospodarska namjena, poslovna", "cad_sloj": "boja #ffbf7e", "list": "1. Koristenje i namjena", "plan": "UPU Bilice sjever", "izvor": "UPU Bilice sjever (split.hr), vektorizirano iz PDF-a"}}, {"type": "Feature", "geometry": {"type": "LineString", "coordinates": [[16.4894526, 43.5272316], [16.4894524, 43.5280994]]}, "properties": {"tema": "namjena-poslovna", "opis": "K — gospodarska namjena, poslovna", "cad_sloj": "boja #ffbf7e", "list": "1. Koristenje i namjena", "plan": "UPU Bilice sjever", "izvor": "UPU Bilice sjever (split.hr), vektorizirano iz PDF-a"}}, {"type": "Feature", "geometry": {"type": "LineString", "coordinates": [[16.4894527, 43.5266398], [16.4894526, 43.5271317]]}, "properties": {"tema": "namjena-poslovna", "opis": "K — gospodarska namjena, poslovna", "cad_sloj": "boja #ffbf7e", "list": "1. Koristenje i namjena", "plan": "UPU Bilice sjever", "izvor": "UPU Bilice sjever (split.hr), vektorizirano iz PDF-a"}}, {"type": "Feature", "geometry": {"type": "LineString", "coordinates": [[16.489462, 43.5258559], [16.4894618, 43.52655]]}, "properties": {"tema": "namjena-poslovna", "opis": "K — gospodarska namjena, poslovna", "cad_sloj": "boja #ffbf7e", "list": "1. Koristenje i namjena", "plan": "UPU Bilice sjever", "izvor": "UPU Bilice sjever (split.hr), vektorizirano iz PDF-a"}}, {"type": "Feature", "geometry": {"type": "LineString", "coordinates": [[16.4894617, 43.5272321], [16.4894616, 43.5280996]]}, "properties": {"tema": "namjena-poslovna", "opis": "K — gospodarska namjena, poslovna", "cad_sloj": "boja #ffbf7e", "list": "1. Koristenje i namjena", "plan": "UPU Bilice sjever", "izvor": "UPU Bilice sjever (split.hr), vektorizirano iz PDF-a"}}, {"type": "Feature", "geometry": {"type": "LineString", "coordinates": [[16.4894618, 43.5266501], [16.4894617, 43.5271186]]}, "properties": {"tema": "namjena-poslovna", "opis": "K — gospodarska namjena, poslovna", "cad_sloj": "boja #ffbf7e", "list": "1. Koristenje i namjena", "plan": "UPU Bilice sjever", "izvor": "UPU Bilice sjever (split.hr), vektorizirano iz PDF-a"}}, {"type": "Feature", "geometry": {"type": "LineString", "coordinates": [[16.4894714, 43.5258658], [16.4894713, 43.5265544]]}, "properties": {"tema": "namjena-poslovna", "opis": "K — gospodarska namjena, poslovna", "cad_sloj": "boja #ffbf7e", "list": "1. Koristenje i namjena", "plan": "UPU Bilice sjever", "izvor": "UPU Bilice sjever (split.hr), vektorizirano iz PDF-a"}}, {"type": "Feature", "geometry": {"type": "LineString", "coordinates": [[16.4894711, 43.5272327], [16.489471, 43.5280998]]}, "properties": {"tema": "namjena-poslovna", "opis": "K — gospodarska namjena, poslovna", "cad_sloj": "boja #ffbf7e", "list": "1. Koristenje i namjena", "plan": "UPU Bilice sjever", "izvor": "UPU Bilice sjever (split.hr), vektorizirano iz PDF-a"}}, {"type": "Feature", "geometry": {"type": "LineString", "coordinates": [[16.4894712, 43.5266642], [16.4894712, 43.5270509]]}, "properties": {"tema": "namjena-poslovna", "opis": "K — gospodarska namjena, poslovna", "cad_sloj": "boja #ffbf7e", "list": "1. Koristenje i namjena", "plan": "UPU Bilice sjever", "izvor": "UPU Bilice sjever (split.hr), vektorizirano iz PDF-a"}}, {"type": "Feature", "geometry": {"type": "LineString", "coordinates": [[16.4894805, 43.5258757], [16.4894804, 43.5265592]]}, "properties": {"tema": "namjena-poslovna", "opis": "K — gospodarska namjena, poslovna", "cad_sloj": "boja #ffbf7e", "list": "1. Koristenje i namjena", "plan": "UPU Bilice sjever", "izvor": "UPU Bilice sjever (split.hr), vektorizirano iz PDF-a"}}, {"type": "Feature", "geometry": {"type": "LineString", "coordinates": [[16.4894803, 43.5272333], [16.4894802, 43.5281]]}, "properties": {"tema": "namjena-poslovna", "opis": "K — gospodarska namjena, poslovna", "cad_sloj": "boja #ffbf7e", "list": "1. Koristenje i namjena", "plan": "UPU Bilice sjever", "izvor": "UPU Bilice sjever (split.hr), vektorizirano iz PDF-a"}}, {"type": "Feature", "geometry": {"type": "LineString", "coordinates": [[16.4894804, 43.5266908], [16.4894804, 43.5267411]]}, "properties": {"tema": "namjena-poslovna", "opis": "K — gospodarska namjena, poslovna", "cad_sloj": "boja #ffbf7e", "list": "1. Koristenje i namjena", "plan": "UPU Bilice sjever", "izvor": "UPU Bilice sjever (split.hr), vektorizirano iz PDF-a"}}, {"type": "Feature", "geometry": {"type": "LineString", "coordinates": [[16.48949, 43.5258858], [16.4894899, 43.5265645]]}, "properties": {"tema": "namjena-poslovna", "opis": "K — gospodarska namjena, poslovna", "cad_sloj": "boja #ffbf7e", "list": "1. Koristenje i namjena", "plan": "UPU Bilice sjever", "izvor": "UPU Bilice sjever (split.hr), vektorizirano iz PDF-a"}}, {"type": "Feature", "geometry": {"type": "LineString", "coordinates": [[16.4894897, 43.5272339], [16.4894896, 43.5281002]]}, "properties": {"tema": "namjena-poslovna", "opis": "K — gospodarska namjena, poslovna", "cad_sloj": "boja #ffbf7e", "list": "1. Koristenje i namjena", "plan": "UPU Bilice sjever", "izvor": "UPU Bilice sjever (split.hr), vektorizirano iz PDF-a"}}, {"type": "Feature", "geometry": {"type": "LineString", "coordinates": [[16.4894991, 43.5258961], [16.489499, 43.5265702]]}, "properties": {"tema": "namjena-poslovna", "opis": "K — gospodarska namjena, poslovna", "cad_sloj": "boja #ffbf7e", "list": "1. Koristenje i namjena", "plan": "UPU Bilice sjever", "izvor": "UPU Bilice sjever (split.hr), vektorizirano iz PDF-a"}}, {"type": "Feature", "geometry": {"type": "LineString", "coordinates": [[16.4894989, 43.5272342], [16.4894988, 43.5281004]]}, "properties": {"tema": "namjena-poslovna", "opis": "K — gospodarska namjena, poslovna", "cad_sloj": "boja #ffbf7e", "list": "1. Koristenje i namjena", "plan": "UPU Bilice sjever", "izvor": "UPU Bilice sjever (split.hr), vektorizirano iz PDF-a"}}, {"type": "Feature", "geometry": {"type": "LineString", "coordinates": [[16.4895086, 43.5259064], [16.4895084, 43.5265767]]}, "properties": {"tema": "namjena-poslovna", "opis": "K — gospodarska namjena, poslovna", "cad_sloj": "boja #ffbf7e", "list": "1. Koristenje i namjena", "plan": "UPU Bilice sjever", "izvor": "UPU Bilice sjever (split.hr), vektorizirano iz PDF-a"}}, {"type": "Feature", "geometry": {"type": "LineString", "coordinates": [[16.4895083, 43.5272346], [16.4895082, 43.5281006]]}, "properties": {"tema": "namjena-poslovna", "opis": "K — gospodarska namjena, poslovna", "cad_sloj": "boja #ffbf7e", "list": "1. Koristenje i namjena", "plan": "UPU Bilice sjever", "izvor": "UPU Bilice sjever (split.hr), vektorizirano iz PDF-a"}}, {"type": "Feature", "geometry": {"type": "LineString", "coordinates": [[16.4895177, 43.5259167], [16.4895176, 43.5265838]]}, "properties": {"tema": "namjena-poslovna", "opis": "K — gospodarska namjena, poslovna", "cad_sloj": "boja #ffbf7e", "list": "1. Koristenje i namjena", "plan": "UPU Bilice sjever", "izvor": "UPU Bilice sjever (split.hr), vektorizirano iz PDF-a"}}, {"type": "Feature", "geometry": {"type": "LineString", "coordinates": [[16.4895175, 43.5272348], [16.4895173, 43.5281008]]}, "properties": {"tema": "namjena-poslovna", "opis": "K — gospodarska namjena, poslovna", "cad_sloj": "boja #ffbf7e", "list": "1. Koristenje i namjena", "plan": "UPU Bilice sjever", "izvor": "UPU Bilice sjever (split.hr), vektorizirano iz PDF-a"}}, {"type": "Feature", "geometry": {"type": "LineString", "coordinates": [[16.4895269, 43.5259274], [16.4895268, 43.526592]]}, "properties": {"tema": "namjena-poslovna", "opis": "K — gospodarska namjena, poslovna", "cad_sloj": "boja #ffbf7e", "list": "1. Koristenje i namjena", "plan": "UPU Bilice sjever", "izvor": "UPU Bilice sjever (split.hr), vektorizirano iz PDF-a"}}, {"type": "Feature", "geometry": {"type": "LineString", "coordinates": [[16.4895267, 43.5272352], [16.4895265, 43.528101]]}, "properties": {"tema": "namjena-poslovna", "opis": "K — gospodarska namjena, poslovna", "cad_sloj": "boja #ffbf7e", "list": "1. Koristenje i namjena", "plan": "UPU Bilice sjever", "izvor": "UPU Bilice sjever (split.hr), vektorizirano iz PDF-a"}}, {"type": "Feature", "geometry": {"type": "LineString", "coordinates": [[16.4895363, 43.5259379], [16.4895362, 43.5266009]]}, "properties": {"tema": "namjena-poslovna", "opis": "K — gospodarska namjena, poslovna", "cad_sloj": "boja #ffbf7e", "list": "1. Koristenje i namjena", "plan": "UPU Bilice sjever", "izvor": "UPU Bilice sjever (split.hr), vektorizirano iz PDF-a"}}, {"type": "Feature", "geometry": {"type": "LineString", "coordinates": [[16.4895361, 43.5272356], [16.4895359, 43.528101]]}, "properties": {"tema": "namjena-poslovna", "opis": "K — gospodarska namjena, poslovna", "cad_sloj": "boja #ffbf7e", "list": "1. Koristenje i namjena", "plan": "UPU Bilice sjever", "izvor": "UPU Bilice sjever (split.hr), vektorizirano iz PDF-a"}}, {"type": "Feature", "geometry": {"type": "LineString", "coordinates": [[16.4895455, 43.5259487], [16.4895454, 43.5266114]]}, "properties": {"tema": "namjena-poslovna", "opis": "K — gospodarska namjena, poslovna", "cad_sloj": "boja #ffbf7e", "list": "1. Koristenje i namjena", "plan": "UPU Bilice sjever", "izvor": "UPU Bilice sjever (split.hr), vektorizirano iz PDF-a"}}, {"type": "Feature", "geometry": {"type": "LineString", "coordinates": [[16.4895452, 43.527236], [16.4895451, 43.5281012]]}, "properties": {"tema": "namjena-poslovna", "opis": "K — gospodarska namjena, poslovna", "cad_sloj": "boja #ffbf7e", "list": "1. Koristenje i namjena", "plan": "UPU Bilice sjever", "izvor": "UPU Bilice sjever (split.hr), vektorizirano iz PDF-a"}}, {"type": "Feature", "geometry": {"type": "LineString", "coordinates": [[16.4895549, 43.5259596], [16.4895548, 43.5266238]]}, "properties": {"tema": "namjena-poslovna", "opis": "K — gospodarska namjena, poslovna", "cad_sloj": "boja #ffbf7e", "list": "1. Koristenje i namjena", "plan": "UPU Bilice sjever", "izvor": "UPU Bilice sjever (split.hr), vektorizirano iz PDF-a"}}, {"type": "Feature", "geometry": {"type": "LineString", "coordinates": [[16.4895547, 43.5272361], [16.4895545, 43.5281014]]}, "properties": {"tema": "namjena-poslovna", "opis": "K — gospodarska namjena, poslovna", "cad_sloj": "boja #ffbf7e", "list": "1. Koristenje i namjena", "plan": "UPU Bilice sjever", "izvor": "UPU Bilice sjever (split.hr), vektorizirano iz PDF-a"}}, {"type": "Feature", "geometry": {"type": "LineString", "coordinates": [[16.4895641, 43.5259704], [16.4895639, 43.526639]]}, "properties": {"tema": "namjena-poslovna", "opis": "K — gospodarska namjena, poslovna", "cad_sloj": "boja #ffbf7e", "list": "1. Koristenje i namjena", "plan": "UPU Bilice sjever", "izvor": "UPU Bilice sjever (split.hr), vektorizirano iz PDF-a"}}, {"type": "Feature", "geometry": {"type": "LineString", "coordinates": [[16.4895638, 43.5272365], [16.4895637, 43.5281015]]}, "properties": {"tema": "namjena-poslovna", "opis": "K — gospodarska namjena, poslovna", "cad_sloj": "boja #ffbf7e", "list": "1. Koristenje i namjena", "plan": "UPU Bilice sjever", "izvor": "UPU Bilice sjever (split.hr), vektorizirano iz PDF-a"}}, {"type": "Feature", "geometry": {"type": "LineString", "coordinates": [[16.4895735, 43.5259817], [16.4895734, 43.5266605]]}, "properties": {"tema": "namjena-poslovna", "opis": "K — gospodarska namjena, poslovna", "cad_sloj": "boja #ffbf7e", "list": "1. Koristenje i namjena", "plan": "UPU Bilice sjever", "izvor": "UPU Bilice sjever (split.hr), vektorizirano iz PDF-a"}}, {"type": "Feature", "geometry": {"type": "LineString", "coordinates": [[16.4895733, 43.5269484], [16.4895731, 43.5281017]]}, "properties": {"tema": "namjena-poslovna", "opis": "K — gospodarska namjena, poslovna", "cad_sloj": "boja #ffbf7e", "list": "1. Koristenje i namjena", "plan": "UPU Bilice sjever", "izvor": "UPU Bilice sjever (split.hr), vektorizirano iz PDF-a"}}, {"type": "Feature", "geometry": {"type": "LineString", "coordinates": [[16.4895826, 43.5259929], [16.4895823, 43.5281019]]}, "properties": {"tema": "namjena-poslovna", "opis": "K — gospodarska namjena, poslovna", "cad_sloj": "boja #ffbf7e", "list": "1. Koristenje i namjena", "plan": "UPU Bilice sjever", "izvor": "UPU Bilice sjever (split.hr), vektorizirano iz PDF-a"}}, {"type": "Feature", "geometry": {"type": "LineString", "coordinates": [[16.4895918, 43.5260042], [16.4895914, 43.5281021]]}, "properties": {"tema": "namjena-poslovna", "opis": "K — gospodarska namjena, poslovna", "cad_sloj": "boja #ffbf7e", "list": "1. Koristenje i namjena", "plan": "UPU Bilice sjever", "izvor": "UPU Bilice sjever (split.hr), vektorizirano iz PDF-a"}}, {"type": "Feature", "geometry": {"type": "LineString", "coordinates": [[16.4896012, 43.5260158], [16.4896009, 43.5281023]]}, "properties": {"tema": "namjena-poslovna", "opis": "K — gospodarska namjena, poslovna", "cad_sloj": "boja #ffbf7e", "list": "1. Koristenje i namjena", "plan": "UPU Bilice sjever", "izvor": "UPU Bilice sjever (split.hr), vektorizirano iz PDF-a"}}, {"type": "Feature", "geometry": {"type": "LineString", "coordinates": [[16.4896104, 43.5260274], [16.48961, 43.5281025]]}, "properties": {"tema": "namjena-poslovna", "opis": "K — gospodarska namjena, poslovna", "cad_sloj": "boja #ffbf7e", "list": "1. Koristenje i namjena", "plan": "UPU Bilice sjever", "izvor": "UPU Bilice sjever (split.hr), vektorizirano iz PDF-a"}}, {"type": "Feature", "geometry": {"type": "LineString", "coordinates": [[16.4896198, 43.526039], [16.4896195, 43.5281027]]}, "properties": {"tema": "namjena-poslovna", "opis": "K — gospodarska namjena, poslovna", "cad_sloj": "boja #ffbf7e", "list": "1. Koristenje i namjena", "plan": "UPU Bilice sjever", "izvor": "UPU Bilice sjever (split.hr), vektorizirano iz PDF-a"}}, {"type": "Feature", "geometry": {"type": "LineString", "coordinates": [[16.489629, 43.526051], [16.4896286, 43.5281029]]}, "properties": {"tema": "namjena-poslovna", "opis": "K — gospodarska namjena, poslovna", "cad_sloj": "boja #ffbf7e", "list": "1. Koristenje i namjena", "plan": "UPU Bilice sjever", "izvor": "UPU Bilice sjever (split.hr), vektorizirano iz PDF-a"}}, {"type": "Feature", "geometry": {"type": "LineString", "coordinates": [[16.4896384, 43.526063], [16.4896381, 43.5281031]]}, "properties": {"tema": "namjena-poslovna", "opis": "K — gospodarska namjena, poslovna", "cad_sloj": "boja #ffbf7e", "list": "1. Koristenje i namjena", "plan": "UPU Bilice sjever", "izvor": "UPU Bilice sjever (split.hr), vektorizirano iz PDF-a"}}, {"type": "Feature", "geometry": {"type": "LineString", "coordinates": [[16.4896476, 43.5260752], [16.4896472, 43.5281033]]}, "properties": {"tema": "namjena-poslovna", "opis": "K — gospodarska namjena, poslovna", "cad_sloj": "boja #ffbf7e", "list": "1. Koristenje i namjena", "plan": "UPU Bilice sjever", "izvor": "UPU Bilice sjever (split.hr), vektorizirano iz PDF-a"}}, {"type": "Feature", "geometry": {"type": "LineString", "coordinates": [[16.489657, 43.5260876], [16.4896567, 43.5281035]]}, "properties": {"tema": "namjena-poslovna", "opis": "K — gospodarska namjena, poslovna", "cad_sloj": "boja #ffbf7e", "list": "1. Koristenje i namjena", "plan": "UPU Bilice sjever", "izvor": "UPU Bilice sjever (split.hr), vektorizirano iz PDF-a"}}, {"type": "Feature", "geometry": {"type": "LineString", "coordinates": [[16.4896662, 43.5261002], [16.4896658, 43.5281035]]}, "properties": {"tema": "namjena-poslovna", "opis": "K — gospodarska namjena, poslovna", "cad_sloj": "boja #ffbf7e", "list": "1. Koristenje i namjena", "plan": "UPU Bilice sjever", "izvor": "UPU Bilice sjever (split.hr), vektorizirano iz PDF-a"}}, {"type": "Feature", "geometry": {"type": "LineString", "coordinates": [[16.4896753, 43.526113], [16.489675, 43.5281037]]}, "properties": {"tema": "namjena-poslovna", "opis": "K — gospodarska namjena, poslovna", "cad_sloj": "boja #ffbf7e", "list": "1. Koristenje i namjena", "plan": "UPU Bilice sjever", "izvor": "UPU Bilice sjever (split.hr), vektorizirano iz PDF-a"}}, {"type": "Feature", "geometry": {"type": "LineString", "coordinates": [[16.4896847, 43.5261257], [16.4896844, 43.5281038]]}, "properties": {"tema": "namjena-poslovna", "opis": "K — gospodarska namjena, poslovna", "cad_sloj": "boja #ffbf7e", "list": "1. Koristenje i namjena", "plan": "UPU Bilice sjever", "izvor": "UPU Bilice sjever (split.hr), vektorizirano iz PDF-a"}}, {"type": "Feature", "geometry": {"type": "LineString", "coordinates": [[16.4896939, 43.5261389], [16.4896936, 43.528104]]}, "properties": {"tema": "namjena-poslovna", "opis": "K — gospodarska namjena, poslovna", "cad_sloj": "boja #ffbf7e", "list": "1. Koristenje i namjena", "plan": "UPU Bilice sjever", "izvor": "UPU Bilice sjever (split.hr), vektorizirano iz PDF-a"}}, {"type": "Feature", "geometry": {"type": "LineString", "coordinates": [[16.4897033, 43.526152], [16.489703, 43.5281042]]}, "properties": {"tema": "namjena-poslovna", "opis": "K — gospodarska namjena, poslovna", "cad_sloj": "boja #ffbf7e", "list": "1. Koristenje i namjena", "plan": "UPU Bilice sjever", "izvor": "UPU Bilice sjever (split.hr), vektorizirano iz PDF-a"}}, {"type": "Feature", "geometry": {"type": "LineString", "coordinates": [[16.4897125, 43.5261656], [16.4897122, 43.5281044]]}, "properties": {"tema": "namjena-poslovna", "opis": "K — gospodarska namjena, poslovna", "cad_sloj": "boja #ffbf7e", "list": "1. Koristenje i namjena", "plan": "UPU Bilice sjever", "izvor": "UPU Bilice sjever (split.hr), vektorizirano iz PDF-a"}}, {"type": "Feature", "geometry": {"type": "LineString", "coordinates": [[16.4897219, 43.5261791], [16.4897216, 43.5281046]]}, "properties": {"tema": "namjena-poslovna", "opis": "K — gospodarska namjena, poslovna", "cad_sloj": "boja #ffbf7e", "list": "1. Koristenje i namjena", "plan": "UPU Bilice sjever", "izvor": "UPU Bilice sjever (split.hr), vektorizirano iz PDF-a"}}, {"type": "Feature", "geometry": {"type": "LineString", "coordinates": [[16.4897311, 43.526193], [16.4897308, 43.5281048]]}, "properties": {"tema": "namjena-poslovna", "opis": "K — gospodarska namjena, poslovna", "cad_sloj": "boja #ffbf7e", "list": "1. Koristenje i namjena", "plan": "UPU Bilice sjever", "izvor": "UPU Bilice sjever (split.hr), vektorizirano iz PDF-a"}}, {"type": "Feature", "geometry": {"type": "LineString", "coordinates": [[16.4897402, 43.5262071], [16.4897399, 43.528105]]}, "properties": {"tema": "namjena-poslovna", "opis": "K — gospodarska namjena, poslovna", "cad_sloj": "boja #ffbf7e", "list": "1. Koristenje i namjena", "plan": "UPU Bilice sjever", "izvor": "UPU Bilice sjever (split.hr), vektorizirano iz PDF-a"}}, {"type": "Feature", "geometry": {"type": "LineString", "coordinates": [[16.4897497, 43.5262214], [16.4897494, 43.5281052]]}, "properties": {"tema": "namjena-poslovna", "opis": "K — gospodarska namjena, poslovna", "cad_sloj": "boja #ffbf7e", "list": "1. Koristenje i namjena", "plan": "UPU Bilice sjever", "izvor": "UPU Bilice sjever (split.hr), vektorizirano iz PDF-a"}}, {"type": "Feature", "geometry": {"type": "LineString", "coordinates": [[16.4897588, 43.5262359], [16.4897585, 43.5281054]]}, "properties": {"tema": "namjena-poslovna", "opis": "K — gospodarska namjena, poslovna", "cad_sloj": "boja #ffbf7e", "list": "1. Koristenje i namjena", "plan": "UPU Bilice sjever", "izvor": "UPU Bilice sjever (split.hr), vektorizirano iz PDF-a"}}, {"type": "Feature", "geometry": {"type": "LineString", "coordinates": [[16.4897683, 43.5262505], [16.4897679, 43.5281056]]}, "properties": {"tema": "namjena-poslovna", "opis": "K — gospodarska namjena, poslovna", "cad_sloj": "boja #ffbf7e", "list": "1. Koristenje i namjena", "plan": "UPU Bilice sjever", "izvor": "UPU Bilice sjever (split.hr), vektorizirano iz PDF-a"}}, {"type": "Feature", "geometry": {"type": "LineString", "coordinates": [[16.4897774, 43.5262654], [16.4897771, 43.5281058]]}, "properties": {"tema": "namjena-poslovna", "opis": "K — gospodarska namjena, poslovna", "cad_sloj": "boja #ffbf7e", "list": "1. Koristenje i namjena", "plan": "UPU Bilice sjever", "izvor": "UPU Bilice sjever (split.hr), vektorizirano iz PDF-a"}}, {"type": "Feature", "geometry": {"type": "LineString", "coordinates": [[16.4897868, 43.5262805], [16.4897865, 43.5281058]]}, "properties": {"tema": "namjena-poslovna", "opis": "K — gospodarska namjena, poslovna", "cad_sloj": "boja #ffbf7e", "list": "1. Koristenje i namjena", "plan": "UPU Bilice sjever", "izvor": "UPU Bilice sjever (split.hr), vektorizirano iz PDF-a"}}, {"type": "Feature", "geometry": {"type": "LineString", "coordinates": [[16.489796, 43.5262955], [16.4897957, 43.528106]]}, "properties": {"tema": "namjena-poslovna", "opis": "K — gospodarska namjena, poslovna", "cad_sloj": "boja #ffbf7e", "list": "1. Koristenje i namjena", "plan": "UPU Bilice sjever", "izvor": "UPU Bilice sjever (split.hr), vektorizirano iz PDF-a"}}, {"type": "Feature", "geometry": {"type": "LineString", "coordinates": [[16.4898052, 43.5263106], [16.4898049, 43.5281061]]}, "properties": {"tema": "namjena-poslovna", "opis": "K — gospodarska namjena, poslovna", "cad_sloj": "boja #ffbf7e", "list": "1. Koristenje i namjena", "plan": "UPU Bilice sjever", "izvor": "UPU Bilice sjever (split.hr), vektorizirano iz PDF-a"}}, {"type": "Feature", "geometry": {"type": "LineString", "coordinates": [[16.4898146, 43.5263256], [16.4898144, 43.5275416]]}, "properties": {"tema": "namjena-poslovna", "opis": "K — gospodarska namjena, poslovna", "cad_sloj": "boja #ffbf7e", "list": "1. Koristenje i namjena", "plan": "UPU Bilice sjever", "izvor": "UPU Bilice sjever (split.hr), vektorizirano iz PDF-a"}}, {"type": "Feature", "geometry": {"type": "LineString", "coordinates": [[16.4898143, 43.527796], [16.4898143, 43.5281063]]}, "properties": {"tema": "namjena-poslovna", "opis": "K — gospodarska namjena, poslovna", "cad_sloj": "boja #ffbf7e", "list": "1. Koristenje i namjena", "plan": "UPU Bilice sjever", "izvor": "UPU Bilice sjever (split.hr), vektorizirano iz PDF-a"}}, {"type": "Feature", "geometry": {"type": "LineString", "coordinates": [[16.4898238, 43.5263407], [16.4898236, 43.5274882]]}, "properties": {"tema": "namjena-poslovna", "opis": "K — gospodarska namjena, poslovna", "cad_sloj": "boja #ffbf7e", "list": "1. Koristenje i namjena", "plan": "UPU Bilice sjever", "izvor": "UPU Bilice sjever (split.hr), vektorizirano iz PDF-a"}}, {"type": "Feature", "geometry": {"type": "LineString", "coordinates": [[16.4898235, 43.5278369], [16.4898235, 43.5281065]]}, "properties": {"tema": "namjena-poslovna", "opis": "K — gospodarska namjena, poslovna", "cad_sloj": "boja #ffbf7e", "list": "1. Koristenje i namjena", "plan": "UPU Bilice sjever", "izvor": "UPU Bilice sjever (split.hr), vektorizirano iz PDF-a"}}, {"type": "Feature", "geometry": {"type": "LineString", "coordinates": [[16.4898332, 43.5263555], [16.489833, 43.5274351]]}, "properties": {"tema": "namjena-poslovna", "opis": "K — gospodarska namjena, poslovna", "cad_sloj": "boja #ffbf7e", "list": "1. Koristenje i namjena", "plan": "UPU Bilice sjever", "izvor": "UPU Bilice sjever (split.hr), vektorizirano iz PDF-a"}}, {"type": "Feature", "geometry": {"type": "LineString", "coordinates": [[16.4898329, 43.5278743], [16.4898329, 43.5281067]]}, "properties": {"tema": "namjena-poslovna", "opis": "K — gospodarska namjena, poslovna", "cad_sloj": "boja #ffbf7e", "list": "1. Koristenje i namjena", "plan": "UPU Bilice sjever", "izvor": "UPU Bilice sjever (split.hr), vektorizirano iz PDF-a"}}, {"type": "Feature", "geometry": {"type": "LineString", "coordinates": [[16.4898423, 43.5263706], [16.4898422, 43.5273819]]}, "properties": {"tema": "namjena-poslovna", "opis": "K — gospodarska namjena, poslovna", "cad_sloj": "boja #ffbf7e", "list": "1. Koristenje i namjena", "plan": "UPU Bilice sjever", "izvor": "UPU Bilice sjever (split.hr), vektorizirano iz PDF-a"}}, {"type": "Feature", "geometry": {"type": "LineString", "coordinates": [[16.4898421, 43.5279089], [16.4898421, 43.5281069]]}, "properties": {"tema": "namjena-poslovna", "opis": "K — gospodarska namjena, poslovna", "cad_sloj": "boja #ffbf7e", "list": "1. Koristenje i namjena", "plan": "UPU Bilice sjever", "izvor": "UPU Bilice sjever (split.hr), vektorizirano iz PDF-a"}}, {"type": "Feature", "geometry": {"type": "LineString", "coordinates": [[16.4898518, 43.5263856], [16.4898516, 43.527357]]}, "properties": {"tema": "namjena-poslovna", "opis": "K — gospodarska namjena, poslovna", "cad_sloj": "boja #ffbf7e", "list": "1. Koristenje i namjena", "plan": "UPU Bilice sjever", "izvor": "UPU Bilice sjever (split.hr), vektorizirano iz PDF-a"}}, {"type": "Feature", "geometry": {"type": "LineString", "coordinates": [[16.4898515, 43.5279434], [16.4898515, 43.5280991]]}, "properties": {"tema": "namjena-poslovna", "opis": "K — gospodarska namjena, poslovna", "cad_sloj": "boja #ffbf7e", "list": "1. Koristenje i namjena", "plan": "UPU Bilice sjever", "izvor": "UPU Bilice sjever (split.hr), vektorizirano iz PDF-a"}}, {"type": "Feature", "geometry": {"type": "LineString", "coordinates": [[16.4898609, 43.5264007], [16.4898608, 43.5273398]]}, "properties": {"tema": "namjena-poslovna", "opis": "K — gospodarska namjena, poslovna", "cad_sloj": "boja #ffbf7e", "list": "1. Koristenje i namjena", "plan": "UPU Bilice sjever", "izvor": "UPU Bilice sjever (split.hr), vektorizirano iz PDF-a"}}, {"type": "Feature", "geometry": {"type": "LineString", "coordinates": [[16.4898607, 43.5279781], [16.4898606, 43.5280787]]}, "properties": {"tema": "namjena-poslovna", "opis": "K — gospodarska namjena, poslovna", "cad_sloj": "boja #ffbf7e", "list": "1. Koristenje i namjena", "plan": "UPU Bilice sjever", "izvor": "UPU Bilice sjever (split.hr), vektorizirano iz PDF-a"}}, {"type": "Feature", "geometry": {"type": "LineString", "coordinates": [[16.4898701, 43.5264157], [16.4898699, 43.5273225]]}, "properties": {"tema": "namjena-poslovna", "opis": "K — gospodarska namjena, poslovna", "cad_sloj": "boja #ffbf7e", "list": "1. Koristenje i namjena", "plan": "UPU Bilice sjever", "izvor": "UPU Bilice sjever (split.hr), vektorizirano iz PDF-a"}}, {"type": "Feature", "geometry": {"type": "LineString", "coordinates": [[16.4898698, 43.5280126], [16.4898698, 43.5280583]]}, "properties": {"tema": "namjena-poslovna", "opis": "K — gospodarska namjena, poslovna", "cad_sloj": "boja #ffbf7e", "list": "1. Koristenje i namjena", "plan": "UPU Bilice sjever", "izvor": "UPU Bilice sjever (split.hr), vektorizirano iz PDF-a"}}, {"type": "Feature", "geometry": {"type": "LineString", "coordinates": [[16.4898795, 43.5264323], [16.4898794, 43.5273053]]}, "properties": {"tema": "namjena-poslovna", "opis": "K — gospodarska namjena, poslovna", "cad_sloj": "boja #ffbf7e", "list": "1. Koristenje i namjena", "plan": "UPU Bilice sjever", "izvor": "UPU Bilice sjever (split.hr), vektorizirano iz PDF-a"}}, {"type": "Feature", "geometry": {"type": "LineString", "coordinates": [[16.4898887, 43.5264495], [16.4898885, 43.527288]]}, "properties": {"tema": "namjena-poslovna", "opis": "K — gospodarska namjena, poslovna", "cad_sloj": "boja #ffbf7e", "list": "1. Koristenje i namjena", "plan": "UPU Bilice sjever", "izvor": "UPU Bilice sjever (split.hr), vektorizirano iz PDF-a"}}, {"type": "Feature", "geometry": {"type": "LineString", "coordinates": [[16.4898981, 43.5264674], [16.489898, 43.5272707]]}, "properties": {"tema": "namjena-poslovna", "opis": "K — gospodarska namjena, poslovna", "cad_sloj": "boja #ffbf7e", "list": "1. Koristenje i namjena", "plan": "UPU Bilice sjever", "izvor": "UPU Bilice sjever (split.hr), vektorizirano iz PDF-a"}}, {"type": "Feature", "geometry": {"type": "LineString", "coordinates": [[16.4899073, 43.5264862], [16.4899071, 43.5272535]]}, "properties": {"tema": "namjena-poslovna", "opis": "K — gospodarska namjena, poslovna", "cad_sloj": "boja #ffbf7e", "list": "1. Koristenje i namjena", "plan": "UPU Bilice sjever", "izvor": "UPU Bilice sjever (split.hr), vektorizirano iz PDF-a"}}, {"type": "Feature", "geometry": {"type": "LineString", "coordinates": [[16.4899167, 43.5265061], [16.4899166, 43.5272362]]}, "properties": {"tema": "namjena-poslovna", "opis": "K — gospodarska namjena, poslovna", "cad_sloj": "boja #ffbf7e", "list": "1. Koristenje i namjena", "plan": "UPU Bilice sjever", "izvor": "UPU Bilice sjever (split.hr), vektorizirano iz PDF-a"}}, {"type": "Feature", "geometry": {"type": "LineString", "coordinates": [[16.4899258, 43.526527], [16.4899257, 43.527219]]}, "properties": {"tema": "namjena-poslovna", "opis": "K — gospodarska namjena, poslovna", "cad_sloj": "boja #ffbf7e", "list": "1. Koristenje i namjena", "plan": "UPU Bilice sjever", "izvor": "UPU Bilice sjever (split.hr), vektorizirano iz PDF-a"}}, {"type": "Feature", "geometry": {"type": "LineString", "coordinates": [[16.4899353, 43.5265493], [16.4899352, 43.5272017]]}, "properties": {"tema": "namjena-poslovna", "opis": "K — gospodarska namjena, poslovna", "cad_sloj": "boja #ffbf7e", "list": "1. Koristenje i namjena", "plan": "UPU Bilice sjever", "izvor": "UPU Bilice sjever (split.hr), vektorizirano iz PDF-a"}}, {"type": "Feature", "geometry": {"type": "LineString", "coordinates": [[16.4899444, 43.5265733], [16.4899443, 43.5271844]]}, "properties": {"tema": "namjena-poslovna", "opis": "K — gospodarska namjena, poslovna", "cad_sloj": "boja #ffbf7e", "list": "1. Koristenje i namjena", "plan": "UPU Bilice sjever", "izvor": "UPU Bilice sjever (split.hr), vektorizirano iz PDF-a"}}, {"type": "Feature", "geometry": {"type": "LineString", "coordinates": [[16.4899536, 43.5265992], [16.4899535, 43.5271703]]}, "properties": {"tema": "namjena-poslovna", "opis": "K — gospodarska namjena, poslovna", "cad_sloj": "boja #ffbf7e", "list": "1. Koristenje i namjena", "plan": "UPU Bilice sjever", "izvor": "UPU Bilice sjever (split.hr), vektorizirano iz PDF-a"}}, {"type": "Feature", "geometry": {"type": "LineString", "coordinates": [[16.489963, 43.5266267], [16.4899629, 43.5271583]]}, "properties": {"tema": "namjena-poslovna", "opis": "K — gospodarska namjena, poslovna", "cad_sloj": "boja #ffbf7e", "list": "1. Koristenje i namjena", "plan": "UPU Bilice sjever", "izvor": "UPU Bilice sjever (split.hr), vektorizirano iz PDF-a"}}, {"type": "Feature", "geometry": {"type": "LineString", "coordinates": [[16.4899722, 43.5266467], [16.4899721, 43.5271463]]}, "properties": {"tema": "namjena-poslovna", "opis": "K — gospodarska namjena, poslovna", "cad_sloj": "boja #ffbf7e", "list": "1. Koristenje i namjena", "plan": "UPU Bilice sjever", "izvor": "UPU Bilice sjever (split.hr), vektorizirano iz PDF-a"}}, {"type": "Feature", "geometry": {"type": "LineString", "coordinates": [[16.4899816, 43.5266665], [16.4899815, 43.5271343]]}, "properties": {"tema": "namjena-poslovna", "opis": "K — gospodarska namjena, poslovna", "cad_sloj": "boja #ffbf7e", "list": "1. Koristenje i namjena", "plan": "UPU Bilice sjever", "izvor": "UPU Bilice sjever (split.hr), vektorizirano iz PDF-a"}}, {"type": "Feature", "geometry": {"type": "LineString", "coordinates": [[16.4899908, 43.5266865], [16.4899907, 43.5271222]]}, "properties": {"tema": "namjena-poslovna", "opis": "K — gospodarska namjena, poslovna", "cad_sloj": "boja #ffbf7e", "list": "1. Koristenje i namjena", "plan": "UPU Bilice sjever", "izvor": "UPU Bilice sjever (split.hr), vektorizirano iz PDF-a"}}, {"type": "Feature", "geometry": {"type": "LineString", "coordinates": [[16.4900002, 43.5267063], [16.4900001, 43.5271102]]}, "properties": {"tema": "namjena-poslovna", "opis": "K — gospodarska namjena, poslovna", "cad_sloj": "boja #ffbf7e", "list": "1. Koristenje i namjena", "plan": "UPU Bilice sjever", "izvor": "UPU Bilice sjever (split.hr), vektorizirano iz PDF-a"}}, {"type": "Feature", "geometry": {"type": "LineString", "coordinates": [[16.4900093, 43.5267263], [16.4900093, 43.527098]]}, "properties": {"tema": "namjena-poslovna", "opis": "K — gospodarska namjena, poslovna", "cad_sloj": "boja #ffbf7e", "list": "1. Koristenje i namjena", "plan": "UPU Bilice sjever", "izvor": "UPU Bilice sjever (split.hr), vektorizirano iz PDF-a"}}, {"type": "Feature", "geometry": {"type": "LineString", "coordinates": [[16.4900185, 43.5267534], [16.4900185, 43.5270758]]}, "properties": {"tema": "namjena-poslovna", "opis": "K — gospodarska namjena, poslovna", "cad_sloj": "boja #ffbf7e", "list": "1. Koristenje i namjena", "plan": "UPU Bilice sjever", "izvor": "UPU Bilice sjever (split.hr), vektorizirano iz PDF-a"}}, {"type": "Feature", "geometry": {"type": "LineString", "coordinates": [[16.4900279, 43.5267921], [16.4900279, 43.5270247]]}, "properties": {"tema": "namjena-poslovna", "opis": "K — gospodarska namjena, poslovna", "cad_sloj": "boja #ffbf7e", "list": "1. Koristenje i namjena", "plan": "UPU Bilice sjever", "izvor": "UPU Bilice sjever (split.hr), vektorizirano iz PDF-a"}}, {"type": "Feature", "geometry": {"type": "LineString", "coordinates": [[16.4900371, 43.5268355], [16.4900371, 43.5269736]]}, "properties": {"tema": "namjena-poslovna", "opis": "K — gospodarska namjena, poslovna", "cad_sloj": "boja #ffbf7e", "list": "1. Koristenje i namjena", "plan": "UPU Bilice sjever", "izvor": "UPU Bilice sjever (split.hr), vektorizirano iz PDF-a"}}, {"type": "Feature", "geometry": {"type": "LineString", "coordinates": [[16.4900465, 43.5268946], [16.4900465, 43.5269226]]}, "properties": {"tema": "namjena-poslovna", "opis": "K — gospodarska namjena, poslovna", "cad_sloj": "boja #ffbf7e", "list": "1. Koristenje i namjena", "plan": "UPU Bilice sjever", "izvor": "UPU Bilice sjever (split.hr), vektorizirano iz PDF-a"}}]}