{"type": "FeatureCollection", "features": [{"type": "Feature", "geometry": {"type": "LineString", "coordinates": [[16.4976844, 43.5259617], [16.4976844, 43.5259636]]}, "properties": {"tema": "zgrade-postojece", "opis": "Postojeće zgrade", "cad_sloj": "TPS_C000_Zgrade POSTOJECE1", "list": "2a2_Prometna mreža_ID_DPU_DRACEVAC", "plan": "DPU radne zone Dračevac", "izvor": "DPU radne zone Dračevac (split.hr), vektorizirano iz PDF-a"}}, {"type": "Feature", "geometry": {"type": "LineString", "coordinates": [[16.4976823, 43.5259381], [16.4976876, 43.5259381]]}, "properties": {"tema": "zgrade-postojece", "opis": "Postojeće zgrade", "cad_sloj": "TPS_C000_Zgrade POSTOJECE1", "list": "2a2_Prometna mreža_ID_DPU_DRACEVAC", "plan": "DPU radne zone Dračevac", "izvor": "DPU radne zone Dračevac (split.hr), vektorizirano iz PDF-a"}}, {"type": "Feature", "geometry": {"type": "LineString", "coordinates": [[16.4976834, 43.5259019], [16.4976886, 43.5259023]]}, "properties": {"tema": "zgrade-postojece", "opis": "Postojeće zgrade", "cad_sloj": "TPS_C000_Zgrade POSTOJECE1", "list": "2a2_Prometna mreža_ID_DPU_DRACEVAC", "plan": "DPU radne zone Dračevac", "izvor": "DPU radne zone Dračevac (split.hr), vektorizirano iz PDF-a"}}, {"type": "Feature", "geometry": {"type": "LineString", "coordinates": [[16.4976844, 43.5258662], [16.4976897, 43.5258662]]}, "properties": {"tema": "zgrade-postojece", "opis": "Postojeće zgrade", "cad_sloj": "TPS_C000_Zgrade POSTOJECE1", "list": "2a2_Prometna mreža_ID_DPU_DRACEVAC", "plan": "DPU radne zone Dračevac", "izvor": "DPU radne zone Dračevac (split.hr), vektorizirano iz PDF-a"}}, {"type": "Feature", "geometry": {"type": "LineString", "coordinates": [[16.4976855, 43.5258304], [16.4976907, 43.5258304]]}, "properties": {"tema": "zgrade-postojece", "opis": "Postojeće zgrade", "cad_sloj": "TPS_C000_Zgrade POSTOJECE1", "list": "2a2_Prometna mreža_ID_DPU_DRACEVAC", "plan": "DPU radne zone Dračevac", "izvor": "DPU radne zone Dračevac (split.hr), vektorizirano iz PDF-a"}}, {"type": "Feature", "geometry": {"type": "LineString", "coordinates": [[16.4976865, 43.5257942], [16.4976917, 43.5257946]]}, "properties": {"tema": "zgrade-postojece", "opis": "Postojeće zgrade", "cad_sloj": "TPS_C000_Zgrade POSTOJECE1", "list": "2a2_Prometna mreža_ID_DPU_DRACEVAC", "plan": "DPU radne zone Dračevac", "izvor": "DPU radne zone Dračevac (split.hr), vektorizirano iz PDF-a"}}, {"type": "Feature", "geometry": {"type": "LineString", "coordinates": [[16.4976876, 43.5257691], [16.4976923, 43.5257691]]}, "properties": {"tema": "zgrade-postojece", "opis": "Postojeće zgrade", "cad_sloj": "TPS_C000_Zgrade POSTOJECE1", "list": "2a2_Prometna mreža_ID_DPU_DRACEVAC", "plan": "DPU radne zone Dračevac", "izvor": "DPU radne zone Dračevac (split.hr), vektorizirano iz PDF-a"}}, {"type": "Feature", "geometry": {"type": "LineString", "coordinates": [[16.4977053, 43.5257463], [16.4977101, 43.5257463]]}, "properties": {"tema": "zgrade-postojece", "opis": "Postojeće zgrade", "cad_sloj": "TPS_C000_Zgrade POSTOJECE1", "list": "2a2_Prometna mreža_ID_DPU_DRACEVAC", "plan": "DPU radne zone Dračevac", "izvor": "DPU radne zone Dračevac (split.hr), vektorizirano iz PDF-a"}}, {"type": "Feature", "geometry": {"type": "LineString", "coordinates": [[16.4977064, 43.5257105], [16.4977111, 43.5257105]]}, "properties": {"tema": "zgrade-postojece", "opis": "Postojeće zgrade", "cad_sloj": "TPS_C000_Zgrade POSTOJECE1", "list": "2a2_Prometna mreža_ID_DPU_DRACEVAC", "plan": "DPU radne zone Dračevac", "izvor": "DPU radne zone Dračevac (split.hr), vektorizirano iz PDF-a"}}, {"type": "Feature", "geometry": {"type": "LineString", "coordinates": [[16.4977069, 43.5256743], [16.4977122, 43.5256743]]}, "properties": {"tema": "zgrade-postojece", "opis": "Postojeće zgrade", "cad_sloj": "TPS_C000_Zgrade POSTOJECE1", "list": "2a2_Prometna mreža_ID_DPU_DRACEVAC", "plan": "DPU radne zone Dračevac", "izvor": "DPU radne zone Dračevac (split.hr), vektorizirano iz PDF-a"}}, {"type": "Feature", "geometry": {"type": "LineString", "coordinates": [[16.497708, 43.5256385], [16.4977127, 43.5256385]]}, "properties": {"tema": "zgrade-postojece", "opis": "Postojeće zgrade", "cad_sloj": "TPS_C000_Zgrade POSTOJECE1", "list": "2a2_Prometna mreža_ID_DPU_DRACEVAC", "plan": "DPU radne zone Dračevac", "izvor": "DPU radne zone Dračevac (split.hr), vektorizirano iz PDF-a"}}, {"type": "Feature", "geometry": {"type": "LineString", "coordinates": [[16.4977085, 43.5256028], [16.4977137, 43.5256028]]}, "properties": {"tema": "zgrade-postojece", "opis": "Postojeće zgrade", "cad_sloj": "TPS_C000_Zgrade POSTOJECE1", "list": "2a2_Prometna mreža_ID_DPU_DRACEVAC", "plan": "DPU radne zone Dračevac", "izvor": "DPU radne zone Dračevac (split.hr), vektorizirano iz PDF-a"}}, {"type": "Feature", "geometry": {"type": "LineString", "coordinates": [[16.4977095, 43.5255666], [16.4977148, 43.5255666]]}, "properties": {"tema": "zgrade-postojece", "opis": "Postojeće zgrade", "cad_sloj": "TPS_C000_Zgrade POSTOJECE1", "list": "2a2_Prometna mreža_ID_DPU_DRACEVAC", "plan": "DPU radne zone Dračevac", "izvor": "DPU radne zone Dračevac (split.hr), vektorizirano iz PDF-a"}}, {"type": "Feature", "geometry": {"type": "LineString", "coordinates": [[16.4977106, 43.5255308], [16.4977153, 43.5255308]]}, "properties": {"tema": "zgrade-postojece", "opis": "Postojeće zgrade", "cad_sloj": "TPS_C000_Zgrade POSTOJECE1", "list": "2a2_Prometna mreža_ID_DPU_DRACEVAC", "plan": "DPU radne zone Dračevac", "izvor": "DPU radne zone Dračevac (split.hr), vektorizirano iz PDF-a"}}, {"type": "Feature", "geometry": {"type": "LineString", "coordinates": [[16.4977111, 43.5254947], [16.4977163, 43.525495]]}, "properties": {"tema": "zgrade-postojece", "opis": "Postojeće zgrade", "cad_sloj": "TPS_C000_Zgrade POSTOJECE1", "list": "2a2_Prometna mreža_ID_DPU_DRACEVAC", "plan": "DPU radne zone Dračevac", "izvor": "DPU radne zone Dračevac (split.hr), vektorizirano iz PDF-a"}}, {"type": "Feature", "geometry": {"type": "LineString", "coordinates": [[16.4977122, 43.5254589], [16.4977169, 43.5254589]]}, "properties": {"tema": "zgrade-postojece", "opis": "Postojeće zgrade", "cad_sloj": "TPS_C000_Zgrade POSTOJECE1", "list": "2a2_Prometna mreža_ID_DPU_DRACEVAC", "plan": "DPU radne zone Dračevac", "izvor": "DPU radne zone Dračevac (split.hr), vektorizirano iz PDF-a"}}, {"type": "Feature", "geometry": {"type": "LineString", "coordinates": [[16.4977132, 43.5254231], [16.4977179, 43.5254231]]}, "properties": {"tema": "zgrade-postojece", "opis": "Postojeće zgrade", "cad_sloj": "TPS_C000_Zgrade POSTOJECE1", "list": "2a2_Prometna mreža_ID_DPU_DRACEVAC", "plan": "DPU radne zone Dračevac", "izvor": "DPU radne zone Dračevac (split.hr), vektorizirano iz PDF-a"}}, {"type": "Feature", "geometry": {"type": "LineString", "coordinates": [[16.4977137, 43.525387], [16.497719, 43.525387]]}, "properties": {"tema": "zgrade-postojece", "opis": "Postojeće zgrade", "cad_sloj": "TPS_C000_Zgrade POSTOJECE1", "list": "2a2_Prometna mreža_ID_DPU_DRACEVAC", "plan": "DPU radne zone Dračevac", "izvor": "DPU radne zone Dračevac (split.hr), vektorizirano iz PDF-a"}}, {"type": "Feature", "geometry": {"type": "LineString", "coordinates": [[16.4977148, 43.5253512], [16.4977195, 43.5253512]]}, "properties": {"tema": "zgrade-postojece", "opis": "Postojeće zgrade", "cad_sloj": "TPS_C000_Zgrade POSTOJECE1", "list": "2a2_Prometna mreža_ID_DPU_DRACEVAC", "plan": "DPU radne zone Dračevac", "izvor": "DPU radne zone Dračevac (split.hr), vektorizirano iz PDF-a"}}, {"type": "Feature", "geometry": {"type": "LineString", "coordinates": [[16.4977158, 43.525315], [16.4977205, 43.5253154]]}, "properties": {"tema": "zgrade-postojece", "opis": "Postojeće zgrade", "cad_sloj": "TPS_C000_Zgrade POSTOJECE1", "list": "2a2_Prometna mreža_ID_DPU_DRACEVAC", "plan": "DPU radne zone Dračevac", "izvor": "DPU radne zone Dračevac (split.hr), vektorizirano iz PDF-a"}}, {"type": "Feature", "geometry": {"type": "LineString", "coordinates": [[16.4977164, 43.5252922], [16.4977211, 43.5252926]]}, "properties": {"tema": "zgrade-postojece", "opis": "Postojeće zgrade", "cad_sloj": "TPS_C000_Zgrade POSTOJECE1", "list": "2a2_Prometna mreža_ID_DPU_DRACEVAC", "plan": "DPU radne zone Dračevac", "izvor": "DPU radne zone Dračevac (split.hr), vektorizirano iz PDF-a"}}, {"type": "Feature", "geometry": {"type": "LineString", "coordinates": [[16.4976782, 43.5252937], [16.4976782, 43.5252899]]}, "properties": {"tema": "zgrade-postojece", "opis": "Postojeće zgrade", "cad_sloj": "TPS_C000_Zgrade POSTOJECE1", "list": "2a2_Prometna mreža_ID_DPU_DRACEVAC", "plan": "DPU radne zone Dračevac", "izvor": "DPU radne zone Dračevac (split.hr), vektorizirano iz PDF-a"}}, {"type": "Feature", "geometry": {"type": "LineString", "coordinates": [[16.4976285, 43.5252929], [16.4976285, 43.5252895]]}, "properties": {"tema": "zgrade-postojece", "opis": "Postojeće zgrade", "cad_sloj": "TPS_C000_Zgrade POSTOJECE1", "list": "2a2_Prometna mreža_ID_DPU_DRACEVAC", "plan": "DPU radne zone Dračevac", "izvor": "DPU radne zone Dračevac (split.hr), vektorizirano iz PDF-a"}}, {"type": "Feature", "geometry": {"type": "LineString", "coordinates": [[16.4975793, 43.5252926], [16.4975793, 43.5252887]]}, "properties": {"tema": "zgrade-postojece", "opis": "Postojeće zgrade", "cad_sloj": "TPS_C000_Zgrade POSTOJECE1", "list": "2a2_Prometna mreža_ID_DPU_DRACEVAC", "plan": "DPU radne zone Dračevac", "izvor": "DPU radne zone Dračevac (split.hr), vektorizirano iz PDF-a"}}, {"type": "Feature", "geometry": {"type": "LineString", "coordinates": [[16.4975296, 43.5252918], [16.4975301, 43.5252884]]}, "properties": {"tema": "zgrade-postojece", "opis": "Postojeće zgrade", "cad_sloj": "TPS_C000_Zgrade POSTOJECE1", "list": "2a2_Prometna mreža_ID_DPU_DRACEVAC", "plan": "DPU radne zone Dračevac", "izvor": "DPU radne zone Dračevac (split.hr), vektorizirano iz PDF-a"}}, {"type": "Feature", "geometry": {"type": "LineString", "coordinates": [[16.4974804, 43.5252914], [16.4974804, 43.5252876]]}, "properties": {"tema": "zgrade-postojece", "opis": "Postojeće zgrade", "cad_sloj": "TPS_C000_Zgrade POSTOJECE1", "list": "2a2_Prometna mreža_ID_DPU_DRACEVAC", "plan": "DPU radne zone Dračevac", "izvor": "DPU radne zone Dračevac (split.hr), vektorizirano iz PDF-a"}}, {"type": "Feature", "geometry": {"type": "LineString", "coordinates": [[16.4974396, 43.5252906], [16.4974402, 43.5252872]]}, "properties": {"tema": "zgrade-postojece", "opis": "Postojeće zgrade", "cad_sloj": "TPS_C000_Zgrade POSTOJECE1", "list": "2a2_Prometna mreža_ID_DPU_DRACEVAC", "plan": "DPU radne zone Dračevac", "izvor": "DPU radne zone Dračevac (split.hr), vektorizirano iz PDF-a"}}, {"type": "Feature", "geometry": {"type": "LineString", "coordinates": [[16.4974417, 43.5253162], [16.4974365, 43.5253162]]}, "properties": {"tema": "zgrade-postojece", "opis": "Postojeće zgrade", "cad_sloj": "TPS_C000_Zgrade POSTOJECE1", "list": "2a2_Prometna mreža_ID_DPU_DRACEVAC", "plan": "DPU radne zone Dračevac", "izvor": "DPU radne zone Dračevac (split.hr), vektorizirano iz PDF-a"}}, {"type": "Feature", "geometry": {"type": "LineString", "coordinates": [[16.4974407, 43.5253432], [16.497436, 43.5253432]]}, "properties": {"tema": "zgrade-postojece", "opis": "Postojeće zgrade", "cad_sloj": "TPS_C000_Zgrade POSTOJECE1", "list": "2a2_Prometna mreža_ID_DPU_DRACEVAC", "plan": "DPU radne zone Dračevac", "izvor": "DPU radne zone Dračevac (split.hr), vektorizirano iz PDF-a"}}, {"type": "Feature", "geometry": {"type": "LineString", "coordinates": [[16.4974574, 43.5253767], [16.4974527, 43.5253763]]}, "properties": {"tema": "zgrade-postojece", "opis": "Postojeće zgrade", "cad_sloj": "TPS_C000_Zgrade POSTOJECE1", "list": "2a2_Prometna mreža_ID_DPU_DRACEVAC", "plan": "DPU radne zone Dračevac", "izvor": "DPU radne zone Dračevac (split.hr), vektorizirano iz PDF-a"}}, {"type": "Feature", "geometry": {"type": "LineString", "coordinates": [[16.4974569, 43.5254124], [16.4974517, 43.5254124]]}, "properties": {"tema": "zgrade-postojece", "opis": "Postojeće zgrade", "cad_sloj": "TPS_C000_Zgrade POSTOJECE1", "list": "2a2_Prometna mreža_ID_DPU_DRACEVAC", "plan": "DPU radne zone Dračevac", "izvor": "DPU radne zone Dračevac (split.hr), vektorizirano iz PDF-a"}}, {"type": "Feature", "geometry": {"type": "LineString", "coordinates": [[16.497426, 43.5254733], [16.4974208, 43.525473]]}, "properties": {"tema": "zgrade-postojece", "opis": "Postojeće zgrade", "cad_sloj": "TPS_C000_Zgrade POSTOJECE1", "list": "2a2_Prometna mreža_ID_DPU_DRACEVAC", "plan": "DPU radne zone Dračevac", "izvor": "DPU radne zone Dračevac (split.hr), vektorizirano iz PDF-a"}}, {"type": "Feature", "geometry": {"type": "LineString", "coordinates": [[16.497425, 43.5255011], [16.4974203, 43.5255011]]}, "properties": {"tema": "zgrade-postojece", "opis": "Postojeće zgrade", "cad_sloj": "TPS_C000_Zgrade POSTOJECE1", "list": "2a2_Prometna mreža_ID_DPU_DRACEVAC", "plan": "DPU radne zone Dračevac", "izvor": "DPU radne zone Dračevac (split.hr), vektorizirano iz PDF-a"}}, {"type": "Feature", "geometry": {"type": "LineString", "coordinates": [[16.4974543, 43.5255278], [16.497449, 43.5255278]]}, "properties": {"tema": "zgrade-postojece", "opis": "Postojeće zgrade", "cad_sloj": "TPS_C000_Zgrade POSTOJECE1", "list": "2a2_Prometna mreža_ID_DPU_DRACEVAC", "plan": "DPU radne zone Dračevac", "izvor": "DPU radne zone Dračevac (split.hr), vektorizirano iz PDF-a"}}, {"type": "Feature", "geometry": {"type": "LineString", "coordinates": [[16.4974537, 43.5255537], [16.4974485, 43.5255537]]}, "properties": {"tema": "zgrade-postojece", "opis": "Postojeće zgrade", "cad_sloj": "TPS_C000_Zgrade POSTOJECE1", "list": "2a2_Prometna mreža_ID_DPU_DRACEVAC", "plan": "DPU radne zone Dračevac", "izvor": "DPU radne zone Dračevac (split.hr), vektorizirano iz PDF-a"}}, {"type": "Feature", "geometry": {"type": "LineString", "coordinates": [[16.4974234, 43.5255814], [16.4974182, 43.5255811]]}, "properties": {"tema": "zgrade-postojece", "opis": "Postojeće zgrade", "cad_sloj": "TPS_C000_Zgrade POSTOJECE1", "list": "2a2_Prometna mreža_ID_DPU_DRACEVAC", "plan": "DPU radne zone Dračevac", "izvor": "DPU radne zone Dračevac (split.hr), vektorizirano iz PDF-a"}}, {"type": "Feature", "geometry": {"type": "LineString", "coordinates": [[16.4974511, 43.525634], [16.4974464, 43.5256336]]}, "properties": {"tema": "zgrade-postojece", "opis": "Postojeće zgrade", "cad_sloj": "TPS_C000_Zgrade POSTOJECE1", "list": "2a2_Prometna mreža_ID_DPU_DRACEVAC", "plan": "DPU radne zone Dračevac", "izvor": "DPU radne zone Dračevac (split.hr), vektorizirano iz PDF-a"}}, {"type": "Feature", "geometry": {"type": "LineString", "coordinates": [[16.4974506, 43.5256698], [16.4974454, 43.5256698]]}, "properties": {"tema": "zgrade-postojece", "opis": "Postojeće zgrade", "cad_sloj": "TPS_C000_Zgrade POSTOJECE1", "list": "2a2_Prometna mreža_ID_DPU_DRACEVAC", "plan": "DPU radne zone Dračevac", "izvor": "DPU radne zone Dračevac (split.hr), vektorizirano iz PDF-a"}}, {"type": "Feature", "geometry": {"type": "LineString", "coordinates": [[16.4974496, 43.5257055], [16.4974448, 43.5257055]]}, "properties": {"tema": "zgrade-postojece", "opis": "Postojeće zgrade", "cad_sloj": "TPS_C000_Zgrade POSTOJECE1", "list": "2a2_Prometna mreža_ID_DPU_DRACEVAC", "plan": "DPU radne zone Dračevac", "izvor": "DPU radne zone Dračevac (split.hr), vektorizirano iz PDF-a"}}, {"type": "Feature", "geometry": {"type": "LineString", "coordinates": [[16.497449, 43.5257417], [16.4974438, 43.5257417]]}, "properties": {"tema": "zgrade-postojece", "opis": "Postojeće zgrade", "cad_sloj": "TPS_C000_Zgrade POSTOJECE1", "list": "2a2_Prometna mreža_ID_DPU_DRACEVAC", "plan": "DPU radne zone Dračevac", "izvor": "DPU radne zone Dračevac (split.hr), vektorizirano iz PDF-a"}}, {"type": "Feature", "geometry": {"type": "LineString", "coordinates": [[16.4974485, 43.5257657], [16.4974433, 43.5257657]]}, "properties": {"tema": "zgrade-postojece", "opis": "Postojeće zgrade", "cad_sloj": "TPS_C000_Zgrade POSTOJECE1", "list": "2a2_Prometna mreža_ID_DPU_DRACEVAC", "plan": "DPU radne zone Dračevac", "izvor": "DPU radne zone Dračevac (split.hr), vektorizirano iz PDF-a"}}, {"type": "Feature", "geometry": {"type": "LineString", "coordinates": [[16.497471, 43.5257919], [16.4974663, 43.5257919]]}, "properties": {"tema": "zgrade-postojece", "opis": "Postojeće zgrade", "cad_sloj": "TPS_C000_Zgrade POSTOJECE1", "list": "2a2_Prometna mreža_ID_DPU_DRACEVAC", "plan": "DPU radne zone Dračevac", "izvor": "DPU radne zone Dračevac (split.hr), vektorizirano iz PDF-a"}}, {"type": "Feature", "geometry": {"type": "LineString", "coordinates": [[16.497438, 43.5258528], [16.4974328, 43.5258524]]}, "properties": {"tema": "zgrade-postojece", "opis": "Postojeće zgrade", "cad_sloj": "TPS_C000_Zgrade POSTOJECE1", "list": "2a2_Prometna mreža_ID_DPU_DRACEVAC", "plan": "DPU radne zone Dračevac", "izvor": "DPU radne zone Dračevac (split.hr), vektorizirano iz PDF-a"}}, {"type": "Feature", "geometry": {"type": "LineString", "coordinates": [[16.497437, 43.5258886], [16.4974318, 43.5258886]]}, "properties": {"tema": "zgrade-postojece", "opis": "Postojeće zgrade", "cad_sloj": "TPS_C000_Zgrade POSTOJECE1", "list": "2a2_Prometna mreža_ID_DPU_DRACEVAC", "plan": "DPU radne zone Dračevac", "izvor": "DPU radne zone Dračevac (split.hr), vektorizirano iz PDF-a"}}, {"type": "Feature", "geometry": {"type": "LineString", "coordinates": [[16.4974359, 43.5259244], [16.4974312, 43.5259244]]}, "properties": {"tema": "zgrade-postojece", "opis": "Postojeće zgrade", "cad_sloj": "TPS_C000_Zgrade POSTOJECE1", "list": "2a2_Prometna mreža_ID_DPU_DRACEVAC", "plan": "DPU radne zone Dračevac", "izvor": "DPU radne zone Dračevac (split.hr), vektorizirano iz PDF-a"}}, {"type": "Feature", "geometry": {"type": "LineString", "coordinates": [[16.4974349, 43.5259602], [16.4974302, 43.5259602]]}, "properties": {"tema": "zgrade-postojece", "opis": "Postojeće zgrade", "cad_sloj": "TPS_C000_Zgrade POSTOJECE1", "list": "2a2_Prometna mreža_ID_DPU_DRACEVAC", "plan": "DPU radne zone Dračevac", "izvor": "DPU radne zone Dračevac (split.hr), vektorizirano iz PDF-a"}}, {"type": "Feature", "geometry": {"type": "LineString", "coordinates": [[16.49746, 43.525959], [16.4974595, 43.5259624]]}, "properties": {"tema": "zgrade-postojece", "opis": "Postojeće zgrade", "cad_sloj": "TPS_C000_Zgrade POSTOJECE1", "list": "2a2_Prometna mreža_ID_DPU_DRACEVAC", "plan": "DPU radne zone Dračevac", "izvor": "DPU radne zone Dračevac (split.hr), vektorizirano iz PDF-a"}}, {"type": "Feature", "geometry": {"type": "LineString", "coordinates": [[16.4975092, 43.5259594], [16.4975092, 43.5259632]]}, "properties": {"tema": "zgrade-postojece", "opis": "Postojeće zgrade", "cad_sloj": "TPS_C000_Zgrade POSTOJECE1", "list": "2a2_Prometna mreža_ID_DPU_DRACEVAC", "plan": "DPU radne zone Dračevac", "izvor": "DPU radne zone Dračevac (split.hr), vektorizirano iz PDF-a"}}, {"type": "Feature", "geometry": {"type": "LineString", "coordinates": [[16.4975583, 43.5259602], [16.4975583, 43.5259636]]}, "properties": {"tema": "zgrade-postojece", "opis": "Postojeće zgrade", "cad_sloj": "TPS_C000_Zgrade POSTOJECE1", "list": "2a2_Prometna mreža_ID_DPU_DRACEVAC", "plan": "DPU radne zone Dračevac", "izvor": "DPU radne zone Dračevac (split.hr), vektorizirano iz PDF-a"}}, {"type": "Feature", "geometry": {"type": "LineString", "coordinates": [[16.497608, 43.5259609], [16.4976075, 43.5259644]]}, "properties": {"tema": "zgrade-postojece", "opis": "Postojeće zgrade", "cad_sloj": "TPS_C000_Zgrade POSTOJECE1", "list": "2a2_Prometna mreža_ID_DPU_DRACEVAC", "plan": "DPU radne zone Dračevac", "izvor": "DPU radne zone Dračevac (split.hr), vektorizirano iz PDF-a"}}, {"type": "Feature", "geometry": {"type": "LineString", "coordinates": [[16.4976572, 43.5259613], [16.4976572, 43.5259651]]}, "properties": {"tema": "zgrade-postojece", "opis": "Postojeće zgrade", "cad_sloj": "TPS_C000_Zgrade POSTOJECE1", "list": "2a2_Prometna mreža_ID_DPU_DRACEVAC", "plan": "DPU radne zone Dračevac", "izvor": "DPU radne zone Dračevac (split.hr), vektorizirano iz PDF-a"}}, {"type": "Feature", "geometry": {"type": "Polygon", "coordinates": [[[16.4976865, 43.5259636], [16.4976818, 43.5259636], [16.497687, 43.5259472], [16.4976865, 43.5259636]]]}, "properties": {"tema": "zgrade-postojece", "opis": "Postojeće zgrade", "cad_sloj": "TPS_C000_Zgrade POSTOJECE1", "list": "2a2_Prometna mreža_ID_DPU_DRACEVAC", "plan": "DPU radne zone Dračevac", "izvor": "DPU radne zone Dračevac (split.hr), vektorizirano iz PDF-a"}}, {"type": "Feature", "geometry": {"type": "Polygon", "coordinates": [[[16.4976818, 43.5259636], [16.497687, 43.5259472], [16.4976823, 43.5259468], [16.4976818, 43.5259636]]]}, "properties": {"tema": "zgrade-postojece", "opis": "Postojeće zgrade", "cad_sloj": "TPS_C000_Zgrade POSTOJECE1", "list": "2a2_Prometna mreža_ID_DPU_DRACEVAC", "plan": "DPU radne zone Dračevac", "izvor": "DPU radne zone Dračevac (split.hr), vektorizirano iz PDF-a"}}, {"type": "Feature", "geometry": {"type": "Polygon", "coordinates": [[[16.4976876, 43.525929], [16.4976828, 43.525929], [16.4976881, 43.5259111], [16.4976876, 43.525929]]]}, "properties": {"tema": "zgrade-postojece", "opis": "Postojeće zgrade", "cad_sloj": "TPS_C000_Zgrade POSTOJECE1", "list": "2a2_Prometna mreža_ID_DPU_DRACEVAC", "plan": "DPU radne zone Dračevac", "izvor": "DPU radne zone Dračevac (split.hr), vektorizirano iz PDF-a"}}, {"type": "Feature", "geometry": {"type": "Polygon", "coordinates": [[[16.4976828, 43.525929], [16.4976881, 43.5259111], [16.4976834, 43.5259111], [16.4976828, 43.525929]]]}, "properties": {"tema": "zgrade-postojece", "opis": "Postojeće zgrade", "cad_sloj": "TPS_C000_Zgrade POSTOJECE1", "list": "2a2_Prometna mreža_ID_DPU_DRACEVAC", "plan": "DPU radne zone Dračevac", "izvor": "DPU radne zone Dračevac (split.hr), vektorizirano iz PDF-a"}}, {"type": "Feature", "geometry": {"type": "Polygon", "coordinates": [[[16.4976886, 43.5258932], [16.4976839, 43.5258932], [16.4976891, 43.5258753], [16.4976886, 43.5258932]]]}, "properties": {"tema": "zgrade-postojece", "opis": "Postojeće zgrade", "cad_sloj": "TPS_C000_Zgrade POSTOJECE1", "list": "2a2_Prometna mreža_ID_DPU_DRACEVAC", "plan": "DPU radne zone Dračevac", "izvor": "DPU radne zone Dračevac (split.hr), vektorizirano iz PDF-a"}}, {"type": "Feature", "geometry": {"type": "Polygon", "coordinates": [[[16.4976839, 43.5258932], [16.4976891, 43.5258753], [16.4976844, 43.5258753], [16.4976839, 43.5258932]]]}, "properties": {"tema": "zgrade-postojece", "opis": "Postojeće zgrade", "cad_sloj": "TPS_C000_Zgrade POSTOJECE1", "list": "2a2_Prometna mreža_ID_DPU_DRACEVAC", "plan": "DPU radne zone Dračevac", "izvor": "DPU radne zone Dračevac (split.hr), vektorizirano iz PDF-a"}}, {"type": "Feature", "geometry": {"type": "Polygon", "coordinates": [[[16.4976897, 43.5258574], [16.4976849, 43.5258574], [16.4976902, 43.5258395], [16.4976897, 43.5258574]]]}, "properties": {"tema": "zgrade-postojece", "opis": "Postojeće zgrade", "cad_sloj": "TPS_C000_Zgrade POSTOJECE1", "list": "2a2_Prometna mreža_ID_DPU_DRACEVAC", "plan": "DPU radne zone Dračevac", "izvor": "DPU radne zone Dračevac (split.hr), vektorizirano iz PDF-a"}}, {"type": "Feature", "geometry": {"type": "Polygon", "coordinates": [[[16.4976849, 43.5258574], [16.4976902, 43.5258395], [16.4976855, 43.5258391], [16.4976849, 43.5258574]]]}, "properties": {"tema": "zgrade-postojece", "opis": "Postojeće zgrade", "cad_sloj": "TPS_C000_Zgrade POSTOJECE1", "list": "2a2_Prometna mreža_ID_DPU_DRACEVAC", "plan": "DPU radne zone Dračevac", "izvor": "DPU radne zone Dračevac (split.hr), vektorizirano iz PDF-a"}}, {"type": "Feature", "geometry": {"type": "Polygon", "coordinates": [[[16.4976907, 43.5258212], [16.497686, 43.5258212], [16.4976912, 43.5258034], [16.4976907, 43.5258212]]]}, "properties": {"tema": "zgrade-postojece", "opis": "Postojeće zgrade", "cad_sloj": "TPS_C000_Zgrade POSTOJECE1", "list": "2a2_Prometna mreža_ID_DPU_DRACEVAC", "plan": "DPU radne zone Dračevac", "izvor": "DPU radne zone Dračevac (split.hr), vektorizirano iz PDF-a"}}, {"type": "Feature", "geometry": {"type": "Polygon", "coordinates": [[[16.497686, 43.5258212], [16.4976912, 43.5258034], [16.4976865, 43.5258034], [16.497686, 43.5258212]]]}, "properties": {"tema": "zgrade-postojece", "opis": "Postojeće zgrade", "cad_sloj": "TPS_C000_Zgrade POSTOJECE1", "list": "2a2_Prometna mreža_ID_DPU_DRACEVAC", "plan": "DPU radne zone Dračevac", "izvor": "DPU radne zone Dračevac (split.hr), vektorizirano iz PDF-a"}}, {"type": "Feature", "geometry": {"type": "Polygon", "coordinates": [[[16.4976917, 43.5257855], [16.497687, 43.5257855], [16.4976923, 43.5257691], [16.4976917, 43.5257855]]]}, "properties": {"tema": "zgrade-postojece", "opis": "Postojeće zgrade", "cad_sloj": "TPS_C000_Zgrade POSTOJECE1", "list": "2a2_Prometna mreža_ID_DPU_DRACEVAC", "plan": "DPU radne zone Dračevac", "izvor": "DPU radne zone Dračevac (split.hr), vektorizirano iz PDF-a"}}, {"type": "Feature", "geometry": {"type": "Polygon", "coordinates": [[[16.497687, 43.5257855], [16.4976923, 43.5257691], [16.4976876, 43.5257691], [16.497687, 43.5257855]]]}, "properties": {"tema": "zgrade-postojece", "opis": "Postojeće zgrade", "cad_sloj": "TPS_C000_Zgrade POSTOJECE1", "list": "2a2_Prometna mreža_ID_DPU_DRACEVAC", "plan": "DPU radne zone Dračevac", "izvor": "DPU radne zone Dračevac (split.hr), vektorizirano iz PDF-a"}}, {"type": "Feature", "geometry": {"type": "Polygon", "coordinates": [[[16.4976902, 43.5257706], [16.4976902, 43.5257672], [16.4977074, 43.525771], [16.4976902, 43.5257706]]]}, "properties": {"tema": "zgrade-postojece", "opis": "Postojeće zgrade", "cad_sloj": "TPS_C000_Zgrade POSTOJECE1", "list": "2a2_Prometna mreža_ID_DPU_DRACEVAC", "plan": "DPU radne zone Dračevac", "izvor": "DPU radne zone Dračevac (split.hr), vektorizirano iz PDF-a"}}, {"type": "Feature", "geometry": {"type": "Polygon", "coordinates": [[[16.4976902, 43.5257672], [16.4977074, 43.525771], [16.4977074, 43.5257672], [16.4976902, 43.5257672]]]}, "properties": {"tema": "zgrade-postojece", "opis": "Postojeće zgrade", "cad_sloj": "TPS_C000_Zgrade POSTOJECE1", "list": "2a2_Prometna mreža_ID_DPU_DRACEVAC", "plan": "DPU radne zone Dračevac", "izvor": "DPU radne zone Dračevac (split.hr), vektorizirano iz PDF-a"}}, {"type": "Feature", "geometry": {"type": "Polygon", "coordinates": [[[16.4977095, 43.5257691], [16.4977048, 43.5257691], [16.4977101, 43.5257554], [16.4977095, 43.5257691]]]}, "properties": {"tema": "zgrade-postojece", "opis": "Postojeće zgrade", "cad_sloj": "TPS_C000_Zgrade POSTOJECE1", "list": "2a2_Prometna mreža_ID_DPU_DRACEVAC", "plan": "DPU radne zone Dračevac", "izvor": "DPU radne zone Dračevac (split.hr), vektorizirano iz PDF-a"}}, {"type": "Feature", "geometry": {"type": "Polygon", "coordinates": [[[16.4977048, 43.5257691], [16.4977101, 43.5257554], [16.4977053, 43.5257554], [16.4977048, 43.5257691]]]}, "properties": {"tema": "zgrade-postojece", "opis": "Postojeće zgrade", "cad_sloj": "TPS_C000_Zgrade POSTOJECE1", "list": "2a2_Prometna mreža_ID_DPU_DRACEVAC", "plan": "DPU radne zone Dračevac", "izvor": "DPU radne zone Dračevac (split.hr), vektorizirano iz PDF-a"}}, {"type": "Feature", "geometry": {"type": "Polygon", "coordinates": [[[16.4977106, 43.5257375], [16.4977053, 43.5257371], [16.4977111, 43.5257192], [16.4977106, 43.5257375]]]}, "properties": {"tema": "zgrade-postojece", "opis": "Postojeće zgrade", "cad_sloj": "TPS_C000_Zgrade POSTOJECE1", "list": "2a2_Prometna mreža_ID_DPU_DRACEVAC", "plan": "DPU radne zone Dračevac", "izvor": "DPU radne zone Dračevac (split.hr), vektorizirano iz PDF-a"}}, {"type": "Feature", "geometry": {"type": "Polygon", "coordinates": [[[16.4977053, 43.5257371], [16.4977111, 43.5257192], [16.4977059, 43.5257192], [16.4977053, 43.5257371]]]}, "properties": {"tema": "zgrade-postojece", "opis": "Postojeće zgrade", "cad_sloj": "TPS_C000_Zgrade POSTOJECE1", "list": "2a2_Prometna mreža_ID_DPU_DRACEVAC", "plan": "DPU radne zone Dračevac", "izvor": "DPU radne zone Dračevac (split.hr), vektorizirano iz PDF-a"}}, {"type": "Feature", "geometry": {"type": "Polygon", "coordinates": [[[16.4977111, 43.5257013], [16.4977064, 43.5257013], [16.4977116, 43.5256835], [16.4977111, 43.5257013]]]}, "properties": {"tema": "zgrade-postojece", "opis": "Postojeće zgrade", "cad_sloj": "TPS_C000_Zgrade POSTOJECE1", "list": "2a2_Prometna mreža_ID_DPU_DRACEVAC", "plan": "DPU radne zone Dračevac", "izvor": "DPU radne zone Dračevac (split.hr), vektorizirano iz PDF-a"}}, {"type": "Feature", "geometry": {"type": "Polygon", "coordinates": [[[16.4977064, 43.5257013], [16.4977116, 43.5256835], [16.4977069, 43.5256835], [16.4977064, 43.5257013]]]}, "properties": {"tema": "zgrade-postojece", "opis": "Postojeće zgrade", "cad_sloj": "TPS_C000_Zgrade POSTOJECE1", "list": "2a2_Prometna mreža_ID_DPU_DRACEVAC", "plan": "DPU radne zone Dračevac", "izvor": "DPU radne zone Dračevac (split.hr), vektorizirano iz PDF-a"}}, {"type": "Feature", "geometry": {"type": "Polygon", "coordinates": [[[16.4977122, 43.5256656], [16.4977074, 43.5256656], [16.4977127, 43.5256477], [16.4977122, 43.5256656]]]}, "properties": {"tema": "zgrade-postojece", "opis": "Postojeće zgrade", "cad_sloj": "TPS_C000_Zgrade POSTOJECE1", "list": "2a2_Prometna mreža_ID_DPU_DRACEVAC", "plan": "DPU radne zone Dračevac", "izvor": "DPU radne zone Dračevac (split.hr), vektorizirano iz PDF-a"}}, {"type": "Feature", "geometry": {"type": "Polygon", "coordinates": [[[16.4977074, 43.5256656], [16.4977127, 43.5256477], [16.4977074, 43.5256477], [16.4977074, 43.5256656]]]}, "properties": {"tema": "zgrade-postojece", "opis": "Postojeće zgrade", "cad_sloj": "TPS_C000_Zgrade POSTOJECE1", "list": "2a2_Prometna mreža_ID_DPU_DRACEVAC", "plan": "DPU radne zone Dračevac", "izvor": "DPU radne zone Dračevac (split.hr), vektorizirano iz PDF-a"}}, {"type": "Feature", "geometry": {"type": "Polygon", "coordinates": [[[16.4977132, 43.5256294], [16.497708, 43.5256294], [16.4977137, 43.5256115], [16.4977132, 43.5256294]]]}, "properties": {"tema": "zgrade-postojece", "opis": "Postojeće zgrade", "cad_sloj": "TPS_C000_Zgrade POSTOJECE1", "list": "2a2_Prometna mreža_ID_DPU_DRACEVAC", "plan": "DPU radne zone Dračevac", "izvor": "DPU radne zone Dračevac (split.hr), vektorizirano iz PDF-a"}}, {"type": "Feature", "geometry": {"type": "Polygon", "coordinates": [[[16.497708, 43.5256294], [16.4977137, 43.5256115], [16.4977085, 43.5256115], [16.497708, 43.5256294]]]}, "properties": {"tema": "zgrade-postojece", "opis": "Postojeće zgrade", "cad_sloj": "TPS_C000_Zgrade POSTOJECE1", "list": "2a2_Prometna mreža_ID_DPU_DRACEVAC", "plan": "DPU radne zone Dračevac", "izvor": "DPU radne zone Dračevac (split.hr), vektorizirano iz PDF-a"}}, {"type": "Feature", "geometry": {"type": "Polygon", "coordinates": [[[16.4977137, 43.5255936], [16.497709, 43.5255936], [16.4977142, 43.5255757], [16.4977137, 43.5255936]]]}, "properties": {"tema": "zgrade-postojece", "opis": "Postojeće zgrade", "cad_sloj": "TPS_C000_Zgrade POSTOJECE1", "list": "2a2_Prometna mreža_ID_DPU_DRACEVAC", "plan": "DPU radne zone Dračevac", "izvor": "DPU radne zone Dračevac (split.hr), vektorizirano iz PDF-a"}}, {"type": "Feature", "geometry": {"type": "Polygon", "coordinates": [[[16.497709, 43.5255936], [16.4977142, 43.5255757], [16.4977095, 43.5255757], [16.497709, 43.5255936]]]}, "properties": {"tema": "zgrade-postojece", "opis": "Postojeće zgrade", "cad_sloj": "TPS_C000_Zgrade POSTOJECE1", "list": "2a2_Prometna mreža_ID_DPU_DRACEVAC", "plan": "DPU radne zone Dračevac", "izvor": "DPU radne zone Dračevac (split.hr), vektorizirano iz PDF-a"}}, {"type": "Feature", "geometry": {"type": "Polygon", "coordinates": [[[16.4977148, 43.5255579], [16.4977101, 43.5255579], [16.4977153, 43.52554], [16.4977148, 43.5255579]]]}, "properties": {"tema": "zgrade-postojece", "opis": "Postojeće zgrade", "cad_sloj": "TPS_C000_Zgrade POSTOJECE1", "list": "2a2_Prometna mreža_ID_DPU_DRACEVAC", "plan": "DPU radne zone Dračevac", "izvor": "DPU radne zone Dračevac (split.hr), vektorizirano iz PDF-a"}}, {"type": "Feature", "geometry": {"type": "Polygon", "coordinates": [[[16.4977101, 43.5255579], [16.4977153, 43.52554], [16.4977101, 43.5255396], [16.4977101, 43.5255579]]]}, "properties": {"tema": "zgrade-postojece", "opis": "Postojeće zgrade", "cad_sloj": "TPS_C000_Zgrade POSTOJECE1", "list": "2a2_Prometna mreža_ID_DPU_DRACEVAC", "plan": "DPU radne zone Dračevac", "izvor": "DPU radne zone Dračevac (split.hr), vektorizirano iz PDF-a"}}, {"type": "Feature", "geometry": {"type": "Polygon", "coordinates": [[[16.4977158, 43.5255217], [16.4977106, 43.5255217], [16.4977158, 43.5255038], [16.4977158, 43.5255217]]]}, "properties": {"tema": "zgrade-postojece", "opis": "Postojeće zgrade", "cad_sloj": "TPS_C000_Zgrade POSTOJECE1", "list": "2a2_Prometna mreža_ID_DPU_DRACEVAC", "plan": "DPU radne zone Dračevac", "izvor": "DPU radne zone Dračevac (split.hr), vektorizirano iz PDF-a"}}, {"type": "Feature", "geometry": {"type": "Polygon", "coordinates": [[[16.4977106, 43.5255217], [16.4977158, 43.5255038], [16.4977111, 43.5255038], [16.4977106, 43.5255217]]]}, "properties": {"tema": "zgrade-postojece", "opis": "Postojeće zgrade", "cad_sloj": "TPS_C000_Zgrade POSTOJECE1", "list": "2a2_Prometna mreža_ID_DPU_DRACEVAC", "plan": "DPU radne zone Dračevac", "izvor": "DPU radne zone Dračevac (split.hr), vektorizirano iz PDF-a"}}, {"type": "Feature", "geometry": {"type": "Polygon", "coordinates": [[[16.4977163, 43.5254859], [16.4977116, 43.5254859], [16.4977169, 43.525468], [16.4977163, 43.5254859]]]}, "properties": {"tema": "zgrade-postojece", "opis": "Postojeće zgrade", "cad_sloj": "TPS_C000_Zgrade POSTOJECE1", "list": "2a2_Prometna mreža_ID_DPU_DRACEVAC", "plan": "DPU radne zone Dračevac", "izvor": "DPU radne zone Dračevac (split.hr), vektorizirano iz PDF-a"}}, {"type": "Feature", "geometry": {"type": "Polygon", "coordinates": [[[16.4977116, 43.5254859], [16.4977169, 43.525468], [16.4977122, 43.525468], [16.4977116, 43.5254859]]]}, "properties": {"tema": "zgrade-postojece", "opis": "Postojeće zgrade", "cad_sloj": "TPS_C000_Zgrade POSTOJECE1", "list": "2a2_Prometna mreža_ID_DPU_DRACEVAC", "plan": "DPU radne zone Dračevac", "izvor": "DPU radne zone Dračevac (split.hr), vektorizirano iz PDF-a"}}, {"type": "Feature", "geometry": {"type": "Polygon", "coordinates": [[[16.4977174, 43.5254501], [16.4977122, 43.5254498], [16.4977179, 43.5254319], [16.4977174, 43.5254501]]]}, "properties": {"tema": "zgrade-postojece", "opis": "Postojeće zgrade", "cad_sloj": "TPS_C000_Zgrade POSTOJECE1", "list": "2a2_Prometna mreža_ID_DPU_DRACEVAC", "plan": "DPU radne zone Dračevac", "izvor": "DPU radne zone Dračevac (split.hr), vektorizirano iz PDF-a"}}, {"type": "Feature", "geometry": {"type": "Polygon", "coordinates": [[[16.4977122, 43.5254498], [16.4977179, 43.5254319], [16.4977127, 43.5254319], [16.4977122, 43.5254498]]]}, "properties": {"tema": "zgrade-postojece", "opis": "Postojeće zgrade", "cad_sloj": "TPS_C000_Zgrade POSTOJECE1", "list": "2a2_Prometna mreža_ID_DPU_DRACEVAC", "plan": "DPU radne zone Dračevac", "izvor": "DPU radne zone Dračevac (split.hr), vektorizirano iz PDF-a"}}, {"type": "Feature", "geometry": {"type": "Polygon", "coordinates": [[[16.4977179, 43.525414], [16.4977132, 43.525414], [16.4977184, 43.5253961], [16.4977179, 43.525414]]]}, "properties": {"tema": "zgrade-postojece", "opis": "Postojeće zgrade", "cad_sloj": "TPS_C000_Zgrade POSTOJECE1", "list": "2a2_Prometna mreža_ID_DPU_DRACEVAC", "plan": "DPU radne zone Dračevac", "izvor": "DPU radne zone Dračevac (split.hr), vektorizirano iz PDF-a"}}, {"type": "Feature", "geometry": {"type": "Polygon", "coordinates": [[[16.4977132, 43.525414], [16.4977184, 43.5253961], [16.4977137, 43.5253961], [16.4977132, 43.525414]]]}, "properties": {"tema": "zgrade-postojece", "opis": "Postojeće zgrade", "cad_sloj": "TPS_C000_Zgrade POSTOJECE1", "list": "2a2_Prometna mreža_ID_DPU_DRACEVAC", "plan": "DPU radne zone Dračevac", "izvor": "DPU radne zone Dračevac (split.hr), vektorizirano iz PDF-a"}}, {"type": "Feature", "geometry": {"type": "Polygon", "coordinates": [[[16.497719, 43.5253782], [16.4977143, 43.5253782], [16.4977195, 43.5253603], [16.497719, 43.5253782]]]}, "properties": {"tema": "zgrade-postojece", "opis": "Postojeće zgrade", "cad_sloj": "TPS_C000_Zgrade POSTOJECE1", "list": "2a2_Prometna mreža_ID_DPU_DRACEVAC", "plan": "DPU radne zone Dračevac", "izvor": "DPU radne zone Dračevac (split.hr), vektorizirano iz PDF-a"}}, {"type": "Feature", "geometry": {"type": "Polygon", "coordinates": [[[16.4977143, 43.5253782], [16.4977195, 43.5253603], [16.4977148, 43.5253599], [16.4977143, 43.5253782]]]}, "properties": {"tema": "zgrade-postojece", "opis": "Postojeće zgrade", "cad_sloj": "TPS_C000_Zgrade POSTOJECE1", "list": "2a2_Prometna mreža_ID_DPU_DRACEVAC", "plan": "DPU radne zone Dračevac", "izvor": "DPU radne zone Dračevac (split.hr), vektorizirano iz PDF-a"}}, {"type": "Feature", "geometry": {"type": "Polygon", "coordinates": [[[16.49772, 43.525342], [16.4977148, 43.525342], [16.4977205, 43.5253241], [16.49772, 43.525342]]]}, "properties": {"tema": "zgrade-postojece", "opis": "Postojeće zgrade", "cad_sloj": "TPS_C000_Zgrade POSTOJECE1", "list": "2a2_Prometna mreža_ID_DPU_DRACEVAC", "plan": "DPU radne zone Dračevac", "izvor": "DPU radne zone Dračevac (split.hr), vektorizirano iz PDF-a"}}, {"type": "Feature", "geometry": {"type": "Polygon", "coordinates": [[[16.4977148, 43.525342], [16.4977205, 43.5253241], [16.4977153, 43.5253241], [16.4977148, 43.525342]]]}, "properties": {"tema": "zgrade-postojece", "opis": "Postojeće zgrade", "cad_sloj": "TPS_C000_Zgrade POSTOJECE1", "list": "2a2_Prometna mreža_ID_DPU_DRACEVAC", "plan": "DPU radne zone Dračevac", "izvor": "DPU radne zone Dračevac (split.hr), vektorizirano iz PDF-a"}}, {"type": "Feature", "geometry": {"type": "Polygon", "coordinates": [[[16.4977205, 43.5253063], [16.4977158, 43.5253063], [16.4977211, 43.5252926], [16.4977205, 43.5253063]]]}, "properties": {"tema": "zgrade-postojece", "opis": "Postojeće zgrade", "cad_sloj": "TPS_C000_Zgrade POSTOJECE1", "list": "2a2_Prometna mreža_ID_DPU_DRACEVAC", "plan": "DPU radne zone Dračevac", "izvor": "DPU radne zone Dračevac (split.hr), vektorizirano iz PDF-a"}}, {"type": "Feature", "geometry": {"type": "Polygon", "coordinates": [[[16.4977158, 43.5253063], [16.4977211, 43.5252926], [16.4977164, 43.5252922], [16.4977158, 43.5253063]]]}, "properties": {"tema": "zgrade-postojece", "opis": "Postojeće zgrade", "cad_sloj": "TPS_C000_Zgrade POSTOJECE1", "list": "2a2_Prometna mreža_ID_DPU_DRACEVAC", "plan": "DPU radne zone Dračevac", "izvor": "DPU radne zone Dračevac (split.hr), vektorizirano iz PDF-a"}}, {"type": "Feature", "geometry": {"type": "Polygon", "coordinates": [[[16.4977184, 43.5252907], [16.4977184, 43.5252941], [16.4976902, 43.5252903], [16.4977184, 43.5252907]]]}, "properties": {"tema": "zgrade-postojece", "opis": "Postojeće zgrade", "cad_sloj": "TPS_C000_Zgrade POSTOJECE1", "list": "2a2_Prometna mreža_ID_DPU_DRACEVAC", "plan": "DPU radne zone Dračevac", "izvor": "DPU radne zone Dračevac (split.hr), vektorizirano iz PDF-a"}}, {"type": "Feature", "geometry": {"type": "Polygon", "coordinates": [[[16.4977184, 43.5252941], [16.4976902, 43.5252903], [16.4976902, 43.5252937], [16.4977184, 43.5252941]]]}, "properties": {"tema": "zgrade-postojece", "opis": "Postojeće zgrade", "cad_sloj": "TPS_C000_Zgrade POSTOJECE1", "list": "2a2_Prometna mreža_ID_DPU_DRACEVAC", "plan": "DPU radne zone Dračevac", "izvor": "DPU radne zone Dračevac (split.hr), vektorizirano iz PDF-a"}}, {"type": "Feature", "geometry": {"type": "Polygon", "coordinates": [[[16.4976656, 43.5252899], [16.4976656, 43.5252937], [16.497641, 43.5252895], [16.4976656, 43.5252899]]]}, "properties": {"tema": "zgrade-postojece", "opis": "Postojeće zgrade", "cad_sloj": "TPS_C000_Zgrade POSTOJECE1", "list": "2a2_Prometna mreža_ID_DPU_DRACEVAC", "plan": "DPU radne zone Dračevac", "izvor": "DPU radne zone Dračevac (split.hr), vektorizirano iz PDF-a"}}, {"type": "Feature", "geometry": {"type": "Polygon", "coordinates": [[[16.4976656, 43.5252937], [16.497641, 43.5252895], [16.497641, 43.5252933], [16.4976656, 43.5252937]]]}, "properties": {"tema": "zgrade-postojece", "opis": "Postojeće zgrade", "cad_sloj": "TPS_C000_Zgrade POSTOJECE1", "list": "2a2_Prometna mreža_ID_DPU_DRACEVAC", "plan": "DPU radne zone Dračevac", "izvor": "DPU radne zone Dračevac (split.hr), vektorizirano iz PDF-a"}}, {"type": "Feature", "geometry": {"type": "Polygon", "coordinates": [[[16.4976164, 43.5252891], [16.4976164, 43.5252929], [16.4975919, 43.5252891], [16.4976164, 43.5252891]]]}, "properties": {"tema": "zgrade-postojece", "opis": "Postojeće zgrade", "cad_sloj": "TPS_C000_Zgrade POSTOJECE1", "list": "2a2_Prometna mreža_ID_DPU_DRACEVAC", "plan": "DPU radne zone Dračevac", "izvor": "DPU radne zone Dračevac (split.hr), vektorizirano iz PDF-a"}}, {"type": "Feature", "geometry": {"type": "Polygon", "coordinates": [[[16.4976164, 43.5252929], [16.4975919, 43.5252891], [16.4975913, 43.5252926], [16.4976164, 43.5252929]]]}, "properties": {"tema": "zgrade-postojece", "opis": "Postojeće zgrade", "cad_sloj": "TPS_C000_Zgrade POSTOJECE1", "list": "2a2_Prometna mreža_ID_DPU_DRACEVAC", "plan": "DPU radne zone Dračevac", "izvor": "DPU radne zone Dračevac (split.hr), vektorizirano iz PDF-a"}}, {"type": "Feature", "geometry": {"type": "Polygon", "coordinates": [[[16.4975667, 43.5252887], [16.4975667, 43.5252922], [16.4975422, 43.5252884], [16.4975667, 43.5252887]]]}, "properties": {"tema": "zgrade-postojece", "opis": "Postojeće zgrade", "cad_sloj": "TPS_C000_Zgrade POSTOJECE1", "list": "2a2_Prometna mreža_ID_DPU_DRACEVAC", "plan": "DPU radne zone Dračevac", "izvor": "DPU radne zone Dračevac (split.hr), vektorizirano iz PDF-a"}}, {"type": "Feature", "geometry": {"type": "Polygon", "coordinates": [[[16.4975667, 43.5252922], [16.4975422, 43.5252884], [16.4975422, 43.5252922], [16.4975667, 43.5252922]]]}, "properties": {"tema": "zgrade-postojece", "opis": "Postojeće zgrade", "cad_sloj": "TPS_C000_Zgrade POSTOJECE1", "list": "2a2_Prometna mreža_ID_DPU_DRACEVAC", "plan": "DPU radne zone Dračevac", "izvor": "DPU radne zone Dračevac (split.hr), vektorizirano iz PDF-a"}}, {"type": "Feature", "geometry": {"type": "Polygon", "coordinates": [[[16.4975176, 43.525288], [16.4975176, 43.5252918], [16.497493, 43.525288], [16.4975176, 43.525288]]]}, "properties": {"tema": "zgrade-postojece", "opis": "Postojeće zgrade", "cad_sloj": "TPS_C000_Zgrade POSTOJECE1", "list": "2a2_Prometna mreža_ID_DPU_DRACEVAC", "plan": "DPU radne zone Dračevac", "izvor": "DPU radne zone Dračevac (split.hr), vektorizirano iz PDF-a"}}, {"type": "Feature", "geometry": {"type": "Polygon", "coordinates": [[[16.4975176, 43.5252918], [16.497493, 43.525288], [16.497493, 43.5252914], [16.4975176, 43.5252918]]]}, "properties": {"tema": "zgrade-postojece", "opis": "Postojeće zgrade", "cad_sloj": "TPS_C000_Zgrade POSTOJECE1", "list": "2a2_Prometna mreža_ID_DPU_DRACEVAC", "plan": "DPU radne zone Dračevac", "izvor": "DPU radne zone Dračevac (split.hr), vektorizirano iz PDF-a"}}, {"type": "Feature", "geometry": {"type": "Polygon", "coordinates": [[[16.4974684, 43.5252876], [16.4974679, 43.525291], [16.4974402, 43.5252872], [16.4974684, 43.5252876]]]}, "properties": {"tema": "zgrade-postojece", "opis": "Postojeće zgrade", "cad_sloj": "TPS_C000_Zgrade POSTOJECE1", "list": "2a2_Prometna mreža_ID_DPU_DRACEVAC", "plan": "DPU radne zone Dračevac", "izvor": "DPU radne zone Dračevac (split.hr), vektorizirano iz PDF-a"}}, {"type": "Feature", "geometry": {"type": "Polygon", "coordinates": [[[16.4974679, 43.525291], [16.4974402, 43.5252872], [16.4974396, 43.5252906], [16.4974679, 43.525291]]]}, "properties": {"tema": "zgrade-postojece", "opis": "Postojeće zgrade", "cad_sloj": "TPS_C000_Zgrade POSTOJECE1", "list": "2a2_Prometna mreža_ID_DPU_DRACEVAC", "plan": "DPU radne zone Dračevac", "izvor": "DPU radne zone Dračevac (split.hr), vektorizirano iz PDF-a"}}, {"type": "Feature", "geometry": {"type": "Polygon", "coordinates": [[[16.4974375, 43.5252891], [16.4974422, 43.5252891], [16.497437, 43.525307], [16.4974375, 43.5252891]]]}, "properties": {"tema": "zgrade-postojece", "opis": "Postojeće zgrade", "cad_sloj": "TPS_C000_Zgrade POSTOJECE1", "list": "2a2_Prometna mreža_ID_DPU_DRACEVAC", "plan": "DPU radne zone Dračevac", "izvor": "DPU radne zone Dračevac (split.hr), vektorizirano iz PDF-a"}}, {"type": "Feature", "geometry": {"type": "Polygon", "coordinates": [[[16.4974422, 43.5252891], [16.497437, 43.525307], [16.4974417, 43.525307], [16.4974422, 43.5252891]]]}, "properties": {"tema": "zgrade-postojece", "opis": "Postojeće zgrade", "cad_sloj": "TPS_C000_Zgrade POSTOJECE1", "list": "2a2_Prometna mreža_ID_DPU_DRACEVAC", "plan": "DPU radne zone Dračevac", "izvor": "DPU radne zone Dračevac (split.hr), vektorizirano iz PDF-a"}}, {"type": "Feature", "geometry": {"type": "Polygon", "coordinates": [[[16.4974365, 43.5253249], [16.4974412, 43.5253253], [16.497436, 43.5253432], [16.4974365, 43.5253249]]]}, "properties": {"tema": "zgrade-postojece", "opis": "Postojeće zgrade", "cad_sloj": "TPS_C000_Zgrade POSTOJECE1", "list": "2a2_Prometna mreža_ID_DPU_DRACEVAC", "plan": "DPU radne zone Dračevac", "izvor": "DPU radne zone Dračevac (split.hr), vektorizirano iz PDF-a"}}, {"type": "Feature", "geometry": {"type": "Polygon", "coordinates": [[[16.4974412, 43.5253253], [16.497436, 43.5253432], [16.4974407, 43.5253432], [16.4974412, 43.5253253]]]}, "properties": {"tema": "zgrade-postojece", "opis": "Postojeće zgrade", "cad_sloj": "TPS_C000_Zgrade POSTOJECE1", "list": "2a2_Prometna mreža_ID_DPU_DRACEVAC", "plan": "DPU radne zone Dračevac", "izvor": "DPU radne zone Dračevac (split.hr), vektorizirano iz PDF-a"}}, {"type": "Feature", "geometry": {"type": "Polygon", "coordinates": [[[16.4974381, 43.5253451], [16.4974386, 43.5253417], [16.4974558, 43.5253451], [16.4974381, 43.5253451]]]}, "properties": {"tema": "zgrade-postojece", "opis": "Postojeće zgrade", "cad_sloj": "TPS_C000_Zgrade POSTOJECE1", "list": "2a2_Prometna mreža_ID_DPU_DRACEVAC", "plan": "DPU radne zone Dračevac", "izvor": "DPU radne zone Dračevac (split.hr), vektorizirano iz PDF-a"}}, {"type": "Feature", "geometry": {"type": "Polygon", "coordinates": [[[16.4974386, 43.5253417], [16.4974558, 43.5253451], [16.4974558, 43.5253417], [16.4974386, 43.5253417]]]}, "properties": {"tema": "zgrade-postojece", "opis": "Postojeće zgrade", "cad_sloj": "TPS_C000_Zgrade POSTOJECE1", "list": "2a2_Prometna mreža_ID_DPU_DRACEVAC", "plan": "DPU radne zone Dračevac", "izvor": "DPU radne zone Dračevac (split.hr), vektorizirano iz PDF-a"}}, {"type": "Feature", "geometry": {"type": "Polygon", "coordinates": [[[16.4974532, 43.5253436], [16.4974585, 43.5253436], [16.4974527, 43.5253675], [16.4974532, 43.5253436]]]}, "properties": {"tema": "zgrade-postojece", "opis": "Postojeće zgrade", "cad_sloj": "TPS_C000_Zgrade POSTOJECE1", "list": "2a2_Prometna mreža_ID_DPU_DRACEVAC", "plan": "DPU radne zone Dračevac", "izvor": "DPU radne zone Dračevac (split.hr), vektorizirano iz PDF-a"}}, {"type": "Feature", "geometry": {"type": "Polygon", "coordinates": [[[16.4974585, 43.5253436], [16.4974527, 43.5253675], [16.4974579, 43.5253675], [16.4974585, 43.5253436]]]}, "properties": {"tema": "zgrade-postojece", "opis": "Postojeće zgrade", "cad_sloj": "TPS_C000_Zgrade POSTOJECE1", "list": "2a2_Prometna mreža_ID_DPU_DRACEVAC", "plan": "DPU radne zone Dračevac", "izvor": "DPU radne zone Dračevac (split.hr), vektorizirano iz PDF-a"}}, {"type": "Feature", "geometry": {"type": "Polygon", "coordinates": [[[16.4974527, 43.5253854], [16.4974574, 43.5253854], [16.4974522, 43.5254033], [16.4974527, 43.5253854]]]}, "properties": {"tema": "zgrade-postojece", "opis": "Postojeće zgrade", "cad_sloj": "TPS_C000_Zgrade POSTOJECE1", "list": "2a2_Prometna mreža_ID_DPU_DRACEVAC", "plan": "DPU radne zone Dračevac", "izvor": "DPU radne zone Dračevac (split.hr), vektorizirano iz PDF-a"}}, {"type": "Feature", "geometry": {"type": "Polygon", "coordinates": [[[16.4974574, 43.5253854], [16.4974522, 43.5254033], [16.4974569, 43.5254033], [16.4974574, 43.5253854]]]}, "properties": {"tema": "zgrade-postojece", "opis": "Postojeće zgrade", "cad_sloj": "TPS_C000_Zgrade POSTOJECE1", "list": "2a2_Prometna mreža_ID_DPU_DRACEVAC", "plan": "DPU radne zone Dračevac", "izvor": "DPU radne zone Dračevac (split.hr), vektorizirano iz PDF-a"}}, {"type": "Feature", "geometry": {"type": "Polygon", "coordinates": [[[16.4974517, 43.5254212], [16.4974564, 43.5254216], [16.4974511, 43.5254452], [16.4974517, 43.5254212]]]}, "properties": {"tema": "zgrade-postojece", "opis": "Postojeće zgrade", "cad_sloj": "TPS_C000_Zgrade POSTOJECE1", "list": "2a2_Prometna mreža_ID_DPU_DRACEVAC", "plan": "DPU radne zone Dračevac", "izvor": "DPU radne zone Dračevac (split.hr), vektorizirano iz PDF-a"}}, {"type": "Feature", "geometry": {"type": "Polygon", "coordinates": [[[16.4974564, 43.5254216], [16.4974511, 43.5254452], [16.4974558, 43.5254456], [16.4974564, 43.5254216]]]}, "properties": {"tema": "zgrade-postojece", "opis": "Postojeće zgrade", "cad_sloj": "TPS_C000_Zgrade POSTOJECE1", "list": "2a2_Prometna mreža_ID_DPU_DRACEVAC", "plan": "DPU radne zone Dračevac", "izvor": "DPU radne zone Dračevac (split.hr), vektorizirano iz PDF-a"}}, {"type": "Feature", "geometry": {"type": "Polygon", "coordinates": [[[16.4974538, 43.5254437], [16.4974532, 43.5254471], [16.4974239, 43.5254433], [16.4974538, 43.5254437]]]}, "properties": {"tema": "zgrade-postojece", "opis": "Postojeće zgrade", "cad_sloj": "TPS_C000_Zgrade POSTOJECE1", "list": "2a2_Prometna mreža_ID_DPU_DRACEVAC", "plan": "DPU radne zone Dračevac", "izvor": "DPU radne zone Dračevac (split.hr), vektorizirano iz PDF-a"}}, {"type": "Feature", "geometry": {"type": "Polygon", "coordinates": [[[16.4974532, 43.5254471], [16.4974239, 43.5254433], [16.4974239, 43.5254467], [16.4974532, 43.5254471]]]}, "properties": {"tema": "zgrade-postojece", "opis": "Postojeće zgrade", "cad_sloj": "TPS_C000_Zgrade POSTOJECE1", "list": "2a2_Prometna mreža_ID_DPU_DRACEVAC", "plan": "DPU radne zone Dračevac", "izvor": "DPU radne zone Dračevac (split.hr), vektorizirano iz PDF-a"}}, {"type": "Feature", "geometry": {"type": "Polygon", "coordinates": [[[16.4974218, 43.5254452], [16.4974266, 43.5254452], [16.4974213, 43.5254642], [16.4974218, 43.5254452]]]}, "properties": {"tema": "zgrade-postojece", "opis": "Postojeće zgrade", "cad_sloj": "TPS_C000_Zgrade POSTOJECE1", "list": "2a2_Prometna mreža_ID_DPU_DRACEVAC", "plan": "DPU radne zone Dračevac", "izvor": "DPU radne zone Dračevac (split.hr), vektorizirano iz PDF-a"}}, {"type": "Feature", "geometry": {"type": "Polygon", "coordinates": [[[16.4974266, 43.5254452], [16.4974213, 43.5254642], [16.497426, 43.5254642], [16.4974266, 43.5254452]]]}, "properties": {"tema": "zgrade-postojece", "opis": "Postojeće zgrade", "cad_sloj": "TPS_C000_Zgrade POSTOJECE1", "list": "2a2_Prometna mreža_ID_DPU_DRACEVAC", "plan": "DPU radne zone Dračevac", "izvor": "DPU radne zone Dračevac (split.hr), vektorizirano iz PDF-a"}}, {"type": "Feature", "geometry": {"type": "Polygon", "coordinates": [[[16.4974208, 43.5254821], [16.4974255, 43.5254821], [16.4974203, 43.5255011], [16.4974208, 43.5254821]]]}, "properties": {"tema": "zgrade-postojece", "opis": "Postojeće zgrade", "cad_sloj": "TPS_C000_Zgrade POSTOJECE1", "list": "2a2_Prometna mreža_ID_DPU_DRACEVAC", "plan": "DPU radne zone Dračevac", "izvor": "DPU radne zone Dračevac (split.hr), vektorizirano iz PDF-a"}}, {"type": "Feature", "geometry": {"type": "Polygon", "coordinates": [[[16.4974255, 43.5254821], [16.4974203, 43.5255011], [16.497425, 43.5255011], [16.4974255, 43.5254821]]]}, "properties": {"tema": "zgrade-postojece", "opis": "Postojeće zgrade", "cad_sloj": "TPS_C000_Zgrade POSTOJECE1", "list": "2a2_Prometna mreža_ID_DPU_DRACEVAC", "plan": "DPU radne zone Dračevac", "izvor": "DPU radne zone Dračevac (split.hr), vektorizirano iz PDF-a"}}, {"type": "Feature", "geometry": {"type": "Polygon", "coordinates": [[[16.4974229, 43.525503], [16.4974229, 43.5254996], [16.4974522, 43.5255034], [16.4974229, 43.525503]]]}, "properties": {"tema": "zgrade-postojece", "opis": "Postojeće zgrade", "cad_sloj": "TPS_C000_Zgrade POSTOJECE1", "list": "2a2_Prometna mreža_ID_DPU_DRACEVAC", "plan": "DPU radne zone Dračevac", "izvor": "DPU radne zone Dračevac (split.hr), vektorizirano iz PDF-a"}}, {"type": "Feature", "geometry": {"type": "Polygon", "coordinates": [[[16.4974229, 43.5254996], [16.4974522, 43.5255034], [16.4974522, 43.5255], [16.4974229, 43.5254996]]]}, "properties": {"tema": "zgrade-postojece", "opis": "Postojeće zgrade", "cad_sloj": "TPS_C000_Zgrade POSTOJECE1", "list": "2a2_Prometna mreža_ID_DPU_DRACEVAC", "plan": "DPU radne zone Dračevac", "izvor": "DPU radne zone Dračevac (split.hr), vektorizirano iz PDF-a"}}, {"type": "Feature", "geometry": {"type": "Polygon", "coordinates": [[[16.4974501, 43.5255015], [16.4974548, 43.5255015], [16.4974496, 43.5255186], [16.4974501, 43.5255015]]]}, "properties": {"tema": "zgrade-postojece", "opis": "Postojeće zgrade", "cad_sloj": "TPS_C000_Zgrade POSTOJECE1", "list": "2a2_Prometna mreža_ID_DPU_DRACEVAC", "plan": "DPU radne zone Dračevac", "izvor": "DPU radne zone Dračevac (split.hr), vektorizirano iz PDF-a"}}, {"type": "Feature", "geometry": {"type": "Polygon", "coordinates": [[[16.4974548, 43.5255015], [16.4974496, 43.5255186], [16.4974543, 43.5255186], [16.4974548, 43.5255015]]]}, "properties": {"tema": "zgrade-postojece", "opis": "Postojeće zgrade", "cad_sloj": "TPS_C000_Zgrade POSTOJECE1", "list": "2a2_Prometna mreža_ID_DPU_DRACEVAC", "plan": "DPU radne zone Dračevac", "izvor": "DPU radne zone Dračevac (split.hr), vektorizirano iz PDF-a"}}, {"type": "Feature", "geometry": {"type": "Polygon", "coordinates": [[[16.497449, 43.5255365], [16.4974537, 43.5255365], [16.4974485, 43.5255537], [16.497449, 43.5255365]]]}, "properties": {"tema": "zgrade-postojece", "opis": "Postojeće zgrade", "cad_sloj": "TPS_C000_Zgrade POSTOJECE1", "list": "2a2_Prometna mreža_ID_DPU_DRACEVAC", "plan": "DPU radne zone Dračevac", "izvor": "DPU radne zone Dračevac (split.hr), vektorizirano iz PDF-a"}}, {"type": "Feature", "geometry": {"type": "Polygon", "coordinates": [[[16.4974537, 43.5255365], [16.4974485, 43.5255537], [16.4974537, 43.5255537], [16.4974537, 43.5255365]]]}, "properties": {"tema": "zgrade-postojece", "opis": "Postojeće zgrade", "cad_sloj": "TPS_C000_Zgrade POSTOJECE1", "list": "2a2_Prometna mreža_ID_DPU_DRACEVAC", "plan": "DPU radne zone Dračevac", "izvor": "DPU radne zone Dračevac (split.hr), vektorizirano iz PDF-a"}}, {"type": "Feature", "geometry": {"type": "Polygon", "coordinates": [[[16.4974511, 43.5255521], [16.4974511, 43.5255556], [16.4974213, 43.5255518], [16.4974511, 43.5255521]]]}, "properties": {"tema": "zgrade-postojece", "opis": "Postojeće zgrade", "cad_sloj": "TPS_C000_Zgrade POSTOJECE1", "list": "2a2_Prometna mreža_ID_DPU_DRACEVAC", "plan": "DPU radne zone Dračevac", "izvor": "DPU radne zone Dračevac (split.hr), vektorizirano iz PDF-a"}}, {"type": "Feature", "geometry": {"type": "Polygon", "coordinates": [[[16.4974511, 43.5255556], [16.4974213, 43.5255518], [16.4974213, 43.5255552], [16.4974511, 43.5255556]]]}, "properties": {"tema": "zgrade-postojece", "opis": "Postojeće zgrade", "cad_sloj": "TPS_C000_Zgrade POSTOJECE1", "list": "2a2_Prometna mreža_ID_DPU_DRACEVAC", "plan": "DPU radne zone Dračevac", "izvor": "DPU radne zone Dračevac (split.hr), vektorizirano iz PDF-a"}}, {"type": "Feature", "geometry": {"type": "Polygon", "coordinates": [[[16.4974192, 43.5255533], [16.4974239, 43.5255533], [16.4974187, 43.5255723], [16.4974192, 43.5255533]]]}, "properties": {"tema": "zgrade-postojece", "opis": "Postojeće zgrade", "cad_sloj": "TPS_C000_Zgrade POSTOJECE1", "list": "2a2_Prometna mreža_ID_DPU_DRACEVAC", "plan": "DPU radne zone Dračevac", "izvor": "DPU radne zone Dračevac (split.hr), vektorizirano iz PDF-a"}}, {"type": "Feature", "geometry": {"type": "Polygon", "coordinates": [[[16.4974239, 43.5255533], [16.4974187, 43.5255723], [16.4974234, 43.5255723], [16.4974239, 43.5255533]]]}, "properties": {"tema": "zgrade-postojece", "opis": "Postojeće zgrade", "cad_sloj": "TPS_C000_Zgrade POSTOJECE1", "list": "2a2_Prometna mreža_ID_DPU_DRACEVAC", "plan": "DPU radne zone Dračevac", "izvor": "DPU radne zone Dračevac (split.hr), vektorizirano iz PDF-a"}}, {"type": "Feature", "geometry": {"type": "Polygon", "coordinates": [[[16.4974182, 43.5255902], [16.4974229, 43.5255902], [16.4974177, 43.5256092], [16.4974182, 43.5255902]]]}, "properties": {"tema": "zgrade-postojece", "opis": "Postojeće zgrade", "cad_sloj": "TPS_C000_Zgrade POSTOJECE1", "list": "2a2_Prometna mreža_ID_DPU_DRACEVAC", "plan": "DPU radne zone Dračevac", "izvor": "DPU radne zone Dračevac (split.hr), vektorizirano iz PDF-a"}}, {"type": "Feature", "geometry": {"type": "Polygon", "coordinates": [[[16.4974229, 43.5255902], [16.4974177, 43.5256092], [16.4974224, 43.5256092], [16.4974229, 43.5255902]]]}, "properties": {"tema": "zgrade-postojece", "opis": "Postojeće zgrade", "cad_sloj": "TPS_C000_Zgrade POSTOJECE1", "list": "2a2_Prometna mreža_ID_DPU_DRACEVAC", "plan": "DPU radne zone Dračevac", "izvor": "DPU radne zone Dračevac (split.hr), vektorizirano iz PDF-a"}}, {"type": "Feature", "geometry": {"type": "Polygon", "coordinates": [[[16.4974197, 43.5256108], [16.4974203, 43.5256073], [16.4974496, 43.5256115], [16.4974197, 43.5256108]]]}, "properties": {"tema": "zgrade-postojece", "opis": "Postojeće zgrade", "cad_sloj": "TPS_C000_Zgrade POSTOJECE1", "list": "2a2_Prometna mreža_ID_DPU_DRACEVAC", "plan": "DPU radne zone Dračevac", "izvor": "DPU radne zone Dračevac (split.hr), vektorizirano iz PDF-a"}}, {"type": "Feature", "geometry": {"type": "Polygon", "coordinates": [[[16.4974203, 43.5256073], [16.4974496, 43.5256115], [16.4974496, 43.5256077], [16.4974203, 43.5256073]]]}, "properties": {"tema": "zgrade-postojece", "opis": "Postojeće zgrade", "cad_sloj": "TPS_C000_Zgrade POSTOJECE1", "list": "2a2_Prometna mreža_ID_DPU_DRACEVAC", "plan": "DPU radne zone Dračevac", "izvor": "DPU radne zone Dračevac (split.hr), vektorizirano iz PDF-a"}}, {"type": "Feature", "geometry": {"type": "Polygon", "coordinates": [[[16.4974469, 43.5256096], [16.4974517, 43.5256096], [16.4974464, 43.5256248], [16.4974469, 43.5256096]]]}, "properties": {"tema": "zgrade-postojece", "opis": "Postojeće zgrade", "cad_sloj": "TPS_C000_Zgrade POSTOJECE1", "list": "2a2_Prometna mreža_ID_DPU_DRACEVAC", "plan": "DPU radne zone Dračevac", "izvor": "DPU radne zone Dračevac (split.hr), vektorizirano iz PDF-a"}}, {"type": "Feature", "geometry": {"type": "Polygon", "coordinates": [[[16.4974517, 43.5256096], [16.4974464, 43.5256248], [16.4974517, 43.5256248], [16.4974517, 43.5256096]]]}, "properties": {"tema": "zgrade-postojece", "opis": "Postojeće zgrade", "cad_sloj": "TPS_C000_Zgrade POSTOJECE1", "list": "2a2_Prometna mreža_ID_DPU_DRACEVAC", "plan": "DPU radne zone Dračevac", "izvor": "DPU radne zone Dračevac (split.hr), vektorizirano iz PDF-a"}}, {"type": "Feature", "geometry": {"type": "Polygon", "coordinates": [[[16.4974464, 43.5256427], [16.4974511, 43.5256427], [16.4974459, 43.5256606], [16.4974464, 43.5256427]]]}, "properties": {"tema": "zgrade-postojece", "opis": "Postojeće zgrade", "cad_sloj": "TPS_C000_Zgrade POSTOJECE1", "list": "2a2_Prometna mreža_ID_DPU_DRACEVAC", "plan": "DPU radne zone Dračevac", "izvor": "DPU radne zone Dračevac (split.hr), vektorizirano iz PDF-a"}}, {"type": "Feature", "geometry": {"type": "Polygon", "coordinates": [[[16.4974511, 43.5256427], [16.4974459, 43.5256606], [16.4974506, 43.5256606], [16.4974511, 43.5256427]]]}, "properties": {"tema": "zgrade-postojece", "opis": "Postojeće zgrade", "cad_sloj": "TPS_C000_Zgrade POSTOJECE1", "list": "2a2_Prometna mreža_ID_DPU_DRACEVAC", "plan": "DPU radne zone Dračevac", "izvor": "DPU radne zone Dračevac (split.hr), vektorizirano iz PDF-a"}}, {"type": "Feature", "geometry": {"type": "Polygon", "coordinates": [[[16.4974454, 43.5256785], [16.4974501, 43.5256789], [16.4974448, 43.5256968], [16.4974454, 43.5256785]]]}, "properties": {"tema": "zgrade-postojece", "opis": "Postojeće zgrade", "cad_sloj": "TPS_C000_Zgrade POSTOJECE1", "list": "2a2_Prometna mreža_ID_DPU_DRACEVAC", "plan": "DPU radne zone Dračevac", "izvor": "DPU radne zone Dračevac (split.hr), vektorizirano iz PDF-a"}}, {"type": "Feature", "geometry": {"type": "Polygon", "coordinates": [[[16.4974501, 43.5256789], [16.4974448, 43.5256968], [16.4974501, 43.5256968], [16.4974501, 43.5256789]]]}, "properties": {"tema": "zgrade-postojece", "opis": "Postojeće zgrade", "cad_sloj": "TPS_C000_Zgrade POSTOJECE1", "list": "2a2_Prometna mreža_ID_DPU_DRACEVAC", "plan": "DPU radne zone Dračevac", "izvor": "DPU radne zone Dračevac (split.hr), vektorizirano iz PDF-a"}}, {"type": "Feature", "geometry": {"type": "Polygon", "coordinates": [[[16.4974443, 43.5257147], [16.4974496, 43.5257147], [16.4974443, 43.5257326], [16.4974443, 43.5257147]]]}, "properties": {"tema": "zgrade-postojece", "opis": "Postojeće zgrade", "cad_sloj": "TPS_C000_Zgrade POSTOJECE1", "list": "2a2_Prometna mreža_ID_DPU_DRACEVAC", "plan": "DPU radne zone Dračevac", "izvor": "DPU radne zone Dračevac (split.hr), vektorizirano iz PDF-a"}}, {"type": "Feature", "geometry": {"type": "Polygon", "coordinates": [[[16.4974496, 43.5257147], [16.4974443, 43.5257326], [16.497449, 43.5257326], [16.4974496, 43.5257147]]]}, "properties": {"tema": "zgrade-postojece", "opis": "Postojeće zgrade", "cad_sloj": "TPS_C000_Zgrade POSTOJECE1", "list": "2a2_Prometna mreža_ID_DPU_DRACEVAC", "plan": "DPU radne zone Dračevac", "izvor": "DPU radne zone Dračevac (split.hr), vektorizirano iz PDF-a"}}, {"type": "Feature", "geometry": {"type": "Polygon", "coordinates": [[[16.4974438, 43.5257504], [16.4974485, 43.5257504], [16.4974433, 43.5257657], [16.4974438, 43.5257504]]]}, "properties": {"tema": "zgrade-postojece", "opis": "Postojeće zgrade", "cad_sloj": "TPS_C000_Zgrade POSTOJECE1", "list": "2a2_Prometna mreža_ID_DPU_DRACEVAC", "plan": "DPU radne zone Dračevac", "izvor": "DPU radne zone Dračevac (split.hr), vektorizirano iz PDF-a"}}, {"type": "Feature", "geometry": {"type": "Polygon", "coordinates": [[[16.4974485, 43.5257504], [16.4974433, 43.5257657], [16.4974485, 43.5257657], [16.4974485, 43.5257504]]]}, "properties": {"tema": "zgrade-postojece", "opis": "Postojeće zgrade", "cad_sloj": "TPS_C000_Zgrade POSTOJECE1", "list": "2a2_Prometna mreža_ID_DPU_DRACEVAC", "plan": "DPU radne zone Dračevac", "izvor": "DPU radne zone Dračevac (split.hr), vektorizirano iz PDF-a"}}, {"type": "Feature", "geometry": {"type": "Polygon", "coordinates": [[[16.4974459, 43.5257676], [16.4974459, 43.5257641], [16.4974694, 43.5257683], [16.4974459, 43.5257676]]]}, "properties": {"tema": "zgrade-postojece", "opis": "Postojeće zgrade", "cad_sloj": "TPS_C000_Zgrade POSTOJECE1", "list": "2a2_Prometna mreža_ID_DPU_DRACEVAC", "plan": "DPU radne zone Dračevac", "izvor": "DPU radne zone Dračevac (split.hr), vektorizirano iz PDF-a"}}, {"type": "Feature", "geometry": {"type": "Polygon", "coordinates": [[[16.4974459, 43.5257641], [16.4974694, 43.5257683], [16.4974694, 43.5257645], [16.4974459, 43.5257641]]]}, "properties": {"tema": "zgrade-postojece", "opis": "Postojeće zgrade", "cad_sloj": "TPS_C000_Zgrade POSTOJECE1", "list": "2a2_Prometna mreža_ID_DPU_DRACEVAC", "plan": "DPU radne zone Dračevac", "izvor": "DPU radne zone Dračevac (split.hr), vektorizirano iz PDF-a"}}, {"type": "Feature", "geometry": {"type": "Polygon", "coordinates": [[[16.4974668, 43.5257664], [16.4974715, 43.5257664], [16.4974663, 43.5257828], [16.4974668, 43.5257664]]]}, "properties": {"tema": "zgrade-postojece", "opis": "Postojeće zgrade", "cad_sloj": "TPS_C000_Zgrade POSTOJECE1", "list": "2a2_Prometna mreža_ID_DPU_DRACEVAC", "plan": "DPU radne zone Dračevac", "izvor": "DPU radne zone Dračevac (split.hr), vektorizirano iz PDF-a"}}, {"type": "Feature", "geometry": {"type": "Polygon", "coordinates": [[[16.4974715, 43.5257664], [16.4974663, 43.5257828], [16.4974715, 43.5257828], [16.4974715, 43.5257664]]]}, "properties": {"tema": "zgrade-postojece", "opis": "Postojeće zgrade", "cad_sloj": "TPS_C000_Zgrade POSTOJECE1", "list": "2a2_Prometna mreža_ID_DPU_DRACEVAC", "plan": "DPU radne zone Dračevac", "izvor": "DPU radne zone Dračevac (split.hr), vektorizirano iz PDF-a"}}, {"type": "Feature", "geometry": {"type": "Polygon", "coordinates": [[[16.4974658, 43.5258007], [16.497471, 43.5258007], [16.4974658, 43.5258171], [16.4974658, 43.5258007]]]}, "properties": {"tema": "zgrade-postojece", "opis": "Postojeće zgrade", "cad_sloj": "TPS_C000_Zgrade POSTOJECE1", "list": "2a2_Prometna mreža_ID_DPU_DRACEVAC", "plan": "DPU radne zone Dračevac", "izvor": "DPU radne zone Dračevac (split.hr), vektorizirano iz PDF-a"}}, {"type": "Feature", "geometry": {"type": "Polygon", "coordinates": [[[16.497471, 43.5258007], [16.4974658, 43.5258171], [16.4974705, 43.5258174], [16.497471, 43.5258007]]]}, "properties": {"tema": "zgrade-postojece", "opis": "Postojeće zgrade", "cad_sloj": "TPS_C000_Zgrade POSTOJECE1", "list": "2a2_Prometna mreža_ID_DPU_DRACEVAC", "plan": "DPU radne zone Dračevac", "izvor": "DPU radne zone Dračevac (split.hr), vektorizirano iz PDF-a"}}, {"type": "Feature", "geometry": {"type": "Polygon", "coordinates": [[[16.4974684, 43.5258155], [16.4974679, 43.525819], [16.4974365, 43.5258151], [16.4974684, 43.5258155]]]}, "properties": {"tema": "zgrade-postojece", "opis": "Postojeće zgrade", "cad_sloj": "TPS_C000_Zgrade POSTOJECE1", "list": "2a2_Prometna mreža_ID_DPU_DRACEVAC", "plan": "DPU radne zone Dračevac", "izvor": "DPU radne zone Dračevac (split.hr), vektorizirano iz PDF-a"}}, {"type": "Feature", "geometry": {"type": "Polygon", "coordinates": [[[16.4974679, 43.525819], [16.4974365, 43.5258151], [16.497436, 43.5258186], [16.4974679, 43.525819]]]}, "properties": {"tema": "zgrade-postojece", "opis": "Postojeće zgrade", "cad_sloj": "TPS_C000_Zgrade POSTOJECE1", "list": "2a2_Prometna mreža_ID_DPU_DRACEVAC", "plan": "DPU radne zone Dračevac", "izvor": "DPU radne zone Dračevac (split.hr), vektorizirano iz PDF-a"}}, {"type": "Feature", "geometry": {"type": "Polygon", "coordinates": [[[16.4974339, 43.5258167], [16.4974386, 43.5258171], [16.4974333, 43.5258437], [16.4974339, 43.5258167]]]}, "properties": {"tema": "zgrade-postojece", "opis": "Postojeće zgrade", "cad_sloj": "TPS_C000_Zgrade POSTOJECE1", "list": "2a2_Prometna mreža_ID_DPU_DRACEVAC", "plan": "DPU radne zone Dračevac", "izvor": "DPU radne zone Dračevac (split.hr), vektorizirano iz PDF-a"}}, {"type": "Feature", "geometry": {"type": "Polygon", "coordinates": [[[16.4974386, 43.5258171], [16.4974333, 43.5258437], [16.497438, 43.5258437], [16.4974386, 43.5258171]]]}, "properties": {"tema": "zgrade-postojece", "opis": "Postojeće zgrade", "cad_sloj": "TPS_C000_Zgrade POSTOJECE1", "list": "2a2_Prometna mreža_ID_DPU_DRACEVAC", "plan": "DPU radne zone Dračevac", "izvor": "DPU radne zone Dračevac (split.hr), vektorizirano iz PDF-a"}}, {"type": "Feature", "geometry": {"type": "Polygon", "coordinates": [[[16.4974328, 43.5258616], [16.4974375, 43.5258616], [16.4974323, 43.5258795], [16.4974328, 43.5258616]]]}, "properties": {"tema": "zgrade-postojece", "opis": "Postojeće zgrade", "cad_sloj": "TPS_C000_Zgrade POSTOJECE1", "list": "2a2_Prometna mreža_ID_DPU_DRACEVAC", "plan": "DPU radne zone Dračevac", "izvor": "DPU radne zone Dračevac (split.hr), vektorizirano iz PDF-a"}}, {"type": "Feature", "geometry": {"type": "Polygon", "coordinates": [[[16.4974375, 43.5258616], [16.4974323, 43.5258795], [16.497437, 43.5258795], [16.4974375, 43.5258616]]]}, "properties": {"tema": "zgrade-postojece", "opis": "Postojeće zgrade", "cad_sloj": "TPS_C000_Zgrade POSTOJECE1", "list": "2a2_Prometna mreža_ID_DPU_DRACEVAC", "plan": "DPU radne zone Dračevac", "izvor": "DPU radne zone Dračevac (split.hr), vektorizirano iz PDF-a"}}, {"type": "Feature", "geometry": {"type": "Polygon", "coordinates": [[[16.4974318, 43.5258974], [16.4974365, 43.5258977], [16.4974312, 43.5259156], [16.4974318, 43.5258974]]]}, "properties": {"tema": "zgrade-postojece", "opis": "Postojeće zgrade", "cad_sloj": "TPS_C000_Zgrade POSTOJECE1", "list": "2a2_Prometna mreža_ID_DPU_DRACEVAC", "plan": "DPU radne zone Dračevac", "izvor": "DPU radne zone Dračevac (split.hr), vektorizirano iz PDF-a"}}, {"type": "Feature", "geometry": {"type": "Polygon", "coordinates": [[[16.4974365, 43.5258977], [16.4974312, 43.5259156], [16.4974365, 43.5259156], [16.4974365, 43.5258977]]]}, "properties": {"tema": "zgrade-postojece", "opis": "Postojeće zgrade", "cad_sloj": "TPS_C000_Zgrade POSTOJECE1", "list": "2a2_Prometna mreža_ID_DPU_DRACEVAC", "plan": "DPU radne zone Dračevac", "izvor": "DPU radne zone Dračevac (split.hr), vektorizirano iz PDF-a"}}, {"type": "Feature", "geometry": {"type": "Polygon", "coordinates": [[[16.4974307, 43.5259335], [16.4974359, 43.5259335], [16.4974302, 43.5259602], [16.4974307, 43.5259335]]]}, "properties": {"tema": "zgrade-postojece", "opis": "Postojeće zgrade", "cad_sloj": "TPS_C000_Zgrade POSTOJECE1", "list": "2a2_Prometna mreža_ID_DPU_DRACEVAC", "plan": "DPU radne zone Dračevac", "izvor": "DPU radne zone Dračevac (split.hr), vektorizirano iz PDF-a"}}, {"type": "Feature", "geometry": {"type": "Polygon", "coordinates": [[[16.4974359, 43.5259335], [16.4974302, 43.5259602], [16.4974349, 43.5259602], [16.4974359, 43.5259335]]]}, "properties": {"tema": "zgrade-postojece", "opis": "Postojeće zgrade", "cad_sloj": "TPS_C000_Zgrade POSTOJECE1", "list": "2a2_Prometna mreža_ID_DPU_DRACEVAC", "plan": "DPU radne zone Dračevac", "izvor": "DPU radne zone Dračevac (split.hr), vektorizirano iz PDF-a"}}, {"type": "Feature", "geometry": {"type": "Polygon", "coordinates": [[[16.4974328, 43.5259621], [16.4974328, 43.5259586], [16.4974475, 43.5259624], [16.4974328, 43.5259621]]]}, "properties": {"tema": "zgrade-postojece", "opis": "Postojeće zgrade", "cad_sloj": "TPS_C000_Zgrade POSTOJECE1", "list": "2a2_Prometna mreža_ID_DPU_DRACEVAC", "plan": "DPU radne zone Dračevac", "izvor": "DPU radne zone Dračevac (split.hr), vektorizirano iz PDF-a"}}, {"type": "Feature", "geometry": {"type": "Polygon", "coordinates": [[[16.4974328, 43.5259586], [16.4974475, 43.5259624], [16.4974475, 43.5259586], [16.4974328, 43.5259586]]]}, "properties": {"tema": "zgrade-postojece", "opis": "Postojeće zgrade", "cad_sloj": "TPS_C000_Zgrade POSTOJECE1", "list": "2a2_Prometna mreža_ID_DPU_DRACEVAC", "plan": "DPU radne zone Dračevac", "izvor": "DPU radne zone Dračevac (split.hr), vektorizirano iz PDF-a"}}, {"type": "Feature", "geometry": {"type": "Polygon", "coordinates": [[[16.497472, 43.5259625], [16.497472, 43.525959], [16.4974966, 43.5259628], [16.497472, 43.5259625]]]}, "properties": {"tema": "zgrade-postojece", "opis": "Postojeće zgrade", "cad_sloj": "TPS_C000_Zgrade POSTOJECE1", "list": "2a2_Prometna mreža_ID_DPU_DRACEVAC", "plan": "DPU radne zone Dračevac", "izvor": "DPU radne zone Dračevac (split.hr), vektorizirano iz PDF-a"}}, {"type": "Feature", "geometry": {"type": "Polygon", "coordinates": [[[16.497472, 43.525959], [16.4974966, 43.5259628], [16.4974966, 43.5259594], [16.497472, 43.525959]]]}, "properties": {"tema": "zgrade-postojece", "opis": "Postojeće zgrade", "cad_sloj": "TPS_C000_Zgrade POSTOJECE1", "list": "2a2_Prometna mreža_ID_DPU_DRACEVAC", "plan": "DPU radne zone Dračevac", "izvor": "DPU radne zone Dračevac (split.hr), vektorizirano iz PDF-a"}}, {"type": "Feature", "geometry": {"type": "Polygon", "coordinates": [[[16.4975212, 43.5259632], [16.4975212, 43.5259598], [16.4975463, 43.5259636], [16.4975212, 43.5259632]]]}, "properties": {"tema": "zgrade-postojece", "opis": "Postojeće zgrade", "cad_sloj": "TPS_C000_Zgrade POSTOJECE1", "list": "2a2_Prometna mreža_ID_DPU_DRACEVAC", "plan": "DPU radne zone Dračevac", "izvor": "DPU radne zone Dračevac (split.hr), vektorizirano iz PDF-a"}}, {"type": "Feature", "geometry": {"type": "Polygon", "coordinates": [[[16.4975212, 43.5259598], [16.4975463, 43.5259636], [16.4975463, 43.5259598], [16.4975212, 43.5259598]]]}, "properties": {"tema": "zgrade-postojece", "opis": "Postojeće zgrade", "cad_sloj": "TPS_C000_Zgrade POSTOJECE1", "list": "2a2_Prometna mreža_ID_DPU_DRACEVAC", "plan": "DPU radne zone Dračevac", "izvor": "DPU radne zone Dračevac (split.hr), vektorizirano iz PDF-a"}}, {"type": "Feature", "geometry": {"type": "Polygon", "coordinates": [[[16.4975709, 43.525964], [16.4975709, 43.5259602], [16.4975955, 43.5259644], [16.4975709, 43.525964]]]}, "properties": {"tema": "zgrade-postojece", "opis": "Postojeće zgrade", "cad_sloj": "TPS_C000_Zgrade POSTOJECE1", "list": "2a2_Prometna mreža_ID_DPU_DRACEVAC", "plan": "DPU radne zone Dračevac", "izvor": "DPU radne zone Dračevac (split.hr), vektorizirano iz PDF-a"}}, {"type": "Feature", "geometry": {"type": "Polygon", "coordinates": [[[16.4975709, 43.5259602], [16.4975955, 43.5259644], [16.4975955, 43.5259605], [16.4975709, 43.5259602]]]}, "properties": {"tema": "zgrade-postojece", "opis": "Postojeće zgrade", "cad_sloj": "TPS_C000_Zgrade POSTOJECE1", "list": "2a2_Prometna mreža_ID_DPU_DRACEVAC", "plan": "DPU radne zone Dračevac", "izvor": "DPU radne zone Dračevac (split.hr), vektorizirano iz PDF-a"}}, {"type": "Feature", "geometry": {"type": "Polygon", "coordinates": [[[16.4976201, 43.5259644], [16.4976201, 43.5259609], [16.4976447, 43.5259647], [16.4976201, 43.5259644]]]}, "properties": {"tema": "zgrade-postojece", "opis": "Postojeće zgrade", "cad_sloj": "TPS_C000_Zgrade POSTOJECE1", "list": "2a2_Prometna mreža_ID_DPU_DRACEVAC", "plan": "DPU radne zone Dračevac", "izvor": "DPU radne zone Dračevac (split.hr), vektorizirano iz PDF-a"}}, {"type": "Feature", "geometry": {"type": "Polygon", "coordinates": [[[16.4976201, 43.5259609], [16.4976447, 43.5259647], [16.4976447, 43.5259613], [16.4976201, 43.5259609]]]}, "properties": {"tema": "zgrade-postojece", "opis": "Postojeće zgrade", "cad_sloj": "TPS_C000_Zgrade POSTOJECE1", "list": "2a2_Prometna mreža_ID_DPU_DRACEVAC", "plan": "DPU radne zone Dračevac", "izvor": "DPU radne zone Dračevac (split.hr), vektorizirano iz PDF-a"}}, {"type": "Feature", "geometry": {"type": "Polygon", "coordinates": [[[16.4976692, 43.5259651], [16.4976698, 43.5259617], [16.4976844, 43.5259651], [16.4976692, 43.5259651]]]}, "properties": {"tema": "zgrade-postojece", "opis": "Postojeće zgrade", "cad_sloj": "TPS_C000_Zgrade POSTOJECE1", "list": "2a2_Prometna mreža_ID_DPU_DRACEVAC", "plan": "DPU radne zone Dračevac", "izvor": "DPU radne zone Dračevac (split.hr), vektorizirano iz PDF-a"}}, {"type": "Feature", "geometry": {"type": "Polygon", "coordinates": [[[16.4976698, 43.5259617], [16.4976844, 43.5259651], [16.4976844, 43.5259617], [16.4976698, 43.5259617]]]}, "properties": {"tema": "zgrade-postojece", "opis": "Postojeće zgrade", "cad_sloj": "TPS_C000_Zgrade POSTOJECE1", "list": "2a2_Prometna mreža_ID_DPU_DRACEVAC", "plan": "DPU radne zone Dračevac", "izvor": "DPU radne zone Dračevac (split.hr), vektorizirano iz PDF-a"}}, {"type": "Feature", "geometry": {"type": "LineString", "coordinates": [[16.4976844, 43.5259625], [16.4976844, 43.525964]]}, "properties": {"tema": "zgrade-postojece", "opis": "Postojeće zgrade", "cad_sloj": "TPS_C000_Zgrade POSTOJECE", "list": "2b_Vodoopskrbna mreža_ID_DPU_DRACEVAC", "plan": "DPU radne zone Dračevac", "izvor": "DPU radne zone Dračevac (split.hr), vektorizirano iz PDF-a"}}, {"type": "Feature", "geometry": {"type": "LineString", "coordinates": [[16.4976828, 43.5259385], [16.4976876, 43.5259389]]}, "properties": {"tema": "zgrade-postojece", "opis": "Postojeće zgrade", "cad_sloj": "TPS_C000_Zgrade POSTOJECE", "list": "2b_Vodoopskrbna mreža_ID_DPU_DRACEVAC", "plan": "DPU radne zone Dračevac", "izvor": "DPU radne zone Dračevac (split.hr), vektorizirano iz PDF-a"}}, {"type": "Feature", "geometry": {"type": "LineString", "coordinates": [[16.4976839, 43.5259027], [16.4976886, 43.5259027]]}, "properties": {"tema": "zgrade-postojece", "opis": "Postojeće zgrade", "cad_sloj": "TPS_C000_Zgrade POSTOJECE", "list": "2b_Vodoopskrbna mreža_ID_DPU_DRACEVAC", "plan": "DPU radne zone Dračevac", "izvor": "DPU radne zone Dračevac (split.hr), vektorizirano iz PDF-a"}}, {"type": "Feature", "geometry": {"type": "LineString", "coordinates": [[16.4976849, 43.5258669], [16.4976897, 43.5258669]]}, "properties": {"tema": "zgrade-postojece", "opis": "Postojeće zgrade", "cad_sloj": "TPS_C000_Zgrade POSTOJECE", "list": "2b_Vodoopskrbna mreža_ID_DPU_DRACEVAC", "plan": "DPU radne zone Dračevac", "izvor": "DPU radne zone Dračevac (split.hr), vektorizirano iz PDF-a"}}, {"type": "Feature", "geometry": {"type": "LineString", "coordinates": [[16.497686, 43.5258308], [16.4976907, 43.5258308]]}, "properties": {"tema": "zgrade-postojece", "opis": "Postojeće zgrade", "cad_sloj": "TPS_C000_Zgrade POSTOJECE", "list": "2b_Vodoopskrbna mreža_ID_DPU_DRACEVAC", "plan": "DPU radne zone Dračevac", "izvor": "DPU radne zone Dračevac (split.hr), vektorizirano iz PDF-a"}}, {"type": "Feature", "geometry": {"type": "LineString", "coordinates": [[16.497687, 43.525795], [16.4976917, 43.525795]]}, "properties": {"tema": "zgrade-postojece", "opis": "Postojeće zgrade", "cad_sloj": "TPS_C000_Zgrade POSTOJECE", "list": "2b_Vodoopskrbna mreža_ID_DPU_DRACEVAC", "plan": "DPU radne zone Dračevac", "izvor": "DPU radne zone Dračevac (split.hr), vektorizirano iz PDF-a"}}, {"type": "Feature", "geometry": {"type": "LineString", "coordinates": [[16.4976876, 43.5257695], [16.4976928, 43.5257695]]}, "properties": {"tema": "zgrade-postojece", "opis": "Postojeće zgrade", "cad_sloj": "TPS_C000_Zgrade POSTOJECE", "list": "2b_Vodoopskrbna mreža_ID_DPU_DRACEVAC", "plan": "DPU radne zone Dračevac", "izvor": "DPU radne zone Dračevac (split.hr), vektorizirano iz PDF-a"}}, {"type": "Feature", "geometry": {"type": "LineString", "coordinates": [[16.4977053, 43.525747], [16.4977106, 43.525747]]}, "properties": {"tema": "zgrade-postojece", "opis": "Postojeće zgrade", "cad_sloj": "TPS_C000_Zgrade POSTOJECE", "list": "2b_Vodoopskrbna mreža_ID_DPU_DRACEVAC", "plan": "DPU radne zone Dračevac", "izvor": "DPU radne zone Dračevac (split.hr), vektorizirano iz PDF-a"}}, {"type": "Feature", "geometry": {"type": "LineString", "coordinates": [[16.4977064, 43.5257109], [16.4977116, 43.5257109]]}, "properties": {"tema": "zgrade-postojece", "opis": "Postojeće zgrade", "cad_sloj": "TPS_C000_Zgrade POSTOJECE", "list": "2b_Vodoopskrbna mreža_ID_DPU_DRACEVAC", "plan": "DPU radne zone Dračevac", "izvor": "DPU radne zone Dračevac (split.hr), vektorizirano iz PDF-a"}}, {"type": "Feature", "geometry": {"type": "LineString", "coordinates": [[16.4977074, 43.5256751], [16.4977122, 43.5256751]]}, "properties": {"tema": "zgrade-postojece", "opis": "Postojeće zgrade", "cad_sloj": "TPS_C000_Zgrade POSTOJECE", "list": "2b_Vodoopskrbna mreža_ID_DPU_DRACEVAC", "plan": "DPU radne zone Dračevac", "izvor": "DPU radne zone Dračevac (split.hr), vektorizirano iz PDF-a"}}, {"type": "Feature", "geometry": {"type": "LineString", "coordinates": [[16.497708, 43.5256389], [16.4977132, 43.5256393]]}, "properties": {"tema": "zgrade-postojece", "opis": "Postojeće zgrade", "cad_sloj": "TPS_C000_Zgrade POSTOJECE", "list": "2b_Vodoopskrbna mreža_ID_DPU_DRACEVAC", "plan": "DPU radne zone Dračevac", "izvor": "DPU radne zone Dračevac (split.hr), vektorizirano iz PDF-a"}}, {"type": "Feature", "geometry": {"type": "LineString", "coordinates": [[16.497709, 43.5256031], [16.4977137, 43.5256031]]}, "properties": {"tema": "zgrade-postojece", "opis": "Postojeće zgrade", "cad_sloj": "TPS_C000_Zgrade POSTOJECE", "list": "2b_Vodoopskrbna mreža_ID_DPU_DRACEVAC", "plan": "DPU radne zone Dračevac", "izvor": "DPU radne zone Dračevac (split.hr), vektorizirano iz PDF-a"}}, {"type": "Feature", "geometry": {"type": "LineString", "coordinates": [[16.4977101, 43.5255674], [16.4977148, 43.5255674]]}, "properties": {"tema": "zgrade-postojece", "opis": "Postojeće zgrade", "cad_sloj": "TPS_C000_Zgrade POSTOJECE", "list": "2b_Vodoopskrbna mreža_ID_DPU_DRACEVAC", "plan": "DPU radne zone Dračevac", "izvor": "DPU radne zone Dračevac (split.hr), vektorizirano iz PDF-a"}}, {"type": "Feature", "geometry": {"type": "LineString", "coordinates": [[16.4977106, 43.5255312], [16.4977158, 43.5255312]]}, "properties": {"tema": "zgrade-postojece", "opis": "Postojeće zgrade", "cad_sloj": "TPS_C000_Zgrade POSTOJECE", "list": "2b_Vodoopskrbna mreža_ID_DPU_DRACEVAC", "plan": "DPU radne zone Dračevac", "izvor": "DPU radne zone Dračevac (split.hr), vektorizirano iz PDF-a"}}, {"type": "Feature", "geometry": {"type": "LineString", "coordinates": [[16.4977116, 43.5254954], [16.4977163, 43.5254954]]}, "properties": {"tema": "zgrade-postojece", "opis": "Postojeće zgrade", "cad_sloj": "TPS_C000_Zgrade POSTOJECE", "list": "2b_Vodoopskrbna mreža_ID_DPU_DRACEVAC", "plan": "DPU radne zone Dračevac", "izvor": "DPU radne zone Dračevac (split.hr), vektorizirano iz PDF-a"}}, {"type": "Feature", "geometry": {"type": "LineString", "coordinates": [[16.4977127, 43.5254593], [16.4977174, 43.5254597]]}, "properties": {"tema": "zgrade-postojece", "opis": "Postojeće zgrade", "cad_sloj": "TPS_C000_Zgrade POSTOJECE", "list": "2b_Vodoopskrbna mreža_ID_DPU_DRACEVAC", "plan": "DPU radne zone Dračevac", "izvor": "DPU radne zone Dračevac (split.hr), vektorizirano iz PDF-a"}}, {"type": "Feature", "geometry": {"type": "LineString", "coordinates": [[16.4977132, 43.5254235], [16.4977184, 43.5254235]]}, "properties": {"tema": "zgrade-postojece", "opis": "Postojeće zgrade", "cad_sloj": "TPS_C000_Zgrade POSTOJECE", "list": "2b_Vodoopskrbna mreža_ID_DPU_DRACEVAC", "plan": "DPU radne zone Dračevac", "izvor": "DPU radne zone Dračevac (split.hr), vektorizirano iz PDF-a"}}, {"type": "Feature", "geometry": {"type": "LineString", "coordinates": [[16.4977143, 43.5253877], [16.497719, 43.5253877]]}, "properties": {"tema": "zgrade-postojece", "opis": "Postojeće zgrade", "cad_sloj": "TPS_C000_Zgrade POSTOJECE", "list": "2b_Vodoopskrbna mreža_ID_DPU_DRACEVAC", "plan": "DPU radne zone Dračevac", "izvor": "DPU radne zone Dračevac (split.hr), vektorizirano iz PDF-a"}}, {"type": "Feature", "geometry": {"type": "LineString", "coordinates": [[16.4977148, 43.5253516], [16.49772, 43.5253516]]}, "properties": {"tema": "zgrade-postojece", "opis": "Postojeće zgrade", "cad_sloj": "TPS_C000_Zgrade POSTOJECE", "list": "2b_Vodoopskrbna mreža_ID_DPU_DRACEVAC", "plan": "DPU radne zone Dračevac", "izvor": "DPU radne zone Dračevac (split.hr), vektorizirano iz PDF-a"}}, {"type": "Feature", "geometry": {"type": "LineString", "coordinates": [[16.4977158, 43.5253158], [16.4977205, 43.5253158]]}, "properties": {"tema": "zgrade-postojece", "opis": "Postojeće zgrade", "cad_sloj": "TPS_C000_Zgrade POSTOJECE", "list": "2b_Vodoopskrbna mreža_ID_DPU_DRACEVAC", "plan": "DPU radne zone Dračevac", "izvor": "DPU radne zone Dračevac (split.hr), vektorizirano iz PDF-a"}}, {"type": "Feature", "geometry": {"type": "LineString", "coordinates": [[16.4977164, 43.5252929], [16.4977216, 43.5252929]]}, "properties": {"tema": "zgrade-postojece", "opis": "Postojeće zgrade", "cad_sloj": "TPS_C000_Zgrade POSTOJECE", "list": "2b_Vodoopskrbna mreža_ID_DPU_DRACEVAC", "plan": "DPU radne zone Dračevac", "izvor": "DPU radne zone Dračevac (split.hr), vektorizirano iz PDF-a"}}, {"type": "Feature", "geometry": {"type": "LineString", "coordinates": [[16.4976782, 43.5252941], [16.4976782, 43.5252907]]}, "properties": {"tema": "zgrade-postojece", "opis": "Postojeće zgrade", "cad_sloj": "TPS_C000_Zgrade POSTOJECE", "list": "2b_Vodoopskrbna mreža_ID_DPU_DRACEVAC", "plan": "DPU radne zone Dračevac", "izvor": "DPU radne zone Dračevac (split.hr), vektorizirano iz PDF-a"}}, {"type": "Feature", "geometry": {"type": "LineString", "coordinates": [[16.497629, 43.5252937], [16.497629, 43.5252899]]}, "properties": {"tema": "zgrade-postojece", "opis": "Postojeće zgrade", "cad_sloj": "TPS_C000_Zgrade POSTOJECE", "list": "2b_Vodoopskrbna mreža_ID_DPU_DRACEVAC", "plan": "DPU radne zone Dračevac", "izvor": "DPU radne zone Dračevac (split.hr), vektorizirano iz PDF-a"}}, {"type": "Feature", "geometry": {"type": "LineString", "coordinates": [[16.4975793, 43.5252929], [16.4975793, 43.5252895]]}, "properties": {"tema": "zgrade-postojece", "opis": "Postojeće zgrade", "cad_sloj": "TPS_C000_Zgrade POSTOJECE", "list": "2b_Vodoopskrbna mreža_ID_DPU_DRACEVAC", "plan": "DPU radne zone Dračevac", "izvor": "DPU radne zone Dračevac (split.hr), vektorizirano iz PDF-a"}}, {"type": "Feature", "geometry": {"type": "LineString", "coordinates": [[16.4975301, 43.5252926], [16.4975301, 43.5252887]]}, "properties": {"tema": "zgrade-postojece", "opis": "Postojeće zgrade", "cad_sloj": "TPS_C000_Zgrade POSTOJECE", "list": "2b_Vodoopskrbna mreža_ID_DPU_DRACEVAC", "plan": "DPU radne zone Dračevac", "izvor": "DPU radne zone Dračevac (split.hr), vektorizirano iz PDF-a"}}, {"type": "Feature", "geometry": {"type": "LineString", "coordinates": [[16.497481, 43.5252918], [16.497481, 43.5252884]]}, "properties": {"tema": "zgrade-postojece", "opis": "Postojeće zgrade", "cad_sloj": "TPS_C000_Zgrade POSTOJECE", "list": "2b_Vodoopskrbna mreža_ID_DPU_DRACEVAC", "plan": "DPU radne zone Dračevac", "izvor": "DPU radne zone Dračevac (split.hr), vektorizirano iz PDF-a"}}, {"type": "Feature", "geometry": {"type": "LineString", "coordinates": [[16.4974402, 43.5252914], [16.4974402, 43.5252876]]}, "properties": {"tema": "zgrade-postojece", "opis": "Postojeće zgrade", "cad_sloj": "TPS_C000_Zgrade POSTOJECE", "list": "2b_Vodoopskrbna mreža_ID_DPU_DRACEVAC", "plan": "DPU radne zone Dračevac", "izvor": "DPU radne zone Dračevac (split.hr), vektorizirano iz PDF-a"}}, {"type": "Feature", "geometry": {"type": "LineString", "coordinates": [[16.4974417, 43.5253169], [16.497437, 43.5253165]]}, "properties": {"tema": "zgrade-postojece", "opis": "Postojeće zgrade", "cad_sloj": "TPS_C000_Zgrade POSTOJECE", "list": "2b_Vodoopskrbna mreža_ID_DPU_DRACEVAC", "plan": "DPU radne zone Dračevac", "izvor": "DPU radne zone Dračevac (split.hr), vektorizirano iz PDF-a"}}, {"type": "Feature", "geometry": {"type": "LineString", "coordinates": [[16.4974412, 43.5253439], [16.497436, 43.5253439]]}, "properties": {"tema": "zgrade-postojece", "opis": "Postojeće zgrade", "cad_sloj": "TPS_C000_Zgrade POSTOJECE", "list": "2b_Vodoopskrbna mreža_ID_DPU_DRACEVAC", "plan": "DPU radne zone Dračevac", "izvor": "DPU radne zone Dračevac (split.hr), vektorizirano iz PDF-a"}}, {"type": "Feature", "geometry": {"type": "LineString", "coordinates": [[16.4974579, 43.5253771], [16.4974527, 43.5253771]]}, "properties": {"tema": "zgrade-postojece", "opis": "Postojeće zgrade", "cad_sloj": "TPS_C000_Zgrade POSTOJECE", "list": "2b_Vodoopskrbna mreža_ID_DPU_DRACEVAC", "plan": "DPU radne zone Dračevac", "izvor": "DPU radne zone Dračevac (split.hr), vektorizirano iz PDF-a"}}, {"type": "Feature", "geometry": {"type": "LineString", "coordinates": [[16.4974569, 43.5254128], [16.4974522, 43.5254128]]}, "properties": {"tema": "zgrade-postojece", "opis": "Postojeće zgrade", "cad_sloj": "TPS_C000_Zgrade POSTOJECE", "list": "2b_Vodoopskrbna mreža_ID_DPU_DRACEVAC", "plan": "DPU radne zone Dračevac", "izvor": "DPU radne zone Dračevac (split.hr), vektorizirano iz PDF-a"}}, {"type": "Feature", "geometry": {"type": "LineString", "coordinates": [[16.4974564, 43.5254459], [16.4974511, 43.5254459]]}, "properties": {"tema": "zgrade-postojece", "opis": "Postojeće zgrade", "cad_sloj": "TPS_C000_Zgrade POSTOJECE", "list": "2b_Vodoopskrbna mreža_ID_DPU_DRACEVAC", "plan": "DPU radne zone Dračevac", "izvor": "DPU radne zone Dračevac (split.hr), vektorizirano iz PDF-a"}}, {"type": "Feature", "geometry": {"type": "LineString", "coordinates": [[16.497426, 43.5254737], [16.4974213, 43.5254737]]}, "properties": {"tema": "zgrade-postojece", "opis": "Postojeće zgrade", "cad_sloj": "TPS_C000_Zgrade POSTOJECE", "list": "2b_Vodoopskrbna mreža_ID_DPU_DRACEVAC", "plan": "DPU radne zone Dračevac", "izvor": "DPU radne zone Dračevac (split.hr), vektorizirano iz PDF-a"}}, {"type": "Feature", "geometry": {"type": "LineString", "coordinates": [[16.4974543, 43.5255282], [16.4974496, 43.5255282]]}, "properties": {"tema": "zgrade-postojece", "opis": "Postojeće zgrade", "cad_sloj": "TPS_C000_Zgrade POSTOJECE", "list": "2b_Vodoopskrbna mreža_ID_DPU_DRACEVAC", "plan": "DPU radne zone Dračevac", "izvor": "DPU radne zone Dračevac (split.hr), vektorizirano iz PDF-a"}}, {"type": "Feature", "geometry": {"type": "LineString", "coordinates": [[16.4974537, 43.5255544], [16.497449, 43.5255544]]}, "properties": {"tema": "zgrade-postojece", "opis": "Postojeće zgrade", "cad_sloj": "TPS_C000_Zgrade POSTOJECE", "list": "2b_Vodoopskrbna mreža_ID_DPU_DRACEVAC", "plan": "DPU radne zone Dračevac", "izvor": "DPU radne zone Dračevac (split.hr), vektorizirano iz PDF-a"}}, {"type": "Feature", "geometry": {"type": "LineString", "coordinates": [[16.4974234, 43.5255818], [16.4974187, 43.5255818]]}, "properties": {"tema": "zgrade-postojece", "opis": "Postojeće zgrade", "cad_sloj": "TPS_C000_Zgrade POSTOJECE", "list": "2b_Vodoopskrbna mreža_ID_DPU_DRACEVAC", "plan": "DPU radne zone Dračevac", "izvor": "DPU radne zone Dračevac (split.hr), vektorizirano iz PDF-a"}}, {"type": "Feature", "geometry": {"type": "LineString", "coordinates": [[16.4974517, 43.5256344], [16.4974464, 43.5256344]]}, "properties": {"tema": "zgrade-postojece", "opis": "Postojeće zgrade", "cad_sloj": "TPS_C000_Zgrade POSTOJECE", "list": "2b_Vodoopskrbna mreža_ID_DPU_DRACEVAC", "plan": "DPU radne zone Dračevac", "izvor": "DPU radne zone Dračevac (split.hr), vektorizirano iz PDF-a"}}, {"type": "Feature", "geometry": {"type": "LineString", "coordinates": [[16.4974506, 43.5256701], [16.4974459, 43.5256701]]}, "properties": {"tema": "zgrade-postojece", "opis": "Postojeće zgrade", "cad_sloj": "TPS_C000_Zgrade POSTOJECE", "list": "2b_Vodoopskrbna mreža_ID_DPU_DRACEVAC", "plan": "DPU radne zone Dračevac", "izvor": "DPU radne zone Dračevac (split.hr), vektorizirano iz PDF-a"}}, {"type": "Feature", "geometry": {"type": "LineString", "coordinates": [[16.4974501, 43.5257063], [16.4974448, 43.5257063]]}, "properties": {"tema": "zgrade-postojece", "opis": "Postojeće zgrade", "cad_sloj": "TPS_C000_Zgrade POSTOJECE", "list": "2b_Vodoopskrbna mreža_ID_DPU_DRACEVAC", "plan": "DPU radne zone Dračevac", "izvor": "DPU radne zone Dračevac (split.hr), vektorizirano iz PDF-a"}}, {"type": "Feature", "geometry": {"type": "LineString", "coordinates": [[16.497449, 43.5257421], [16.4974443, 43.5257421]]}, "properties": {"tema": "zgrade-postojece", "opis": "Postojeće zgrade", "cad_sloj": "TPS_C000_Zgrade POSTOJECE", "list": "2b_Vodoopskrbna mreža_ID_DPU_DRACEVAC", "plan": "DPU radne zone Dračevac", "izvor": "DPU radne zone Dračevac (split.hr), vektorizirano iz PDF-a"}}, {"type": "Feature", "geometry": {"type": "LineString", "coordinates": [[16.4974485, 43.5257664], [16.4974438, 43.5257664]]}, "properties": {"tema": "zgrade-postojece", "opis": "Postojeće zgrade", "cad_sloj": "TPS_C000_Zgrade POSTOJECE", "list": "2b_Vodoopskrbna mreža_ID_DPU_DRACEVAC", "plan": "DPU radne zone Dračevac", "izvor": "DPU radne zone Dračevac (split.hr), vektorizirano iz PDF-a"}}, {"type": "Feature", "geometry": {"type": "LineString", "coordinates": [[16.4974715, 43.5257923], [16.4974663, 43.5257923]]}, "properties": {"tema": "zgrade-postojece", "opis": "Postojeće zgrade", "cad_sloj": "TPS_C000_Zgrade POSTOJECE", "list": "2b_Vodoopskrbna mreža_ID_DPU_DRACEVAC", "plan": "DPU radne zone Dračevac", "izvor": "DPU radne zone Dračevac (split.hr), vektorizirano iz PDF-a"}}, {"type": "Feature", "geometry": {"type": "LineString", "coordinates": [[16.497438, 43.5258532], [16.4974333, 43.5258532]]}, "properties": {"tema": "zgrade-postojece", "opis": "Postojeće zgrade", "cad_sloj": "TPS_C000_Zgrade POSTOJECE", "list": "2b_Vodoopskrbna mreža_ID_DPU_DRACEVAC", "plan": "DPU radne zone Dračevac", "izvor": "DPU radne zone Dračevac (split.hr), vektorizirano iz PDF-a"}}, {"type": "Feature", "geometry": {"type": "LineString", "coordinates": [[16.497437, 43.5258894], [16.4974323, 43.525889]]}, "properties": {"tema": "zgrade-postojece", "opis": "Postojeće zgrade", "cad_sloj": "TPS_C000_Zgrade POSTOJECE", "list": "2b_Vodoopskrbna mreža_ID_DPU_DRACEVAC", "plan": "DPU radne zone Dračevac", "izvor": "DPU radne zone Dračevac (split.hr), vektorizirano iz PDF-a"}}, {"type": "Feature", "geometry": {"type": "LineString", "coordinates": [[16.4974365, 43.5259251], [16.4974312, 43.5259251]]}, "properties": {"tema": "zgrade-postojece", "opis": "Postojeće zgrade", "cad_sloj": "TPS_C000_Zgrade POSTOJECE", "list": "2b_Vodoopskrbna mreža_ID_DPU_DRACEVAC", "plan": "DPU radne zone Dračevac", "izvor": "DPU radne zone Dračevac (split.hr), vektorizirano iz PDF-a"}}, {"type": "Feature", "geometry": {"type": "LineString", "coordinates": [[16.4974354, 43.5259609], [16.4974302, 43.5259609]]}, "properties": {"tema": "zgrade-postojece", "opis": "Postojeće zgrade", "cad_sloj": "TPS_C000_Zgrade POSTOJECE", "list": "2b_Vodoopskrbna mreža_ID_DPU_DRACEVAC", "plan": "DPU radne zone Dračevac", "izvor": "DPU radne zone Dračevac (split.hr), vektorizirano iz PDF-a"}}, {"type": "Feature", "geometry": {"type": "LineString", "coordinates": [[16.49746, 43.5259594], [16.49746, 43.5259628]]}, "properties": {"tema": "zgrade-postojece", "opis": "Postojeće zgrade", "cad_sloj": "TPS_C000_Zgrade POSTOJECE", "list": "2b_Vodoopskrbna mreža_ID_DPU_DRACEVAC", "plan": "DPU radne zone Dračevac", "izvor": "DPU radne zone Dračevac (split.hr), vektorizirano iz PDF-a"}}, {"type": "Feature", "geometry": {"type": "LineString", "coordinates": [[16.4975092, 43.5259602], [16.4975092, 43.5259636]]}, "properties": {"tema": "zgrade-postojece", "opis": "Postojeće zgrade", "cad_sloj": "TPS_C000_Zgrade POSTOJECE", "list": "2b_Vodoopskrbna mreža_ID_DPU_DRACEVAC", "plan": "DPU radne zone Dračevac", "izvor": "DPU radne zone Dračevac (split.hr), vektorizirano iz PDF-a"}}, {"type": "Feature", "geometry": {"type": "LineString", "coordinates": [[16.4975589, 43.5259605], [16.4975589, 43.5259644]]}, "properties": {"tema": "zgrade-postojece", "opis": "Postojeće zgrade", "cad_sloj": "TPS_C000_Zgrade POSTOJECE", "list": "2b_Vodoopskrbna mreža_ID_DPU_DRACEVAC", "plan": "DPU radne zone Dračevac", "izvor": "DPU radne zone Dračevac (split.hr), vektorizirano iz PDF-a"}}, {"type": "Feature", "geometry": {"type": "LineString", "coordinates": [[16.497608, 43.5259613], [16.497608, 43.5259647]]}, "properties": {"tema": "zgrade-postojece", "opis": "Postojeće zgrade", "cad_sloj": "TPS_C000_Zgrade POSTOJECE", "list": "2b_Vodoopskrbna mreža_ID_DPU_DRACEVAC", "plan": "DPU radne zone Dračevac", "izvor": "DPU radne zone Dračevac (split.hr), vektorizirano iz PDF-a"}}, {"type": "Feature", "geometry": {"type": "LineString", "coordinates": [[16.4976577, 43.5259621], [16.4976572, 43.5259655]]}, "properties": {"tema": "zgrade-postojece", "opis": "Postojeće zgrade", "cad_sloj": "TPS_C000_Zgrade POSTOJECE", "list": "2b_Vodoopskrbna mreža_ID_DPU_DRACEVAC", "plan": "DPU radne zone Dračevac", "izvor": "DPU radne zone Dračevac (split.hr), vektorizirano iz PDF-a"}}, {"type": "Feature", "geometry": {"type": "LineString", "coordinates": [[16.4995372, 43.5257158], [16.4995425, 43.5257158]]}, "properties": {"tema": "zgrade-postojece", "opis": "Postojeće zgrade", "cad_sloj": "TPS_C000_Zgrade POSTOJECE", "list": "2b_Vodoopskrbna mreža_ID_DPU_DRACEVAC", "plan": "DPU radne zone Dračevac", "izvor": "DPU radne zone Dračevac (split.hr), vektorizirano iz PDF-a"}}, {"type": "Feature", "geometry": {"type": "LineString", "coordinates": [[16.4995676, 43.5256949], [16.4995681, 43.5256983]]}, "properties": {"tema": "zgrade-postojece", "opis": "Postojeće zgrade", "cad_sloj": "TPS_C000_Zgrade POSTOJECE", "list": "2b_Vodoopskrbna mreža_ID_DPU_DRACEVAC", "plan": "DPU radne zone Dračevac", "izvor": "DPU radne zone Dračevac (split.hr), vektorizirano iz PDF-a"}}, {"type": "Feature", "geometry": {"type": "LineString", "coordinates": [[16.4996167, 43.5256957], [16.4996173, 43.5256991]]}, "properties": {"tema": "zgrade-postojece", "opis": "Postojeće zgrade", "cad_sloj": "TPS_C000_Zgrade POSTOJECE", "list": "2b_Vodoopskrbna mreža_ID_DPU_DRACEVAC", "plan": "DPU radne zone Dračevac", "izvor": "DPU radne zone Dračevac (split.hr), vektorizirano iz PDF-a"}}, {"type": "Feature", "geometry": {"type": "LineString", "coordinates": [[16.4996664, 43.525696], [16.4996664, 43.5256995]]}, "properties": {"tema": "zgrade-postojece", "opis": "Postojeće zgrade", "cad_sloj": "TPS_C000_Zgrade POSTOJECE", "list": "2b_Vodoopskrbna mreža_ID_DPU_DRACEVAC", "plan": "DPU radne zone Dračevac", "izvor": "DPU radne zone Dračevac (split.hr), vektorizirano iz PDF-a"}}, {"type": "Feature", "geometry": {"type": "LineString", "coordinates": [[16.4997156, 43.5256968], [16.4997161, 43.5257002]]}, "properties": {"tema": "zgrade-postojece", "opis": "Postojeće zgrade", "cad_sloj": "TPS_C000_Zgrade POSTOJECE", "list": "2b_Vodoopskrbna mreža_ID_DPU_DRACEVAC", "plan": "DPU radne zone Dračevac", "izvor": "DPU radne zone Dračevac (split.hr), vektorizirano iz PDF-a"}}, {"type": "Feature", "geometry": {"type": "LineString", "coordinates": [[16.4997648, 43.5256972], [16.4997653, 43.525701]]}, "properties": {"tema": "zgrade-postojece", "opis": "Postojeće zgrade", "cad_sloj": "TPS_C000_Zgrade POSTOJECE", "list": "2b_Vodoopskrbna mreža_ID_DPU_DRACEVAC", "plan": "DPU radne zone Dračevac", "izvor": "DPU radne zone Dračevac (split.hr), vektorizirano iz PDF-a"}}, {"type": "Feature", "geometry": {"type": "LineString", "coordinates": [[16.4998145, 43.5256979], [16.499815, 43.5257014]]}, "properties": {"tema": "zgrade-postojece", "opis": "Postojeće zgrade", "cad_sloj": "TPS_C000_Zgrade POSTOJECE", "list": "2b_Vodoopskrbna mreža_ID_DPU_DRACEVAC", "plan": "DPU radne zone Dračevac", "izvor": "DPU radne zone Dračevac (split.hr), vektorizirano iz PDF-a"}}, {"type": "Feature", "geometry": {"type": "LineString", "coordinates": [[16.4998401, 43.525666], [16.4998453, 43.525666]]}, "properties": {"tema": "zgrade-postojece", "opis": "Postojeće zgrade", "cad_sloj": "TPS_C000_Zgrade POSTOJECE", "list": "2b_Vodoopskrbna mreža_ID_DPU_DRACEVAC", "plan": "DPU radne zone Dračevac", "izvor": "DPU radne zone Dračevac (split.hr), vektorizirano iz PDF-a"}}, {"type": "Feature", "geometry": {"type": "LineString", "coordinates": [[16.4998406, 43.5256298], [16.4998464, 43.5256298]]}, "properties": {"tema": "zgrade-postojece", "opis": "Postojeće zgrade", "cad_sloj": "TPS_C000_Zgrade POSTOJECE", "list": "2b_Vodoopskrbna mreža_ID_DPU_DRACEVAC", "plan": "DPU radne zone Dračevac", "izvor": "DPU radne zone Dračevac (split.hr), vektorizirano iz PDF-a"}}, {"type": "Feature", "geometry": {"type": "LineString", "coordinates": [[16.4998417, 43.5255959], [16.4998469, 43.5255959]]}, "properties": {"tema": "zgrade-postojece", "opis": "Postojeće zgrade", "cad_sloj": "TPS_C000_Zgrade POSTOJECE", "list": "2b_Vodoopskrbna mreža_ID_DPU_DRACEVAC", "plan": "DPU radne zone Dračevac", "izvor": "DPU radne zone Dračevac (split.hr), vektorizirano iz PDF-a"}}, {"type": "Feature", "geometry": {"type": "LineString", "coordinates": [[16.4997998, 43.5255971], [16.4998009, 43.5255937]]}, "properties": {"tema": "zgrade-postojece", "opis": "Postojeće zgrade", "cad_sloj": "TPS_C000_Zgrade POSTOJECE", "list": "2b_Vodoopskrbna mreža_ID_DPU_DRACEVAC", "plan": "DPU radne zone Dračevac", "izvor": "DPU radne zone Dračevac (split.hr), vektorizirano iz PDF-a"}}, {"type": "Feature", "geometry": {"type": "LineString", "coordinates": [[16.4997507, 43.5255967], [16.4997512, 43.5255929]]}, "properties": {"tema": "zgrade-postojece", "opis": "Postojeće zgrade", "cad_sloj": "TPS_C000_Zgrade POSTOJECE", "list": "2b_Vodoopskrbna mreža_ID_DPU_DRACEVAC", "plan": "DPU radne zone Dračevac", "izvor": "DPU radne zone Dračevac (split.hr), vektorizirano iz PDF-a"}}, {"type": "Feature", "geometry": {"type": "LineString", "coordinates": [[16.4997015, 43.5255959], [16.499702, 43.5255925]]}, "properties": {"tema": "zgrade-postojece", "opis": "Postojeće zgrade", "cad_sloj": "TPS_C000_Zgrade POSTOJECE", "list": "2b_Vodoopskrbna mreža_ID_DPU_DRACEVAC", "plan": "DPU radne zone Dračevac", "izvor": "DPU radne zone Dračevac (split.hr), vektorizirano iz PDF-a"}}, {"type": "Feature", "geometry": {"type": "LineString", "coordinates": [[16.4996518, 43.5255956], [16.4996523, 43.5255918]]}, "properties": {"tema": "zgrade-postojece", "opis": "Postojeće zgrade", "cad_sloj": "TPS_C000_Zgrade POSTOJECE", "list": "2b_Vodoopskrbna mreža_ID_DPU_DRACEVAC", "plan": "DPU radne zone Dračevac", "izvor": "DPU radne zone Dračevac (split.hr), vektorizirano iz PDF-a"}}, {"type": "Feature", "geometry": {"type": "LineString", "coordinates": [[16.4996026, 43.5255948], [16.4996031, 43.5255914]]}, "properties": {"tema": "zgrade-postojece", "opis": "Postojeće zgrade", "cad_sloj": "TPS_C000_Zgrade POSTOJECE", "list": "2b_Vodoopskrbna mreža_ID_DPU_DRACEVAC", "plan": "DPU radne zone Dračevac", "izvor": "DPU radne zone Dračevac (split.hr), vektorizirano iz PDF-a"}}, {"type": "Feature", "geometry": {"type": "LineString", "coordinates": [[16.4995535, 43.5255944], [16.499554, 43.5255906]]}, "properties": {"tema": "zgrade-postojece", "opis": "Postojeće zgrade", "cad_sloj": "TPS_C000_Zgrade POSTOJECE", "list": "2b_Vodoopskrbna mreža_ID_DPU_DRACEVAC", "plan": "DPU radne zone Dračevac", "izvor": "DPU radne zone Dračevac (split.hr), vektorizirano iz PDF-a"}}, {"type": "Feature", "geometry": {"type": "LineString", "coordinates": [[16.499509, 43.525594], [16.4995095, 43.5255902]]}, "properties": {"tema": "zgrade-postojece", "opis": "Postojeće zgrade", "cad_sloj": "TPS_C000_Zgrade POSTOJECE", "list": "2b_Vodoopskrbna mreža_ID_DPU_DRACEVAC", "plan": "DPU radne zone Dračevac", "izvor": "DPU radne zone Dračevac (split.hr), vektorizirano iz PDF-a"}}, {"type": "Feature", "geometry": {"type": "LineString", "coordinates": [[16.4995074, 43.5255662], [16.4995127, 43.5255662]]}, "properties": {"tema": "zgrade-postojece", "opis": "Postojeće zgrade", "cad_sloj": "TPS_C000_Zgrade POSTOJECE", "list": "2b_Vodoopskrbna mreža_ID_DPU_DRACEVAC", "plan": "DPU radne zone Dračevac", "izvor": "DPU radne zone Dračevac (split.hr), vektorizirano iz PDF-a"}}, {"type": "Feature", "geometry": {"type": "LineString", "coordinates": [[16.4995079, 43.5255404], [16.4995132, 43.5255407]]}, "properties": {"tema": "zgrade-postojece", "opis": "Postojeće zgrade", "cad_sloj": "TPS_C000_Zgrade POSTOJECE", "list": "2b_Vodoopskrbna mreža_ID_DPU_DRACEVAC", "plan": "DPU radne zone Dračevac", "izvor": "DPU radne zone Dračevac (split.hr), vektorizirano iz PDF-a"}}, {"type": "Feature", "geometry": {"type": "LineString", "coordinates": [[16.4995461, 43.5255392], [16.4995467, 43.5255426]]}, "properties": {"tema": "zgrade-postojece", "opis": "Postojeće zgrade", "cad_sloj": "TPS_C000_Zgrade POSTOJECE", "list": "2b_Vodoopskrbna mreža_ID_DPU_DRACEVAC", "plan": "DPU radne zone Dračevac", "izvor": "DPU radne zone Dračevac (split.hr), vektorizirano iz PDF-a"}}, {"type": "Feature", "geometry": {"type": "LineString", "coordinates": [[16.4995822, 43.5255396], [16.4995822, 43.5255434]]}, "properties": {"tema": "zgrade-postojece", "opis": "Postojeće zgrade", "cad_sloj": "TPS_C000_Zgrade POSTOJECE", "list": "2b_Vodoopskrbna mreža_ID_DPU_DRACEVAC", "plan": "DPU radne zone Dračevac", "izvor": "DPU radne zone Dračevac (split.hr), vektorizirano iz PDF-a"}}, {"type": "Feature", "geometry": {"type": "LineString", "coordinates": [[16.4995801, 43.5255095], [16.4995859, 43.5255095]]}, "properties": {"tema": "zgrade-postojece", "opis": "Postojeće zgrade", "cad_sloj": "TPS_C000_Zgrade POSTOJECE", "list": "2b_Vodoopskrbna mreža_ID_DPU_DRACEVAC", "plan": "DPU radne zone Dračevac", "izvor": "DPU radne zone Dračevac (split.hr), vektorizirano iz PDF-a"}}, {"type": "Feature", "geometry": {"type": "LineString", "coordinates": [[16.4995812, 43.5254738], [16.4995864, 43.5254738]]}, "properties": {"tema": "zgrade-postojece", "opis": "Postojeće zgrade", "cad_sloj": "TPS_C000_Zgrade POSTOJECE", "list": "2b_Vodoopskrbna mreža_ID_DPU_DRACEVAC", "plan": "DPU radne zone Dračevac", "izvor": "DPU radne zone Dračevac (split.hr), vektorizirano iz PDF-a"}}, {"type": "Feature", "geometry": {"type": "LineString", "coordinates": [[16.4995817, 43.5254376], [16.4995875, 43.5254376]]}, "properties": {"tema": "zgrade-postojece", "opis": "Postojeće zgrade", "cad_sloj": "TPS_C000_Zgrade POSTOJECE", "list": "2b_Vodoopskrbna mreža_ID_DPU_DRACEVAC", "plan": "DPU radne zone Dračevac", "izvor": "DPU radne zone Dračevac (split.hr), vektorizirano iz PDF-a"}}, {"type": "Feature", "geometry": {"type": "LineString", "coordinates": [[16.4995827, 43.5254018], [16.499588, 43.5254018]]}, "properties": {"tema": "zgrade-postojece", "opis": "Postojeće zgrade", "cad_sloj": "TPS_C000_Zgrade POSTOJECE", "list": "2b_Vodoopskrbna mreža_ID_DPU_DRACEVAC", "plan": "DPU radne zone Dračevac", "izvor": "DPU radne zone Dračevac (split.hr), vektorizirano iz PDF-a"}}, {"type": "Feature", "geometry": {"type": "LineString", "coordinates": [[16.4995833, 43.5253657], [16.499589, 43.5253657]]}, "properties": {"tema": "zgrade-postojece", "opis": "Postojeće zgrade", "cad_sloj": "TPS_C000_Zgrade POSTOJECE", "list": "2b_Vodoopskrbna mreža_ID_DPU_DRACEVAC", "plan": "DPU radne zone Dračevac", "izvor": "DPU radne zone Dračevac (split.hr), vektorizirano iz PDF-a"}}, {"type": "Feature", "geometry": {"type": "LineString", "coordinates": [[16.4995843, 43.5253299], [16.4995895, 43.5253299]]}, "properties": {"tema": "zgrade-postojece", "opis": "Postojeće zgrade", "cad_sloj": "TPS_C000_Zgrade POSTOJECE", "list": "2b_Vodoopskrbna mreža_ID_DPU_DRACEVAC", "plan": "DPU radne zone Dračevac", "izvor": "DPU radne zone Dračevac (split.hr), vektorizirano iz PDF-a"}}, {"type": "Feature", "geometry": {"type": "LineString", "coordinates": [[16.4995854, 43.5252941], [16.4995906, 43.5252941]]}, "properties": {"tema": "zgrade-postojece", "opis": "Postojeće zgrade", "cad_sloj": "TPS_C000_Zgrade POSTOJECE", "list": "2b_Vodoopskrbna mreža_ID_DPU_DRACEVAC", "plan": "DPU radne zone Dračevac", "izvor": "DPU radne zone Dračevac (split.hr), vektorizirano iz PDF-a"}}, {"type": "Feature", "geometry": {"type": "LineString", "coordinates": [[16.4995859, 43.5252579], [16.4995916, 43.5252579]]}, "properties": {"tema": "zgrade-postojece", "opis": "Postojeće zgrade", "cad_sloj": "TPS_C000_Zgrade POSTOJECE", "list": "2b_Vodoopskrbna mreža_ID_DPU_DRACEVAC", "plan": "DPU radne zone Dračevac", "izvor": "DPU radne zone Dračevac (split.hr), vektorizirano iz PDF-a"}}, {"type": "Feature", "geometry": {"type": "LineString", "coordinates": [[16.4995869, 43.5252222], [16.4995922, 43.5252222]]}, "properties": {"tema": "zgrade-postojece", "opis": "Postojeće zgrade", "cad_sloj": "TPS_C000_Zgrade POSTOJECE", "list": "2b_Vodoopskrbna mreža_ID_DPU_DRACEVAC", "plan": "DPU radne zone Dračevac", "izvor": "DPU radne zone Dračevac (split.hr), vektorizirano iz PDF-a"}}, {"type": "Feature", "geometry": {"type": "LineString", "coordinates": [[16.4995875, 43.525186], [16.4995932, 43.525186]]}, "properties": {"tema": "zgrade-postojece", "opis": "Postojeće zgrade", "cad_sloj": "TPS_C000_Zgrade POSTOJECE", "list": "2b_Vodoopskrbna mreža_ID_DPU_DRACEVAC", "plan": "DPU radne zone Dračevac", "izvor": "DPU radne zone Dračevac (split.hr), vektorizirano iz PDF-a"}}, {"type": "Feature", "geometry": {"type": "LineString", "coordinates": [[16.4995885, 43.5251502], [16.4995937, 43.5251502]]}, "properties": {"tema": "zgrade-postojece", "opis": "Postojeće zgrade", "cad_sloj": "TPS_C000_Zgrade POSTOJECE", "list": "2b_Vodoopskrbna mreža_ID_DPU_DRACEVAC", "plan": "DPU radne zone Dračevac", "izvor": "DPU radne zone Dračevac (split.hr), vektorizirano iz PDF-a"}}, {"type": "Feature", "geometry": {"type": "LineString", "coordinates": [[16.499589, 43.5251144], [16.4995948, 43.5251144]]}, "properties": {"tema": "zgrade-postojece", "opis": "Postojeće zgrade", "cad_sloj": "TPS_C000_Zgrade POSTOJECE", "list": "2b_Vodoopskrbna mreža_ID_DPU_DRACEVAC", "plan": "DPU radne zone Dračevac", "izvor": "DPU radne zone Dračevac (split.hr), vektorizirano iz PDF-a"}}, {"type": "Feature", "geometry": {"type": "LineString", "coordinates": [[16.4995901, 43.5250783], [16.4995953, 43.5250783]]}, "properties": {"tema": "zgrade-postojece", "opis": "Postojeće zgrade", "cad_sloj": "TPS_C000_Zgrade POSTOJECE", "list": "2b_Vodoopskrbna mreža_ID_DPU_DRACEVAC", "plan": "DPU radne zone Dračevac", "izvor": "DPU radne zone Dračevac (split.hr), vektorizirano iz PDF-a"}}, {"type": "Feature", "geometry": {"type": "LineString", "coordinates": [[16.4995911, 43.5250425], [16.4995964, 43.5250425]]}, "properties": {"tema": "zgrade-postojece", "opis": "Postojeće zgrade", "cad_sloj": "TPS_C000_Zgrade POSTOJECE", "list": "2b_Vodoopskrbna mreža_ID_DPU_DRACEVAC", "plan": "DPU radne zone Dračevac", "izvor": "DPU radne zone Dračevac (split.hr), vektorizirano iz PDF-a"}}, {"type": "Feature", "geometry": {"type": "LineString", "coordinates": [[16.4995634, 43.5250121], [16.4995639, 43.5250083]]}, "properties": {"tema": "zgrade-postojece", "opis": "Postojeće zgrade", "cad_sloj": "TPS_C000_Zgrade POSTOJECE", "list": "2b_Vodoopskrbna mreža_ID_DPU_DRACEVAC", "plan": "DPU radne zone Dračevac", "izvor": "DPU radne zone Dračevac (split.hr), vektorizirano iz PDF-a"}}, {"type": "Feature", "geometry": {"type": "LineString", "coordinates": [[16.4995142, 43.5250113], [16.4995147, 43.5250075]]}, "properties": {"tema": "zgrade-postojece", "opis": "Postojeće zgrade", "cad_sloj": "TPS_C000_Zgrade POSTOJECE", "list": "2b_Vodoopskrbna mreža_ID_DPU_DRACEVAC", "plan": "DPU radne zone Dračevac", "izvor": "DPU radne zone Dračevac (split.hr), vektorizirano iz PDF-a"}}, {"type": "Feature", "geometry": {"type": "LineString", "coordinates": [[16.4994645, 43.5250105], [16.4994651, 43.5250067]]}, "properties": {"tema": "zgrade-postojece", "opis": "Postojeće zgrade", "cad_sloj": "TPS_C000_Zgrade POSTOJECE", "list": "2b_Vodoopskrbna mreža_ID_DPU_DRACEVAC", "plan": "DPU radne zone Dračevac", "izvor": "DPU radne zone Dračevac (split.hr), vektorizirano iz PDF-a"}}, {"type": "Feature", "geometry": {"type": "LineString", "coordinates": [[16.4994154, 43.5250098], [16.4994159, 43.5250064]]}, "properties": {"tema": "zgrade-postojece", "opis": "Postojeće zgrade", "cad_sloj": "TPS_C000_Zgrade POSTOJECE", "list": "2b_Vodoopskrbna mreža_ID_DPU_DRACEVAC", "plan": "DPU radne zone Dračevac", "izvor": "DPU radne zone Dračevac (split.hr), vektorizirano iz PDF-a"}}, {"type": "Feature", "geometry": {"type": "LineString", "coordinates": [[16.4993657, 43.525009], [16.4993667, 43.5250056]]}, "properties": {"tema": "zgrade-postojece", "opis": "Postojeće zgrade", "cad_sloj": "TPS_C000_Zgrade POSTOJECE", "list": "2b_Vodoopskrbna mreža_ID_DPU_DRACEVAC", "plan": "DPU radne zone Dračevac", "izvor": "DPU radne zone Dračevac (split.hr), vektorizirano iz PDF-a"}}, {"type": "Feature", "geometry": {"type": "LineString", "coordinates": [[16.4993369, 43.5250398], [16.4993322, 43.5250398]]}, "properties": {"tema": "zgrade-postojece", "opis": "Postojeće zgrade", "cad_sloj": "TPS_C000_Zgrade POSTOJECE", "list": "2b_Vodoopskrbna mreža_ID_DPU_DRACEVAC", "plan": "DPU radne zone Dračevac", "izvor": "DPU radne zone Dračevac (split.hr), vektorizirano iz PDF-a"}}, {"type": "Feature", "geometry": {"type": "LineString", "coordinates": [[16.4993359, 43.5250756], [16.4993317, 43.5250756]]}, "properties": {"tema": "zgrade-postojece", "opis": "Postojeće zgrade", "cad_sloj": "TPS_C000_Zgrade POSTOJECE", "list": "2b_Vodoopskrbna mreža_ID_DPU_DRACEVAC", "plan": "DPU radne zone Dračevac", "izvor": "DPU radne zone Dračevac (split.hr), vektorizirano iz PDF-a"}}, {"type": "Feature", "geometry": {"type": "LineString", "coordinates": [[16.4993353, 43.5251118], [16.4993306, 43.5251118]]}, "properties": {"tema": "zgrade-postojece", "opis": "Postojeće zgrade", "cad_sloj": "TPS_C000_Zgrade POSTOJECE", "list": "2b_Vodoopskrbna mreža_ID_DPU_DRACEVAC", "plan": "DPU radne zone Dračevac", "izvor": "DPU radne zone Dračevac (split.hr), vektorizirano iz PDF-a"}}, {"type": "Feature", "geometry": {"type": "LineString", "coordinates": [[16.4993343, 43.5251476], [16.4993296, 43.5251476]]}, "properties": {"tema": "zgrade-postojece", "opis": "Postojeće zgrade", "cad_sloj": "TPS_C000_Zgrade POSTOJECE", "list": "2b_Vodoopskrbna mreža_ID_DPU_DRACEVAC", "plan": "DPU radne zone Dračevac", "izvor": "DPU radne zone Dračevac (split.hr), vektorizirano iz PDF-a"}}, {"type": "Feature", "geometry": {"type": "LineString", "coordinates": [[16.4993332, 43.5251837], [16.499329, 43.5251833]]}, "properties": {"tema": "zgrade-postojece", "opis": "Postojeće zgrade", "cad_sloj": "TPS_C000_Zgrade POSTOJECE", "list": "2b_Vodoopskrbna mreža_ID_DPU_DRACEVAC", "plan": "DPU radne zone Dračevac", "izvor": "DPU radne zone Dračevac (split.hr), vektorizirano iz PDF-a"}}, {"type": "Feature", "geometry": {"type": "LineString", "coordinates": [[16.4993327, 43.5252165], [16.499328, 43.5252165]]}, "properties": {"tema": "zgrade-postojece", "opis": "Postojeće zgrade", "cad_sloj": "TPS_C000_Zgrade POSTOJECE", "list": "2b_Vodoopskrbna mreža_ID_DPU_DRACEVAC", "plan": "DPU radne zone Dračevac", "izvor": "DPU radne zone Dračevac (split.hr), vektorizirano iz PDF-a"}}, {"type": "Feature", "geometry": {"type": "LineString", "coordinates": [[16.4993029, 43.5252442], [16.4992982, 43.5252442]]}, "properties": {"tema": "zgrade-postojece", "opis": "Postojeće zgrade", "cad_sloj": "TPS_C000_Zgrade POSTOJECE", "list": "2b_Vodoopskrbna mreža_ID_DPU_DRACEVAC", "plan": "DPU radne zone Dračevac", "izvor": "DPU radne zone Dračevac (split.hr), vektorizirano iz PDF-a"}}, {"type": "Feature", "geometry": {"type": "LineString", "coordinates": [[16.4993301, 43.5252987], [16.4993259, 43.5252983]]}, "properties": {"tema": "zgrade-postojece", "opis": "Postojeće zgrade", "cad_sloj": "TPS_C000_Zgrade POSTOJECE", "list": "2b_Vodoopskrbna mreža_ID_DPU_DRACEVAC", "plan": "DPU radne zone Dračevac", "izvor": "DPU radne zone Dračevac (split.hr), vektorizirano iz PDF-a"}}, {"type": "Feature", "geometry": {"type": "LineString", "coordinates": [[16.4992998, 43.5253523], [16.499295, 43.5253523]]}, "properties": {"tema": "zgrade-postojece", "opis": "Postojeće zgrade", "cad_sloj": "TPS_C000_Zgrade POSTOJECE", "list": "2b_Vodoopskrbna mreža_ID_DPU_DRACEVAC", "plan": "DPU radne zone Dračevac", "izvor": "DPU radne zone Dračevac (split.hr), vektorizirano iz PDF-a"}}, {"type": "Feature", "geometry": {"type": "LineString", "coordinates": [[16.4992987, 43.5253805], [16.4992945, 43.5253805]]}, "properties": {"tema": "zgrade-postojece", "opis": "Postojeće zgrade", "cad_sloj": "TPS_C000_Zgrade POSTOJECE", "list": "2b_Vodoopskrbna mreža_ID_DPU_DRACEVAC", "plan": "DPU radne zone Dračevac", "izvor": "DPU radne zone Dračevac (split.hr), vektorizirano iz PDF-a"}}, {"type": "Feature", "geometry": {"type": "LineString", "coordinates": [[16.4993275, 43.5254056], [16.4993228, 43.5254056]]}, "properties": {"tema": "zgrade-postojece", "opis": "Postojeće zgrade", "cad_sloj": "TPS_C000_Zgrade POSTOJECE", "list": "2b_Vodoopskrbna mreža_ID_DPU_DRACEVAC", "plan": "DPU radne zone Dračevac", "izvor": "DPU radne zone Dračevac (split.hr), vektorizirano iz PDF-a"}}, {"type": "Feature", "geometry": {"type": "LineString", "coordinates": [[16.499327, 43.5254418], [16.4993222, 43.5254414]]}, "properties": {"tema": "zgrade-postojece", "opis": "Postojeće zgrade", "cad_sloj": "TPS_C000_Zgrade POSTOJECE", "list": "2b_Vodoopskrbna mreža_ID_DPU_DRACEVAC", "plan": "DPU radne zone Dračevac", "izvor": "DPU radne zone Dračevac (split.hr), vektorizirano iz PDF-a"}}, {"type": "Feature", "geometry": {"type": "LineString", "coordinates": [[16.4993259, 43.5254776], [16.4993217, 43.5254776]]}, "properties": {"tema": "zgrade-postojece", "opis": "Postojeće zgrade", "cad_sloj": "TPS_C000_Zgrade POSTOJECE", "list": "2b_Vodoopskrbna mreža_ID_DPU_DRACEVAC", "plan": "DPU radne zone Dračevac", "izvor": "DPU radne zone Dračevac (split.hr), vektorizirano iz PDF-a"}}, {"type": "Feature", "geometry": {"type": "LineString", "coordinates": [[16.4993254, 43.5255133], [16.4993212, 43.5255133]]}, "properties": {"tema": "zgrade-postojece", "opis": "Postojeće zgrade", "cad_sloj": "TPS_C000_Zgrade POSTOJECE", "list": "2b_Vodoopskrbna mreža_ID_DPU_DRACEVAC", "plan": "DPU radne zone Dračevac", "izvor": "DPU radne zone Dračevac (split.hr), vektorizirano iz PDF-a"}}, {"type": "Feature", "geometry": {"type": "LineString", "coordinates": [[16.4993249, 43.5255381], [16.4993207, 43.5255381]]}, "properties": {"tema": "zgrade-postojece", "opis": "Postojeće zgrade", "cad_sloj": "TPS_C000_Zgrade POSTOJECE", "list": "2b_Vodoopskrbna mreža_ID_DPU_DRACEVAC", "plan": "DPU radne zone Dračevac", "izvor": "DPU radne zone Dračevac (split.hr), vektorizirano iz PDF-a"}}, {"type": "Feature", "geometry": {"type": "LineString", "coordinates": [[16.49935, 43.5255366], [16.4993505, 43.52554]]}, "properties": {"tema": "zgrade-postojece", "opis": "Postojeće zgrade", "cad_sloj": "TPS_C000_Zgrade POSTOJECE", "list": "2b_Vodoopskrbna mreža_ID_DPU_DRACEVAC", "plan": "DPU radne zone Dračevac", "izvor": "DPU radne zone Dračevac (split.hr), vektorizirano iz PDF-a"}}, {"type": "Feature", "geometry": {"type": "LineString", "coordinates": [[16.4993777, 43.5255369], [16.4993782, 43.5255404]]}, "properties": {"tema": "zgrade-postojece", "opis": "Postojeće zgrade", "cad_sloj": "TPS_C000_Zgrade POSTOJECE", "list": "2b_Vodoopskrbna mreža_ID_DPU_DRACEVAC", "plan": "DPU radne zone Dračevac", "izvor": "DPU radne zone Dračevac (split.hr), vektorizirano iz PDF-a"}}, {"type": "Feature", "geometry": {"type": "LineString", "coordinates": [[16.4993793, 43.5255636], [16.4993751, 43.5255636]]}, "properties": {"tema": "zgrade-postojece", "opis": "Postojeće zgrade", "cad_sloj": "TPS_C000_Zgrade POSTOJECE", "list": "2b_Vodoopskrbna mreža_ID_DPU_DRACEVAC", "plan": "DPU radne zone Dračevac", "izvor": "DPU radne zone Dračevac (split.hr), vektorizirano iz PDF-a"}}, {"type": "Feature", "geometry": {"type": "LineString", "coordinates": [[16.4993787, 43.5255887], [16.4993746, 43.5255887]]}, "properties": {"tema": "zgrade-postojece", "opis": "Postojeće zgrade", "cad_sloj": "TPS_C000_Zgrade POSTOJECE", "list": "2b_Vodoopskrbna mreža_ID_DPU_DRACEVAC", "plan": "DPU radne zone Dračevac", "izvor": "DPU radne zone Dračevac (split.hr), vektorizirano iz PDF-a"}}, {"type": "Feature", "geometry": {"type": "LineString", "coordinates": [[16.4993322, 43.5255898], [16.4993327, 43.5255864]]}, "properties": {"tema": "zgrade-postojece", "opis": "Postojeće zgrade", "cad_sloj": "TPS_C000_Zgrade POSTOJECE", "list": "2b_Vodoopskrbna mreža_ID_DPU_DRACEVAC", "plan": "DPU radne zone Dračevac", "izvor": "DPU radne zone Dračevac (split.hr), vektorizirano iz PDF-a"}}, {"type": "Feature", "geometry": {"type": "LineString", "coordinates": [[16.4992882, 43.5255895], [16.4992888, 43.5255857]]}, "properties": {"tema": "zgrade-postojece", "opis": "Postojeće zgrade", "cad_sloj": "TPS_C000_Zgrade POSTOJECE", "list": "2b_Vodoopskrbna mreža_ID_DPU_DRACEVAC", "plan": "DPU radne zone Dračevac", "izvor": "DPU radne zone Dračevac (split.hr), vektorizirano iz PDF-a"}}, {"type": "Feature", "geometry": {"type": "LineString", "coordinates": [[16.4992903, 43.5256062], [16.4992856, 43.5256058]]}, "properties": {"tema": "zgrade-postojece", "opis": "Postojeće zgrade", "cad_sloj": "TPS_C000_Zgrade POSTOJECE", "list": "2b_Vodoopskrbna mreža_ID_DPU_DRACEVAC", "plan": "DPU radne zone Dračevac", "izvor": "DPU radne zone Dračevac (split.hr), vektorizirano iz PDF-a"}}, {"type": "Feature", "geometry": {"type": "LineString", "coordinates": [[16.4992893, 43.525642], [16.4992851, 43.525642]]}, "properties": {"tema": "zgrade-postojece", "opis": "Postojeće zgrade", "cad_sloj": "TPS_C000_Zgrade POSTOJECE", "list": "2b_Vodoopskrbna mreža_ID_DPU_DRACEVAC", "plan": "DPU radne zone Dračevac", "izvor": "DPU radne zone Dračevac (split.hr), vektorizirano iz PDF-a"}}, {"type": "Feature", "geometry": {"type": "LineString", "coordinates": [[16.4992882, 43.5256778], [16.4992841, 43.5256778]]}, "properties": {"tema": "zgrade-postojece", "opis": "Postojeće zgrade", "cad_sloj": "TPS_C000_Zgrade POSTOJECE", "list": "2b_Vodoopskrbna mreža_ID_DPU_DRACEVAC", "plan": "DPU radne zone Dračevac", "izvor": "DPU radne zone Dračevac (split.hr), vektorizirano iz PDF-a"}}, {"type": "Feature", "geometry": {"type": "LineString", "coordinates": [[16.4992872, 43.5257139], [16.499283, 43.5257135]]}, "properties": {"tema": "zgrade-postojece", "opis": "Postojeće zgrade", "cad_sloj": "TPS_C000_Zgrade POSTOJECE", "list": "2b_Vodoopskrbna mreža_ID_DPU_DRACEVAC", "plan": "DPU radne zone Dračevac", "izvor": "DPU radne zone Dračevac (split.hr), vektorizirano iz PDF-a"}}, {"type": "Feature", "geometry": {"type": "LineString", "coordinates": [[16.4992867, 43.5257322], [16.4992825, 43.5257322]]}, "properties": {"tema": "zgrade-postojece", "opis": "Postojeće zgrade", "cad_sloj": "TPS_C000_Zgrade POSTOJECE", "list": "2b_Vodoopskrbna mreža_ID_DPU_DRACEVAC", "plan": "DPU radne zone Dračevac", "izvor": "DPU radne zone Dračevac (split.hr), vektorizirano iz PDF-a"}}, {"type": "Feature", "geometry": {"type": "LineString", "coordinates": [[16.4993128, 43.5257307], [16.4993133, 43.5257345]]}, "properties": {"tema": "zgrade-postojece", "opis": "Postojeće zgrade", "cad_sloj": "TPS_C000_Zgrade POSTOJECE", "list": "2b_Vodoopskrbna mreža_ID_DPU_DRACEVAC", "plan": "DPU radne zone Dračevac", "izvor": "DPU radne zone Dračevac (split.hr), vektorizirano iz PDF-a"}}, {"type": "Feature", "geometry": {"type": "LineString", "coordinates": [[16.4993625, 43.5257314], [16.499363, 43.5257349]]}, "properties": {"tema": "zgrade-postojece", "opis": "Postojeće zgrade", "cad_sloj": "TPS_C000_Zgrade POSTOJECE", "list": "2b_Vodoopskrbna mreža_ID_DPU_DRACEVAC", "plan": "DPU radne zone Dračevac", "izvor": "DPU radne zone Dračevac (split.hr), vektorizirano iz PDF-a"}}, {"type": "Feature", "geometry": {"type": "LineString", "coordinates": [[16.4994117, 43.5257322], [16.4994122, 43.5257356]]}, "properties": {"tema": "zgrade-postojece", "opis": "Postojeće zgrade", "cad_sloj": "TPS_C000_Zgrade POSTOJECE", "list": "2b_Vodoopskrbna mreža_ID_DPU_DRACEVAC", "plan": "DPU radne zone Dračevac", "izvor": "DPU radne zone Dračevac (split.hr), vektorizirano iz PDF-a"}}, {"type": "Feature", "geometry": {"type": "LineString", "coordinates": [[16.4994614, 43.5257326], [16.4994614, 43.5257364]]}, "properties": {"tema": "zgrade-postojece", "opis": "Postojeće zgrade", "cad_sloj": "TPS_C000_Zgrade POSTOJECE", "list": "2b_Vodoopskrbna mreža_ID_DPU_DRACEVAC", "plan": "DPU radne zone Dračevac", "izvor": "DPU radne zone Dračevac (split.hr), vektorizirano iz PDF-a"}}, {"type": "Feature", "geometry": {"type": "LineString", "coordinates": [[16.4995106, 43.5257333], [16.4995111, 43.5257368]]}, "properties": {"tema": "zgrade-postojece", "opis": "Postojeće zgrade", "cad_sloj": "TPS_C000_Zgrade POSTOJECE", "list": "2b_Vodoopskrbna mreža_ID_DPU_DRACEVAC", "plan": "DPU radne zone Dračevac", "izvor": "DPU radne zone Dračevac (split.hr), vektorizirano iz PDF-a"}}, {"type": "Feature", "geometry": {"type": "LineString", "coordinates": [[16.4995393, 43.5257337], [16.4995399, 43.5257371]]}, "properties": {"tema": "zgrade-postojece", "opis": "Postojeće zgrade", "cad_sloj": "TPS_C000_Zgrade POSTOJECE", "list": "2b_Vodoopskrbna mreža_ID_DPU_DRACEVAC", "plan": "DPU radne zone Dračevac", "izvor": "DPU radne zone Dračevac (split.hr), vektorizirano iz PDF-a"}}, {"type": "Feature", "geometry": {"type": "LineString", "coordinates": [[16.4984398, 43.5254064], [16.4984398, 43.5254102]]}, "properties": {"tema": "zgrade-postojece", "opis": "Postojeće zgrade", "cad_sloj": "TPS_C000_Zgrade POSTOJECE", "list": "2b_Vodoopskrbna mreža_ID_DPU_DRACEVAC", "plan": "DPU radne zone Dračevac", "izvor": "DPU radne zone Dračevac (split.hr), vektorizirano iz PDF-a"}}, {"type": "Feature", "geometry": {"type": "LineString", "coordinates": [[16.4984785, 43.5254068], [16.498478, 43.5254106]]}, "properties": {"tema": "zgrade-postojece", "opis": "Postojeće zgrade", "cad_sloj": "TPS_C000_Zgrade POSTOJECE", "list": "2b_Vodoopskrbna mreža_ID_DPU_DRACEVAC", "plan": "DPU radne zone Dračevac", "izvor": "DPU radne zone Dračevac (split.hr), vektorizirano iz PDF-a"}}, {"type": "Feature", "geometry": {"type": "LineString", "coordinates": [[16.4985151, 43.5253862], [16.4985146, 43.5253896]]}, "properties": {"tema": "zgrade-postojece", "opis": "Postojeće zgrade", "cad_sloj": "TPS_C000_Zgrade POSTOJECE", "list": "2b_Vodoopskrbna mreža_ID_DPU_DRACEVAC", "plan": "DPU radne zone Dračevac", "izvor": "DPU radne zone Dračevac (split.hr), vektorizirano iz PDF-a"}}, {"type": "Feature", "geometry": {"type": "LineString", "coordinates": [[16.4985512, 43.5253866], [16.4985512, 43.52539]]}, "properties": {"tema": "zgrade-postojece", "opis": "Postojeće zgrade", "cad_sloj": "TPS_C000_Zgrade POSTOJECE", "list": "2b_Vodoopskrbna mreža_ID_DPU_DRACEVAC", "plan": "DPU radne zone Dračevac", "izvor": "DPU radne zone Dračevac (split.hr), vektorizirano iz PDF-a"}}, {"type": "Feature", "geometry": {"type": "LineString", "coordinates": [[16.4985889, 43.5254087], [16.4985889, 43.5254121]]}, "properties": {"tema": "zgrade-postojece", "opis": "Postojeće zgrade", "cad_sloj": "TPS_C000_Zgrade POSTOJECE", "list": "2b_Vodoopskrbna mreža_ID_DPU_DRACEVAC", "plan": "DPU radne zone Dračevac", "izvor": "DPU radne zone Dračevac (split.hr), vektorizirano iz PDF-a"}}, {"type": "Feature", "geometry": {"type": "LineString", "coordinates": [[16.4986271, 43.525409], [16.4986271, 43.5254125]]}, "properties": {"tema": "zgrade-postojece", "opis": "Postojeće zgrade", "cad_sloj": "TPS_C000_Zgrade POSTOJECE", "list": "2b_Vodoopskrbna mreža_ID_DPU_DRACEVAC", "plan": "DPU radne zone Dračevac", "izvor": "DPU radne zone Dračevac (split.hr), vektorizirano iz PDF-a"}}, {"type": "Feature", "geometry": {"type": "LineString", "coordinates": [[16.4986621, 43.5253881], [16.4986621, 43.5253919]]}, "properties": {"tema": "zgrade-postojece", "opis": "Postojeće zgrade", "cad_sloj": "TPS_C000_Zgrade POSTOJECE", "list": "2b_Vodoopskrbna mreža_ID_DPU_DRACEVAC", "plan": "DPU radne zone Dračevac", "izvor": "DPU radne zone Dračevac (split.hr), vektorizirano iz PDF-a"}}, {"type": "Feature", "geometry": {"type": "LineString", "coordinates": [[16.4987113, 43.5253889], [16.4987113, 43.5253923]]}, "properties": {"tema": "zgrade-postojece", "opis": "Postojeće zgrade", "cad_sloj": "TPS_C000_Zgrade POSTOJECE", "list": "2b_Vodoopskrbna mreža_ID_DPU_DRACEVAC", "plan": "DPU radne zone Dračevac", "izvor": "DPU radne zone Dračevac (split.hr), vektorizirano iz PDF-a"}}, {"type": "Feature", "geometry": {"type": "LineString", "coordinates": [[16.4987604, 43.5253893], [16.4987604, 43.5253927]]}, "properties": {"tema": "zgrade-postojece", "opis": "Postojeće zgrade", "cad_sloj": "TPS_C000_Zgrade POSTOJECE", "list": "2b_Vodoopskrbna mreža_ID_DPU_DRACEVAC", "plan": "DPU radne zone Dračevac", "izvor": "DPU radne zone Dračevac (split.hr), vektorizirano iz PDF-a"}}, {"type": "Feature", "geometry": {"type": "LineString", "coordinates": [[16.4988101, 43.5253896], [16.4988101, 43.5253934]]}, "properties": {"tema": "zgrade-postojece", "opis": "Postojeće zgrade", "cad_sloj": "TPS_C000_Zgrade POSTOJECE", "list": "2b_Vodoopskrbna mreža_ID_DPU_DRACEVAC", "plan": "DPU radne zone Dračevac", "izvor": "DPU radne zone Dračevac (split.hr), vektorizirano iz PDF-a"}}, {"type": "Feature", "geometry": {"type": "LineString", "coordinates": [[16.4988436, 43.52539], [16.4988436, 43.5253938]]}, "properties": {"tema": "zgrade-postojece", "opis": "Postojeće zgrade", "cad_sloj": "TPS_C000_Zgrade POSTOJECE", "list": "2b_Vodoopskrbna mreža_ID_DPU_DRACEVAC", "plan": "DPU radne zone Dračevac", "izvor": "DPU radne zone Dračevac (split.hr), vektorizirano iz PDF-a"}}, {"type": "Feature", "geometry": {"type": "LineString", "coordinates": [[16.4988787, 43.5253664], [16.4988787, 43.5253698]]}, "properties": {"tema": "zgrade-postojece", "opis": "Postojeće zgrade", "cad_sloj": "TPS_C000_Zgrade POSTOJECE", "list": "2b_Vodoopskrbna mreža_ID_DPU_DRACEVAC", "plan": "DPU radne zone Dračevac", "izvor": "DPU radne zone Dračevac (split.hr), vektorizirano iz PDF-a"}}, {"type": "Feature", "geometry": {"type": "LineString", "coordinates": [[16.4989127, 43.5253664], [16.4989127, 43.5253702]]}, "properties": {"tema": "zgrade-postojece", "opis": "Postojeće zgrade", "cad_sloj": "TPS_C000_Zgrade POSTOJECE", "list": "2b_Vodoopskrbna mreža_ID_DPU_DRACEVAC", "plan": "DPU radne zone Dračevac", "izvor": "DPU radne zone Dračevac (split.hr), vektorizirano iz PDF-a"}}, {"type": "Feature", "geometry": {"type": "LineString", "coordinates": [[16.4989148, 43.5253923], [16.49891, 43.5253923]]}, "properties": {"tema": "zgrade-postojece", "opis": "Postojeće zgrade", "cad_sloj": "TPS_C000_Zgrade POSTOJECE", "list": "2b_Vodoopskrbna mreža_ID_DPU_DRACEVAC", "plan": "DPU radne zone Dračevac", "izvor": "DPU radne zone Dračevac (split.hr), vektorizirano iz PDF-a"}}, {"type": "Feature", "geometry": {"type": "LineString", "coordinates": [[16.4989142, 43.5254167], [16.4989095, 43.5254167]]}, "properties": {"tema": "zgrade-postojece", "opis": "Postojeće zgrade", "cad_sloj": "TPS_C000_Zgrade POSTOJECE", "list": "2b_Vodoopskrbna mreža_ID_DPU_DRACEVAC", "plan": "DPU radne zone Dračevac", "izvor": "DPU radne zone Dračevac (split.hr), vektorizirano iz PDF-a"}}, {"type": "Feature", "geometry": {"type": "LineString", "coordinates": [[16.4989372, 43.5254151], [16.4989372, 43.5254186]]}, "properties": {"tema": "zgrade-postojece", "opis": "Postojeće zgrade", "cad_sloj": "TPS_C000_Zgrade POSTOJECE", "list": "2b_Vodoopskrbna mreža_ID_DPU_DRACEVAC", "plan": "DPU radne zone Dračevac", "izvor": "DPU radne zone Dračevac (split.hr), vektorizirano iz PDF-a"}}, {"type": "Feature", "geometry": {"type": "LineString", "coordinates": [[16.4989864, 43.5254155], [16.4989864, 43.5254193]]}, "properties": {"tema": "zgrade-postojece", "opis": "Postojeće zgrade", "cad_sloj": "TPS_C000_Zgrade POSTOJECE", "list": "2b_Vodoopskrbna mreža_ID_DPU_DRACEVAC", "plan": "DPU radne zone Dračevac", "izvor": "DPU radne zone Dračevac (split.hr), vektorizirano iz PDF-a"}}, {"type": "Feature", "geometry": {"type": "LineString", "coordinates": [[16.4990361, 43.5254163], [16.4990361, 43.5254197]]}, "properties": {"tema": "zgrade-postojece", "opis": "Postojeće zgrade", "cad_sloj": "TPS_C000_Zgrade POSTOJECE", "list": "2b_Vodoopskrbna mreža_ID_DPU_DRACEVAC", "plan": "DPU radne zone Dračevac", "izvor": "DPU radne zone Dračevac (split.hr), vektorizirano iz PDF-a"}}, {"type": "Feature", "geometry": {"type": "LineString", "coordinates": [[16.4990853, 43.5254167], [16.4990853, 43.5254205]]}, "properties": {"tema": "zgrade-postojece", "opis": "Postojeće zgrade", "cad_sloj": "TPS_C000_Zgrade POSTOJECE", "list": "2b_Vodoopskrbna mreža_ID_DPU_DRACEVAC", "plan": "DPU radne zone Dračevac", "izvor": "DPU radne zone Dračevac (split.hr), vektorizirano iz PDF-a"}}, {"type": "Feature", "geometry": {"type": "LineString", "coordinates": [[16.4991109, 43.525417], [16.4991104, 43.5254205]]}, "properties": {"tema": "zgrade-postojece", "opis": "Postojeće zgrade", "cad_sloj": "TPS_C000_Zgrade POSTOJECE", "list": "2b_Vodoopskrbna mreža_ID_DPU_DRACEVAC", "plan": "DPU radne zone Dračevac", "izvor": "DPU radne zone Dračevac (split.hr), vektorizirano iz PDF-a"}}, {"type": "Feature", "geometry": {"type": "LineString", "coordinates": [[16.4991088, 43.525398], [16.4991135, 43.5253984]]}, "properties": {"tema": "zgrade-postojece", "opis": "Postojeće zgrade", "cad_sloj": "TPS_C000_Zgrade POSTOJECE", "list": "2b_Vodoopskrbna mreža_ID_DPU_DRACEVAC", "plan": "DPU radne zone Dračevac", "izvor": "DPU radne zone Dračevac (split.hr), vektorizirano iz PDF-a"}}, {"type": "Feature", "geometry": {"type": "LineString", "coordinates": [[16.4991099, 43.5253622], [16.4991146, 43.5253622]]}, "properties": {"tema": "zgrade-postojece", "opis": "Postojeće zgrade", "cad_sloj": "TPS_C000_Zgrade POSTOJECE", "list": "2b_Vodoopskrbna mreža_ID_DPU_DRACEVAC", "plan": "DPU radne zone Dračevac", "izvor": "DPU radne zone Dračevac (split.hr), vektorizirano iz PDF-a"}}, {"type": "Feature", "geometry": {"type": "LineString", "coordinates": [[16.4991109, 43.5253265], [16.4991156, 43.5253265]]}, "properties": {"tema": "zgrade-postojece", "opis": "Postojeće zgrade", "cad_sloj": "TPS_C000_Zgrade POSTOJECE", "list": "2b_Vodoopskrbna mreža_ID_DPU_DRACEVAC", "plan": "DPU radne zone Dračevac", "izvor": "DPU radne zone Dračevac (split.hr), vektorizirano iz PDF-a"}}, {"type": "Feature", "geometry": {"type": "LineString", "coordinates": [[16.499112, 43.5252903], [16.4991167, 43.5252903]]}, "properties": {"tema": "zgrade-postojece", "opis": "Postojeće zgrade", "cad_sloj": "TPS_C000_Zgrade POSTOJECE", "list": "2b_Vodoopskrbna mreža_ID_DPU_DRACEVAC", "plan": "DPU radne zone Dračevac", "izvor": "DPU radne zone Dračevac (split.hr), vektorizirano iz PDF-a"}}, {"type": "Feature", "geometry": {"type": "LineString", "coordinates": [[16.499113, 43.5252545], [16.4991177, 43.5252545]]}, "properties": {"tema": "zgrade-postojece", "opis": "Postojeće zgrade", "cad_sloj": "TPS_C000_Zgrade POSTOJECE", "list": "2b_Vodoopskrbna mreža_ID_DPU_DRACEVAC", "plan": "DPU radne zone Dračevac", "izvor": "DPU radne zone Dračevac (split.hr), vektorizirano iz PDF-a"}}, {"type": "Feature", "geometry": {"type": "LineString", "coordinates": [[16.4991135, 43.525234], [16.4991182, 43.525234]]}, "properties": {"tema": "zgrade-postojece", "opis": "Postojeće zgrade", "cad_sloj": "TPS_C000_Zgrade POSTOJECE", "list": "2b_Vodoopskrbna mreža_ID_DPU_DRACEVAC", "plan": "DPU radne zone Dračevac", "izvor": "DPU radne zone Dračevac (split.hr), vektorizirano iz PDF-a"}}, {"type": "Feature", "geometry": {"type": "LineString", "coordinates": [[16.4990884, 43.5252351], [16.4990884, 43.5252313]]}, "properties": {"tema": "zgrade-postojece", "opis": "Postojeće zgrade", "cad_sloj": "TPS_C000_Zgrade POSTOJECE", "list": "2b_Vodoopskrbna mreža_ID_DPU_DRACEVAC", "plan": "DPU radne zone Dračevac", "izvor": "DPU radne zone Dračevac (split.hr), vektorizirano iz PDF-a"}}, {"type": "Feature", "geometry": {"type": "LineString", "coordinates": [[16.4990612, 43.5252343], [16.4990612, 43.5252305]]}, "properties": {"tema": "zgrade-postojece", "opis": "Postojeće zgrade", "cad_sloj": "TPS_C000_Zgrade POSTOJECE", "list": "2b_Vodoopskrbna mreža_ID_DPU_DRACEVAC", "plan": "DPU radne zone Dračevac", "izvor": "DPU radne zone Dračevac (split.hr), vektorizirano iz PDF-a"}}, {"type": "Feature", "geometry": {"type": "LineString", "coordinates": [[16.4990591, 43.5252134], [16.4990638, 43.5252134]]}, "properties": {"tema": "zgrade-postojece", "opis": "Postojeće zgrade", "cad_sloj": "TPS_C000_Zgrade POSTOJECE", "list": "2b_Vodoopskrbna mreža_ID_DPU_DRACEVAC", "plan": "DPU radne zone Dračevac", "izvor": "DPU radne zone Dračevac (split.hr), vektorizirano iz PDF-a"}}, {"type": "Feature", "geometry": {"type": "LineString", "coordinates": [[16.4990602, 43.5251776], [16.4990649, 43.5251776]]}, "properties": {"tema": "zgrade-postojece", "opis": "Postojeće zgrade", "cad_sloj": "TPS_C000_Zgrade POSTOJECE", "list": "2b_Vodoopskrbna mreža_ID_DPU_DRACEVAC", "plan": "DPU radne zone Dračevac", "izvor": "DPU radne zone Dračevac (split.hr), vektorizirano iz PDF-a"}}, {"type": "Feature", "geometry": {"type": "LineString", "coordinates": [[16.4990607, 43.5251415], [16.4990659, 43.5251415]]}, "properties": {"tema": "zgrade-postojece", "opis": "Postojeće zgrade", "cad_sloj": "TPS_C000_Zgrade POSTOJECE", "list": "2b_Vodoopskrbna mreža_ID_DPU_DRACEVAC", "plan": "DPU radne zone Dračevac", "izvor": "DPU radne zone Dračevac (split.hr), vektorizirano iz PDF-a"}}, {"type": "Feature", "geometry": {"type": "LineString", "coordinates": [[16.4990617, 43.5251057], [16.4990665, 43.5251057]]}, "properties": {"tema": "zgrade-postojece", "opis": "Postojeće zgrade", "cad_sloj": "TPS_C000_Zgrade POSTOJECE", "list": "2b_Vodoopskrbna mreža_ID_DPU_DRACEVAC", "plan": "DPU radne zone Dračevac", "izvor": "DPU radne zone Dračevac (split.hr), vektorizirano iz PDF-a"}}, {"type": "Feature", "geometry": {"type": "LineString", "coordinates": [[16.4990623, 43.5250695], [16.4990675, 43.5250699]]}, "properties": {"tema": "zgrade-postojece", "opis": "Postojeće zgrade", "cad_sloj": "TPS_C000_Zgrade POSTOJECE", "list": "2b_Vodoopskrbna mreža_ID_DPU_DRACEVAC", "plan": "DPU radne zone Dračevac", "izvor": "DPU radne zone Dračevac (split.hr), vektorizirano iz PDF-a"}}, {"type": "Feature", "geometry": {"type": "LineString", "coordinates": [[16.4990633, 43.5250338], [16.499068, 43.5250338]]}, "properties": {"tema": "zgrade-postojece", "opis": "Postojeće zgrade", "cad_sloj": "TPS_C000_Zgrade POSTOJECE", "list": "2b_Vodoopskrbna mreža_ID_DPU_DRACEVAC", "plan": "DPU radne zone Dračevac", "izvor": "DPU radne zone Dračevac (split.hr), vektorizirano iz PDF-a"}}, {"type": "Feature", "geometry": {"type": "LineString", "coordinates": [[16.4990644, 43.524998], [16.4990691, 43.524998]]}, "properties": {"tema": "zgrade-postojece", "opis": "Postojeće zgrade", "cad_sloj": "TPS_C000_Zgrade POSTOJECE", "list": "2b_Vodoopskrbna mreža_ID_DPU_DRACEVAC", "plan": "DPU radne zone Dračevac", "izvor": "DPU radne zone Dračevac (split.hr), vektorizirano iz PDF-a"}}, {"type": "Feature", "geometry": {"type": "LineString", "coordinates": [[16.4990649, 43.5249618], [16.4990701, 43.5249618]]}, "properties": {"tema": "zgrade-postojece", "opis": "Postojeće zgrade", "cad_sloj": "TPS_C000_Zgrade POSTOJECE", "list": "2b_Vodoopskrbna mreža_ID_DPU_DRACEVAC", "plan": "DPU radne zone Dračevac", "izvor": "DPU radne zone Dračevac (split.hr), vektorizirano iz PDF-a"}}, {"type": "Feature", "geometry": {"type": "LineString", "coordinates": [[16.4990204, 43.5249435], [16.4990204, 43.5249401]]}, "properties": {"tema": "zgrade-postojece", "opis": "Postojeće zgrade", "cad_sloj": "TPS_C000_Zgrade POSTOJECE", "list": "2b_Vodoopskrbna mreža_ID_DPU_DRACEVAC", "plan": "DPU radne zone Dračevac", "izvor": "DPU radne zone Dračevac (split.hr), vektorizirano iz PDF-a"}}, {"type": "Feature", "geometry": {"type": "LineString", "coordinates": [[16.4989713, 43.5249428], [16.4989713, 43.524939]]}, "properties": {"tema": "zgrade-postojece", "opis": "Postojeće zgrade", "cad_sloj": "TPS_C000_Zgrade POSTOJECE", "list": "2b_Vodoopskrbna mreža_ID_DPU_DRACEVAC", "plan": "DPU radne zone Dračevac", "izvor": "DPU radne zone Dračevac (split.hr), vektorizirano iz PDF-a"}}, {"type": "Feature", "geometry": {"type": "LineString", "coordinates": [[16.4989237, 43.5249416], [16.4989237, 43.5249382]]}, "properties": {"tema": "zgrade-postojece", "opis": "Postojeće zgrade", "cad_sloj": "TPS_C000_Zgrade POSTOJECE", "list": "2b_Vodoopskrbna mreža_ID_DPU_DRACEVAC", "plan": "DPU radne zone Dračevac", "izvor": "DPU radne zone Dračevac (split.hr), vektorizirano iz PDF-a"}}, {"type": "Feature", "geometry": {"type": "LineString", "coordinates": [[16.4989257, 43.5249725], [16.4989205, 43.5249725]]}, "properties": {"tema": "zgrade-postojece", "opis": "Postojeće zgrade", "cad_sloj": "TPS_C000_Zgrade POSTOJECE", "list": "2b_Vodoopskrbna mreža_ID_DPU_DRACEVAC", "plan": "DPU radne zone Dračevac", "izvor": "DPU radne zone Dračevac (split.hr), vektorizirano iz PDF-a"}}, {"type": "Feature", "geometry": {"type": "LineString", "coordinates": [[16.4989247, 43.5250083], [16.49892, 43.5250083]]}, "properties": {"tema": "zgrade-postojece", "opis": "Postojeće zgrade", "cad_sloj": "TPS_C000_Zgrade POSTOJECE", "list": "2b_Vodoopskrbna mreža_ID_DPU_DRACEVAC", "plan": "DPU radne zone Dračevac", "izvor": "DPU radne zone Dračevac (split.hr), vektorizirano iz PDF-a"}}, {"type": "Feature", "geometry": {"type": "LineString", "coordinates": [[16.4989242, 43.5250444], [16.4989189, 43.525044]]}, "properties": {"tema": "zgrade-postojece", "opis": "Postojeće zgrade", "cad_sloj": "TPS_C000_Zgrade POSTOJECE", "list": "2b_Vodoopskrbna mreža_ID_DPU_DRACEVAC", "plan": "DPU radne zone Dračevac", "izvor": "DPU radne zone Dračevac (split.hr), vektorizirano iz PDF-a"}}, {"type": "Feature", "geometry": {"type": "LineString", "coordinates": [[16.4989237, 43.5250802], [16.4989184, 43.5250802]]}, "properties": {"tema": "zgrade-postojece", "opis": "Postojeće zgrade", "cad_sloj": "TPS_C000_Zgrade POSTOJECE", "list": "2b_Vodoopskrbna mreža_ID_DPU_DRACEVAC", "plan": "DPU radne zone Dračevac", "izvor": "DPU radne zone Dračevac (split.hr), vektorizirano iz PDF-a"}}, {"type": "Feature", "geometry": {"type": "LineString", "coordinates": [[16.4989226, 43.525116], [16.4989179, 43.525116]]}, "properties": {"tema": "zgrade-postojece", "opis": "Postojeće zgrade", "cad_sloj": "TPS_C000_Zgrade POSTOJECE", "list": "2b_Vodoopskrbna mreža_ID_DPU_DRACEVAC", "plan": "DPU radne zone Dračevac", "izvor": "DPU radne zone Dračevac (split.hr), vektorizirano iz PDF-a"}}, {"type": "Feature", "geometry": {"type": "LineString", "coordinates": [[16.4989221, 43.5251521], [16.4989169, 43.5251521]]}, "properties": {"tema": "zgrade-postojece", "opis": "Postojeće zgrade", "cad_sloj": "TPS_C000_Zgrade POSTOJECE", "list": "2b_Vodoopskrbna mreža_ID_DPU_DRACEVAC", "plan": "DPU radne zone Dračevac", "izvor": "DPU radne zone Dračevac (split.hr), vektorizirano iz PDF-a"}}, {"type": "Feature", "geometry": {"type": "LineString", "coordinates": [[16.498921, 43.5251879], [16.4989163, 43.5251879]]}, "properties": {"tema": "zgrade-postojece", "opis": "Postojeće zgrade", "cad_sloj": "TPS_C000_Zgrade POSTOJECE", "list": "2b_Vodoopskrbna mreža_ID_DPU_DRACEVAC", "plan": "DPU radne zone Dračevac", "izvor": "DPU radne zone Dračevac (split.hr), vektorizirano iz PDF-a"}}, {"type": "Feature", "geometry": {"type": "LineString", "coordinates": [[16.4989205, 43.5252237], [16.4989158, 43.5252237]]}, "properties": {"tema": "zgrade-postojece", "opis": "Postojeće zgrade", "cad_sloj": "TPS_C000_Zgrade POSTOJECE", "list": "2b_Vodoopskrbna mreža_ID_DPU_DRACEVAC", "plan": "DPU radne zone Dračevac", "izvor": "DPU radne zone Dračevac (split.hr), vektorizirano iz PDF-a"}}, {"type": "Feature", "geometry": {"type": "LineString", "coordinates": [[16.49892, 43.525256], [16.4989148, 43.525256]]}, "properties": {"tema": "zgrade-postojece", "opis": "Postojeće zgrade", "cad_sloj": "TPS_C000_Zgrade POSTOJECE", "list": "2b_Vodoopskrbna mreža_ID_DPU_DRACEVAC", "plan": "DPU radne zone Dračevac", "izvor": "DPU radne zone Dračevac (split.hr), vektorizirano iz PDF-a"}}, {"type": "Feature", "geometry": {"type": "LineString", "coordinates": [[16.4988818, 43.5252576], [16.4988823, 43.5252538]]}, "properties": {"tema": "zgrade-postojece", "opis": "Postojeće zgrade", "cad_sloj": "TPS_C000_Zgrade POSTOJECE", "list": "2b_Vodoopskrbna mreža_ID_DPU_DRACEVAC", "plan": "DPU radne zone Dračevac", "izvor": "DPU radne zone Dračevac (split.hr), vektorizirano iz PDF-a"}}, {"type": "Feature", "geometry": {"type": "LineString", "coordinates": [[16.4988468, 43.5252572], [16.4988468, 43.5252534]]}, "properties": {"tema": "zgrade-postojece", "opis": "Postojeće zgrade", "cad_sloj": "TPS_C000_Zgrade POSTOJECE", "list": "2b_Vodoopskrbna mreža_ID_DPU_DRACEVAC", "plan": "DPU radne zone Dračevac", "izvor": "DPU radne zone Dračevac (split.hr), vektorizirano iz PDF-a"}}, {"type": "Feature", "geometry": {"type": "LineString", "coordinates": [[16.4988452, 43.525229], [16.4988499, 43.5252294]]}, "properties": {"tema": "zgrade-postojece", "opis": "Postojeće zgrade", "cad_sloj": "TPS_C000_Zgrade POSTOJECE", "list": "2b_Vodoopskrbna mreža_ID_DPU_DRACEVAC", "plan": "DPU radne zone Dračevac", "izvor": "DPU radne zone Dračevac (split.hr), vektorizirano iz PDF-a"}}, {"type": "Feature", "geometry": {"type": "LineString", "coordinates": [[16.4988049, 43.5252043], [16.4988049, 43.5252008]]}, "properties": {"tema": "zgrade-postojece", "opis": "Postojeće zgrade", "cad_sloj": "TPS_C000_Zgrade POSTOJECE", "list": "2b_Vodoopskrbna mreža_ID_DPU_DRACEVAC", "plan": "DPU radne zone Dračevac", "izvor": "DPU radne zone Dračevac (split.hr), vektorizirano iz PDF-a"}}, {"type": "Feature", "geometry": {"type": "LineString", "coordinates": [[16.4987552, 43.5252039], [16.4987552, 43.5252001]]}, "properties": {"tema": "zgrade-postojece", "opis": "Postojeće zgrade", "cad_sloj": "TPS_C000_Zgrade POSTOJECE", "list": "2b_Vodoopskrbna mreža_ID_DPU_DRACEVAC", "plan": "DPU radne zone Dračevac", "izvor": "DPU radne zone Dračevac (split.hr), vektorizirano iz PDF-a"}}, {"type": "Feature", "geometry": {"type": "LineString", "coordinates": [[16.498706, 43.5252031], [16.498706, 43.5251997]]}, "properties": {"tema": "zgrade-postojece", "opis": "Postojeće zgrade", "cad_sloj": "TPS_C000_Zgrade POSTOJECE", "list": "2b_Vodoopskrbna mreža_ID_DPU_DRACEVAC", "plan": "DPU radne zone Dračevac", "izvor": "DPU radne zone Dračevac (split.hr), vektorizirano iz PDF-a"}}, {"type": "Feature", "geometry": {"type": "LineString", "coordinates": [[16.4986564, 43.5252024], [16.4986569, 43.5251989]]}, "properties": {"tema": "zgrade-postojece", "opis": "Postojeće zgrade", "cad_sloj": "TPS_C000_Zgrade POSTOJECE", "list": "2b_Vodoopskrbna mreža_ID_DPU_DRACEVAC", "plan": "DPU radne zone Dračevac", "izvor": "DPU radne zone Dračevac (split.hr), vektorizirano iz PDF-a"}}, {"type": "Feature", "geometry": {"type": "LineString", "coordinates": [[16.4986072, 43.525202], [16.4986072, 43.5251982]]}, "properties": {"tema": "zgrade-postojece", "opis": "Postojeće zgrade", "cad_sloj": "TPS_C000_Zgrade POSTOJECE", "list": "2b_Vodoopskrbna mreža_ID_DPU_DRACEVAC", "plan": "DPU radne zone Dračevac", "izvor": "DPU radne zone Dračevac (split.hr), vektorizirano iz PDF-a"}}, {"type": "Feature", "geometry": {"type": "LineString", "coordinates": [[16.498558, 43.5252012], [16.498558, 43.5251974]]}, "properties": {"tema": "zgrade-postojece", "opis": "Postojeće zgrade", "cad_sloj": "TPS_C000_Zgrade POSTOJECE", "list": "2b_Vodoopskrbna mreža_ID_DPU_DRACEVAC", "plan": "DPU radne zone Dračevac", "izvor": "DPU radne zone Dračevac (split.hr), vektorizirano iz PDF-a"}}, {"type": "Feature", "geometry": {"type": "LineString", "coordinates": [[16.4985083, 43.5252005], [16.4985083, 43.525197]]}, "properties": {"tema": "zgrade-postojece", "opis": "Postojeće zgrade", "cad_sloj": "TPS_C000_Zgrade POSTOJECE", "list": "2b_Vodoopskrbna mreža_ID_DPU_DRACEVAC", "plan": "DPU radne zone Dračevac", "izvor": "DPU radne zone Dračevac (split.hr), vektorizirano iz PDF-a"}}, {"type": "Feature", "geometry": {"type": "LineString", "coordinates": [[16.4984591, 43.5252001], [16.4984591, 43.5251963]]}, "properties": {"tema": "zgrade-postojece", "opis": "Postojeće zgrade", "cad_sloj": "TPS_C000_Zgrade POSTOJECE", "list": "2b_Vodoopskrbna mreža_ID_DPU_DRACEVAC", "plan": "DPU radne zone Dračevac", "izvor": "DPU radne zone Dračevac (split.hr), vektorizirano iz PDF-a"}}, {"type": "Feature", "geometry": {"type": "LineString", "coordinates": [[16.4984095, 43.5251993], [16.49841, 43.5251955]]}, "properties": {"tema": "zgrade-postojece", "opis": "Postojeće zgrade", "cad_sloj": "TPS_C000_Zgrade POSTOJECE", "list": "2b_Vodoopskrbna mreža_ID_DPU_DRACEVAC", "plan": "DPU radne zone Dračevac", "izvor": "DPU radne zone Dračevac (split.hr), vektorizirano iz PDF-a"}}, {"type": "Feature", "geometry": {"type": "LineString", "coordinates": [[16.4983603, 43.5251986], [16.4983603, 43.5251951]]}, "properties": {"tema": "zgrade-postojece", "opis": "Postojeće zgrade", "cad_sloj": "TPS_C000_Zgrade POSTOJECE", "list": "2b_Vodoopskrbna mreža_ID_DPU_DRACEVAC", "plan": "DPU radne zone Dračevac", "izvor": "DPU radne zone Dračevac (split.hr), vektorizirano iz PDF-a"}}, {"type": "Feature", "geometry": {"type": "LineString", "coordinates": [[16.4983111, 43.5251982], [16.4983111, 43.5251944]]}, "properties": {"tema": "zgrade-postojece", "opis": "Postojeće zgrade", "cad_sloj": "TPS_C000_Zgrade POSTOJECE", "list": "2b_Vodoopskrbna mreža_ID_DPU_DRACEVAC", "plan": "DPU radne zone Dračevac", "izvor": "DPU radne zone Dračevac (split.hr), vektorizirano iz PDF-a"}}, {"type": "Feature", "geometry": {"type": "LineString", "coordinates": [[16.4982614, 43.5251974], [16.4982619, 43.5251936]]}, "properties": {"tema": "zgrade-postojece", "opis": "Postojeće zgrade", "cad_sloj": "TPS_C000_Zgrade POSTOJECE", "list": "2b_Vodoopskrbna mreža_ID_DPU_DRACEVAC", "plan": "DPU radne zone Dračevac", "izvor": "DPU radne zone Dračevac (split.hr), vektorizirano iz PDF-a"}}, {"type": "Feature", "geometry": {"type": "LineString", "coordinates": [[16.4982122, 43.5251966], [16.4982122, 43.5251932]]}, "properties": {"tema": "zgrade-postojece", "opis": "Postojeće zgrade", "cad_sloj": "TPS_C000_Zgrade POSTOJECE", "list": "2b_Vodoopskrbna mreža_ID_DPU_DRACEVAC", "plan": "DPU radne zone Dračevac", "izvor": "DPU radne zone Dračevac (split.hr), vektorizirano iz PDF-a"}}, {"type": "Feature", "geometry": {"type": "LineString", "coordinates": [[16.4981631, 43.5251959], [16.4981631, 43.5251925]]}, "properties": {"tema": "zgrade-postojece", "opis": "Postojeće zgrade", "cad_sloj": "TPS_C000_Zgrade POSTOJECE", "list": "2b_Vodoopskrbna mreža_ID_DPU_DRACEVAC", "plan": "DPU radne zone Dračevac", "izvor": "DPU radne zone Dračevac (split.hr), vektorizirano iz PDF-a"}}, {"type": "Feature", "geometry": {"type": "LineString", "coordinates": [[16.4981197, 43.5251955], [16.4981197, 43.5251921]]}, "properties": {"tema": "zgrade-postojece", "opis": "Postojeće zgrade", "cad_sloj": "TPS_C000_Zgrade POSTOJECE", "list": "2b_Vodoopskrbna mreža_ID_DPU_DRACEVAC", "plan": "DPU radne zone Dračevac", "izvor": "DPU radne zone Dračevac (split.hr), vektorizirano iz PDF-a"}}, {"type": "Feature", "geometry": {"type": "LineString", "coordinates": [[16.4981218, 43.5252161], [16.4981165, 43.5252161]]}, "properties": {"tema": "zgrade-postojece", "opis": "Postojeće zgrade", "cad_sloj": "TPS_C000_Zgrade POSTOJECE", "list": "2b_Vodoopskrbna mreža_ID_DPU_DRACEVAC", "plan": "DPU radne zone Dračevac", "izvor": "DPU radne zone Dračevac (split.hr), vektorizirano iz PDF-a"}}, {"type": "Feature", "geometry": {"type": "LineString", "coordinates": [[16.4981207, 43.5252518], [16.4981155, 43.5252518]]}, "properties": {"tema": "zgrade-postojece", "opis": "Postojeće zgrade", "cad_sloj": "TPS_C000_Zgrade POSTOJECE", "list": "2b_Vodoopskrbna mreža_ID_DPU_DRACEVAC", "plan": "DPU radne zone Dračevac", "izvor": "DPU radne zone Dračevac (split.hr), vektorizirano iz PDF-a"}}, {"type": "Feature", "geometry": {"type": "LineString", "coordinates": [[16.4981197, 43.525288], [16.4981149, 43.525288]]}, "properties": {"tema": "zgrade-postojece", "opis": "Postojeće zgrade", "cad_sloj": "TPS_C000_Zgrade POSTOJECE", "list": "2b_Vodoopskrbna mreža_ID_DPU_DRACEVAC", "plan": "DPU radne zone Dračevac", "izvor": "DPU radne zone Dračevac (split.hr), vektorizirano iz PDF-a"}}, {"type": "Feature", "geometry": {"type": "LineString", "coordinates": [[16.4981186, 43.5253238], [16.4981139, 43.5253238]]}, "properties": {"tema": "zgrade-postojece", "opis": "Postojeće zgrade", "cad_sloj": "TPS_C000_Zgrade POSTOJECE", "list": "2b_Vodoopskrbna mreža_ID_DPU_DRACEVAC", "plan": "DPU radne zone Dračevac", "izvor": "DPU radne zone Dračevac (split.hr), vektorizirano iz PDF-a"}}, {"type": "Feature", "geometry": {"type": "LineString", "coordinates": [[16.4981181, 43.5253599], [16.4981129, 43.5253596]]}, "properties": {"tema": "zgrade-postojece", "opis": "Postojeće zgrade", "cad_sloj": "TPS_C000_Zgrade POSTOJECE", "list": "2b_Vodoopskrbna mreža_ID_DPU_DRACEVAC", "plan": "DPU radne zone Dračevac", "izvor": "DPU radne zone Dračevac (split.hr), vektorizirano iz PDF-a"}}, {"type": "Feature", "geometry": {"type": "LineString", "coordinates": [[16.4981599, 43.5253809], [16.4981599, 43.5253843]]}, "properties": {"tema": "zgrade-postojece", "opis": "Postojeće zgrade", "cad_sloj": "TPS_C000_Zgrade POSTOJECE", "list": "2b_Vodoopskrbna mreža_ID_DPU_DRACEVAC", "plan": "DPU radne zone Dračevac", "izvor": "DPU radne zone Dračevac (split.hr), vektorizirano iz PDF-a"}}, {"type": "Feature", "geometry": {"type": "LineString", "coordinates": [[16.4982091, 43.5253813], [16.4982091, 43.5253851]]}, "properties": {"tema": "zgrade-postojece", "opis": "Postojeće zgrade", "cad_sloj": "TPS_C000_Zgrade POSTOJECE", "list": "2b_Vodoopskrbna mreža_ID_DPU_DRACEVAC", "plan": "DPU radne zone Dračevac", "izvor": "DPU radne zone Dračevac (split.hr), vektorizirano iz PDF-a"}}, {"type": "Feature", "geometry": {"type": "LineString", "coordinates": [[16.4982588, 43.525382], [16.4982588, 43.5253854]]}, "properties": {"tema": "zgrade-postojece", "opis": "Postojeće zgrade", "cad_sloj": "TPS_C000_Zgrade POSTOJECE", "list": "2b_Vodoopskrbna mreža_ID_DPU_DRACEVAC", "plan": "DPU radne zone Dračevac", "izvor": "DPU radne zone Dračevac (split.hr), vektorizirano iz PDF-a"}}, {"type": "Feature", "geometry": {"type": "LineString", "coordinates": [[16.498308, 43.5253828], [16.498308, 43.5253862]]}, "properties": {"tema": "zgrade-postojece", "opis": "Postojeće zgrade", "cad_sloj": "TPS_C000_Zgrade POSTOJECE", "list": "2b_Vodoopskrbna mreža_ID_DPU_DRACEVAC", "plan": "DPU radne zone Dračevac", "izvor": "DPU radne zone Dračevac (split.hr), vektorizirano iz PDF-a"}}, {"type": "Feature", "geometry": {"type": "LineString", "coordinates": [[16.4983571, 43.5253832], [16.4983571, 43.525387]]}, "properties": {"tema": "zgrade-postojece", "opis": "Postojeće zgrade", "cad_sloj": "TPS_C000_Zgrade POSTOJECE", "list": "2b_Vodoopskrbna mreža_ID_DPU_DRACEVAC", "plan": "DPU radne zone Dračevac", "izvor": "DPU radne zone Dračevac (split.hr), vektorizirano iz PDF-a"}}, {"type": "Feature", "geometry": {"type": "LineString", "coordinates": [[16.4984021, 43.5253839], [16.4984021, 43.5253873]]}, "properties": {"tema": "zgrade-postojece", "opis": "Postojeće zgrade", "cad_sloj": "TPS_C000_Zgrade POSTOJECE", "list": "2b_Vodoopskrbna mreža_ID_DPU_DRACEVAC", "plan": "DPU radne zone Dračevac", "izvor": "DPU radne zone Dračevac (split.hr), vektorizirano iz PDF-a"}}, {"type": "Feature", "geometry": {"type": "Polygon", "coordinates": [[[16.497687, 43.525964], [16.4976823, 43.525964], [16.4976876, 43.5259476], [16.497687, 43.525964]]]}, "properties": {"tema": "zgrade-postojece", "opis": "Postojeće zgrade", "cad_sloj": "TPS_C000_Zgrade POSTOJECE", "list": "2b_Vodoopskrbna mreža_ID_DPU_DRACEVAC", "plan": "DPU radne zone Dračevac", "izvor": "DPU radne zone Dračevac (split.hr), vektorizirano iz PDF-a"}}, {"type": "Feature", "geometry": {"type": "Polygon", "coordinates": [[[16.4976823, 43.525964], [16.4976876, 43.5259476], [16.4976823, 43.5259476], [16.4976823, 43.525964]]]}, "properties": {"tema": "zgrade-postojece", "opis": "Postojeće zgrade", "cad_sloj": "TPS_C000_Zgrade POSTOJECE", "list": "2b_Vodoopskrbna mreža_ID_DPU_DRACEVAC", "plan": "DPU radne zone Dračevac", "izvor": "DPU radne zone Dračevac (split.hr), vektorizirano iz PDF-a"}}, {"type": "Feature", "geometry": {"type": "Polygon", "coordinates": [[[16.4976881, 43.5259297], [16.4976828, 43.5259297], [16.4976886, 43.5259118], [16.4976881, 43.5259297]]]}, "properties": {"tema": "zgrade-postojece", "opis": "Postojeće zgrade", "cad_sloj": "TPS_C000_Zgrade POSTOJECE", "list": "2b_Vodoopskrbna mreža_ID_DPU_DRACEVAC", "plan": "DPU radne zone Dračevac", "izvor": "DPU radne zone Dračevac (split.hr), vektorizirano iz PDF-a"}}, {"type": "Feature", "geometry": {"type": "Polygon", "coordinates": [[[16.4976828, 43.5259297], [16.4976886, 43.5259118], [16.4976834, 43.5259118], [16.4976828, 43.5259297]]]}, "properties": {"tema": "zgrade-postojece", "opis": "Postojeće zgrade", "cad_sloj": "TPS_C000_Zgrade POSTOJECE", "list": "2b_Vodoopskrbna mreža_ID_DPU_DRACEVAC", "plan": "DPU radne zone Dračevac", "izvor": "DPU radne zone Dračevac (split.hr), vektorizirano iz PDF-a"}}, {"type": "Feature", "geometry": {"type": "Polygon", "coordinates": [[[16.4976891, 43.5258939], [16.4976839, 43.5258936], [16.4976897, 43.5258757], [16.4976891, 43.5258939]]]}, "properties": {"tema": "zgrade-postojece", "opis": "Postojeće zgrade", "cad_sloj": "TPS_C000_Zgrade POSTOJECE", "list": "2b_Vodoopskrbna mreža_ID_DPU_DRACEVAC", "plan": "DPU radne zone Dračevac", "izvor": "DPU radne zone Dračevac (split.hr), vektorizirano iz PDF-a"}}, {"type": "Feature", "geometry": {"type": "Polygon", "coordinates": [[[16.4976839, 43.5258936], [16.4976897, 43.5258757], [16.4976844, 43.5258757], [16.4976839, 43.5258936]]]}, "properties": {"tema": "zgrade-postojece", "opis": "Postojeće zgrade", "cad_sloj": "TPS_C000_Zgrade POSTOJECE", "list": "2b_Vodoopskrbna mreža_ID_DPU_DRACEVAC", "plan": "DPU radne zone Dračevac", "izvor": "DPU radne zone Dračevac (split.hr), vektorizirano iz PDF-a"}}, {"type": "Feature", "geometry": {"type": "Polygon", "coordinates": [[[16.4976902, 43.5258578], [16.4976849, 43.5258578], [16.4976907, 43.5258399], [16.4976902, 43.5258578]]]}, "properties": {"tema": "zgrade-postojece", "opis": "Postojeće zgrade", "cad_sloj": "TPS_C000_Zgrade POSTOJECE", "list": "2b_Vodoopskrbna mreža_ID_DPU_DRACEVAC", "plan": "DPU radne zone Dračevac", "izvor": "DPU radne zone Dračevac (split.hr), vektorizirano iz PDF-a"}}, {"type": "Feature", "geometry": {"type": "Polygon", "coordinates": [[[16.4976849, 43.5258578], [16.4976907, 43.5258399], [16.4976855, 43.5258399], [16.4976849, 43.5258578]]]}, "properties": {"tema": "zgrade-postojece", "opis": "Postojeće zgrade", "cad_sloj": "TPS_C000_Zgrade POSTOJECE", "list": "2b_Vodoopskrbna mreža_ID_DPU_DRACEVAC", "plan": "DPU radne zone Dračevac", "izvor": "DPU radne zone Dračevac (split.hr), vektorizirano iz PDF-a"}}, {"type": "Feature", "geometry": {"type": "Polygon", "coordinates": [[[16.4976912, 43.525822], [16.497686, 43.525822], [16.4976917, 43.5258041], [16.4976912, 43.525822]]]}, "properties": {"tema": "zgrade-postojece", "opis": "Postojeće zgrade", "cad_sloj": "TPS_C000_Zgrade POSTOJECE", "list": "2b_Vodoopskrbna mreža_ID_DPU_DRACEVAC", "plan": "DPU radne zone Dračevac", "izvor": "DPU radne zone Dračevac (split.hr), vektorizirano iz PDF-a"}}, {"type": "Feature", "geometry": {"type": "Polygon", "coordinates": [[[16.497686, 43.525822], [16.4976917, 43.5258041], [16.4976865, 43.5258037], [16.497686, 43.525822]]]}, "properties": {"tema": "zgrade-postojece", "opis": "Postojeće zgrade", "cad_sloj": "TPS_C000_Zgrade POSTOJECE", "list": "2b_Vodoopskrbna mreža_ID_DPU_DRACEVAC", "plan": "DPU radne zone Dračevac", "izvor": "DPU radne zone Dračevac (split.hr), vektorizirano iz PDF-a"}}, {"type": "Feature", "geometry": {"type": "Polygon", "coordinates": [[[16.4976923, 43.5257858], [16.497687, 43.5257858], [16.4976928, 43.5257695], [16.4976923, 43.5257858]]]}, "properties": {"tema": "zgrade-postojece", "opis": "Postojeće zgrade", "cad_sloj": "TPS_C000_Zgrade POSTOJECE", "list": "2b_Vodoopskrbna mreža_ID_DPU_DRACEVAC", "plan": "DPU radne zone Dračevac", "izvor": "DPU radne zone Dračevac (split.hr), vektorizirano iz PDF-a"}}, {"type": "Feature", "geometry": {"type": "Polygon", "coordinates": [[[16.497687, 43.5257858], [16.4976928, 43.5257695], [16.4976876, 43.5257695], [16.497687, 43.5257858]]]}, "properties": {"tema": "zgrade-postojece", "opis": "Postojeće zgrade", "cad_sloj": "TPS_C000_Zgrade POSTOJECE", "list": "2b_Vodoopskrbna mreža_ID_DPU_DRACEVAC", "plan": "DPU radne zone Dračevac", "izvor": "DPU radne zone Dračevac (split.hr), vektorizirano iz PDF-a"}}, {"type": "Feature", "geometry": {"type": "Polygon", "coordinates": [[[16.4976902, 43.5257714], [16.4976902, 43.5257676], [16.4977074, 43.5257714], [16.4976902, 43.5257714]]]}, "properties": {"tema": "zgrade-postojece", "opis": "Postojeće zgrade", "cad_sloj": "TPS_C000_Zgrade POSTOJECE", "list": "2b_Vodoopskrbna mreža_ID_DPU_DRACEVAC", "plan": "DPU radne zone Dračevac", "izvor": "DPU radne zone Dračevac (split.hr), vektorizirano iz PDF-a"}}, {"type": "Feature", "geometry": {"type": "Polygon", "coordinates": [[[16.4976902, 43.5257676], [16.4977074, 43.5257714], [16.4977074, 43.525768], [16.4976902, 43.5257676]]]}, "properties": {"tema": "zgrade-postojece", "opis": "Postojeće zgrade", "cad_sloj": "TPS_C000_Zgrade POSTOJECE", "list": "2b_Vodoopskrbna mreža_ID_DPU_DRACEVAC", "plan": "DPU radne zone Dračevac", "izvor": "DPU radne zone Dračevac (split.hr), vektorizirano iz PDF-a"}}, {"type": "Feature", "geometry": {"type": "Polygon", "coordinates": [[[16.4977101, 43.5257699], [16.4977048, 43.5257699], [16.4977101, 43.5257558], [16.4977101, 43.5257699]]]}, "properties": {"tema": "zgrade-postojece", "opis": "Postojeće zgrade", "cad_sloj": "TPS_C000_Zgrade POSTOJECE", "list": "2b_Vodoopskrbna mreža_ID_DPU_DRACEVAC", "plan": "DPU radne zone Dračevac", "izvor": "DPU radne zone Dračevac (split.hr), vektorizirano iz PDF-a"}}, {"type": "Feature", "geometry": {"type": "Polygon", "coordinates": [[[16.4977048, 43.5257699], [16.4977101, 43.5257558], [16.4977053, 43.5257558], [16.4977048, 43.5257699]]]}, "properties": {"tema": "zgrade-postojece", "opis": "Postojeće zgrade", "cad_sloj": "TPS_C000_Zgrade POSTOJECE", "list": "2b_Vodoopskrbna mreža_ID_DPU_DRACEVAC", "plan": "DPU radne zone Dračevac", "izvor": "DPU radne zone Dračevac (split.hr), vektorizirano iz PDF-a"}}, {"type": "Feature", "geometry": {"type": "Polygon", "coordinates": [[[16.4977106, 43.5257379], [16.4977059, 43.5257379], [16.4977111, 43.52572], [16.4977106, 43.5257379]]]}, "properties": {"tema": "zgrade-postojece", "opis": "Postojeće zgrade", "cad_sloj": "TPS_C000_Zgrade POSTOJECE", "list": "2b_Vodoopskrbna mreža_ID_DPU_DRACEVAC", "plan": "DPU radne zone Dračevac", "izvor": "DPU radne zone Dračevac (split.hr), vektorizirano iz PDF-a"}}, {"type": "Feature", "geometry": {"type": "Polygon", "coordinates": [[[16.4977059, 43.5257379], [16.4977111, 43.52572], [16.4977064, 43.52572], [16.4977059, 43.5257379]]]}, "properties": {"tema": "zgrade-postojece", "opis": "Postojeće zgrade", "cad_sloj": "TPS_C000_Zgrade POSTOJECE", "list": "2b_Vodoopskrbna mreža_ID_DPU_DRACEVAC", "plan": "DPU radne zone Dračevac", "izvor": "DPU radne zone Dračevac (split.hr), vektorizirano iz PDF-a"}}, {"type": "Feature", "geometry": {"type": "Polygon", "coordinates": [[[16.4977116, 43.5257021], [16.4977064, 43.5257021], [16.4977122, 43.5256842], [16.4977116, 43.5257021]]]}, "properties": {"tema": "zgrade-postojece", "opis": "Postojeće zgrade", "cad_sloj": "TPS_C000_Zgrade POSTOJECE", "list": "2b_Vodoopskrbna mreža_ID_DPU_DRACEVAC", "plan": "DPU radne zone Dračevac", "izvor": "DPU radne zone Dračevac (split.hr), vektorizirano iz PDF-a"}}, {"type": "Feature", "geometry": {"type": "Polygon", "coordinates": [[[16.4977064, 43.5257021], [16.4977122, 43.5256842], [16.4977069, 43.5256838], [16.4977064, 43.5257021]]]}, "properties": {"tema": "zgrade-postojece", "opis": "Postojeće zgrade", "cad_sloj": "TPS_C000_Zgrade POSTOJECE", "list": "2b_Vodoopskrbna mreža_ID_DPU_DRACEVAC", "plan": "DPU radne zone Dračevac", "izvor": "DPU radne zone Dračevac (split.hr), vektorizirano iz PDF-a"}}, {"type": "Feature", "geometry": {"type": "Polygon", "coordinates": [[[16.4977127, 43.5256659], [16.4977074, 43.5256659], [16.4977127, 43.5256481], [16.4977127, 43.5256659]]]}, "properties": {"tema": "zgrade-postojece", "opis": "Postojeće zgrade", "cad_sloj": "TPS_C000_Zgrade POSTOJECE", "list": "2b_Vodoopskrbna mreža_ID_DPU_DRACEVAC", "plan": "DPU radne zone Dračevac", "izvor": "DPU radne zone Dračevac (split.hr), vektorizirano iz PDF-a"}}, {"type": "Feature", "geometry": {"type": "Polygon", "coordinates": [[[16.4977074, 43.5256659], [16.4977127, 43.5256481], [16.497708, 43.5256481], [16.4977074, 43.5256659]]]}, "properties": {"tema": "zgrade-postojece", "opis": "Postojeće zgrade", "cad_sloj": "TPS_C000_Zgrade POSTOJECE", "list": "2b_Vodoopskrbna mreža_ID_DPU_DRACEVAC", "plan": "DPU radne zone Dračevac", "izvor": "DPU radne zone Dračevac (split.hr), vektorizirano iz PDF-a"}}, {"type": "Feature", "geometry": {"type": "Polygon", "coordinates": [[[16.4977132, 43.5256302], [16.4977085, 43.5256302], [16.4977137, 43.5256123], [16.4977132, 43.5256302]]]}, "properties": {"tema": "zgrade-postojece", "opis": "Postojeće zgrade", "cad_sloj": "TPS_C000_Zgrade POSTOJECE", "list": "2b_Vodoopskrbna mreža_ID_DPU_DRACEVAC", "plan": "DPU radne zone Dračevac", "izvor": "DPU radne zone Dračevac (split.hr), vektorizirano iz PDF-a"}}, {"type": "Feature", "geometry": {"type": "Polygon", "coordinates": [[[16.4977085, 43.5256302], [16.4977137, 43.5256123], [16.497709, 43.5256123], [16.4977085, 43.5256302]]]}, "properties": {"tema": "zgrade-postojece", "opis": "Postojeće zgrade", "cad_sloj": "TPS_C000_Zgrade POSTOJECE", "list": "2b_Vodoopskrbna mreža_ID_DPU_DRACEVAC", "plan": "DPU radne zone Dračevac", "izvor": "DPU radne zone Dračevac (split.hr), vektorizirano iz PDF-a"}}, {"type": "Feature", "geometry": {"type": "Polygon", "coordinates": [[[16.4977142, 43.5255944], [16.497709, 43.525594], [16.4977148, 43.5255761], [16.4977142, 43.5255944]]]}, "properties": {"tema": "zgrade-postojece", "opis": "Postojeće zgrade", "cad_sloj": "TPS_C000_Zgrade POSTOJECE", "list": "2b_Vodoopskrbna mreža_ID_DPU_DRACEVAC", "plan": "DPU radne zone Dračevac", "izvor": "DPU radne zone Dračevac (split.hr), vektorizirano iz PDF-a"}}, {"type": "Feature", "geometry": {"type": "Polygon", "coordinates": [[[16.497709, 43.525594], [16.4977148, 43.5255761], [16.4977095, 43.5255761], [16.497709, 43.525594]]]}, "properties": {"tema": "zgrade-postojece", "opis": "Postojeće zgrade", "cad_sloj": "TPS_C000_Zgrade POSTOJECE", "list": "2b_Vodoopskrbna mreža_ID_DPU_DRACEVAC", "plan": "DPU radne zone Dračevac", "izvor": "DPU radne zone Dračevac (split.hr), vektorizirano iz PDF-a"}}, {"type": "Feature", "geometry": {"type": "Polygon", "coordinates": [[[16.4977148, 43.5255582], [16.4977101, 43.5255582], [16.4977153, 43.5255403], [16.4977148, 43.5255582]]]}, "properties": {"tema": "zgrade-postojece", "opis": "Postojeće zgrade", "cad_sloj": "TPS_C000_Zgrade POSTOJECE", "list": "2b_Vodoopskrbna mreža_ID_DPU_DRACEVAC", "plan": "DPU radne zone Dračevac", "izvor": "DPU radne zone Dračevac (split.hr), vektorizirano iz PDF-a"}}, {"type": "Feature", "geometry": {"type": "Polygon", "coordinates": [[[16.4977101, 43.5255582], [16.4977153, 43.5255403], [16.4977106, 43.5255403], [16.4977101, 43.5255582]]]}, "properties": {"tema": "zgrade-postojece", "opis": "Postojeće zgrade", "cad_sloj": "TPS_C000_Zgrade POSTOJECE", "list": "2b_Vodoopskrbna mreža_ID_DPU_DRACEVAC", "plan": "DPU radne zone Dračevac", "izvor": "DPU radne zone Dračevac (split.hr), vektorizirano iz PDF-a"}}, {"type": "Feature", "geometry": {"type": "Polygon", "coordinates": [[[16.4977158, 43.5255225], [16.4977111, 43.5255225], [16.4977163, 43.5255046], [16.4977158, 43.5255225]]]}, "properties": {"tema": "zgrade-postojece", "opis": "Postojeće zgrade", "cad_sloj": "TPS_C000_Zgrade POSTOJECE", "list": "2b_Vodoopskrbna mreža_ID_DPU_DRACEVAC", "plan": "DPU radne zone Dračevac", "izvor": "DPU radne zone Dračevac (split.hr), vektorizirano iz PDF-a"}}, {"type": "Feature", "geometry": {"type": "Polygon", "coordinates": [[[16.4977111, 43.5255225], [16.4977163, 43.5255046], [16.4977111, 43.5255042], [16.4977111, 43.5255225]]]}, "properties": {"tema": "zgrade-postojece", "opis": "Postojeće zgrade", "cad_sloj": "TPS_C000_Zgrade POSTOJECE", "list": "2b_Vodoopskrbna mreža_ID_DPU_DRACEVAC", "plan": "DPU radne zone Dračevac", "izvor": "DPU radne zone Dračevac (split.hr), vektorizirano iz PDF-a"}}, {"type": "Feature", "geometry": {"type": "Polygon", "coordinates": [[[16.4977169, 43.5254863], [16.4977116, 43.5254863], [16.4977174, 43.5254684], [16.4977169, 43.5254863]]]}, "properties": {"tema": "zgrade-postojece", "opis": "Postojeće zgrade", "cad_sloj": "TPS_C000_Zgrade POSTOJECE", "list": "2b_Vodoopskrbna mreža_ID_DPU_DRACEVAC", "plan": "DPU radne zone Dračevac", "izvor": "DPU radne zone Dračevac (split.hr), vektorizirano iz PDF-a"}}, {"type": "Feature", "geometry": {"type": "Polygon", "coordinates": [[[16.4977116, 43.5254863], [16.4977174, 43.5254684], [16.4977122, 43.5254684], [16.4977116, 43.5254863]]]}, "properties": {"tema": "zgrade-postojece", "opis": "Postojeće zgrade", "cad_sloj": "TPS_C000_Zgrade POSTOJECE", "list": "2b_Vodoopskrbna mreža_ID_DPU_DRACEVAC", "plan": "DPU radne zone Dračevac", "izvor": "DPU radne zone Dračevac (split.hr), vektorizirano iz PDF-a"}}, {"type": "Feature", "geometry": {"type": "Polygon", "coordinates": [[[16.4977174, 43.5254505], [16.4977127, 43.5254505], [16.4977179, 43.5254326], [16.4977174, 43.5254505]]]}, "properties": {"tema": "zgrade-postojece", "opis": "Postojeće zgrade", "cad_sloj": "TPS_C000_Zgrade POSTOJECE", "list": "2b_Vodoopskrbna mreža_ID_DPU_DRACEVAC", "plan": "DPU radne zone Dračevac", "izvor": "DPU radne zone Dračevac (split.hr), vektorizirano iz PDF-a"}}, {"type": "Feature", "geometry": {"type": "Polygon", "coordinates": [[[16.4977127, 43.5254505], [16.4977179, 43.5254326], [16.4977132, 43.5254326], [16.4977127, 43.5254505]]]}, "properties": {"tema": "zgrade-postojece", "opis": "Postojeće zgrade", "cad_sloj": "TPS_C000_Zgrade POSTOJECE", "list": "2b_Vodoopskrbna mreža_ID_DPU_DRACEVAC", "plan": "DPU radne zone Dračevac", "izvor": "DPU radne zone Dračevac (split.hr), vektorizirano iz PDF-a"}}, {"type": "Feature", "geometry": {"type": "Polygon", "coordinates": [[[16.4977184, 43.5254147], [16.4977137, 43.5254144], [16.497719, 43.5253965], [16.4977184, 43.5254147]]]}, "properties": {"tema": "zgrade-postojece", "opis": "Postojeće zgrade", "cad_sloj": "TPS_C000_Zgrade POSTOJECE", "list": "2b_Vodoopskrbna mreža_ID_DPU_DRACEVAC", "plan": "DPU radne zone Dračevac", "izvor": "DPU radne zone Dračevac (split.hr), vektorizirano iz PDF-a"}}, {"type": "Feature", "geometry": {"type": "Polygon", "coordinates": [[[16.4977137, 43.5254144], [16.497719, 43.5253965], [16.4977137, 43.5253965], [16.4977137, 43.5254144]]]}, "properties": {"tema": "zgrade-postojece", "opis": "Postojeće zgrade", "cad_sloj": "TPS_C000_Zgrade POSTOJECE", "list": "2b_Vodoopskrbna mreža_ID_DPU_DRACEVAC", "plan": "DPU radne zone Dračevac", "izvor": "DPU radne zone Dračevac (split.hr), vektorizirano iz PDF-a"}}, {"type": "Feature", "geometry": {"type": "Polygon", "coordinates": [[[16.4977195, 43.5253786], [16.4977143, 43.5253786], [16.4977195, 43.5253607], [16.4977195, 43.5253786]]]}, "properties": {"tema": "zgrade-postojece", "opis": "Postojeće zgrade", "cad_sloj": "TPS_C000_Zgrade POSTOJECE", "list": "2b_Vodoopskrbna mreža_ID_DPU_DRACEVAC", "plan": "DPU radne zone Dračevac", "izvor": "DPU radne zone Dračevac (split.hr), vektorizirano iz PDF-a"}}, {"type": "Feature", "geometry": {"type": "Polygon", "coordinates": [[[16.4977143, 43.5253786], [16.4977195, 43.5253607], [16.4977148, 43.5253607], [16.4977143, 43.5253786]]]}, "properties": {"tema": "zgrade-postojece", "opis": "Postojeće zgrade", "cad_sloj": "TPS_C000_Zgrade POSTOJECE", "list": "2b_Vodoopskrbna mreža_ID_DPU_DRACEVAC", "plan": "DPU radne zone Dračevac", "izvor": "DPU radne zone Dračevac (split.hr), vektorizirano iz PDF-a"}}, {"type": "Feature", "geometry": {"type": "Polygon", "coordinates": [[[16.49772, 43.5253428], [16.4977153, 43.5253428], [16.4977205, 43.5253249], [16.49772, 43.5253428]]]}, "properties": {"tema": "zgrade-postojece", "opis": "Postojeće zgrade", "cad_sloj": "TPS_C000_Zgrade POSTOJECE", "list": "2b_Vodoopskrbna mreža_ID_DPU_DRACEVAC", "plan": "DPU radne zone Dračevac", "izvor": "DPU radne zone Dračevac (split.hr), vektorizirano iz PDF-a"}}, {"type": "Feature", "geometry": {"type": "Polygon", "coordinates": [[[16.4977153, 43.5253428], [16.4977205, 43.5253249], [16.4977158, 43.5253249], [16.4977153, 43.5253428]]]}, "properties": {"tema": "zgrade-postojece", "opis": "Postojeće zgrade", "cad_sloj": "TPS_C000_Zgrade POSTOJECE", "list": "2b_Vodoopskrbna mreža_ID_DPU_DRACEVAC", "plan": "DPU radne zone Dračevac", "izvor": "DPU radne zone Dračevac (split.hr), vektorizirano iz PDF-a"}}, {"type": "Feature", "geometry": {"type": "Polygon", "coordinates": [[[16.4977211, 43.5253066], [16.4977158, 43.5253066], [16.4977216, 43.5252929], [16.4977211, 43.5253066]]]}, "properties": {"tema": "zgrade-postojece", "opis": "Postojeće zgrade", "cad_sloj": "TPS_C000_Zgrade POSTOJECE", "list": "2b_Vodoopskrbna mreža_ID_DPU_DRACEVAC", "plan": "DPU radne zone Dračevac", "izvor": "DPU radne zone Dračevac (split.hr), vektorizirano iz PDF-a"}}, {"type": "Feature", "geometry": {"type": "Polygon", "coordinates": [[[16.4977158, 43.5253066], [16.4977216, 43.5252929], [16.4977164, 43.5252929], [16.4977158, 43.5253066]]]}, "properties": {"tema": "zgrade-postojece", "opis": "Postojeće zgrade", "cad_sloj": "TPS_C000_Zgrade POSTOJECE", "list": "2b_Vodoopskrbna mreža_ID_DPU_DRACEVAC", "plan": "DPU radne zone Dračevac", "izvor": "DPU radne zone Dračevac (split.hr), vektorizirano iz PDF-a"}}, {"type": "Feature", "geometry": {"type": "Polygon", "coordinates": [[[16.497719, 43.525291], [16.497719, 43.5252948], [16.4976907, 43.5252907], [16.497719, 43.525291]]]}, "properties": {"tema": "zgrade-postojece", "opis": "Postojeće zgrade", "cad_sloj": "TPS_C000_Zgrade POSTOJECE", "list": "2b_Vodoopskrbna mreža_ID_DPU_DRACEVAC", "plan": "DPU radne zone Dračevac", "izvor": "DPU radne zone Dračevac (split.hr), vektorizirano iz PDF-a"}}, {"type": "Feature", "geometry": {"type": "Polygon", "coordinates": [[[16.497719, 43.5252948], [16.4976907, 43.5252907], [16.4976907, 43.5252945], [16.497719, 43.5252948]]]}, "properties": {"tema": "zgrade-postojece", "opis": "Postojeće zgrade", "cad_sloj": "TPS_C000_Zgrade POSTOJECE", "list": "2b_Vodoopskrbna mreža_ID_DPU_DRACEVAC", "plan": "DPU radne zone Dračevac", "izvor": "DPU radne zone Dračevac (split.hr), vektorizirano iz PDF-a"}}, {"type": "Feature", "geometry": {"type": "Polygon", "coordinates": [[[16.4976661, 43.5252907], [16.4976661, 43.5252941], [16.497641, 43.5252903], [16.4976661, 43.5252907]]]}, "properties": {"tema": "zgrade-postojece", "opis": "Postojeće zgrade", "cad_sloj": "TPS_C000_Zgrade POSTOJECE", "list": "2b_Vodoopskrbna mreža_ID_DPU_DRACEVAC", "plan": "DPU radne zone Dračevac", "izvor": "DPU radne zone Dračevac (split.hr), vektorizirano iz PDF-a"}}, {"type": "Feature", "geometry": {"type": "Polygon", "coordinates": [[[16.4976661, 43.5252941], [16.497641, 43.5252903], [16.497641, 43.5252937], [16.4976661, 43.5252941]]]}, "properties": {"tema": "zgrade-postojece", "opis": "Postojeće zgrade", "cad_sloj": "TPS_C000_Zgrade POSTOJECE", "list": "2b_Vodoopskrbna mreža_ID_DPU_DRACEVAC", "plan": "DPU radne zone Dračevac", "izvor": "DPU radne zone Dračevac (split.hr), vektorizirano iz PDF-a"}}, {"type": "Feature", "geometry": {"type": "Polygon", "coordinates": [[[16.4976164, 43.5252899], [16.4976164, 43.5252933], [16.4975919, 43.5252895], [16.4976164, 43.5252899]]]}, "properties": {"tema": "zgrade-postojece", "opis": "Postojeće zgrade", "cad_sloj": "TPS_C000_Zgrade POSTOJECE", "list": "2b_Vodoopskrbna mreža_ID_DPU_DRACEVAC", "plan": "DPU radne zone Dračevac", "izvor": "DPU radne zone Dračevac (split.hr), vektorizirano iz PDF-a"}}, {"type": "Feature", "geometry": {"type": "Polygon", "coordinates": [[[16.4976164, 43.5252933], [16.4975919, 43.5252895], [16.4975919, 43.5252933], [16.4976164, 43.5252933]]]}, "properties": {"tema": "zgrade-postojece", "opis": "Postojeće zgrade", "cad_sloj": "TPS_C000_Zgrade POSTOJECE", "list": "2b_Vodoopskrbna mreža_ID_DPU_DRACEVAC", "plan": "DPU radne zone Dračevac", "izvor": "DPU radne zone Dračevac (split.hr), vektorizirano iz PDF-a"}}, {"type": "Feature", "geometry": {"type": "Polygon", "coordinates": [[[16.4975673, 43.5252891], [16.4975673, 43.5252929], [16.4975427, 43.5252891], [16.4975673, 43.5252891]]]}, "properties": {"tema": "zgrade-postojece", "opis": "Postojeće zgrade", "cad_sloj": "TPS_C000_Zgrade POSTOJECE", "list": "2b_Vodoopskrbna mreža_ID_DPU_DRACEVAC", "plan": "DPU radne zone Dračevac", "izvor": "DPU radne zone Dračevac (split.hr), vektorizirano iz PDF-a"}}, {"type": "Feature", "geometry": {"type": "Polygon", "coordinates": [[[16.4975673, 43.5252929], [16.4975427, 43.5252891], [16.4975427, 43.5252926], [16.4975673, 43.5252929]]]}, "properties": {"tema": "zgrade-postojece", "opis": "Postojeće zgrade", "cad_sloj": "TPS_C000_Zgrade POSTOJECE", "list": "2b_Vodoopskrbna mreža_ID_DPU_DRACEVAC", "plan": "DPU radne zone Dračevac", "izvor": "DPU radne zone Dračevac (split.hr), vektorizirano iz PDF-a"}}, {"type": "Feature", "geometry": {"type": "Polygon", "coordinates": [[[16.4975181, 43.5252887], [16.4975176, 43.5252922], [16.497493, 43.5252884], [16.4975181, 43.5252887]]]}, "properties": {"tema": "zgrade-postojece", "opis": "Postojeće zgrade", "cad_sloj": "TPS_C000_Zgrade POSTOJECE", "list": "2b_Vodoopskrbna mreža_ID_DPU_DRACEVAC", "plan": "DPU radne zone Dračevac", "izvor": "DPU radne zone Dračevac (split.hr), vektorizirano iz PDF-a"}}, {"type": "Feature", "geometry": {"type": "Polygon", "coordinates": [[[16.4975176, 43.5252922], [16.497493, 43.5252884], [16.497493, 43.5252922], [16.4975176, 43.5252922]]]}, "properties": {"tema": "zgrade-postojece", "opis": "Postojeće zgrade", "cad_sloj": "TPS_C000_Zgrade POSTOJECE", "list": "2b_Vodoopskrbna mreža_ID_DPU_DRACEVAC", "plan": "DPU radne zone Dračevac", "izvor": "DPU radne zone Dračevac (split.hr), vektorizirano iz PDF-a"}}, {"type": "Feature", "geometry": {"type": "Polygon", "coordinates": [[[16.4974684, 43.525288], [16.4974684, 43.5252918], [16.4974402, 43.5252876], [16.4974684, 43.525288]]]}, "properties": {"tema": "zgrade-postojece", "opis": "Postojeće zgrade", "cad_sloj": "TPS_C000_Zgrade POSTOJECE", "list": "2b_Vodoopskrbna mreža_ID_DPU_DRACEVAC", "plan": "DPU radne zone Dračevac", "izvor": "DPU radne zone Dračevac (split.hr), vektorizirano iz PDF-a"}}, {"type": "Feature", "geometry": {"type": "Polygon", "coordinates": [[[16.4974684, 43.5252918], [16.4974402, 43.5252876], [16.4974402, 43.5252914], [16.4974684, 43.5252918]]]}, "properties": {"tema": "zgrade-postojece", "opis": "Postojeće zgrade", "cad_sloj": "TPS_C000_Zgrade POSTOJECE", "list": "2b_Vodoopskrbna mreža_ID_DPU_DRACEVAC", "plan": "DPU radne zone Dračevac", "izvor": "DPU radne zone Dračevac (split.hr), vektorizirano iz PDF-a"}}, {"type": "Feature", "geometry": {"type": "Polygon", "coordinates": [[[16.4974375, 43.5252895], [16.4974428, 43.5252895], [16.497437, 43.5253078], [16.4974375, 43.5252895]]]}, "properties": {"tema": "zgrade-postojece", "opis": "Postojeće zgrade", "cad_sloj": "TPS_C000_Zgrade POSTOJECE", "list": "2b_Vodoopskrbna mreža_ID_DPU_DRACEVAC", "plan": "DPU radne zone Dračevac", "izvor": "DPU radne zone Dračevac (split.hr), vektorizirano iz PDF-a"}}, {"type": "Feature", "geometry": {"type": "Polygon", "coordinates": [[[16.4974428, 43.5252895], [16.497437, 43.5253078], [16.4974422, 43.5253078], [16.4974428, 43.5252895]]]}, "properties": {"tema": "zgrade-postojece", "opis": "Postojeće zgrade", "cad_sloj": "TPS_C000_Zgrade POSTOJECE", "list": "2b_Vodoopskrbna mreža_ID_DPU_DRACEVAC", "plan": "DPU radne zone Dračevac", "izvor": "DPU radne zone Dračevac (split.hr), vektorizirano iz PDF-a"}}, {"type": "Feature", "geometry": {"type": "Polygon", "coordinates": [[[16.4974365, 43.5253257], [16.4974417, 43.5253257], [16.497436, 43.5253439], [16.4974365, 43.5253257]]]}, "properties": {"tema": "zgrade-postojece", "opis": "Postojeće zgrade", "cad_sloj": "TPS_C000_Zgrade POSTOJECE", "list": "2b_Vodoopskrbna mreža_ID_DPU_DRACEVAC", "plan": "DPU radne zone Dračevac", "izvor": "DPU radne zone Dračevac (split.hr), vektorizirano iz PDF-a"}}, {"type": "Feature", "geometry": {"type": "Polygon", "coordinates": [[[16.4974417, 43.5253257], [16.497436, 43.5253439], [16.4974412, 43.5253439], [16.4974417, 43.5253257]]]}, "properties": {"tema": "zgrade-postojece", "opis": "Postojeće zgrade", "cad_sloj": "TPS_C000_Zgrade POSTOJECE", "list": "2b_Vodoopskrbna mreža_ID_DPU_DRACEVAC", "plan": "DPU radne zone Dračevac", "izvor": "DPU radne zone Dračevac (split.hr), vektorizirano iz PDF-a"}}, {"type": "Feature", "geometry": {"type": "Polygon", "coordinates": [[[16.4974386, 43.5253455], [16.4974386, 43.525342], [16.4974564, 43.5253458], [16.4974386, 43.5253455]]]}, "properties": {"tema": "zgrade-postojece", "opis": "Postojeće zgrade", "cad_sloj": "TPS_C000_Zgrade POSTOJECE", "list": "2b_Vodoopskrbna mreža_ID_DPU_DRACEVAC", "plan": "DPU radne zone Dračevac", "izvor": "DPU radne zone Dračevac (split.hr), vektorizirano iz PDF-a"}}, {"type": "Feature", "geometry": {"type": "Polygon", "coordinates": [[[16.4974386, 43.525342], [16.4974564, 43.5253458], [16.4974564, 43.525342], [16.4974386, 43.525342]]]}, "properties": {"tema": "zgrade-postojece", "opis": "Postojeće zgrade", "cad_sloj": "TPS_C000_Zgrade POSTOJECE", "list": "2b_Vodoopskrbna mreža_ID_DPU_DRACEVAC", "plan": "DPU radne zone Dračevac", "izvor": "DPU radne zone Dračevac (split.hr), vektorizirano iz PDF-a"}}, {"type": "Feature", "geometry": {"type": "Polygon", "coordinates": [[[16.4974538, 43.5253439], [16.4974585, 43.5253439], [16.4974532, 43.5253679], [16.4974538, 43.5253439]]]}, "properties": {"tema": "zgrade-postojece", "opis": "Postojeće zgrade", "cad_sloj": "TPS_C000_Zgrade POSTOJECE", "list": "2b_Vodoopskrbna mreža_ID_DPU_DRACEVAC", "plan": "DPU radne zone Dračevac", "izvor": "DPU radne zone Dračevac (split.hr), vektorizirano iz PDF-a"}}, {"type": "Feature", "geometry": {"type": "Polygon", "coordinates": [[[16.4974585, 43.5253439], [16.4974532, 43.5253679], [16.4974579, 43.5253679], [16.4974585, 43.5253439]]]}, "properties": {"tema": "zgrade-postojece", "opis": "Postojeće zgrade", "cad_sloj": "TPS_C000_Zgrade POSTOJECE", "list": "2b_Vodoopskrbna mreža_ID_DPU_DRACEVAC", "plan": "DPU radne zone Dračevac", "izvor": "DPU radne zone Dračevac (split.hr), vektorizirano iz PDF-a"}}, {"type": "Feature", "geometry": {"type": "Polygon", "coordinates": [[[16.4974527, 43.5253858], [16.4974574, 43.5253862], [16.4974522, 43.5254041], [16.4974527, 43.5253858]]]}, "properties": {"tema": "zgrade-postojece", "opis": "Postojeće zgrade", "cad_sloj": "TPS_C000_Zgrade POSTOJECE", "list": "2b_Vodoopskrbna mreža_ID_DPU_DRACEVAC", "plan": "DPU radne zone Dračevac", "izvor": "DPU radne zone Dračevac (split.hr), vektorizirano iz PDF-a"}}, {"type": "Feature", "geometry": {"type": "Polygon", "coordinates": [[[16.4974574, 43.5253862], [16.4974522, 43.5254041], [16.4974574, 43.5254041], [16.4974574, 43.5253862]]]}, "properties": {"tema": "zgrade-postojece", "opis": "Postojeće zgrade", "cad_sloj": "TPS_C000_Zgrade POSTOJECE", "list": "2b_Vodoopskrbna mreža_ID_DPU_DRACEVAC", "plan": "DPU radne zone Dračevac", "izvor": "DPU radne zone Dračevac (split.hr), vektorizirano iz PDF-a"}}, {"type": "Feature", "geometry": {"type": "Polygon", "coordinates": [[[16.4974517, 43.525422], [16.4974569, 43.525422], [16.4974511, 43.5254459], [16.4974517, 43.525422]]]}, "properties": {"tema": "zgrade-postojece", "opis": "Postojeće zgrade", "cad_sloj": "TPS_C000_Zgrade POSTOJECE", "list": "2b_Vodoopskrbna mreža_ID_DPU_DRACEVAC", "plan": "DPU radne zone Dračevac", "izvor": "DPU radne zone Dračevac (split.hr), vektorizirano iz PDF-a"}}, {"type": "Feature", "geometry": {"type": "Polygon", "coordinates": [[[16.4974569, 43.525422], [16.4974511, 43.5254459], [16.4974564, 43.5254459], [16.4974569, 43.525422]]]}, "properties": {"tema": "zgrade-postojece", "opis": "Postojeće zgrade", "cad_sloj": "TPS_C000_Zgrade POSTOJECE", "list": "2b_Vodoopskrbna mreža_ID_DPU_DRACEVAC", "plan": "DPU radne zone Dračevac", "izvor": "DPU radne zone Dračevac (split.hr), vektorizirano iz PDF-a"}}, {"type": "Feature", "geometry": {"type": "Polygon", "coordinates": [[[16.4974538, 43.525444], [16.4974538, 43.5254478], [16.4974245, 43.5254437], [16.4974538, 43.525444]]]}, "properties": {"tema": "zgrade-postojece", "opis": "Postojeće zgrade", "cad_sloj": "TPS_C000_Zgrade POSTOJECE", "list": "2b_Vodoopskrbna mreža_ID_DPU_DRACEVAC", "plan": "DPU radne zone Dračevac", "izvor": "DPU radne zone Dračevac (split.hr), vektorizirano iz PDF-a"}}, {"type": "Feature", "geometry": {"type": "Polygon", "coordinates": [[[16.4974538, 43.5254478], [16.4974245, 43.5254437], [16.4974245, 43.5254475], [16.4974538, 43.5254478]]]}, "properties": {"tema": "zgrade-postojece", "opis": "Postojeće zgrade", "cad_sloj": "TPS_C000_Zgrade POSTOJECE", "list": "2b_Vodoopskrbna mreža_ID_DPU_DRACEVAC", "plan": "DPU radne zone Dračevac", "izvor": "DPU radne zone Dračevac (split.hr), vektorizirano iz PDF-a"}}, {"type": "Feature", "geometry": {"type": "Polygon", "coordinates": [[[16.4974218, 43.5254456], [16.4974271, 43.5254456], [16.4974213, 43.5254646], [16.4974218, 43.5254456]]]}, "properties": {"tema": "zgrade-postojece", "opis": "Postojeće zgrade", "cad_sloj": "TPS_C000_Zgrade POSTOJECE", "list": "2b_Vodoopskrbna mreža_ID_DPU_DRACEVAC", "plan": "DPU radne zone Dračevac", "izvor": "DPU radne zone Dračevac (split.hr), vektorizirano iz PDF-a"}}, {"type": "Feature", "geometry": {"type": "Polygon", "coordinates": [[[16.4974271, 43.5254456], [16.4974213, 43.5254646], [16.4974265, 43.5254646], [16.4974271, 43.5254456]]]}, "properties": {"tema": "zgrade-postojece", "opis": "Postojeće zgrade", "cad_sloj": "TPS_C000_Zgrade POSTOJECE", "list": "2b_Vodoopskrbna mreža_ID_DPU_DRACEVAC", "plan": "DPU radne zone Dračevac", "izvor": "DPU radne zone Dračevac (split.hr), vektorizirano iz PDF-a"}}, {"type": "Feature", "geometry": {"type": "Polygon", "coordinates": [[[16.4974208, 43.5254825], [16.497426, 43.5254829], [16.4974203, 43.5255019], [16.4974208, 43.5254825]]]}, "properties": {"tema": "zgrade-postojece", "opis": "Postojeće zgrade", "cad_sloj": "TPS_C000_Zgrade POSTOJECE", "list": "2b_Vodoopskrbna mreža_ID_DPU_DRACEVAC", "plan": "DPU radne zone Dračevac", "izvor": "DPU radne zone Dračevac (split.hr), vektorizirano iz PDF-a"}}, {"type": "Feature", "geometry": {"type": "Polygon", "coordinates": [[[16.497426, 43.5254829], [16.4974203, 43.5255019], [16.4974255, 43.5255019], [16.497426, 43.5254829]]]}, "properties": {"tema": "zgrade-postojece", "opis": "Postojeće zgrade", "cad_sloj": "TPS_C000_Zgrade POSTOJECE", "list": "2b_Vodoopskrbna mreža_ID_DPU_DRACEVAC", "plan": "DPU radne zone Dračevac", "izvor": "DPU radne zone Dračevac (split.hr), vektorizirano iz PDF-a"}}, {"type": "Feature", "geometry": {"type": "Polygon", "coordinates": [[[16.4974229, 43.5255038], [16.4974229, 43.5255], [16.4974527, 43.5255038], [16.4974229, 43.5255038]]]}, "properties": {"tema": "zgrade-postojece", "opis": "Postojeće zgrade", "cad_sloj": "TPS_C000_Zgrade POSTOJECE", "list": "2b_Vodoopskrbna mreža_ID_DPU_DRACEVAC", "plan": "DPU radne zone Dračevac", "izvor": "DPU radne zone Dračevac (split.hr), vektorizirano iz PDF-a"}}, {"type": "Feature", "geometry": {"type": "Polygon", "coordinates": [[[16.4974229, 43.5255], [16.4974527, 43.5255038], [16.4974527, 43.5255004], [16.4974229, 43.5255]]]}, "properties": {"tema": "zgrade-postojece", "opis": "Postojeće zgrade", "cad_sloj": "TPS_C000_Zgrade POSTOJECE", "list": "2b_Vodoopskrbna mreža_ID_DPU_DRACEVAC", "plan": "DPU radne zone Dračevac", "izvor": "DPU radne zone Dračevac (split.hr), vektorizirano iz PDF-a"}}, {"type": "Feature", "geometry": {"type": "Polygon", "coordinates": [[[16.4974501, 43.5255023], [16.4974553, 43.5255023], [16.4974496, 43.5255194], [16.4974501, 43.5255023]]]}, "properties": {"tema": "zgrade-postojece", "opis": "Postojeće zgrade", "cad_sloj": "TPS_C000_Zgrade POSTOJECE", "list": "2b_Vodoopskrbna mreža_ID_DPU_DRACEVAC", "plan": "DPU radne zone Dračevac", "izvor": "DPU radne zone Dračevac (split.hr), vektorizirano iz PDF-a"}}, {"type": "Feature", "geometry": {"type": "Polygon", "coordinates": [[[16.4974553, 43.5255023], [16.4974496, 43.5255194], [16.4974548, 43.5255194], [16.4974553, 43.5255023]]]}, "properties": {"tema": "zgrade-postojece", "opis": "Postojeće zgrade", "cad_sloj": "TPS_C000_Zgrade POSTOJECE", "list": "2b_Vodoopskrbna mreža_ID_DPU_DRACEVAC", "plan": "DPU radne zone Dračevac", "izvor": "DPU radne zone Dračevac (split.hr), vektorizirano iz PDF-a"}}, {"type": "Feature", "geometry": {"type": "Polygon", "coordinates": [[[16.4974496, 43.5255373], [16.4974543, 43.5255373], [16.497449, 43.5255544], [16.4974496, 43.5255373]]]}, "properties": {"tema": "zgrade-postojece", "opis": "Postojeće zgrade", "cad_sloj": "TPS_C000_Zgrade POSTOJECE", "list": "2b_Vodoopskrbna mreža_ID_DPU_DRACEVAC", "plan": "DPU radne zone Dračevac", "izvor": "DPU radne zone Dračevac (split.hr), vektorizirano iz PDF-a"}}, {"type": "Feature", "geometry": {"type": "Polygon", "coordinates": [[[16.4974543, 43.5255373], [16.497449, 43.5255544], [16.4974537, 43.5255544], [16.4974543, 43.5255373]]]}, "properties": {"tema": "zgrade-postojece", "opis": "Postojeće zgrade", "cad_sloj": "TPS_C000_Zgrade POSTOJECE", "list": "2b_Vodoopskrbna mreža_ID_DPU_DRACEVAC", "plan": "DPU radne zone Dračevac", "izvor": "DPU radne zone Dračevac (split.hr), vektorizirano iz PDF-a"}}, {"type": "Feature", "geometry": {"type": "Polygon", "coordinates": [[[16.4974517, 43.5255525], [16.4974511, 43.5255559], [16.4974218, 43.5255521], [16.4974517, 43.5255525]]]}, "properties": {"tema": "zgrade-postojece", "opis": "Postojeće zgrade", "cad_sloj": "TPS_C000_Zgrade POSTOJECE", "list": "2b_Vodoopskrbna mreža_ID_DPU_DRACEVAC", "plan": "DPU radne zone Dračevac", "izvor": "DPU radne zone Dračevac (split.hr), vektorizirano iz PDF-a"}}, {"type": "Feature", "geometry": {"type": "Polygon", "coordinates": [[[16.4974511, 43.5255559], [16.4974218, 43.5255521], [16.4974218, 43.5255556], [16.4974511, 43.5255559]]]}, "properties": {"tema": "zgrade-postojece", "opis": "Postojeće zgrade", "cad_sloj": "TPS_C000_Zgrade POSTOJECE", "list": "2b_Vodoopskrbna mreža_ID_DPU_DRACEVAC", "plan": "DPU radne zone Dračevac", "izvor": "DPU radne zone Dračevac (split.hr), vektorizirano iz PDF-a"}}, {"type": "Feature", "geometry": {"type": "Polygon", "coordinates": [[[16.4974192, 43.525554], [16.4974245, 43.525554], [16.4974187, 43.5255727], [16.4974192, 43.525554]]]}, "properties": {"tema": "zgrade-postojece", "opis": "Postojeće zgrade", "cad_sloj": "TPS_C000_Zgrade POSTOJECE", "list": "2b_Vodoopskrbna mreža_ID_DPU_DRACEVAC", "plan": "DPU radne zone Dračevac", "izvor": "DPU radne zone Dračevac (split.hr), vektorizirano iz PDF-a"}}, {"type": "Feature", "geometry": {"type": "Polygon", "coordinates": [[[16.4974245, 43.525554], [16.4974187, 43.5255727], [16.4974239, 43.5255727], [16.4974245, 43.525554]]]}, "properties": {"tema": "zgrade-postojece", "opis": "Postojeće zgrade", "cad_sloj": "TPS_C000_Zgrade POSTOJECE", "list": "2b_Vodoopskrbna mreža_ID_DPU_DRACEVAC", "plan": "DPU radne zone Dračevac", "izvor": "DPU radne zone Dračevac (split.hr), vektorizirano iz PDF-a"}}, {"type": "Feature", "geometry": {"type": "Polygon", "coordinates": [[[16.4974182, 43.5255906], [16.4974234, 43.525591], [16.4974177, 43.5256096], [16.4974182, 43.5255906]]]}, "properties": {"tema": "zgrade-postojece", "opis": "Postojeće zgrade", "cad_sloj": "TPS_C000_Zgrade POSTOJECE", "list": "2b_Vodoopskrbna mreža_ID_DPU_DRACEVAC", "plan": "DPU radne zone Dračevac", "izvor": "DPU radne zone Dračevac (split.hr), vektorizirano iz PDF-a"}}, {"type": "Feature", "geometry": {"type": "Polygon", "coordinates": [[[16.4974234, 43.525591], [16.4974177, 43.5256096], [16.4974229, 43.5256096], [16.4974234, 43.525591]]]}, "properties": {"tema": "zgrade-postojece", "opis": "Postojeće zgrade", "cad_sloj": "TPS_C000_Zgrade POSTOJECE", "list": "2b_Vodoopskrbna mreža_ID_DPU_DRACEVAC", "plan": "DPU radne zone Dračevac", "izvor": "DPU radne zone Dračevac (split.hr), vektorizirano iz PDF-a"}}, {"type": "Feature", "geometry": {"type": "Polygon", "coordinates": [[[16.4974203, 43.5256115], [16.4974203, 43.5256077], [16.4974496, 43.5256119], [16.4974203, 43.5256115]]]}, "properties": {"tema": "zgrade-postojece", "opis": "Postojeće zgrade", "cad_sloj": "TPS_C000_Zgrade POSTOJECE", "list": "2b_Vodoopskrbna mreža_ID_DPU_DRACEVAC", "plan": "DPU radne zone Dračevac", "izvor": "DPU radne zone Dračevac (split.hr), vektorizirano iz PDF-a"}}, {"type": "Feature", "geometry": {"type": "Polygon", "coordinates": [[[16.4974203, 43.5256077], [16.4974496, 43.5256119], [16.4974496, 43.5256085], [16.4974203, 43.5256077]]]}, "properties": {"tema": "zgrade-postojece", "opis": "Postojeće zgrade", "cad_sloj": "TPS_C000_Zgrade POSTOJECE", "list": "2b_Vodoopskrbna mreža_ID_DPU_DRACEVAC", "plan": "DPU radne zone Dračevac", "izvor": "DPU radne zone Dračevac (split.hr), vektorizirano iz PDF-a"}}, {"type": "Feature", "geometry": {"type": "Polygon", "coordinates": [[[16.4974469, 43.52561], [16.4974522, 43.52561], [16.4974469, 43.5256252], [16.4974469, 43.52561]]]}, "properties": {"tema": "zgrade-postojece", "opis": "Postojeće zgrade", "cad_sloj": "TPS_C000_Zgrade POSTOJECE", "list": "2b_Vodoopskrbna mreža_ID_DPU_DRACEVAC", "plan": "DPU radne zone Dračevac", "izvor": "DPU radne zone Dračevac (split.hr), vektorizirano iz PDF-a"}}, {"type": "Feature", "geometry": {"type": "Polygon", "coordinates": [[[16.4974522, 43.52561], [16.4974469, 43.5256252], [16.4974517, 43.5256252], [16.4974522, 43.52561]]]}, "properties": {"tema": "zgrade-postojece", "opis": "Postojeće zgrade", "cad_sloj": "TPS_C000_Zgrade POSTOJECE", "list": "2b_Vodoopskrbna mreža_ID_DPU_DRACEVAC", "plan": "DPU radne zone Dračevac", "izvor": "DPU radne zone Dračevac (split.hr), vektorizirano iz PDF-a"}}, {"type": "Feature", "geometry": {"type": "Polygon", "coordinates": [[[16.4974464, 43.5256431], [16.4974511, 43.5256435], [16.4974459, 43.5256614], [16.4974464, 43.5256431]]]}, "properties": {"tema": "zgrade-postojece", "opis": "Postojeće zgrade", "cad_sloj": "TPS_C000_Zgrade POSTOJECE", "list": "2b_Vodoopskrbna mreža_ID_DPU_DRACEVAC", "plan": "DPU radne zone Dračevac", "izvor": "DPU radne zone Dračevac (split.hr), vektorizirano iz PDF-a"}}, {"type": "Feature", "geometry": {"type": "Polygon", "coordinates": [[[16.4974511, 43.5256435], [16.4974459, 43.5256614], [16.4974511, 43.5256614], [16.4974511, 43.5256435]]]}, "properties": {"tema": "zgrade-postojece", "opis": "Postojeće zgrade", "cad_sloj": "TPS_C000_Zgrade POSTOJECE", "list": "2b_Vodoopskrbna mreža_ID_DPU_DRACEVAC", "plan": "DPU radne zone Dračevac", "izvor": "DPU radne zone Dračevac (split.hr), vektorizirano iz PDF-a"}}, {"type": "Feature", "geometry": {"type": "Polygon", "coordinates": [[[16.4974454, 43.5256793], [16.4974506, 43.5256793], [16.4974454, 43.5256972], [16.4974454, 43.5256793]]]}, "properties": {"tema": "zgrade-postojece", "opis": "Postojeće zgrade", "cad_sloj": "TPS_C000_Zgrade POSTOJECE", "list": "2b_Vodoopskrbna mreža_ID_DPU_DRACEVAC", "plan": "DPU radne zone Dračevac", "izvor": "DPU radne zone Dračevac (split.hr), vektorizirano iz PDF-a"}}, {"type": "Feature", "geometry": {"type": "Polygon", "coordinates": [[[16.4974506, 43.5256793], [16.4974454, 43.5256972], [16.4974501, 43.5256972], [16.4974506, 43.5256793]]]}, "properties": {"tema": "zgrade-postojece", "opis": "Postojeće zgrade", "cad_sloj": "TPS_C000_Zgrade POSTOJECE", "list": "2b_Vodoopskrbna mreža_ID_DPU_DRACEVAC", "plan": "DPU radne zone Dračevac", "izvor": "DPU radne zone Dračevac (split.hr), vektorizirano iz PDF-a"}}, {"type": "Feature", "geometry": {"type": "Polygon", "coordinates": [[[16.4974448, 43.525715], [16.4974496, 43.525715], [16.4974443, 43.5257329], [16.4974448, 43.525715]]]}, "properties": {"tema": "zgrade-postojece", "opis": "Postojeće zgrade", "cad_sloj": "TPS_C000_Zgrade POSTOJECE", "list": "2b_Vodoopskrbna mreža_ID_DPU_DRACEVAC", "plan": "DPU radne zone Dračevac", "izvor": "DPU radne zone Dračevac (split.hr), vektorizirano iz PDF-a"}}, {"type": "Feature", "geometry": {"type": "Polygon", "coordinates": [[[16.4974496, 43.525715], [16.4974443, 43.5257329], [16.4974496, 43.5257333], [16.4974496, 43.525715]]]}, "properties": {"tema": "zgrade-postojece", "opis": "Postojeće zgrade", "cad_sloj": "TPS_C000_Zgrade POSTOJECE", "list": "2b_Vodoopskrbna mreža_ID_DPU_DRACEVAC", "plan": "DPU radne zone Dračevac", "izvor": "DPU radne zone Dračevac (split.hr), vektorizirano iz PDF-a"}}, {"type": "Feature", "geometry": {"type": "Polygon", "coordinates": [[[16.4974438, 43.5257512], [16.497449, 43.5257512], [16.4974438, 43.5257664], [16.4974438, 43.5257512]]]}, "properties": {"tema": "zgrade-postojece", "opis": "Postojeće zgrade", "cad_sloj": "TPS_C000_Zgrade POSTOJECE", "list": "2b_Vodoopskrbna mreža_ID_DPU_DRACEVAC", "plan": "DPU radne zone Dračevac", "izvor": "DPU radne zone Dračevac (split.hr), vektorizirano iz PDF-a"}}, {"type": "Feature", "geometry": {"type": "Polygon", "coordinates": [[[16.497449, 43.5257512], [16.4974438, 43.5257664], [16.4974485, 43.5257664], [16.497449, 43.5257512]]]}, "properties": {"tema": "zgrade-postojece", "opis": "Postojeće zgrade", "cad_sloj": "TPS_C000_Zgrade POSTOJECE", "list": "2b_Vodoopskrbna mreža_ID_DPU_DRACEVAC", "plan": "DPU radne zone Dračevac", "izvor": "DPU radne zone Dračevac (split.hr), vektorizirano iz PDF-a"}}, {"type": "Feature", "geometry": {"type": "Polygon", "coordinates": [[[16.4974459, 43.525768], [16.4974464, 43.5257645], [16.4974694, 43.5257687], [16.4974459, 43.525768]]]}, "properties": {"tema": "zgrade-postojece", "opis": "Postojeće zgrade", "cad_sloj": "TPS_C000_Zgrade POSTOJECE", "list": "2b_Vodoopskrbna mreža_ID_DPU_DRACEVAC", "plan": "DPU radne zone Dračevac", "izvor": "DPU radne zone Dračevac (split.hr), vektorizirano iz PDF-a"}}, {"type": "Feature", "geometry": {"type": "Polygon", "coordinates": [[[16.4974464, 43.5257645], [16.4974694, 43.5257687], [16.4974694, 43.5257653], [16.4974464, 43.5257645]]]}, "properties": {"tema": "zgrade-postojece", "opis": "Postojeće zgrade", "cad_sloj": "TPS_C000_Zgrade POSTOJECE", "list": "2b_Vodoopskrbna mreža_ID_DPU_DRACEVAC", "plan": "DPU radne zone Dračevac", "izvor": "DPU radne zone Dračevac (split.hr), vektorizirano iz PDF-a"}}, {"type": "Feature", "geometry": {"type": "Polygon", "coordinates": [[[16.4974673, 43.5257668], [16.497472, 43.5257672], [16.4974668, 43.5257836], [16.4974673, 43.5257668]]]}, "properties": {"tema": "zgrade-postojece", "opis": "Postojeće zgrade", "cad_sloj": "TPS_C000_Zgrade POSTOJECE", "list": "2b_Vodoopskrbna mreža_ID_DPU_DRACEVAC", "plan": "DPU radne zone Dračevac", "izvor": "DPU radne zone Dračevac (split.hr), vektorizirano iz PDF-a"}}, {"type": "Feature", "geometry": {"type": "Polygon", "coordinates": [[[16.497472, 43.5257672], [16.4974668, 43.5257836], [16.4974715, 43.5257836], [16.497472, 43.5257672]]]}, "properties": {"tema": "zgrade-postojece", "opis": "Postojeće zgrade", "cad_sloj": "TPS_C000_Zgrade POSTOJECE", "list": "2b_Vodoopskrbna mreža_ID_DPU_DRACEVAC", "plan": "DPU radne zone Dračevac", "izvor": "DPU radne zone Dračevac (split.hr), vektorizirano iz PDF-a"}}, {"type": "Feature", "geometry": {"type": "Polygon", "coordinates": [[[16.4974663, 43.5258014], [16.497471, 43.5258014], [16.4974658, 43.5258178], [16.4974663, 43.5258014]]]}, "properties": {"tema": "zgrade-postojece", "opis": "Postojeće zgrade", "cad_sloj": "TPS_C000_Zgrade POSTOJECE", "list": "2b_Vodoopskrbna mreža_ID_DPU_DRACEVAC", "plan": "DPU radne zone Dračevac", "izvor": "DPU radne zone Dračevac (split.hr), vektorizirano iz PDF-a"}}, {"type": "Feature", "geometry": {"type": "Polygon", "coordinates": [[[16.497471, 43.5258014], [16.4974658, 43.5258178], [16.497471, 43.5258178], [16.497471, 43.5258014]]]}, "properties": {"tema": "zgrade-postojece", "opis": "Postojeće zgrade", "cad_sloj": "TPS_C000_Zgrade POSTOJECE", "list": "2b_Vodoopskrbna mreža_ID_DPU_DRACEVAC", "plan": "DPU radne zone Dračevac", "izvor": "DPU radne zone Dračevac (split.hr), vektorizirano iz PDF-a"}}, {"type": "Feature", "geometry": {"type": "Polygon", "coordinates": [[[16.4974684, 43.5258159], [16.4974684, 43.5258197], [16.4974365, 43.5258155], [16.4974684, 43.5258159]]]}, "properties": {"tema": "zgrade-postojece", "opis": "Postojeće zgrade", "cad_sloj": "TPS_C000_Zgrade POSTOJECE", "list": "2b_Vodoopskrbna mreža_ID_DPU_DRACEVAC", "plan": "DPU radne zone Dračevac", "izvor": "DPU radne zone Dračevac (split.hr), vektorizirano iz PDF-a"}}, {"type": "Feature", "geometry": {"type": "Polygon", "coordinates": [[[16.4974684, 43.5258197], [16.4974365, 43.5258155], [16.4974365, 43.5258193], [16.4974684, 43.5258197]]]}, "properties": {"tema": "zgrade-postojece", "opis": "Postojeće zgrade", "cad_sloj": "TPS_C000_Zgrade POSTOJECE", "list": "2b_Vodoopskrbna mreža_ID_DPU_DRACEVAC", "plan": "DPU radne zone Dračevac", "izvor": "DPU radne zone Dračevac (split.hr), vektorizirano iz PDF-a"}}, {"type": "Feature", "geometry": {"type": "Polygon", "coordinates": [[[16.4974339, 43.5258174], [16.4974391, 43.5258174], [16.4974333, 43.5258441], [16.4974339, 43.5258174]]]}, "properties": {"tema": "zgrade-postojece", "opis": "Postojeće zgrade", "cad_sloj": "TPS_C000_Zgrade POSTOJECE", "list": "2b_Vodoopskrbna mreža_ID_DPU_DRACEVAC", "plan": "DPU radne zone Dračevac", "izvor": "DPU radne zone Dračevac (split.hr), vektorizirano iz PDF-a"}}, {"type": "Feature", "geometry": {"type": "Polygon", "coordinates": [[[16.4974391, 43.5258174], [16.4974333, 43.5258441], [16.4974386, 43.5258445], [16.4974391, 43.5258174]]]}, "properties": {"tema": "zgrade-postojece", "opis": "Postojeće zgrade", "cad_sloj": "TPS_C000_Zgrade POSTOJECE", "list": "2b_Vodoopskrbna mreža_ID_DPU_DRACEVAC", "plan": "DPU radne zone Dračevac", "izvor": "DPU radne zone Dračevac (split.hr), vektorizirano iz PDF-a"}}, {"type": "Feature", "geometry": {"type": "Polygon", "coordinates": [[[16.4974328, 43.5258623], [16.497438, 43.5258623], [16.4974323, 43.5258802], [16.4974328, 43.5258623]]]}, "properties": {"tema": "zgrade-postojece", "opis": "Postojeće zgrade", "cad_sloj": "TPS_C000_Zgrade POSTOJECE", "list": "2b_Vodoopskrbna mreža_ID_DPU_DRACEVAC", "plan": "DPU radne zone Dračevac", "izvor": "DPU radne zone Dračevac (split.hr), vektorizirano iz PDF-a"}}, {"type": "Feature", "geometry": {"type": "Polygon", "coordinates": [[[16.497438, 43.5258623], [16.4974323, 43.5258802], [16.4974375, 43.5258802], [16.497438, 43.5258623]]]}, "properties": {"tema": "zgrade-postojece", "opis": "Postojeće zgrade", "cad_sloj": "TPS_C000_Zgrade POSTOJECE", "list": "2b_Vodoopskrbna mreža_ID_DPU_DRACEVAC", "plan": "DPU radne zone Dračevac", "izvor": "DPU radne zone Dračevac (split.hr), vektorizirano iz PDF-a"}}, {"type": "Feature", "geometry": {"type": "Polygon", "coordinates": [[[16.4974318, 43.5258981], [16.497437, 43.5258981], [16.4974318, 43.525916], [16.4974318, 43.5258981]]]}, "properties": {"tema": "zgrade-postojece", "opis": "Postojeće zgrade", "cad_sloj": "TPS_C000_Zgrade POSTOJECE", "list": "2b_Vodoopskrbna mreža_ID_DPU_DRACEVAC", "plan": "DPU radne zone Dračevac", "izvor": "DPU radne zone Dračevac (split.hr), vektorizirano iz PDF-a"}}, {"type": "Feature", "geometry": {"type": "Polygon", "coordinates": [[[16.497437, 43.5258981], [16.4974318, 43.525916], [16.4974365, 43.525916], [16.497437, 43.5258981]]]}, "properties": {"tema": "zgrade-postojece", "opis": "Postojeće zgrade", "cad_sloj": "TPS_C000_Zgrade POSTOJECE", "list": "2b_Vodoopskrbna mreža_ID_DPU_DRACEVAC", "plan": "DPU radne zone Dračevac", "izvor": "DPU radne zone Dračevac (split.hr), vektorizirano iz PDF-a"}}, {"type": "Feature", "geometry": {"type": "Polygon", "coordinates": [[[16.4974312, 43.5259339], [16.4974359, 43.5259343], [16.4974302, 43.5259609], [16.4974312, 43.5259339]]]}, "properties": {"tema": "zgrade-postojece", "opis": "Postojeće zgrade", "cad_sloj": "TPS_C000_Zgrade POSTOJECE", "list": "2b_Vodoopskrbna mreža_ID_DPU_DRACEVAC", "plan": "DPU radne zone Dračevac", "izvor": "DPU radne zone Dračevac (split.hr), vektorizirano iz PDF-a"}}, {"type": "Feature", "geometry": {"type": "Polygon", "coordinates": [[[16.4974359, 43.5259343], [16.4974302, 43.5259609], [16.4974354, 43.5259609], [16.4974359, 43.5259343]]]}, "properties": {"tema": "zgrade-postojece", "opis": "Postojeće zgrade", "cad_sloj": "TPS_C000_Zgrade POSTOJECE", "list": "2b_Vodoopskrbna mreža_ID_DPU_DRACEVAC", "plan": "DPU radne zone Dračevac", "izvor": "DPU radne zone Dračevac (split.hr), vektorizirano iz PDF-a"}}, {"type": "Feature", "geometry": {"type": "Polygon", "coordinates": [[[16.4974328, 43.5259628], [16.4974328, 43.525959], [16.4974475, 43.5259628], [16.4974328, 43.5259628]]]}, "properties": {"tema": "zgrade-postojece", "opis": "Postojeće zgrade", "cad_sloj": "TPS_C000_Zgrade POSTOJECE", "list": "2b_Vodoopskrbna mreža_ID_DPU_DRACEVAC", "plan": "DPU radne zone Dračevac", "izvor": "DPU radne zone Dračevac (split.hr), vektorizirano iz PDF-a"}}, {"type": "Feature", "geometry": {"type": "Polygon", "coordinates": [[[16.4974328, 43.525959], [16.4974475, 43.5259628], [16.4974475, 43.5259594], [16.4974328, 43.525959]]]}, "properties": {"tema": "zgrade-postojece", "opis": "Postojeće zgrade", "cad_sloj": "TPS_C000_Zgrade POSTOJECE", "list": "2b_Vodoopskrbna mreža_ID_DPU_DRACEVAC", "plan": "DPU radne zone Dračevac", "izvor": "DPU radne zone Dračevac (split.hr), vektorizirano iz PDF-a"}}, {"type": "Feature", "geometry": {"type": "Polygon", "coordinates": [[[16.497472, 43.5259632], [16.4974726, 43.5259594], [16.4974971, 43.5259636], [16.497472, 43.5259632]]]}, "properties": {"tema": "zgrade-postojece", "opis": "Postojeće zgrade", "cad_sloj": "TPS_C000_Zgrade POSTOJECE", "list": "2b_Vodoopskrbna mreža_ID_DPU_DRACEVAC", "plan": "DPU radne zone Dračevac", "izvor": "DPU radne zone Dračevac (split.hr), vektorizirano iz PDF-a"}}, {"type": "Feature", "geometry": {"type": "Polygon", "coordinates": [[[16.4974726, 43.5259594], [16.4974971, 43.5259636], [16.4974971, 43.5259598], [16.4974726, 43.5259594]]]}, "properties": {"tema": "zgrade-postojece", "opis": "Postojeće zgrade", "cad_sloj": "TPS_C000_Zgrade POSTOJECE", "list": "2b_Vodoopskrbna mreža_ID_DPU_DRACEVAC", "plan": "DPU radne zone Dračevac", "izvor": "DPU radne zone Dračevac (split.hr), vektorizirano iz PDF-a"}}, {"type": "Feature", "geometry": {"type": "Polygon", "coordinates": [[[16.4975217, 43.525964], [16.4975217, 43.5259602], [16.4975463, 43.525964], [16.4975217, 43.525964]]]}, "properties": {"tema": "zgrade-postojece", "opis": "Postojeće zgrade", "cad_sloj": "TPS_C000_Zgrade POSTOJECE", "list": "2b_Vodoopskrbna mreža_ID_DPU_DRACEVAC", "plan": "DPU radne zone Dračevac", "izvor": "DPU radne zone Dračevac (split.hr), vektorizirano iz PDF-a"}}, {"type": "Feature", "geometry": {"type": "Polygon", "coordinates": [[[16.4975217, 43.5259602], [16.4975463, 43.525964], [16.4975463, 43.5259605], [16.4975217, 43.5259602]]]}, "properties": {"tema": "zgrade-postojece", "opis": "Postojeće zgrade", "cad_sloj": "TPS_C000_Zgrade POSTOJECE", "list": "2b_Vodoopskrbna mreža_ID_DPU_DRACEVAC", "plan": "DPU radne zone Dračevac", "izvor": "DPU radne zone Dračevac (split.hr), vektorizirano iz PDF-a"}}, {"type": "Feature", "geometry": {"type": "Polygon", "coordinates": [[[16.4975709, 43.5259644], [16.4975709, 43.5259609], [16.4975955, 43.5259647], [16.4975709, 43.5259644]]]}, "properties": {"tema": "zgrade-postojece", "opis": "Postojeće zgrade", "cad_sloj": "TPS_C000_Zgrade POSTOJECE", "list": "2b_Vodoopskrbna mreža_ID_DPU_DRACEVAC", "plan": "DPU radne zone Dračevac", "izvor": "DPU radne zone Dračevac (split.hr), vektorizirano iz PDF-a"}}, {"type": "Feature", "geometry": {"type": "Polygon", "coordinates": [[[16.4975709, 43.5259609], [16.4975955, 43.5259647], [16.497596, 43.5259613], [16.4975709, 43.5259609]]]}, "properties": {"tema": "zgrade-postojece", "opis": "Postojeće zgrade", "cad_sloj": "TPS_C000_Zgrade POSTOJECE", "list": "2b_Vodoopskrbna mreža_ID_DPU_DRACEVAC", "plan": "DPU radne zone Dračevac", "izvor": "DPU radne zone Dračevac (split.hr), vektorizirano iz PDF-a"}}, {"type": "Feature", "geometry": {"type": "Polygon", "coordinates": [[[16.4976206, 43.5259651], [16.4976206, 43.5259613], [16.4976452, 43.5259655], [16.4976206, 43.5259651]]]}, "properties": {"tema": "zgrade-postojece", "opis": "Postojeće zgrade", "cad_sloj": "TPS_C000_Zgrade POSTOJECE", "list": "2b_Vodoopskrbna mreža_ID_DPU_DRACEVAC", "plan": "DPU radne zone Dračevac", "izvor": "DPU radne zone Dračevac (split.hr), vektorizirano iz PDF-a"}}, {"type": "Feature", "geometry": {"type": "Polygon", "coordinates": [[[16.4976206, 43.5259613], [16.4976452, 43.5259655], [16.4976452, 43.5259617], [16.4976206, 43.5259613]]]}, "properties": {"tema": "zgrade-postojece", "opis": "Postojeće zgrade", "cad_sloj": "TPS_C000_Zgrade POSTOJECE", "list": "2b_Vodoopskrbna mreža_ID_DPU_DRACEVAC", "plan": "DPU radne zone Dračevac", "izvor": "DPU radne zone Dračevac (split.hr), vektorizirano iz PDF-a"}}, {"type": "Feature", "geometry": {"type": "Polygon", "coordinates": [[[16.4976698, 43.5259655], [16.4976698, 43.5259621], [16.4976844, 43.5259659], [16.4976698, 43.5259655]]]}, "properties": {"tema": "zgrade-postojece", "opis": "Postojeće zgrade", "cad_sloj": "TPS_C000_Zgrade POSTOJECE", "list": "2b_Vodoopskrbna mreža_ID_DPU_DRACEVAC", "plan": "DPU radne zone Dračevac", "izvor": "DPU radne zone Dračevac (split.hr), vektorizirano iz PDF-a"}}, {"type": "Feature", "geometry": {"type": "Polygon", "coordinates": [[[16.4976698, 43.5259621], [16.4976844, 43.5259659], [16.4976844, 43.5259625], [16.4976698, 43.5259621]]]}, "properties": {"tema": "zgrade-postojece", "opis": "Postojeće zgrade", "cad_sloj": "TPS_C000_Zgrade POSTOJECE", "list": "2b_Vodoopskrbna mreža_ID_DPU_DRACEVAC", "plan": "DPU radne zone Dračevac", "izvor": "DPU radne zone Dračevac (split.hr), vektorizirano iz PDF-a"}}, {"type": "Feature", "geometry": {"type": "Polygon", "coordinates": [[[16.4995419, 43.5257356], [16.4995372, 43.5257352], [16.4995425, 43.525725], [16.4995419, 43.5257356]]]}, "properties": {"tema": "zgrade-postojece", "opis": "Postojeće zgrade", "cad_sloj": "TPS_C000_Zgrade POSTOJECE", "list": "2b_Vodoopskrbna mreža_ID_DPU_DRACEVAC", "plan": "DPU radne zone Dračevac", "izvor": "DPU radne zone Dračevac (split.hr), vektorizirano iz PDF-a"}}, {"type": "Feature", "geometry": {"type": "Polygon", "coordinates": [[[16.4995372, 43.5257352], [16.4995425, 43.525725], [16.4995372, 43.525725], [16.4995372, 43.5257352]]]}, "properties": {"tema": "zgrade-postojece", "opis": "Postojeće zgrade", "cad_sloj": "TPS_C000_Zgrade POSTOJECE", "list": "2b_Vodoopskrbna mreža_ID_DPU_DRACEVAC", "plan": "DPU radne zone Dračevac", "izvor": "DPU radne zone Dračevac (split.hr), vektorizirano iz PDF-a"}}, {"type": "Feature", "geometry": {"type": "Polygon", "coordinates": [[[16.499543, 43.5257071], [16.4995378, 43.5257067], [16.499543, 43.5256964], [16.499543, 43.5257071]]]}, "properties": {"tema": "zgrade-postojece", "opis": "Postojeće zgrade", "cad_sloj": "TPS_C000_Zgrade POSTOJECE", "list": "2b_Vodoopskrbna mreža_ID_DPU_DRACEVAC", "plan": "DPU radne zone Dračevac", "izvor": "DPU radne zone Dračevac (split.hr), vektorizirano iz PDF-a"}}, {"type": "Feature", "geometry": {"type": "Polygon", "coordinates": [[[16.4995378, 43.5257067], [16.499543, 43.5256964], [16.4995383, 43.5256964], [16.4995378, 43.5257067]]]}, "properties": {"tema": "zgrade-postojece", "opis": "Postojeće zgrade", "cad_sloj": "TPS_C000_Zgrade POSTOJECE", "list": "2b_Vodoopskrbna mreža_ID_DPU_DRACEVAC", "plan": "DPU radne zone Dračevac", "izvor": "DPU radne zone Dračevac (split.hr), vektorizirano iz PDF-a"}}, {"type": "Feature", "geometry": {"type": "Polygon", "coordinates": [[[16.4995404, 43.5256983], [16.4995409, 43.5256945], [16.4995555, 43.5256983], [16.4995404, 43.5256983]]]}, "properties": {"tema": "zgrade-postojece", "opis": "Postojeće zgrade", "cad_sloj": "TPS_C000_Zgrade POSTOJECE", "list": "2b_Vodoopskrbna mreža_ID_DPU_DRACEVAC", "plan": "DPU radne zone Dračevac", "izvor": "DPU radne zone Dračevac (split.hr), vektorizirano iz PDF-a"}}, {"type": "Feature", "geometry": {"type": "Polygon", "coordinates": [[[16.4995409, 43.5256945], [16.4995555, 43.5256983], [16.4995555, 43.5256949], [16.4995409, 43.5256945]]]}, "properties": {"tema": "zgrade-postojece", "opis": "Postojeće zgrade", "cad_sloj": "TPS_C000_Zgrade POSTOJECE", "list": "2b_Vodoopskrbna mreža_ID_DPU_DRACEVAC", "plan": "DPU radne zone Dračevac", "izvor": "DPU radne zone Dračevac (split.hr), vektorizirano iz PDF-a"}}, {"type": "Feature", "geometry": {"type": "Polygon", "coordinates": [[[16.4995801, 43.5256987], [16.4995801, 43.5256949], [16.4996047, 43.5256991], [16.4995801, 43.5256987]]]}, "properties": {"tema": "zgrade-postojece", "opis": "Postojeće zgrade", "cad_sloj": "TPS_C000_Zgrade POSTOJECE", "list": "2b_Vodoopskrbna mreža_ID_DPU_DRACEVAC", "plan": "DPU radne zone Dračevac", "izvor": "DPU radne zone Dračevac (split.hr), vektorizirano iz PDF-a"}}, {"type": "Feature", "geometry": {"type": "Polygon", "coordinates": [[[16.4995801, 43.5256949], [16.4996047, 43.5256991], [16.4996052, 43.5256953], [16.4995801, 43.5256949]]]}, "properties": {"tema": "zgrade-postojece", "opis": "Postojeće zgrade", "cad_sloj": "TPS_C000_Zgrade POSTOJECE", "list": "2b_Vodoopskrbna mreža_ID_DPU_DRACEVAC", "plan": "DPU radne zone Dračevac", "izvor": "DPU radne zone Dračevac (split.hr), vektorizirano iz PDF-a"}}, {"type": "Feature", "geometry": {"type": "Polygon", "coordinates": [[[16.4996298, 43.5256991], [16.4996298, 43.5256957], [16.4996544, 43.5256995], [16.4996298, 43.5256991]]]}, "properties": {"tema": "zgrade-postojece", "opis": "Postojeće zgrade", "cad_sloj": "TPS_C000_Zgrade POSTOJECE", "list": "2b_Vodoopskrbna mreža_ID_DPU_DRACEVAC", "plan": "DPU radne zone Dračevac", "izvor": "DPU radne zone Dračevac (split.hr), vektorizirano iz PDF-a"}}, {"type": "Feature", "geometry": {"type": "Polygon", "coordinates": [[[16.4996298, 43.5256957], [16.4996544, 43.5256995], [16.4996544, 43.525696], [16.4996298, 43.5256957]]]}, "properties": {"tema": "zgrade-postojece", "opis": "Postojeće zgrade", "cad_sloj": "TPS_C000_Zgrade POSTOJECE", "list": "2b_Vodoopskrbna mreža_ID_DPU_DRACEVAC", "plan": "DPU radne zone Dračevac", "izvor": "DPU radne zone Dračevac (split.hr), vektorizirano iz PDF-a"}}, {"type": "Feature", "geometry": {"type": "Polygon", "coordinates": [[[16.499679, 43.5256998], [16.499679, 43.525696], [16.4997036, 43.5257002], [16.499679, 43.5256998]]]}, "properties": {"tema": "zgrade-postojece", "opis": "Postojeće zgrade", "cad_sloj": "TPS_C000_Zgrade POSTOJECE", "list": "2b_Vodoopskrbna mreža_ID_DPU_DRACEVAC", "plan": "DPU radne zone Dračevac", "izvor": "DPU radne zone Dračevac (split.hr), vektorizirano iz PDF-a"}}, {"type": "Feature", "geometry": {"type": "Polygon", "coordinates": [[[16.499679, 43.525696], [16.4997036, 43.5257002], [16.4997036, 43.5256964], [16.499679, 43.525696]]]}, "properties": {"tema": "zgrade-postojece", "opis": "Postojeće zgrade", "cad_sloj": "TPS_C000_Zgrade POSTOJECE", "list": "2b_Vodoopskrbna mreža_ID_DPU_DRACEVAC", "plan": "DPU radne zone Dračevac", "izvor": "DPU radne zone Dračevac (split.hr), vektorizirano iz PDF-a"}}, {"type": "Feature", "geometry": {"type": "Polygon", "coordinates": [[[16.4997282, 43.5257002], [16.4997287, 43.5256968], [16.4997533, 43.5257006], [16.4997282, 43.5257002]]]}, "properties": {"tema": "zgrade-postojece", "opis": "Postojeće zgrade", "cad_sloj": "TPS_C000_Zgrade POSTOJECE", "list": "2b_Vodoopskrbna mreža_ID_DPU_DRACEVAC", "plan": "DPU radne zone Dračevac", "izvor": "DPU radne zone Dračevac (split.hr), vektorizirano iz PDF-a"}}, {"type": "Feature", "geometry": {"type": "Polygon", "coordinates": [[[16.4997287, 43.5256968], [16.4997533, 43.5257006], [16.4997533, 43.5256972], [16.4997287, 43.5256968]]]}, "properties": {"tema": "zgrade-postojece", "opis": "Postojeće zgrade", "cad_sloj": "TPS_C000_Zgrade POSTOJECE", "list": "2b_Vodoopskrbna mreža_ID_DPU_DRACEVAC", "plan": "DPU radne zone Dračevac", "izvor": "DPU radne zone Dračevac (split.hr), vektorizirano iz PDF-a"}}, {"type": "Feature", "geometry": {"type": "Polygon", "coordinates": [[[16.4997779, 43.525701], [16.4997779, 43.5256972], [16.4998024, 43.5257014], [16.4997779, 43.525701]]]}, "properties": {"tema": "zgrade-postojece", "opis": "Postojeće zgrade", "cad_sloj": "TPS_C000_Zgrade POSTOJECE", "list": "2b_Vodoopskrbna mreža_ID_DPU_DRACEVAC", "plan": "DPU radne zone Dračevac", "izvor": "DPU radne zone Dračevac (split.hr), vektorizirano iz PDF-a"}}, {"type": "Feature", "geometry": {"type": "Polygon", "coordinates": [[[16.4997779, 43.5256972], [16.4998024, 43.5257014], [16.4998024, 43.5256976], [16.4997779, 43.5256972]]]}, "properties": {"tema": "zgrade-postojece", "opis": "Postojeće zgrade", "cad_sloj": "TPS_C000_Zgrade POSTOJECE", "list": "2b_Vodoopskrbna mreža_ID_DPU_DRACEVAC", "plan": "DPU radne zone Dračevac", "izvor": "DPU radne zone Dračevac (split.hr), vektorizirano iz PDF-a"}}, {"type": "Feature", "geometry": {"type": "Polygon", "coordinates": [[[16.499827, 43.5257014], [16.499827, 43.5256979], [16.4998422, 43.5257018], [16.499827, 43.5257014]]]}, "properties": {"tema": "zgrade-postojece", "opis": "Postojeće zgrade", "cad_sloj": "TPS_C000_Zgrade POSTOJECE", "list": "2b_Vodoopskrbna mreža_ID_DPU_DRACEVAC", "plan": "DPU radne zone Dračevac", "izvor": "DPU radne zone Dračevac (split.hr), vektorizirano iz PDF-a"}}, {"type": "Feature", "geometry": {"type": "Polygon", "coordinates": [[[16.499827, 43.5256979], [16.4998422, 43.5257018], [16.4998422, 43.5256979], [16.499827, 43.5256979]]]}, "properties": {"tema": "zgrade-postojece", "opis": "Postojeće zgrade", "cad_sloj": "TPS_C000_Zgrade POSTOJECE", "list": "2b_Vodoopskrbna mreža_ID_DPU_DRACEVAC", "plan": "DPU radne zone Dračevac", "izvor": "DPU radne zone Dračevac (split.hr), vektorizirano iz PDF-a"}}, {"type": "Feature", "geometry": {"type": "Polygon", "coordinates": [[[16.4998448, 43.5256998], [16.4998396, 43.5256998], [16.4998453, 43.5256747], [16.4998448, 43.5256998]]]}, "properties": {"tema": "zgrade-postojece", "opis": "Postojeće zgrade", "cad_sloj": "TPS_C000_Zgrade POSTOJECE", "list": "2b_Vodoopskrbna mreža_ID_DPU_DRACEVAC", "plan": "DPU radne zone Dračevac", "izvor": "DPU radne zone Dračevac (split.hr), vektorizirano iz PDF-a"}}, {"type": "Feature", "geometry": {"type": "Polygon", "coordinates": [[[16.4998396, 43.5256998], [16.4998453, 43.5256747], [16.4998401, 43.5256747], [16.4998396, 43.5256998]]]}, "properties": {"tema": "zgrade-postojece", "opis": "Postojeće zgrade", "cad_sloj": "TPS_C000_Zgrade POSTOJECE", "list": "2b_Vodoopskrbna mreža_ID_DPU_DRACEVAC", "plan": "DPU radne zone Dračevac", "izvor": "DPU radne zone Dračevac (split.hr), vektorizirano iz PDF-a"}}, {"type": "Feature", "geometry": {"type": "Polygon", "coordinates": [[[16.4998459, 43.5256568], [16.4998406, 43.5256568], [16.4998459, 43.5256389], [16.4998459, 43.5256568]]]}, "properties": {"tema": "zgrade-postojece", "opis": "Postojeće zgrade", "cad_sloj": "TPS_C000_Zgrade POSTOJECE", "list": "2b_Vodoopskrbna mreža_ID_DPU_DRACEVAC", "plan": "DPU radne zone Dračevac", "izvor": "DPU radne zone Dračevac (split.hr), vektorizirano iz PDF-a"}}, {"type": "Feature", "geometry": {"type": "Polygon", "coordinates": [[[16.4998406, 43.5256568], [16.4998459, 43.5256389], [16.4998412, 43.5256389], [16.4998406, 43.5256568]]]}, "properties": {"tema": "zgrade-postojece", "opis": "Postojeće zgrade", "cad_sloj": "TPS_C000_Zgrade POSTOJECE", "list": "2b_Vodoopskrbna mreža_ID_DPU_DRACEVAC", "plan": "DPU radne zone Dračevac", "izvor": "DPU radne zone Dračevac (split.hr), vektorizirano iz PDF-a"}}, {"type": "Feature", "geometry": {"type": "Polygon", "coordinates": [[[16.4998464, 43.5256211], [16.4998417, 43.5256211], [16.4998469, 43.5255959], [16.4998464, 43.5256211]]]}, "properties": {"tema": "zgrade-postojece", "opis": "Postojeće zgrade", "cad_sloj": "TPS_C000_Zgrade POSTOJECE", "list": "2b_Vodoopskrbna mreža_ID_DPU_DRACEVAC", "plan": "DPU radne zone Dračevac", "izvor": "DPU radne zone Dračevac (split.hr), vektorizirano iz PDF-a"}}, {"type": "Feature", "geometry": {"type": "Polygon", "coordinates": [[[16.4998417, 43.5256211], [16.4998469, 43.5255959], [16.4998422, 43.5255959], [16.4998417, 43.5256211]]]}, "properties": {"tema": "zgrade-postojece", "opis": "Postojeće zgrade", "cad_sloj": "TPS_C000_Zgrade POSTOJECE", "list": "2b_Vodoopskrbna mreža_ID_DPU_DRACEVAC", "plan": "DPU radne zone Dračevac", "izvor": "DPU radne zone Dračevac (split.hr), vektorizirano iz PDF-a"}}, {"type": "Feature", "geometry": {"type": "Polygon", "coordinates": [[[16.4998448, 43.525594], [16.4998448, 43.5255978], [16.4998129, 43.5255937], [16.4998448, 43.525594]]]}, "properties": {"tema": "zgrade-postojece", "opis": "Postojeće zgrade", "cad_sloj": "TPS_C000_Zgrade POSTOJECE", "list": "2b_Vodoopskrbna mreža_ID_DPU_DRACEVAC", "plan": "DPU radne zone Dračevac", "izvor": "DPU radne zone Dračevac (split.hr), vektorizirano iz PDF-a"}}, {"type": "Feature", "geometry": {"type": "Polygon", "coordinates": [[[16.4998448, 43.5255978], [16.4998129, 43.5255937], [16.4998129, 43.5255975], [16.4998448, 43.5255978]]]}, "properties": {"tema": "zgrade-postojece", "opis": "Postojeće zgrade", "cad_sloj": "TPS_C000_Zgrade POSTOJECE", "list": "2b_Vodoopskrbna mreža_ID_DPU_DRACEVAC", "plan": "DPU radne zone Dračevac", "izvor": "DPU radne zone Dračevac (split.hr), vektorizirano iz PDF-a"}}, {"type": "Feature", "geometry": {"type": "Polygon", "coordinates": [[[16.4997883, 43.5255937], [16.4997883, 43.5255971], [16.4997637, 43.5255933], [16.4997883, 43.5255937]]]}, "properties": {"tema": "zgrade-postojece", "opis": "Postojeće zgrade", "cad_sloj": "TPS_C000_Zgrade POSTOJECE", "list": "2b_Vodoopskrbna mreža_ID_DPU_DRACEVAC", "plan": "DPU radne zone Dračevac", "izvor": "DPU radne zone Dračevac (split.hr), vektorizirano iz PDF-a"}}, {"type": "Feature", "geometry": {"type": "Polygon", "coordinates": [[[16.4997883, 43.5255971], [16.4997637, 43.5255933], [16.4997637, 43.5255967], [16.4997883, 43.5255971]]]}, "properties": {"tema": "zgrade-postojece", "opis": "Postojeće zgrade", "cad_sloj": "TPS_C000_Zgrade POSTOJECE", "list": "2b_Vodoopskrbna mreža_ID_DPU_DRACEVAC", "plan": "DPU radne zone Dračevac", "izvor": "DPU radne zone Dračevac (split.hr), vektorizirano iz PDF-a"}}, {"type": "Feature", "geometry": {"type": "Polygon", "coordinates": [[[16.4997392, 43.5255929], [16.4997386, 43.5255963], [16.499714, 43.5255925], [16.4997392, 43.5255929]]]}, "properties": {"tema": "zgrade-postojece", "opis": "Postojeće zgrade", "cad_sloj": "TPS_C000_Zgrade POSTOJECE", "list": "2b_Vodoopskrbna mreža_ID_DPU_DRACEVAC", "plan": "DPU radne zone Dračevac", "izvor": "DPU radne zone Dračevac (split.hr), vektorizirano iz PDF-a"}}, {"type": "Feature", "geometry": {"type": "Polygon", "coordinates": [[[16.4997386, 43.5255963], [16.499714, 43.5255925], [16.499714, 43.5255963], [16.4997386, 43.5255963]]]}, "properties": {"tema": "zgrade-postojece", "opis": "Postojeće zgrade", "cad_sloj": "TPS_C000_Zgrade POSTOJECE", "list": "2b_Vodoopskrbna mreža_ID_DPU_DRACEVAC", "plan": "DPU radne zone Dračevac", "izvor": "DPU radne zone Dračevac (split.hr), vektorizirano iz PDF-a"}}, {"type": "Feature", "geometry": {"type": "Polygon", "coordinates": [[[16.4996895, 43.5255925], [16.4996895, 43.5255959], [16.4996649, 43.5255921], [16.4996895, 43.5255925]]]}, "properties": {"tema": "zgrade-postojece", "opis": "Postojeće zgrade", "cad_sloj": "TPS_C000_Zgrade POSTOJECE", "list": "2b_Vodoopskrbna mreža_ID_DPU_DRACEVAC", "plan": "DPU radne zone Dračevac", "izvor": "DPU radne zone Dračevac (split.hr), vektorizirano iz PDF-a"}}, {"type": "Feature", "geometry": {"type": "Polygon", "coordinates": [[[16.4996895, 43.5255959], [16.4996649, 43.5255921], [16.4996649, 43.5255956], [16.4996895, 43.5255959]]]}, "properties": {"tema": "zgrade-postojece", "opis": "Postojeće zgrade", "cad_sloj": "TPS_C000_Zgrade POSTOJECE", "list": "2b_Vodoopskrbna mreža_ID_DPU_DRACEVAC", "plan": "DPU radne zone Dračevac", "izvor": "DPU radne zone Dračevac (split.hr), vektorizirano iz PDF-a"}}, {"type": "Feature", "geometry": {"type": "Polygon", "coordinates": [[[16.4996403, 43.5255918], [16.4996403, 43.5255952], [16.4996157, 43.5255914], [16.4996403, 43.5255918]]]}, "properties": {"tema": "zgrade-postojece", "opis": "Postojeće zgrade", "cad_sloj": "TPS_C000_Zgrade POSTOJECE", "list": "2b_Vodoopskrbna mreža_ID_DPU_DRACEVAC", "plan": "DPU radne zone Dračevac", "izvor": "DPU radne zone Dračevac (split.hr), vektorizirano iz PDF-a"}}, {"type": "Feature", "geometry": {"type": "Polygon", "coordinates": [[[16.4996403, 43.5255952], [16.4996157, 43.5255914], [16.4996152, 43.5255952], [16.4996403, 43.5255952]]]}, "properties": {"tema": "zgrade-postojece", "opis": "Postojeće zgrade", "cad_sloj": "TPS_C000_Zgrade POSTOJECE", "list": "2b_Vodoopskrbna mreža_ID_DPU_DRACEVAC", "plan": "DPU radne zone Dračevac", "izvor": "DPU radne zone Dračevac (split.hr), vektorizirano iz PDF-a"}}, {"type": "Feature", "geometry": {"type": "Polygon", "coordinates": [[[16.4995906, 43.525591], [16.4995906, 43.5255948], [16.499566, 43.525591], [16.4995906, 43.525591]]]}, "properties": {"tema": "zgrade-postojece", "opis": "Postojeće zgrade", "cad_sloj": "TPS_C000_Zgrade POSTOJECE", "list": "2b_Vodoopskrbna mreža_ID_DPU_DRACEVAC", "plan": "DPU radne zone Dračevac", "izvor": "DPU radne zone Dračevac (split.hr), vektorizirano iz PDF-a"}}, {"type": "Feature", "geometry": {"type": "Polygon", "coordinates": [[[16.4995906, 43.5255948], [16.499566, 43.525591], [16.499566, 43.5255944], [16.4995906, 43.5255948]]]}, "properties": {"tema": "zgrade-postojece", "opis": "Postojeće zgrade", "cad_sloj": "TPS_C000_Zgrade POSTOJECE", "list": "2b_Vodoopskrbna mreža_ID_DPU_DRACEVAC", "plan": "DPU radne zone Dračevac", "izvor": "DPU radne zone Dračevac (split.hr), vektorizirano iz PDF-a"}}, {"type": "Feature", "geometry": {"type": "Polygon", "coordinates": [[[16.4995414, 43.5255906], [16.4995414, 43.525594], [16.4995095, 43.5255902], [16.4995414, 43.5255906]]]}, "properties": {"tema": "zgrade-postojece", "opis": "Postojeće zgrade", "cad_sloj": "TPS_C000_Zgrade POSTOJECE", "list": "2b_Vodoopskrbna mreža_ID_DPU_DRACEVAC", "plan": "DPU radne zone Dračevac", "izvor": "DPU radne zone Dračevac (split.hr), vektorizirano iz PDF-a"}}, {"type": "Feature", "geometry": {"type": "Polygon", "coordinates": [[[16.4995414, 43.525594], [16.4995095, 43.5255902], [16.4995095, 43.5255937], [16.4995414, 43.525594]]]}, "properties": {"tema": "zgrade-postojece", "opis": "Postojeće zgrade", "cad_sloj": "TPS_C000_Zgrade POSTOJECE", "list": "2b_Vodoopskrbna mreža_ID_DPU_DRACEVAC", "plan": "DPU radne zone Dračevac", "izvor": "DPU radne zone Dračevac (split.hr), vektorizirano iz PDF-a"}}, {"type": "Feature", "geometry": {"type": "Polygon", "coordinates": [[[16.4995121, 43.5255921], [16.4995074, 43.5255921], [16.4995127, 43.5255754], [16.4995121, 43.5255921]]]}, "properties": {"tema": "zgrade-postojece", "opis": "Postojeće zgrade", "cad_sloj": "TPS_C000_Zgrade POSTOJECE", "list": "2b_Vodoopskrbna mreža_ID_DPU_DRACEVAC", "plan": "DPU radne zone Dračevac", "izvor": "DPU radne zone Dračevac (split.hr), vektorizirano iz PDF-a"}}, {"type": "Feature", "geometry": {"type": "Polygon", "coordinates": [[[16.4995074, 43.5255921], [16.4995127, 43.5255754], [16.4995074, 43.5255754], [16.4995074, 43.5255921]]]}, "properties": {"tema": "zgrade-postojece", "opis": "Postojeće zgrade", "cad_sloj": "TPS_C000_Zgrade POSTOJECE", "list": "2b_Vodoopskrbna mreža_ID_DPU_DRACEVAC", "plan": "DPU radne zone Dračevac", "izvor": "DPU radne zone Dračevac (split.hr), vektorizirano iz PDF-a"}}, {"type": "Feature", "geometry": {"type": "Polygon", "coordinates": [[[16.4995132, 43.5255575], [16.4995079, 43.5255571], [16.4995132, 43.5255407], [16.4995132, 43.5255575]]]}, "properties": {"tema": "zgrade-postojece", "opis": "Postojeće zgrade", "cad_sloj": "TPS_C000_Zgrade POSTOJECE", "list": "2b_Vodoopskrbna mreža_ID_DPU_DRACEVAC", "plan": "DPU radne zone Dračevac", "izvor": "DPU radne zone Dračevac (split.hr), vektorizirano iz PDF-a"}}, {"type": "Feature", "geometry": {"type": "Polygon", "coordinates": [[[16.4995079, 43.5255571], [16.4995132, 43.5255407], [16.4995085, 43.5255404], [16.4995079, 43.5255571]]]}, "properties": {"tema": "zgrade-postojece", "opis": "Postojeće zgrade", "cad_sloj": "TPS_C000_Zgrade POSTOJECE", "list": "2b_Vodoopskrbna mreža_ID_DPU_DRACEVAC", "plan": "DPU radne zone Dračevac", "izvor": "DPU radne zone Dračevac (split.hr), vektorizirano iz PDF-a"}}, {"type": "Feature", "geometry": {"type": "Polygon", "coordinates": [[[16.4995111, 43.5255423], [16.4995111, 43.5255388], [16.4995341, 43.5255426], [16.4995111, 43.5255423]]]}, "properties": {"tema": "zgrade-postojece", "opis": "Postojeće zgrade", "cad_sloj": "TPS_C000_Zgrade POSTOJECE", "list": "2b_Vodoopskrbna mreža_ID_DPU_DRACEVAC", "plan": "DPU radne zone Dračevac", "izvor": "DPU radne zone Dračevac (split.hr), vektorizirano iz PDF-a"}}, {"type": "Feature", "geometry": {"type": "Polygon", "coordinates": [[[16.4995111, 43.5255388], [16.4995341, 43.5255426], [16.4995346, 43.5255392], [16.4995111, 43.5255388]]]}, "properties": {"tema": "zgrade-postojece", "opis": "Postojeće zgrade", "cad_sloj": "TPS_C000_Zgrade POSTOJECE", "list": "2b_Vodoopskrbna mreža_ID_DPU_DRACEVAC", "plan": "DPU radne zone Dračevac", "izvor": "DPU radne zone Dračevac (split.hr), vektorizirano iz PDF-a"}}, {"type": "Feature", "geometry": {"type": "Polygon", "coordinates": [[[16.4995592, 43.525543], [16.4995592, 43.5255392], [16.4995822, 43.5255434], [16.4995592, 43.525543]]]}, "properties": {"tema": "zgrade-postojece", "opis": "Postojeće zgrade", "cad_sloj": "TPS_C000_Zgrade POSTOJECE", "list": "2b_Vodoopskrbna mreža_ID_DPU_DRACEVAC", "plan": "DPU radne zone Dračevac", "izvor": "DPU radne zone Dračevac (split.hr), vektorizirano iz PDF-a"}}, {"type": "Feature", "geometry": {"type": "Polygon", "coordinates": [[[16.4995592, 43.5255392], [16.4995822, 43.5255434], [16.4995827, 43.5255396], [16.4995592, 43.5255392]]]}, "properties": {"tema": "zgrade-postojece", "opis": "Postojeće zgrade", "cad_sloj": "TPS_C000_Zgrade POSTOJECE", "list": "2b_Vodoopskrbna mreža_ID_DPU_DRACEVAC", "plan": "DPU radne zone Dračevac", "izvor": "DPU radne zone Dračevac (split.hr), vektorizirano iz PDF-a"}}, {"type": "Feature", "geometry": {"type": "Polygon", "coordinates": [[[16.4995848, 43.5255415], [16.4995801, 43.5255415], [16.4995854, 43.5255187], [16.4995848, 43.5255415]]]}, "properties": {"tema": "zgrade-postojece", "opis": "Postojeće zgrade", "cad_sloj": "TPS_C000_Zgrade POSTOJECE", "list": "2b_Vodoopskrbna mreža_ID_DPU_DRACEVAC", "plan": "DPU radne zone Dračevac", "izvor": "DPU radne zone Dračevac (split.hr), vektorizirano iz PDF-a"}}, {"type": "Feature", "geometry": {"type": "Polygon", "coordinates": [[[16.4995801, 43.5255415], [16.4995854, 43.5255187], [16.4995807, 43.5255183], [16.4995801, 43.5255415]]]}, "properties": {"tema": "zgrade-postojece", "opis": "Postojeće zgrade", "cad_sloj": "TPS_C000_Zgrade POSTOJECE", "list": "2b_Vodoopskrbna mreža_ID_DPU_DRACEVAC", "plan": "DPU radne zone Dračevac", "izvor": "DPU radne zone Dračevac (split.hr), vektorizirano iz PDF-a"}}, {"type": "Feature", "geometry": {"type": "Polygon", "coordinates": [[[16.4995859, 43.5255004], [16.4995812, 43.5255004], [16.4995864, 43.5254825], [16.4995859, 43.5255004]]]}, "properties": {"tema": "zgrade-postojece", "opis": "Postojeće zgrade", "cad_sloj": "TPS_C000_Zgrade POSTOJECE", "list": "2b_Vodoopskrbna mreža_ID_DPU_DRACEVAC", "plan": "DPU radne zone Dračevac", "izvor": "DPU radne zone Dračevac (split.hr), vektorizirano iz PDF-a"}}, {"type": "Feature", "geometry": {"type": "Polygon", "coordinates": [[[16.4995812, 43.5255004], [16.4995864, 43.5254825], [16.4995812, 43.5254825], [16.4995812, 43.5255004]]]}, "properties": {"tema": "zgrade-postojece", "opis": "Postojeće zgrade", "cad_sloj": "TPS_C000_Zgrade POSTOJECE", "list": "2b_Vodoopskrbna mreža_ID_DPU_DRACEVAC", "plan": "DPU radne zone Dračevac", "izvor": "DPU radne zone Dračevac (split.hr), vektorizirano iz PDF-a"}}, {"type": "Feature", "geometry": {"type": "Polygon", "coordinates": [[[16.4995869, 43.5254646], [16.4995817, 43.5254646], [16.4995869, 43.5254467], [16.4995869, 43.5254646]]]}, "properties": {"tema": "zgrade-postojece", "opis": "Postojeće zgrade", "cad_sloj": "TPS_C000_Zgrade POSTOJECE", "list": "2b_Vodoopskrbna mreža_ID_DPU_DRACEVAC", "plan": "DPU radne zone Dračevac", "izvor": "DPU radne zone Dračevac (split.hr), vektorizirano iz PDF-a"}}, {"type": "Feature", "geometry": {"type": "Polygon", "coordinates": [[[16.4995817, 43.5254646], [16.4995869, 43.5254467], [16.4995822, 43.5254467], [16.4995817, 43.5254646]]]}, "properties": {"tema": "zgrade-postojece", "opis": "Postojeće zgrade", "cad_sloj": "TPS_C000_Zgrade POSTOJECE", "list": "2b_Vodoopskrbna mreža_ID_DPU_DRACEVAC", "plan": "DPU radne zone Dračevac", "izvor": "DPU radne zone Dračevac (split.hr), vektorizirano iz PDF-a"}}, {"type": "Feature", "geometry": {"type": "Polygon", "coordinates": [[[16.4995875, 43.5254288], [16.4995827, 43.5254285], [16.499588, 43.5254106], [16.4995875, 43.5254288]]]}, "properties": {"tema": "zgrade-postojece", "opis": "Postojeće zgrade", "cad_sloj": "TPS_C000_Zgrade POSTOJECE", "list": "2b_Vodoopskrbna mreža_ID_DPU_DRACEVAC", "plan": "DPU radne zone Dračevac", "izvor": "DPU radne zone Dračevac (split.hr), vektorizirano iz PDF-a"}}, {"type": "Feature", "geometry": {"type": "Polygon", "coordinates": [[[16.4995827, 43.5254285], [16.499588, 43.5254106], [16.4995827, 43.5254106], [16.4995827, 43.5254285]]]}, "properties": {"tema": "zgrade-postojece", "opis": "Postojeće zgrade", "cad_sloj": "TPS_C000_Zgrade POSTOJECE", "list": "2b_Vodoopskrbna mreža_ID_DPU_DRACEVAC", "plan": "DPU radne zone Dračevac", "izvor": "DPU radne zone Dračevac (split.hr), vektorizirano iz PDF-a"}}, {"type": "Feature", "geometry": {"type": "Polygon", "coordinates": [[[16.4995885, 43.5253927], [16.4995833, 43.5253927], [16.4995885, 43.5253748], [16.4995885, 43.5253927]]]}, "properties": {"tema": "zgrade-postojece", "opis": "Postojeće zgrade", "cad_sloj": "TPS_C000_Zgrade POSTOJECE", "list": "2b_Vodoopskrbna mreža_ID_DPU_DRACEVAC", "plan": "DPU radne zone Dračevac", "izvor": "DPU radne zone Dračevac (split.hr), vektorizirano iz PDF-a"}}, {"type": "Feature", "geometry": {"type": "Polygon", "coordinates": [[[16.4995833, 43.5253927], [16.4995885, 43.5253748], [16.4995838, 43.5253748], [16.4995833, 43.5253927]]]}, "properties": {"tema": "zgrade-postojece", "opis": "Postojeće zgrade", "cad_sloj": "TPS_C000_Zgrade POSTOJECE", "list": "2b_Vodoopskrbna mreža_ID_DPU_DRACEVAC", "plan": "DPU radne zone Dračevac", "izvor": "DPU radne zone Dračevac (split.hr), vektorizirano iz PDF-a"}}, {"type": "Feature", "geometry": {"type": "Polygon", "coordinates": [[[16.499589, 43.5253569], [16.4995843, 43.5253569], [16.4995895, 43.525339], [16.499589, 43.5253569]]]}, "properties": {"tema": "zgrade-postojece", "opis": "Postojeće zgrade", "cad_sloj": "TPS_C000_Zgrade POSTOJECE", "list": "2b_Vodoopskrbna mreža_ID_DPU_DRACEVAC", "plan": "DPU radne zone Dračevac", "izvor": "DPU radne zone Dračevac (split.hr), vektorizirano iz PDF-a"}}, {"type": "Feature", "geometry": {"type": "Polygon", "coordinates": [[[16.4995843, 43.5253569], [16.4995895, 43.525339], [16.4995848, 43.5253386], [16.4995843, 43.5253569]]]}, "properties": {"tema": "zgrade-postojece", "opis": "Postojeće zgrade", "cad_sloj": "TPS_C000_Zgrade POSTOJECE", "list": "2b_Vodoopskrbna mreža_ID_DPU_DRACEVAC", "plan": "DPU radne zone Dračevac", "izvor": "DPU radne zone Dračevac (split.hr), vektorizirano iz PDF-a"}}, {"type": "Feature", "geometry": {"type": "Polygon", "coordinates": [[[16.4995901, 43.5253207], [16.4995848, 43.5253207], [16.4995906, 43.5253029], [16.4995901, 43.5253207]]]}, "properties": {"tema": "zgrade-postojece", "opis": "Postojeće zgrade", "cad_sloj": "TPS_C000_Zgrade POSTOJECE", "list": "2b_Vodoopskrbna mreža_ID_DPU_DRACEVAC", "plan": "DPU radne zone Dračevac", "izvor": "DPU radne zone Dračevac (split.hr), vektorizirano iz PDF-a"}}, {"type": "Feature", "geometry": {"type": "Polygon", "coordinates": [[[16.4995848, 43.5253207], [16.4995906, 43.5253029], [16.4995854, 43.5253029], [16.4995848, 43.5253207]]]}, "properties": {"tema": "zgrade-postojece", "opis": "Postojeće zgrade", "cad_sloj": "TPS_C000_Zgrade POSTOJECE", "list": "2b_Vodoopskrbna mreža_ID_DPU_DRACEVAC", "plan": "DPU radne zone Dračevac", "izvor": "DPU radne zone Dračevac (split.hr), vektorizirano iz PDF-a"}}, {"type": "Feature", "geometry": {"type": "Polygon", "coordinates": [[[16.4995906, 43.525285], [16.4995859, 43.525285], [16.4995911, 43.5252671], [16.4995906, 43.525285]]]}, "properties": {"tema": "zgrade-postojece", "opis": "Postojeće zgrade", "cad_sloj": "TPS_C000_Zgrade POSTOJECE", "list": "2b_Vodoopskrbna mreža_ID_DPU_DRACEVAC", "plan": "DPU radne zone Dračevac", "izvor": "DPU radne zone Dračevac (split.hr), vektorizirano iz PDF-a"}}, {"type": "Feature", "geometry": {"type": "Polygon", "coordinates": [[[16.4995859, 43.525285], [16.4995911, 43.5252671], [16.4995864, 43.5252671], [16.4995859, 43.525285]]]}, "properties": {"tema": "zgrade-postojece", "opis": "Postojeće zgrade", "cad_sloj": "TPS_C000_Zgrade POSTOJECE", "list": "2b_Vodoopskrbna mreža_ID_DPU_DRACEVAC", "plan": "DPU radne zone Dračevac", "izvor": "DPU radne zone Dračevac (split.hr), vektorizirano iz PDF-a"}}, {"type": "Feature", "geometry": {"type": "Polygon", "coordinates": [[[16.4995916, 43.5252492], [16.4995869, 43.5252492], [16.4995922, 43.5252309], [16.4995916, 43.5252492]]]}, "properties": {"tema": "zgrade-postojece", "opis": "Postojeće zgrade", "cad_sloj": "TPS_C000_Zgrade POSTOJECE", "list": "2b_Vodoopskrbna mreža_ID_DPU_DRACEVAC", "plan": "DPU radne zone Dračevac", "izvor": "DPU radne zone Dračevac (split.hr), vektorizirano iz PDF-a"}}, {"type": "Feature", "geometry": {"type": "Polygon", "coordinates": [[[16.4995869, 43.5252492], [16.4995922, 43.5252309], [16.4995869, 43.5252309], [16.4995869, 43.5252492]]]}, "properties": {"tema": "zgrade-postojece", "opis": "Postojeće zgrade", "cad_sloj": "TPS_C000_Zgrade POSTOJECE", "list": "2b_Vodoopskrbna mreža_ID_DPU_DRACEVAC", "plan": "DPU radne zone Dračevac", "izvor": "DPU radne zone Dračevac (split.hr), vektorizirano iz PDF-a"}}, {"type": "Feature", "geometry": {"type": "Polygon", "coordinates": [[[16.4995927, 43.525213], [16.4995875, 43.525213], [16.4995927, 43.5251951], [16.4995927, 43.525213]]]}, "properties": {"tema": "zgrade-postojece", "opis": "Postojeće zgrade", "cad_sloj": "TPS_C000_Zgrade POSTOJECE", "list": "2b_Vodoopskrbna mreža_ID_DPU_DRACEVAC", "plan": "DPU radne zone Dračevac", "izvor": "DPU radne zone Dračevac (split.hr), vektorizirano iz PDF-a"}}, {"type": "Feature", "geometry": {"type": "Polygon", "coordinates": [[[16.4995875, 43.525213], [16.4995927, 43.5251951], [16.499588, 43.5251951], [16.4995875, 43.525213]]]}, "properties": {"tema": "zgrade-postojece", "opis": "Postojeće zgrade", "cad_sloj": "TPS_C000_Zgrade POSTOJECE", "list": "2b_Vodoopskrbna mreža_ID_DPU_DRACEVAC", "plan": "DPU radne zone Dračevac", "izvor": "DPU radne zone Dračevac (split.hr), vektorizirano iz PDF-a"}}, {"type": "Feature", "geometry": {"type": "Polygon", "coordinates": [[[16.4995932, 43.5251773], [16.4995885, 43.5251773], [16.4995937, 43.5251594], [16.4995932, 43.5251773]]]}, "properties": {"tema": "zgrade-postojece", "opis": "Postojeće zgrade", "cad_sloj": "TPS_C000_Zgrade POSTOJECE", "list": "2b_Vodoopskrbna mreža_ID_DPU_DRACEVAC", "plan": "DPU radne zone Dračevac", "izvor": "DPU radne zone Dračevac (split.hr), vektorizirano iz PDF-a"}}, {"type": "Feature", "geometry": {"type": "Polygon", "coordinates": [[[16.4995885, 43.5251773], [16.4995937, 43.5251594], [16.4995885, 43.5251594], [16.4995885, 43.5251773]]]}, "properties": {"tema": "zgrade-postojece", "opis": "Postojeće zgrade", "cad_sloj": "TPS_C000_Zgrade POSTOJECE", "list": "2b_Vodoopskrbna mreža_ID_DPU_DRACEVAC", "plan": "DPU radne zone Dračevac", "izvor": "DPU radne zone Dračevac (split.hr), vektorizirano iz PDF-a"}}, {"type": "Feature", "geometry": {"type": "Polygon", "coordinates": [[[16.4995943, 43.5251415], [16.499589, 43.5251411], [16.4995943, 43.5251232], [16.4995943, 43.5251415]]]}, "properties": {"tema": "zgrade-postojece", "opis": "Postojeće zgrade", "cad_sloj": "TPS_C000_Zgrade POSTOJECE", "list": "2b_Vodoopskrbna mreža_ID_DPU_DRACEVAC", "plan": "DPU radne zone Dračevac", "izvor": "DPU radne zone Dračevac (split.hr), vektorizirano iz PDF-a"}}, {"type": "Feature", "geometry": {"type": "Polygon", "coordinates": [[[16.499589, 43.5251411], [16.4995943, 43.5251232], [16.4995895, 43.5251232], [16.499589, 43.5251411]]]}, "properties": {"tema": "zgrade-postojece", "opis": "Postojeće zgrade", "cad_sloj": "TPS_C000_Zgrade POSTOJECE", "list": "2b_Vodoopskrbna mreža_ID_DPU_DRACEVAC", "plan": "DPU radne zone Dračevac", "izvor": "DPU radne zone Dračevac (split.hr), vektorizirano iz PDF-a"}}, {"type": "Feature", "geometry": {"type": "Polygon", "coordinates": [[[16.4995948, 43.5251053], [16.4995901, 43.5251053], [16.4995953, 43.5250874], [16.4995948, 43.5251053]]]}, "properties": {"tema": "zgrade-postojece", "opis": "Postojeće zgrade", "cad_sloj": "TPS_C000_Zgrade POSTOJECE", "list": "2b_Vodoopskrbna mreža_ID_DPU_DRACEVAC", "plan": "DPU radne zone Dračevac", "izvor": "DPU radne zone Dračevac (split.hr), vektorizirano iz PDF-a"}}, {"type": "Feature", "geometry": {"type": "Polygon", "coordinates": [[[16.4995901, 43.5251053], [16.4995953, 43.5250874], [16.4995906, 43.5250874], [16.4995901, 43.5251053]]]}, "properties": {"tema": "zgrade-postojece", "opis": "Postojeće zgrade", "cad_sloj": "TPS_C000_Zgrade POSTOJECE", "list": "2b_Vodoopskrbna mreža_ID_DPU_DRACEVAC", "plan": "DPU radne zone Dračevac", "izvor": "DPU radne zone Dračevac (split.hr), vektorizirano iz PDF-a"}}, {"type": "Feature", "geometry": {"type": "Polygon", "coordinates": [[[16.4995958, 43.5250695], [16.4995906, 43.5250695], [16.4995963, 43.5250516], [16.4995958, 43.5250695]]]}, "properties": {"tema": "zgrade-postojece", "opis": "Postojeće zgrade", "cad_sloj": "TPS_C000_Zgrade POSTOJECE", "list": "2b_Vodoopskrbna mreža_ID_DPU_DRACEVAC", "plan": "DPU radne zone Dračevac", "izvor": "DPU radne zone Dračevac (split.hr), vektorizirano iz PDF-a"}}, {"type": "Feature", "geometry": {"type": "Polygon", "coordinates": [[[16.4995906, 43.5250695], [16.4995963, 43.5250516], [16.4995911, 43.5250513], [16.4995906, 43.5250695]]]}, "properties": {"tema": "zgrade-postojece", "opis": "Postojeće zgrade", "cad_sloj": "TPS_C000_Zgrade POSTOJECE", "list": "2b_Vodoopskrbna mreža_ID_DPU_DRACEVAC", "plan": "DPU radne zone Dračevac", "izvor": "DPU radne zone Dračevac (split.hr), vektorizirano iz PDF-a"}}, {"type": "Feature", "geometry": {"type": "Polygon", "coordinates": [[[16.4995964, 43.5250334], [16.4995916, 43.5250334], [16.4995969, 43.5250105], [16.4995964, 43.5250334]]]}, "properties": {"tema": "zgrade-postojece", "opis": "Postojeće zgrade", "cad_sloj": "TPS_C000_Zgrade POSTOJECE", "list": "2b_Vodoopskrbna mreža_ID_DPU_DRACEVAC", "plan": "DPU radne zone Dračevac", "izvor": "DPU radne zone Dračevac (split.hr), vektorizirano iz PDF-a"}}, {"type": "Feature", "geometry": {"type": "Polygon", "coordinates": [[[16.4995916, 43.5250334], [16.4995969, 43.5250105], [16.4995922, 43.5250105], [16.4995916, 43.5250334]]]}, "properties": {"tema": "zgrade-postojece", "opis": "Postojeće zgrade", "cad_sloj": "TPS_C000_Zgrade POSTOJECE", "list": "2b_Vodoopskrbna mreža_ID_DPU_DRACEVAC", "plan": "DPU radne zone Dračevac", "izvor": "DPU radne zone Dračevac (split.hr), vektorizirano iz PDF-a"}}, {"type": "Feature", "geometry": {"type": "Polygon", "coordinates": [[[16.4995948, 43.5250086], [16.4995948, 43.5250124], [16.4995765, 43.5250086], [16.4995948, 43.5250086]]]}, "properties": {"tema": "zgrade-postojece", "opis": "Postojeće zgrade", "cad_sloj": "TPS_C000_Zgrade POSTOJECE", "list": "2b_Vodoopskrbna mreža_ID_DPU_DRACEVAC", "plan": "DPU radne zone Dračevac", "izvor": "DPU radne zone Dračevac (split.hr), vektorizirano iz PDF-a"}}, {"type": "Feature", "geometry": {"type": "Polygon", "coordinates": [[[16.4995948, 43.5250124], [16.4995765, 43.5250086], [16.4995759, 43.5250121], [16.4995948, 43.5250124]]]}, "properties": {"tema": "zgrade-postojece", "opis": "Postojeće zgrade", "cad_sloj": "TPS_C000_Zgrade POSTOJECE", "list": "2b_Vodoopskrbna mreža_ID_DPU_DRACEVAC", "plan": "DPU radne zone Dračevac", "izvor": "DPU radne zone Dračevac (split.hr), vektorizirano iz PDF-a"}}, {"type": "Feature", "geometry": {"type": "Polygon", "coordinates": [[[16.4995514, 43.5250083], [16.4995514, 43.5250117], [16.4995268, 43.5250079], [16.4995514, 43.5250083]]]}, "properties": {"tema": "zgrade-postojece", "opis": "Postojeće zgrade", "cad_sloj": "TPS_C000_Zgrade POSTOJECE", "list": "2b_Vodoopskrbna mreža_ID_DPU_DRACEVAC", "plan": "DPU radne zone Dračevac", "izvor": "DPU radne zone Dračevac (split.hr), vektorizirano iz PDF-a"}}, {"type": "Feature", "geometry": {"type": "Polygon", "coordinates": [[[16.4995514, 43.5250117], [16.4995268, 43.5250079], [16.4995268, 43.5250113], [16.4995514, 43.5250117]]]}, "properties": {"tema": "zgrade-postojece", "opis": "Postojeće zgrade", "cad_sloj": "TPS_C000_Zgrade POSTOJECE", "list": "2b_Vodoopskrbna mreža_ID_DPU_DRACEVAC", "plan": "DPU radne zone Dračevac", "izvor": "DPU radne zone Dračevac (split.hr), vektorizirano iz PDF-a"}}, {"type": "Feature", "geometry": {"type": "Polygon", "coordinates": [[[16.4995022, 43.5250075], [16.4995022, 43.5250109], [16.4994776, 43.5250071], [16.4995022, 43.5250075]]]}, "properties": {"tema": "zgrade-postojece", "opis": "Postojeće zgrade", "cad_sloj": "TPS_C000_Zgrade POSTOJECE", "list": "2b_Vodoopskrbna mreža_ID_DPU_DRACEVAC", "plan": "DPU radne zone Dračevac", "izvor": "DPU radne zone Dračevac (split.hr), vektorizirano iz PDF-a"}}, {"type": "Feature", "geometry": {"type": "Polygon", "coordinates": [[[16.4995022, 43.5250109], [16.4994776, 43.5250071], [16.4994776, 43.5250105], [16.4995022, 43.5250109]]]}, "properties": {"tema": "zgrade-postojece", "opis": "Postojeće zgrade", "cad_sloj": "TPS_C000_Zgrade POSTOJECE", "list": "2b_Vodoopskrbna mreža_ID_DPU_DRACEVAC", "plan": "DPU radne zone Dračevac", "izvor": "DPU radne zone Dračevac (split.hr), vektorizirano iz PDF-a"}}, {"type": "Feature", "geometry": {"type": "Polygon", "coordinates": [[[16.499453, 43.5250067], [16.4994525, 43.5250102], [16.4994279, 43.5250064], [16.499453, 43.5250067]]]}, "properties": {"tema": "zgrade-postojece", "opis": "Postojeće zgrade", "cad_sloj": "TPS_C000_Zgrade POSTOJECE", "list": "2b_Vodoopskrbna mreža_ID_DPU_DRACEVAC", "plan": "DPU radne zone Dračevac", "izvor": "DPU radne zone Dračevac (split.hr), vektorizirano iz PDF-a"}}, {"type": "Feature", "geometry": {"type": "Polygon", "coordinates": [[[16.4994525, 43.5250102], [16.4994279, 43.5250064], [16.4994279, 43.5250102], [16.4994525, 43.5250102]]]}, "properties": {"tema": "zgrade-postojece", "opis": "Postojeće zgrade", "cad_sloj": "TPS_C000_Zgrade POSTOJECE", "list": "2b_Vodoopskrbna mreža_ID_DPU_DRACEVAC", "plan": "DPU radne zone Dračevac", "izvor": "DPU radne zone Dračevac (split.hr), vektorizirano iz PDF-a"}}, {"type": "Feature", "geometry": {"type": "Polygon", "coordinates": [[[16.4994033, 43.525006], [16.4994033, 43.5250098], [16.4993787, 43.5250056], [16.4994033, 43.525006]]]}, "properties": {"tema": "zgrade-postojece", "opis": "Postojeće zgrade", "cad_sloj": "TPS_C000_Zgrade POSTOJECE", "list": "2b_Vodoopskrbna mreža_ID_DPU_DRACEVAC", "plan": "DPU radne zone Dračevac", "izvor": "DPU radne zone Dračevac (split.hr), vektorizirano iz PDF-a"}}, {"type": "Feature", "geometry": {"type": "Polygon", "coordinates": [[[16.4994033, 43.5250098], [16.4993787, 43.5250056], [16.4993787, 43.5250094], [16.4994033, 43.5250098]]]}, "properties": {"tema": "zgrade-postojece", "opis": "Postojeće zgrade", "cad_sloj": "TPS_C000_Zgrade POSTOJECE", "list": "2b_Vodoopskrbna mreža_ID_DPU_DRACEVAC", "plan": "DPU radne zone Dračevac", "izvor": "DPU radne zone Dračevac (split.hr), vektorizirano iz PDF-a"}}, {"type": "Feature", "geometry": {"type": "Polygon", "coordinates": [[[16.4993542, 43.5250052], [16.4993542, 43.525009], [16.4993359, 43.5250052], [16.4993542, 43.5250052]]]}, "properties": {"tema": "zgrade-postojece", "opis": "Postojeće zgrade", "cad_sloj": "TPS_C000_Zgrade POSTOJECE", "list": "2b_Vodoopskrbna mreža_ID_DPU_DRACEVAC", "plan": "DPU radne zone Dračevac", "izvor": "DPU radne zone Dračevac (split.hr), vektorizirano iz PDF-a"}}, {"type": "Feature", "geometry": {"type": "Polygon", "coordinates": [[[16.4993542, 43.525009], [16.4993359, 43.5250052], [16.4993359, 43.5250086], [16.4993542, 43.525009]]]}, "properties": {"tema": "zgrade-postojece", "opis": "Postojeće zgrade", "cad_sloj": "TPS_C000_Zgrade POSTOJECE", "list": "2b_Vodoopskrbna mreža_ID_DPU_DRACEVAC", "plan": "DPU radne zone Dračevac", "izvor": "DPU radne zone Dračevac (split.hr), vektorizirano iz PDF-a"}}, {"type": "Feature", "geometry": {"type": "Polygon", "coordinates": [[[16.4993332, 43.5250067], [16.4993379, 43.5250071], [16.4993327, 43.5250307], [16.4993332, 43.5250067]]]}, "properties": {"tema": "zgrade-postojece", "opis": "Postojeće zgrade", "cad_sloj": "TPS_C000_Zgrade POSTOJECE", "list": "2b_Vodoopskrbna mreža_ID_DPU_DRACEVAC", "plan": "DPU radne zone Dračevac", "izvor": "DPU radne zone Dračevac (split.hr), vektorizirano iz PDF-a"}}, {"type": "Feature", "geometry": {"type": "Polygon", "coordinates": [[[16.4993379, 43.5250071], [16.4993327, 43.5250307], [16.4993374, 43.5250307], [16.4993379, 43.5250071]]]}, "properties": {"tema": "zgrade-postojece", "opis": "Postojeće zgrade", "cad_sloj": "TPS_C000_Zgrade POSTOJECE", "list": "2b_Vodoopskrbna mreža_ID_DPU_DRACEVAC", "plan": "DPU radne zone Dračevac", "izvor": "DPU radne zone Dračevac (split.hr), vektorizirano iz PDF-a"}}, {"type": "Feature", "geometry": {"type": "Polygon", "coordinates": [[[16.4993322, 43.5250486], [16.4993369, 43.525049], [16.4993317, 43.5250669], [16.4993322, 43.5250486]]]}, "properties": {"tema": "zgrade-postojece", "opis": "Postojeće zgrade", "cad_sloj": "TPS_C000_Zgrade POSTOJECE", "list": "2b_Vodoopskrbna mreža_ID_DPU_DRACEVAC", "plan": "DPU radne zone Dračevac", "izvor": "DPU radne zone Dračevac (split.hr), vektorizirano iz PDF-a"}}, {"type": "Feature", "geometry": {"type": "Polygon", "coordinates": [[[16.4993369, 43.525049], [16.4993317, 43.5250669], [16.4993369, 43.5250669], [16.4993369, 43.525049]]]}, "properties": {"tema": "zgrade-postojece", "opis": "Postojeće zgrade", "cad_sloj": "TPS_C000_Zgrade POSTOJECE", "list": "2b_Vodoopskrbna mreža_ID_DPU_DRACEVAC", "plan": "DPU radne zone Dračevac", "izvor": "DPU radne zone Dračevac (split.hr), vektorizirano iz PDF-a"}}, {"type": "Feature", "geometry": {"type": "Polygon", "coordinates": [[[16.4993311, 43.5250848], [16.4993364, 43.5250848], [16.4993306, 43.5251026], [16.4993311, 43.5250848]]]}, "properties": {"tema": "zgrade-postojece", "opis": "Postojeće zgrade", "cad_sloj": "TPS_C000_Zgrade POSTOJECE", "list": "2b_Vodoopskrbna mreža_ID_DPU_DRACEVAC", "plan": "DPU radne zone Dračevac", "izvor": "DPU radne zone Dračevac (split.hr), vektorizirano iz PDF-a"}}, {"type": "Feature", "geometry": {"type": "Polygon", "coordinates": [[[16.4993364, 43.5250848], [16.4993306, 43.5251026], [16.4993358, 43.5251026], [16.4993364, 43.5250848]]]}, "properties": {"tema": "zgrade-postojece", "opis": "Postojeće zgrade", "cad_sloj": "TPS_C000_Zgrade POSTOJECE", "list": "2b_Vodoopskrbna mreža_ID_DPU_DRACEVAC", "plan": "DPU radne zone Dračevac", "izvor": "DPU radne zone Dračevac (split.hr), vektorizirano iz PDF-a"}}, {"type": "Feature", "geometry": {"type": "Polygon", "coordinates": [[[16.4993306, 43.5251205], [16.4993353, 43.5251205], [16.4993301, 43.5251384], [16.4993306, 43.5251205]]]}, "properties": {"tema": "zgrade-postojece", "opis": "Postojeće zgrade", "cad_sloj": "TPS_C000_Zgrade POSTOJECE", "list": "2b_Vodoopskrbna mreža_ID_DPU_DRACEVAC", "plan": "DPU radne zone Dračevac", "izvor": "DPU radne zone Dračevac (split.hr), vektorizirano iz PDF-a"}}, {"type": "Feature", "geometry": {"type": "Polygon", "coordinates": [[[16.4993353, 43.5251205], [16.4993301, 43.5251384], [16.4993348, 43.5251388], [16.4993353, 43.5251205]]]}, "properties": {"tema": "zgrade-postojece", "opis": "Postojeće zgrade", "cad_sloj": "TPS_C000_Zgrade POSTOJECE", "list": "2b_Vodoopskrbna mreža_ID_DPU_DRACEVAC", "plan": "DPU radne zone Dračevac", "izvor": "DPU radne zone Dračevac (split.hr), vektorizirano iz PDF-a"}}, {"type": "Feature", "geometry": {"type": "Polygon", "coordinates": [[[16.4993296, 43.5251567], [16.4993343, 43.5251567], [16.499329, 43.5251746], [16.4993296, 43.5251567]]]}, "properties": {"tema": "zgrade-postojece", "opis": "Postojeće zgrade", "cad_sloj": "TPS_C000_Zgrade POSTOJECE", "list": "2b_Vodoopskrbna mreža_ID_DPU_DRACEVAC", "plan": "DPU radne zone Dračevac", "izvor": "DPU radne zone Dračevac (split.hr), vektorizirano iz PDF-a"}}, {"type": "Feature", "geometry": {"type": "Polygon", "coordinates": [[[16.4993343, 43.5251567], [16.499329, 43.5251746], [16.4993343, 43.5251746], [16.4993343, 43.5251567]]]}, "properties": {"tema": "zgrade-postojece", "opis": "Postojeće zgrade", "cad_sloj": "TPS_C000_Zgrade POSTOJECE", "list": "2b_Vodoopskrbna mreža_ID_DPU_DRACEVAC", "plan": "DPU radne zone Dračevac", "izvor": "DPU radne zone Dračevac (split.hr), vektorizirano iz PDF-a"}}, {"type": "Feature", "geometry": {"type": "Polygon", "coordinates": [[[16.4993285, 43.5251925], [16.4993338, 43.5251925], [16.499328, 43.5252165], [16.4993285, 43.5251925]]]}, "properties": {"tema": "zgrade-postojece", "opis": "Postojeće zgrade", "cad_sloj": "TPS_C000_Zgrade POSTOJECE", "list": "2b_Vodoopskrbna mreža_ID_DPU_DRACEVAC", "plan": "DPU radne zone Dračevac", "izvor": "DPU radne zone Dračevac (split.hr), vektorizirano iz PDF-a"}}, {"type": "Feature", "geometry": {"type": "Polygon", "coordinates": [[[16.4993338, 43.5251925], [16.499328, 43.5252165], [16.4993332, 43.5252165], [16.4993338, 43.5251925]]]}, "properties": {"tema": "zgrade-postojece", "opis": "Postojeće zgrade", "cad_sloj": "TPS_C000_Zgrade POSTOJECE", "list": "2b_Vodoopskrbna mreža_ID_DPU_DRACEVAC", "plan": "DPU radne zone Dračevac", "izvor": "DPU radne zone Dračevac (split.hr), vektorizirano iz PDF-a"}}, {"type": "Feature", "geometry": {"type": "Polygon", "coordinates": [[[16.4993306, 43.5252146], [16.4993306, 43.5252184], [16.4993013, 43.5252142], [16.4993306, 43.5252146]]]}, "properties": {"tema": "zgrade-postojece", "opis": "Postojeće zgrade", "cad_sloj": "TPS_C000_Zgrade POSTOJECE", "list": "2b_Vodoopskrbna mreža_ID_DPU_DRACEVAC", "plan": "DPU radne zone Dračevac", "izvor": "DPU radne zone Dračevac (split.hr), vektorizirano iz PDF-a"}}, {"type": "Feature", "geometry": {"type": "Polygon", "coordinates": [[[16.4993306, 43.5252184], [16.4993013, 43.5252142], [16.4993013, 43.525218], [16.4993306, 43.5252184]]]}, "properties": {"tema": "zgrade-postojece", "opis": "Postojeće zgrade", "cad_sloj": "TPS_C000_Zgrade POSTOJECE", "list": "2b_Vodoopskrbna mreža_ID_DPU_DRACEVAC", "plan": "DPU radne zone Dračevac", "izvor": "DPU radne zone Dračevac (split.hr), vektorizirano iz PDF-a"}}, {"type": "Feature", "geometry": {"type": "Polygon", "coordinates": [[[16.4992992, 43.5252161], [16.4993039, 43.5252161], [16.4992987, 43.5252351], [16.4992992, 43.5252161]]]}, "properties": {"tema": "zgrade-postojece", "opis": "Postojeće zgrade", "cad_sloj": "TPS_C000_Zgrade POSTOJECE", "list": "2b_Vodoopskrbna mreža_ID_DPU_DRACEVAC", "plan": "DPU radne zone Dračevac", "izvor": "DPU radne zone Dračevac (split.hr), vektorizirano iz PDF-a"}}, {"type": "Feature", "geometry": {"type": "Polygon", "coordinates": [[[16.4993039, 43.5252161], [16.4992987, 43.5252351], [16.4993034, 43.5252351], [16.4993039, 43.5252161]]]}, "properties": {"tema": "zgrade-postojece", "opis": "Postojeće zgrade", "cad_sloj": "TPS_C000_Zgrade POSTOJECE", "list": "2b_Vodoopskrbna mreža_ID_DPU_DRACEVAC", "plan": "DPU radne zone Dračevac", "izvor": "DPU radne zone Dračevac (split.hr), vektorizirano iz PDF-a"}}, {"type": "Feature", "geometry": {"type": "Polygon", "coordinates": [[[16.4992977, 43.525253], [16.4993029, 43.5252534], [16.4992971, 43.525272], [16.4992977, 43.525253]]]}, "properties": {"tema": "zgrade-postojece", "opis": "Postojeće zgrade", "cad_sloj": "TPS_C000_Zgrade POSTOJECE", "list": "2b_Vodoopskrbna mreža_ID_DPU_DRACEVAC", "plan": "DPU radne zone Dračevac", "izvor": "DPU radne zone Dračevac (split.hr), vektorizirano iz PDF-a"}}, {"type": "Feature", "geometry": {"type": "Polygon", "coordinates": [[[16.4993029, 43.5252534], [16.4992971, 43.525272], [16.4993024, 43.5252724], [16.4993029, 43.5252534]]]}, "properties": {"tema": "zgrade-postojece", "opis": "Postojeće zgrade", "cad_sloj": "TPS_C000_Zgrade POSTOJECE", "list": "2b_Vodoopskrbna mreža_ID_DPU_DRACEVAC", "plan": "DPU radne zone Dračevac", "izvor": "DPU radne zone Dračevac (split.hr), vektorizirano iz PDF-a"}}, {"type": "Feature", "geometry": {"type": "Polygon", "coordinates": [[[16.4992998, 43.5252739], [16.4992998, 43.5252705], [16.4993285, 43.5252743], [16.4992998, 43.5252739]]]}, "properties": {"tema": "zgrade-postojece", "opis": "Postojeće zgrade", "cad_sloj": "TPS_C000_Zgrade POSTOJECE", "list": "2b_Vodoopskrbna mreža_ID_DPU_DRACEVAC", "plan": "DPU radne zone Dračevac", "izvor": "DPU radne zone Dračevac (split.hr), vektorizirano iz PDF-a"}}, {"type": "Feature", "geometry": {"type": "Polygon", "coordinates": [[[16.4992998, 43.5252705], [16.4993285, 43.5252743], [16.499329, 43.5252705], [16.4992998, 43.5252705]]]}, "properties": {"tema": "zgrade-postojece", "opis": "Postojeće zgrade", "cad_sloj": "TPS_C000_Zgrade POSTOJECE", "list": "2b_Vodoopskrbna mreža_ID_DPU_DRACEVAC", "plan": "DPU radne zone Dračevac", "izvor": "DPU radne zone Dračevac (split.hr), vektorizirano iz PDF-a"}}, {"type": "Feature", "geometry": {"type": "Polygon", "coordinates": [[[16.4993264, 43.5252724], [16.4993311, 43.5252724], [16.4993259, 43.5252895], [16.4993264, 43.5252724]]]}, "properties": {"tema": "zgrade-postojece", "opis": "Postojeće zgrade", "cad_sloj": "TPS_C000_Zgrade POSTOJECE", "list": "2b_Vodoopskrbna mreža_ID_DPU_DRACEVAC", "plan": "DPU radne zone Dračevac", "izvor": "DPU radne zone Dračevac (split.hr), vektorizirano iz PDF-a"}}, {"type": "Feature", "geometry": {"type": "Polygon", "coordinates": [[[16.4993311, 43.5252724], [16.4993259, 43.5252895], [16.4993306, 43.5252895], [16.4993311, 43.5252724]]]}, "properties": {"tema": "zgrade-postojece", "opis": "Postojeće zgrade", "cad_sloj": "TPS_C000_Zgrade POSTOJECE", "list": "2b_Vodoopskrbna mreža_ID_DPU_DRACEVAC", "plan": "DPU radne zone Dračevac", "izvor": "DPU radne zone Dračevac (split.hr), vektorizirano iz PDF-a"}}, {"type": "Feature", "geometry": {"type": "Polygon", "coordinates": [[[16.4993254, 43.5253074], [16.4993306, 43.5253074], [16.4993249, 43.5253246], [16.4993254, 43.5253074]]]}, "properties": {"tema": "zgrade-postojece", "opis": "Postojeće zgrade", "cad_sloj": "TPS_C000_Zgrade POSTOJECE", "list": "2b_Vodoopskrbna mreža_ID_DPU_DRACEVAC", "plan": "DPU radne zone Dračevac", "izvor": "DPU radne zone Dračevac (split.hr), vektorizirano iz PDF-a"}}, {"type": "Feature", "geometry": {"type": "Polygon", "coordinates": [[[16.4993306, 43.5253074], [16.4993249, 43.5253246], [16.4993301, 43.5253246], [16.4993306, 43.5253074]]]}, "properties": {"tema": "zgrade-postojece", "opis": "Postojeće zgrade", "cad_sloj": "TPS_C000_Zgrade POSTOJECE", "list": "2b_Vodoopskrbna mreža_ID_DPU_DRACEVAC", "plan": "DPU radne zone Dračevac", "izvor": "DPU radne zone Dračevac (split.hr), vektorizirano iz PDF-a"}}, {"type": "Feature", "geometry": {"type": "Polygon", "coordinates": [[[16.4993275, 43.5253226], [16.4993275, 43.5253265], [16.4992987, 43.5253223], [16.4993275, 43.5253226]]]}, "properties": {"tema": "zgrade-postojece", "opis": "Postojeće zgrade", "cad_sloj": "TPS_C000_Zgrade POSTOJECE", "list": "2b_Vodoopskrbna mreža_ID_DPU_DRACEVAC", "plan": "DPU radne zone Dračevac", "izvor": "DPU radne zone Dračevac (split.hr), vektorizirano iz PDF-a"}}, {"type": "Feature", "geometry": {"type": "Polygon", "coordinates": [[[16.4993275, 43.5253265], [16.4992987, 43.5253223], [16.4992987, 43.5253261], [16.4993275, 43.5253265]]]}, "properties": {"tema": "zgrade-postojece", "opis": "Postojeće zgrade", "cad_sloj": "TPS_C000_Zgrade POSTOJECE", "list": "2b_Vodoopskrbna mreža_ID_DPU_DRACEVAC", "plan": "DPU radne zone Dračevac", "izvor": "DPU radne zone Dračevac (split.hr), vektorizirano iz PDF-a"}}, {"type": "Feature", "geometry": {"type": "Polygon", "coordinates": [[[16.4992961, 43.5253242], [16.4993008, 43.5253242], [16.4992956, 43.5253432], [16.4992961, 43.5253242]]]}, "properties": {"tema": "zgrade-postojece", "opis": "Postojeće zgrade", "cad_sloj": "TPS_C000_Zgrade POSTOJECE", "list": "2b_Vodoopskrbna mreža_ID_DPU_DRACEVAC", "plan": "DPU radne zone Dračevac", "izvor": "DPU radne zone Dračevac (split.hr), vektorizirano iz PDF-a"}}, {"type": "Feature", "geometry": {"type": "Polygon", "coordinates": [[[16.4993008, 43.5253242], [16.4992956, 43.5253432], [16.4993003, 43.5253436], [16.4993008, 43.5253242]]]}, "properties": {"tema": "zgrade-postojece", "opis": "Postojeće zgrade", "cad_sloj": "TPS_C000_Zgrade POSTOJECE", "list": "2b_Vodoopskrbna mreža_ID_DPU_DRACEVAC", "plan": "DPU radne zone Dračevac", "izvor": "DPU radne zone Dračevac (split.hr), vektorizirano iz PDF-a"}}, {"type": "Feature", "geometry": {"type": "Polygon", "coordinates": [[[16.499295, 43.5253615], [16.4992998, 43.5253615], [16.4992945, 43.5253805], [16.499295, 43.5253615]]]}, "properties": {"tema": "zgrade-postojece", "opis": "Postojeće zgrade", "cad_sloj": "TPS_C000_Zgrade POSTOJECE", "list": "2b_Vodoopskrbna mreža_ID_DPU_DRACEVAC", "plan": "DPU radne zone Dračevac", "izvor": "DPU radne zone Dračevac (split.hr), vektorizirano iz PDF-a"}}, {"type": "Feature", "geometry": {"type": "Polygon", "coordinates": [[[16.4992998, 43.5253615], [16.4992945, 43.5253805], [16.4992992, 43.5253805], [16.4992998, 43.5253615]]]}, "properties": {"tema": "zgrade-postojece", "opis": "Postojeće zgrade", "cad_sloj": "TPS_C000_Zgrade POSTOJECE", "list": "2b_Vodoopskrbna mreža_ID_DPU_DRACEVAC", "plan": "DPU radne zone Dračevac", "izvor": "DPU radne zone Dračevac (split.hr), vektorizirano iz PDF-a"}}, {"type": "Feature", "geometry": {"type": "Polygon", "coordinates": [[[16.4992966, 43.5253824], [16.4992971, 43.5253786], [16.4993259, 43.5253828], [16.4992966, 43.5253824]]]}, "properties": {"tema": "zgrade-postojece", "opis": "Postojeće zgrade", "cad_sloj": "TPS_C000_Zgrade POSTOJECE", "list": "2b_Vodoopskrbna mreža_ID_DPU_DRACEVAC", "plan": "DPU radne zone Dračevac", "izvor": "DPU radne zone Dračevac (split.hr), vektorizirano iz PDF-a"}}, {"type": "Feature", "geometry": {"type": "Polygon", "coordinates": [[[16.4992971, 43.5253786], [16.4993259, 43.5253828], [16.4993259, 43.5253794], [16.4992971, 43.5253786]]]}, "properties": {"tema": "zgrade-postojece", "opis": "Postojeće zgrade", "cad_sloj": "TPS_C000_Zgrade POSTOJECE", "list": "2b_Vodoopskrbna mreža_ID_DPU_DRACEVAC", "plan": "DPU radne zone Dračevac", "izvor": "DPU radne zone Dračevac (split.hr), vektorizirano iz PDF-a"}}, {"type": "Feature", "geometry": {"type": "Polygon", "coordinates": [[[16.4993233, 43.5253809], [16.499328, 43.5253813], [16.4993228, 43.5253965], [16.4993233, 43.5253809]]]}, "properties": {"tema": "zgrade-postojece", "opis": "Postojeće zgrade", "cad_sloj": "TPS_C000_Zgrade POSTOJECE", "list": "2b_Vodoopskrbna mreža_ID_DPU_DRACEVAC", "plan": "DPU radne zone Dračevac", "izvor": "DPU radne zone Dračevac (split.hr), vektorizirano iz PDF-a"}}, {"type": "Feature", "geometry": {"type": "Polygon", "coordinates": [[[16.499328, 43.5253813], [16.4993228, 43.5253965], [16.499328, 43.5253965], [16.499328, 43.5253813]]]}, "properties": {"tema": "zgrade-postojece", "opis": "Postojeće zgrade", "cad_sloj": "TPS_C000_Zgrade POSTOJECE", "list": "2b_Vodoopskrbna mreža_ID_DPU_DRACEVAC", "plan": "DPU radne zone Dračevac", "izvor": "DPU radne zone Dračevac (split.hr), vektorizirano iz PDF-a"}}, {"type": "Feature", "geometry": {"type": "Polygon", "coordinates": [[[16.4993228, 43.5254148], [16.4993275, 43.5254148], [16.4993222, 43.5254326], [16.4993228, 43.5254148]]]}, "properties": {"tema": "zgrade-postojece", "opis": "Postojeće zgrade", "cad_sloj": "TPS_C000_Zgrade POSTOJECE", "list": "2b_Vodoopskrbna mreža_ID_DPU_DRACEVAC", "plan": "DPU radne zone Dračevac", "izvor": "DPU radne zone Dračevac (split.hr), vektorizirano iz PDF-a"}}, {"type": "Feature", "geometry": {"type": "Polygon", "coordinates": [[[16.4993275, 43.5254148], [16.4993222, 43.5254326], [16.4993275, 43.5254326], [16.4993275, 43.5254148]]]}, "properties": {"tema": "zgrade-postojece", "opis": "Postojeće zgrade", "cad_sloj": "TPS_C000_Zgrade POSTOJECE", "list": "2b_Vodoopskrbna mreža_ID_DPU_DRACEVAC", "plan": "DPU radne zone Dračevac", "izvor": "DPU radne zone Dračevac (split.hr), vektorizirano iz PDF-a"}}, {"type": "Feature", "geometry": {"type": "Polygon", "coordinates": [[[16.4993222, 43.5254505], [16.499327, 43.5254505], [16.4993217, 43.5254684], [16.4993222, 43.5254505]]]}, "properties": {"tema": "zgrade-postojece", "opis": "Postojeće zgrade", "cad_sloj": "TPS_C000_Zgrade POSTOJECE", "list": "2b_Vodoopskrbna mreža_ID_DPU_DRACEVAC", "plan": "DPU radne zone Dračevac", "izvor": "DPU radne zone Dračevac (split.hr), vektorizirano iz PDF-a"}}, {"type": "Feature", "geometry": {"type": "Polygon", "coordinates": [[[16.499327, 43.5254505], [16.4993217, 43.5254684], [16.499327, 43.5254684], [16.499327, 43.5254505]]]}, "properties": {"tema": "zgrade-postojece", "opis": "Postojeće zgrade", "cad_sloj": "TPS_C000_Zgrade POSTOJECE", "list": "2b_Vodoopskrbna mreža_ID_DPU_DRACEVAC", "plan": "DPU radne zone Dračevac", "izvor": "DPU radne zone Dračevac (split.hr), vektorizirano iz PDF-a"}}, {"type": "Feature", "geometry": {"type": "Polygon", "coordinates": [[[16.4993217, 43.5254863], [16.4993264, 43.5254863], [16.4993212, 43.5255046], [16.4993217, 43.5254863]]]}, "properties": {"tema": "zgrade-postojece", "opis": "Postojeće zgrade", "cad_sloj": "TPS_C000_Zgrade POSTOJECE", "list": "2b_Vodoopskrbna mreža_ID_DPU_DRACEVAC", "plan": "DPU radne zone Dračevac", "izvor": "DPU radne zone Dračevac (split.hr), vektorizirano iz PDF-a"}}, {"type": "Feature", "geometry": {"type": "Polygon", "coordinates": [[[16.4993264, 43.5254863], [16.4993212, 43.5255046], [16.4993259, 43.5255046], [16.4993264, 43.5254863]]]}, "properties": {"tema": "zgrade-postojece", "opis": "Postojeće zgrade", "cad_sloj": "TPS_C000_Zgrade POSTOJECE", "list": "2b_Vodoopskrbna mreža_ID_DPU_DRACEVAC", "plan": "DPU radne zone Dračevac", "izvor": "DPU radne zone Dračevac (split.hr), vektorizirano iz PDF-a"}}, {"type": "Feature", "geometry": {"type": "Polygon", "coordinates": [[[16.4993207, 43.5255225], [16.4993259, 43.5255225], [16.4993207, 43.5255381], [16.4993207, 43.5255225]]]}, "properties": {"tema": "zgrade-postojece", "opis": "Postojeće zgrade", "cad_sloj": "TPS_C000_Zgrade POSTOJECE", "list": "2b_Vodoopskrbna mreža_ID_DPU_DRACEVAC", "plan": "DPU radne zone Dračevac", "izvor": "DPU radne zone Dračevac (split.hr), vektorizirano iz PDF-a"}}, {"type": "Feature", "geometry": {"type": "Polygon", "coordinates": [[[16.4993259, 43.5255225], [16.4993207, 43.5255381], [16.4993254, 43.5255381], [16.4993259, 43.5255225]]]}, "properties": {"tema": "zgrade-postojece", "opis": "Postojeće zgrade", "cad_sloj": "TPS_C000_Zgrade POSTOJECE", "list": "2b_Vodoopskrbna mreža_ID_DPU_DRACEVAC", "plan": "DPU radne zone Dračevac", "izvor": "DPU radne zone Dračevac (split.hr), vektorizirano iz PDF-a"}}, {"type": "Feature", "geometry": {"type": "Polygon", "coordinates": [[[16.4993233, 43.5255396], [16.4993233, 43.5255362], [16.4993379, 43.52554], [16.4993233, 43.5255396]]]}, "properties": {"tema": "zgrade-postojece", "opis": "Postojeće zgrade", "cad_sloj": "TPS_C000_Zgrade POSTOJECE", "list": "2b_Vodoopskrbna mreža_ID_DPU_DRACEVAC", "plan": "DPU radne zone Dračevac", "izvor": "DPU radne zone Dračevac (split.hr), vektorizirano iz PDF-a"}}, {"type": "Feature", "geometry": {"type": "Polygon", "coordinates": [[[16.4993233, 43.5255362], [16.4993379, 43.52554], [16.4993385, 43.5255362], [16.4993233, 43.5255362]]]}, "properties": {"tema": "zgrade-postojece", "opis": "Postojeće zgrade", "cad_sloj": "TPS_C000_Zgrade POSTOJECE", "list": "2b_Vodoopskrbna mreža_ID_DPU_DRACEVAC", "plan": "DPU radne zone Dračevac", "izvor": "DPU radne zone Dračevac (split.hr), vektorizirano iz PDF-a"}}, {"type": "Feature", "geometry": {"type": "Polygon", "coordinates": [[[16.499363, 43.5255404], [16.499363, 43.5255366], [16.4993782, 43.5255404], [16.499363, 43.5255404]]]}, "properties": {"tema": "zgrade-postojece", "opis": "Postojeće zgrade", "cad_sloj": "TPS_C000_Zgrade POSTOJECE", "list": "2b_Vodoopskrbna mreža_ID_DPU_DRACEVAC", "plan": "DPU radne zone Dračevac", "izvor": "DPU radne zone Dračevac (split.hr), vektorizirano iz PDF-a"}}, {"type": "Feature", "geometry": {"type": "Polygon", "coordinates": [[[16.499363, 43.5255366], [16.4993782, 43.5255404], [16.4993782, 43.5255369], [16.499363, 43.5255366]]]}, "properties": {"tema": "zgrade-postojece", "opis": "Postojeće zgrade", "cad_sloj": "TPS_C000_Zgrade POSTOJECE", "list": "2b_Vodoopskrbna mreža_ID_DPU_DRACEVAC", "plan": "DPU radne zone Dračevac", "izvor": "DPU radne zone Dračevac (split.hr), vektorizirano iz PDF-a"}}, {"type": "Feature", "geometry": {"type": "Polygon", "coordinates": [[[16.4993756, 43.5255385], [16.4993803, 43.5255388], [16.4993751, 43.5255544], [16.4993756, 43.5255385]]]}, "properties": {"tema": "zgrade-postojece", "opis": "Postojeće zgrade", "cad_sloj": "TPS_C000_Zgrade POSTOJECE", "list": "2b_Vodoopskrbna mreža_ID_DPU_DRACEVAC", "plan": "DPU radne zone Dračevac", "izvor": "DPU radne zone Dračevac (split.hr), vektorizirano iz PDF-a"}}, {"type": "Feature", "geometry": {"type": "Polygon", "coordinates": [[[16.4993803, 43.5255388], [16.4993751, 43.5255544], [16.4993803, 43.5255548], [16.4993803, 43.5255388]]]}, "properties": {"tema": "zgrade-postojece", "opis": "Postojeće zgrade", "cad_sloj": "TPS_C000_Zgrade POSTOJECE", "list": "2b_Vodoopskrbna mreža_ID_DPU_DRACEVAC", "plan": "DPU radne zone Dračevac", "izvor": "DPU radne zone Dračevac (split.hr), vektorizirano iz PDF-a"}}, {"type": "Feature", "geometry": {"type": "Polygon", "coordinates": [[[16.4993746, 43.5255727], [16.4993798, 43.5255727], [16.4993746, 43.5255887], [16.4993746, 43.5255727]]]}, "properties": {"tema": "zgrade-postojece", "opis": "Postojeće zgrade", "cad_sloj": "TPS_C000_Zgrade POSTOJECE", "list": "2b_Vodoopskrbna mreža_ID_DPU_DRACEVAC", "plan": "DPU radne zone Dračevac", "izvor": "DPU radne zone Dračevac (split.hr), vektorizirano iz PDF-a"}}, {"type": "Feature", "geometry": {"type": "Polygon", "coordinates": [[[16.4993798, 43.5255727], [16.4993746, 43.5255887], [16.4993793, 43.5255887], [16.4993798, 43.5255727]]]}, "properties": {"tema": "zgrade-postojece", "opis": "Postojeće zgrade", "cad_sloj": "TPS_C000_Zgrade POSTOJECE", "list": "2b_Vodoopskrbna mreža_ID_DPU_DRACEVAC", "plan": "DPU radne zone Dračevac", "izvor": "DPU radne zone Dračevac (split.hr), vektorizirano iz PDF-a"}}, {"type": "Feature", "geometry": {"type": "Polygon", "coordinates": [[[16.4993766, 43.5255868], [16.4993766, 43.5255902], [16.4993453, 43.5255864], [16.4993766, 43.5255868]]]}, "properties": {"tema": "zgrade-postojece", "opis": "Postojeće zgrade", "cad_sloj": "TPS_C000_Zgrade POSTOJECE", "list": "2b_Vodoopskrbna mreža_ID_DPU_DRACEVAC", "plan": "DPU radne zone Dračevac", "izvor": "DPU radne zone Dračevac (split.hr), vektorizirano iz PDF-a"}}, {"type": "Feature", "geometry": {"type": "Polygon", "coordinates": [[[16.4993766, 43.5255902], [16.4993453, 43.5255864], [16.4993453, 43.5255898], [16.4993766, 43.5255902]]]}, "properties": {"tema": "zgrade-postojece", "opis": "Postojeće zgrade", "cad_sloj": "TPS_C000_Zgrade POSTOJECE", "list": "2b_Vodoopskrbna mreža_ID_DPU_DRACEVAC", "plan": "DPU radne zone Dračevac", "izvor": "DPU radne zone Dračevac (split.hr), vektorizirano iz PDF-a"}}, {"type": "Feature", "geometry": {"type": "Polygon", "coordinates": [[[16.4993207, 43.525586], [16.4993207, 43.5255898], [16.4992888, 43.5255857], [16.4993207, 43.525586]]]}, "properties": {"tema": "zgrade-postojece", "opis": "Postojeće zgrade", "cad_sloj": "TPS_C000_Zgrade POSTOJECE", "list": "2b_Vodoopskrbna mreža_ID_DPU_DRACEVAC", "plan": "DPU radne zone Dračevac", "izvor": "DPU radne zone Dračevac (split.hr), vektorizirano iz PDF-a"}}, {"type": "Feature", "geometry": {"type": "Polygon", "coordinates": [[[16.4993207, 43.5255898], [16.4992888, 43.5255857], [16.4992888, 43.5255895], [16.4993207, 43.5255898]]]}, "properties": {"tema": "zgrade-postojece", "opis": "Postojeće zgrade", "cad_sloj": "TPS_C000_Zgrade POSTOJECE", "list": "2b_Vodoopskrbna mreža_ID_DPU_DRACEVAC", "plan": "DPU radne zone Dračevac", "izvor": "DPU radne zone Dračevac (split.hr), vektorizirano iz PDF-a"}}, {"type": "Feature", "geometry": {"type": "Polygon", "coordinates": [[[16.4992862, 43.5255876], [16.4992914, 43.5255876], [16.4992862, 43.5255971], [16.4992862, 43.5255876]]]}, "properties": {"tema": "zgrade-postojece", "opis": "Postojeće zgrade", "cad_sloj": "TPS_C000_Zgrade POSTOJECE", "list": "2b_Vodoopskrbna mreža_ID_DPU_DRACEVAC", "plan": "DPU radne zone Dračevac", "izvor": "DPU radne zone Dračevac (split.hr), vektorizirano iz PDF-a"}}, {"type": "Feature", "geometry": {"type": "Polygon", "coordinates": [[[16.4992914, 43.5255876], [16.4992862, 43.5255971], [16.4992909, 43.5255971], [16.4992914, 43.5255876]]]}, "properties": {"tema": "zgrade-postojece", "opis": "Postojeće zgrade", "cad_sloj": "TPS_C000_Zgrade POSTOJECE", "list": "2b_Vodoopskrbna mreža_ID_DPU_DRACEVAC", "plan": "DPU radne zone Dračevac", "izvor": "DPU radne zone Dračevac (split.hr), vektorizirano iz PDF-a"}}, {"type": "Feature", "geometry": {"type": "Polygon", "coordinates": [[[16.4992856, 43.525615], [16.4992903, 43.525615], [16.4992851, 43.5256329], [16.4992856, 43.525615]]]}, "properties": {"tema": "zgrade-postojece", "opis": "Postojeće zgrade", "cad_sloj": "TPS_C000_Zgrade POSTOJECE", "list": "2b_Vodoopskrbna mreža_ID_DPU_DRACEVAC", "plan": "DPU radne zone Dračevac", "izvor": "DPU radne zone Dračevac (split.hr), vektorizirano iz PDF-a"}}, {"type": "Feature", "geometry": {"type": "Polygon", "coordinates": [[[16.4992903, 43.525615], [16.4992851, 43.5256329], [16.4992903, 43.5256329], [16.4992903, 43.525615]]]}, "properties": {"tema": "zgrade-postojece", "opis": "Postojeće zgrade", "cad_sloj": "TPS_C000_Zgrade POSTOJECE", "list": "2b_Vodoopskrbna mreža_ID_DPU_DRACEVAC", "plan": "DPU radne zone Dračevac", "izvor": "DPU radne zone Dračevac (split.hr), vektorizirano iz PDF-a"}}, {"type": "Feature", "geometry": {"type": "Polygon", "coordinates": [[[16.4992846, 43.5256507], [16.4992898, 43.5256507], [16.4992841, 43.5256686], [16.4992846, 43.5256507]]]}, "properties": {"tema": "zgrade-postojece", "opis": "Postojeće zgrade", "cad_sloj": "TPS_C000_Zgrade POSTOJECE", "list": "2b_Vodoopskrbna mreža_ID_DPU_DRACEVAC", "plan": "DPU radne zone Dračevac", "izvor": "DPU radne zone Dračevac (split.hr), vektorizirano iz PDF-a"}}, {"type": "Feature", "geometry": {"type": "Polygon", "coordinates": [[[16.4992898, 43.5256507], [16.4992841, 43.5256686], [16.4992893, 43.525669], [16.4992898, 43.5256507]]]}, "properties": {"tema": "zgrade-postojece", "opis": "Postojeće zgrade", "cad_sloj": "TPS_C000_Zgrade POSTOJECE", "list": "2b_Vodoopskrbna mreža_ID_DPU_DRACEVAC", "plan": "DPU radne zone Dračevac", "izvor": "DPU radne zone Dračevac (split.hr), vektorizirano iz PDF-a"}}, {"type": "Feature", "geometry": {"type": "Polygon", "coordinates": [[[16.4992835, 43.5256869], [16.4992888, 43.5256869], [16.499283, 43.5257048], [16.4992835, 43.5256869]]]}, "properties": {"tema": "zgrade-postojece", "opis": "Postojeće zgrade", "cad_sloj": "TPS_C000_Zgrade POSTOJECE", "list": "2b_Vodoopskrbna mreža_ID_DPU_DRACEVAC", "plan": "DPU radne zone Dračevac", "izvor": "DPU radne zone Dračevac (split.hr), vektorizirano iz PDF-a"}}, {"type": "Feature", "geometry": {"type": "Polygon", "coordinates": [[[16.4992888, 43.5256869], [16.499283, 43.5257048], [16.4992882, 43.5257048], [16.4992888, 43.5256869]]]}, "properties": {"tema": "zgrade-postojece", "opis": "Postojeće zgrade", "cad_sloj": "TPS_C000_Zgrade POSTOJECE", "list": "2b_Vodoopskrbna mreža_ID_DPU_DRACEVAC", "plan": "DPU radne zone Dračevac", "izvor": "DPU radne zone Dračevac (split.hr), vektorizirano iz PDF-a"}}, {"type": "Feature", "geometry": {"type": "Polygon", "coordinates": [[[16.4992825, 43.5257227], [16.4992877, 43.5257227], [16.4992825, 43.5257322], [16.4992825, 43.5257227]]]}, "properties": {"tema": "zgrade-postojece", "opis": "Postojeće zgrade", "cad_sloj": "TPS_C000_Zgrade POSTOJECE", "list": "2b_Vodoopskrbna mreža_ID_DPU_DRACEVAC", "plan": "DPU radne zone Dračevac", "izvor": "DPU radne zone Dračevac (split.hr), vektorizirano iz PDF-a"}}, {"type": "Feature", "geometry": {"type": "Polygon", "coordinates": [[[16.4992877, 43.5257227], [16.4992825, 43.5257322], [16.4992872, 43.5257322], [16.4992877, 43.5257227]]]}, "properties": {"tema": "zgrade-postojece", "opis": "Postojeće zgrade", "cad_sloj": "TPS_C000_Zgrade POSTOJECE", "list": "2b_Vodoopskrbna mreža_ID_DPU_DRACEVAC", "plan": "DPU radne zone Dračevac", "izvor": "DPU radne zone Dračevac (split.hr), vektorizirano iz PDF-a"}}, {"type": "Feature", "geometry": {"type": "Polygon", "coordinates": [[[16.4992851, 43.5257341], [16.4992851, 43.5257303], [16.4993013, 43.5257341], [16.4992851, 43.5257341]]]}, "properties": {"tema": "zgrade-postojece", "opis": "Postojeće zgrade", "cad_sloj": "TPS_C000_Zgrade POSTOJECE", "list": "2b_Vodoopskrbna mreža_ID_DPU_DRACEVAC", "plan": "DPU radne zone Dračevac", "izvor": "DPU radne zone Dračevac (split.hr), vektorizirano iz PDF-a"}}, {"type": "Feature", "geometry": {"type": "Polygon", "coordinates": [[[16.4992851, 43.5257303], [16.4993013, 43.5257341], [16.4993013, 43.5257307], [16.4992851, 43.5257303]]]}, "properties": {"tema": "zgrade-postojece", "opis": "Postojeće zgrade", "cad_sloj": "TPS_C000_Zgrade POSTOJECE", "list": "2b_Vodoopskrbna mreža_ID_DPU_DRACEVAC", "plan": "DPU radne zone Dračevac", "izvor": "DPU radne zone Dračevac (split.hr), vektorizirano iz PDF-a"}}, {"type": "Feature", "geometry": {"type": "Polygon", "coordinates": [[[16.4993259, 43.5257345], [16.4993259, 43.5257311], [16.4993505, 43.5257349], [16.4993259, 43.5257345]]]}, "properties": {"tema": "zgrade-postojece", "opis": "Postojeće zgrade", "cad_sloj": "TPS_C000_Zgrade POSTOJECE", "list": "2b_Vodoopskrbna mreža_ID_DPU_DRACEVAC", "plan": "DPU radne zone Dračevac", "izvor": "DPU radne zone Dračevac (split.hr), vektorizirano iz PDF-a"}}, {"type": "Feature", "geometry": {"type": "Polygon", "coordinates": [[[16.4993259, 43.5257311], [16.4993505, 43.5257349], [16.4993505, 43.5257314], [16.4993259, 43.5257311]]]}, "properties": {"tema": "zgrade-postojece", "opis": "Postojeće zgrade", "cad_sloj": "TPS_C000_Zgrade POSTOJECE", "list": "2b_Vodoopskrbna mreža_ID_DPU_DRACEVAC", "plan": "DPU radne zone Dračevac", "izvor": "DPU radne zone Dračevac (split.hr), vektorizirano iz PDF-a"}}, {"type": "Feature", "geometry": {"type": "Polygon", "coordinates": [[[16.4993751, 43.5257352], [16.4993751, 43.5257314], [16.4993997, 43.5257356], [16.4993751, 43.5257352]]]}, "properties": {"tema": "zgrade-postojece", "opis": "Postojeće zgrade", "cad_sloj": "TPS_C000_Zgrade POSTOJECE", "list": "2b_Vodoopskrbna mreža_ID_DPU_DRACEVAC", "plan": "DPU radne zone Dračevac", "izvor": "DPU radne zone Dračevac (split.hr), vektorizirano iz PDF-a"}}, {"type": "Feature", "geometry": {"type": "Polygon", "coordinates": [[[16.4993751, 43.5257314], [16.4993997, 43.5257356], [16.4994002, 43.5257318], [16.4993751, 43.5257314]]]}, "properties": {"tema": "zgrade-postojece", "opis": "Postojeće zgrade", "cad_sloj": "TPS_C000_Zgrade POSTOJECE", "list": "2b_Vodoopskrbna mreža_ID_DPU_DRACEVAC", "plan": "DPU radne zone Dračevac", "izvor": "DPU radne zone Dračevac (split.hr), vektorizirano iz PDF-a"}}, {"type": "Feature", "geometry": {"type": "Polygon", "coordinates": [[[16.4994248, 43.5257356], [16.4994248, 43.5257322], [16.4994494, 43.525736], [16.4994248, 43.5257356]]]}, "properties": {"tema": "zgrade-postojece", "opis": "Postojeće zgrade", "cad_sloj": "TPS_C000_Zgrade POSTOJECE", "list": "2b_Vodoopskrbna mreža_ID_DPU_DRACEVAC", "plan": "DPU radne zone Dračevac", "izvor": "DPU radne zone Dračevac (split.hr), vektorizirano iz PDF-a"}}, {"type": "Feature", "geometry": {"type": "Polygon", "coordinates": [[[16.4994248, 43.5257322], [16.4994494, 43.525736], [16.4994494, 43.5257326], [16.4994248, 43.5257322]]]}, "properties": {"tema": "zgrade-postojece", "opis": "Postojeće zgrade", "cad_sloj": "TPS_C000_Zgrade POSTOJECE", "list": "2b_Vodoopskrbna mreža_ID_DPU_DRACEVAC", "plan": "DPU radne zone Dračevac", "izvor": "DPU radne zone Dračevac (split.hr), vektorizirano iz PDF-a"}}, {"type": "Feature", "geometry": {"type": "Polygon", "coordinates": [[[16.4994739, 43.5257364], [16.4994739, 43.525733], [16.4994985, 43.5257368], [16.4994739, 43.5257364]]]}, "properties": {"tema": "zgrade-postojece", "opis": "Postojeće zgrade", "cad_sloj": "TPS_C000_Zgrade POSTOJECE", "list": "2b_Vodoopskrbna mreža_ID_DPU_DRACEVAC", "plan": "DPU radne zone Dračevac", "izvor": "DPU radne zone Dračevac (split.hr), vektorizirano iz PDF-a"}}, {"type": "Feature", "geometry": {"type": "Polygon", "coordinates": [[[16.4994739, 43.525733], [16.4994985, 43.5257368], [16.4994985, 43.525733], [16.4994739, 43.525733]]]}, "properties": {"tema": "zgrade-postojece", "opis": "Postojeće zgrade", "cad_sloj": "TPS_C000_Zgrade POSTOJECE", "list": "2b_Vodoopskrbna mreža_ID_DPU_DRACEVAC", "plan": "DPU radne zone Dračevac", "izvor": "DPU radne zone Dračevac (split.hr), vektorizirano iz PDF-a"}}, {"type": "Feature", "geometry": {"type": "Polygon", "coordinates": [[[16.4995231, 43.5257371], [16.4995236, 43.5257333], [16.4995399, 43.5257371], [16.4995231, 43.5257371]]]}, "properties": {"tema": "zgrade-postojece", "opis": "Postojeće zgrade", "cad_sloj": "TPS_C000_Zgrade POSTOJECE", "list": "2b_Vodoopskrbna mreža_ID_DPU_DRACEVAC", "plan": "DPU radne zone Dračevac", "izvor": "DPU radne zone Dračevac (split.hr), vektorizirano iz PDF-a"}}, {"type": "Feature", "geometry": {"type": "Polygon", "coordinates": [[[16.4995236, 43.5257333], [16.4995399, 43.5257371], [16.4995399, 43.5257337], [16.4995236, 43.5257333]]]}, "properties": {"tema": "zgrade-postojece", "opis": "Postojeće zgrade", "cad_sloj": "TPS_C000_Zgrade POSTOJECE", "list": "2b_Vodoopskrbna mreža_ID_DPU_DRACEVAC", "plan": "DPU radne zone Dračevac", "izvor": "DPU radne zone Dračevac (split.hr), vektorizirano iz PDF-a"}}, {"type": "Feature", "geometry": {"type": "Polygon", "coordinates": [[[16.4983995, 43.5253854], [16.4984047, 43.5253854], [16.498399, 43.5254079], [16.4983995, 43.5253854]]]}, "properties": {"tema": "zgrade-postojece", "opis": "Postojeće zgrade", "cad_sloj": "TPS_C000_Zgrade POSTOJECE", "list": "2b_Vodoopskrbna mreža_ID_DPU_DRACEVAC", "plan": "DPU radne zone Dračevac", "izvor": "DPU radne zone Dračevac (split.hr), vektorizirano iz PDF-a"}}, {"type": "Feature", "geometry": {"type": "Polygon", "coordinates": [[[16.4984047, 43.5253854], [16.498399, 43.5254079], [16.4984042, 43.5254079], [16.4984047, 43.5253854]]]}, "properties": {"tema": "zgrade-postojece", "opis": "Postojeće zgrade", "cad_sloj": "TPS_C000_Zgrade POSTOJECE", "list": "2b_Vodoopskrbna mreža_ID_DPU_DRACEVAC", "plan": "DPU radne zone Dračevac", "izvor": "DPU radne zone Dračevac (split.hr), vektorizirano iz PDF-a"}}, {"type": "Feature", "geometry": {"type": "Polygon", "coordinates": [[[16.4984016, 43.5254098], [16.4984016, 43.525406], [16.4984278, 43.5254098], [16.4984016, 43.5254098]]]}, "properties": {"tema": "zgrade-postojece", "opis": "Postojeće zgrade", "cad_sloj": "TPS_C000_Zgrade POSTOJECE", "list": "2b_Vodoopskrbna mreža_ID_DPU_DRACEVAC", "plan": "DPU radne zone Dračevac", "izvor": "DPU radne zone Dračevac (split.hr), vektorizirano iz PDF-a"}}, {"type": "Feature", "geometry": {"type": "Polygon", "coordinates": [[[16.4984016, 43.525406], [16.4984278, 43.5254098], [16.4984278, 43.5254064], [16.4984016, 43.525406]]]}, "properties": {"tema": "zgrade-postojece", "opis": "Postojeće zgrade", "cad_sloj": "TPS_C000_Zgrade POSTOJECE", "list": "2b_Vodoopskrbna mreža_ID_DPU_DRACEVAC", "plan": "DPU radne zone Dračevac", "izvor": "DPU radne zone Dračevac (split.hr), vektorizirano iz PDF-a"}}, {"type": "Feature", "geometry": {"type": "Polygon", "coordinates": [[[16.4984523, 43.5254102], [16.4984523, 43.5254068], [16.498478, 43.5254106], [16.4984523, 43.5254102]]]}, "properties": {"tema": "zgrade-postojece", "opis": "Postojeće zgrade", "cad_sloj": "TPS_C000_Zgrade POSTOJECE", "list": "2b_Vodoopskrbna mreža_ID_DPU_DRACEVAC", "plan": "DPU radne zone Dračevac", "izvor": "DPU radne zone Dračevac (split.hr), vektorizirano iz PDF-a"}}, {"type": "Feature", "geometry": {"type": "Polygon", "coordinates": [[[16.4984523, 43.5254068], [16.498478, 43.5254106], [16.4984785, 43.5254068], [16.4984523, 43.5254068]]]}, "properties": {"tema": "zgrade-postojece", "opis": "Postojeće zgrade", "cad_sloj": "TPS_C000_Zgrade POSTOJECE", "list": "2b_Vodoopskrbna mreža_ID_DPU_DRACEVAC", "plan": "DPU radne zone Dračevac", "izvor": "DPU radne zone Dračevac (split.hr), vektorizirano iz PDF-a"}}, {"type": "Feature", "geometry": {"type": "Polygon", "coordinates": [[[16.4984806, 43.5254087], [16.4984759, 43.5254087], [16.4984811, 43.5253873], [16.4984806, 43.5254087]]]}, "properties": {"tema": "zgrade-postojece", "opis": "Postojeće zgrade", "cad_sloj": "TPS_C000_Zgrade POSTOJECE", "list": "2b_Vodoopskrbna mreža_ID_DPU_DRACEVAC", "plan": "DPU radne zone Dračevac", "izvor": "DPU radne zone Dračevac (split.hr), vektorizirano iz PDF-a"}}, {"type": "Feature", "geometry": {"type": "Polygon", "coordinates": [[[16.4984759, 43.5254087], [16.4984811, 43.5253873], [16.4984764, 43.5253873], [16.4984759, 43.5254087]]]}, "properties": {"tema": "zgrade-postojece", "opis": "Postojeće zgrade", "cad_sloj": "TPS_C000_Zgrade POSTOJECE", "list": "2b_Vodoopskrbna mreža_ID_DPU_DRACEVAC", "plan": "DPU radne zone Dračevac", "izvor": "DPU radne zone Dračevac (split.hr), vektorizirano iz PDF-a"}}, {"type": "Feature", "geometry": {"type": "Polygon", "coordinates": [[[16.4984785, 43.5253892], [16.498479, 43.5253858], [16.4985026, 43.5253896], [16.4984785, 43.5253892]]]}, "properties": {"tema": "zgrade-postojece", "opis": "Postojeće zgrade", "cad_sloj": "TPS_C000_Zgrade POSTOJECE", "list": "2b_Vodoopskrbna mreža_ID_DPU_DRACEVAC", "plan": "DPU radne zone Dračevac", "izvor": "DPU radne zone Dračevac (split.hr), vektorizirano iz PDF-a"}}, {"type": "Feature", "geometry": {"type": "Polygon", "coordinates": [[[16.498479, 43.5253858], [16.4985026, 43.5253896], [16.4985026, 43.5253858], [16.498479, 43.5253858]]]}, "properties": {"tema": "zgrade-postojece", "opis": "Postojeće zgrade", "cad_sloj": "TPS_C000_Zgrade POSTOJECE", "list": "2b_Vodoopskrbna mreža_ID_DPU_DRACEVAC", "plan": "DPU radne zone Dračevac", "izvor": "DPU radne zone Dračevac (split.hr), vektorizirano iz PDF-a"}}, {"type": "Feature", "geometry": {"type": "Polygon", "coordinates": [[[16.4985271, 43.52539], [16.4985271, 43.5253862], [16.4985512, 43.52539], [16.4985271, 43.52539]]]}, "properties": {"tema": "zgrade-postojece", "opis": "Postojeće zgrade", "cad_sloj": "TPS_C000_Zgrade POSTOJECE", "list": "2b_Vodoopskrbna mreža_ID_DPU_DRACEVAC", "plan": "DPU radne zone Dračevac", "izvor": "DPU radne zone Dračevac (split.hr), vektorizirano iz PDF-a"}}, {"type": "Feature", "geometry": {"type": "Polygon", "coordinates": [[[16.4985271, 43.5253862], [16.4985512, 43.52539], [16.4985512, 43.5253866], [16.4985271, 43.5253862]]]}, "properties": {"tema": "zgrade-postojece", "opis": "Postojeće zgrade", "cad_sloj": "TPS_C000_Zgrade POSTOJECE", "list": "2b_Vodoopskrbna mreža_ID_DPU_DRACEVAC", "plan": "DPU radne zone Dračevac", "izvor": "DPU radne zone Dračevac (split.hr), vektorizirano iz PDF-a"}}, {"type": "Feature", "geometry": {"type": "Polygon", "coordinates": [[[16.4985486, 43.5253885], [16.4985533, 43.5253885], [16.4985481, 43.5254098], [16.4985486, 43.5253885]]]}, "properties": {"tema": "zgrade-postojece", "opis": "Postojeće zgrade", "cad_sloj": "TPS_C000_Zgrade POSTOJECE", "list": "2b_Vodoopskrbna mreža_ID_DPU_DRACEVAC", "plan": "DPU radne zone Dračevac", "izvor": "DPU radne zone Dračevac (split.hr), vektorizirano iz PDF-a"}}, {"type": "Feature", "geometry": {"type": "Polygon", "coordinates": [[[16.4985533, 43.5253885], [16.4985481, 43.5254098], [16.4985528, 43.5254098], [16.4985533, 43.5253885]]]}, "properties": {"tema": "zgrade-postojece", "opis": "Postojeće zgrade", "cad_sloj": "TPS_C000_Zgrade POSTOJECE", "list": "2b_Vodoopskrbna mreža_ID_DPU_DRACEVAC", "plan": "DPU radne zone Dračevac", "izvor": "DPU radne zone Dračevac (split.hr), vektorizirano iz PDF-a"}}, {"type": "Feature", "geometry": {"type": "Polygon", "coordinates": [[[16.4985507, 43.5254117], [16.4985507, 43.5254083], [16.4985763, 43.5254121], [16.4985507, 43.5254117]]]}, "properties": {"tema": "zgrade-postojece", "opis": "Postojeće zgrade", "cad_sloj": "TPS_C000_Zgrade POSTOJECE", "list": "2b_Vodoopskrbna mreža_ID_DPU_DRACEVAC", "plan": "DPU radne zone Dračevac", "izvor": "DPU radne zone Dračevac (split.hr), vektorizirano iz PDF-a"}}, {"type": "Feature", "geometry": {"type": "Polygon", "coordinates": [[[16.4985507, 43.5254083], [16.4985763, 43.5254121], [16.4985768, 43.5254083], [16.4985507, 43.5254083]]]}, "properties": {"tema": "zgrade-postojece", "opis": "Postojeće zgrade", "cad_sloj": "TPS_C000_Zgrade POSTOJECE", "list": "2b_Vodoopskrbna mreža_ID_DPU_DRACEVAC", "plan": "DPU radne zone Dračevac", "izvor": "DPU radne zone Dračevac (split.hr), vektorizirano iz PDF-a"}}, {"type": "Feature", "geometry": {"type": "Polygon", "coordinates": [[[16.4986014, 43.5254121], [16.4986014, 43.5254087], [16.4986271, 43.5254125], [16.4986014, 43.5254121]]]}, "properties": {"tema": "zgrade-postojece", "opis": "Postojeće zgrade", "cad_sloj": "TPS_C000_Zgrade POSTOJECE", "list": "2b_Vodoopskrbna mreža_ID_DPU_DRACEVAC", "plan": "DPU radne zone Dračevac", "izvor": "DPU radne zone Dračevac (split.hr), vektorizirano iz PDF-a"}}, {"type": "Feature", "geometry": {"type": "Polygon", "coordinates": [[[16.4986014, 43.5254087], [16.4986271, 43.5254125], [16.4986271, 43.525409], [16.4986014, 43.5254087]]]}, "properties": {"tema": "zgrade-postojece", "opis": "Postojeće zgrade", "cad_sloj": "TPS_C000_Zgrade POSTOJECE", "list": "2b_Vodoopskrbna mreža_ID_DPU_DRACEVAC", "plan": "DPU radne zone Dračevac", "izvor": "DPU radne zone Dračevac (split.hr), vektorizirano iz PDF-a"}}, {"type": "Feature", "geometry": {"type": "Polygon", "coordinates": [[[16.4986297, 43.5254106], [16.498625, 43.5254106], [16.4986307, 43.5253896], [16.4986297, 43.5254106]]]}, "properties": {"tema": "zgrade-postojece", "opis": "Postojeće zgrade", "cad_sloj": "TPS_C000_Zgrade POSTOJECE", "list": "2b_Vodoopskrbna mreža_ID_DPU_DRACEVAC", "plan": "DPU radne zone Dračevac", "izvor": "DPU radne zone Dračevac (split.hr), vektorizirano iz PDF-a"}}, {"type": "Feature", "geometry": {"type": "Polygon", "coordinates": [[[16.498625, 43.5254106], [16.4986307, 43.5253896], [16.4986255, 43.5253896], [16.498625, 43.5254106]]]}, "properties": {"tema": "zgrade-postojece", "opis": "Postojeće zgrade", "cad_sloj": "TPS_C000_Zgrade POSTOJECE", "list": "2b_Vodoopskrbna mreža_ID_DPU_DRACEVAC", "plan": "DPU radne zone Dračevac", "izvor": "DPU radne zone Dračevac (split.hr), vektorizirano iz PDF-a"}}, {"type": "Feature", "geometry": {"type": "Polygon", "coordinates": [[[16.4986281, 43.5253915], [16.4986281, 43.5253877], [16.4986495, 43.5253915], [16.4986281, 43.5253915]]]}, "properties": {"tema": "zgrade-postojece", "opis": "Postojeće zgrade", "cad_sloj": "TPS_C000_Zgrade POSTOJECE", "list": "2b_Vodoopskrbna mreža_ID_DPU_DRACEVAC", "plan": "DPU radne zone Dračevac", "izvor": "DPU radne zone Dračevac (split.hr), vektorizirano iz PDF-a"}}, {"type": "Feature", "geometry": {"type": "Polygon", "coordinates": [[[16.4986281, 43.5253877], [16.4986495, 43.5253915], [16.4986495, 43.5253881], [16.4986281, 43.5253877]]]}, "properties": {"tema": "zgrade-postojece", "opis": "Postojeće zgrade", "cad_sloj": "TPS_C000_Zgrade POSTOJECE", "list": "2b_Vodoopskrbna mreža_ID_DPU_DRACEVAC", "plan": "DPU radne zone Dračevac", "izvor": "DPU radne zone Dračevac (split.hr), vektorizirano iz PDF-a"}}, {"type": "Feature", "geometry": {"type": "Polygon", "coordinates": [[[16.4986741, 43.5253919], [16.4986741, 43.5253885], [16.4986987, 43.5253923], [16.4986741, 43.5253919]]]}, "properties": {"tema": "zgrade-postojece", "opis": "Postojeće zgrade", "cad_sloj": "TPS_C000_Zgrade POSTOJECE", "list": "2b_Vodoopskrbna mreža_ID_DPU_DRACEVAC", "plan": "DPU radne zone Dračevac", "izvor": "DPU radne zone Dračevac (split.hr), vektorizirano iz PDF-a"}}, {"type": "Feature", "geometry": {"type": "Polygon", "coordinates": [[[16.4986741, 43.5253885], [16.4986987, 43.5253923], [16.4986987, 43.5253885], [16.4986741, 43.5253885]]]}, "properties": {"tema": "zgrade-postojece", "opis": "Postojeće zgrade", "cad_sloj": "TPS_C000_Zgrade POSTOJECE", "list": "2b_Vodoopskrbna mreža_ID_DPU_DRACEVAC", "plan": "DPU radne zone Dračevac", "izvor": "DPU radne zone Dračevac (split.hr), vektorizirano iz PDF-a"}}, {"type": "Feature", "geometry": {"type": "Polygon", "coordinates": [[[16.4987233, 43.5253923], [16.4987238, 43.5253889], [16.4987484, 43.5253927], [16.4987233, 43.5253923]]]}, "properties": {"tema": "zgrade-postojece", "opis": "Postojeće zgrade", "cad_sloj": "TPS_C000_Zgrade POSTOJECE", "list": "2b_Vodoopskrbna mreža_ID_DPU_DRACEVAC", "plan": "DPU radne zone Dračevac", "izvor": "DPU radne zone Dračevac (split.hr), vektorizirano iz PDF-a"}}, {"type": "Feature", "geometry": {"type": "Polygon", "coordinates": [[[16.4987238, 43.5253889], [16.4987484, 43.5253927], [16.4987484, 43.5253893], [16.4987238, 43.5253889]]]}, "properties": {"tema": "zgrade-postojece", "opis": "Postojeće zgrade", "cad_sloj": "TPS_C000_Zgrade POSTOJECE", "list": "2b_Vodoopskrbna mreža_ID_DPU_DRACEVAC", "plan": "DPU radne zone Dračevac", "izvor": "DPU radne zone Dračevac (split.hr), vektorizirano iz PDF-a"}}, {"type": "Feature", "geometry": {"type": "Polygon", "coordinates": [[[16.498773, 43.5253931], [16.498773, 43.5253893], [16.4987976, 43.5253934], [16.498773, 43.5253931]]]}, "properties": {"tema": "zgrade-postojece", "opis": "Postojeće zgrade", "cad_sloj": "TPS_C000_Zgrade POSTOJECE", "list": "2b_Vodoopskrbna mreža_ID_DPU_DRACEVAC", "plan": "DPU radne zone Dračevac", "izvor": "DPU radne zone Dračevac (split.hr), vektorizirano iz PDF-a"}}, {"type": "Feature", "geometry": {"type": "Polygon", "coordinates": [[[16.498773, 43.5253893], [16.4987976, 43.5253934], [16.4987976, 43.5253896], [16.498773, 43.5253893]]]}, "properties": {"tema": "zgrade-postojece", "opis": "Postojeće zgrade", "cad_sloj": "TPS_C000_Zgrade POSTOJECE", "list": "2b_Vodoopskrbna mreža_ID_DPU_DRACEVAC", "plan": "DPU radne zone Dračevac", "izvor": "DPU radne zone Dračevac (split.hr), vektorizirano iz PDF-a"}}, {"type": "Feature", "geometry": {"type": "Polygon", "coordinates": [[[16.4988222, 43.5253934], [16.4988222, 43.52539], [16.4988436, 43.5253938], [16.4988222, 43.5253934]]]}, "properties": {"tema": "zgrade-postojece", "opis": "Postojeće zgrade", "cad_sloj": "TPS_C000_Zgrade POSTOJECE", "list": "2b_Vodoopskrbna mreža_ID_DPU_DRACEVAC", "plan": "DPU radne zone Dračevac", "izvor": "DPU radne zone Dračevac (split.hr), vektorizirano iz PDF-a"}}, {"type": "Feature", "geometry": {"type": "Polygon", "coordinates": [[[16.4988222, 43.52539], [16.4988436, 43.5253938], [16.4988436, 43.52539], [16.4988222, 43.52539]]]}, "properties": {"tema": "zgrade-postojece", "opis": "Postojeće zgrade", "cad_sloj": "TPS_C000_Zgrade POSTOJECE", "list": "2b_Vodoopskrbna mreža_ID_DPU_DRACEVAC", "plan": "DPU radne zone Dračevac", "izvor": "DPU radne zone Dračevac (split.hr), vektorizirano iz PDF-a"}}, {"type": "Feature", "geometry": {"type": "Polygon", "coordinates": [[[16.4988462, 43.5253919], [16.498841, 43.5253919], [16.4988468, 43.5253679], [16.4988462, 43.5253919]]]}, "properties": {"tema": "zgrade-postojece", "opis": "Postojeće zgrade", "cad_sloj": "TPS_C000_Zgrade POSTOJECE", "list": "2b_Vodoopskrbna mreža_ID_DPU_DRACEVAC", "plan": "DPU radne zone Dračevac", "izvor": "DPU radne zone Dračevac (split.hr), vektorizirano iz PDF-a"}}, {"type": "Feature", "geometry": {"type": "Polygon", "coordinates": [[[16.498841, 43.5253919], [16.4988468, 43.5253679], [16.498842, 43.5253679], [16.498841, 43.5253919]]]}, "properties": {"tema": "zgrade-postojece", "opis": "Postojeće zgrade", "cad_sloj": "TPS_C000_Zgrade POSTOJECE", "list": "2b_Vodoopskrbna mreža_ID_DPU_DRACEVAC", "plan": "DPU radne zone Dračevac", "izvor": "DPU radne zone Dračevac (split.hr), vektorizirano iz PDF-a"}}, {"type": "Feature", "geometry": {"type": "Polygon", "coordinates": [[[16.4988441, 43.5253698], [16.4988441, 43.525366], [16.4988661, 43.5253698], [16.4988441, 43.5253698]]]}, "properties": {"tema": "zgrade-postojece", "opis": "Postojeće zgrade", "cad_sloj": "TPS_C000_Zgrade POSTOJECE", "list": "2b_Vodoopskrbna mreža_ID_DPU_DRACEVAC", "plan": "DPU radne zone Dračevac", "izvor": "DPU radne zone Dračevac (split.hr), vektorizirano iz PDF-a"}}, {"type": "Feature", "geometry": {"type": "Polygon", "coordinates": [[[16.4988441, 43.525366], [16.4988661, 43.5253698], [16.4988661, 43.5253664], [16.4988441, 43.525366]]]}, "properties": {"tema": "zgrade-postojece", "opis": "Postojeće zgrade", "cad_sloj": "TPS_C000_Zgrade POSTOJECE", "list": "2b_Vodoopskrbna mreža_ID_DPU_DRACEVAC", "plan": "DPU radne zone Dračevac", "izvor": "DPU radne zone Dračevac (split.hr), vektorizirano iz PDF-a"}}, {"type": "Feature", "geometry": {"type": "Polygon", "coordinates": [[[16.4988907, 43.5253698], [16.4988907, 43.5253664], [16.4989127, 43.5253702], [16.4988907, 43.5253698]]]}, "properties": {"tema": "zgrade-postojece", "opis": "Postojeće zgrade", "cad_sloj": "TPS_C000_Zgrade POSTOJECE", "list": "2b_Vodoopskrbna mreža_ID_DPU_DRACEVAC", "plan": "DPU radne zone Dračevac", "izvor": "DPU radne zone Dračevac (split.hr), vektorizirano iz PDF-a"}}, {"type": "Feature", "geometry": {"type": "Polygon", "coordinates": [[[16.4988907, 43.5253664], [16.4989127, 43.5253702], [16.4989127, 43.5253664], [16.4988907, 43.5253664]]]}, "properties": {"tema": "zgrade-postojece", "opis": "Postojeće zgrade", "cad_sloj": "TPS_C000_Zgrade POSTOJECE", "list": "2b_Vodoopskrbna mreža_ID_DPU_DRACEVAC", "plan": "DPU radne zone Dračevac", "izvor": "DPU radne zone Dračevac (split.hr), vektorizirano iz PDF-a"}}, {"type": "Feature", "geometry": {"type": "Polygon", "coordinates": [[[16.4989106, 43.5253683], [16.4989153, 43.5253683], [16.49891, 43.5253835], [16.4989106, 43.5253683]]]}, "properties": {"tema": "zgrade-postojece", "opis": "Postojeće zgrade", "cad_sloj": "TPS_C000_Zgrade POSTOJECE", "list": "2b_Vodoopskrbna mreža_ID_DPU_DRACEVAC", "plan": "DPU radne zone Dračevac", "izvor": "DPU radne zone Dračevac (split.hr), vektorizirano iz PDF-a"}}, {"type": "Feature", "geometry": {"type": "Polygon", "coordinates": [[[16.4989153, 43.5253683], [16.49891, 43.5253835], [16.4989148, 43.5253835], [16.4989153, 43.5253683]]]}, "properties": {"tema": "zgrade-postojece", "opis": "Postojeće zgrade", "cad_sloj": "TPS_C000_Zgrade POSTOJECE", "list": "2b_Vodoopskrbna mreža_ID_DPU_DRACEVAC", "plan": "DPU radne zone Dračevac", "izvor": "DPU radne zone Dračevac (split.hr), vektorizirano iz PDF-a"}}, {"type": "Feature", "geometry": {"type": "Polygon", "coordinates": [[[16.4989095, 43.5254014], [16.4989148, 43.5254014], [16.4989095, 43.5254167], [16.4989095, 43.5254014]]]}, "properties": {"tema": "zgrade-postojece", "opis": "Postojeće zgrade", "cad_sloj": "TPS_C000_Zgrade POSTOJECE", "list": "2b_Vodoopskrbna mreža_ID_DPU_DRACEVAC", "plan": "DPU radne zone Dračevac", "izvor": "DPU radne zone Dračevac (split.hr), vektorizirano iz PDF-a"}}, {"type": "Feature", "geometry": {"type": "Polygon", "coordinates": [[[16.4989148, 43.5254014], [16.4989095, 43.5254167], [16.4989142, 43.5254167], [16.4989148, 43.5254014]]]}, "properties": {"tema": "zgrade-postojece", "opis": "Postojeće zgrade", "cad_sloj": "TPS_C000_Zgrade POSTOJECE", "list": "2b_Vodoopskrbna mreža_ID_DPU_DRACEVAC", "plan": "DPU radne zone Dračevac", "izvor": "DPU radne zone Dračevac (split.hr), vektorizirano iz PDF-a"}}, {"type": "Feature", "geometry": {"type": "Polygon", "coordinates": [[[16.4989116, 43.5254186], [16.4989116, 43.5254148], [16.4989247, 43.5254186], [16.4989116, 43.5254186]]]}, "properties": {"tema": "zgrade-postojece", "opis": "Postojeće zgrade", "cad_sloj": "TPS_C000_Zgrade POSTOJECE", "list": "2b_Vodoopskrbna mreža_ID_DPU_DRACEVAC", "plan": "DPU radne zone Dračevac", "izvor": "DPU radne zone Dračevac (split.hr), vektorizirano iz PDF-a"}}, {"type": "Feature", "geometry": {"type": "Polygon", "coordinates": [[[16.4989116, 43.5254148], [16.4989247, 43.5254186], [16.4989247, 43.5254148], [16.4989116, 43.5254148]]]}, "properties": {"tema": "zgrade-postojece", "opis": "Postojeće zgrade", "cad_sloj": "TPS_C000_Zgrade POSTOJECE", "list": "2b_Vodoopskrbna mreža_ID_DPU_DRACEVAC", "plan": "DPU radne zone Dračevac", "izvor": "DPU radne zone Dračevac (split.hr), vektorizirano iz PDF-a"}}, {"type": "Feature", "geometry": {"type": "Polygon", "coordinates": [[[16.4989493, 43.5254189], [16.4989493, 43.5254151], [16.4989744, 43.5254189], [16.4989493, 43.5254189]]]}, "properties": {"tema": "zgrade-postojece", "opis": "Postojeće zgrade", "cad_sloj": "TPS_C000_Zgrade POSTOJECE", "list": "2b_Vodoopskrbna mreža_ID_DPU_DRACEVAC", "plan": "DPU radne zone Dračevac", "izvor": "DPU radne zone Dračevac (split.hr), vektorizirano iz PDF-a"}}, {"type": "Feature", "geometry": {"type": "Polygon", "coordinates": [[[16.4989493, 43.5254151], [16.4989744, 43.5254189], [16.4989744, 43.5254155], [16.4989493, 43.5254151]]]}, "properties": {"tema": "zgrade-postojece", "opis": "Postojeće zgrade", "cad_sloj": "TPS_C000_Zgrade POSTOJECE", "list": "2b_Vodoopskrbna mreža_ID_DPU_DRACEVAC", "plan": "DPU radne zone Dračevac", "izvor": "DPU radne zone Dračevac (split.hr), vektorizirano iz PDF-a"}}, {"type": "Feature", "geometry": {"type": "Polygon", "coordinates": [[[16.498999, 43.5254193], [16.498999, 43.5254159], [16.4990236, 43.5254197], [16.498999, 43.5254193]]]}, "properties": {"tema": "zgrade-postojece", "opis": "Postojeće zgrade", "cad_sloj": "TPS_C000_Zgrade POSTOJECE", "list": "2b_Vodoopskrbna mreža_ID_DPU_DRACEVAC", "plan": "DPU radne zone Dračevac", "izvor": "DPU radne zone Dračevac (split.hr), vektorizirano iz PDF-a"}}, {"type": "Feature", "geometry": {"type": "Polygon", "coordinates": [[[16.498999, 43.5254159], [16.4990236, 43.5254197], [16.4990236, 43.5254159], [16.498999, 43.5254159]]]}, "properties": {"tema": "zgrade-postojece", "opis": "Postojeće zgrade", "cad_sloj": "TPS_C000_Zgrade POSTOJECE", "list": "2b_Vodoopskrbna mreža_ID_DPU_DRACEVAC", "plan": "DPU radne zone Dračevac", "izvor": "DPU radne zone Dračevac (split.hr), vektorizirano iz PDF-a"}}, {"type": "Feature", "geometry": {"type": "Polygon", "coordinates": [[[16.4990481, 43.5254201], [16.4990481, 43.5254163], [16.4990727, 43.5254201], [16.4990481, 43.5254201]]]}, "properties": {"tema": "zgrade-postojece", "opis": "Postojeće zgrade", "cad_sloj": "TPS_C000_Zgrade POSTOJECE", "list": "2b_Vodoopskrbna mreža_ID_DPU_DRACEVAC", "plan": "DPU radne zone Dračevac", "izvor": "DPU radne zone Dračevac (split.hr), vektorizirano iz PDF-a"}}, {"type": "Feature", "geometry": {"type": "Polygon", "coordinates": [[[16.4990481, 43.5254163], [16.4990727, 43.5254201], [16.4990727, 43.5254167], [16.4990481, 43.5254163]]]}, "properties": {"tema": "zgrade-postojece", "opis": "Postojeće zgrade", "cad_sloj": "TPS_C000_Zgrade POSTOJECE", "list": "2b_Vodoopskrbna mreža_ID_DPU_DRACEVAC", "plan": "DPU radne zone Dračevac", "izvor": "DPU radne zone Dračevac (split.hr), vektorizirano iz PDF-a"}}, {"type": "Feature", "geometry": {"type": "Polygon", "coordinates": [[[16.4990973, 43.5254205], [16.4990978, 43.525417], [16.4991104, 43.5254205], [16.4990973, 43.5254205]]]}, "properties": {"tema": "zgrade-postojece", "opis": "Postojeće zgrade", "cad_sloj": "TPS_C000_Zgrade POSTOJECE", "list": "2b_Vodoopskrbna mreža_ID_DPU_DRACEVAC", "plan": "DPU radne zone Dračevac", "izvor": "DPU radne zone Dračevac (split.hr), vektorizirano iz PDF-a"}}, {"type": "Feature", "geometry": {"type": "Polygon", "coordinates": [[[16.4990978, 43.525417], [16.4991104, 43.5254205], [16.4991109, 43.525417], [16.4990978, 43.525417]]]}, "properties": {"tema": "zgrade-postojece", "opis": "Postojeće zgrade", "cad_sloj": "TPS_C000_Zgrade POSTOJECE", "list": "2b_Vodoopskrbna mreža_ID_DPU_DRACEVAC", "plan": "DPU radne zone Dračevac", "izvor": "DPU radne zone Dračevac (split.hr), vektorizirano iz PDF-a"}}, {"type": "Feature", "geometry": {"type": "Polygon", "coordinates": [[[16.499113, 43.5254189], [16.4991083, 43.5254189], [16.4991135, 43.5254071], [16.499113, 43.5254189]]]}, "properties": {"tema": "zgrade-postojece", "opis": "Postojeće zgrade", "cad_sloj": "TPS_C000_Zgrade POSTOJECE", "list": "2b_Vodoopskrbna mreža_ID_DPU_DRACEVAC", "plan": "DPU radne zone Dračevac", "izvor": "DPU radne zone Dračevac (split.hr), vektorizirano iz PDF-a"}}, {"type": "Feature", "geometry": {"type": "Polygon", "coordinates": [[[16.4991083, 43.5254189], [16.4991135, 43.5254071], [16.4991083, 43.5254071], [16.4991083, 43.5254189]]]}, "properties": {"tema": "zgrade-postojece", "opis": "Postojeće zgrade", "cad_sloj": "TPS_C000_Zgrade POSTOJECE", "list": "2b_Vodoopskrbna mreža_ID_DPU_DRACEVAC", "plan": "DPU radne zone Dračevac", "izvor": "DPU radne zone Dračevac (split.hr), vektorizirano iz PDF-a"}}, {"type": "Feature", "geometry": {"type": "Polygon", "coordinates": [[[16.4991141, 43.5253893], [16.4991088, 43.5253893], [16.4991146, 43.5253714], [16.4991141, 43.5253893]]]}, "properties": {"tema": "zgrade-postojece", "opis": "Postojeće zgrade", "cad_sloj": "TPS_C000_Zgrade POSTOJECE", "list": "2b_Vodoopskrbna mreža_ID_DPU_DRACEVAC", "plan": "DPU radne zone Dračevac", "izvor": "DPU radne zone Dračevac (split.hr), vektorizirano iz PDF-a"}}, {"type": "Feature", "geometry": {"type": "Polygon", "coordinates": [[[16.4991088, 43.5253893], [16.4991146, 43.5253714], [16.4991093, 43.5253714], [16.4991088, 43.5253893]]]}, "properties": {"tema": "zgrade-postojece", "opis": "Postojeće zgrade", "cad_sloj": "TPS_C000_Zgrade POSTOJECE", "list": "2b_Vodoopskrbna mreža_ID_DPU_DRACEVAC", "plan": "DPU radne zone Dračevac", "izvor": "DPU radne zone Dračevac (split.hr), vektorizirano iz PDF-a"}}, {"type": "Feature", "geometry": {"type": "Polygon", "coordinates": [[[16.4991151, 43.5253535], [16.4991099, 43.5253531], [16.4991156, 43.5253352], [16.4991151, 43.5253535]]]}, "properties": {"tema": "zgrade-postojece", "opis": "Postojeće zgrade", "cad_sloj": "TPS_C000_Zgrade POSTOJECE", "list": "2b_Vodoopskrbna mreža_ID_DPU_DRACEVAC", "plan": "DPU radne zone Dračevac", "izvor": "DPU radne zone Dračevac (split.hr), vektorizirano iz PDF-a"}}, {"type": "Feature", "geometry": {"type": "Polygon", "coordinates": [[[16.4991099, 43.5253531], [16.4991156, 43.5253352], [16.4991104, 43.5253352], [16.4991099, 43.5253531]]]}, "properties": {"tema": "zgrade-postojece", "opis": "Postojeće zgrade", "cad_sloj": "TPS_C000_Zgrade POSTOJECE", "list": "2b_Vodoopskrbna mreža_ID_DPU_DRACEVAC", "plan": "DPU radne zone Dračevac", "izvor": "DPU radne zone Dračevac (split.hr), vektorizirano iz PDF-a"}}, {"type": "Feature", "geometry": {"type": "Polygon", "coordinates": [[[16.4991161, 43.5253173], [16.4991109, 43.5253173], [16.4991167, 43.5252994], [16.4991161, 43.5253173]]]}, "properties": {"tema": "zgrade-postojece", "opis": "Postojeće zgrade", "cad_sloj": "TPS_C000_Zgrade POSTOJECE", "list": "2b_Vodoopskrbna mreža_ID_DPU_DRACEVAC", "plan": "DPU radne zone Dračevac", "izvor": "DPU radne zone Dračevac (split.hr), vektorizirano iz PDF-a"}}, {"type": "Feature", "geometry": {"type": "Polygon", "coordinates": [[[16.4991109, 43.5253173], [16.4991167, 43.5252994], [16.4991114, 43.5252994], [16.4991109, 43.5253173]]]}, "properties": {"tema": "zgrade-postojece", "opis": "Postojeće zgrade", "cad_sloj": "TPS_C000_Zgrade POSTOJECE", "list": "2b_Vodoopskrbna mreža_ID_DPU_DRACEVAC", "plan": "DPU radne zone Dračevac", "izvor": "DPU radne zone Dračevac (split.hr), vektorizirano iz PDF-a"}}, {"type": "Feature", "geometry": {"type": "Polygon", "coordinates": [[[16.4991172, 43.5252815], [16.499112, 43.5252815], [16.4991177, 43.5252637], [16.4991172, 43.5252815]]]}, "properties": {"tema": "zgrade-postojece", "opis": "Postojeće zgrade", "cad_sloj": "TPS_C000_Zgrade POSTOJECE", "list": "2b_Vodoopskrbna mreža_ID_DPU_DRACEVAC", "plan": "DPU radne zone Dračevac", "izvor": "DPU radne zone Dračevac (split.hr), vektorizirano iz PDF-a"}}, {"type": "Feature", "geometry": {"type": "Polygon", "coordinates": [[[16.499112, 43.5252815], [16.4991177, 43.5252637], [16.4991125, 43.5252633], [16.499112, 43.5252815]]]}, "properties": {"tema": "zgrade-postojece", "opis": "Postojeće zgrade", "cad_sloj": "TPS_C000_Zgrade POSTOJECE", "list": "2b_Vodoopskrbna mreža_ID_DPU_DRACEVAC", "plan": "DPU radne zone Dračevac", "izvor": "DPU radne zone Dračevac (split.hr), vektorizirano iz PDF-a"}}, {"type": "Feature", "geometry": {"type": "Polygon", "coordinates": [[[16.4991182, 43.5252454], [16.499113, 43.5252454], [16.4991182, 43.525234], [16.4991182, 43.5252454]]]}, "properties": {"tema": "zgrade-postojece", "opis": "Postojeće zgrade", "cad_sloj": "TPS_C000_Zgrade POSTOJECE", "list": "2b_Vodoopskrbna mreža_ID_DPU_DRACEVAC", "plan": "DPU radne zone Dračevac", "izvor": "DPU radne zone Dračevac (split.hr), vektorizirano iz PDF-a"}}, {"type": "Feature", "geometry": {"type": "Polygon", "coordinates": [[[16.499113, 43.5252454], [16.4991182, 43.525234], [16.4991135, 43.525234], [16.499113, 43.5252454]]]}, "properties": {"tema": "zgrade-postojece", "opis": "Postojeće zgrade", "cad_sloj": "TPS_C000_Zgrade POSTOJECE", "list": "2b_Vodoopskrbna mreža_ID_DPU_DRACEVAC", "plan": "DPU radne zone Dračevac", "izvor": "DPU radne zone Dračevac (split.hr), vektorizirano iz PDF-a"}}, {"type": "Feature", "geometry": {"type": "Polygon", "coordinates": [[[16.4991161, 43.5252321], [16.4991156, 43.5252355], [16.499101, 43.5252317], [16.4991161, 43.5252321]]]}, "properties": {"tema": "zgrade-postojece", "opis": "Postojeće zgrade", "cad_sloj": "TPS_C000_Zgrade POSTOJECE", "list": "2b_Vodoopskrbna mreža_ID_DPU_DRACEVAC", "plan": "DPU radne zone Dračevac", "izvor": "DPU radne zone Dračevac (split.hr), vektorizirano iz PDF-a"}}, {"type": "Feature", "geometry": {"type": "Polygon", "coordinates": [[[16.4991156, 43.5252355], [16.499101, 43.5252317], [16.499101, 43.5252351], [16.4991156, 43.5252355]]]}, "properties": {"tema": "zgrade-postojece", "opis": "Postojeće zgrade", "cad_sloj": "TPS_C000_Zgrade POSTOJECE", "list": "2b_Vodoopskrbna mreža_ID_DPU_DRACEVAC", "plan": "DPU radne zone Dračevac", "izvor": "DPU radne zone Dračevac (split.hr), vektorizirano iz PDF-a"}}, {"type": "Feature", "geometry": {"type": "Polygon", "coordinates": [[[16.4990764, 43.5252309], [16.4990759, 43.5252347], [16.4990612, 43.5252305], [16.4990764, 43.5252309]]]}, "properties": {"tema": "zgrade-postojece", "opis": "Postojeće zgrade", "cad_sloj": "TPS_C000_Zgrade POSTOJECE", "list": "2b_Vodoopskrbna mreža_ID_DPU_DRACEVAC", "plan": "DPU radne zone Dračevac", "izvor": "DPU radne zone Dračevac (split.hr), vektorizirano iz PDF-a"}}, {"type": "Feature", "geometry": {"type": "Polygon", "coordinates": [[[16.4990759, 43.5252347], [16.4990612, 43.5252305], [16.4990612, 43.5252343], [16.4990759, 43.5252347]]]}, "properties": {"tema": "zgrade-postojece", "opis": "Postojeće zgrade", "cad_sloj": "TPS_C000_Zgrade POSTOJECE", "list": "2b_Vodoopskrbna mreža_ID_DPU_DRACEVAC", "plan": "DPU radne zone Dračevac", "izvor": "DPU radne zone Dračevac (split.hr), vektorizirano iz PDF-a"}}, {"type": "Feature", "geometry": {"type": "Polygon", "coordinates": [[[16.4990633, 43.5252324], [16.4990586, 43.5252324], [16.4990638, 43.5252225], [16.4990633, 43.5252324]]]}, "properties": {"tema": "zgrade-postojece", "opis": "Postojeće zgrade", "cad_sloj": "TPS_C000_Zgrade POSTOJECE", "list": "2b_Vodoopskrbna mreža_ID_DPU_DRACEVAC", "plan": "DPU radne zone Dračevac", "izvor": "DPU radne zone Dračevac (split.hr), vektorizirano iz PDF-a"}}, {"type": "Feature", "geometry": {"type": "Polygon", "coordinates": [[[16.4990586, 43.5252324], [16.4990638, 43.5252225], [16.4990586, 43.5252225], [16.4990586, 43.5252324]]]}, "properties": {"tema": "zgrade-postojece", "opis": "Postojeće zgrade", "cad_sloj": "TPS_C000_Zgrade POSTOJECE", "list": "2b_Vodoopskrbna mreža_ID_DPU_DRACEVAC", "plan": "DPU radne zone Dračevac", "izvor": "DPU radne zone Dračevac (split.hr), vektorizirano iz PDF-a"}}, {"type": "Feature", "geometry": {"type": "Polygon", "coordinates": [[[16.4990644, 43.5252047], [16.4990591, 43.5252043], [16.4990649, 43.5251864], [16.4990644, 43.5252047]]]}, "properties": {"tema": "zgrade-postojece", "opis": "Postojeće zgrade", "cad_sloj": "TPS_C000_Zgrade POSTOJECE", "list": "2b_Vodoopskrbna mreža_ID_DPU_DRACEVAC", "plan": "DPU radne zone Dračevac", "izvor": "DPU radne zone Dračevac (split.hr), vektorizirano iz PDF-a"}}, {"type": "Feature", "geometry": {"type": "Polygon", "coordinates": [[[16.4990591, 43.5252043], [16.4990649, 43.5251864], [16.4990597, 43.5251864], [16.4990591, 43.5252043]]]}, "properties": {"tema": "zgrade-postojece", "opis": "Postojeće zgrade", "cad_sloj": "TPS_C000_Zgrade POSTOJECE", "list": "2b_Vodoopskrbna mreža_ID_DPU_DRACEVAC", "plan": "DPU radne zone Dračevac", "izvor": "DPU radne zone Dračevac (split.hr), vektorizirano iz PDF-a"}}, {"type": "Feature", "geometry": {"type": "Polygon", "coordinates": [[[16.4990649, 43.5251685], [16.4990602, 43.5251685], [16.4990654, 43.5251506], [16.4990649, 43.5251685]]]}, "properties": {"tema": "zgrade-postojece", "opis": "Postojeće zgrade", "cad_sloj": "TPS_C000_Zgrade POSTOJECE", "list": "2b_Vodoopskrbna mreža_ID_DPU_DRACEVAC", "plan": "DPU radne zone Dračevac", "izvor": "DPU radne zone Dračevac (split.hr), vektorizirano iz PDF-a"}}, {"type": "Feature", "geometry": {"type": "Polygon", "coordinates": [[[16.4990602, 43.5251685], [16.4990654, 43.5251506], [16.4990607, 43.5251506], [16.4990602, 43.5251685]]]}, "properties": {"tema": "zgrade-postojece", "opis": "Postojeće zgrade", "cad_sloj": "TPS_C000_Zgrade POSTOJECE", "list": "2b_Vodoopskrbna mreža_ID_DPU_DRACEVAC", "plan": "DPU radne zone Dračevac", "izvor": "DPU radne zone Dračevac (split.hr), vektorizirano iz PDF-a"}}, {"type": "Feature", "geometry": {"type": "Polygon", "coordinates": [[[16.4990659, 43.5251327], [16.4990612, 43.5251327], [16.4990665, 43.5251148], [16.4990659, 43.5251327]]]}, "properties": {"tema": "zgrade-postojece", "opis": "Postojeće zgrade", "cad_sloj": "TPS_C000_Zgrade POSTOJECE", "list": "2b_Vodoopskrbna mreža_ID_DPU_DRACEVAC", "plan": "DPU radne zone Dračevac", "izvor": "DPU radne zone Dračevac (split.hr), vektorizirano iz PDF-a"}}, {"type": "Feature", "geometry": {"type": "Polygon", "coordinates": [[[16.4990612, 43.5251327], [16.4990665, 43.5251148], [16.4990612, 43.5251144], [16.4990612, 43.5251327]]]}, "properties": {"tema": "zgrade-postojece", "opis": "Postojeće zgrade", "cad_sloj": "TPS_C000_Zgrade POSTOJECE", "list": "2b_Vodoopskrbna mreža_ID_DPU_DRACEVAC", "plan": "DPU radne zone Dračevac", "izvor": "DPU radne zone Dračevac (split.hr), vektorizirano iz PDF-a"}}, {"type": "Feature", "geometry": {"type": "Polygon", "coordinates": [[[16.499067, 43.5250966], [16.4990617, 43.5250966], [16.499067, 43.5250787], [16.499067, 43.5250966]]]}, "properties": {"tema": "zgrade-postojece", "opis": "Postojeće zgrade", "cad_sloj": "TPS_C000_Zgrade POSTOJECE", "list": "2b_Vodoopskrbna mreža_ID_DPU_DRACEVAC", "plan": "DPU radne zone Dračevac", "izvor": "DPU radne zone Dračevac (split.hr), vektorizirano iz PDF-a"}}, {"type": "Feature", "geometry": {"type": "Polygon", "coordinates": [[[16.4990617, 43.5250966], [16.499067, 43.5250787], [16.4990623, 43.5250787], [16.4990617, 43.5250966]]]}, "properties": {"tema": "zgrade-postojece", "opis": "Postojeće zgrade", "cad_sloj": "TPS_C000_Zgrade POSTOJECE", "list": "2b_Vodoopskrbna mreža_ID_DPU_DRACEVAC", "plan": "DPU radne zone Dračevac", "izvor": "DPU radne zone Dračevac (split.hr), vektorizirano iz PDF-a"}}, {"type": "Feature", "geometry": {"type": "Polygon", "coordinates": [[[16.4990675, 43.5250608], [16.4990628, 43.5250608], [16.499068, 43.5250429], [16.4990675, 43.5250608]]]}, "properties": {"tema": "zgrade-postojece", "opis": "Postojeće zgrade", "cad_sloj": "TPS_C000_Zgrade POSTOJECE", "list": "2b_Vodoopskrbna mreža_ID_DPU_DRACEVAC", "plan": "DPU radne zone Dračevac", "izvor": "DPU radne zone Dračevac (split.hr), vektorizirano iz PDF-a"}}, {"type": "Feature", "geometry": {"type": "Polygon", "coordinates": [[[16.4990628, 43.5250608], [16.499068, 43.5250429], [16.4990633, 43.5250429], [16.4990628, 43.5250608]]]}, "properties": {"tema": "zgrade-postojece", "opis": "Postojeće zgrade", "cad_sloj": "TPS_C000_Zgrade POSTOJECE", "list": "2b_Vodoopskrbna mreža_ID_DPU_DRACEVAC", "plan": "DPU radne zone Dračevac", "izvor": "DPU radne zone Dračevac (split.hr), vektorizirano iz PDF-a"}}, {"type": "Feature", "geometry": {"type": "Polygon", "coordinates": [[[16.4990686, 43.525025], [16.4990633, 43.5250246], [16.4990691, 43.5250067], [16.4990686, 43.525025]]]}, "properties": {"tema": "zgrade-postojece", "opis": "Postojeće zgrade", "cad_sloj": "TPS_C000_Zgrade POSTOJECE", "list": "2b_Vodoopskrbna mreža_ID_DPU_DRACEVAC", "plan": "DPU radne zone Dračevac", "izvor": "DPU radne zone Dračevac (split.hr), vektorizirano iz PDF-a"}}, {"type": "Feature", "geometry": {"type": "Polygon", "coordinates": [[[16.4990633, 43.5250246], [16.4990691, 43.5250067], [16.4990638, 43.5250067], [16.4990633, 43.5250246]]]}, "properties": {"tema": "zgrade-postojece", "opis": "Postojeće zgrade", "cad_sloj": "TPS_C000_Zgrade POSTOJECE", "list": "2b_Vodoopskrbna mreža_ID_DPU_DRACEVAC", "plan": "DPU radne zone Dračevac", "izvor": "DPU radne zone Dračevac (split.hr), vektorizirano iz PDF-a"}}, {"type": "Feature", "geometry": {"type": "Polygon", "coordinates": [[[16.4990691, 43.5249888], [16.4990644, 43.5249888], [16.4990696, 43.524971], [16.4990691, 43.5249888]]]}, "properties": {"tema": "zgrade-postojece", "opis": "Postojeće zgrade", "cad_sloj": "TPS_C000_Zgrade POSTOJECE", "list": "2b_Vodoopskrbna mreža_ID_DPU_DRACEVAC", "plan": "DPU radne zone Dračevac", "izvor": "DPU radne zone Dračevac (split.hr), vektorizirano iz PDF-a"}}, {"type": "Feature", "geometry": {"type": "Polygon", "coordinates": [[[16.4990644, 43.5249888], [16.4990696, 43.524971], [16.4990649, 43.524971], [16.4990644, 43.5249888]]]}, "properties": {"tema": "zgrade-postojece", "opis": "Postojeće zgrade", "cad_sloj": "TPS_C000_Zgrade POSTOJECE", "list": "2b_Vodoopskrbna mreža_ID_DPU_DRACEVAC", "plan": "DPU radne zone Dračevac", "izvor": "DPU radne zone Dračevac (split.hr), vektorizirano iz PDF-a"}}, {"type": "Feature", "geometry": {"type": "Polygon", "coordinates": [[[16.4990701, 43.5249531], [16.4990654, 43.5249531], [16.4990701, 43.5249428], [16.4990701, 43.5249531]]]}, "properties": {"tema": "zgrade-postojece", "opis": "Postojeće zgrade", "cad_sloj": "TPS_C000_Zgrade POSTOJECE", "list": "2b_Vodoopskrbna mreža_ID_DPU_DRACEVAC", "plan": "DPU radne zone Dračevac", "izvor": "DPU radne zone Dračevac (split.hr), vektorizirano iz PDF-a"}}, {"type": "Feature", "geometry": {"type": "Polygon", "coordinates": [[[16.4990654, 43.5249531], [16.4990701, 43.5249428], [16.4990654, 43.5249428], [16.4990654, 43.5249531]]]}, "properties": {"tema": "zgrade-postojece", "opis": "Postojeće zgrade", "cad_sloj": "TPS_C000_Zgrade POSTOJECE", "list": "2b_Vodoopskrbna mreža_ID_DPU_DRACEVAC", "plan": "DPU radne zone Dračevac", "izvor": "DPU radne zone Dračevac (split.hr), vektorizirano iz PDF-a"}}, {"type": "Feature", "geometry": {"type": "Polygon", "coordinates": [[[16.499068, 43.5249413], [16.499068, 43.5249447], [16.499033, 43.5249405], [16.499068, 43.5249413]]]}, "properties": {"tema": "zgrade-postojece", "opis": "Postojeće zgrade", "cad_sloj": "TPS_C000_Zgrade POSTOJECE", "list": "2b_Vodoopskrbna mreža_ID_DPU_DRACEVAC", "plan": "DPU radne zone Dračevac", "izvor": "DPU radne zone Dračevac (split.hr), vektorizirano iz PDF-a"}}, {"type": "Feature", "geometry": {"type": "Polygon", "coordinates": [[[16.499068, 43.5249447], [16.499033, 43.5249405], [16.499033, 43.5249439], [16.499068, 43.5249447]]]}, "properties": {"tema": "zgrade-postojece", "opis": "Postojeće zgrade", "cad_sloj": "TPS_C000_Zgrade POSTOJECE", "list": "2b_Vodoopskrbna mreža_ID_DPU_DRACEVAC", "plan": "DPU radne zone Dračevac", "izvor": "DPU radne zone Dračevac (split.hr), vektorizirano iz PDF-a"}}, {"type": "Feature", "geometry": {"type": "Polygon", "coordinates": [[[16.4990084, 43.5249397], [16.4990079, 43.5249435], [16.4989838, 43.5249394], [16.4990084, 43.5249397]]]}, "properties": {"tema": "zgrade-postojece", "opis": "Postojeće zgrade", "cad_sloj": "TPS_C000_Zgrade POSTOJECE", "list": "2b_Vodoopskrbna mreža_ID_DPU_DRACEVAC", "plan": "DPU radne zone Dračevac", "izvor": "DPU radne zone Dračevac (split.hr), vektorizirano iz PDF-a"}}, {"type": "Feature", "geometry": {"type": "Polygon", "coordinates": [[[16.4990079, 43.5249435], [16.4989838, 43.5249394], [16.4989833, 43.5249432], [16.4990079, 43.5249435]]]}, "properties": {"tema": "zgrade-postojece", "opis": "Postojeće zgrade", "cad_sloj": "TPS_C000_Zgrade POSTOJECE", "list": "2b_Vodoopskrbna mreža_ID_DPU_DRACEVAC", "plan": "DPU radne zone Dračevac", "izvor": "DPU radne zone Dračevac (split.hr), vektorizirano iz PDF-a"}}, {"type": "Feature", "geometry": {"type": "Polygon", "coordinates": [[[16.4989587, 43.524939], [16.4989587, 43.5249424], [16.4989237, 43.5249382], [16.4989587, 43.524939]]]}, "properties": {"tema": "zgrade-postojece", "opis": "Postojeće zgrade", "cad_sloj": "TPS_C000_Zgrade POSTOJECE", "list": "2b_Vodoopskrbna mreža_ID_DPU_DRACEVAC", "plan": "DPU radne zone Dračevac", "izvor": "DPU radne zone Dračevac (split.hr), vektorizirano iz PDF-a"}}, {"type": "Feature", "geometry": {"type": "Polygon", "coordinates": [[[16.4989587, 43.5249424], [16.4989237, 43.5249382], [16.4989237, 43.5249416], [16.4989587, 43.5249424]]]}, "properties": {"tema": "zgrade-postojece", "opis": "Postojeće zgrade", "cad_sloj": "TPS_C000_Zgrade POSTOJECE", "list": "2b_Vodoopskrbna mreža_ID_DPU_DRACEVAC", "plan": "DPU radne zone Dračevac", "izvor": "DPU radne zone Dračevac (split.hr), vektorizirano iz PDF-a"}}, {"type": "Feature", "geometry": {"type": "Polygon", "coordinates": [[[16.4989216, 43.5249401], [16.4989263, 43.5249401], [16.498921, 43.5249633], [16.4989216, 43.5249401]]]}, "properties": {"tema": "zgrade-postojece", "opis": "Postojeće zgrade", "cad_sloj": "TPS_C000_Zgrade POSTOJECE", "list": "2b_Vodoopskrbna mreža_ID_DPU_DRACEVAC", "plan": "DPU radne zone Dračevac", "izvor": "DPU radne zone Dračevac (split.hr), vektorizirano iz PDF-a"}}, {"type": "Feature", "geometry": {"type": "Polygon", "coordinates": [[[16.4989263, 43.5249401], [16.498921, 43.5249633], [16.4989257, 43.5249633], [16.4989263, 43.5249401]]]}, "properties": {"tema": "zgrade-postojece", "opis": "Postojeće zgrade", "cad_sloj": "TPS_C000_Zgrade POSTOJECE", "list": "2b_Vodoopskrbna mreža_ID_DPU_DRACEVAC", "plan": "DPU radne zone Dračevac", "izvor": "DPU radne zone Dračevac (split.hr), vektorizirano iz PDF-a"}}, {"type": "Feature", "geometry": {"type": "Polygon", "coordinates": [[[16.4989205, 43.5249812], [16.4989252, 43.5249812], [16.49892, 43.5249991], [16.4989205, 43.5249812]]]}, "properties": {"tema": "zgrade-postojece", "opis": "Postojeće zgrade", "cad_sloj": "TPS_C000_Zgrade POSTOJECE", "list": "2b_Vodoopskrbna mreža_ID_DPU_DRACEVAC", "plan": "DPU radne zone Dračevac", "izvor": "DPU radne zone Dračevac (split.hr), vektorizirano iz PDF-a"}}, {"type": "Feature", "geometry": {"type": "Polygon", "coordinates": [[[16.4989252, 43.5249812], [16.49892, 43.5249991], [16.4989252, 43.5249995], [16.4989252, 43.5249812]]]}, "properties": {"tema": "zgrade-postojece", "opis": "Postojeće zgrade", "cad_sloj": "TPS_C000_Zgrade POSTOJECE", "list": "2b_Vodoopskrbna mreža_ID_DPU_DRACEVAC", "plan": "DPU radne zone Dračevac", "izvor": "DPU radne zone Dračevac (split.hr), vektorizirano iz PDF-a"}}, {"type": "Feature", "geometry": {"type": "Polygon", "coordinates": [[[16.49892, 43.5250174], [16.4989247, 43.5250174], [16.4989195, 43.5250353], [16.49892, 43.5250174]]]}, "properties": {"tema": "zgrade-postojece", "opis": "Postojeće zgrade", "cad_sloj": "TPS_C000_Zgrade POSTOJECE", "list": "2b_Vodoopskrbna mreža_ID_DPU_DRACEVAC", "plan": "DPU radne zone Dračevac", "izvor": "DPU radne zone Dračevac (split.hr), vektorizirano iz PDF-a"}}, {"type": "Feature", "geometry": {"type": "Polygon", "coordinates": [[[16.4989247, 43.5250174], [16.4989195, 43.5250353], [16.4989242, 43.5250353], [16.4989247, 43.5250174]]]}, "properties": {"tema": "zgrade-postojece", "opis": "Postojeće zgrade", "cad_sloj": "TPS_C000_Zgrade POSTOJECE", "list": "2b_Vodoopskrbna mreža_ID_DPU_DRACEVAC", "plan": "DPU radne zone Dračevac", "izvor": "DPU radne zone Dračevac (split.hr), vektorizirano iz PDF-a"}}, {"type": "Feature", "geometry": {"type": "Polygon", "coordinates": [[[16.4989189, 43.5250532], [16.4989242, 43.5250532], [16.4989184, 43.5250711], [16.4989189, 43.5250532]]]}, "properties": {"tema": "zgrade-postojece", "opis": "Postojeće zgrade", "cad_sloj": "TPS_C000_Zgrade POSTOJECE", "list": "2b_Vodoopskrbna mreža_ID_DPU_DRACEVAC", "plan": "DPU radne zone Dračevac", "izvor": "DPU radne zone Dračevac (split.hr), vektorizirano iz PDF-a"}}, {"type": "Feature", "geometry": {"type": "Polygon", "coordinates": [[[16.4989242, 43.5250532], [16.4989184, 43.5250711], [16.4989237, 43.5250711], [16.4989242, 43.5250532]]]}, "properties": {"tema": "zgrade-postojece", "opis": "Postojeće zgrade", "cad_sloj": "TPS_C000_Zgrade POSTOJECE", "list": "2b_Vodoopskrbna mreža_ID_DPU_DRACEVAC", "plan": "DPU radne zone Dračevac", "izvor": "DPU radne zone Dračevac (split.hr), vektorizirano iz PDF-a"}}, {"type": "Feature", "geometry": {"type": "Polygon", "coordinates": [[[16.4989184, 43.5250889], [16.4989231, 43.5250893], [16.4989179, 43.5251072], [16.4989184, 43.5250889]]]}, "properties": {"tema": "zgrade-postojece", "opis": "Postojeće zgrade", "cad_sloj": "TPS_C000_Zgrade POSTOJECE", "list": "2b_Vodoopskrbna mreža_ID_DPU_DRACEVAC", "plan": "DPU radne zone Dračevac", "izvor": "DPU radne zone Dračevac (split.hr), vektorizirano iz PDF-a"}}, {"type": "Feature", "geometry": {"type": "Polygon", "coordinates": [[[16.4989231, 43.5250893], [16.4989179, 43.5251072], [16.4989226, 43.5251072], [16.4989231, 43.5250893]]]}, "properties": {"tema": "zgrade-postojece", "opis": "Postojeće zgrade", "cad_sloj": "TPS_C000_Zgrade POSTOJECE", "list": "2b_Vodoopskrbna mreža_ID_DPU_DRACEVAC", "plan": "DPU radne zone Dračevac", "izvor": "DPU radne zone Dračevac (split.hr), vektorizirano iz PDF-a"}}, {"type": "Feature", "geometry": {"type": "Polygon", "coordinates": [[[16.4989174, 43.5251251], [16.4989226, 43.5251251], [16.4989174, 43.525143], [16.4989174, 43.5251251]]]}, "properties": {"tema": "zgrade-postojece", "opis": "Postojeće zgrade", "cad_sloj": "TPS_C000_Zgrade POSTOJECE", "list": "2b_Vodoopskrbna mreža_ID_DPU_DRACEVAC", "plan": "DPU radne zone Dračevac", "izvor": "DPU radne zone Dračevac (split.hr), vektorizirano iz PDF-a"}}, {"type": "Feature", "geometry": {"type": "Polygon", "coordinates": [[[16.4989226, 43.5251251], [16.4989174, 43.525143], [16.4989221, 43.525143], [16.4989226, 43.5251251]]]}, "properties": {"tema": "zgrade-postojece", "opis": "Postojeće zgrade", "cad_sloj": "TPS_C000_Zgrade POSTOJECE", "list": "2b_Vodoopskrbna mreža_ID_DPU_DRACEVAC", "plan": "DPU radne zone Dračevac", "izvor": "DPU radne zone Dračevac (split.hr), vektorizirano iz PDF-a"}}, {"type": "Feature", "geometry": {"type": "Polygon", "coordinates": [[[16.4989169, 43.5251609], [16.4989216, 43.5251609], [16.4989163, 43.5251788], [16.4989169, 43.5251609]]]}, "properties": {"tema": "zgrade-postojece", "opis": "Postojeće zgrade", "cad_sloj": "TPS_C000_Zgrade POSTOJECE", "list": "2b_Vodoopskrbna mreža_ID_DPU_DRACEVAC", "plan": "DPU radne zone Dračevac", "izvor": "DPU radne zone Dračevac (split.hr), vektorizirano iz PDF-a"}}, {"type": "Feature", "geometry": {"type": "Polygon", "coordinates": [[[16.4989216, 43.5251609], [16.4989163, 43.5251788], [16.4989216, 43.5251788], [16.4989216, 43.5251609]]]}, "properties": {"tema": "zgrade-postojece", "opis": "Postojeće zgrade", "cad_sloj": "TPS_C000_Zgrade POSTOJECE", "list": "2b_Vodoopskrbna mreža_ID_DPU_DRACEVAC", "plan": "DPU radne zone Dračevac", "izvor": "DPU radne zone Dračevac (split.hr), vektorizirano iz PDF-a"}}, {"type": "Feature", "geometry": {"type": "Polygon", "coordinates": [[[16.4989163, 43.525197], [16.498921, 43.525197], [16.4989158, 43.5252149], [16.4989163, 43.525197]]]}, "properties": {"tema": "zgrade-postojece", "opis": "Postojeće zgrade", "cad_sloj": "TPS_C000_Zgrade POSTOJECE", "list": "2b_Vodoopskrbna mreža_ID_DPU_DRACEVAC", "plan": "DPU radne zone Dračevac", "izvor": "DPU radne zone Dračevac (split.hr), vektorizirano iz PDF-a"}}, {"type": "Feature", "geometry": {"type": "Polygon", "coordinates": [[[16.498921, 43.525197], [16.4989158, 43.5252149], [16.4989205, 43.5252149], [16.498921, 43.525197]]]}, "properties": {"tema": "zgrade-postojece", "opis": "Postojeće zgrade", "cad_sloj": "TPS_C000_Zgrade POSTOJECE", "list": "2b_Vodoopskrbna mreža_ID_DPU_DRACEVAC", "plan": "DPU radne zone Dračevac", "izvor": "DPU radne zone Dračevac (split.hr), vektorizirano iz PDF-a"}}, {"type": "Feature", "geometry": {"type": "Polygon", "coordinates": [[[16.4989153, 43.5252328], [16.4989205, 43.5252328], [16.4989148, 43.525256], [16.4989153, 43.5252328]]]}, "properties": {"tema": "zgrade-postojece", "opis": "Postojeće zgrade", "cad_sloj": "TPS_C000_Zgrade POSTOJECE", "list": "2b_Vodoopskrbna mreža_ID_DPU_DRACEVAC", "plan": "DPU radne zone Dračevac", "izvor": "DPU radne zone Dračevac (split.hr), vektorizirano iz PDF-a"}}, {"type": "Feature", "geometry": {"type": "Polygon", "coordinates": [[[16.4989205, 43.5252328], [16.4989148, 43.525256], [16.49892, 43.525256], [16.4989205, 43.5252328]]]}, "properties": {"tema": "zgrade-postojece", "opis": "Postojeće zgrade", "cad_sloj": "TPS_C000_Zgrade POSTOJECE", "list": "2b_Vodoopskrbna mreža_ID_DPU_DRACEVAC", "plan": "DPU radne zone Dračevac", "izvor": "DPU radne zone Dračevac (split.hr), vektorizirano iz PDF-a"}}, {"type": "Feature", "geometry": {"type": "Polygon", "coordinates": [[[16.4989174, 43.5252545], [16.4989174, 43.5252579], [16.4988944, 43.5252541], [16.4989174, 43.5252545]]]}, "properties": {"tema": "zgrade-postojece", "opis": "Postojeće zgrade", "cad_sloj": "TPS_C000_Zgrade POSTOJECE", "list": "2b_Vodoopskrbna mreža_ID_DPU_DRACEVAC", "plan": "DPU radne zone Dračevac", "izvor": "DPU radne zone Dračevac (split.hr), vektorizirano iz PDF-a"}}, {"type": "Feature", "geometry": {"type": "Polygon", "coordinates": [[[16.4989174, 43.5252579], [16.4988944, 43.5252541], [16.4988944, 43.5252576], [16.4989174, 43.5252579]]]}, "properties": {"tema": "zgrade-postojece", "opis": "Postojeće zgrade", "cad_sloj": "TPS_C000_Zgrade POSTOJECE", "list": "2b_Vodoopskrbna mreža_ID_DPU_DRACEVAC", "plan": "DPU radne zone Dračevac", "izvor": "DPU radne zone Dračevac (split.hr), vektorizirano iz PDF-a"}}, {"type": "Feature", "geometry": {"type": "Polygon", "coordinates": [[[16.4988698, 43.5252538], [16.4988698, 43.5252572], [16.4988468, 43.5252534], [16.4988698, 43.5252538]]]}, "properties": {"tema": "zgrade-postojece", "opis": "Postojeće zgrade", "cad_sloj": "TPS_C000_Zgrade POSTOJECE", "list": "2b_Vodoopskrbna mreža_ID_DPU_DRACEVAC", "plan": "DPU radne zone Dračevac", "izvor": "DPU radne zone Dračevac (split.hr), vektorizirano iz PDF-a"}}, {"type": "Feature", "geometry": {"type": "Polygon", "coordinates": [[[16.4988698, 43.5252572], [16.4988468, 43.5252534], [16.4988468, 43.5252572], [16.4988698, 43.5252572]]]}, "properties": {"tema": "zgrade-postojece", "opis": "Postojeće zgrade", "cad_sloj": "TPS_C000_Zgrade POSTOJECE", "list": "2b_Vodoopskrbna mreža_ID_DPU_DRACEVAC", "plan": "DPU radne zone Dračevac", "izvor": "DPU radne zone Dračevac (split.hr), vektorizirano iz PDF-a"}}, {"type": "Feature", "geometry": {"type": "Polygon", "coordinates": [[[16.4988494, 43.5252553], [16.4988441, 43.5252553], [16.4988499, 43.5252381], [16.4988494, 43.5252553]]]}, "properties": {"tema": "zgrade-postojece", "opis": "Postojeće zgrade", "cad_sloj": "TPS_C000_Zgrade POSTOJECE", "list": "2b_Vodoopskrbna mreža_ID_DPU_DRACEVAC", "plan": "DPU radne zone Dračevac", "izvor": "DPU radne zone Dračevac (split.hr), vektorizirano iz PDF-a"}}, {"type": "Feature", "geometry": {"type": "Polygon", "coordinates": [[[16.4988441, 43.5252553], [16.4988499, 43.5252381], [16.4988447, 43.5252381], [16.4988441, 43.5252553]]]}, "properties": {"tema": "zgrade-postojece", "opis": "Postojeće zgrade", "cad_sloj": "TPS_C000_Zgrade POSTOJECE", "list": "2b_Vodoopskrbna mreža_ID_DPU_DRACEVAC", "plan": "DPU radne zone Dračevac", "izvor": "DPU radne zone Dračevac (split.hr), vektorizirano iz PDF-a"}}, {"type": "Feature", "geometry": {"type": "Polygon", "coordinates": [[[16.4988499, 43.5252203], [16.4988452, 43.5252203], [16.4988504, 43.5252031], [16.4988499, 43.5252203]]]}, "properties": {"tema": "zgrade-postojece", "opis": "Postojeće zgrade", "cad_sloj": "TPS_C000_Zgrade POSTOJECE", "list": "2b_Vodoopskrbna mreža_ID_DPU_DRACEVAC", "plan": "DPU radne zone Dračevac", "izvor": "DPU radne zone Dračevac (split.hr), vektorizirano iz PDF-a"}}, {"type": "Feature", "geometry": {"type": "Polygon", "coordinates": [[[16.4988452, 43.5252203], [16.4988504, 43.5252031], [16.4988457, 43.5252031], [16.4988452, 43.5252203]]]}, "properties": {"tema": "zgrade-postojece", "opis": "Postojeće zgrade", "cad_sloj": "TPS_C000_Zgrade POSTOJECE", "list": "2b_Vodoopskrbna mreža_ID_DPU_DRACEVAC", "plan": "DPU radne zone Dračevac", "izvor": "DPU radne zone Dračevac (split.hr), vektorizirano iz PDF-a"}}, {"type": "Feature", "geometry": {"type": "Polygon", "coordinates": [[[16.4988483, 43.5252012], [16.4988478, 43.525205], [16.4988169, 43.5252008], [16.4988483, 43.5252012]]]}, "properties": {"tema": "zgrade-postojece", "opis": "Postojeće zgrade", "cad_sloj": "TPS_C000_Zgrade POSTOJECE", "list": "2b_Vodoopskrbna mreža_ID_DPU_DRACEVAC", "plan": "DPU radne zone Dračevac", "izvor": "DPU radne zone Dračevac (split.hr), vektorizirano iz PDF-a"}}, {"type": "Feature", "geometry": {"type": "Polygon", "coordinates": [[[16.4988478, 43.525205], [16.4988169, 43.5252008], [16.4988169, 43.5252047], [16.4988478, 43.525205]]]}, "properties": {"tema": "zgrade-postojece", "opis": "Postojeće zgrade", "cad_sloj": "TPS_C000_Zgrade POSTOJECE", "list": "2b_Vodoopskrbna mreža_ID_DPU_DRACEVAC", "plan": "DPU radne zone Dračevac", "izvor": "DPU radne zone Dračevac (split.hr), vektorizirano iz PDF-a"}}, {"type": "Feature", "geometry": {"type": "Polygon", "coordinates": [[[16.4987924, 43.5252005], [16.4987924, 43.5252043], [16.4987678, 43.5252005], [16.4987924, 43.5252005]]]}, "properties": {"tema": "zgrade-postojece", "opis": "Postojeće zgrade", "cad_sloj": "TPS_C000_Zgrade POSTOJECE", "list": "2b_Vodoopskrbna mreža_ID_DPU_DRACEVAC", "plan": "DPU radne zone Dračevac", "izvor": "DPU radne zone Dračevac (split.hr), vektorizirano iz PDF-a"}}, {"type": "Feature", "geometry": {"type": "Polygon", "coordinates": [[[16.4987924, 43.5252043], [16.4987678, 43.5252005], [16.4987678, 43.5252039], [16.4987924, 43.5252043]]]}, "properties": {"tema": "zgrade-postojece", "opis": "Postojeće zgrade", "cad_sloj": "TPS_C000_Zgrade POSTOJECE", "list": "2b_Vodoopskrbna mreža_ID_DPU_DRACEVAC", "plan": "DPU radne zone Dračevac", "izvor": "DPU radne zone Dračevac (split.hr), vektorizirano iz PDF-a"}}, {"type": "Feature", "geometry": {"type": "Polygon", "coordinates": [[[16.4987432, 43.5252001], [16.4987432, 43.5252035], [16.4987186, 43.5251997], [16.4987432, 43.5252001]]]}, "properties": {"tema": "zgrade-postojece", "opis": "Postojeće zgrade", "cad_sloj": "TPS_C000_Zgrade POSTOJECE", "list": "2b_Vodoopskrbna mreža_ID_DPU_DRACEVAC", "plan": "DPU radne zone Dračevac", "izvor": "DPU radne zone Dračevac (split.hr), vektorizirano iz PDF-a"}}, {"type": "Feature", "geometry": {"type": "Polygon", "coordinates": [[[16.4987432, 43.5252035], [16.4987186, 43.5251997], [16.4987181, 43.5252031], [16.4987432, 43.5252035]]]}, "properties": {"tema": "zgrade-postojece", "opis": "Postojeće zgrade", "cad_sloj": "TPS_C000_Zgrade POSTOJECE", "list": "2b_Vodoopskrbna mreža_ID_DPU_DRACEVAC", "plan": "DPU radne zone Dračevac", "izvor": "DPU radne zone Dračevac (split.hr), vektorizirano iz PDF-a"}}, {"type": "Feature", "geometry": {"type": "Polygon", "coordinates": [[[16.4986935, 43.5251993], [16.4986935, 43.5252031], [16.4986689, 43.5251989], [16.4986935, 43.5251993]]]}, "properties": {"tema": "zgrade-postojece", "opis": "Postojeće zgrade", "cad_sloj": "TPS_C000_Zgrade POSTOJECE", "list": "2b_Vodoopskrbna mreža_ID_DPU_DRACEVAC", "plan": "DPU radne zone Dračevac", "izvor": "DPU radne zone Dračevac (split.hr), vektorizirano iz PDF-a"}}, {"type": "Feature", "geometry": {"type": "Polygon", "coordinates": [[[16.4986935, 43.5252031], [16.4986689, 43.5251989], [16.4986689, 43.5252027], [16.4986935, 43.5252031]]]}, "properties": {"tema": "zgrade-postojece", "opis": "Postojeće zgrade", "cad_sloj": "TPS_C000_Zgrade POSTOJECE", "list": "2b_Vodoopskrbna mreža_ID_DPU_DRACEVAC", "plan": "DPU radne zone Dračevac", "izvor": "DPU radne zone Dračevac (split.hr), vektorizirano iz PDF-a"}}, {"type": "Feature", "geometry": {"type": "Polygon", "coordinates": [[[16.4986443, 43.5251986], [16.4986443, 43.5252024], [16.4986197, 43.5251986], [16.4986443, 43.5251986]]]}, "properties": {"tema": "zgrade-postojece", "opis": "Postojeće zgrade", "cad_sloj": "TPS_C000_Zgrade POSTOJECE", "list": "2b_Vodoopskrbna mreža_ID_DPU_DRACEVAC", "plan": "DPU radne zone Dračevac", "izvor": "DPU radne zone Dračevac (split.hr), vektorizirano iz PDF-a"}}, {"type": "Feature", "geometry": {"type": "Polygon", "coordinates": [[[16.4986443, 43.5252024], [16.4986197, 43.5251986], [16.4986197, 43.525202], [16.4986443, 43.5252024]]]}, "properties": {"tema": "zgrade-postojece", "opis": "Postojeće zgrade", "cad_sloj": "TPS_C000_Zgrade POSTOJECE", "list": "2b_Vodoopskrbna mreža_ID_DPU_DRACEVAC", "plan": "DPU radne zone Dračevac", "izvor": "DPU radne zone Dračevac (split.hr), vektorizirano iz PDF-a"}}, {"type": "Feature", "geometry": {"type": "Polygon", "coordinates": [[[16.4985951, 43.5251982], [16.4985946, 43.5252016], [16.49857, 43.5251978], [16.4985951, 43.5251982]]]}, "properties": {"tema": "zgrade-postojece", "opis": "Postojeće zgrade", "cad_sloj": "TPS_C000_Zgrade POSTOJECE", "list": "2b_Vodoopskrbna mreža_ID_DPU_DRACEVAC", "plan": "DPU radne zone Dračevac", "izvor": "DPU radne zone Dračevac (split.hr), vektorizirano iz PDF-a"}}, {"type": "Feature", "geometry": {"type": "Polygon", "coordinates": [[[16.4985946, 43.5252016], [16.49857, 43.5251978], [16.49857, 43.5252012], [16.4985946, 43.5252016]]]}, "properties": {"tema": "zgrade-postojece", "opis": "Postojeće zgrade", "cad_sloj": "TPS_C000_Zgrade POSTOJECE", "list": "2b_Vodoopskrbna mreža_ID_DPU_DRACEVAC", "plan": "DPU radne zone Dračevac", "izvor": "DPU radne zone Dračevac (split.hr), vektorizirano iz PDF-a"}}, {"type": "Feature", "geometry": {"type": "Polygon", "coordinates": [[[16.4985455, 43.5251974], [16.4985455, 43.5252012], [16.4985209, 43.525197], [16.4985455, 43.5251974]]]}, "properties": {"tema": "zgrade-postojece", "opis": "Postojeće zgrade", "cad_sloj": "TPS_C000_Zgrade POSTOJECE", "list": "2b_Vodoopskrbna mreža_ID_DPU_DRACEVAC", "plan": "DPU radne zone Dračevac", "izvor": "DPU radne zone Dračevac (split.hr), vektorizirano iz PDF-a"}}, {"type": "Feature", "geometry": {"type": "Polygon", "coordinates": [[[16.4985455, 43.5252012], [16.4985209, 43.525197], [16.4985209, 43.5252008], [16.4985455, 43.5252012]]]}, "properties": {"tema": "zgrade-postojece", "opis": "Postojeće zgrade", "cad_sloj": "TPS_C000_Zgrade POSTOJECE", "list": "2b_Vodoopskrbna mreža_ID_DPU_DRACEVAC", "plan": "DPU radne zone Dračevac", "izvor": "DPU radne zone Dračevac (split.hr), vektorizirano iz PDF-a"}}, {"type": "Feature", "geometry": {"type": "Polygon", "coordinates": [[[16.4984963, 43.5251967], [16.4984963, 43.5252005], [16.4984717, 43.5251967], [16.4984963, 43.5251967]]]}, "properties": {"tema": "zgrade-postojece", "opis": "Postojeće zgrade", "cad_sloj": "TPS_C000_Zgrade POSTOJECE", "list": "2b_Vodoopskrbna mreža_ID_DPU_DRACEVAC", "plan": "DPU radne zone Dračevac", "izvor": "DPU radne zone Dračevac (split.hr), vektorizirano iz PDF-a"}}, {"type": "Feature", "geometry": {"type": "Polygon", "coordinates": [[[16.4984963, 43.5252005], [16.4984717, 43.5251967], [16.4984712, 43.5252001], [16.4984963, 43.5252005]]]}, "properties": {"tema": "zgrade-postojece", "opis": "Postojeće zgrade", "cad_sloj": "TPS_C000_Zgrade POSTOJECE", "list": "2b_Vodoopskrbna mreža_ID_DPU_DRACEVAC", "plan": "DPU radne zone Dračevac", "izvor": "DPU radne zone Dračevac (split.hr), vektorizirano iz PDF-a"}}, {"type": "Feature", "geometry": {"type": "Polygon", "coordinates": [[[16.4984466, 43.5251963], [16.4984466, 43.5251997], [16.498422, 43.5251959], [16.4984466, 43.5251963]]]}, "properties": {"tema": "zgrade-postojece", "opis": "Postojeće zgrade", "cad_sloj": "TPS_C000_Zgrade POSTOJECE", "list": "2b_Vodoopskrbna mreža_ID_DPU_DRACEVAC", "plan": "DPU radne zone Dračevac", "izvor": "DPU radne zone Dračevac (split.hr), vektorizirano iz PDF-a"}}, {"type": "Feature", "geometry": {"type": "Polygon", "coordinates": [[[16.4984466, 43.5251997], [16.498422, 43.5251959], [16.498422, 43.5251993], [16.4984466, 43.5251997]]]}, "properties": {"tema": "zgrade-postojece", "opis": "Postojeće zgrade", "cad_sloj": "TPS_C000_Zgrade POSTOJECE", "list": "2b_Vodoopskrbna mreža_ID_DPU_DRACEVAC", "plan": "DPU radne zone Dračevac", "izvor": "DPU radne zone Dračevac (split.hr), vektorizirano iz PDF-a"}}, {"type": "Feature", "geometry": {"type": "Polygon", "coordinates": [[[16.4983974, 43.5251955], [16.4983974, 43.5251989], [16.4983728, 43.5251951], [16.4983974, 43.5251955]]]}, "properties": {"tema": "zgrade-postojece", "opis": "Postojeće zgrade", "cad_sloj": "TPS_C000_Zgrade POSTOJECE", "list": "2b_Vodoopskrbna mreža_ID_DPU_DRACEVAC", "plan": "DPU radne zone Dračevac", "izvor": "DPU radne zone Dračevac (split.hr), vektorizirano iz PDF-a"}}, {"type": "Feature", "geometry": {"type": "Polygon", "coordinates": [[[16.4983974, 43.5251989], [16.4983728, 43.5251951], [16.4983728, 43.5251989], [16.4983974, 43.5251989]]]}, "properties": {"tema": "zgrade-postojece", "opis": "Postojeće zgrade", "cad_sloj": "TPS_C000_Zgrade POSTOJECE", "list": "2b_Vodoopskrbna mreža_ID_DPU_DRACEVAC", "plan": "DPU radne zone Dračevac", "izvor": "DPU radne zone Dračevac (split.hr), vektorizirano iz PDF-a"}}, {"type": "Feature", "geometry": {"type": "Polygon", "coordinates": [[[16.4983483, 43.5251947], [16.4983483, 43.5251986], [16.4983231, 43.5251944], [16.4983483, 43.5251947]]]}, "properties": {"tema": "zgrade-postojece", "opis": "Postojeće zgrade", "cad_sloj": "TPS_C000_Zgrade POSTOJECE", "list": "2b_Vodoopskrbna mreža_ID_DPU_DRACEVAC", "plan": "DPU radne zone Dračevac", "izvor": "DPU radne zone Dračevac (split.hr), vektorizirano iz PDF-a"}}, {"type": "Feature", "geometry": {"type": "Polygon", "coordinates": [[[16.4983483, 43.5251986], [16.4983231, 43.5251944], [16.4983231, 43.5251982], [16.4983483, 43.5251986]]]}, "properties": {"tema": "zgrade-postojece", "opis": "Postojeće zgrade", "cad_sloj": "TPS_C000_Zgrade POSTOJECE", "list": "2b_Vodoopskrbna mreža_ID_DPU_DRACEVAC", "plan": "DPU radne zone Dračevac", "izvor": "DPU radne zone Dračevac (split.hr), vektorizirano iz PDF-a"}}, {"type": "Feature", "geometry": {"type": "Polygon", "coordinates": [[[16.4982986, 43.5251944], [16.4982986, 43.5251978], [16.498274, 43.525194], [16.4982986, 43.5251944]]]}, "properties": {"tema": "zgrade-postojece", "opis": "Postojeće zgrade", "cad_sloj": "TPS_C000_Zgrade POSTOJECE", "list": "2b_Vodoopskrbna mreža_ID_DPU_DRACEVAC", "plan": "DPU radne zone Dračevac", "izvor": "DPU radne zone Dračevac (split.hr), vektorizirano iz PDF-a"}}, {"type": "Feature", "geometry": {"type": "Polygon", "coordinates": [[[16.4982986, 43.5251978], [16.498274, 43.525194], [16.498274, 43.5251974], [16.4982986, 43.5251978]]]}, "properties": {"tema": "zgrade-postojece", "opis": "Postojeće zgrade", "cad_sloj": "TPS_C000_Zgrade POSTOJECE", "list": "2b_Vodoopskrbna mreža_ID_DPU_DRACEVAC", "plan": "DPU radne zone Dračevac", "izvor": "DPU radne zone Dračevac (split.hr), vektorizirano iz PDF-a"}}, {"type": "Feature", "geometry": {"type": "Polygon", "coordinates": [[[16.4982494, 43.5251936], [16.4982494, 43.525197], [16.4982248, 43.5251932], [16.4982494, 43.5251936]]]}, "properties": {"tema": "zgrade-postojece", "opis": "Postojeće zgrade", "cad_sloj": "TPS_C000_Zgrade POSTOJECE", "list": "2b_Vodoopskrbna mreža_ID_DPU_DRACEVAC", "plan": "DPU radne zone Dračevac", "izvor": "DPU radne zone Dračevac (split.hr), vektorizirano iz PDF-a"}}, {"type": "Feature", "geometry": {"type": "Polygon", "coordinates": [[[16.4982494, 43.525197], [16.4982248, 43.5251932], [16.4982248, 43.525197], [16.4982494, 43.525197]]]}, "properties": {"tema": "zgrade-postojece", "opis": "Postojeće zgrade", "cad_sloj": "TPS_C000_Zgrade POSTOJECE", "list": "2b_Vodoopskrbna mreža_ID_DPU_DRACEVAC", "plan": "DPU radne zone Dračevac", "izvor": "DPU radne zone Dračevac (split.hr), vektorizirano iz PDF-a"}}, {"type": "Feature", "geometry": {"type": "Polygon", "coordinates": [[[16.4982002, 43.5251928], [16.4981997, 43.5251966], [16.4981751, 43.5251925], [16.4982002, 43.5251928]]]}, "properties": {"tema": "zgrade-postojece", "opis": "Postojeće zgrade", "cad_sloj": "TPS_C000_Zgrade POSTOJECE", "list": "2b_Vodoopskrbna mreža_ID_DPU_DRACEVAC", "plan": "DPU radne zone Dračevac", "izvor": "DPU radne zone Dračevac (split.hr), vektorizirano iz PDF-a"}}, {"type": "Feature", "geometry": {"type": "Polygon", "coordinates": [[[16.4981997, 43.5251966], [16.4981751, 43.5251925], [16.4981751, 43.5251963], [16.4981997, 43.5251966]]]}, "properties": {"tema": "zgrade-postojece", "opis": "Postojeće zgrade", "cad_sloj": "TPS_C000_Zgrade POSTOJECE", "list": "2b_Vodoopskrbna mreža_ID_DPU_DRACEVAC", "plan": "DPU radne zone Dračevac", "izvor": "DPU radne zone Dračevac (split.hr), vektorizirano iz PDF-a"}}, {"type": "Feature", "geometry": {"type": "Polygon", "coordinates": [[[16.4981505, 43.5251925], [16.4981505, 43.5251959], [16.4981197, 43.5251921], [16.4981505, 43.5251925]]]}, "properties": {"tema": "zgrade-postojece", "opis": "Postojeće zgrade", "cad_sloj": "TPS_C000_Zgrade POSTOJECE", "list": "2b_Vodoopskrbna mreža_ID_DPU_DRACEVAC", "plan": "DPU radne zone Dračevac", "izvor": "DPU radne zone Dračevac (split.hr), vektorizirano iz PDF-a"}}, {"type": "Feature", "geometry": {"type": "Polygon", "coordinates": [[[16.4981505, 43.5251959], [16.4981197, 43.5251921], [16.4981197, 43.5251955], [16.4981505, 43.5251959]]]}, "properties": {"tema": "zgrade-postojece", "opis": "Postojeće zgrade", "cad_sloj": "TPS_C000_Zgrade POSTOJECE", "list": "2b_Vodoopskrbna mreža_ID_DPU_DRACEVAC", "plan": "DPU radne zone Dračevac", "izvor": "DPU radne zone Dračevac (split.hr), vektorizirano iz PDF-a"}}, {"type": "Feature", "geometry": {"type": "Polygon", "coordinates": [[[16.498117, 43.5251936], [16.4981223, 43.5251936], [16.4981165, 43.5252069], [16.498117, 43.5251936]]]}, "properties": {"tema": "zgrade-postojece", "opis": "Postojeće zgrade", "cad_sloj": "TPS_C000_Zgrade POSTOJECE", "list": "2b_Vodoopskrbna mreža_ID_DPU_DRACEVAC", "plan": "DPU radne zone Dračevac", "izvor": "DPU radne zone Dračevac (split.hr), vektorizirano iz PDF-a"}}, {"type": "Feature", "geometry": {"type": "Polygon", "coordinates": [[[16.4981223, 43.5251936], [16.4981165, 43.5252069], [16.4981218, 43.5252069], [16.4981223, 43.5251936]]]}, "properties": {"tema": "zgrade-postojece", "opis": "Postojeće zgrade", "cad_sloj": "TPS_C000_Zgrade POSTOJECE", "list": "2b_Vodoopskrbna mreža_ID_DPU_DRACEVAC", "plan": "DPU radne zone Dračevac", "izvor": "DPU radne zone Dračevac (split.hr), vektorizirano iz PDF-a"}}, {"type": "Feature", "geometry": {"type": "Polygon", "coordinates": [[[16.4981165, 43.5252248], [16.4981212, 43.5252252], [16.498116, 43.5252431], [16.4981165, 43.5252248]]]}, "properties": {"tema": "zgrade-postojece", "opis": "Postojeće zgrade", "cad_sloj": "TPS_C000_Zgrade POSTOJECE", "list": "2b_Vodoopskrbna mreža_ID_DPU_DRACEVAC", "plan": "DPU radne zone Dračevac", "izvor": "DPU radne zone Dračevac (split.hr), vektorizirano iz PDF-a"}}, {"type": "Feature", "geometry": {"type": "Polygon", "coordinates": [[[16.4981212, 43.5252252], [16.498116, 43.5252431], [16.4981207, 43.5252431], [16.4981212, 43.5252252]]]}, "properties": {"tema": "zgrade-postojece", "opis": "Postojeće zgrade", "cad_sloj": "TPS_C000_Zgrade POSTOJECE", "list": "2b_Vodoopskrbna mreža_ID_DPU_DRACEVAC", "plan": "DPU radne zone Dračevac", "izvor": "DPU radne zone Dračevac (split.hr), vektorizirano iz PDF-a"}}, {"type": "Feature", "geometry": {"type": "Polygon", "coordinates": [[[16.4981155, 43.525261], [16.4981202, 43.525261], [16.4981149, 43.5252789], [16.4981155, 43.525261]]]}, "properties": {"tema": "zgrade-postojece", "opis": "Postojeće zgrade", "cad_sloj": "TPS_C000_Zgrade POSTOJECE", "list": "2b_Vodoopskrbna mreža_ID_DPU_DRACEVAC", "plan": "DPU radne zone Dračevac", "izvor": "DPU radne zone Dračevac (split.hr), vektorizirano iz PDF-a"}}, {"type": "Feature", "geometry": {"type": "Polygon", "coordinates": [[[16.4981202, 43.525261], [16.4981149, 43.5252789], [16.4981202, 43.5252789], [16.4981202, 43.525261]]]}, "properties": {"tema": "zgrade-postojece", "opis": "Postojeće zgrade", "cad_sloj": "TPS_C000_Zgrade POSTOJECE", "list": "2b_Vodoopskrbna mreža_ID_DPU_DRACEVAC", "plan": "DPU radne zone Dračevac", "izvor": "DPU radne zone Dračevac (split.hr), vektorizirano iz PDF-a"}}, {"type": "Feature", "geometry": {"type": "Polygon", "coordinates": [[[16.4981144, 43.5252968], [16.4981197, 43.5252968], [16.4981139, 43.5253146], [16.4981144, 43.5252968]]]}, "properties": {"tema": "zgrade-postojece", "opis": "Postojeće zgrade", "cad_sloj": "TPS_C000_Zgrade POSTOJECE", "list": "2b_Vodoopskrbna mreža_ID_DPU_DRACEVAC", "plan": "DPU radne zone Dračevac", "izvor": "DPU radne zone Dračevac (split.hr), vektorizirano iz PDF-a"}}, {"type": "Feature", "geometry": {"type": "Polygon", "coordinates": [[[16.4981197, 43.5252968], [16.4981139, 43.5253146], [16.4981191, 43.525315], [16.4981197, 43.5252968]]]}, "properties": {"tema": "zgrade-postojece", "opis": "Postojeće zgrade", "cad_sloj": "TPS_C000_Zgrade POSTOJECE", "list": "2b_Vodoopskrbna mreža_ID_DPU_DRACEVAC", "plan": "DPU radne zone Dračevac", "izvor": "DPU radne zone Dračevac (split.hr), vektorizirano iz PDF-a"}}, {"type": "Feature", "geometry": {"type": "Polygon", "coordinates": [[[16.4981139, 43.5253329], [16.4981186, 43.5253329], [16.4981134, 43.5253508], [16.4981139, 43.5253329]]]}, "properties": {"tema": "zgrade-postojece", "opis": "Postojeće zgrade", "cad_sloj": "TPS_C000_Zgrade POSTOJECE", "list": "2b_Vodoopskrbna mreža_ID_DPU_DRACEVAC", "plan": "DPU radne zone Dračevac", "izvor": "DPU radne zone Dračevac (split.hr), vektorizirano iz PDF-a"}}, {"type": "Feature", "geometry": {"type": "Polygon", "coordinates": [[[16.4981186, 43.5253329], [16.4981134, 43.5253508], [16.4981181, 43.5253508], [16.4981186, 43.5253329]]]}, "properties": {"tema": "zgrade-postojece", "opis": "Postojeće zgrade", "cad_sloj": "TPS_C000_Zgrade POSTOJECE", "list": "2b_Vodoopskrbna mreža_ID_DPU_DRACEVAC", "plan": "DPU radne zone Dračevac", "izvor": "DPU radne zone Dračevac (split.hr), vektorizirano iz PDF-a"}}, {"type": "Feature", "geometry": {"type": "Polygon", "coordinates": [[[16.4981129, 43.5253687], [16.4981176, 43.5253687], [16.4981123, 43.525382], [16.4981129, 43.5253687]]]}, "properties": {"tema": "zgrade-postojece", "opis": "Postojeće zgrade", "cad_sloj": "TPS_C000_Zgrade POSTOJECE", "list": "2b_Vodoopskrbna mreža_ID_DPU_DRACEVAC", "plan": "DPU radne zone Dračevac", "izvor": "DPU radne zone Dračevac (split.hr), vektorizirano iz PDF-a"}}, {"type": "Feature", "geometry": {"type": "Polygon", "coordinates": [[[16.4981176, 43.5253687], [16.4981123, 43.525382], [16.4981176, 43.525382], [16.4981176, 43.5253687]]]}, "properties": {"tema": "zgrade-postojece", "opis": "Postojeće zgrade", "cad_sloj": "TPS_C000_Zgrade POSTOJECE", "list": "2b_Vodoopskrbna mreža_ID_DPU_DRACEVAC", "plan": "DPU radne zone Dračevac", "izvor": "DPU radne zone Dračevac (split.hr), vektorizirano iz PDF-a"}}, {"type": "Feature", "geometry": {"type": "Polygon", "coordinates": [[[16.4981149, 43.5253839], [16.4981149, 43.5253801], [16.4981474, 43.5253843], [16.4981149, 43.5253839]]]}, "properties": {"tema": "zgrade-postojece", "opis": "Postojeće zgrade", "cad_sloj": "TPS_C000_Zgrade POSTOJECE", "list": "2b_Vodoopskrbna mreža_ID_DPU_DRACEVAC", "plan": "DPU radne zone Dračevac", "izvor": "DPU radne zone Dračevac (split.hr), vektorizirano iz PDF-a"}}, {"type": "Feature", "geometry": {"type": "Polygon", "coordinates": [[[16.4981149, 43.5253801], [16.4981474, 43.5253843], [16.4981474, 43.5253805], [16.4981149, 43.5253801]]]}, "properties": {"tema": "zgrade-postojece", "opis": "Postojeće zgrade", "cad_sloj": "TPS_C000_Zgrade POSTOJECE", "list": "2b_Vodoopskrbna mreža_ID_DPU_DRACEVAC", "plan": "DPU radne zone Dračevac", "izvor": "DPU radne zone Dračevac (split.hr), vektorizirano iz PDF-a"}}, {"type": "Feature", "geometry": {"type": "Polygon", "coordinates": [[[16.498172, 43.5253847], [16.4981725, 43.5253809], [16.4981971, 43.5253847], [16.498172, 43.5253847]]]}, "properties": {"tema": "zgrade-postojece", "opis": "Postojeće zgrade", "cad_sloj": "TPS_C000_Zgrade POSTOJECE", "list": "2b_Vodoopskrbna mreža_ID_DPU_DRACEVAC", "plan": "DPU radne zone Dračevac", "izvor": "DPU radne zone Dračevac (split.hr), vektorizirano iz PDF-a"}}, {"type": "Feature", "geometry": {"type": "Polygon", "coordinates": [[[16.4981725, 43.5253809], [16.4981971, 43.5253847], [16.4981971, 43.5253813], [16.4981725, 43.5253809]]]}, "properties": {"tema": "zgrade-postojece", "opis": "Postojeće zgrade", "cad_sloj": "TPS_C000_Zgrade POSTOJECE", "list": "2b_Vodoopskrbna mreža_ID_DPU_DRACEVAC", "plan": "DPU radne zone Dračevac", "izvor": "DPU radne zone Dračevac (split.hr), vektorizirano iz PDF-a"}}, {"type": "Feature", "geometry": {"type": "Polygon", "coordinates": [[[16.4982217, 43.5253851], [16.4982217, 43.5253816], [16.4982462, 43.5253854], [16.4982217, 43.5253851]]]}, "properties": {"tema": "zgrade-postojece", "opis": "Postojeće zgrade", "cad_sloj": "TPS_C000_Zgrade POSTOJECE", "list": "2b_Vodoopskrbna mreža_ID_DPU_DRACEVAC", "plan": "DPU radne zone Dračevac", "izvor": "DPU radne zone Dračevac (split.hr), vektorizirano iz PDF-a"}}, {"type": "Feature", "geometry": {"type": "Polygon", "coordinates": [[[16.4982217, 43.5253816], [16.4982462, 43.5253854], [16.4982462, 43.525382], [16.4982217, 43.5253816]]]}, "properties": {"tema": "zgrade-postojece", "opis": "Postojeće zgrade", "cad_sloj": "TPS_C000_Zgrade POSTOJECE", "list": "2b_Vodoopskrbna mreža_ID_DPU_DRACEVAC", "plan": "DPU radne zone Dračevac", "izvor": "DPU radne zone Dračevac (split.hr), vektorizirano iz PDF-a"}}, {"type": "Feature", "geometry": {"type": "Polygon", "coordinates": [[[16.4982708, 43.5253858], [16.4982708, 43.525382], [16.4982954, 43.5253862], [16.4982708, 43.5253858]]]}, "properties": {"tema": "zgrade-postojece", "opis": "Postojeće zgrade", "cad_sloj": "TPS_C000_Zgrade POSTOJECE", "list": "2b_Vodoopskrbna mreža_ID_DPU_DRACEVAC", "plan": "DPU radne zone Dračevac", "izvor": "DPU radne zone Dračevac (split.hr), vektorizirano iz PDF-a"}}, {"type": "Feature", "geometry": {"type": "Polygon", "coordinates": [[[16.4982708, 43.525382], [16.4982954, 43.5253862], [16.4982954, 43.5253824], [16.4982708, 43.525382]]]}, "properties": {"tema": "zgrade-postojece", "opis": "Postojeće zgrade", "cad_sloj": "TPS_C000_Zgrade POSTOJECE", "list": "2b_Vodoopskrbna mreža_ID_DPU_DRACEVAC", "plan": "DPU radne zone Dračevac", "izvor": "DPU radne zone Dračevac (split.hr), vektorizirano iz PDF-a"}}, {"type": "Feature", "geometry": {"type": "Polygon", "coordinates": [[[16.4983205, 43.5253862], [16.4983205, 43.5253828], [16.4983451, 43.5253866], [16.4983205, 43.5253862]]]}, "properties": {"tema": "zgrade-postojece", "opis": "Postojeće zgrade", "cad_sloj": "TPS_C000_Zgrade POSTOJECE", "list": "2b_Vodoopskrbna mreža_ID_DPU_DRACEVAC", "plan": "DPU radne zone Dračevac", "izvor": "DPU radne zone Dračevac (split.hr), vektorizirano iz PDF-a"}}, {"type": "Feature", "geometry": {"type": "Polygon", "coordinates": [[[16.4983205, 43.5253828], [16.4983451, 43.5253866], [16.4983451, 43.5253832], [16.4983205, 43.5253828]]]}, "properties": {"tema": "zgrade-postojece", "opis": "Postojeće zgrade", "cad_sloj": "TPS_C000_Zgrade POSTOJECE", "list": "2b_Vodoopskrbna mreža_ID_DPU_DRACEVAC", "plan": "DPU radne zone Dračevac", "izvor": "DPU radne zone Dračevac (split.hr), vektorizirano iz PDF-a"}}, {"type": "Feature", "geometry": {"type": "Polygon", "coordinates": [[[16.4983697, 43.525387], [16.4983697, 43.5253835], [16.4984021, 43.5253873], [16.4983697, 43.525387]]]}, "properties": {"tema": "zgrade-postojece", "opis": "Postojeće zgrade", "cad_sloj": "TPS_C000_Zgrade POSTOJECE", "list": "2b_Vodoopskrbna mreža_ID_DPU_DRACEVAC", "plan": "DPU radne zone Dračevac", "izvor": "DPU radne zone Dračevac (split.hr), vektorizirano iz PDF-a"}}, {"type": "Feature", "geometry": {"type": "Polygon", "coordinates": [[[16.4983697, 43.5253835], [16.4984021, 43.5253873], [16.4984021, 43.5253839], [16.4983697, 43.5253835]]]}, "properties": {"tema": "zgrade-postojece", "opis": "Postojeće zgrade", "cad_sloj": "TPS_C000_Zgrade POSTOJECE", "list": "2b_Vodoopskrbna mreža_ID_DPU_DRACEVAC", "plan": "DPU radne zone Dračevac", "izvor": "DPU radne zone Dračevac (split.hr), vektorizirano iz PDF-a"}}, {"type": "Feature", "geometry": {"type": "Polygon", "coordinates": [[[16.4995414, 43.5257356], [16.4995367, 43.5257352], [16.4995419, 43.525725], [16.4995414, 43.5257356]]]}, "properties": {"tema": "zgrade-postojece", "opis": "Postojeće zgrade", "cad_sloj": "TPS_C000_Zgrade POSTOJECE", "list": "2b_Vodoopskrbna mreža_ID_DPU_DRACEVAC", "plan": "DPU radne zone Dračevac", "izvor": "DPU radne zone Dračevac (split.hr), vektorizirano iz PDF-a"}}, {"type": "Feature", "geometry": {"type": "Polygon", "coordinates": [[[16.4995367, 43.5257352], [16.4995419, 43.525725], [16.4995367, 43.525725], [16.4995367, 43.5257352]]]}, "properties": {"tema": "zgrade-postojece", "opis": "Postojeće zgrade", "cad_sloj": "TPS_C000_Zgrade POSTOJECE", "list": "2b_Vodoopskrbna mreža_ID_DPU_DRACEVAC", "plan": "DPU radne zone Dračevac", "izvor": "DPU radne zone Dračevac (split.hr), vektorizirano iz PDF-a"}}, {"type": "Feature", "geometry": {"type": "Polygon", "coordinates": [[[16.4995425, 43.5257071], [16.4995372, 43.5257071], [16.4995425, 43.5256964], [16.4995425, 43.5257071]]]}, "properties": {"tema": "zgrade-postojece", "opis": "Postojeće zgrade", "cad_sloj": "TPS_C000_Zgrade POSTOJECE", "list": "2b_Vodoopskrbna mreža_ID_DPU_DRACEVAC", "plan": "DPU radne zone Dračevac", "izvor": "DPU radne zone Dračevac (split.hr), vektorizirano iz PDF-a"}}, {"type": "Feature", "geometry": {"type": "Polygon", "coordinates": [[[16.4995372, 43.5257071], [16.4995425, 43.5256964], [16.4995378, 43.5256964], [16.4995372, 43.5257071]]]}, "properties": {"tema": "zgrade-postojece", "opis": "Postojeće zgrade", "cad_sloj": "TPS_C000_Zgrade POSTOJECE", "list": "2b_Vodoopskrbna mreža_ID_DPU_DRACEVAC", "plan": "DPU radne zone Dračevac", "izvor": "DPU radne zone Dračevac (split.hr), vektorizirano iz PDF-a"}}, {"type": "Feature", "geometry": {"type": "Polygon", "coordinates": [[[16.4995399, 43.5256983], [16.4995404, 43.5256945], [16.499555, 43.5256983], [16.4995399, 43.5256983]]]}, "properties": {"tema": "zgrade-postojece", "opis": "Postojeće zgrade", "cad_sloj": "TPS_C000_Zgrade POSTOJECE", "list": "2b_Vodoopskrbna mreža_ID_DPU_DRACEVAC", "plan": "DPU radne zone Dračevac", "izvor": "DPU radne zone Dračevac (split.hr), vektorizirano iz PDF-a"}}, {"type": "Feature", "geometry": {"type": "Polygon", "coordinates": [[[16.4995404, 43.5256945], [16.499555, 43.5256983], [16.499555, 43.5256949], [16.4995404, 43.5256945]]]}, "properties": {"tema": "zgrade-postojece", "opis": "Postojeće zgrade", "cad_sloj": "TPS_C000_Zgrade POSTOJECE", "list": "2b_Vodoopskrbna mreža_ID_DPU_DRACEVAC", "plan": "DPU radne zone Dračevac", "izvor": "DPU radne zone Dračevac (split.hr), vektorizirano iz PDF-a"}}, {"type": "Feature", "geometry": {"type": "Polygon", "coordinates": [[[16.4995796, 43.5256987], [16.4995796, 43.5256949], [16.4996047, 43.5256991], [16.4995796, 43.5256987]]]}, "properties": {"tema": "zgrade-postojece", "opis": "Postojeće zgrade", "cad_sloj": "TPS_C000_Zgrade POSTOJECE", "list": "2b_Vodoopskrbna mreža_ID_DPU_DRACEVAC", "plan": "DPU radne zone Dračevac", "izvor": "DPU radne zone Dračevac (split.hr), vektorizirano iz PDF-a"}}, {"type": "Feature", "geometry": {"type": "Polygon", "coordinates": [[[16.4995796, 43.5256949], [16.4996047, 43.5256991], [16.4996047, 43.5256953], [16.4995796, 43.5256949]]]}, "properties": {"tema": "zgrade-postojece", "opis": "Postojeće zgrade", "cad_sloj": "TPS_C000_Zgrade POSTOJECE", "list": "2b_Vodoopskrbna mreža_ID_DPU_DRACEVAC", "plan": "DPU radne zone Dračevac", "izvor": "DPU radne zone Dračevac (split.hr), vektorizirano iz PDF-a"}}, {"type": "Feature", "geometry": {"type": "Polygon", "coordinates": [[[16.4996293, 43.5256991], [16.4996293, 43.5256957], [16.4996539, 43.5256995], [16.4996293, 43.5256991]]]}, "properties": {"tema": "zgrade-postojece", "opis": "Postojeće zgrade", "cad_sloj": "TPS_C000_Zgrade POSTOJECE", "list": "2b_Vodoopskrbna mreža_ID_DPU_DRACEVAC", "plan": "DPU radne zone Dračevac", "izvor": "DPU radne zone Dračevac (split.hr), vektorizirano iz PDF-a"}}, {"type": "Feature", "geometry": {"type": "Polygon", "coordinates": [[[16.4996293, 43.5256957], [16.4996539, 43.5256995], [16.4996539, 43.525696], [16.4996293, 43.5256957]]]}, "properties": {"tema": "zgrade-postojece", "opis": "Postojeće zgrade", "cad_sloj": "TPS_C000_Zgrade POSTOJECE", "list": "2b_Vodoopskrbna mreža_ID_DPU_DRACEVAC", "plan": "DPU radne zone Dračevac", "izvor": "DPU radne zone Dračevac (split.hr), vektorizirano iz PDF-a"}}, {"type": "Feature", "geometry": {"type": "Polygon", "coordinates": [[[16.4996785, 43.5256998], [16.4996785, 43.5256964], [16.4997031, 43.5257002], [16.4996785, 43.5256998]]]}, "properties": {"tema": "zgrade-postojece", "opis": "Postojeće zgrade", "cad_sloj": "TPS_C000_Zgrade POSTOJECE", "list": "2b_Vodoopskrbna mreža_ID_DPU_DRACEVAC", "plan": "DPU radne zone Dračevac", "izvor": "DPU radne zone Dračevac (split.hr), vektorizirano iz PDF-a"}}, {"type": "Feature", "geometry": {"type": "Polygon", "coordinates": [[[16.4996785, 43.5256964], [16.4997031, 43.5257002], [16.4997031, 43.5256964], [16.4996785, 43.5256964]]]}, "properties": {"tema": "zgrade-postojece", "opis": "Postojeće zgrade", "cad_sloj": "TPS_C000_Zgrade POSTOJECE", "list": "2b_Vodoopskrbna mreža_ID_DPU_DRACEVAC", "plan": "DPU radne zone Dračevac", "izvor": "DPU radne zone Dračevac (split.hr), vektorizirano iz PDF-a"}}, {"type": "Feature", "geometry": {"type": "Polygon", "coordinates": [[[16.4997276, 43.5257002], [16.4997282, 43.5256968], [16.4997528, 43.5257006], [16.4997276, 43.5257002]]]}, "properties": {"tema": "zgrade-postojece", "opis": "Postojeće zgrade", "cad_sloj": "TPS_C000_Zgrade POSTOJECE", "list": "2b_Vodoopskrbna mreža_ID_DPU_DRACEVAC", "plan": "DPU radne zone Dračevac", "izvor": "DPU radne zone Dračevac (split.hr), vektorizirano iz PDF-a"}}, {"type": "Feature", "geometry": {"type": "Polygon", "coordinates": [[[16.4997282, 43.5256968], [16.4997528, 43.5257006], [16.4997528, 43.5256972], [16.4997282, 43.5256968]]]}, "properties": {"tema": "zgrade-postojece", "opis": "Postojeće zgrade", "cad_sloj": "TPS_C000_Zgrade POSTOJECE", "list": "2b_Vodoopskrbna mreža_ID_DPU_DRACEVAC", "plan": "DPU radne zone Dračevac", "izvor": "DPU radne zone Dračevac (split.hr), vektorizirano iz PDF-a"}}, {"type": "Feature", "geometry": {"type": "Polygon", "coordinates": [[[16.4997773, 43.525701], [16.4997773, 43.5256976], [16.4998019, 43.5257014], [16.4997773, 43.525701]]]}, "properties": {"tema": "zgrade-postojece", "opis": "Postojeće zgrade", "cad_sloj": "TPS_C000_Zgrade POSTOJECE", "list": "2b_Vodoopskrbna mreža_ID_DPU_DRACEVAC", "plan": "DPU radne zone Dračevac", "izvor": "DPU radne zone Dračevac (split.hr), vektorizirano iz PDF-a"}}, {"type": "Feature", "geometry": {"type": "Polygon", "coordinates": [[[16.4997773, 43.5256976], [16.4998019, 43.5257014], [16.4998019, 43.5256976], [16.4997773, 43.5256976]]]}, "properties": {"tema": "zgrade-postojece", "opis": "Postojeće zgrade", "cad_sloj": "TPS_C000_Zgrade POSTOJECE", "list": "2b_Vodoopskrbna mreža_ID_DPU_DRACEVAC", "plan": "DPU radne zone Dračevac", "izvor": "DPU radne zone Dračevac (split.hr), vektorizirano iz PDF-a"}}, {"type": "Feature", "geometry": {"type": "Polygon", "coordinates": [[[16.4998265, 43.5257018], [16.4998265, 43.5256979], [16.4998417, 43.5257018], [16.4998265, 43.5257018]]]}, "properties": {"tema": "zgrade-postojece", "opis": "Postojeće zgrade", "cad_sloj": "TPS_C000_Zgrade POSTOJECE", "list": "2b_Vodoopskrbna mreža_ID_DPU_DRACEVAC", "plan": "DPU radne zone Dračevac", "izvor": "DPU radne zone Dračevac (split.hr), vektorizirano iz PDF-a"}}, {"type": "Feature", "geometry": {"type": "Polygon", "coordinates": [[[16.4998265, 43.5256979], [16.4998417, 43.5257018], [16.4998417, 43.5256983], [16.4998265, 43.5256979]]]}, "properties": {"tema": "zgrade-postojece", "opis": "Postojeće zgrade", "cad_sloj": "TPS_C000_Zgrade POSTOJECE", "list": "2b_Vodoopskrbna mreža_ID_DPU_DRACEVAC", "plan": "DPU radne zone Dračevac", "izvor": "DPU radne zone Dračevac (split.hr), vektorizirano iz PDF-a"}}, {"type": "Feature", "geometry": {"type": "Polygon", "coordinates": [[[16.4998443, 43.5256998], [16.4998391, 43.5256998], [16.4998448, 43.5256751], [16.4998443, 43.5256998]]]}, "properties": {"tema": "zgrade-postojece", "opis": "Postojeće zgrade", "cad_sloj": "TPS_C000_Zgrade POSTOJECE", "list": "2b_Vodoopskrbna mreža_ID_DPU_DRACEVAC", "plan": "DPU radne zone Dračevac", "izvor": "DPU radne zone Dračevac (split.hr), vektorizirano iz PDF-a"}}, {"type": "Feature", "geometry": {"type": "Polygon", "coordinates": [[[16.4998391, 43.5256998], [16.4998448, 43.5256751], [16.4998396, 43.5256747], [16.4998391, 43.5256998]]]}, "properties": {"tema": "zgrade-postojece", "opis": "Postojeće zgrade", "cad_sloj": "TPS_C000_Zgrade POSTOJECE", "list": "2b_Vodoopskrbna mreža_ID_DPU_DRACEVAC", "plan": "DPU radne zone Dračevac", "izvor": "DPU radne zone Dračevac (split.hr), vektorizirano iz PDF-a"}}, {"type": "Feature", "geometry": {"type": "Polygon", "coordinates": [[[16.4998453, 43.5256568], [16.4998401, 43.5256568], [16.4998453, 43.5256389], [16.4998453, 43.5256568]]]}, "properties": {"tema": "zgrade-postojece", "opis": "Postojeće zgrade", "cad_sloj": "TPS_C000_Zgrade POSTOJECE", "list": "2b_Vodoopskrbna mreža_ID_DPU_DRACEVAC", "plan": "DPU radne zone Dračevac", "izvor": "DPU radne zone Dračevac (split.hr), vektorizirano iz PDF-a"}}, {"type": "Feature", "geometry": {"type": "Polygon", "coordinates": [[[16.4998401, 43.5256568], [16.4998453, 43.5256389], [16.4998406, 43.5256389], [16.4998401, 43.5256568]]]}, "properties": {"tema": "zgrade-postojece", "opis": "Postojeće zgrade", "cad_sloj": "TPS_C000_Zgrade POSTOJECE", "list": "2b_Vodoopskrbna mreža_ID_DPU_DRACEVAC", "plan": "DPU radne zone Dračevac", "izvor": "DPU radne zone Dračevac (split.hr), vektorizirano iz PDF-a"}}, {"type": "Feature", "geometry": {"type": "Polygon", "coordinates": [[[16.4998459, 43.5256211], [16.4998412, 43.5256211], [16.4998464, 43.5255959], [16.4998459, 43.5256211]]]}, "properties": {"tema": "zgrade-postojece", "opis": "Postojeće zgrade", "cad_sloj": "TPS_C000_Zgrade POSTOJECE", "list": "2b_Vodoopskrbna mreža_ID_DPU_DRACEVAC", "plan": "DPU radne zone Dračevac", "izvor": "DPU radne zone Dračevac (split.hr), vektorizirano iz PDF-a"}}, {"type": "Feature", "geometry": {"type": "Polygon", "coordinates": [[[16.4998412, 43.5256211], [16.4998464, 43.5255959], [16.4998417, 43.5255959], [16.4998412, 43.5256211]]]}, "properties": {"tema": "zgrade-postojece", "opis": "Postojeće zgrade", "cad_sloj": "TPS_C000_Zgrade POSTOJECE", "list": "2b_Vodoopskrbna mreža_ID_DPU_DRACEVAC", "plan": "DPU radne zone Dračevac", "izvor": "DPU radne zone Dračevac (split.hr), vektorizirano iz PDF-a"}}, {"type": "Feature", "geometry": {"type": "Polygon", "coordinates": [[[16.4998443, 43.525594], [16.4998443, 43.5255978], [16.4998124, 43.5255937], [16.4998443, 43.525594]]]}, "properties": {"tema": "zgrade-postojece", "opis": "Postojeće zgrade", "cad_sloj": "TPS_C000_Zgrade POSTOJECE", "list": "2b_Vodoopskrbna mreža_ID_DPU_DRACEVAC", "plan": "DPU radne zone Dračevac", "izvor": "DPU radne zone Dračevac (split.hr), vektorizirano iz PDF-a"}}, {"type": "Feature", "geometry": {"type": "Polygon", "coordinates": [[[16.4998443, 43.5255978], [16.4998124, 43.5255937], [16.4998124, 43.5255975], [16.4998443, 43.5255978]]]}, "properties": {"tema": "zgrade-postojece", "opis": "Postojeće zgrade", "cad_sloj": "TPS_C000_Zgrade POSTOJECE", "list": "2b_Vodoopskrbna mreža_ID_DPU_DRACEVAC", "plan": "DPU radne zone Dračevac", "izvor": "DPU radne zone Dračevac (split.hr), vektorizirano iz PDF-a"}}, {"type": "Feature", "geometry": {"type": "Polygon", "coordinates": [[[16.4997878, 43.5255937], [16.4997878, 43.5255971], [16.4997632, 43.5255933], [16.4997878, 43.5255937]]]}, "properties": {"tema": "zgrade-postojece", "opis": "Postojeće zgrade", "cad_sloj": "TPS_C000_Zgrade POSTOJECE", "list": "2b_Vodoopskrbna mreža_ID_DPU_DRACEVAC", "plan": "DPU radne zone Dračevac", "izvor": "DPU radne zone Dračevac (split.hr), vektorizirano iz PDF-a"}}, {"type": "Feature", "geometry": {"type": "Polygon", "coordinates": [[[16.4997878, 43.5255971], [16.4997632, 43.5255933], [16.4997632, 43.5255967], [16.4997878, 43.5255971]]]}, "properties": {"tema": "zgrade-postojece", "opis": "Postojeće zgrade", "cad_sloj": "TPS_C000_Zgrade POSTOJECE", "list": "2b_Vodoopskrbna mreža_ID_DPU_DRACEVAC", "plan": "DPU radne zone Dračevac", "izvor": "DPU radne zone Dračevac (split.hr), vektorizirano iz PDF-a"}}, {"type": "Feature", "geometry": {"type": "Polygon", "coordinates": [[[16.4997386, 43.5255929], [16.4997381, 43.5255967], [16.4997135, 43.5255925], [16.4997386, 43.5255929]]]}, "properties": {"tema": "zgrade-postojece", "opis": "Postojeće zgrade", "cad_sloj": "TPS_C000_Zgrade POSTOJECE", "list": "2b_Vodoopskrbna mreža_ID_DPU_DRACEVAC", "plan": "DPU radne zone Dračevac", "izvor": "DPU radne zone Dračevac (split.hr), vektorizirano iz PDF-a"}}, {"type": "Feature", "geometry": {"type": "Polygon", "coordinates": [[[16.4997381, 43.5255967], [16.4997135, 43.5255925], [16.4997135, 43.5255963], [16.4997381, 43.5255967]]]}, "properties": {"tema": "zgrade-postojece", "opis": "Postojeće zgrade", "cad_sloj": "TPS_C000_Zgrade POSTOJECE", "list": "2b_Vodoopskrbna mreža_ID_DPU_DRACEVAC", "plan": "DPU radne zone Dračevac", "izvor": "DPU radne zone Dračevac (split.hr), vektorizirano iz PDF-a"}}, {"type": "Feature", "geometry": {"type": "Polygon", "coordinates": [[[16.4996889, 43.5255925], [16.4996889, 43.5255959], [16.4996643, 43.5255921], [16.4996889, 43.5255925]]]}, "properties": {"tema": "zgrade-postojece", "opis": "Postojeće zgrade", "cad_sloj": "TPS_C000_Zgrade POSTOJECE", "list": "2b_Vodoopskrbna mreža_ID_DPU_DRACEVAC", "plan": "DPU radne zone Dračevac", "izvor": "DPU radne zone Dračevac (split.hr), vektorizirano iz PDF-a"}}, {"type": "Feature", "geometry": {"type": "Polygon", "coordinates": [[[16.4996889, 43.5255959], [16.4996643, 43.5255921], [16.4996643, 43.5255956], [16.4996889, 43.5255959]]]}, "properties": {"tema": "zgrade-postojece", "opis": "Postojeće zgrade", "cad_sloj": "TPS_C000_Zgrade POSTOJECE", "list": "2b_Vodoopskrbna mreža_ID_DPU_DRACEVAC", "plan": "DPU radne zone Dračevac", "izvor": "DPU radne zone Dračevac (split.hr), vektorizirano iz PDF-a"}}, {"type": "Feature", "geometry": {"type": "Polygon", "coordinates": [[[16.4996398, 43.5255918], [16.4996398, 43.5255956], [16.4996152, 43.5255914], [16.4996398, 43.5255918]]]}, "properties": {"tema": "zgrade-postojece", "opis": "Postojeće zgrade", "cad_sloj": "TPS_C000_Zgrade POSTOJECE", "list": "2b_Vodoopskrbna mreža_ID_DPU_DRACEVAC", "plan": "DPU radne zone Dračevac", "izvor": "DPU radne zone Dračevac (split.hr), vektorizirano iz PDF-a"}}, {"type": "Feature", "geometry": {"type": "Polygon", "coordinates": [[[16.4996398, 43.5255956], [16.4996152, 43.5255914], [16.4996152, 43.5255952], [16.4996398, 43.5255956]]]}, "properties": {"tema": "zgrade-postojece", "opis": "Postojeće zgrade", "cad_sloj": "TPS_C000_Zgrade POSTOJECE", "list": "2b_Vodoopskrbna mreža_ID_DPU_DRACEVAC", "plan": "DPU radne zone Dračevac", "izvor": "DPU radne zone Dračevac (split.hr), vektorizirano iz PDF-a"}}, {"type": "Feature", "geometry": {"type": "Polygon", "coordinates": [[[16.4995901, 43.5255914], [16.4995901, 43.5255948], [16.4995655, 43.525591], [16.4995901, 43.5255914]]]}, "properties": {"tema": "zgrade-postojece", "opis": "Postojeće zgrade", "cad_sloj": "TPS_C000_Zgrade POSTOJECE", "list": "2b_Vodoopskrbna mreža_ID_DPU_DRACEVAC", "plan": "DPU radne zone Dračevac", "izvor": "DPU radne zone Dračevac (split.hr), vektorizirano iz PDF-a"}}, {"type": "Feature", "geometry": {"type": "Polygon", "coordinates": [[[16.4995901, 43.5255948], [16.4995655, 43.525591], [16.4995655, 43.5255944], [16.4995901, 43.5255948]]]}, "properties": {"tema": "zgrade-postojece", "opis": "Postojeće zgrade", "cad_sloj": "TPS_C000_Zgrade POSTOJECE", "list": "2b_Vodoopskrbna mreža_ID_DPU_DRACEVAC", "plan": "DPU radne zone Dračevac", "izvor": "DPU radne zone Dračevac (split.hr), vektorizirano iz PDF-a"}}, {"type": "Feature", "geometry": {"type": "Polygon", "coordinates": [[[16.4995409, 43.5255906], [16.4995409, 43.5255944], [16.499509, 43.5255902], [16.4995409, 43.5255906]]]}, "properties": {"tema": "zgrade-postojece", "opis": "Postojeće zgrade", "cad_sloj": "TPS_C000_Zgrade POSTOJECE", "list": "2b_Vodoopskrbna mreža_ID_DPU_DRACEVAC", "plan": "DPU radne zone Dračevac", "izvor": "DPU radne zone Dračevac (split.hr), vektorizirano iz PDF-a"}}, {"type": "Feature", "geometry": {"type": "Polygon", "coordinates": [[[16.4995409, 43.5255944], [16.499509, 43.5255902], [16.499509, 43.525594], [16.4995409, 43.5255944]]]}, "properties": {"tema": "zgrade-postojece", "opis": "Postojeće zgrade", "cad_sloj": "TPS_C000_Zgrade POSTOJECE", "list": "2b_Vodoopskrbna mreža_ID_DPU_DRACEVAC", "plan": "DPU radne zone Dračevac", "izvor": "DPU radne zone Dračevac (split.hr), vektorizirano iz PDF-a"}}, {"type": "Feature", "geometry": {"type": "Polygon", "coordinates": [[[16.4995116, 43.5255921], [16.4995069, 43.5255921], [16.4995121, 43.5255754], [16.4995116, 43.5255921]]]}, "properties": {"tema": "zgrade-postojece", "opis": "Postojeće zgrade", "cad_sloj": "TPS_C000_Zgrade POSTOJECE", "list": "2b_Vodoopskrbna mreža_ID_DPU_DRACEVAC", "plan": "DPU radne zone Dračevac", "izvor": "DPU radne zone Dračevac (split.hr), vektorizirano iz PDF-a"}}, {"type": "Feature", "geometry": {"type": "Polygon", "coordinates": [[[16.4995069, 43.5255921], [16.4995121, 43.5255754], [16.4995069, 43.5255754], [16.4995069, 43.5255921]]]}, "properties": {"tema": "zgrade-postojece", "opis": "Postojeće zgrade", "cad_sloj": "TPS_C000_Zgrade POSTOJECE", "list": "2b_Vodoopskrbna mreža_ID_DPU_DRACEVAC", "plan": "DPU radne zone Dračevac", "izvor": "DPU radne zone Dračevac (split.hr), vektorizirano iz PDF-a"}}, {"type": "Feature", "geometry": {"type": "Polygon", "coordinates": [[[16.4995127, 43.5255575], [16.4995074, 43.5255575], [16.4995127, 43.5255407], [16.4995127, 43.5255575]]]}, "properties": {"tema": "zgrade-postojece", "opis": "Postojeće zgrade", "cad_sloj": "TPS_C000_Zgrade POSTOJECE", "list": "2b_Vodoopskrbna mreža_ID_DPU_DRACEVAC", "plan": "DPU radne zone Dračevac", "izvor": "DPU radne zone Dračevac (split.hr), vektorizirano iz PDF-a"}}, {"type": "Feature", "geometry": {"type": "Polygon", "coordinates": [[[16.4995074, 43.5255575], [16.4995127, 43.5255407], [16.4995079, 43.5255404], [16.4995074, 43.5255575]]]}, "properties": {"tema": "zgrade-postojece", "opis": "Postojeće zgrade", "cad_sloj": "TPS_C000_Zgrade POSTOJECE", "list": "2b_Vodoopskrbna mreža_ID_DPU_DRACEVAC", "plan": "DPU radne zone Dračevac", "izvor": "DPU radne zone Dračevac (split.hr), vektorizirano iz PDF-a"}}, {"type": "Feature", "geometry": {"type": "Polygon", "coordinates": [[[16.4995106, 43.5255423], [16.4995106, 43.5255388], [16.4995336, 43.5255426], [16.4995106, 43.5255423]]]}, "properties": {"tema": "zgrade-postojece", "opis": "Postojeće zgrade", "cad_sloj": "TPS_C000_Zgrade POSTOJECE", "list": "2b_Vodoopskrbna mreža_ID_DPU_DRACEVAC", "plan": "DPU radne zone Dračevac", "izvor": "DPU radne zone Dračevac (split.hr), vektorizirano iz PDF-a"}}, {"type": "Feature", "geometry": {"type": "Polygon", "coordinates": [[[16.4995106, 43.5255388], [16.4995336, 43.5255426], [16.4995341, 43.5255392], [16.4995106, 43.5255388]]]}, "properties": {"tema": "zgrade-postojece", "opis": "Postojeće zgrade", "cad_sloj": "TPS_C000_Zgrade POSTOJECE", "list": "2b_Vodoopskrbna mreža_ID_DPU_DRACEVAC", "plan": "DPU radne zone Dračevac", "izvor": "DPU radne zone Dračevac (split.hr), vektorizirano iz PDF-a"}}, {"type": "Feature", "geometry": {"type": "Polygon", "coordinates": [[[16.4995587, 43.525543], [16.4995587, 43.5255392], [16.4995817, 43.5255434], [16.4995587, 43.525543]]]}, "properties": {"tema": "zgrade-postojece", "opis": "Postojeće zgrade", "cad_sloj": "TPS_C000_Zgrade POSTOJECE", "list": "2b_Vodoopskrbna mreža_ID_DPU_DRACEVAC", "plan": "DPU radne zone Dračevac", "izvor": "DPU radne zone Dračevac (split.hr), vektorizirano iz PDF-a"}}, {"type": "Feature", "geometry": {"type": "Polygon", "coordinates": [[[16.4995587, 43.5255392], [16.4995817, 43.5255434], [16.4995822, 43.5255396], [16.4995587, 43.5255392]]]}, "properties": {"tema": "zgrade-postojece", "opis": "Postojeće zgrade", "cad_sloj": "TPS_C000_Zgrade POSTOJECE", "list": "2b_Vodoopskrbna mreža_ID_DPU_DRACEVAC", "plan": "DPU radne zone Dračevac", "izvor": "DPU radne zone Dračevac (split.hr), vektorizirano iz PDF-a"}}, {"type": "Feature", "geometry": {"type": "Polygon", "coordinates": [[[16.4995843, 43.5255415], [16.4995796, 43.5255415], [16.4995848, 43.5255187], [16.4995843, 43.5255415]]]}, "properties": {"tema": "zgrade-postojece", "opis": "Postojeće zgrade", "cad_sloj": "TPS_C000_Zgrade POSTOJECE", "list": "2b_Vodoopskrbna mreža_ID_DPU_DRACEVAC", "plan": "DPU radne zone Dračevac", "izvor": "DPU radne zone Dračevac (split.hr), vektorizirano iz PDF-a"}}, {"type": "Feature", "geometry": {"type": "Polygon", "coordinates": [[[16.4995796, 43.5255415], [16.4995848, 43.5255187], [16.4995801, 43.5255187], [16.4995796, 43.5255415]]]}, "properties": {"tema": "zgrade-postojece", "opis": "Postojeće zgrade", "cad_sloj": "TPS_C000_Zgrade POSTOJECE", "list": "2b_Vodoopskrbna mreža_ID_DPU_DRACEVAC", "plan": "DPU radne zone Dračevac", "izvor": "DPU radne zone Dračevac (split.hr), vektorizirano iz PDF-a"}}, {"type": "Feature", "geometry": {"type": "Polygon", "coordinates": [[[16.4995854, 43.5255004], [16.4995807, 43.5255004], [16.4995859, 43.5254825], [16.4995854, 43.5255004]]]}, "properties": {"tema": "zgrade-postojece", "opis": "Postojeće zgrade", "cad_sloj": "TPS_C000_Zgrade POSTOJECE", "list": "2b_Vodoopskrbna mreža_ID_DPU_DRACEVAC", "plan": "DPU radne zone Dračevac", "izvor": "DPU radne zone Dračevac (split.hr), vektorizirano iz PDF-a"}}, {"type": "Feature", "geometry": {"type": "Polygon", "coordinates": [[[16.4995807, 43.5255004], [16.4995859, 43.5254825], [16.4995807, 43.5254825], [16.4995807, 43.5255004]]]}, "properties": {"tema": "zgrade-postojece", "opis": "Postojeće zgrade", "cad_sloj": "TPS_C000_Zgrade POSTOJECE", "list": "2b_Vodoopskrbna mreža_ID_DPU_DRACEVAC", "plan": "DPU radne zone Dračevac", "izvor": "DPU radne zone Dračevac (split.hr), vektorizirano iz PDF-a"}}, {"type": "Feature", "geometry": {"type": "Polygon", "coordinates": [[[16.4995864, 43.5254646], [16.4995812, 43.5254646], [16.4995864, 43.5254467], [16.4995864, 43.5254646]]]}, "properties": {"tema": "zgrade-postojece", "opis": "Postojeće zgrade", "cad_sloj": "TPS_C000_Zgrade POSTOJECE", "list": "2b_Vodoopskrbna mreža_ID_DPU_DRACEVAC", "plan": "DPU radne zone Dračevac", "izvor": "DPU radne zone Dračevac (split.hr), vektorizirano iz PDF-a"}}, {"type": "Feature", "geometry": {"type": "Polygon", "coordinates": [[[16.4995812, 43.5254646], [16.4995864, 43.5254467], [16.4995817, 43.5254467], [16.4995812, 43.5254646]]]}, "properties": {"tema": "zgrade-postojece", "opis": "Postojeće zgrade", "cad_sloj": "TPS_C000_Zgrade POSTOJECE", "list": "2b_Vodoopskrbna mreža_ID_DPU_DRACEVAC", "plan": "DPU radne zone Dračevac", "izvor": "DPU radne zone Dračevac (split.hr), vektorizirano iz PDF-a"}}, {"type": "Feature", "geometry": {"type": "Polygon", "coordinates": [[[16.4995869, 43.5254288], [16.4995822, 43.5254288], [16.4995875, 43.525411], [16.4995869, 43.5254288]]]}, "properties": {"tema": "zgrade-postojece", "opis": "Postojeće zgrade", "cad_sloj": "TPS_C000_Zgrade POSTOJECE", "list": "2b_Vodoopskrbna mreža_ID_DPU_DRACEVAC", "plan": "DPU radne zone Dračevac", "izvor": "DPU radne zone Dračevac (split.hr), vektorizirano iz PDF-a"}}, {"type": "Feature", "geometry": {"type": "Polygon", "coordinates": [[[16.4995822, 43.5254288], [16.4995875, 43.525411], [16.4995827, 43.5254106], [16.4995822, 43.5254288]]]}, "properties": {"tema": "zgrade-postojece", "opis": "Postojeće zgrade", "cad_sloj": "TPS_C000_Zgrade POSTOJECE", "list": "2b_Vodoopskrbna mreža_ID_DPU_DRACEVAC", "plan": "DPU radne zone Dračevac", "izvor": "DPU radne zone Dračevac (split.hr), vektorizirano iz PDF-a"}}, {"type": "Feature", "geometry": {"type": "Polygon", "coordinates": [[[16.499588, 43.5253927], [16.4995827, 43.5253927], [16.4995885, 43.5253748], [16.499588, 43.5253927]]]}, "properties": {"tema": "zgrade-postojece", "opis": "Postojeće zgrade", "cad_sloj": "TPS_C000_Zgrade POSTOJECE", "list": "2b_Vodoopskrbna mreža_ID_DPU_DRACEVAC", "plan": "DPU radne zone Dračevac", "izvor": "DPU radne zone Dračevac (split.hr), vektorizirano iz PDF-a"}}, {"type": "Feature", "geometry": {"type": "Polygon", "coordinates": [[[16.4995827, 43.5253927], [16.4995885, 43.5253748], [16.4995833, 43.5253748], [16.4995827, 43.5253927]]]}, "properties": {"tema": "zgrade-postojece", "opis": "Postojeće zgrade", "cad_sloj": "TPS_C000_Zgrade POSTOJECE", "list": "2b_Vodoopskrbna mreža_ID_DPU_DRACEVAC", "plan": "DPU radne zone Dračevac", "izvor": "DPU radne zone Dračevac (split.hr), vektorizirano iz PDF-a"}}, {"type": "Feature", "geometry": {"type": "Polygon", "coordinates": [[[16.4995885, 43.5253569], [16.4995838, 43.5253569], [16.499589, 43.525339], [16.4995885, 43.5253569]]]}, "properties": {"tema": "zgrade-postojece", "opis": "Postojeće zgrade", "cad_sloj": "TPS_C000_Zgrade POSTOJECE", "list": "2b_Vodoopskrbna mreža_ID_DPU_DRACEVAC", "plan": "DPU radne zone Dračevac", "izvor": "DPU radne zone Dračevac (split.hr), vektorizirano iz PDF-a"}}, {"type": "Feature", "geometry": {"type": "Polygon", "coordinates": [[[16.4995838, 43.5253569], [16.499589, 43.525339], [16.4995843, 43.525339], [16.4995838, 43.5253569]]]}, "properties": {"tema": "zgrade-postojece", "opis": "Postojeće zgrade", "cad_sloj": "TPS_C000_Zgrade POSTOJECE", "list": "2b_Vodoopskrbna mreža_ID_DPU_DRACEVAC", "plan": "DPU radne zone Dračevac", "izvor": "DPU radne zone Dračevac (split.hr), vektorizirano iz PDF-a"}}, {"type": "Feature", "geometry": {"type": "Polygon", "coordinates": [[[16.4995895, 43.5253211], [16.4995843, 43.5253207], [16.4995901, 43.5253029], [16.4995895, 43.5253211]]]}, "properties": {"tema": "zgrade-postojece", "opis": "Postojeće zgrade", "cad_sloj": "TPS_C000_Zgrade POSTOJECE", "list": "2b_Vodoopskrbna mreža_ID_DPU_DRACEVAC", "plan": "DPU radne zone Dračevac", "izvor": "DPU radne zone Dračevac (split.hr), vektorizirano iz PDF-a"}}, {"type": "Feature", "geometry": {"type": "Polygon", "coordinates": [[[16.4995843, 43.5253207], [16.4995901, 43.5253029], [16.4995848, 43.5253029], [16.4995843, 43.5253207]]]}, "properties": {"tema": "zgrade-postojece", "opis": "Postojeće zgrade", "cad_sloj": "TPS_C000_Zgrade POSTOJECE", "list": "2b_Vodoopskrbna mreža_ID_DPU_DRACEVAC", "plan": "DPU radne zone Dračevac", "izvor": "DPU radne zone Dračevac (split.hr), vektorizirano iz PDF-a"}}, {"type": "Feature", "geometry": {"type": "Polygon", "coordinates": [[[16.4995901, 43.525285], [16.4995854, 43.525285], [16.4995906, 43.5252671], [16.4995901, 43.525285]]]}, "properties": {"tema": "zgrade-postojece", "opis": "Postojeće zgrade", "cad_sloj": "TPS_C000_Zgrade POSTOJECE", "list": "2b_Vodoopskrbna mreža_ID_DPU_DRACEVAC", "plan": "DPU radne zone Dračevac", "izvor": "DPU radne zone Dračevac (split.hr), vektorizirano iz PDF-a"}}, {"type": "Feature", "geometry": {"type": "Polygon", "coordinates": [[[16.4995854, 43.525285], [16.4995906, 43.5252671], [16.4995859, 43.5252671], [16.4995854, 43.525285]]]}, "properties": {"tema": "zgrade-postojece", "opis": "Postojeće zgrade", "cad_sloj": "TPS_C000_Zgrade POSTOJECE", "list": "2b_Vodoopskrbna mreža_ID_DPU_DRACEVAC", "plan": "DPU radne zone Dračevac", "izvor": "DPU radne zone Dračevac (split.hr), vektorizirano iz PDF-a"}}, {"type": "Feature", "geometry": {"type": "Polygon", "coordinates": [[[16.4995911, 43.5252492], [16.4995864, 43.5252492], [16.4995916, 43.5252313], [16.4995911, 43.5252492]]]}, "properties": {"tema": "zgrade-postojece", "opis": "Postojeće zgrade", "cad_sloj": "TPS_C000_Zgrade POSTOJECE", "list": "2b_Vodoopskrbna mreža_ID_DPU_DRACEVAC", "plan": "DPU radne zone Dračevac", "izvor": "DPU radne zone Dračevac (split.hr), vektorizirano iz PDF-a"}}, {"type": "Feature", "geometry": {"type": "Polygon", "coordinates": [[[16.4995864, 43.5252492], [16.4995916, 43.5252313], [16.4995864, 43.5252309], [16.4995864, 43.5252492]]]}, "properties": {"tema": "zgrade-postojece", "opis": "Postojeće zgrade", "cad_sloj": "TPS_C000_Zgrade POSTOJECE", "list": "2b_Vodoopskrbna mreža_ID_DPU_DRACEVAC", "plan": "DPU radne zone Dračevac", "izvor": "DPU radne zone Dračevac (split.hr), vektorizirano iz PDF-a"}}, {"type": "Feature", "geometry": {"type": "Polygon", "coordinates": [[[16.4995922, 43.525213], [16.4995869, 43.525213], [16.4995922, 43.5251951], [16.4995922, 43.525213]]]}, "properties": {"tema": "zgrade-postojece", "opis": "Postojeće zgrade", "cad_sloj": "TPS_C000_Zgrade POSTOJECE", "list": "2b_Vodoopskrbna mreža_ID_DPU_DRACEVAC", "plan": "DPU radne zone Dračevac", "izvor": "DPU radne zone Dračevac (split.hr), vektorizirano iz PDF-a"}}, {"type": "Feature", "geometry": {"type": "Polygon", "coordinates": [[[16.4995869, 43.525213], [16.4995922, 43.5251951], [16.4995875, 43.5251951], [16.4995869, 43.525213]]]}, "properties": {"tema": "zgrade-postojece", "opis": "Postojeće zgrade", "cad_sloj": "TPS_C000_Zgrade POSTOJECE", "list": "2b_Vodoopskrbna mreža_ID_DPU_DRACEVAC", "plan": "DPU radne zone Dračevac", "izvor": "DPU radne zone Dračevac (split.hr), vektorizirano iz PDF-a"}}, {"type": "Feature", "geometry": {"type": "Polygon", "coordinates": [[[16.4995927, 43.5251773], [16.499588, 43.5251773], [16.4995932, 43.5251594], [16.4995927, 43.5251773]]]}, "properties": {"tema": "zgrade-postojece", "opis": "Postojeće zgrade", "cad_sloj": "TPS_C000_Zgrade POSTOJECE", "list": "2b_Vodoopskrbna mreža_ID_DPU_DRACEVAC", "plan": "DPU radne zone Dračevac", "izvor": "DPU radne zone Dračevac (split.hr), vektorizirano iz PDF-a"}}, {"type": "Feature", "geometry": {"type": "Polygon", "coordinates": [[[16.499588, 43.5251773], [16.4995932, 43.5251594], [16.499588, 43.5251594], [16.499588, 43.5251773]]]}, "properties": {"tema": "zgrade-postojece", "opis": "Postojeće zgrade", "cad_sloj": "TPS_C000_Zgrade POSTOJECE", "list": "2b_Vodoopskrbna mreža_ID_DPU_DRACEVAC", "plan": "DPU radne zone Dračevac", "izvor": "DPU radne zone Dračevac (split.hr), vektorizirano iz PDF-a"}}, {"type": "Feature", "geometry": {"type": "Polygon", "coordinates": [[[16.4995937, 43.5251415], [16.4995885, 43.5251411], [16.4995937, 43.5251232], [16.4995937, 43.5251415]]]}, "properties": {"tema": "zgrade-postojece", "opis": "Postojeće zgrade", "cad_sloj": "TPS_C000_Zgrade POSTOJECE", "list": "2b_Vodoopskrbna mreža_ID_DPU_DRACEVAC", "plan": "DPU radne zone Dračevac", "izvor": "DPU radne zone Dračevac (split.hr), vektorizirano iz PDF-a"}}, {"type": "Feature", "geometry": {"type": "Polygon", "coordinates": [[[16.4995885, 43.5251411], [16.4995937, 43.5251232], [16.499589, 43.5251232], [16.4995885, 43.5251411]]]}, "properties": {"tema": "zgrade-postojece", "opis": "Postojeće zgrade", "cad_sloj": "TPS_C000_Zgrade POSTOJECE", "list": "2b_Vodoopskrbna mreža_ID_DPU_DRACEVAC", "plan": "DPU radne zone Dračevac", "izvor": "DPU radne zone Dračevac (split.hr), vektorizirano iz PDF-a"}}, {"type": "Feature", "geometry": {"type": "Polygon", "coordinates": [[[16.4995943, 43.5251053], [16.4995895, 43.5251053], [16.4995948, 43.5250874], [16.4995943, 43.5251053]]]}, "properties": {"tema": "zgrade-postojece", "opis": "Postojeće zgrade", "cad_sloj": "TPS_C000_Zgrade POSTOJECE", "list": "2b_Vodoopskrbna mreža_ID_DPU_DRACEVAC", "plan": "DPU radne zone Dračevac", "izvor": "DPU radne zone Dračevac (split.hr), vektorizirano iz PDF-a"}}, {"type": "Feature", "geometry": {"type": "Polygon", "coordinates": [[[16.4995895, 43.5251053], [16.4995948, 43.5250874], [16.4995901, 43.5250874], [16.4995895, 43.5251053]]]}, "properties": {"tema": "zgrade-postojece", "opis": "Postojeće zgrade", "cad_sloj": "TPS_C000_Zgrade POSTOJECE", "list": "2b_Vodoopskrbna mreža_ID_DPU_DRACEVAC", "plan": "DPU radne zone Dračevac", "izvor": "DPU radne zone Dračevac (split.hr), vektorizirano iz PDF-a"}}, {"type": "Feature", "geometry": {"type": "Polygon", "coordinates": [[[16.4995953, 43.5250695], [16.4995901, 43.5250695], [16.4995958, 43.5250516], [16.4995953, 43.5250695]]]}, "properties": {"tema": "zgrade-postojece", "opis": "Postojeće zgrade", "cad_sloj": "TPS_C000_Zgrade POSTOJECE", "list": "2b_Vodoopskrbna mreža_ID_DPU_DRACEVAC", "plan": "DPU radne zone Dračevac", "izvor": "DPU radne zone Dračevac (split.hr), vektorizirano iz PDF-a"}}, {"type": "Feature", "geometry": {"type": "Polygon", "coordinates": [[[16.4995901, 43.5250695], [16.4995958, 43.5250516], [16.4995906, 43.5250513], [16.4995901, 43.5250695]]]}, "properties": {"tema": "zgrade-postojece", "opis": "Postojeće zgrade", "cad_sloj": "TPS_C000_Zgrade POSTOJECE", "list": "2b_Vodoopskrbna mreža_ID_DPU_DRACEVAC", "plan": "DPU radne zone Dračevac", "izvor": "DPU radne zone Dračevac (split.hr), vektorizirano iz PDF-a"}}, {"type": "Feature", "geometry": {"type": "Polygon", "coordinates": [[[16.4995958, 43.5250334], [16.4995911, 43.5250334], [16.4995964, 43.5250105], [16.4995958, 43.5250334]]]}, "properties": {"tema": "zgrade-postojece", "opis": "Postojeće zgrade", "cad_sloj": "TPS_C000_Zgrade POSTOJECE", "list": "2b_Vodoopskrbna mreža_ID_DPU_DRACEVAC", "plan": "DPU radne zone Dračevac", "izvor": "DPU radne zone Dračevac (split.hr), vektorizirano iz PDF-a"}}, {"type": "Feature", "geometry": {"type": "Polygon", "coordinates": [[[16.4995911, 43.5250334], [16.4995964, 43.5250105], [16.4995916, 43.5250105], [16.4995911, 43.5250334]]]}, "properties": {"tema": "zgrade-postojece", "opis": "Postojeće zgrade", "cad_sloj": "TPS_C000_Zgrade POSTOJECE", "list": "2b_Vodoopskrbna mreža_ID_DPU_DRACEVAC", "plan": "DPU radne zone Dračevac", "izvor": "DPU radne zone Dračevac (split.hr), vektorizirano iz PDF-a"}}, {"type": "Feature", "geometry": {"type": "Polygon", "coordinates": [[[16.4995943, 43.5250086], [16.4995943, 43.5250124], [16.4995759, 43.5250086], [16.4995943, 43.5250086]]]}, "properties": {"tema": "zgrade-postojece", "opis": "Postojeće zgrade", "cad_sloj": "TPS_C000_Zgrade POSTOJECE", "list": "2b_Vodoopskrbna mreža_ID_DPU_DRACEVAC", "plan": "DPU radne zone Dračevac", "izvor": "DPU radne zone Dračevac (split.hr), vektorizirano iz PDF-a"}}, {"type": "Feature", "geometry": {"type": "Polygon", "coordinates": [[[16.4995943, 43.5250124], [16.4995759, 43.5250086], [16.4995754, 43.5250121], [16.4995943, 43.5250124]]]}, "properties": {"tema": "zgrade-postojece", "opis": "Postojeće zgrade", "cad_sloj": "TPS_C000_Zgrade POSTOJECE", "list": "2b_Vodoopskrbna mreža_ID_DPU_DRACEVAC", "plan": "DPU radne zone Dračevac", "izvor": "DPU radne zone Dračevac (split.hr), vektorizirano iz PDF-a"}}, {"type": "Feature", "geometry": {"type": "Polygon", "coordinates": [[[16.4995508, 43.5250083], [16.4995508, 43.5250117], [16.4995263, 43.5250079], [16.4995508, 43.5250083]]]}, "properties": {"tema": "zgrade-postojece", "opis": "Postojeće zgrade", "cad_sloj": "TPS_C000_Zgrade POSTOJECE", "list": "2b_Vodoopskrbna mreža_ID_DPU_DRACEVAC", "plan": "DPU radne zone Dračevac", "izvor": "DPU radne zone Dračevac (split.hr), vektorizirano iz PDF-a"}}, {"type": "Feature", "geometry": {"type": "Polygon", "coordinates": [[[16.4995508, 43.5250117], [16.4995263, 43.5250079], [16.4995263, 43.5250113], [16.4995508, 43.5250117]]]}, "properties": {"tema": "zgrade-postojece", "opis": "Postojeće zgrade", "cad_sloj": "TPS_C000_Zgrade POSTOJECE", "list": "2b_Vodoopskrbna mreža_ID_DPU_DRACEVAC", "plan": "DPU radne zone Dračevac", "izvor": "DPU radne zone Dračevac (split.hr), vektorizirano iz PDF-a"}}, {"type": "Feature", "geometry": {"type": "Polygon", "coordinates": [[[16.4995017, 43.5250075], [16.4995017, 43.5250109], [16.4994771, 43.5250071], [16.4995017, 43.5250075]]]}, "properties": {"tema": "zgrade-postojece", "opis": "Postojeće zgrade", "cad_sloj": "TPS_C000_Zgrade POSTOJECE", "list": "2b_Vodoopskrbna mreža_ID_DPU_DRACEVAC", "plan": "DPU radne zone Dračevac", "izvor": "DPU radne zone Dračevac (split.hr), vektorizirano iz PDF-a"}}, {"type": "Feature", "geometry": {"type": "Polygon", "coordinates": [[[16.4995017, 43.5250109], [16.4994771, 43.5250071], [16.4994771, 43.5250105], [16.4995017, 43.5250109]]]}, "properties": {"tema": "zgrade-postojece", "opis": "Postojeće zgrade", "cad_sloj": "TPS_C000_Zgrade POSTOJECE", "list": "2b_Vodoopskrbna mreža_ID_DPU_DRACEVAC", "plan": "DPU radne zone Dračevac", "izvor": "DPU radne zone Dračevac (split.hr), vektorizirano iz PDF-a"}}, {"type": "Feature", "geometry": {"type": "Polygon", "coordinates": [[[16.4994525, 43.5250067], [16.4994525, 43.5250105], [16.4994279, 43.5250064], [16.4994525, 43.5250067]]]}, "properties": {"tema": "zgrade-postojece", "opis": "Postojeće zgrade", "cad_sloj": "TPS_C000_Zgrade POSTOJECE", "list": "2b_Vodoopskrbna mreža_ID_DPU_DRACEVAC", "plan": "DPU radne zone Dračevac", "izvor": "DPU radne zone Dračevac (split.hr), vektorizirano iz PDF-a"}}, {"type": "Feature", "geometry": {"type": "Polygon", "coordinates": [[[16.4994525, 43.5250105], [16.4994279, 43.5250064], [16.4994274, 43.5250102], [16.4994525, 43.5250105]]]}, "properties": {"tema": "zgrade-postojece", "opis": "Postojeće zgrade", "cad_sloj": "TPS_C000_Zgrade POSTOJECE", "list": "2b_Vodoopskrbna mreža_ID_DPU_DRACEVAC", "plan": "DPU radne zone Dračevac", "izvor": "DPU radne zone Dračevac (split.hr), vektorizirano iz PDF-a"}}, {"type": "Feature", "geometry": {"type": "Polygon", "coordinates": [[[16.4994028, 43.525006], [16.4994028, 43.5250098], [16.4993782, 43.5250056], [16.4994028, 43.525006]]]}, "properties": {"tema": "zgrade-postojece", "opis": "Postojeće zgrade", "cad_sloj": "TPS_C000_Zgrade POSTOJECE", "list": "2b_Vodoopskrbna mreža_ID_DPU_DRACEVAC", "plan": "DPU radne zone Dračevac", "izvor": "DPU radne zone Dračevac (split.hr), vektorizirano iz PDF-a"}}, {"type": "Feature", "geometry": {"type": "Polygon", "coordinates": [[[16.4994028, 43.5250098], [16.4993782, 43.5250056], [16.4993782, 43.5250094], [16.4994028, 43.5250098]]]}, "properties": {"tema": "zgrade-postojece", "opis": "Postojeće zgrade", "cad_sloj": "TPS_C000_Zgrade POSTOJECE", "list": "2b_Vodoopskrbna mreža_ID_DPU_DRACEVAC", "plan": "DPU radne zone Dračevac", "izvor": "DPU radne zone Dračevac (split.hr), vektorizirano iz PDF-a"}}, {"type": "Feature", "geometry": {"type": "Polygon", "coordinates": [[[16.4993536, 43.5250052], [16.4993536, 43.525009], [16.4993353, 43.5250052], [16.4993536, 43.5250052]]]}, "properties": {"tema": "zgrade-postojece", "opis": "Postojeće zgrade", "cad_sloj": "TPS_C000_Zgrade POSTOJECE", "list": "2b_Vodoopskrbna mreža_ID_DPU_DRACEVAC", "plan": "DPU radne zone Dračevac", "izvor": "DPU radne zone Dračevac (split.hr), vektorizirano iz PDF-a"}}, {"type": "Feature", "geometry": {"type": "Polygon", "coordinates": [[[16.4993536, 43.525009], [16.4993353, 43.5250052], [16.4993353, 43.5250086], [16.4993536, 43.525009]]]}, "properties": {"tema": "zgrade-postojece", "opis": "Postojeće zgrade", "cad_sloj": "TPS_C000_Zgrade POSTOJECE", "list": "2b_Vodoopskrbna mreža_ID_DPU_DRACEVAC", "plan": "DPU radne zone Dračevac", "izvor": "DPU radne zone Dračevac (split.hr), vektorizirano iz PDF-a"}}, {"type": "Feature", "geometry": {"type": "Polygon", "coordinates": [[[16.4993327, 43.5250067], [16.4993374, 43.5250071], [16.4993322, 43.5250307], [16.4993327, 43.5250067]]]}, "properties": {"tema": "zgrade-postojece", "opis": "Postojeće zgrade", "cad_sloj": "TPS_C000_Zgrade POSTOJECE", "list": "2b_Vodoopskrbna mreža_ID_DPU_DRACEVAC", "plan": "DPU radne zone Dračevac", "izvor": "DPU radne zone Dračevac (split.hr), vektorizirano iz PDF-a"}}, {"type": "Feature", "geometry": {"type": "Polygon", "coordinates": [[[16.4993374, 43.5250071], [16.4993322, 43.5250307], [16.4993369, 43.5250307], [16.4993374, 43.5250071]]]}, "properties": {"tema": "zgrade-postojece", "opis": "Postojeće zgrade", "cad_sloj": "TPS_C000_Zgrade POSTOJECE", "list": "2b_Vodoopskrbna mreža_ID_DPU_DRACEVAC", "plan": "DPU radne zone Dračevac", "izvor": "DPU radne zone Dračevac (split.hr), vektorizirano iz PDF-a"}}, {"type": "Feature", "geometry": {"type": "Polygon", "coordinates": [[[16.4993317, 43.5250486], [16.4993369, 43.525049], [16.4993311, 43.5250669], [16.4993317, 43.5250486]]]}, "properties": {"tema": "zgrade-postojece", "opis": "Postojeće zgrade", "cad_sloj": "TPS_C000_Zgrade POSTOJECE", "list": "2b_Vodoopskrbna mreža_ID_DPU_DRACEVAC", "plan": "DPU radne zone Dračevac", "izvor": "DPU radne zone Dračevac (split.hr), vektorizirano iz PDF-a"}}, {"type": "Feature", "geometry": {"type": "Polygon", "coordinates": [[[16.4993369, 43.525049], [16.4993311, 43.5250669], [16.4993364, 43.5250669], [16.4993369, 43.525049]]]}, "properties": {"tema": "zgrade-postojece", "opis": "Postojeće zgrade", "cad_sloj": "TPS_C000_Zgrade POSTOJECE", "list": "2b_Vodoopskrbna mreža_ID_DPU_DRACEVAC", "plan": "DPU radne zone Dračevac", "izvor": "DPU radne zone Dračevac (split.hr), vektorizirano iz PDF-a"}}, {"type": "Feature", "geometry": {"type": "Polygon", "coordinates": [[[16.4993306, 43.5250848], [16.4993359, 43.5250848], [16.4993306, 43.5251026], [16.4993306, 43.5250848]]]}, "properties": {"tema": "zgrade-postojece", "opis": "Postojeće zgrade", "cad_sloj": "TPS_C000_Zgrade POSTOJECE", "list": "2b_Vodoopskrbna mreža_ID_DPU_DRACEVAC", "plan": "DPU radne zone Dračevac", "izvor": "DPU radne zone Dračevac (split.hr), vektorizirano iz PDF-a"}}, {"type": "Feature", "geometry": {"type": "Polygon", "coordinates": [[[16.4993359, 43.5250848], [16.4993306, 43.5251026], [16.4993353, 43.5251026], [16.4993359, 43.5250848]]]}, "properties": {"tema": "zgrade-postojece", "opis": "Postojeće zgrade", "cad_sloj": "TPS_C000_Zgrade POSTOJECE", "list": "2b_Vodoopskrbna mreža_ID_DPU_DRACEVAC", "plan": "DPU radne zone Dračevac", "izvor": "DPU radne zone Dračevac (split.hr), vektorizirano iz PDF-a"}}, {"type": "Feature", "geometry": {"type": "Polygon", "coordinates": [[[16.4993301, 43.5251205], [16.4993348, 43.5251205], [16.4993296, 43.5251384], [16.4993301, 43.5251205]]]}, "properties": {"tema": "zgrade-postojece", "opis": "Postojeće zgrade", "cad_sloj": "TPS_C000_Zgrade POSTOJECE", "list": "2b_Vodoopskrbna mreža_ID_DPU_DRACEVAC", "plan": "DPU radne zone Dračevac", "izvor": "DPU radne zone Dračevac (split.hr), vektorizirano iz PDF-a"}}, {"type": "Feature", "geometry": {"type": "Polygon", "coordinates": [[[16.4993348, 43.5251205], [16.4993296, 43.5251384], [16.4993343, 43.5251388], [16.4993348, 43.5251205]]]}, "properties": {"tema": "zgrade-postojece", "opis": "Postojeće zgrade", "cad_sloj": "TPS_C000_Zgrade POSTOJECE", "list": "2b_Vodoopskrbna mreža_ID_DPU_DRACEVAC", "plan": "DPU radne zone Dračevac", "izvor": "DPU radne zone Dračevac (split.hr), vektorizirano iz PDF-a"}}, {"type": "Feature", "geometry": {"type": "Polygon", "coordinates": [[[16.499329, 43.5251567], [16.4993338, 43.5251567], [16.4993285, 43.5251746], [16.499329, 43.5251567]]]}, "properties": {"tema": "zgrade-postojece", "opis": "Postojeće zgrade", "cad_sloj": "TPS_C000_Zgrade POSTOJECE", "list": "2b_Vodoopskrbna mreža_ID_DPU_DRACEVAC", "plan": "DPU radne zone Dračevac", "izvor": "DPU radne zone Dračevac (split.hr), vektorizirano iz PDF-a"}}, {"type": "Feature", "geometry": {"type": "Polygon", "coordinates": [[[16.4993338, 43.5251567], [16.4993285, 43.5251746], [16.4993338, 43.5251746], [16.4993338, 43.5251567]]]}, "properties": {"tema": "zgrade-postojece", "opis": "Postojeće zgrade", "cad_sloj": "TPS_C000_Zgrade POSTOJECE", "list": "2b_Vodoopskrbna mreža_ID_DPU_DRACEVAC", "plan": "DPU radne zone Dračevac", "izvor": "DPU radne zone Dračevac (split.hr), vektorizirano iz PDF-a"}}, {"type": "Feature", "geometry": {"type": "Polygon", "coordinates": [[[16.499328, 43.5251925], [16.4993332, 43.5251925], [16.4993275, 43.5252165], [16.499328, 43.5251925]]]}, "properties": {"tema": "zgrade-postojece", "opis": "Postojeće zgrade", "cad_sloj": "TPS_C000_Zgrade POSTOJECE", "list": "2b_Vodoopskrbna mreža_ID_DPU_DRACEVAC", "plan": "DPU radne zone Dračevac", "izvor": "DPU radne zone Dračevac (split.hr), vektorizirano iz PDF-a"}}, {"type": "Feature", "geometry": {"type": "Polygon", "coordinates": [[[16.4993332, 43.5251925], [16.4993275, 43.5252165], [16.4993327, 43.5252165], [16.4993332, 43.5251925]]]}, "properties": {"tema": "zgrade-postojece", "opis": "Postojeće zgrade", "cad_sloj": "TPS_C000_Zgrade POSTOJECE", "list": "2b_Vodoopskrbna mreža_ID_DPU_DRACEVAC", "plan": "DPU radne zone Dračevac", "izvor": "DPU radne zone Dračevac (split.hr), vektorizirano iz PDF-a"}}, {"type": "Feature", "geometry": {"type": "Polygon", "coordinates": [[[16.4993301, 43.5252146], [16.4993301, 43.5252184], [16.4993013, 43.5252146], [16.4993301, 43.5252146]]]}, "properties": {"tema": "zgrade-postojece", "opis": "Postojeće zgrade", "cad_sloj": "TPS_C000_Zgrade POSTOJECE", "list": "2b_Vodoopskrbna mreža_ID_DPU_DRACEVAC", "plan": "DPU radne zone Dračevac", "izvor": "DPU radne zone Dračevac (split.hr), vektorizirano iz PDF-a"}}, {"type": "Feature", "geometry": {"type": "Polygon", "coordinates": [[[16.4993301, 43.5252184], [16.4993013, 43.5252146], [16.4993008, 43.525218], [16.4993301, 43.5252184]]]}, "properties": {"tema": "zgrade-postojece", "opis": "Postojeće zgrade", "cad_sloj": "TPS_C000_Zgrade POSTOJECE", "list": "2b_Vodoopskrbna mreža_ID_DPU_DRACEVAC", "plan": "DPU radne zone Dračevac", "izvor": "DPU radne zone Dračevac (split.hr), vektorizirano iz PDF-a"}}, {"type": "Feature", "geometry": {"type": "Polygon", "coordinates": [[[16.4992987, 43.5252161], [16.4993034, 43.5252161], [16.4992982, 43.5252351], [16.4992987, 43.5252161]]]}, "properties": {"tema": "zgrade-postojece", "opis": "Postojeće zgrade", "cad_sloj": "TPS_C000_Zgrade POSTOJECE", "list": "2b_Vodoopskrbna mreža_ID_DPU_DRACEVAC", "plan": "DPU radne zone Dračevac", "izvor": "DPU radne zone Dračevac (split.hr), vektorizirano iz PDF-a"}}, {"type": "Feature", "geometry": {"type": "Polygon", "coordinates": [[[16.4993034, 43.5252161], [16.4992982, 43.5252351], [16.4993029, 43.5252351], [16.4993034, 43.5252161]]]}, "properties": {"tema": "zgrade-postojece", "opis": "Postojeće zgrade", "cad_sloj": "TPS_C000_Zgrade POSTOJECE", "list": "2b_Vodoopskrbna mreža_ID_DPU_DRACEVAC", "plan": "DPU radne zone Dračevac", "izvor": "DPU radne zone Dračevac (split.hr), vektorizirano iz PDF-a"}}, {"type": "Feature", "geometry": {"type": "Polygon", "coordinates": [[[16.4992977, 43.525253], [16.4993024, 43.5252534], [16.4992966, 43.5252724], [16.4992977, 43.525253]]]}, "properties": {"tema": "zgrade-postojece", "opis": "Postojeće zgrade", "cad_sloj": "TPS_C000_Zgrade POSTOJECE", "list": "2b_Vodoopskrbna mreža_ID_DPU_DRACEVAC", "plan": "DPU radne zone Dračevac", "izvor": "DPU radne zone Dračevac (split.hr), vektorizirano iz PDF-a"}}, {"type": "Feature", "geometry": {"type": "Polygon", "coordinates": [[[16.4993024, 43.5252534], [16.4992966, 43.5252724], [16.4993018, 43.5252724], [16.4993024, 43.5252534]]]}, "properties": {"tema": "zgrade-postojece", "opis": "Postojeće zgrade", "cad_sloj": "TPS_C000_Zgrade POSTOJECE", "list": "2b_Vodoopskrbna mreža_ID_DPU_DRACEVAC", "plan": "DPU radne zone Dračevac", "izvor": "DPU radne zone Dračevac (split.hr), vektorizirano iz PDF-a"}}, {"type": "Feature", "geometry": {"type": "Polygon", "coordinates": [[[16.4992992, 43.5252739], [16.4992992, 43.5252705], [16.4993285, 43.5252743], [16.4992992, 43.5252739]]]}, "properties": {"tema": "zgrade-postojece", "opis": "Postojeće zgrade", "cad_sloj": "TPS_C000_Zgrade POSTOJECE", "list": "2b_Vodoopskrbna mreža_ID_DPU_DRACEVAC", "plan": "DPU radne zone Dračevac", "izvor": "DPU radne zone Dračevac (split.hr), vektorizirano iz PDF-a"}}, {"type": "Feature", "geometry": {"type": "Polygon", "coordinates": [[[16.4992992, 43.5252705], [16.4993285, 43.5252743], [16.4993285, 43.5252709], [16.4992992, 43.5252705]]]}, "properties": {"tema": "zgrade-postojece", "opis": "Postojeće zgrade", "cad_sloj": "TPS_C000_Zgrade POSTOJECE", "list": "2b_Vodoopskrbna mreža_ID_DPU_DRACEVAC", "plan": "DPU radne zone Dračevac", "izvor": "DPU radne zone Dračevac (split.hr), vektorizirano iz PDF-a"}}, {"type": "Feature", "geometry": {"type": "Polygon", "coordinates": [[[16.4993259, 43.5252724], [16.4993306, 43.5252724], [16.4993254, 43.5252895], [16.4993259, 43.5252724]]]}, "properties": {"tema": "zgrade-postojece", "opis": "Postojeće zgrade", "cad_sloj": "TPS_C000_Zgrade POSTOJECE", "list": "2b_Vodoopskrbna mreža_ID_DPU_DRACEVAC", "plan": "DPU radne zone Dračevac", "izvor": "DPU radne zone Dračevac (split.hr), vektorizirano iz PDF-a"}}, {"type": "Feature", "geometry": {"type": "Polygon", "coordinates": [[[16.4993306, 43.5252724], [16.4993254, 43.5252895], [16.4993306, 43.5252895], [16.4993306, 43.5252724]]]}, "properties": {"tema": "zgrade-postojece", "opis": "Postojeće zgrade", "cad_sloj": "TPS_C000_Zgrade POSTOJECE", "list": "2b_Vodoopskrbna mreža_ID_DPU_DRACEVAC", "plan": "DPU radne zone Dračevac", "izvor": "DPU radne zone Dračevac (split.hr), vektorizirano iz PDF-a"}}, {"type": "Feature", "geometry": {"type": "Polygon", "coordinates": [[[16.4993249, 43.5253074], [16.4993301, 43.5253074], [16.4993249, 43.5253246], [16.4993249, 43.5253074]]]}, "properties": {"tema": "zgrade-postojece", "opis": "Postojeće zgrade", "cad_sloj": "TPS_C000_Zgrade POSTOJECE", "list": "2b_Vodoopskrbna mreža_ID_DPU_DRACEVAC", "plan": "DPU radne zone Dračevac", "izvor": "DPU radne zone Dračevac (split.hr), vektorizirano iz PDF-a"}}, {"type": "Feature", "geometry": {"type": "Polygon", "coordinates": [[[16.4993301, 43.5253074], [16.4993249, 43.5253246], [16.4993296, 43.5253246], [16.4993301, 43.5253074]]]}, "properties": {"tema": "zgrade-postojece", "opis": "Postojeće zgrade", "cad_sloj": "TPS_C000_Zgrade POSTOJECE", "list": "2b_Vodoopskrbna mreža_ID_DPU_DRACEVAC", "plan": "DPU radne zone Dračevac", "izvor": "DPU radne zone Dračevac (split.hr), vektorizirano iz PDF-a"}}, {"type": "Feature", "geometry": {"type": "Polygon", "coordinates": [[[16.499327, 43.5253226], [16.499327, 43.5253265], [16.4992982, 43.5253226], [16.499327, 43.5253226]]]}, "properties": {"tema": "zgrade-postojece", "opis": "Postojeće zgrade", "cad_sloj": "TPS_C000_Zgrade POSTOJECE", "list": "2b_Vodoopskrbna mreža_ID_DPU_DRACEVAC", "plan": "DPU radne zone Dračevac", "izvor": "DPU radne zone Dračevac (split.hr), vektorizirano iz PDF-a"}}, {"type": "Feature", "geometry": {"type": "Polygon", "coordinates": [[[16.499327, 43.5253265], [16.4992982, 43.5253226], [16.4992982, 43.5253261], [16.499327, 43.5253265]]]}, "properties": {"tema": "zgrade-postojece", "opis": "Postojeće zgrade", "cad_sloj": "TPS_C000_Zgrade POSTOJECE", "list": "2b_Vodoopskrbna mreža_ID_DPU_DRACEVAC", "plan": "DPU radne zone Dračevac", "izvor": "DPU radne zone Dračevac (split.hr), vektorizirano iz PDF-a"}}, {"type": "Feature", "geometry": {"type": "Polygon", "coordinates": [[[16.4992956, 43.5253242], [16.4993008, 43.5253242], [16.499295, 43.5253436], [16.4992956, 43.5253242]]]}, "properties": {"tema": "zgrade-postojece", "opis": "Postojeće zgrade", "cad_sloj": "TPS_C000_Zgrade POSTOJECE", "list": "2b_Vodoopskrbna mreža_ID_DPU_DRACEVAC", "plan": "DPU radne zone Dračevac", "izvor": "DPU radne zone Dračevac (split.hr), vektorizirano iz PDF-a"}}, {"type": "Feature", "geometry": {"type": "Polygon", "coordinates": [[[16.4993008, 43.5253242], [16.499295, 43.5253436], [16.4992998, 43.5253436], [16.4993008, 43.5253242]]]}, "properties": {"tema": "zgrade-postojece", "opis": "Postojeće zgrade", "cad_sloj": "TPS_C000_Zgrade POSTOJECE", "list": "2b_Vodoopskrbna mreža_ID_DPU_DRACEVAC", "plan": "DPU radne zone Dračevac", "izvor": "DPU radne zone Dračevac (split.hr), vektorizirano iz PDF-a"}}, {"type": "Feature", "geometry": {"type": "Polygon", "coordinates": [[[16.4992945, 43.5253615], [16.4992992, 43.5253615], [16.499294, 43.5253805], [16.4992945, 43.5253615]]]}, "properties": {"tema": "zgrade-postojece", "opis": "Postojeće zgrade", "cad_sloj": "TPS_C000_Zgrade POSTOJECE", "list": "2b_Vodoopskrbna mreža_ID_DPU_DRACEVAC", "plan": "DPU radne zone Dračevac", "izvor": "DPU radne zone Dračevac (split.hr), vektorizirano iz PDF-a"}}, {"type": "Feature", "geometry": {"type": "Polygon", "coordinates": [[[16.4992992, 43.5253615], [16.499294, 43.5253805], [16.4992987, 43.5253805], [16.4992992, 43.5253615]]]}, "properties": {"tema": "zgrade-postojece", "opis": "Postojeće zgrade", "cad_sloj": "TPS_C000_Zgrade POSTOJECE", "list": "2b_Vodoopskrbna mreža_ID_DPU_DRACEVAC", "plan": "DPU radne zone Dračevac", "izvor": "DPU radne zone Dračevac (split.hr), vektorizirano iz PDF-a"}}, {"type": "Feature", "geometry": {"type": "Polygon", "coordinates": [[[16.4992961, 43.5253824], [16.4992966, 43.525379], [16.4993254, 43.5253828], [16.4992961, 43.5253824]]]}, "properties": {"tema": "zgrade-postojece", "opis": "Postojeće zgrade", "cad_sloj": "TPS_C000_Zgrade POSTOJECE", "list": "2b_Vodoopskrbna mreža_ID_DPU_DRACEVAC", "plan": "DPU radne zone Dračevac", "izvor": "DPU radne zone Dračevac (split.hr), vektorizirano iz PDF-a"}}, {"type": "Feature", "geometry": {"type": "Polygon", "coordinates": [[[16.4992966, 43.525379], [16.4993254, 43.5253828], [16.4993254, 43.5253794], [16.4992966, 43.525379]]]}, "properties": {"tema": "zgrade-postojece", "opis": "Postojeće zgrade", "cad_sloj": "TPS_C000_Zgrade POSTOJECE", "list": "2b_Vodoopskrbna mreža_ID_DPU_DRACEVAC", "plan": "DPU radne zone Dračevac", "izvor": "DPU radne zone Dračevac (split.hr), vektorizirano iz PDF-a"}}, {"type": "Feature", "geometry": {"type": "Polygon", "coordinates": [[[16.4993228, 43.5253813], [16.4993275, 43.5253813], [16.4993228, 43.5253965], [16.4993228, 43.5253813]]]}, "properties": {"tema": "zgrade-postojece", "opis": "Postojeće zgrade", "cad_sloj": "TPS_C000_Zgrade POSTOJECE", "list": "2b_Vodoopskrbna mreža_ID_DPU_DRACEVAC", "plan": "DPU radne zone Dračevac", "izvor": "DPU radne zone Dračevac (split.hr), vektorizirano iz PDF-a"}}, {"type": "Feature", "geometry": {"type": "Polygon", "coordinates": [[[16.4993275, 43.5253813], [16.4993228, 43.5253965], [16.4993275, 43.5253969], [16.4993275, 43.5253813]]]}, "properties": {"tema": "zgrade-postojece", "opis": "Postojeće zgrade", "cad_sloj": "TPS_C000_Zgrade POSTOJECE", "list": "2b_Vodoopskrbna mreža_ID_DPU_DRACEVAC", "plan": "DPU radne zone Dračevac", "izvor": "DPU radne zone Dračevac (split.hr), vektorizirano iz PDF-a"}}, {"type": "Feature", "geometry": {"type": "Polygon", "coordinates": [[[16.4993222, 43.5254148], [16.499327, 43.5254148], [16.4993217, 43.5254326], [16.4993222, 43.5254148]]]}, "properties": {"tema": "zgrade-postojece", "opis": "Postojeće zgrade", "cad_sloj": "TPS_C000_Zgrade POSTOJECE", "list": "2b_Vodoopskrbna mreža_ID_DPU_DRACEVAC", "plan": "DPU radne zone Dračevac", "izvor": "DPU radne zone Dračevac (split.hr), vektorizirano iz PDF-a"}}, {"type": "Feature", "geometry": {"type": "Polygon", "coordinates": [[[16.499327, 43.5254148], [16.4993217, 43.5254326], [16.499327, 43.5254326], [16.499327, 43.5254148]]]}, "properties": {"tema": "zgrade-postojece", "opis": "Postojeće zgrade", "cad_sloj": "TPS_C000_Zgrade POSTOJECE", "list": "2b_Vodoopskrbna mreža_ID_DPU_DRACEVAC", "plan": "DPU radne zone Dračevac", "izvor": "DPU radne zone Dračevac (split.hr), vektorizirano iz PDF-a"}}, {"type": "Feature", "geometry": {"type": "Polygon", "coordinates": [[[16.4993217, 43.5254505], [16.4993264, 43.5254505], [16.4993212, 43.5254684], [16.4993217, 43.5254505]]]}, "properties": {"tema": "zgrade-postojece", "opis": "Postojeće zgrade", "cad_sloj": "TPS_C000_Zgrade POSTOJECE", "list": "2b_Vodoopskrbna mreža_ID_DPU_DRACEVAC", "plan": "DPU radne zone Dračevac", "izvor": "DPU radne zone Dračevac (split.hr), vektorizirano iz PDF-a"}}, {"type": "Feature", "geometry": {"type": "Polygon", "coordinates": [[[16.4993264, 43.5254505], [16.4993212, 43.5254684], [16.4993264, 43.5254684], [16.4993264, 43.5254505]]]}, "properties": {"tema": "zgrade-postojece", "opis": "Postojeće zgrade", "cad_sloj": "TPS_C000_Zgrade POSTOJECE", "list": "2b_Vodoopskrbna mreža_ID_DPU_DRACEVAC", "plan": "DPU radne zone Dračevac", "izvor": "DPU radne zone Dračevac (split.hr), vektorizirano iz PDF-a"}}, {"type": "Feature", "geometry": {"type": "Polygon", "coordinates": [[[16.4993212, 43.5254863], [16.4993259, 43.5254867], [16.4993207, 43.5255046], [16.4993212, 43.5254863]]]}, "properties": {"tema": "zgrade-postojece", "opis": "Postojeće zgrade", "cad_sloj": "TPS_C000_Zgrade POSTOJECE", "list": "2b_Vodoopskrbna mreža_ID_DPU_DRACEVAC", "plan": "DPU radne zone Dračevac", "izvor": "DPU radne zone Dračevac (split.hr), vektorizirano iz PDF-a"}}, {"type": "Feature", "geometry": {"type": "Polygon", "coordinates": [[[16.4993259, 43.5254867], [16.4993207, 43.5255046], [16.4993254, 43.5255046], [16.4993259, 43.5254867]]]}, "properties": {"tema": "zgrade-postojece", "opis": "Postojeće zgrade", "cad_sloj": "TPS_C000_Zgrade POSTOJECE", "list": "2b_Vodoopskrbna mreža_ID_DPU_DRACEVAC", "plan": "DPU radne zone Dračevac", "izvor": "DPU radne zone Dračevac (split.hr), vektorizirano iz PDF-a"}}, {"type": "Feature", "geometry": {"type": "Polygon", "coordinates": [[[16.4993202, 43.5255225], [16.4993254, 43.5255225], [16.4993202, 43.5255381], [16.4993202, 43.5255225]]]}, "properties": {"tema": "zgrade-postojece", "opis": "Postojeće zgrade", "cad_sloj": "TPS_C000_Zgrade POSTOJECE", "list": "2b_Vodoopskrbna mreža_ID_DPU_DRACEVAC", "plan": "DPU radne zone Dračevac", "izvor": "DPU radne zone Dračevac (split.hr), vektorizirano iz PDF-a"}}, {"type": "Feature", "geometry": {"type": "Polygon", "coordinates": [[[16.4993254, 43.5255225], [16.4993202, 43.5255381], [16.4993249, 43.5255381], [16.4993254, 43.5255225]]]}, "properties": {"tema": "zgrade-postojece", "opis": "Postojeće zgrade", "cad_sloj": "TPS_C000_Zgrade POSTOJECE", "list": "2b_Vodoopskrbna mreža_ID_DPU_DRACEVAC", "plan": "DPU radne zone Dračevac", "izvor": "DPU radne zone Dračevac (split.hr), vektorizirano iz PDF-a"}}, {"type": "Feature", "geometry": {"type": "Polygon", "coordinates": [[[16.4993228, 43.52554], [16.4993228, 43.5255362], [16.4993374, 43.52554], [16.4993228, 43.52554]]]}, "properties": {"tema": "zgrade-postojece", "opis": "Postojeće zgrade", "cad_sloj": "TPS_C000_Zgrade POSTOJECE", "list": "2b_Vodoopskrbna mreža_ID_DPU_DRACEVAC", "plan": "DPU radne zone Dračevac", "izvor": "DPU radne zone Dračevac (split.hr), vektorizirano iz PDF-a"}}, {"type": "Feature", "geometry": {"type": "Polygon", "coordinates": [[[16.4993228, 43.5255362], [16.4993374, 43.52554], [16.4993379, 43.5255366], [16.4993228, 43.5255362]]]}, "properties": {"tema": "zgrade-postojece", "opis": "Postojeće zgrade", "cad_sloj": "TPS_C000_Zgrade POSTOJECE", "list": "2b_Vodoopskrbna mreža_ID_DPU_DRACEVAC", "plan": "DPU radne zone Dračevac", "izvor": "DPU radne zone Dračevac (split.hr), vektorizirano iz PDF-a"}}, {"type": "Feature", "geometry": {"type": "Polygon", "coordinates": [[[16.4993625, 43.5255404], [16.4993625, 43.5255366], [16.4993777, 43.5255404], [16.4993625, 43.5255404]]]}, "properties": {"tema": "zgrade-postojece", "opis": "Postojeće zgrade", "cad_sloj": "TPS_C000_Zgrade POSTOJECE", "list": "2b_Vodoopskrbna mreža_ID_DPU_DRACEVAC", "plan": "DPU radne zone Dračevac", "izvor": "DPU radne zone Dračevac (split.hr), vektorizirano iz PDF-a"}}, {"type": "Feature", "geometry": {"type": "Polygon", "coordinates": [[[16.4993625, 43.5255366], [16.4993777, 43.5255404], [16.4993777, 43.5255369], [16.4993625, 43.5255366]]]}, "properties": {"tema": "zgrade-postojece", "opis": "Postojeće zgrade", "cad_sloj": "TPS_C000_Zgrade POSTOJECE", "list": "2b_Vodoopskrbna mreža_ID_DPU_DRACEVAC", "plan": "DPU radne zone Dračevac", "izvor": "DPU radne zone Dračevac (split.hr), vektorizirano iz PDF-a"}}, {"type": "Feature", "geometry": {"type": "Polygon", "coordinates": [[[16.4993751, 43.5255388], [16.4993798, 43.5255388], [16.4993746, 43.5255548], [16.4993751, 43.5255388]]]}, "properties": {"tema": "zgrade-postojece", "opis": "Postojeće zgrade", "cad_sloj": "TPS_C000_Zgrade POSTOJECE", "list": "2b_Vodoopskrbna mreža_ID_DPU_DRACEVAC", "plan": "DPU radne zone Dračevac", "izvor": "DPU radne zone Dračevac (split.hr), vektorizirano iz PDF-a"}}, {"type": "Feature", "geometry": {"type": "Polygon", "coordinates": [[[16.4993798, 43.5255388], [16.4993746, 43.5255548], [16.4993798, 43.5255548], [16.4993798, 43.5255388]]]}, "properties": {"tema": "zgrade-postojece", "opis": "Postojeće zgrade", "cad_sloj": "TPS_C000_Zgrade POSTOJECE", "list": "2b_Vodoopskrbna mreža_ID_DPU_DRACEVAC", "plan": "DPU radne zone Dračevac", "izvor": "DPU radne zone Dračevac (split.hr), vektorizirano iz PDF-a"}}, {"type": "Feature", "geometry": {"type": "Polygon", "coordinates": [[[16.499374, 43.5255727], [16.4993793, 43.5255727], [16.499374, 43.5255887], [16.499374, 43.5255727]]]}, "properties": {"tema": "zgrade-postojece", "opis": "Postojeće zgrade", "cad_sloj": "TPS_C000_Zgrade POSTOJECE", "list": "2b_Vodoopskrbna mreža_ID_DPU_DRACEVAC", "plan": "DPU radne zone Dračevac", "izvor": "DPU radne zone Dračevac (split.hr), vektorizirano iz PDF-a"}}, {"type": "Feature", "geometry": {"type": "Polygon", "coordinates": [[[16.4993793, 43.5255727], [16.499374, 43.5255887], [16.4993787, 43.5255887], [16.4993793, 43.5255727]]]}, "properties": {"tema": "zgrade-postojece", "opis": "Postojeće zgrade", "cad_sloj": "TPS_C000_Zgrade POSTOJECE", "list": "2b_Vodoopskrbna mreža_ID_DPU_DRACEVAC", "plan": "DPU radne zone Dračevac", "izvor": "DPU radne zone Dračevac (split.hr), vektorizirano iz PDF-a"}}, {"type": "Feature", "geometry": {"type": "Polygon", "coordinates": [[[16.4993761, 43.5255868], [16.4993761, 43.5255906], [16.4993447, 43.5255864], [16.4993761, 43.5255868]]]}, "properties": {"tema": "zgrade-postojece", "opis": "Postojeće zgrade", "cad_sloj": "TPS_C000_Zgrade POSTOJECE", "list": "2b_Vodoopskrbna mreža_ID_DPU_DRACEVAC", "plan": "DPU radne zone Dračevac", "izvor": "DPU radne zone Dračevac (split.hr), vektorizirano iz PDF-a"}}, {"type": "Feature", "geometry": {"type": "Polygon", "coordinates": [[[16.4993761, 43.5255906], [16.4993447, 43.5255864], [16.4993447, 43.5255898], [16.4993761, 43.5255906]]]}, "properties": {"tema": "zgrade-postojece", "opis": "Postojeće zgrade", "cad_sloj": "TPS_C000_Zgrade POSTOJECE", "list": "2b_Vodoopskrbna mreža_ID_DPU_DRACEVAC", "plan": "DPU radne zone Dračevac", "izvor": "DPU radne zone Dračevac (split.hr), vektorizirano iz PDF-a"}}, {"type": "Feature", "geometry": {"type": "Polygon", "coordinates": [[[16.4993202, 43.525586], [16.4993202, 43.5255898], [16.4992882, 43.5255857], [16.4993202, 43.525586]]]}, "properties": {"tema": "zgrade-postojece", "opis": "Postojeće zgrade", "cad_sloj": "TPS_C000_Zgrade POSTOJECE", "list": "2b_Vodoopskrbna mreža_ID_DPU_DRACEVAC", "plan": "DPU radne zone Dračevac", "izvor": "DPU radne zone Dračevac (split.hr), vektorizirano iz PDF-a"}}, {"type": "Feature", "geometry": {"type": "Polygon", "coordinates": [[[16.4993202, 43.5255898], [16.4992882, 43.5255857], [16.4992882, 43.5255895], [16.4993202, 43.5255898]]]}, "properties": {"tema": "zgrade-postojece", "opis": "Postojeće zgrade", "cad_sloj": "TPS_C000_Zgrade POSTOJECE", "list": "2b_Vodoopskrbna mreža_ID_DPU_DRACEVAC", "plan": "DPU radne zone Dračevac", "izvor": "DPU radne zone Dračevac (split.hr), vektorizirano iz PDF-a"}}, {"type": "Feature", "geometry": {"type": "Polygon", "coordinates": [[[16.4992862, 43.5255876], [16.4992909, 43.5255876], [16.4992856, 43.5255971], [16.4992862, 43.5255876]]]}, "properties": {"tema": "zgrade-postojece", "opis": "Postojeće zgrade", "cad_sloj": "TPS_C000_Zgrade POSTOJECE", "list": "2b_Vodoopskrbna mreža_ID_DPU_DRACEVAC", "plan": "DPU radne zone Dračevac", "izvor": "DPU radne zone Dračevac (split.hr), vektorizirano iz PDF-a"}}, {"type": "Feature", "geometry": {"type": "Polygon", "coordinates": [[[16.4992909, 43.5255876], [16.4992856, 43.5255971], [16.4992903, 43.5255971], [16.4992909, 43.5255876]]]}, "properties": {"tema": "zgrade-postojece", "opis": "Postojeće zgrade", "cad_sloj": "TPS_C000_Zgrade POSTOJECE", "list": "2b_Vodoopskrbna mreža_ID_DPU_DRACEVAC", "plan": "DPU radne zone Dračevac", "izvor": "DPU radne zone Dračevac (split.hr), vektorizirano iz PDF-a"}}, {"type": "Feature", "geometry": {"type": "Polygon", "coordinates": [[[16.4992851, 43.525615], [16.4992903, 43.525615], [16.4992846, 43.5256329], [16.4992851, 43.525615]]]}, "properties": {"tema": "zgrade-postojece", "opis": "Postojeće zgrade", "cad_sloj": "TPS_C000_Zgrade POSTOJECE", "list": "2b_Vodoopskrbna mreža_ID_DPU_DRACEVAC", "plan": "DPU radne zone Dračevac", "izvor": "DPU radne zone Dračevac (split.hr), vektorizirano iz PDF-a"}}, {"type": "Feature", "geometry": {"type": "Polygon", "coordinates": [[[16.4992903, 43.525615], [16.4992846, 43.5256329], [16.4992898, 43.5256329], [16.4992903, 43.525615]]]}, "properties": {"tema": "zgrade-postojece", "opis": "Postojeće zgrade", "cad_sloj": "TPS_C000_Zgrade POSTOJECE", "list": "2b_Vodoopskrbna mreža_ID_DPU_DRACEVAC", "plan": "DPU radne zone Dračevac", "izvor": "DPU radne zone Dračevac (split.hr), vektorizirano iz PDF-a"}}, {"type": "Feature", "geometry": {"type": "Polygon", "coordinates": [[[16.4992841, 43.5256507], [16.4992893, 43.5256511], [16.4992835, 43.525669], [16.4992841, 43.5256507]]]}, "properties": {"tema": "zgrade-postojece", "opis": "Postojeće zgrade", "cad_sloj": "TPS_C000_Zgrade POSTOJECE", "list": "2b_Vodoopskrbna mreža_ID_DPU_DRACEVAC", "plan": "DPU radne zone Dračevac", "izvor": "DPU radne zone Dračevac (split.hr), vektorizirano iz PDF-a"}}, {"type": "Feature", "geometry": {"type": "Polygon", "coordinates": [[[16.4992893, 43.5256511], [16.4992835, 43.525669], [16.4992888, 43.525669], [16.4992893, 43.5256511]]]}, "properties": {"tema": "zgrade-postojece", "opis": "Postojeće zgrade", "cad_sloj": "TPS_C000_Zgrade POSTOJECE", "list": "2b_Vodoopskrbna mreža_ID_DPU_DRACEVAC", "plan": "DPU radne zone Dračevac", "izvor": "DPU radne zone Dračevac (split.hr), vektorizirano iz PDF-a"}}, {"type": "Feature", "geometry": {"type": "Polygon", "coordinates": [[[16.499283, 43.5256869], [16.4992882, 43.5256869], [16.4992825, 43.5257048], [16.499283, 43.5256869]]]}, "properties": {"tema": "zgrade-postojece", "opis": "Postojeće zgrade", "cad_sloj": "TPS_C000_Zgrade POSTOJECE", "list": "2b_Vodoopskrbna mreža_ID_DPU_DRACEVAC", "plan": "DPU radne zone Dračevac", "izvor": "DPU radne zone Dračevac (split.hr), vektorizirano iz PDF-a"}}, {"type": "Feature", "geometry": {"type": "Polygon", "coordinates": [[[16.4992882, 43.5256869], [16.4992825, 43.5257048], [16.4992877, 43.5257048], [16.4992882, 43.5256869]]]}, "properties": {"tema": "zgrade-postojece", "opis": "Postojeće zgrade", "cad_sloj": "TPS_C000_Zgrade POSTOJECE", "list": "2b_Vodoopskrbna mreža_ID_DPU_DRACEVAC", "plan": "DPU radne zone Dračevac", "izvor": "DPU radne zone Dračevac (split.hr), vektorizirano iz PDF-a"}}, {"type": "Feature", "geometry": {"type": "Polygon", "coordinates": [[[16.499282, 43.5257227], [16.4992872, 43.5257227], [16.499282, 43.5257322], [16.499282, 43.5257227]]]}, "properties": {"tema": "zgrade-postojece", "opis": "Postojeće zgrade", "cad_sloj": "TPS_C000_Zgrade POSTOJECE", "list": "2b_Vodoopskrbna mreža_ID_DPU_DRACEVAC", "plan": "DPU radne zone Dračevac", "izvor": "DPU radne zone Dračevac (split.hr), vektorizirano iz PDF-a"}}, {"type": "Feature", "geometry": {"type": "Polygon", "coordinates": [[[16.4992872, 43.5257227], [16.499282, 43.5257322], [16.4992867, 43.5257322], [16.4992872, 43.5257227]]]}, "properties": {"tema": "zgrade-postojece", "opis": "Postojeće zgrade", "cad_sloj": "TPS_C000_Zgrade POSTOJECE", "list": "2b_Vodoopskrbna mreža_ID_DPU_DRACEVAC", "plan": "DPU radne zone Dračevac", "izvor": "DPU radne zone Dračevac (split.hr), vektorizirano iz PDF-a"}}, {"type": "Feature", "geometry": {"type": "Polygon", "coordinates": [[[16.4992846, 43.5257341], [16.4992846, 43.5257307], [16.4993008, 43.5257341], [16.4992846, 43.5257341]]]}, "properties": {"tema": "zgrade-postojece", "opis": "Postojeće zgrade", "cad_sloj": "TPS_C000_Zgrade POSTOJECE", "list": "2b_Vodoopskrbna mreža_ID_DPU_DRACEVAC", "plan": "DPU radne zone Dračevac", "izvor": "DPU radne zone Dračevac (split.hr), vektorizirano iz PDF-a"}}, {"type": "Feature", "geometry": {"type": "Polygon", "coordinates": [[[16.4992846, 43.5257307], [16.4993008, 43.5257341], [16.4993008, 43.5257307], [16.4992846, 43.5257307]]]}, "properties": {"tema": "zgrade-postojece", "opis": "Postojeće zgrade", "cad_sloj": "TPS_C000_Zgrade POSTOJECE", "list": "2b_Vodoopskrbna mreža_ID_DPU_DRACEVAC", "plan": "DPU radne zone Dračevac", "izvor": "DPU radne zone Dračevac (split.hr), vektorizirano iz PDF-a"}}, {"type": "Feature", "geometry": {"type": "Polygon", "coordinates": [[[16.4993254, 43.5257345], [16.4993254, 43.5257311], [16.49935, 43.5257349], [16.4993254, 43.5257345]]]}, "properties": {"tema": "zgrade-postojece", "opis": "Postojeće zgrade", "cad_sloj": "TPS_C000_Zgrade POSTOJECE", "list": "2b_Vodoopskrbna mreža_ID_DPU_DRACEVAC", "plan": "DPU radne zone Dračevac", "izvor": "DPU radne zone Dračevac (split.hr), vektorizirano iz PDF-a"}}, {"type": "Feature", "geometry": {"type": "Polygon", "coordinates": [[[16.4993254, 43.5257311], [16.49935, 43.5257349], [16.49935, 43.5257314], [16.4993254, 43.5257311]]]}, "properties": {"tema": "zgrade-postojece", "opis": "Postojeće zgrade", "cad_sloj": "TPS_C000_Zgrade POSTOJECE", "list": "2b_Vodoopskrbna mreža_ID_DPU_DRACEVAC", "plan": "DPU radne zone Dračevac", "izvor": "DPU radne zone Dračevac (split.hr), vektorizirano iz PDF-a"}}, {"type": "Feature", "geometry": {"type": "Polygon", "coordinates": [[[16.4993746, 43.5257352], [16.4993746, 43.5257314], [16.4993997, 43.5257356], [16.4993746, 43.5257352]]]}, "properties": {"tema": "zgrade-postojece", "opis": "Postojeće zgrade", "cad_sloj": "TPS_C000_Zgrade POSTOJECE", "list": "2b_Vodoopskrbna mreža_ID_DPU_DRACEVAC", "plan": "DPU radne zone Dračevac", "izvor": "DPU radne zone Dračevac (split.hr), vektorizirano iz PDF-a"}}, {"type": "Feature", "geometry": {"type": "Polygon", "coordinates": [[[16.4993746, 43.5257314], [16.4993997, 43.5257356], [16.4993997, 43.5257318], [16.4993746, 43.5257314]]]}, "properties": {"tema": "zgrade-postojece", "opis": "Postojeće zgrade", "cad_sloj": "TPS_C000_Zgrade POSTOJECE", "list": "2b_Vodoopskrbna mreža_ID_DPU_DRACEVAC", "plan": "DPU radne zone Dračevac", "izvor": "DPU radne zone Dračevac (split.hr), vektorizirano iz PDF-a"}}, {"type": "Feature", "geometry": {"type": "Polygon", "coordinates": [[[16.4994242, 43.525736], [16.4994242, 43.5257322], [16.4994488, 43.525736], [16.4994242, 43.525736]]]}, "properties": {"tema": "zgrade-postojece", "opis": "Postojeće zgrade", "cad_sloj": "TPS_C000_Zgrade POSTOJECE", "list": "2b_Vodoopskrbna mreža_ID_DPU_DRACEVAC", "plan": "DPU radne zone Dračevac", "izvor": "DPU radne zone Dračevac (split.hr), vektorizirano iz PDF-a"}}, {"type": "Feature", "geometry": {"type": "Polygon", "coordinates": [[[16.4994242, 43.5257322], [16.4994488, 43.525736], [16.4994488, 43.5257326], [16.4994242, 43.5257322]]]}, "properties": {"tema": "zgrade-postojece", "opis": "Postojeće zgrade", "cad_sloj": "TPS_C000_Zgrade POSTOJECE", "list": "2b_Vodoopskrbna mreža_ID_DPU_DRACEVAC", "plan": "DPU radne zone Dračevac", "izvor": "DPU radne zone Dračevac (split.hr), vektorizirano iz PDF-a"}}, {"type": "Feature", "geometry": {"type": "Polygon", "coordinates": [[[16.4994734, 43.5257364], [16.4994734, 43.525733], [16.499498, 43.5257368], [16.4994734, 43.5257364]]]}, "properties": {"tema": "zgrade-postojece", "opis": "Postojeće zgrade", "cad_sloj": "TPS_C000_Zgrade POSTOJECE", "list": "2b_Vodoopskrbna mreža_ID_DPU_DRACEVAC", "plan": "DPU radne zone Dračevac", "izvor": "DPU radne zone Dračevac (split.hr), vektorizirano iz PDF-a"}}, {"type": "Feature", "geometry": {"type": "Polygon", "coordinates": [[[16.4994734, 43.525733], [16.499498, 43.5257368], [16.499498, 43.525733], [16.4994734, 43.525733]]]}, "properties": {"tema": "zgrade-postojece", "opis": "Postojeće zgrade", "cad_sloj": "TPS_C000_Zgrade POSTOJECE", "list": "2b_Vodoopskrbna mreža_ID_DPU_DRACEVAC", "plan": "DPU radne zone Dračevac", "izvor": "DPU radne zone Dračevac (split.hr), vektorizirano iz PDF-a"}}, {"type": "Feature", "geometry": {"type": "Polygon", "coordinates": [[[16.4995226, 43.5257371], [16.4995231, 43.5257333], [16.4995393, 43.5257371], [16.4995226, 43.5257371]]]}, "properties": {"tema": "zgrade-postojece", "opis": "Postojeće zgrade", "cad_sloj": "TPS_C000_Zgrade POSTOJECE", "list": "2b_Vodoopskrbna mreža_ID_DPU_DRACEVAC", "plan": "DPU radne zone Dračevac", "izvor": "DPU radne zone Dračevac (split.hr), vektorizirano iz PDF-a"}}, {"type": "Feature", "geometry": {"type": "Polygon", "coordinates": [[[16.4995231, 43.5257333], [16.4995393, 43.5257371], [16.4995393, 43.5257337], [16.4995231, 43.5257333]]]}, "properties": {"tema": "zgrade-postojece", "opis": "Postojeće zgrade", "cad_sloj": "TPS_C000_Zgrade POSTOJECE", "list": "2b_Vodoopskrbna mreža_ID_DPU_DRACEVAC", "plan": "DPU radne zone Dračevac", "izvor": "DPU radne zone Dračevac (split.hr), vektorizirano iz PDF-a"}}]}