{"type":"FeatureCollection","name":"Korisna_povrsina_Split_2025_Korisna_povrsina_Split_2025","crs":{"type":"name","properties":{"name":"urn:ogc:def:crs:OGC:1.3:CRS84"}},"xy_coordinate_resolution":0.000001,"features":[{"type":"Feature","properties":{"krov":"ROOF_NOT_FLAT","visina":3.3857,"kota_vrha":83.32667969},"geometry":{"type":"Polygon","coordinates":[[[16.505735,43.519673],[16.505731,43.519674],[16.505721,43.519676],[16.505721,43.519678],[16.505721,43.519688],[16.505734,43.519688],[16.505734,43.519697],[16.505734,43.519706],[16.505746,43.519706],[16.505746,43.519715],[16.505758,43.519715],[16.505758,43.519706],[16.505758,43.519697],[16.505758,43.519687],[16.505746,43.519687],[16.505746,43.519678],[16.505746,43.519671],[16.505735,43.519673]]]}},{"type":"Feature","properties":{"krov":"ROOF_NOT_FLAT","visina":7.0686,"kota_vrha":86.20157969},"geometry":{"type":"Polygon","coordinates":[[[16.506315,43.519831],[16.506309,43.519815],[16.506303,43.519798],[16.506308,43.519797],[16.506298,43.519768],[16.50629,43.519768],[16.506278,43.519768],[16.506278,43.519777],[16.506278,43.519786],[16.506278,43.519795],[16.506278,43.519804],[16.50629,43.519804],[16.50629,43.519813],[16.50629,43.519822],[16.50629,43.519831],[16.506303,43.519831],[16.506312,43.519831],[16.506315,43.519831]]]}},{"type":"Feature","properties":{"krov":"ROOF_NOT_FLAT","visina":8.8403,"kota_vrha":86.39627969},"geometry":{"type":"Polygon","coordinates":[[[16.506298,43.519768],[16.506308,43.519797],[16.506303,43.519798],[16.506309,43.519815],[16.506315,43.519831],[16.506315,43.519831],[16.506315,43.519831],[16.506315,43.519833],[16.506318,43.51984],[16.506327,43.51984],[16.506327,43.519849],[16.50634,43.519849],[16.506352,43.519849],[16.506352,43.51984],[16.506364,43.51984],[16.506377,43.51984],[16.506389,43.51984],[16.506444,43.51983],[16.506434,43.519817],[16.506426,43.519813],[16.506426,43.519804],[16.506426,43.519795],[16.506426,43.519786],[16.506414,43.519768],[16.506414,43.519759],[16.506414,43.51975],[16.506402,43.51975],[16.506389,43.51975],[16.506389,43.519759],[16.506377,43.519759],[16.506364,43.519759],[16.506352,43.519759],[16.506327,43.519759],[16.506327,43.519768],[16.506303,43.519768],[16.506298,43.519768]]]}},{"type":"Feature","properties":{"krov":"ROOF_FLAT","visina":2.1743,"kota_vrha":84.19027969},"geometry":{"type":"Polygon","coordinates":[[[16.504608,43.519805],[16.504583,43.519805],[16.504583,43.519859],[16.50462,43.519859],[16.50462,43.519832],[16.504608,43.519832],[16.504608,43.519805]]]}},{"type":"Feature","properties":{"krov":"ROOF_NOT_FLAT","visina":2.5993,"kota_vrha":82.05627969},"geometry":{"type":"Polygon","coordinates":[[[16.506228,43.519852],[16.506228,43.51985],[16.506228,43.519841],[16.506216,43.519841],[16.506204,43.519841],[16.506204,43.51985],[16.506188,43.519854],[16.506199,43.519857],[16.506228,43.519852]]]}},{"type":"Feature","properties":{"krov":"ROOF_NOT_FLAT","visina":3.7873,"kota_vrha":83.43627969},"geometry":{"type":"Polygon","coordinates":[[[16.506228,43.519852],[16.506199,43.519857],[16.506204,43.519859],[16.506204,43.519868],[16.506204,43.519877],[16.506216,43.519877],[16.506228,43.519877],[16.506241,43.519877],[16.506241,43.519868],[16.506241,43.519859],[16.506228,43.519859],[16.506228,43.519852]]]}},{"type":"Feature","properties":{"krov":"ROOF_NOT_FLAT","visina":12.7126,"kota_vrha":92.95457969},"geometry":{"type":"Polygon","coordinates":[[[16.505833,43.519895],[16.505848,43.51989],[16.505833,43.519886],[16.505833,43.519895]]]}},{"type":"Feature","properties":{"krov":"ROOF_FLAT","visina":2.6369,"kota_vrha":81.73687969},"geometry":{"type":"Polygon","coordinates":[[[16.504128,43.519886],[16.50413,43.519904],[16.504138,43.519904],[16.504163,43.519904],[16.504163,43.519886],[16.504138,43.519886],[16.504128,43.519886]]]}},{"type":"Feature","properties":{"krov":"ROOF_FLAT","visina":2.4179,"kota_vrha":81.05687969},"geometry":{"type":"Polygon","coordinates":[[[16.504128,43.519886],[16.504126,43.519886],[16.504113,43.519886],[16.504101,43.519886],[16.504088,43.519886],[16.504076,43.519886],[16.504072,43.519886],[16.504074,43.519904],[16.504076,43.519904],[16.504088,43.519904],[16.504101,43.519904],[16.504113,43.519904],[16.504126,43.519904],[16.50413,43.519904],[16.504128,43.519886]]]}},{"type":"Feature","properties":{"krov":"ROOF_FLAT","visina":2.1679,"kota_vrha":80.61687969},"geometry":{"type":"Polygon","coordinates":[[[16.504072,43.519886],[16.504064,43.519886],[16.504046,43.519895],[16.504064,43.519904],[16.504074,43.519904],[16.504072,43.519886]]]}},{"type":"Feature","properties":{"krov":"ROOF_FLAT","visina":9.232,"kota_vrha":89.30997969},"geometry":{"type":"MultiPolygon","coordinates":[[[[16.505795,43.519787],[16.505795,43.519788],[16.505798,43.519787],[16.505795,43.519787]]],[[[16.505833,43.519805],[16.505845,43.519805],[16.505845,43.519806],[16.505857,43.519803],[16.505857,43.519796],[16.505845,43.519796],[16.505845,43.519787],[16.505845,43.519778],[16.505833,43.519778],[16.50582,43.519778],[16.505815,43.519778],[16.505808,43.519779],[16.505808,43.519785],[16.505811,43.519785],[16.505812,43.519787],[16.505823,43.519785],[16.505831,43.51981],[16.505833,43.51981],[16.505833,43.519805]]]]}},{"type":"Feature","properties":{"krov":"ROOF_NOT_FLAT","visina":11.9318,"kota_vrha":92.18477969},"geometry":{"type":"Polygon","coordinates":[[[16.50578,43.519796],[16.505771,43.519796],[16.505758,43.519796],[16.505758,43.519805],[16.505758,43.519807],[16.50576,43.519812],[16.505777,43.519822],[16.505785,43.519807],[16.50578,43.519796]]]}},{"type":"Feature","properties":{"krov":"ROOF_NOT_FLAT","visina":11.9118,"kota_vrha":92.18477969},"geometry":{"type":"Polygon","coordinates":[[[16.505812,43.519787],[16.505811,43.519785],[16.505808,43.519785],[16.505808,43.519787],[16.505801,43.519787],[16.505798,43.519787],[16.505795,43.519788],[16.505795,43.519796],[16.505788,43.519796],[16.505792,43.519805],[16.505809,43.519816],[16.505817,43.5198],[16.505812,43.519787]]]}},{"type":"Feature","properties":{"krov":"ROOF_NOT_FLAT","visina":12.7126,"kota_vrha":92.95457969},"geometry":{"type":"Polygon","coordinates":[[[16.505833,43.519895],[16.50582,43.519895],[16.505808,43.519895],[16.505808,43.519886],[16.505808,43.519877],[16.50582,43.519877],[16.50582,43.519868],[16.505833,43.519868],[16.505833,43.519859],[16.505845,43.519859],[16.505845,43.51985],[16.505845,43.519841],[16.505857,43.519841],[16.505857,43.519832],[16.50587,43.519832],[16.50587,43.519823],[16.505857,43.519823],[16.505857,43.519814],[16.505857,43.519805],[16.505857,43.519803],[16.505845,43.519806],[16.505845,43.519814],[16.505833,43.519814],[16.505833,43.51981],[16.505831,43.51981],[16.505823,43.519785],[16.505812,43.519787],[16.505817,43.5198],[16.505809,43.519816],[16.505792,43.519805],[16.505788,43.519796],[16.505783,43.519796],[16.50578,43.519796],[16.505785,43.519807],[16.505777,43.519822],[16.50576,43.519812],[16.505758,43.519807],[16.505758,43.519814],[16.505758,43.519823],[16.505758,43.519832],[16.505771,43.519832],[16.505771,43.519841],[16.505771,43.51985],[16.505783,43.519886],[16.505783,43.519904],[16.505795,43.519904],[16.505808,43.519904],[16.50582,43.519904],[16.505833,43.519904],[16.505833,43.519895]]]}},{"type":"Feature","properties":{"krov":"ROOF_FLAT","visina":10.1514,"kota_vrha":91.42237969},"geometry":{"type":"Polygon","coordinates":[[[16.505412,43.519904],[16.5054,43.519904],[16.505406,43.519915],[16.505412,43.519904]]]}},{"type":"Feature","properties":{"krov":"ROOF_FLAT","visina":10.1514,"kota_vrha":91.42237969},"geometry":{"type":"Polygon","coordinates":[[[16.505402,43.519936],[16.50541,43.519936],[16.505406,43.519928],[16.505402,43.519936]]]}},{"type":"Feature","properties":{"krov":"ROOF_NOT_FLAT","visina":10.4568,"kota_vrha":93.50977969},"geometry":{"type":"Polygon","coordinates":[[[16.50542,43.519946],[16.50542,43.519942],[16.505412,43.51994],[16.50541,43.519936],[16.505402,43.519936],[16.5054,43.51994],[16.5054,43.519949],[16.505412,43.519949],[16.50542,43.519946]]]}},{"type":"Feature","properties":{"krov":"ROOF_NOT_FLAT","visina":13.814,"kota_vrha":94.76997969},"geometry":{"type":"Polygon","coordinates":[[[16.50542,43.519942],[16.50542,43.519946],[16.505428,43.519944],[16.50542,43.519942]]]}},{"type":"Feature","properties":{"krov":"ROOF_NOT_FLAT","visina":13.919,"kota_vrha":94.96997969},"geometry":{"type":"Polygon","coordinates":[[[16.505494,43.519904],[16.505486,43.519904],[16.505486,43.519895],[16.505474,43.519895],[16.505461,43.519895],[16.505455,43.519895],[16.505455,43.51992],[16.505476,43.519938],[16.505494,43.519921],[16.505494,43.519904]]]}},{"type":"Feature","properties":{"krov":"ROOF_NOT_FLAT","visina":13.814,"kota_vrha":94.76997969},"geometry":{"type":"Polygon","coordinates":[[[16.505494,43.519904],[16.505494,43.519921],[16.505476,43.519938],[16.505455,43.51992],[16.505455,43.519895],[16.505449,43.519895],[16.505437,43.519895],[16.505424,43.519895],[16.505424,43.519904],[16.505437,43.519904],[16.505437,43.519913],[16.505437,43.519922],[16.505437,43.519931],[16.505437,43.51994],[16.505437,43.519949],[16.505449,43.519949],[16.505461,43.519949],[16.505461,43.51994],[16.505474,43.51994],[16.505486,43.51994],[16.505499,43.51994],[16.505511,43.51994],[16.505523,43.51994],[16.505523,43.519931],[16.505523,43.519922],[16.505523,43.519913],[16.505523,43.519904],[16.505523,43.519895],[16.505511,43.519895],[16.505499,43.519895],[16.505499,43.519904],[16.505494,43.519904]]]}},{"type":"Feature","properties":{"krov":"ROOF_FLAT","visina":2.3843,"kota_vrha":84.95027969},"geometry":{"type":"Polygon","coordinates":[[[16.504645,43.519997],[16.504657,43.519985],[16.50467,43.519985],[16.50467,43.519967],[16.504661,43.519955],[16.504645,43.519949],[16.504633,43.519949],[16.504633,43.519958],[16.50462,43.519958],[16.50462,43.519983],[16.504621,43.519985],[16.504633,43.519985],[16.504645,43.519997]]]}},{"type":"Feature","properties":{"krov":"ROOF_FLAT","visina":4.0353,"kota_vrha":85.85027969},"geometry":{"type":"Polygon","coordinates":[[[16.504964,43.519982],[16.505067,43.51996],[16.505067,43.519962],[16.505083,43.519958],[16.505078,43.519958],[16.505078,43.519949],[16.505078,43.51994],[16.505066,43.51994],[16.505066,43.519931],[16.505066,43.519922],[16.505066,43.519913],[16.505053,43.519913],[16.505041,43.519913],[16.505029,43.519913],[16.505029,43.519922],[16.505016,43.519922],[16.505004,43.519922],[16.504991,43.519922],[16.504991,43.519931],[16.504979,43.519931],[16.504967,43.519931],[16.504954,43.519931],[16.504942,43.519931],[16.504942,43.51994],[16.50493,43.51994],[16.504917,43.51994],[16.504901,43.519946],[16.50488,43.519949],[16.504868,43.519949],[16.504868,43.519958],[16.504855,43.519958],[16.504853,43.519958],[16.504869,43.520001],[16.50488,43.519999],[16.50488,43.519994],[16.504892,43.519994],[16.504905,43.519994],[16.504905,43.519985],[16.504917,43.519985],[16.50493,43.519985],[16.504942,43.519985],[16.504942,43.519976],[16.504954,43.519976],[16.504954,43.519984],[16.504964,43.519982]]]}},{"type":"Feature","properties":{"krov":"ROOF_FLAT","visina":4.297,"kota_vrha":87.59997969},"geometry":{"type":"Polygon","coordinates":[[[16.505067,43.519967],[16.505065,43.519963],[16.505067,43.519962],[16.505067,43.51996],[16.504964,43.519982],[16.504966,43.519985],[16.504967,43.519985],[16.504967,43.519987],[16.504969,43.519994],[16.504979,43.519994],[16.504993,43.520033],[16.505004,43.520039],[16.505004,43.520048],[16.505029,43.520048],[16.505041,43.520048],[16.505041,43.520039],[16.505053,43.520039],[16.505066,43.520039],[16.505078,43.520039],[16.50509,43.520039],[16.50509,43.52003],[16.505103,43.52003],[16.505103,43.520021],[16.505103,43.520012],[16.505103,43.520003],[16.50509,43.520003],[16.50509,43.519994],[16.505078,43.519994],[16.505066,43.519994],[16.505066,43.519985],[16.505066,43.519976],[16.505066,43.519967],[16.505067,43.519967]]]}},{"type":"Feature","properties":{"krov":"ROOF_NOT_FLAT","visina":3.575,"kota_vrha":86.08897969},"geometry":{"type":"Polygon","coordinates":[[[16.504869,43.520001],[16.504853,43.519958],[16.504853,43.519958],[16.504843,43.519959],[16.504843,43.519967],[16.504831,43.519967],[16.504818,43.519967],[16.504818,43.519976],[16.504806,43.519976],[16.504793,43.519976],[16.504781,43.519976],[16.504769,43.519976],[16.504769,43.519985],[16.504756,43.519985],[16.504744,43.519985],[16.504732,43.519985],[16.504719,43.519985],[16.504719,43.519994],[16.504719,43.520003],[16.504719,43.520012],[16.504719,43.520021],[16.504732,43.520021],[16.504732,43.52003],[16.504744,43.52003],[16.504756,43.52003],[16.504769,43.52003],[16.504769,43.520021],[16.504814,43.520018],[16.504831,43.520012],[16.504855,43.520012],[16.504855,43.520003],[16.504868,43.520003],[16.50487,43.520003],[16.504869,43.520001]]]}},{"type":"Feature","properties":{"krov":"ROOF_NOT_FLAT","visina":6.9783,"kota_vrha":89.82827969},"geometry":{"type":"Polygon","coordinates":[[[16.505083,43.519958],[16.505067,43.519962],[16.505065,43.519963],[16.505067,43.519967],[16.505078,43.519967],[16.50509,43.519967],[16.50509,43.519976],[16.505103,43.519976],[16.505103,43.519985],[16.505115,43.519985],[16.505124,43.519985],[16.505127,43.519983],[16.505127,43.519976],[16.505127,43.519967],[16.505115,43.519967],[16.505115,43.519958],[16.505103,43.519958],[16.50509,43.519958],[16.505083,43.519958]]]}},{"type":"Feature","properties":{"krov":"ROOF_FLAT","visina":3.315,"kota_vrha":87.99497969},"geometry":{"type":"Polygon","coordinates":[[[16.505553,43.5202],[16.505554,43.52023],[16.505558,43.52023],[16.505559,43.520251],[16.50556,43.520282],[16.50556,43.520282],[16.505573,43.520282],[16.505573,43.520273],[16.50561,43.520273],[16.50561,43.520165],[16.50561,43.520129],[16.50561,43.520111],[16.505585,43.520111],[16.505573,43.520111],[16.505573,43.52012],[16.505568,43.520152],[16.50556,43.520174],[16.50556,43.520192],[16.505554,43.520192],[16.505553,43.5202]]]}},{"type":"Feature","properties":{"krov":"ROOF_NOT_FLAT","visina":2.2948,"kota_vrha":87.83077969},"geometry":{"type":"Polygon","coordinates":[[[16.50556,43.520282],[16.505559,43.520251],[16.505468,43.520259],[16.5054,43.520264],[16.505322,43.520269],[16.505322,43.520272],[16.505276,43.520276],[16.505276,43.520282],[16.505276,43.520291],[16.505276,43.5203],[16.505282,43.520311],[16.505288,43.5203],[16.505301,43.5203],[16.505395,43.520296],[16.505424,43.520291],[16.505449,43.520291],[16.505486,43.520291],[16.505499,43.520291],[16.505499,43.520282],[16.505523,43.520282],[16.505536,43.520282],[16.505548,43.520282],[16.50556,43.520282]]]}},{"type":"Feature","properties":{"krov":"ROOF_NOT_FLAT","visina":3.2995,"kota_vrha":88.25747969},"geometry":{"type":"Polygon","coordinates":[[[16.505322,43.520269],[16.5054,43.520264],[16.505468,43.520259],[16.505559,43.520251],[16.505558,43.52023],[16.505554,43.52023],[16.505553,43.5202],[16.505548,43.5202],[16.505548,43.520201],[16.505536,43.520201],[16.505536,43.52021],[16.505523,43.52021],[16.505499,43.52021],[16.505486,43.52021],[16.505474,43.52021],[16.505461,43.52021],[16.505449,43.52021],[16.505449,43.520219],[16.505437,43.520219],[16.5054,43.520219],[16.505387,43.520219],[16.505255,43.520222],[16.505239,43.520228],[16.505226,43.520228],[16.505214,43.520228],[16.505214,43.520237],[16.505202,43.520242],[16.505185,43.520275],[16.505202,43.520282],[16.505214,43.520282],[16.505226,43.520282],[16.505226,43.520273],[16.505234,43.520273],[16.505234,43.520272],[16.505251,43.520272],[16.505251,43.520264],[16.505264,43.520264],[16.505264,43.520271],[16.505317,43.52027],[16.505322,43.520269]]]}},{"type":"Feature","properties":{"krov":"ROOF_FLAT","visina":3.8432,"kota_vrha":79.48217969},"geometry":{"type":"Polygon","coordinates":[[[16.503773,43.520169],[16.503767,43.520147],[16.503749,43.520151],[16.503708,43.520161],[16.503765,43.52034],[16.503825,43.520329],[16.503773,43.520169]]]}},{"type":"Feature","properties":{"krov":"ROOF_FLAT","visina":2.3379,"kota_vrha":73.66687969},"geometry":{"type":"Polygon","coordinates":[[[16.502666,43.520427],[16.502629,43.520433],[16.502629,43.520435],[16.502641,43.520435],[16.502654,43.520435],[16.502654,43.520444],[16.502641,43.520444],[16.502641,43.520453],[16.502654,43.520453],[16.502666,43.520453],[16.502666,43.520444],[16.502666,43.520435],[16.502666,43.520427]]]}},{"type":"Feature","properties":{"krov":"ROOF_NOT_FLAT","visina":2.8659,"kota_vrha":74.18687969},"geometry":{"type":"Polygon","coordinates":[[[16.502666,43.520427],[16.502666,43.520426],[16.502666,43.520417],[16.502666,43.520408],[16.502654,43.520408],[16.502641,43.520408],[16.502635,43.520396],[16.502629,43.520408],[16.502629,43.520417],[16.502629,43.520426],[16.502629,43.520433],[16.502666,43.520427]]]}},{"type":"Feature","properties":{"krov":"ROOF_NOT_FLAT","visina":5.9155,"kota_vrha":86.61947969},"geometry":{"type":"Polygon","coordinates":[[[16.506315,43.519985],[16.506315,43.519949],[16.506315,43.51994],[16.506278,43.51994],[16.506241,43.51994],[16.506241,43.519949],[16.506154,43.519949],[16.506142,43.519949],[16.506129,43.519949],[16.506117,43.519949],[16.506105,43.519949],[16.506092,43.519949],[16.50608,43.519949],[16.506068,43.519949],[16.506055,43.519949],[16.506043,43.519949],[16.50603,43.519949],[16.506018,43.519949],[16.506018,43.519958],[16.506006,43.519958],[16.505993,43.519958],[16.505981,43.519958],[16.505969,43.519958],[16.505953,43.519962],[16.505969,43.519967],[16.505969,43.519976],[16.505969,43.519985],[16.505969,43.519994],[16.505969,43.520003],[16.505969,43.520012],[16.505981,43.520012],[16.505981,43.520021],[16.505981,43.520039],[16.505981,43.520048],[16.505981,43.520057],[16.505981,43.520066],[16.505993,43.520066],[16.505993,43.520075],[16.505999,43.520116],[16.506006,43.520156],[16.506018,43.520192],[16.506048,43.520323],[16.506055,43.520327],[16.506055,43.520363],[16.506055,43.520381],[16.506068,43.520381],[16.506073,43.520403],[16.506193,43.520442],[16.506241,43.520453],[16.506241,43.520461],[16.506242,43.520462],[16.506253,43.520462],[16.506266,43.520462],[16.506278,43.520462],[16.506389,43.520462],[16.506438,43.52047],[16.506426,43.520435],[16.506384,43.52025],[16.506359,43.520152],[16.506352,43.520102],[16.506352,43.520093],[16.50634,43.520093],[16.50634,43.520084],[16.50633,43.520014],[16.506315,43.519985]]]}},{"type":"Feature","properties":{"krov":"ROOF_NOT_FLAT","visina":2.6971,"kota_vrha":85.22707969},"geometry":{"type":"MultiPolygon","coordinates":[[[[16.506658,43.520425],[16.506652,43.520426],[16.506659,43.520426],[16.506658,43.520425]]],[[[16.506649,43.520426],[16.506644,43.520426],[16.506569,43.520434],[16.506569,43.520435],[16.506575,43.520435],[16.506575,43.520444],[16.506587,43.520444],[16.506587,43.520471],[16.5066,43.520471],[16.506623,43.520471],[16.506624,43.52047],[16.506624,43.520462],[16.506637,43.520462],[16.506648,43.520462],[16.506649,43.520461],[16.506649,43.520453],[16.506649,43.520444],[16.506649,43.520435],[16.506649,43.520426]]]]}},{"type":"Feature","properties":{"krov":"ROOF_NOT_FLAT","visina":5.6684,"kota_vrha":85.61037969},"geometry":{"type":"Polygon","coordinates":[[[16.506569,43.520434],[16.506644,43.520426],[16.506649,43.520426],[16.506649,43.520426],[16.506652,43.520426],[16.506658,43.520425],[16.506674,43.520423],[16.506674,43.520417],[16.506816,43.520403],[16.506779,43.52025],[16.50673,43.520053],[16.506723,43.520003],[16.506715,43.51999],[16.506711,43.519966],[16.506711,43.519948],[16.506698,43.519948],[16.506692,43.519916],[16.506538,43.519921],[16.506525,43.519921],[16.506525,43.519931],[16.506513,43.519931],[16.506451,43.519931],[16.506426,43.519931],[16.506389,43.519931],[16.506389,43.51994],[16.506352,43.51994],[16.506352,43.519976],[16.506352,43.519985],[16.506364,43.519985],[16.506364,43.519994],[16.506364,43.520012],[16.506364,43.52003],[16.506377,43.52003],[16.506377,43.520057],[16.506377,43.520084],[16.506389,43.520084],[16.506389,43.520138],[16.506402,43.520138],[16.506402,43.520156],[16.506402,43.520183],[16.506414,43.520183],[16.506414,43.52021],[16.506414,43.520219],[16.506432,43.520286],[16.506455,43.520378],[16.506463,43.520426],[16.506463,43.520435],[16.506538,43.520435],[16.50655,43.520435],[16.50655,43.520426],[16.506562,43.520426],[16.506562,43.520435],[16.506565,43.520435],[16.506569,43.520434]]]}},{"type":"Feature","properties":{"krov":"ROOF_NOT_FLAT","visina":4.4382,"kota_vrha":61.51017969},"geometry":{"type":"Polygon","coordinates":[[[16.500167,43.520534],[16.50018,43.520534],[16.500192,43.520534],[16.500192,43.520525],[16.500204,43.520525],[16.500204,43.520516],[16.500192,43.520516],[16.50018,43.520516],[16.500167,43.520516],[16.500167,43.520525],[16.500167,43.520534]]]}},{"type":"Feature","properties":{"krov":"ROOF_NOT_FLAT","visina":4.4382,"kota_vrha":61.51017969},"geometry":{"type":"Polygon","coordinates":[[[16.500167,43.520534],[16.500155,43.520534],[16.500155,43.520539],[16.500157,43.520543],[16.500167,43.520543],[16.500167,43.520534]]]}},{"type":"Feature","properties":{"krov":"ROOF_FLAT","visina":3.6357,"kota_vrha":85.09467969},"geometry":{"type":"Polygon","coordinates":[[[16.505105,43.520546],[16.505115,43.520507],[16.505084,43.520527],[16.505105,43.520546]]]}},{"type":"Feature","properties":{"krov":"ROOF_FLAT","visina":7.1,"kota_vrha":63.24997969},"geometry":{"type":"Polygon","coordinates":[[[16.500068,43.520552],[16.500126,43.520531],[16.50013,43.520525],[16.50013,43.520516],[16.500142,43.520516],[16.500142,43.520507],[16.50013,43.520507],[16.50013,43.520489],[16.500118,43.520489],[16.500109,43.520454],[16.500062,43.520467],[16.500031,43.520464],[16.500006,43.520471],[16.499994,43.520471],[16.499965,43.520484],[16.499984,43.520524],[16.500006,43.520534],[16.500019,43.520534],[16.500019,43.520537],[16.500021,43.520536],[16.500025,43.520543],[16.500031,43.520543],[16.500031,43.520552],[16.500043,43.520552],[16.500068,43.520552]]]}},{"type":"Feature","properties":{"krov":"ROOF_FLAT","visina":1.7733,"kota_vrha":49.83827969},"geometry":{"type":"Polygon","coordinates":[[[16.49846,43.520527],[16.49846,43.520525],[16.498454,43.520513],[16.498448,43.520525],[16.498448,43.520529],[16.49846,43.520527]]]}},{"type":"Feature","properties":{"krov":"ROOF_NOT_FLAT","visina":2.3673,"kota_vrha":50.19827969},"geometry":{"type":"Polygon","coordinates":[[[16.49846,43.520527],[16.498448,43.520529],[16.498448,43.520534],[16.498448,43.520543],[16.498448,43.520552],[16.498448,43.520561],[16.49846,43.520561],[16.498476,43.520556],[16.49846,43.520552],[16.49846,43.520543],[16.49846,43.520534],[16.49846,43.520527]]]}},{"type":"Feature","properties":{"krov":"ROOF_NOT_FLAT","visina":4.947,"kota_vrha":52.23497969},"geometry":{"type":"Polygon","coordinates":[[[16.498485,43.520653],[16.498485,43.520651],[16.498485,43.520642],[16.498485,43.520633],[16.498485,43.520624],[16.498473,43.520624],[16.49846,43.520624],[16.49846,43.520633],[16.49846,43.520642],[16.49846,43.520651],[16.49846,43.520655],[16.498471,43.520654],[16.498473,43.520654],[16.498485,43.520653]]]}},{"type":"Feature","properties":{"krov":"ROOF_NOT_FLAT","visina":5.318,"kota_vrha":52.43497969},"geometry":{"type":"Polygon","coordinates":[[[16.498485,43.520653],[16.498473,43.520654],[16.498471,43.520654],[16.49846,43.520655],[16.49846,43.52066],[16.49846,43.520669],[16.49846,43.520678],[16.498473,43.520678],[16.498485,43.520678],[16.498497,43.520678],[16.498497,43.520669],[16.498497,43.52066],[16.498485,43.52066],[16.498485,43.520653]]]}},{"type":"Feature","properties":{"krov":"ROOF_FLAT","visina":6.1663,"kota_vrha":52.51827969},"geometry":{"type":"Polygon","coordinates":[[[16.498349,43.520828],[16.498349,43.520822],[16.498336,43.520822],[16.498324,43.520822],[16.498324,43.520831],[16.498312,43.520831],[16.498312,43.52084],[16.498312,43.520841],[16.498349,43.520828]]]}},{"type":"Feature","properties":{"krov":"ROOF_NOT_FLAT","visina":10.2372,"kota_vrha":56.71117969},"geometry":{"type":"MultiPolygon","coordinates":[[[[16.498389,43.520885],[16.498392,43.520864],[16.498367,43.520831],[16.498361,43.520831],[16.498349,43.520831],[16.498349,43.520828],[16.498312,43.520841],[16.498312,43.520849],[16.498312,43.520858],[16.498312,43.520867],[16.498324,43.520867],[16.498324,43.520876],[16.498324,43.520885],[16.498336,43.520885],[16.498336,43.520894],[16.498349,43.520894],[16.498349,43.520885],[16.498361,43.520885],[16.498374,43.520885],[16.498386,43.520885],[16.498389,43.520885]]],[[[16.498398,43.5209],[16.498398,43.520903],[16.4984,43.520903],[16.498398,43.5209]]]]}},{"type":"Feature","properties":{"krov":"ROOF_NOT_FLAT","visina":10.1722,"kota_vrha":56.71117969},"geometry":{"type":"Polygon","coordinates":[[[16.498367,43.520831],[16.498392,43.520864],[16.498389,43.520885],[16.498398,43.520885],[16.498398,43.520894],[16.498398,43.5209],[16.4984,43.520903],[16.498411,43.520903],[16.498423,43.520903],[16.498435,43.520903],[16.498435,43.520894],[16.49846,43.520894],[16.49846,43.520885],[16.498476,43.52088],[16.49846,43.520876],[16.49846,43.520867],[16.498448,43.520849],[16.498448,43.52084],[16.498435,43.52084],[16.498435,43.520831],[16.498435,43.520822],[16.498423,43.520822],[16.498417,43.520811],[16.498416,43.520811],[16.498411,43.520822],[16.498388,43.520822],[16.498386,43.520822],[16.498386,43.520831],[16.498374,43.520831],[16.498367,43.520831]]]}},{"type":"Feature","properties":{"krov":"ROOF_FLAT","visina":2.9907,"kota_vrha":54.61967969},"geometry":{"type":"Polygon","coordinates":[[[16.499133,43.520951],[16.49914,43.52093],[16.499088,43.520934],[16.499049,43.520954],[16.499078,43.520978],[16.49908,43.520977],[16.499133,43.520951]]]}},{"type":"Feature","properties":{"krov":"ROOF_FLAT","visina":2.7391,"kota_vrha":82.18407969},"geometry":{"type":"Polygon","coordinates":[[[16.506285,43.521023],[16.50629,43.520984],[16.506273,43.520991],[16.506285,43.521023]]]}},{"type":"Feature","properties":{"krov":"ROOF_FLAT","visina":3.0779,"kota_vrha":43.15787969},"geometry":{"type":"Polygon","coordinates":[[[16.496838,43.52102],[16.496839,43.520984],[16.496819,43.520984],[16.496817,43.520984],[16.496815,43.520984],[16.496815,43.520984],[16.496814,43.520984],[16.496813,43.520992],[16.496803,43.520992],[16.496803,43.520993],[16.496803,43.521002],[16.496791,43.521002],[16.496791,43.521005],[16.496791,43.521029],[16.496803,43.521029],[16.496815,43.521029],[16.496827,43.521029],[16.496827,43.52102],[16.496838,43.52102]]]}},{"type":"Feature","properties":{"krov":"ROOF_FLAT","visina":2.2799,"kota_vrha":42.50787969},"geometry":{"type":"MultiPolygon","coordinates":[[[[16.496815,43.520984],[16.496817,43.520984],[16.496817,43.520978],[16.496815,43.520978],[16.496815,43.520984]]],[[[16.496814,43.520984],[16.496803,43.520984],[16.496803,43.520992],[16.496813,43.520992],[16.496814,43.520984]]]]}},{"type":"Feature","properties":{"krov":"ROOF_NOT_FLAT","visina":2.8279,"kota_vrha":42.90787969},"geometry":{"type":"Polygon","coordinates":[[[16.496791,43.521029],[16.496791,43.521005],[16.49679,43.521005],[16.49679,43.521011],[16.496778,43.521011],[16.496778,43.52102],[16.49679,43.52102],[16.49679,43.521029],[16.496791,43.521029]]]}},{"type":"Feature","properties":{"krov":"ROOF_NOT_FLAT","visina":2.6249,"kota_vrha":43.07787969},"geometry":{"type":"Polygon","coordinates":[[[16.496819,43.520984],[16.496839,43.520984],[16.496838,43.52102],[16.49684,43.52102],[16.49684,43.520993],[16.49684,43.520984],[16.49684,43.520975],[16.496833,43.520963],[16.496827,43.520975],[16.496819,43.520975],[16.496819,43.520984]]]}},{"type":"Feature","properties":{"krov":"ROOF_FLAT","visina":2.9898,"kota_vrha":82.25077969},"geometry":{"type":"Polygon","coordinates":[[[16.506495,43.52107],[16.506513,43.521029],[16.50649,43.521034],[16.506447,43.521149],[16.506448,43.521149],[16.506469,43.521133],[16.506495,43.52107]]]}},{"type":"Feature","properties":{"krov":"ROOF_NOT_FLAT","visina":3.6728,"kota_vrha":82.39277969},"geometry":{"type":"Polygon","coordinates":[[[16.505307,43.521182],[16.505363,43.521173],[16.505375,43.521173],[16.505387,43.521173],[16.505387,43.521164],[16.505449,43.521158],[16.505431,43.521114],[16.505424,43.52111],[16.505412,43.521097],[16.5054,43.52111],[16.505375,43.52111],[16.505363,43.52111],[16.50535,43.52111],[16.50535,43.521119],[16.505338,43.521119],[16.505291,43.521125],[16.505307,43.521182]]]}},{"type":"Feature","properties":{"krov":"ROOF_FLAT","visina":3.6579,"kota_vrha":51.35587969},"geometry":{"type":"Polygon","coordinates":[[[16.498465,43.521197],[16.498398,43.521101],[16.49832,43.52113],[16.498336,43.521155],[16.498336,43.521164],[16.498349,43.521164],[16.498349,43.521182],[16.498361,43.521182],[16.498361,43.5212],[16.498374,43.5212],[16.498374,43.521218],[16.498386,43.521218],[16.498421,43.521214],[16.498465,43.521197]]]}},{"type":"Feature","properties":{"krov":"ROOF_FLAT","visina":5.9273,"kota_vrha":53.08927969},"geometry":{"type":"Polygon","coordinates":[[[16.498286,43.521281],[16.498212,43.521196],[16.498139,43.521241],[16.498163,43.521281],[16.498189,43.521286],[16.4982,43.521317],[16.498286,43.521281]]]}},{"type":"Feature","properties":{"krov":"ROOF_FLAT","visina":3.0033,"kota_vrha":49.88927969},"geometry":{"type":"Polygon","coordinates":[[[16.498077,43.521339],[16.498089,43.521353],[16.498101,43.521353],[16.498109,43.521353],[16.498114,43.521351],[16.498114,43.521344],[16.498126,43.521344],[16.498126,43.521335],[16.498138,43.521335],[16.498149,43.521335],[16.498151,43.521334],[16.498151,43.521326],[16.498151,43.521317],[16.498138,43.521317],[16.498138,43.521308],[16.498126,43.521308],[16.498126,43.5213],[16.498124,43.521301],[16.498122,43.521299],[16.498114,43.521299],[16.498101,43.521299],[16.498089,43.521299],[16.498089,43.521308],[16.498077,43.521308],[16.498077,43.521317],[16.498077,43.521326],[16.498077,43.521335],[16.498077,43.521339]]]}},{"type":"Feature","properties":{"krov":"ROOF_NOT_FLAT","visina":2.7433,"kota_vrha":49.53927969},"geometry":{"type":"Polygon","coordinates":[[[16.498089,43.521353],[16.498077,43.521339],[16.498077,43.521344],[16.498064,43.521344],[16.498064,43.521353],[16.498048,43.521357],[16.498064,43.521362],[16.498077,43.521362],[16.498088,43.521362],[16.498089,43.521362],[16.498089,43.521353],[16.498089,43.521353]]]}},{"type":"Feature","properties":{"krov":"ROOF_NOT_FLAT","visina":3.1848,"kota_vrha":56.21077969},"geometry":{"type":"Polygon","coordinates":[[[16.498786,43.521381],[16.498769,43.521371],[16.498728,43.52138],[16.498729,43.521381],[16.498757,43.521398],[16.498786,43.521381]]]}},{"type":"Feature","properties":{"krov":"ROOF_FLAT","visina":3.2479,"kota_vrha":49.19587969},"geometry":{"type":"Polygon","coordinates":[[[16.497767,43.521416],[16.497761,43.521404],[16.497755,43.521416],[16.497733,43.52142],[16.497675,43.521453],[16.4977,43.521483],[16.497777,43.521448],[16.497792,43.521434],[16.497792,43.521425],[16.49778,43.521425],[16.49778,43.521416],[16.497767,43.521416]]]}},{"type":"Feature","properties":{"krov":"ROOF_NOT_FLAT","visina":3.305,"kota_vrha":56.89397969},"geometry":{"type":"Polygon","coordinates":[[[16.500178,43.521632],[16.500204,43.521623],[16.500217,43.521623],[16.500254,43.521623],[16.500254,43.521614],[16.500291,43.521614],[16.500303,43.521614],[16.500303,43.521605],[16.500353,43.521605],[16.500365,43.521605],[16.500365,43.521596],[16.50047,43.521586],[16.500459,43.521555],[16.500415,43.52156],[16.50039,43.52156],[16.50039,43.521569],[16.500365,43.521569],[16.500328,43.521569],[16.500328,43.521578],[16.500268,43.521583],[16.500192,43.521596],[16.500163,43.521601],[16.500178,43.521632]]]}},{"type":"Feature","properties":{"krov":"ROOF_NOT_FLAT","visina":2.6114,"kota_vrha":81.98337969},"geometry":{"type":"Polygon","coordinates":[[[16.505549,43.521605],[16.505538,43.52156],[16.505536,43.52156],[16.505523,43.52156],[16.505511,43.52156],[16.505511,43.521564],[16.50552,43.521596],[16.505523,43.521596],[16.505536,43.521596],[16.505536,43.521605],[16.505548,43.521605],[16.505548,43.521606],[16.505549,43.521605]]]}},{"type":"Feature","properties":{"krov":"ROOF_NOT_FLAT","visina":4.2944,"kota_vrha":83.54237969},"geometry":{"type":"Polygon","coordinates":[[[16.50552,43.521596],[16.505511,43.521564],[16.505511,43.521569],[16.505499,43.521569],[16.505486,43.521569],[16.505431,43.521574],[16.505363,43.521578],[16.50535,43.521578],[16.505347,43.521578],[16.505358,43.521622],[16.505361,43.521632],[16.505363,43.521632],[16.505375,43.521632],[16.505387,43.521632],[16.505387,43.521623],[16.5054,43.521623],[16.505412,43.521623],[16.505425,43.521623],[16.505437,43.521623],[16.505449,43.521623],[16.505449,43.521614],[16.505462,43.521614],[16.505474,43.521614],[16.505486,43.521614],[16.505499,43.521614],[16.505511,43.521614],[16.505511,43.521605],[16.505511,43.521596],[16.50552,43.521596]]]}},{"type":"Feature","properties":{"krov":"ROOF_NOT_FLAT","visina":4.5061,"kota_vrha":83.15107969},"geometry":{"type":"Polygon","coordinates":[[[16.505361,43.521632],[16.505358,43.521622],[16.505347,43.521578],[16.505338,43.521578],[16.505326,43.521578],[16.505313,43.521578],[16.505313,43.521587],[16.505301,43.521587],[16.505301,43.521596],[16.505301,43.521605],[16.505301,43.521614],[16.505301,43.521623],[16.505301,43.521632],[16.505313,43.521632],[16.505313,43.521641],[16.505326,43.521641],[16.505326,43.521632],[16.505338,43.521632],[16.50535,43.521632],[16.505361,43.521632]]]}},{"type":"Feature","properties":{"krov":"ROOF_NOT_FLAT","visina":3.4501,"kota_vrha":82.79107969},"geometry":{"type":"Polygon","coordinates":[[[16.505538,43.52156],[16.505549,43.521605],[16.505551,43.521614],[16.505561,43.521614],[16.505573,43.521614],[16.505585,43.521614],[16.505598,43.521614],[16.50561,43.521614],[16.505622,43.521614],[16.505635,43.521614],[16.505635,43.521605],[16.505684,43.521605],[16.505684,43.52156],[16.505672,43.52156],[16.505672,43.521551],[16.505666,43.521539],[16.50566,43.521551],[16.505622,43.521551],[16.50561,43.521551],[16.505598,43.521551],[16.505585,43.521551],[16.505585,43.52156],[16.505573,43.52156],[16.505561,43.52156],[16.505548,43.52156],[16.505538,43.52156]]]}},{"type":"Feature","properties":{"krov":"ROOF_NOT_FLAT","visina":3.2519,"kota_vrha":56.80587969},"geometry":{"type":"Polygon","coordinates":[[[16.50019,43.521693],[16.500279,43.521677],[16.500303,43.521677],[16.500316,43.521677],[16.500316,43.521668],[16.50036,43.521664],[16.500482,43.521647],[16.500471,43.521616],[16.500348,43.521634],[16.50034,43.521641],[16.500316,43.521641],[16.500279,43.521641],[16.500279,43.52165],[16.500229,43.52165],[16.500229,43.521659],[16.500175,43.521663],[16.50019,43.521693]]]}},{"type":"Feature","properties":{"krov":"ROOF_NOT_FLAT","visina":3.183,"kota_vrha":57.44497969},"geometry":{"type":"Polygon","coordinates":[[[16.50081,43.521689],[16.500724,43.521506],[16.500681,43.521512],[16.500771,43.521699],[16.50081,43.521689]]]}},{"type":"Feature","properties":{"krov":"ROOF_FLAT","visina":2.5521,"kota_vrha":81.62107969},"geometry":{"type":"Polygon","coordinates":[[[16.505379,43.521695],[16.505375,43.521677],[16.505363,43.521677],[16.50535,43.521677],[16.505338,43.521677],[16.505326,43.521677],[16.505326,43.521686],[16.505326,43.521695],[16.505326,43.521704],[16.505338,43.521704],[16.50535,43.521704],[16.505363,43.521704],[16.505375,43.521704],[16.505375,43.521695],[16.505379,43.521695]]]}},{"type":"Feature","properties":{"krov":"ROOF_NOT_FLAT","visina":2.6701,"kota_vrha":82.19607969},"geometry":{"type":"Polygon","coordinates":[[[16.505486,43.521653],[16.505449,43.521658],[16.505449,43.521659],[16.505446,43.521659],[16.505387,43.521667],[16.505387,43.521668],[16.505379,43.521668],[16.505375,43.521668],[16.505375,43.521677],[16.505375,43.521677],[16.505379,43.521695],[16.505387,43.521695],[16.5054,43.521695],[16.505412,43.521695],[16.505425,43.521695],[16.505437,43.521695],[16.505437,43.521686],[16.505474,43.521686],[16.505486,43.521686],[16.505486,43.521677],[16.505486,43.521668],[16.505486,43.521659],[16.505486,43.521653]]]}},{"type":"Feature","properties":{"krov":"ROOF_NOT_FLAT","visina":4.2944,"kota_vrha":83.54237969},"geometry":{"type":"MultiPolygon","coordinates":[[[[16.505486,43.52165],[16.505474,43.52165],[16.505462,43.52165],[16.505449,43.52165],[16.505449,43.521658],[16.505486,43.521653],[16.505486,43.52165]]],[[[16.505437,43.521659],[16.505425,43.521659],[16.505412,43.521659],[16.5054,43.521659],[16.505387,43.521659],[16.505387,43.521667],[16.505446,43.521659],[16.505437,43.521659]]]]}},{"type":"Feature","properties":{"krov":"ROOF_NOT_FLAT","visina":3.271,"kota_vrha":57.33397969},"geometry":{"type":"Polygon","coordinates":[[[16.500668,43.521714],[16.50062,43.521575],[16.500589,43.521594],[16.500613,43.521686],[16.500613,43.521695],[16.500625,43.521695],[16.500633,43.521726],[16.500668,43.521714]]]}},{"type":"Feature","properties":{"krov":"ROOF_NOT_FLAT","visina":4.1151,"kota_vrha":83.75907969},"geometry":{"type":"Polygon","coordinates":[[[16.506656,43.521727],[16.506662,43.521713],[16.506674,43.521713],[16.506674,43.521704],[16.506674,43.521686],[16.506684,43.52168],[16.506753,43.521523],[16.506686,43.521515],[16.506686,43.521506],[16.506649,43.521506],[16.506649,43.521515],[16.506641,43.521518],[16.506605,43.521598],[16.5066,43.521623],[16.506588,43.521629],[16.506557,43.521709],[16.506656,43.521727]]]}},{"type":"Feature","properties":{"krov":"ROOF_NOT_FLAT","visina":4.206,"kota_vrha":57.75397969},"geometry":{"type":"Polygon","coordinates":[[[16.500476,43.521704],[16.500464,43.521704],[16.500464,43.521713],[16.500464,43.521722],[16.500464,43.521731],[16.500476,43.521731],[16.500476,43.52174],[16.500489,43.52174],[16.500501,43.52174],[16.500518,43.521731],[16.500501,43.521722],[16.500501,43.521713],[16.500501,43.521704],[16.500489,43.521704],[16.500476,43.521704]]]}},{"type":"Feature","properties":{"krov":"ROOF_FLAT","visina":2.1674,"kota_vrha":74.89437969},"geometry":{"type":"Polygon","coordinates":[[[16.504041,43.521787],[16.50405,43.52181],[16.50407,43.521806],[16.504076,43.521776],[16.50404,43.521783],[16.504041,43.521787]]]}},{"type":"Feature","properties":{"krov":"ROOF_FLAT","visina":2.1404,"kota_vrha":74.89437969},"geometry":{"type":"Polygon","coordinates":[[[16.50405,43.52181],[16.504041,43.521787],[16.504035,43.521788],[16.504026,43.521816],[16.50405,43.52181]]]}},{"type":"Feature","properties":{"krov":"ROOF_NOT_FLAT","visina":4.3211,"kota_vrha":41.80007969},"geometry":{"type":"Polygon","coordinates":[[[16.498138,43.521855],[16.498138,43.521848],[16.498151,43.521848],[16.498151,43.521839],[16.498163,43.521839],[16.498171,43.521839],[16.498176,43.521837],[16.498176,43.52183],[16.498191,43.521826],[16.498176,43.521821],[16.498165,43.521809],[16.498126,43.521821],[16.498114,43.521821],[16.498114,43.52183],[16.498101,43.52183],[16.498101,43.521839],[16.498086,43.521844],[16.498101,43.521848],[16.498101,43.521857],[16.498126,43.521857],[16.498135,43.521857],[16.498138,43.521855]]]}},{"type":"Feature","properties":{"krov":"ROOF_NOT_FLAT","visina":5.6048,"kota_vrha":42.16077969},"geometry":{"type":"Polygon","coordinates":[[[16.498225,43.521883],[16.498225,43.521875],[16.498237,43.521875],[16.498237,43.521866],[16.49825,43.521866],[16.498262,43.521866],[16.498262,43.521866],[16.498262,43.521857],[16.498275,43.521857],[16.498275,43.521848],[16.498287,43.521848],[16.498299,43.521848],[16.498299,43.521839],[16.498312,43.521839],[16.498318,43.521839],[16.498324,43.521836],[16.498324,43.52183],[16.498324,43.521821],[16.498324,43.521812],[16.498312,43.521812],[16.498312,43.521803],[16.498299,43.521803],[16.498287,43.521803],[16.49827,43.521809],[16.498262,43.521821],[16.49825,43.521821],[16.498237,43.521821],[16.498237,43.52183],[16.498225,43.52183],[16.498225,43.521839],[16.498213,43.521839],[16.4982,43.521839],[16.4982,43.521848],[16.498188,43.521848],[16.498188,43.521857],[16.498176,43.521857],[16.498176,43.521866],[16.49816,43.521871],[16.498176,43.521875],[16.498176,43.521884],[16.498188,43.521884],[16.4982,43.521884],[16.4982,43.521875],[16.498213,43.521875],[16.498213,43.521884],[16.498224,43.521884],[16.498225,43.521883]]]}},{"type":"Feature","properties":{"krov":"ROOF_NOT_FLAT","visina":2.517,"kota_vrha":82.66997969},"geometry":{"type":"Polygon","coordinates":[[[16.505326,43.521902],[16.505313,43.521902],[16.505313,43.521911],[16.505313,43.52192],[16.505326,43.52192],[16.505338,43.52192],[16.50535,43.52192],[16.505363,43.52192],[16.505363,43.521911],[16.505363,43.521902],[16.50535,43.521902],[16.505338,43.521902],[16.505326,43.521902]]]}},{"type":"Feature","properties":{"krov":"ROOF_NOT_FLAT","visina":2.9431,"kota_vrha":81.24607969},"geometry":{"type":"Polygon","coordinates":[[[16.504843,43.521938],[16.504843,43.521929],[16.504856,43.521929],[16.504868,43.521929],[16.50488,43.521929],[16.504893,43.521929],[16.504893,43.52192],[16.504893,43.521911],[16.504893,43.521902],[16.50488,43.521902],[16.504868,43.521902],[16.504868,43.521911],[16.504843,43.521911],[16.504831,43.521911],[16.504831,43.521929],[16.504831,43.521938],[16.504843,43.521938]]]}},{"type":"Feature","properties":{"krov":"ROOF_FLAT","visina":1.0054,"kota_vrha":79.68237969},"geometry":{"type":"Polygon","coordinates":[[[16.504906,43.521938],[16.504905,43.521935],[16.504905,43.521938],[16.504906,43.521938]]]}},{"type":"Feature","properties":{"krov":"ROOF_NOT_FLAT","visina":2.5204,"kota_vrha":81.44137969},"geometry":{"type":"Polygon","coordinates":[[[16.505018,43.521928],[16.505016,43.52192],[16.505016,43.52192],[16.505004,43.52192],[16.504974,43.521925],[16.504917,43.521929],[16.504905,43.521929],[16.504905,43.521935],[16.504906,43.521938],[16.504917,43.521938],[16.504917,43.521947],[16.504992,43.52194],[16.505004,43.521929],[16.505016,43.521929],[16.505018,43.521928]]]}},{"type":"Feature","properties":{"krov":"ROOF_NOT_FLAT","visina":2.3038,"kota_vrha":81.35277969},"geometry":{"type":"Polygon","coordinates":[[[16.505016,43.52192],[16.505018,43.521928],[16.505032,43.521924],[16.505016,43.52192]]]}},{"type":"Feature","properties":{"krov":"ROOF_FLAT","visina":1.0054,"kota_vrha":79.68237969},"geometry":{"type":"Polygon","coordinates":[[[16.50488,43.521956],[16.504874,43.521944],[16.504868,43.521956],[16.50488,43.521956]]]}},{"type":"Feature","properties":{"krov":"ROOF_NOT_FLAT","visina":3.0995,"kota_vrha":50.64347969},"geometry":{"type":"Polygon","coordinates":[[[16.499463,43.521968],[16.499492,43.521963],[16.499499,43.521961],[16.499499,43.521956],[16.499492,43.521943],[16.499472,43.521871],[16.499462,43.521866],[16.499462,43.521848],[16.49945,43.521848],[16.499437,43.521848],[16.499396,43.521863],[16.499404,43.521881],[16.499413,43.521884],[16.499413,43.521893],[16.499413,43.521902],[16.499413,43.521911],[16.499419,43.521911],[16.49942,43.521911],[16.49942,43.521911],[16.499425,43.521911],[16.499425,43.52192],[16.499437,43.52192],[16.499437,43.521956],[16.49945,43.521956],[16.49945,43.521965],[16.49945,43.52197],[16.499463,43.521968]]]}},{"type":"Feature","properties":{"krov":"ROOF_NOT_FLAT","visina":2.59,"kota_vrha":50.37197969},"geometry":{"type":"Polygon","coordinates":[[[16.499492,43.521963],[16.499463,43.521968],[16.499465,43.521974],[16.499474,43.521974],[16.499481,43.521995],[16.499487,43.521974],[16.499487,43.521965],[16.499493,43.521965],[16.499492,43.521963]]]}},{"type":"Feature","properties":{"krov":"ROOF_NOT_FLAT","visina":6.9584,"kota_vrha":44.77337969},"geometry":{"type":"Polygon","coordinates":[[[16.49846,43.522026],[16.49846,43.522019],[16.498472,43.522019],[16.498472,43.52201],[16.498505,43.522004],[16.498554,43.521979],[16.498559,43.521974],[16.498592,43.521962],[16.498596,43.521956],[16.498609,43.521956],[16.498647,43.521937],[16.498612,43.521892],[16.498596,43.521884],[16.49859,43.521872],[16.498584,43.521884],[16.498571,43.521884],[16.498571,43.521893],[16.498559,43.521893],[16.498547,43.521893],[16.498547,43.521902],[16.498489,43.521923],[16.498485,43.521929],[16.49838,43.521973],[16.498416,43.522024],[16.498423,43.522028],[16.498448,43.522028],[16.498456,43.522028],[16.49846,43.522026]]]}},{"type":"Feature","properties":{"krov":"ROOF_FLAT","visina":2.246,"kota_vrha":49.49997969},"geometry":{"type":"Polygon","coordinates":[[[16.499232,43.522119],[16.499208,43.52208],[16.499202,43.522109],[16.499202,43.522127],[16.499215,43.522127],[16.499232,43.522119]]]}},{"type":"Feature","properties":{"krov":"ROOF_NOT_FLAT","visina":3.4217,"kota_vrha":30.81867969},"geometry":{"type":"Polygon","coordinates":[[[16.493252,43.522118],[16.493252,43.5221],[16.49324,43.5221],[16.493227,43.5221],[16.493215,43.5221],[16.493203,43.5221],[16.493203,43.522109],[16.49319,43.522109],[16.49319,43.522118],[16.493203,43.522118],[16.493203,43.522127],[16.493203,43.522136],[16.493215,43.522136],[16.493227,43.522136],[16.49324,43.522136],[16.493249,43.522136],[16.493252,43.522135],[16.493252,43.522127],[16.493268,43.522122],[16.493252,43.522118]]]}},{"type":"Feature","properties":{"krov":"ROOF_FLAT","visina":6.6727,"kota_vrha":34.56367969},"geometry":{"type":"Polygon","coordinates":[[[16.493146,43.522109],[16.493091,43.522123],[16.493091,43.522127],[16.493091,43.522136],[16.493091,43.522145],[16.493116,43.522145],[16.493116,43.522136],[16.493129,43.522136],[16.493153,43.522136],[16.493153,43.522127],[16.493153,43.522118],[16.493153,43.522109],[16.493146,43.522109]]]}},{"type":"Feature","properties":{"krov":"ROOF_FLAT","visina":10.2076,"kota_vrha":38.09857969},"geometry":{"type":"Polygon","coordinates":[[[16.493091,43.522123],[16.493146,43.522109],[16.493141,43.522109],[16.493141,43.5221],[16.493123,43.522068],[16.493116,43.522064],[16.493108,43.522033],[16.493061,43.521942],[16.493054,43.521938],[16.493054,43.521929],[16.493054,43.521911],[16.493042,43.521911],[16.493042,43.521902],[16.493042,43.521893],[16.49303,43.521893],[16.49303,43.521884],[16.49303,43.521875],[16.49303,43.521866],[16.493017,43.521866],[16.493005,43.521866],[16.493005,43.521875],[16.492992,43.521875],[16.49298,43.521875],[16.49298,43.521884],[16.492968,43.521884],[16.492955,43.521884],[16.492955,43.521875],[16.492943,43.521875],[16.492931,43.521875],[16.492931,43.521866],[16.492918,43.521866],[16.492918,43.521857],[16.492918,43.521848],[16.492918,43.521839],[16.492931,43.521839],[16.492931,43.52183],[16.492943,43.52183],[16.492943,43.521839],[16.492955,43.521839],[16.492968,43.521839],[16.492968,43.521848],[16.49298,43.521848],[16.492992,43.521848],[16.493005,43.521848],[16.493017,43.521848],[16.493017,43.521839],[16.493005,43.521839],[16.493005,43.52183],[16.493005,43.521821],[16.493005,43.521812],[16.492992,43.521812],[16.492992,43.521803],[16.492992,43.521794],[16.49298,43.521794],[16.49298,43.521785],[16.49298,43.521776],[16.49298,43.521767],[16.492968,43.521767],[16.492964,43.521743],[16.492955,43.521731],[16.492955,43.521713],[16.492943,43.521713],[16.492943,43.521695],[16.492931,43.521695],[16.492876,43.521705],[16.492869,43.521713],[16.492844,43.521713],[16.492825,43.52172],[16.492819,43.52174],[16.492819,43.521749],[16.492819,43.521756],[16.49282,43.521758],[16.492832,43.521758],[16.492832,43.521767],[16.492832,43.521776],[16.492844,43.521776],[16.492844,43.521785],[16.492844,43.521794],[16.492844,43.521803],[16.492856,43.521803],[16.492856,43.521812],[16.492856,43.521821],[16.492856,43.52183],[16.492869,43.52183],[16.492869,43.521848],[16.492869,43.521855],[16.49287,43.521857],[16.492881,43.521857],[16.492881,43.521866],[16.492881,43.521875],[16.492894,43.521875],[16.492894,43.521884],[16.492894,43.521893],[16.492894,43.521902],[16.492906,43.521902],[16.492906,43.52192],[16.492906,43.521929],[16.492918,43.521929],[16.492918,43.521947],[16.492918,43.521955],[16.492919,43.521956],[16.492931,43.521956],[16.492931,43.521965],[16.492931,43.521974],[16.492943,43.521974],[16.492943,43.521983],[16.492943,43.521992],[16.492943,43.522001],[16.492955,43.522001],[16.492955,43.52201],[16.492955,43.522028],[16.492968,43.522028],[16.492968,43.522046],[16.492968,43.522054],[16.492968,43.522055],[16.49298,43.522055],[16.49298,43.522064],[16.49298,43.522073],[16.492992,43.522073],[16.492992,43.522082],[16.492992,43.522091],[16.492992,43.5221],[16.493005,43.5221],[16.493005,43.522109],[16.493005,43.522118],[16.493005,43.522127],[16.493017,43.522127],[16.49303,43.522127],[16.493054,43.522127],[16.493054,43.522118],[16.493067,43.522118],[16.493079,43.522118],[16.493091,43.522118],[16.493091,43.522123]]]}},{"type":"Feature","properties":{"krov":"ROOF_FLAT","visina":3.7128,"kota_vrha":77.59677969},"geometry":{"type":"Polygon","coordinates":[[[16.503941,43.522126],[16.503942,43.522127],[16.503952,43.522127],[16.503952,43.522136],[16.503952,43.522145],[16.503965,43.522145],[16.503985,43.522145],[16.50399,43.522144],[16.50399,43.522136],[16.504002,43.522136],[16.504042,43.522119],[16.504003,43.52206],[16.503929,43.522079],[16.50394,43.522118],[16.50394,43.522123],[16.503941,43.522126]]]}},{"type":"Feature","properties":{"krov":"ROOF_FLAT","visina":2.841,"kota_vrha":76.77197969},"geometry":{"type":"Polygon","coordinates":[[[16.503942,43.522127],[16.503941,43.522126],[16.50394,43.522126],[16.50394,43.522127],[16.503942,43.522127]]]}},{"type":"Feature","properties":{"krov":"ROOF_NOT_FLAT","visina":3.1208,"kota_vrha":56.95477969},"geometry":{"type":"Polygon","coordinates":[[[16.500464,43.522154],[16.500464,43.522145],[16.500476,43.522145],[16.500492,43.522141],[16.500476,43.522136],[16.50047,43.522125],[16.500464,43.522136],[16.500439,43.522136],[16.500422,43.522145],[16.500439,43.522154],[16.500452,43.522154],[16.500464,43.522154]]]}},{"type":"Feature","properties":{"krov":"ROOF_FLAT","visina":3.7128,"kota_vrha":77.59677969},"geometry":{"type":"Polygon","coordinates":[[[16.503952,43.522145],[16.503951,43.522145],[16.503952,43.522148],[16.503952,43.522145]]]}},{"type":"Feature","properties":{"krov":"ROOF_FLAT","visina":2.841,"kota_vrha":76.77197969},"geometry":{"type":"Polygon","coordinates":[[[16.503952,43.522148],[16.503951,43.522145],[16.50394,43.522145],[16.50394,43.522136],[16.50394,43.522127],[16.503936,43.522127],[16.503928,43.522129],[16.503928,43.522136],[16.503915,43.522136],[16.503903,43.522136],[16.503903,43.522145],[16.503891,43.522145],[16.503873,43.522154],[16.503891,43.522163],[16.503915,43.522163],[16.503915,43.522154],[16.503928,43.522154],[16.50394,43.522154],[16.503952,43.522154],[16.503952,43.522148]]]}},{"type":"Feature","properties":{"krov":"ROOF_NOT_FLAT","visina":1.9877,"kota_vrha":49.30367969},"geometry":{"type":"Polygon","coordinates":[[[16.499221,43.522184],[16.499227,43.522172],[16.499239,43.522172],[16.499239,43.522163],[16.499255,43.522159],[16.499239,43.522154],[16.499239,43.522145],[16.499232,43.522145],[16.499215,43.522147],[16.499215,43.522154],[16.499215,43.522163],[16.499215,43.522172],[16.499221,43.522184]]]}},{"type":"Feature","properties":{"krov":"ROOF_NOT_FLAT","visina":5.0911,"kota_vrha":84.42707969},"geometry":{"type":"Polygon","coordinates":[[[16.50462,43.52219],[16.504596,43.52219],[16.504596,43.522199],[16.504596,43.522208],[16.504608,43.522208],[16.50462,43.522208],[16.504633,43.522208],[16.504633,43.522199],[16.504633,43.52219],[16.50462,43.52219]]]}},{"type":"Feature","properties":{"krov":"ROOF_NOT_FLAT","visina":4.2306,"kota_vrha":83.80157969},"geometry":{"type":"Polygon","coordinates":[[[16.504695,43.52219],[16.504682,43.52219],[16.504666,43.522194],[16.504682,43.522199],[16.504682,43.522208],[16.504682,43.522217],[16.504695,43.522217],[16.504712,43.522208],[16.504695,43.522199],[16.504695,43.52219]]]}},{"type":"Feature","properties":{"krov":"ROOF_FLAT","visina":4.3859,"kota_vrha":86.10387969},"geometry":{"type":"Polygon","coordinates":[[[16.505659,43.522145],[16.50566,43.522149],[16.50566,43.522145],[16.505659,43.522145]]]}},{"type":"Feature","properties":{"krov":"ROOF_FLAT","visina":5.928,"kota_vrha":87.79997969},"geometry":{"type":"Polygon","coordinates":[[[16.50566,43.522157],[16.505588,43.522164],[16.505585,43.522164],[16.505585,43.522172],[16.505585,43.522181],[16.505573,43.522181],[16.505573,43.522187],[16.505577,43.522208],[16.505585,43.522208],[16.505585,43.522217],[16.505585,43.522235],[16.505635,43.522226],[16.50566,43.522226],[16.50566,43.522208],[16.50566,43.522199],[16.50566,43.52219],[16.505647,43.52219],[16.505647,43.522181],[16.505647,43.522172],[16.50566,43.522172],[16.50566,43.522163],[16.50566,43.522157]]]}},{"type":"Feature","properties":{"krov":"ROOF_NOT_FLAT","visina":7.9144,"kota_vrha":89.19037969},"geometry":{"type":"Polygon","coordinates":[[[16.505525,43.522157],[16.505518,43.522127],[16.505511,43.522127],[16.505508,43.522127],[16.505499,43.522128],[16.505499,43.522136],[16.505486,43.522136],[16.505474,43.522136],[16.505474,43.522145],[16.505474,43.522145],[16.505477,43.522163],[16.505525,43.522157]]]}},{"type":"Feature","properties":{"krov":"ROOF_NOT_FLAT","visina":6.212,"kota_vrha":87.77497969},"geometry":{"type":"MultiPolygon","coordinates":[[[[16.505647,43.522126],[16.505582,43.522131],[16.505585,43.522148],[16.505585,43.522145],[16.505598,43.522145],[16.505598,43.522136],[16.50561,43.522136],[16.505622,43.522136],[16.505635,43.522136],[16.505647,43.522136],[16.505647,43.522127],[16.505647,43.522126]]],[[[16.50566,43.522157],[16.50566,43.522154],[16.50566,43.522149],[16.505659,43.522145],[16.505647,43.522145],[16.505647,43.522154],[16.505635,43.522154],[16.505622,43.522154],[16.50561,43.522154],[16.505598,43.522154],[16.505586,43.522154],[16.505588,43.522164],[16.50566,43.522157]]]]}},{"type":"Feature","properties":{"krov":"ROOF_NOT_FLAT","visina":7.1598,"kota_vrha":88.36577969},"geometry":{"type":"MultiPolygon","coordinates":[[[[16.505585,43.522154],[16.505585,43.522148],[16.505582,43.522131],[16.505647,43.522126],[16.505647,43.522118],[16.505647,43.522109],[16.505635,43.522109],[16.505635,43.5221],[16.505598,43.5221],[16.505585,43.5221],[16.505585,43.522109],[16.505536,43.522109],[16.505536,43.522118],[16.505532,43.522118],[16.505532,43.522119],[16.505524,43.52212],[16.505524,43.522127],[16.505518,43.522127],[16.505525,43.522157],[16.505567,43.522153],[16.505569,43.522163],[16.505573,43.522163],[16.505573,43.522154],[16.505585,43.522154]]],[[[16.505585,43.522154],[16.505585,43.522163],[16.505585,43.522164],[16.505588,43.522164],[16.505586,43.522154],[16.505585,43.522154]]]]}},{"type":"Feature","properties":{"krov":"ROOF_NOT_FLAT","visina":7.8634,"kota_vrha":89.19037969},"geometry":{"type":"Polygon","coordinates":[[[16.505577,43.522208],[16.505573,43.522187],[16.505573,43.52219],[16.505561,43.52219],[16.505561,43.522172],[16.505561,43.522163],[16.505569,43.522163],[16.505567,43.522153],[16.505525,43.522157],[16.505477,43.522163],[16.505474,43.522145],[16.505458,43.522149],[16.505474,43.522154],[16.505474,43.522163],[16.505474,43.522172],[16.505474,43.522181],[16.505487,43.522213],[16.505561,43.522208],[16.505573,43.522208],[16.505577,43.522208]]]}},{"type":"Feature","properties":{"krov":"ROOF_NOT_FLAT","visina":3.996,"kota_vrha":86.53397969},"geometry":{"type":"Polygon","coordinates":[[[16.505437,43.522235],[16.505425,43.522235],[16.505425,43.522244],[16.505437,43.522244],[16.505449,43.522244],[16.505449,43.522235],[16.505437,43.522235]]]}},{"type":"Feature","properties":{"krov":"ROOF_NOT_FLAT","visina":2.6701,"kota_vrha":85.25907969},"geometry":{"type":"Polygon","coordinates":[[[16.505314,43.522232],[16.505313,43.522208],[16.505313,43.522208],[16.505301,43.522208],[16.505284,43.522217],[16.505301,43.522226],[16.505301,43.522232],[16.505314,43.522232]]]}},{"type":"Feature","properties":{"krov":"ROOF_NOT_FLAT","visina":2.6014,"kota_vrha":85.31037969},"geometry":{"type":"Polygon","coordinates":[[[16.505387,43.522232],[16.505387,43.522226],[16.505387,43.522217],[16.505375,43.522217],[16.505376,43.522232],[16.505387,43.522232]]]}},{"type":"Feature","properties":{"krov":"ROOF_NOT_FLAT","visina":3.8191,"kota_vrha":86.49907969},"geometry":{"type":"Polygon","coordinates":[[[16.505372,43.522236],[16.505376,43.522235],[16.505376,43.522232],[16.505375,43.522217],[16.505363,43.522217],[16.505363,43.522208],[16.50535,43.522208],[16.505338,43.522208],[16.505326,43.522208],[16.505313,43.522208],[16.505314,43.522232],[16.505314,43.522236],[16.505318,43.522237],[16.505338,43.522245],[16.505338,43.522244],[16.50535,43.522244],[16.50535,43.522246],[16.505372,43.522236]]]}},{"type":"Feature","properties":{"krov":"ROOF_NOT_FLAT","visina":3.799,"kota_vrha":86.53397969},"geometry":{"type":"MultiPolygon","coordinates":[[[[16.505338,43.522245],[16.505318,43.522237],[16.505318,43.522244],[16.505326,43.522244],[16.505326,43.522253],[16.505338,43.522253],[16.505338,43.522245]]],[[[16.505373,43.522253],[16.505373,43.522249],[16.505373,43.522247],[16.505372,43.522236],[16.50535,43.522246],[16.50535,43.522253],[16.505363,43.522253],[16.505373,43.522253]]]]}},{"type":"Feature","properties":{"krov":"ROOF_NOT_FLAT","visina":3.996,"kota_vrha":86.53397969},"geometry":{"type":"Polygon","coordinates":[[[16.505387,43.522232],[16.505376,43.522232],[16.505376,43.522235],[16.505372,43.522236],[16.505373,43.522247],[16.505373,43.522249],[16.505373,43.522253],[16.505375,43.522253],[16.505387,43.522253],[16.505387,43.522244],[16.5054,43.522244],[16.505412,43.522244],[16.505412,43.522235],[16.5054,43.522235],[16.505387,43.522235],[16.505387,43.522232]]]}},{"type":"Feature","properties":{"krov":"ROOF_NOT_FLAT","visina":3.3712,"kota_vrha":85.74017969},"geometry":{"type":"Polygon","coordinates":[[[16.505477,43.522253],[16.505479,43.522262],[16.505486,43.522262],[16.505486,43.522253],[16.505477,43.522253]]]}},{"type":"Feature","properties":{"krov":"ROOF_NOT_FLAT","visina":2.8605,"kota_vrha":85.41947969},"geometry":{"type":"Polygon","coordinates":[[[16.505479,43.522262],[16.505477,43.522253],[16.505462,43.522253],[16.505462,43.522262],[16.505479,43.522262]]]}},{"type":"Feature","properties":{"krov":"ROOF_FLAT","visina":3.9334,"kota_vrha":84.15037969},"geometry":{"type":"Polygon","coordinates":[[[16.504875,43.522172],[16.504868,43.522172],[16.504856,43.522172],[16.504856,43.522181],[16.504856,43.52219],[16.504856,43.522199],[16.504856,43.522208],[16.504856,43.522226],[16.504856,43.522235],[16.504868,43.522235],[16.504868,43.522244],[16.504878,43.522244],[16.504875,43.522172]]]}},{"type":"Feature","properties":{"krov":"ROOF_NOT_FLAT","visina":5.5174,"kota_vrha":85.73437969},"geometry":{"type":"Polygon","coordinates":[[[16.504875,43.522172],[16.504878,43.522244],[16.50488,43.522244],[16.504893,43.522244],[16.504898,43.522264],[16.504917,43.522271],[16.504917,43.52228],[16.50493,43.52228],[16.504942,43.52228],[16.504954,43.52228],[16.504967,43.52228],[16.505004,43.52228],[16.505004,43.522208],[16.505004,43.522172],[16.504954,43.522172],[16.504942,43.522172],[16.50493,43.522172],[16.504917,43.522172],[16.504893,43.522172],[16.50488,43.522172],[16.504875,43.522172]]]}},{"type":"Feature","properties":{"krov":"UNDER_CONSTRUCTION","visina":1.186,"kota_vrha":32.99997969},"geometry":{"type":"Polygon","coordinates":[[[16.49478,43.522159],[16.494774,43.522136],[16.494748,43.522142],[16.494416,43.522207],[16.494473,43.522381],[16.494829,43.522319],[16.494817,43.522275],[16.49478,43.522159]]]}},{"type":"Feature","properties":{"krov":"ROOF_FLAT","visina":3.1784,"kota_vrha":80.32137969},"geometry":{"type":"Polygon","coordinates":[[[16.504089,43.522397],[16.504089,43.522388],[16.504101,43.522388],[16.504113,43.522388],[16.504126,43.522388],[16.504142,43.522384],[16.504126,43.522379],[16.504126,43.52237],[16.504126,43.522361],[16.504126,43.522352],[16.504113,43.522352],[16.504101,43.522352],[16.504101,43.522361],[16.504089,43.522361],[16.504076,43.522361],[16.504057,43.522368],[16.504051,43.522388],[16.504051,43.522397],[16.504076,43.522397],[16.504089,43.522397]]]}},{"type":"Feature","properties":{"krov":"ROOF_NOT_FLAT","visina":11.0732,"kota_vrha":38.88517969},"geometry":{"type":"Polygon","coordinates":[[[16.49199,43.522406],[16.49199,43.522397],[16.492003,43.522397],[16.492015,43.522397],[16.492028,43.522397],[16.492028,43.522388],[16.49204,43.522388],[16.492052,43.522388],[16.492065,43.522388],[16.492065,43.522379],[16.492077,43.522379],[16.492089,43.522379],[16.492102,43.522379],[16.492102,43.52237],[16.492114,43.52237],[16.492126,43.52237],[16.492139,43.52237],[16.492139,43.522361],[16.492151,43.522361],[16.492164,43.522361],[16.492164,43.522352],[16.492176,43.522352],[16.492188,43.522352],[16.492201,43.522352],[16.492201,43.522343],[16.492213,43.522343],[16.492225,43.522343],[16.492238,43.522343],[16.492238,43.522334],[16.49225,43.522334],[16.492263,43.522334],[16.492275,43.522334],[16.492275,43.522325],[16.492287,43.522325],[16.4923,43.522325],[16.492312,43.522325],[16.492312,43.522316],[16.492324,43.522316],[16.492337,43.522316],[16.492349,43.522316],[16.492349,43.522307],[16.492362,43.522307],[16.492374,43.522307],[16.492374,43.522298],[16.492386,43.522298],[16.492399,43.522298],[16.492411,43.522298],[16.492411,43.522289],[16.492423,43.522289],[16.492436,43.522289],[16.492448,43.522289],[16.492448,43.52228],[16.49246,43.52228],[16.492473,43.52228],[16.492485,43.52228],[16.492485,43.522271],[16.492498,43.522271],[16.49251,43.522271],[16.492522,43.522271],[16.492522,43.522262],[16.492535,43.522262],[16.492547,43.522262],[16.492547,43.522253],[16.492559,43.522253],[16.492572,43.522253],[16.492584,43.522253],[16.492584,43.522244],[16.492597,43.522244],[16.492609,43.522244],[16.492621,43.522244],[16.492621,43.522235],[16.492634,43.522235],[16.492646,43.522235],[16.492658,43.522235],[16.492658,43.522226],[16.492671,43.522226],[16.492683,43.522226],[16.492696,43.522226],[16.492696,43.522217],[16.492708,43.522217],[16.49272,43.522217],[16.49272,43.522208],[16.492733,43.522208],[16.492745,43.522208],[16.492757,43.522208],[16.492757,43.522199],[16.49277,43.522199],[16.492782,43.522199],[16.492795,43.522199],[16.492795,43.52219],[16.492807,43.52219],[16.492819,43.52219],[16.492832,43.52219],[16.492832,43.522181],[16.492844,43.522181],[16.492856,43.522181],[16.492869,43.522181],[16.492869,43.522172],[16.492881,43.522172],[16.492881,43.522163],[16.492881,43.522145],[16.492869,43.522145],[16.492869,43.522136],[16.492869,43.522127],[16.492856,43.522127],[16.492856,43.522109],[16.492856,43.5221],[16.492844,43.5221],[16.492844,43.522091],[16.492844,43.522082],[16.492844,43.522073],[16.492832,43.522073],[16.492832,43.522064],[16.492832,43.522055],[16.492819,43.522055],[16.492819,43.522064],[16.492807,43.522064],[16.492795,43.522064],[16.492782,43.522064],[16.492782,43.522073],[16.49277,43.522073],[16.492757,43.522073],[16.492745,43.522073],[16.492745,43.522082],[16.492733,43.522082],[16.49272,43.522082],[16.49272,43.522091],[16.492708,43.522091],[16.492696,43.522091],[16.492683,43.522091],[16.492683,43.5221],[16.492671,43.5221],[16.492658,43.5221],[16.492646,43.5221],[16.492646,43.522109],[16.492634,43.522109],[16.492621,43.522109],[16.492609,43.522109],[16.492609,43.522118],[16.492597,43.522118],[16.492584,43.522118],[16.492572,43.522118],[16.492572,43.522127],[16.492559,43.522127],[16.492547,43.522127],[16.492547,43.522136],[16.492535,43.522136],[16.492522,43.522136],[16.49251,43.522136],[16.49251,43.522145],[16.492498,43.522145],[16.492485,43.522145],[16.492473,43.522145],[16.492473,43.522154],[16.492461,43.522154],[16.492448,43.522154],[16.492436,43.522154],[16.492436,43.522163],[16.492423,43.522163],[16.492411,43.522163],[16.492411,43.522172],[16.492399,43.522172],[16.492386,43.522172],[16.492374,43.522172],[16.492374,43.522181],[16.492362,43.522181],[16.492349,43.522181],[16.492337,43.522181],[16.492337,43.52219],[16.492324,43.52219],[16.492312,43.52219],[16.4923,43.52219],[16.4923,43.522199],[16.492287,43.522199],[16.492275,43.522199],[16.492275,43.522208],[16.492263,43.522208],[16.49225,43.522208],[16.492238,43.522208],[16.492238,43.522217],[16.492225,43.522217],[16.492213,43.522217],[16.492201,43.522217],[16.492201,43.522226],[16.492188,43.522226],[16.492176,43.522226],[16.492164,43.522226],[16.492164,43.522235],[16.492151,43.522235],[16.492139,43.522235],[16.492127,43.522235],[16.492127,43.522244],[16.492114,43.522244],[16.492102,43.522244],[16.492102,43.522253],[16.492089,43.522253],[16.492077,43.522253],[16.492065,43.522253],[16.492065,43.522262],[16.492052,43.522262],[16.49204,43.522262],[16.492028,43.522262],[16.492028,43.522271],[16.492015,43.522271],[16.492003,43.522271],[16.49199,43.522271],[16.49199,43.52228],[16.491978,43.52228],[16.491966,43.52228],[16.491953,43.52228],[16.491953,43.522289],[16.491941,43.522289],[16.491929,43.522289],[16.491929,43.522298],[16.491916,43.522298],[16.491904,43.522298],[16.491904,43.522307],[16.491916,43.522307],[16.491916,43.522316],[16.491916,43.522325],[16.491916,43.522334],[16.491929,43.522334],[16.491929,43.522343],[16.491929,43.522352],[16.491929,43.522359],[16.491929,43.522361],[16.491941,43.522361],[16.491941,43.52237],[16.491941,43.522379],[16.491953,43.522379],[16.491953,43.522388],[16.491953,43.522397],[16.491953,43.522406],[16.491966,43.522406],[16.491978,43.522406],[16.49199,43.522406]]]}},{"type":"Feature","properties":{"krov":"ROOF_NOT_FLAT","visina":8.3527,"kota_vrha":85.06467969},"geometry":{"type":"Polygon","coordinates":[[[16.504311,43.522403],[16.504214,43.522411],[16.504216,43.522424],[16.504225,43.522424],[16.504237,43.522424],[16.504249,43.522424],[16.504249,43.522415],[16.504262,43.522415],[16.504274,43.522415],[16.504287,43.522415],[16.504299,43.522415],[16.504311,43.522415],[16.504311,43.522406],[16.504311,43.522403]]]}},{"type":"Feature","properties":{"krov":"ROOF_NOT_FLAT","visina":7.1107,"kota_vrha":84.10467969},"geometry":{"type":"Polygon","coordinates":[[[16.504311,43.522403],[16.504311,43.522397],[16.504311,43.522388],[16.504311,43.522379],[16.504311,43.52237],[16.504311,43.522361],[16.504299,43.522361],[16.504249,43.522361],[16.504249,43.52237],[16.504237,43.52237],[16.504225,43.52237],[16.504225,43.522379],[16.504225,43.522388],[16.504225,43.522397],[16.504212,43.522397],[16.504212,43.522399],[16.504213,43.522407],[16.504214,43.522411],[16.504311,43.522403]]]}},{"type":"Feature","properties":{"krov":"ROOF_NOT_FLAT","visina":7.4317,"kota_vrha":84.04667969},"geometry":{"type":"Polygon","coordinates":[[[16.504216,43.522424],[16.504214,43.522411],[16.504213,43.522407],[16.5042,43.522408],[16.5042,43.522415],[16.504184,43.52242],[16.5042,43.522424],[16.5042,43.522433],[16.504212,43.522433],[16.504212,43.522424],[16.504216,43.522424]]]}},{"type":"Feature","properties":{"krov":"ROOF_FLAT","visina":2.8463,"kota_vrha":33.19527969},"geometry":{"type":"Polygon","coordinates":[[[16.494184,43.522472],[16.494192,43.52246],[16.494151,43.522464],[16.494184,43.522472]]]}},{"type":"Feature","properties":{"krov":"ROOF_FLAT","visina":2.947,"kota_vrha":79.49797969},"geometry":{"type":"Polygon","coordinates":[[[16.503987,43.52249],[16.504002,43.522478],[16.504027,43.522478],[16.504039,43.522478],[16.504049,43.522478],[16.504051,43.522478],[16.504051,43.522469],[16.504064,43.522469],[16.504076,43.522469],[16.504089,43.522469],[16.504089,43.52246],[16.504089,43.522451],[16.504101,43.522451],[16.504101,43.522448],[16.504101,43.522448],[16.504101,43.522442],[16.504101,43.522433],[16.504089,43.522433],[16.504089,43.522424],[16.504101,43.522424],[16.504101,43.522415],[16.504113,43.522415],[16.504126,43.522415],[16.504126,43.522406],[16.504113,43.522406],[16.504101,43.522406],[16.504089,43.522406],[16.504089,43.522415],[16.504076,43.522415],[16.504064,43.522415],[16.504051,43.522415],[16.504039,43.522415],[16.504027,43.522415],[16.504014,43.522415],[16.504002,43.522415],[16.504002,43.522424],[16.50399,43.522424],[16.503959,43.522431],[16.503987,43.52249]]]}},{"type":"Feature","properties":{"krov":"ROOF_FLAT","visina":2.9697,"kota_vrha":31.37267969},"geometry":{"type":"Polygon","coordinates":[[[16.493986,43.522442],[16.493998,43.522478],[16.494007,43.522476],[16.494007,43.522469],[16.494019,43.522469],[16.494032,43.522469],[16.494032,43.52246],[16.494032,43.522451],[16.494019,43.522451],[16.494019,43.522442],[16.494007,43.522442],[16.493994,43.522442],[16.493986,43.522442],[16.493986,43.522442]]]}},{"type":"Feature","properties":{"krov":"ROOF_NOT_FLAT","visina":4.8415,"kota_vrha":33.25547969},"geometry":{"type":"Polygon","coordinates":[[[16.493998,43.522478],[16.493986,43.522442],[16.493982,43.522443],[16.493982,43.522451],[16.49397,43.522451],[16.493957,43.522451],[16.493957,43.52246],[16.493957,43.522469],[16.49397,43.522469],[16.49397,43.522478],[16.49397,43.522487],[16.49397,43.522496],[16.493982,43.522496],[16.493998,43.522491],[16.493982,43.522487],[16.493982,43.522478],[16.493994,43.522478],[16.493998,43.522478],[16.493998,43.522478]]]}},{"type":"Feature","properties":{"krov":"ROOF_NOT_FLAT","visina":5.5333,"kota_vrha":33.44327969},"geometry":{"type":"Polygon","coordinates":[[[16.491649,43.52253],[16.491669,43.522523],[16.491681,43.522523],[16.491694,43.522523],[16.491694,43.522514],[16.491706,43.522514],[16.491718,43.522514],[16.491731,43.522514],[16.491731,43.522505],[16.491743,43.522505],[16.491743,43.522496],[16.491743,43.522487],[16.491743,43.522478],[16.491731,43.522478],[16.491731,43.522469],[16.491731,43.52246],[16.491731,43.522451],[16.491718,43.522451],[16.491718,43.522433],[16.491718,43.522424],[16.491706,43.522424],[16.491706,43.522415],[16.491706,43.522406],[16.491694,43.522406],[16.491694,43.522397],[16.491694,43.522388],[16.491694,43.522379],[16.491681,43.522379],[16.491681,43.52237],[16.491681,43.522361],[16.491681,43.522352],[16.491669,43.522352],[16.491669,43.522343],[16.491669,43.522334],[16.491669,43.522325],[16.491656,43.522325],[16.491656,43.522316],[16.491656,43.522307],[16.491644,43.522307],[16.491644,43.522289],[16.491644,43.52228],[16.491632,43.52228],[16.491619,43.52228],[16.491607,43.52228],[16.491607,43.522289],[16.491595,43.522289],[16.491582,43.522289],[16.49157,43.522289],[16.49157,43.522298],[16.491557,43.522298],[16.491545,43.522298],[16.491529,43.522305],[16.491557,43.522364],[16.49157,43.52237],[16.491581,43.522416],[16.491595,43.522424],[16.491595,43.522451],[16.491607,43.522451],[16.491607,43.52246],[16.491607,43.522469],[16.491607,43.522476],[16.491608,43.522478],[16.491619,43.522478],[16.491619,43.522487],[16.491619,43.522496],[16.491632,43.522496],[16.491632,43.522505],[16.491632,43.522514],[16.491632,43.522523],[16.491644,43.522523],[16.491649,43.52253]]]}},{"type":"Feature","properties":{"krov":"ROOF_NOT_FLAT","visina":8.733,"kota_vrha":37.53497969},"geometry":{"type":"Polygon","coordinates":[[[16.493809,43.522523],[16.493794,43.522526],[16.493805,43.522534],[16.493809,43.522523]]]}},{"type":"Feature","properties":{"krov":"ROOF_FLAT","visina":6.4973,"kota_vrha":82.15427969},"geometry":{"type":"Polygon","coordinates":[[[16.504517,43.522435],[16.504525,43.522474],[16.504522,43.522475],[16.504522,43.522478],[16.504522,43.522487],[16.504497,43.522487],[16.504497,43.522496],[16.504509,43.522496],[16.504497,43.522514],[16.504504,43.522554],[16.504622,43.522541],[16.504612,43.522483],[16.504618,43.522446],[16.504583,43.522442],[16.504559,43.522442],[16.504559,43.522433],[16.504546,43.522433],[16.504534,43.522433],[16.504522,43.522433],[16.504517,43.522433],[16.504517,43.522435]]]}},{"type":"Feature","properties":{"krov":"ROOF_NOT_FLAT","visina":6.1741,"kota_vrha":82.86807969},"geometry":{"type":"Polygon","coordinates":[[[16.504517,43.522435],[16.504509,43.522435],[16.504509,43.522442],[16.504497,43.522442],[16.504497,43.522451],[16.504497,43.522469],[16.504509,43.522469],[16.504522,43.522469],[16.504522,43.522475],[16.504525,43.522474],[16.504517,43.522435]]]}},{"type":"Feature","properties":{"krov":"ROOF_FLAT","visina":2.5871,"kota_vrha":29.19407969},"geometry":{"type":"Polygon","coordinates":[[[16.493648,43.522532],[16.493648,43.522523],[16.493636,43.522523],[16.493636,43.522532],[16.493623,43.522532],[16.493611,43.522532],[16.493611,43.522541],[16.493611,43.52255],[16.493611,43.522555],[16.493613,43.522559],[16.493623,43.522559],[16.493636,43.522559],[16.493648,43.522559],[16.493655,43.522559],[16.49366,43.522557],[16.49366,43.52255],[16.49366,43.522541],[16.49366,43.522532],[16.493648,43.522532]]]}},{"type":"Feature","properties":{"krov":"ROOF_FLAT","visina":4.456,"kota_vrha":31.96997969},"geometry":{"type":"MultiPolygon","coordinates":[[[[16.493809,43.522505],[16.493821,43.522505],[16.493834,43.522505],[16.493846,43.522505],[16.493857,43.522505],[16.493871,43.522502],[16.493871,43.522496],[16.493871,43.522487],[16.493871,43.522478],[16.493858,43.522478],[16.493858,43.522469],[16.493852,43.522457],[16.493846,43.522469],[16.493834,43.522469],[16.493821,43.522469],[16.493809,43.522469],[16.493796,43.522469],[16.493796,43.522478],[16.493784,43.522478],[16.493772,43.522478],[16.493759,43.522478],[16.493759,43.522487],[16.493759,43.522496],[16.493758,43.522496],[16.493771,43.52252],[16.493748,43.522528],[16.493749,43.522531],[16.49375,43.522532],[16.493759,43.522532],[16.493772,43.522532],[16.493772,43.522523],[16.493784,43.522523],[16.493784,43.522519],[16.493784,43.522514],[16.493796,43.522514],[16.493809,43.522514],[16.493809,43.522505]]]]}},{"type":"Feature","properties":{"krov":"ROOF_FLAT","visina":4.6596,"kota_vrha":31.53457969},"geometry":{"type":"Polygon","coordinates":[[[16.493749,43.522531],[16.493748,43.522528],[16.493771,43.52252],[16.493758,43.522496],[16.493747,43.522496],[16.493735,43.522496],[16.493722,43.522496],[16.493722,43.522505],[16.49371,43.522505],[16.493698,43.522505],[16.493685,43.522505],[16.493685,43.522514],[16.493685,43.522523],[16.493698,43.522523],[16.493698,43.522541],[16.49371,43.522541],[16.493717,43.522541],[16.493722,43.522539],[16.493722,43.522532],[16.493735,43.522532],[16.493745,43.522532],[16.493749,43.522531]]]}},{"type":"Feature","properties":{"krov":"ROOF_NOT_FLAT","visina":8.733,"kota_vrha":37.53497969},"geometry":{"type":"MultiPolygon","coordinates":[[[[16.493858,43.522505],[16.493858,43.522514],[16.493846,43.522514],[16.493834,43.522514],[16.493821,43.522514],[16.493809,43.522514],[16.493809,43.522523],[16.493821,43.522523],[16.493821,43.522532],[16.493834,43.522532],[16.493834,43.522541],[16.493834,43.52255],[16.493834,43.522559],[16.493834,43.522568],[16.493846,43.522568],[16.493846,43.522577],[16.493846,43.522586],[16.493858,43.522586],[16.493871,43.522586],[16.493883,43.522586],[16.493892,43.522581],[16.493883,43.522541],[16.493871,43.522523],[16.493871,43.522514],[16.493871,43.522505],[16.493871,43.522502],[16.493858,43.522505]]]]}},{"type":"Feature","properties":{"krov":"ROOF_FLAT","visina":1.888,"kota_vrha":30.69997969},"geometry":{"type":"Polygon","coordinates":[[[16.494942,43.5226],[16.494935,43.522577],[16.494893,43.522582],[16.494885,43.522608],[16.494942,43.5226]]]}},{"type":"Feature","properties":{"krov":"ROOF_NOT_FLAT","visina":4.3003,"kota_vrha":41.57227969},"geometry":{"type":"Polygon","coordinates":[[[16.497619,43.522523],[16.497613,43.522512],[16.497607,43.522523],[16.497514,43.522579],[16.497584,43.522624],[16.497682,43.522562],[16.497619,43.522523]]]}},{"type":"Feature","properties":{"krov":"ROOF_FLAT","visina":2.151,"kota_vrha":30.49997969},"geometry":{"type":"Polygon","coordinates":[[[16.494728,43.522619],[16.494712,43.522595],[16.494609,43.522598],[16.494619,43.522625],[16.494728,43.522619]]]}},{"type":"Feature","properties":{"krov":"ROOF_FLAT","visina":3.1033,"kota_vrha":39.32627969},"geometry":{"type":"Polygon","coordinates":[[[16.497201,43.522613],[16.497187,43.522598],[16.497186,43.522598],[16.497186,43.522604],[16.497186,43.522613],[16.497159,43.522617],[16.497149,43.522631],[16.497154,43.522641],[16.497157,43.52264],[16.497161,43.522631],[16.497186,43.522622],[16.497193,43.522622],[16.497198,43.52262],[16.497198,43.522613],[16.497201,43.522613]]]}},{"type":"Feature","properties":{"krov":"ROOF_FLAT","visina":2.6944,"kota_vrha":39.10437969},"geometry":{"type":"Polygon","coordinates":[[[16.497187,43.522598],[16.497201,43.522613],[16.497211,43.522613],[16.497211,43.522604],[16.497211,43.522595],[16.497198,43.522595],[16.497192,43.522574],[16.497186,43.522595],[16.497186,43.522596],[16.497187,43.522598]]]}},{"type":"Feature","properties":{"krov":"ROOF_NOT_FLAT","visina":6.2064,"kota_vrha":61.15637969},"geometry":{"type":"Polygon","coordinates":[[[16.500909,43.522212],[16.500909,43.522208],[16.500909,43.522199],[16.500909,43.52219],[16.500897,43.52219],[16.500897,43.522181],[16.500897,43.522172],[16.500897,43.522163],[16.500885,43.522163],[16.500872,43.522163],[16.500872,43.522154],[16.500871,43.522154],[16.500863,43.522156],[16.500885,43.522217],[16.500909,43.522212]]]}},{"type":"Feature","properties":{"krov":"ROOF_NOT_FLAT","visina":7.6222,"kota_vrha":62.33117969},"geometry":{"type":"Polygon","coordinates":[[[16.500909,43.522212],[16.500885,43.522217],[16.500844,43.522225],[16.500823,43.522229],[16.500773,43.522238],[16.500773,43.522244],[16.500773,43.522253],[16.50078,43.522266],[16.500863,43.522499],[16.500872,43.522505],[16.500872,43.522523],[16.500872,43.522541],[16.500885,43.522541],[16.500885,43.522568],[16.500885,43.522577],[16.500897,43.522577],[16.500897,43.522604],[16.500909,43.522604],[16.500909,43.522613],[16.500909,43.522631],[16.500922,43.522631],[16.500922,43.522649],[16.500934,43.522649],[16.500955,43.522646],[16.500971,43.52264],[16.500984,43.52264],[16.500996,43.52264],[16.501008,43.52264],[16.501008,43.522631],[16.501053,43.522628],[16.5011,43.522617],[16.501132,43.522613],[16.501144,43.522613],[16.501144,43.522604],[16.501144,43.522595],[16.501132,43.522595],[16.501132,43.522577],[16.501132,43.522559],[16.50112,43.522559],[16.50112,43.522541],[16.501116,43.522526],[16.501107,43.522514],[16.501092,43.522448],[16.501063,43.522445],[16.501008,43.522451],[16.500999,43.522445],[16.500931,43.52226],[16.500922,43.522226],[16.500922,43.522217],[16.500909,43.522217],[16.500909,43.522212]]]}},{"type":"Feature","properties":{"krov":"ROOF_NOT_FLAT","visina":7.88,"kota_vrha":62.04497969},"geometry":{"type":"Polygon","coordinates":[[[16.500885,43.522217],[16.500863,43.522156],[16.500862,43.522154],[16.50086,43.522154],[16.500848,43.522154],[16.500841,43.522128],[16.500792,43.521996],[16.500761,43.521992],[16.500749,43.521992],[16.500736,43.521992],[16.500736,43.522001],[16.500724,43.522001],[16.500689,43.522008],[16.500729,43.522123],[16.500736,43.522127],[16.500736,43.522163],[16.500749,43.522163],[16.500749,43.522199],[16.500761,43.522199],[16.500761,43.522226],[16.500773,43.522226],[16.500773,43.522235],[16.500773,43.522238],[16.500823,43.522229],[16.500844,43.522225],[16.500885,43.522217]]]}},{"type":"Feature","properties":{"krov":"ROOF_NOT_FLAT","visina":6.6843,"kota_vrha":33.96427969},"geometry":{"type":"Polygon","coordinates":[[[16.491233,43.522649],[16.490948,43.5221],[16.490939,43.5221],[16.490939,43.522109],[16.490923,43.522117],[16.490939,43.522163],[16.490939,43.52217],[16.49094,43.522172],[16.490951,43.522172],[16.490951,43.522181],[16.490951,43.52219],[16.490964,43.52219],[16.490964,43.522208],[16.490964,43.522217],[16.490976,43.522217],[16.490976,43.522235],[16.490976,43.522242],[16.490977,43.522244],[16.490988,43.522244],[16.490988,43.522262],[16.491001,43.522262],[16.491001,43.522271],[16.490991,43.522271],[16.490994,43.522277],[16.490988,43.522279],[16.490988,43.52228],[16.490988,43.522289],[16.490921,43.522302],[16.490966,43.522382],[16.490976,43.522388],[16.490984,43.522422],[16.491013,43.522469],[16.491013,43.522486],[16.491014,43.522487],[16.491026,43.522487],[16.491041,43.522531],[16.491065,43.522557],[16.491087,43.52255],[16.4911,43.52255],[16.4911,43.522553],[16.491103,43.522552],[16.491107,43.522559],[16.491112,43.522559],[16.491112,43.522568],[16.491124,43.522568],[16.491124,43.522577],[16.491124,43.522586],[16.491124,43.522592],[16.491126,43.522595],[16.491137,43.522595],[16.491137,43.522604],[16.491137,43.522613],[16.491149,43.522613],[16.491153,43.522637],[16.491162,43.522649],[16.491177,43.522669],[16.491178,43.522669],[16.491186,43.522658],[16.491211,43.522658],[16.491217,43.522658],[16.491223,43.522656],[16.491223,43.522649],[16.491233,43.522649]]]}},{"type":"Feature","properties":{"krov":"ROOF_NOT_FLAT","visina":8.7726,"kota_vrha":36.05257969},"geometry":{"type":"MultiPolygon","coordinates":[[[[16.491125,43.522045],[16.491122,43.522046],[16.491125,43.522046],[16.491125,43.522045]]],[[[16.491063,43.522064],[16.491063,43.522063],[16.49106,43.522064],[16.491063,43.522064]]],[[[16.491063,43.522064],[16.491063,43.522073],[16.49105,43.522073],[16.491038,43.522073],[16.491028,43.522073],[16.491026,43.522074],[16.491026,43.522082],[16.491013,43.522082],[16.491001,43.522082],[16.491001,43.522091],[16.49098,43.522094],[16.490964,43.5221],[16.490951,43.5221],[16.490948,43.5221],[16.491233,43.522649],[16.491236,43.522649],[16.491248,43.522649],[16.491248,43.52264],[16.491281,43.522637],[16.491298,43.522631],[16.49131,43.522631],[16.49131,43.522622],[16.491344,43.522622],[16.491347,43.522621],[16.491347,43.522613],[16.491359,43.522613],[16.491372,43.522613],[16.491372,43.522604],[16.491384,43.522604],[16.491423,43.522595],[16.491471,43.52258],[16.491427,43.522492],[16.491421,43.522478],[16.491421,43.522469],[16.491409,43.522469],[16.491409,43.52246],[16.491409,43.522442],[16.491397,43.522442],[16.491397,43.522433],[16.491397,43.522424],[16.491384,43.522424],[16.491384,43.522415],[16.491384,43.522397],[16.491372,43.522397],[16.491372,43.522388],[16.491372,43.522379],[16.49136,43.522379],[16.49136,43.522361],[16.49136,43.522352],[16.491347,43.522352],[16.491347,43.522325],[16.491335,43.522325],[16.491335,43.522307],[16.491322,43.522307],[16.491322,43.522298],[16.491303,43.522255],[16.491199,43.522055],[16.491199,43.522046],[16.491186,43.522046],[16.491186,43.522037],[16.491199,43.522037],[16.491199,43.52203],[16.491196,43.522025],[16.491174,43.522031],[16.491174,43.522037],[16.491162,43.522037],[16.491162,43.522034],[16.491137,43.522042],[16.491137,43.522046],[16.491125,43.522046],[16.491125,43.522055],[16.491112,43.522055],[16.4911,43.522055],[16.491091,43.522055],[16.491087,43.522056],[16.491087,43.522064],[16.491075,43.522064],[16.491063,43.522064]]]]}},{"type":"Feature","properties":{"krov":"ROOF_FLAT","visina":2.8356,"kota_vrha":30.59657969},"geometry":{"type":"Polygon","coordinates":[[[16.494554,43.522659],[16.494539,43.522613],[16.494472,43.522626],[16.494495,43.522671],[16.494554,43.522659]]]}},{"type":"Feature","properties":{"krov":"ROOF_FLAT","visina":2.9695,"kota_vrha":38.84547969},"geometry":{"type":"Polygon","coordinates":[[[16.496996,43.522668],[16.497018,43.522694],[16.497025,43.522694],[16.497025,43.522685],[16.497025,43.522676],[16.497025,43.522667],[16.497013,43.522667],[16.497007,43.522656],[16.497,43.522667],[16.496995,43.522667],[16.496996,43.522668]]]}},{"type":"Feature","properties":{"krov":"ROOF_FLAT","visina":2.8066,"kota_vrha":38.66057969},"geometry":{"type":"Polygon","coordinates":[[[16.497018,43.522694],[16.496996,43.522668],[16.496988,43.522672],[16.496988,43.522676],[16.496988,43.522685],[16.496988,43.522694],[16.496988,43.522694],[16.497,43.522694],[16.497013,43.522694],[16.497018,43.522694]]]}},{"type":"Feature","properties":{"krov":"ROOF_NOT_FLAT","visina":4.3397,"kota_vrha":30.84467969},"geometry":{"type":"Polygon","coordinates":[[[16.494304,43.522748],[16.494304,43.522739],[16.494316,43.522739],[16.494328,43.522739],[16.494341,43.522739],[16.494353,43.522739],[16.494365,43.522739],[16.494378,43.522739],[16.494378,43.52273],[16.494378,43.522721],[16.494378,43.522712],[16.494378,43.522703],[16.494372,43.522692],[16.494365,43.522703],[16.494341,43.522703],[16.494291,43.522703],[16.494254,43.522703],[16.494254,43.522712],[16.494254,43.522721],[16.494254,43.52273],[16.494254,43.522739],[16.494254,43.522748],[16.494267,43.522748],[16.494279,43.522748],[16.494291,43.522748],[16.494304,43.522748]]]}},{"type":"Feature","properties":{"krov":"ROOF_NOT_FLAT","visina":5.4389,"kota_vrha":60.09387969},"geometry":{"type":"Polygon","coordinates":[[[16.500563,43.522766],[16.500563,43.522757],[16.500575,43.522757],[16.500613,43.522749],[16.500773,43.522703],[16.500796,43.522703],[16.500798,43.522703],[16.500798,43.522694],[16.500823,43.522694],[16.500829,43.522694],[16.500835,43.522693],[16.500835,43.522685],[16.500848,43.522685],[16.50086,43.522685],[16.50086,43.522676],[16.500848,43.522676],[16.500835,43.522676],[16.500823,43.522676],[16.50081,43.522676],[16.500786,43.522676],[16.500786,43.522667],[16.500798,43.522667],[16.50081,43.522667],[16.500823,43.522667],[16.500835,43.522667],[16.500848,43.522667],[16.500848,43.522658],[16.500863,43.522654],[16.500848,43.522649],[16.500848,43.522631],[16.500835,43.522631],[16.500835,43.52264],[16.500823,43.52264],[16.500768,43.52265],[16.500761,43.522658],[16.500749,43.522658],[16.500736,43.522658],[16.500724,43.522658],[16.500724,43.522667],[16.500699,43.522667],[16.500699,43.522676],[16.500674,43.522676],[16.500662,43.522676],[16.500662,43.522685],[16.50065,43.522685],[16.500637,43.522685],[16.500625,43.522685],[16.500625,43.522694],[16.500613,43.522694],[16.500613,43.522703],[16.5006,43.522703],[16.5006,43.522712],[16.500588,43.522712],[16.500575,43.522712],[16.500563,43.522712],[16.500563,43.522721],[16.500551,43.522721],[16.500538,43.522721],[16.500522,43.522726],[16.500538,43.52273],[16.500538,43.522739],[16.500538,43.522748],[16.500551,43.522748],[16.500551,43.522757],[16.500551,43.522766],[16.500561,43.522766],[16.500563,43.522766]]]}},{"type":"Feature","properties":{"krov":"ROOF_FLAT","visina":3.25,"kota_vrha":30.92497969},"geometry":{"type":"Polygon","coordinates":[[[16.491805,43.522757],[16.491792,43.522757],[16.491792,43.522766],[16.491792,43.522775],[16.491805,43.522775],[16.491817,43.522775],[16.491817,43.522766],[16.491805,43.522766],[16.491805,43.522757]]]}},{"type":"Feature","properties":{"krov":"ROOF_NOT_FLAT","visina":3.6783,"kota_vrha":59.31727969},"geometry":{"type":"Polygon","coordinates":[[[16.501163,43.522786],[16.501169,43.522775],[16.501182,43.522775],[16.501202,43.522775],[16.501206,43.522774],[16.501206,43.522766],[16.501296,43.522747],[16.501305,43.522739],[16.501318,43.522739],[16.50133,43.522739],[16.50133,43.52273],[16.50133,43.522721],[16.501322,43.522709],[16.501313,43.522679],[16.501305,43.522676],[16.501293,43.522676],[16.501281,43.522676],[16.501268,43.522676],[16.501268,43.522685],[16.501256,43.522685],[16.501243,43.522685],[16.501231,43.522685],[16.501231,43.522694],[16.501219,43.522694],[16.501206,43.522694],[16.501206,43.522703],[16.501196,43.522703],[16.501199,43.52271],[16.501194,43.522711],[16.501194,43.522712],[16.501194,43.522721],[16.501127,43.522734],[16.501137,43.522753],[16.501144,43.522757],[16.501144,43.522775],[16.501157,43.522775],[16.501163,43.522786],[16.501163,43.522786]]]}},{"type":"Feature","properties":{"krov":"ROOF_NOT_FLAT","visina":7.2644,"kota_vrha":61.08337969},"geometry":{"type":"Polygon","coordinates":[[[16.500272,43.522796],[16.500279,43.522784],[16.500291,43.522784],[16.500303,43.522784],[16.500316,43.522784],[16.500316,43.522775],[16.500328,43.522775],[16.50034,43.522775],[16.500353,43.522775],[16.500353,43.522766],[16.500365,43.522766],[16.500377,43.522766],[16.50039,43.522766],[16.50039,43.522757],[16.500402,43.522757],[16.500415,43.522757],[16.500415,43.522748],[16.500427,43.522748],[16.500439,43.522748],[16.500452,43.522748],[16.500452,43.522739],[16.500464,43.522739],[16.500476,43.522739],[16.500489,43.522739],[16.500489,43.52273],[16.500501,43.52273],[16.500514,43.52273],[16.500514,43.522721],[16.500514,43.522712],[16.500526,43.522712],[16.500526,43.522703],[16.500538,43.522703],[16.500551,43.522703],[16.500563,43.522703],[16.500563,43.522694],[16.500588,43.522694],[16.5006,43.522694],[16.5006,43.522685],[16.500588,43.522685],[16.500588,43.522667],[16.500588,43.522658],[16.500575,43.522658],[16.500575,43.522649],[16.500575,43.52264],[16.500544,43.522595],[16.500538,43.522604],[16.500514,43.522604],[16.500501,43.522604],[16.500501,43.522613],[16.500469,43.522617],[16.50039,43.52264],[16.500369,43.522643],[16.500328,43.522658],[16.500307,43.522661],[16.500291,43.522667],[16.500279,43.522667],[16.500266,43.522667],[16.500266,43.522676],[16.500254,43.522676],[16.500241,43.522676],[16.500229,43.522676],[16.500229,43.522685],[16.500217,43.522685],[16.500204,43.522685],[16.500204,43.522694],[16.500192,43.522694],[16.500192,43.522712],[16.500192,43.522721],[16.500204,43.522721],[16.500204,43.52273],[16.500204,43.522739],[16.500217,43.522739],[16.500217,43.522748],[16.500217,43.522757],[16.500229,43.522757],[16.500241,43.522757],[16.500241,43.522766],[16.500254,43.522766],[16.500254,43.522775],[16.500266,43.522775],[16.500266,43.522784],[16.500272,43.522796]]]}},{"type":"Feature","properties":{"krov":"ROOF_NOT_FLAT","visina":3.0694,"kota_vrha":29.35937969},"geometry":{"type":"Polygon","coordinates":[[[16.494477,43.522766],[16.494477,43.522748],[16.494464,43.522748],[16.494452,43.522748],[16.494452,43.522757],[16.49444,43.522757],[16.494427,43.522757],[16.494427,43.522766],[16.494427,43.522775],[16.494427,43.522784],[16.49444,43.522784],[16.49444,43.522793],[16.49444,43.522802],[16.494452,43.522802],[16.494464,43.522802],[16.494477,43.522802],[16.494489,43.522802],[16.494489,43.522793],[16.494489,43.522784],[16.494489,43.522775],[16.494489,43.522766],[16.494477,43.522766]]]}},{"type":"Feature","properties":{"krov":"ROOF_NOT_FLAT","visina":7.5292,"kota_vrha":32.21017969},"geometry":{"type":"Polygon","coordinates":[[[16.493895,43.522793],[16.493895,43.522802],[16.493895,43.522811],[16.493908,43.522811],[16.493908,43.522802],[16.493908,43.522793],[16.493895,43.522793]]]}},{"type":"Feature","properties":{"krov":"ROOF_NOT_FLAT","visina":6.0603,"kota_vrha":40.96227969},"geometry":{"type":"Polygon","coordinates":[[[16.497093,43.522823],[16.497124,43.522811],[16.497133,43.522811],[16.497136,43.52281],[16.497136,43.522802],[16.497149,43.522802],[16.497149,43.522793],[16.497161,43.522793],[16.497169,43.522793],[16.497174,43.522791],[16.497174,43.522784],[16.497186,43.522784],[16.497186,43.522775],[16.497198,43.522775],[16.497198,43.522766],[16.497211,43.522766],[16.497222,43.522766],[16.497223,43.522766],[16.497223,43.522757],[16.497235,43.522757],[16.497235,43.522748],[16.49726,43.522743],[16.497383,43.522679],[16.497396,43.522667],[16.497424,43.522663],[16.497433,43.522649],[16.497446,43.522649],[16.497446,43.522631],[16.497446,43.522622],[16.497433,43.522622],[16.497433,43.522613],[16.497421,43.522613],[16.497421,43.522604],[16.497409,43.522604],[16.497403,43.522584],[16.497363,43.522598],[16.497359,43.522604],[16.497347,43.522604],[16.497347,43.522613],[16.497327,43.522617],[16.497297,43.522631],[16.497285,43.522631],[16.497285,43.52264],[16.497273,43.52264],[16.497273,43.522649],[16.49726,43.522649],[16.49726,43.522658],[16.497248,43.522658],[16.497235,43.522658],[16.497235,43.522667],[16.497223,43.522667],[16.497223,43.522676],[16.497198,43.522676],[16.497198,43.522685],[16.497186,43.522685],[16.497186,43.522694],[16.497159,43.522698],[16.497149,43.522712],[16.497136,43.522712],[16.497136,43.522721],[16.497115,43.522725],[16.497045,43.52276],[16.497055,43.52278],[16.497062,43.522784],[16.497062,43.522793],[16.497075,43.522793],[16.497075,43.522802],[16.497087,43.522802],[16.497093,43.522823]]]}},{"type":"Feature","properties":{"krov":"ROOF_FLAT","visina":3.7822,"kota_vrha":31.13017969},"geometry":{"type":"Polygon","coordinates":[[[16.489976,43.522775],[16.489838,43.522821],[16.489847,43.522833],[16.489938,43.522811],[16.489949,43.522802],[16.489978,43.522797],[16.489986,43.52278],[16.489976,43.522775]]]}},{"type":"Feature","properties":{"krov":"ROOF_FLAT","visina":3.5812,"kota_vrha":31.13017969},"geometry":{"type":"Polygon","coordinates":[[[16.489976,43.522775],[16.489956,43.522767],[16.489937,43.522726],[16.489925,43.522721],[16.489925,43.522712],[16.489919,43.522712],[16.489788,43.522756],[16.489788,43.522757],[16.489788,43.522766],[16.489788,43.522774],[16.48979,43.522775],[16.489801,43.522775],[16.489838,43.522821],[16.489976,43.522775]]]}},{"type":"Feature","properties":{"krov":"ROOF_FLAT","visina":4.2397,"kota_vrha":30.06067969},"geometry":{"type":"Polygon","coordinates":[[[16.493017,43.522829],[16.493017,43.52282],[16.493029,43.52282],[16.493042,43.52282],[16.493047,43.52282],[16.493054,43.522818],[16.493054,43.522802],[16.493054,43.522793],[16.493042,43.522793],[16.493036,43.522781],[16.493029,43.522793],[16.493017,43.522793],[16.493005,43.522793],[16.492992,43.522793],[16.492992,43.522795],[16.493011,43.522829],[16.493017,43.522829],[16.493017,43.522829]]]}},{"type":"Feature","properties":{"krov":"ROOF_FLAT","visina":4.0157,"kota_vrha":30.06067969},"geometry":{"type":"Polygon","coordinates":[[[16.49298,43.522838],[16.49298,43.522829],[16.492992,43.522829],[16.493005,43.522829],[16.493007,43.522829],[16.492992,43.522801],[16.492992,43.522802],[16.49298,43.522802],[16.492968,43.522802],[16.492955,43.522802],[16.492955,43.522811],[16.492943,43.522811],[16.492943,43.52282],[16.492943,43.522829],[16.492943,43.522835],[16.492944,43.522838],[16.492955,43.522838],[16.492968,43.522838],[16.49298,43.522838]]]}},{"type":"Feature","properties":{"krov":"ROOF_NOT_FLAT","visina":3.455,"kota_vrha":31.46497969},"geometry":{"type":"Polygon","coordinates":[[[16.491768,43.522847],[16.491768,43.522838],[16.49178,43.522838],[16.49178,43.522829],[16.49178,43.52282],[16.49178,43.522811],[16.491768,43.522811],[16.491755,43.522811],[16.491755,43.52282],[16.491743,43.52282],[16.491731,43.52282],[16.491731,43.522829],[16.491731,43.522838],[16.491743,43.522838],[16.491743,43.522847],[16.491755,43.522847],[16.491768,43.522847]]]}},{"type":"Feature","properties":{"krov":"ROOF_NOT_FLAT","visina":8.6815,"kota_vrha":33.04847969},"geometry":{"type":"Polygon","coordinates":[[[16.493818,43.522828],[16.493815,43.52282],[16.493809,43.52282],[16.493809,43.522811],[16.493809,43.522805],[16.49379,43.522757],[16.493788,43.522758],[16.493772,43.522761],[16.493772,43.522766],[16.493759,43.522766],[16.493749,43.522766],[16.493747,43.522766],[16.493747,43.522775],[16.493735,43.522775],[16.493722,43.522775],[16.493722,43.522772],[16.493707,43.522775],[16.49371,43.522775],[16.49371,43.522784],[16.493697,43.522784],[16.493685,43.522784],[16.493685,43.52278],[16.493679,43.522781],[16.493673,43.522782],[16.493673,43.522784],[16.493666,43.522784],[16.49366,43.522785],[16.49366,43.522793],[16.49366,43.522802],[16.493673,43.522802],[16.493673,43.522811],[16.493685,43.522811],[16.493697,43.522811],[16.493697,43.52282],[16.49371,43.52282],[16.49371,43.522829],[16.493722,43.522829],[16.493735,43.522829],[16.493747,43.522829],[16.493759,43.522829],[16.493772,43.522829],[16.493772,43.522838],[16.493784,43.522838],[16.493796,43.522838],[16.493796,43.522847],[16.493809,43.522847],[16.493809,43.522838],[16.493809,43.522829],[16.493818,43.522829],[16.493818,43.522828]]]}},{"type":"Feature","properties":{"krov":"ROOF_NOT_FLAT","visina":7.5292,"kota_vrha":32.21017969},"geometry":{"type":"MultiPolygon","coordinates":[[[[16.493895,43.522793],[16.493895,43.522784],[16.493895,43.522766],[16.493895,43.522757],[16.493883,43.522757],[16.493883,43.522748],[16.493883,43.522739],[16.493883,43.52273],[16.493883,43.522721],[16.493871,43.522721],[16.493846,43.522721],[16.493834,43.522721],[16.493834,43.52273],[16.493834,43.522739],[16.493846,43.522739],[16.493846,43.522748],[16.493834,43.522748],[16.493823,43.522748],[16.493824,43.522751],[16.493821,43.522751],[16.493821,43.522757],[16.493809,43.522757],[16.493809,43.522766],[16.493796,43.522766],[16.493796,43.522757],[16.493791,43.522757],[16.49379,43.522757],[16.493809,43.522805],[16.493809,43.522802],[16.493809,43.522793],[16.493809,43.522784],[16.493809,43.522775],[16.493821,43.522775],[16.493821,43.522784],[16.493834,43.522784],[16.493834,43.522793],[16.493846,43.522793],[16.493858,43.522793],[16.493858,43.522784],[16.493871,43.522784],[16.493871,43.522793],[16.493883,43.522793],[16.493895,43.522793]]],[[[16.493815,43.52282],[16.493818,43.522828],[16.493821,43.522827],[16.493821,43.52282],[16.493815,43.52282]]]]}},{"type":"Feature","properties":{"krov":"ROOF_NOT_FLAT","visina":2.3784,"kota_vrha":26.78137969},"geometry":{"type":"MultiPolygon","coordinates":[[[[16.493772,43.522761],[16.493788,43.522758],[16.493787,43.522757],[16.493784,43.522757],[16.493772,43.522757],[16.493772,43.522761]]],[[[16.493747,43.522757],[16.493759,43.522757],[16.493772,43.522757],[16.493772,43.522748],[16.493772,43.522739],[16.493759,43.522739],[16.493759,43.52273],[16.493747,43.52273],[16.493735,43.52273],[16.493722,43.52273],[16.493722,43.522739],[16.49371,43.522739],[16.493697,43.522739],[16.493685,43.522739],[16.493685,43.522748],[16.493673,43.522748],[16.493673,43.522757],[16.493673,43.522766],[16.493685,43.522766],[16.493685,43.522775],[16.493697,43.522775],[16.493707,43.522775],[16.493722,43.522772],[16.493722,43.522766],[16.493735,43.522766],[16.493747,43.522766],[16.493747,43.522757]]],[[[16.493675,43.522775],[16.493679,43.522781],[16.493685,43.52278],[16.493685,43.522775],[16.493675,43.522775]]]]}},{"type":"Feature","properties":{"krov":"ROOF_NOT_FLAT","visina":4.2851,"kota_vrha":58.29607969},"geometry":{"type":"Polygon","coordinates":[[[16.500291,43.522855],[16.500291,43.522847],[16.500303,43.522847],[16.500316,43.522847],[16.500316,43.522838],[16.500328,43.522838],[16.50034,43.522838],[16.500353,43.522838],[16.500353,43.522829],[16.500365,43.522829],[16.500377,43.522829],[16.500387,43.522829],[16.50039,43.522829],[16.50039,43.52282],[16.500402,43.52282],[16.500415,43.52282],[16.500421,43.52282],[16.500427,43.522819],[16.500427,43.522811],[16.500439,43.522811],[16.500452,43.522811],[16.500452,43.522802],[16.500464,43.522802],[16.500476,43.522802],[16.500489,43.522802],[16.500489,43.522802],[16.500489,43.522793],[16.500501,43.522793],[16.500514,43.522793],[16.500522,43.522793],[16.500526,43.522792],[16.500526,43.522784],[16.500526,43.522775],[16.500514,43.522775],[16.500514,43.522766],[16.500489,43.522766],[16.500476,43.522766],[16.500476,43.522775],[16.500464,43.522775],[16.500452,43.522775],[16.500439,43.522775],[16.500439,43.522784],[16.500427,43.522784],[16.500415,43.522784],[16.500415,43.522793],[16.500402,43.522793],[16.50039,43.522793],[16.500377,43.522793],[16.500377,43.522802],[16.500365,43.522802],[16.500353,43.522802],[16.50034,43.522802],[16.50034,43.522811],[16.500328,43.522811],[16.500316,43.522811],[16.500316,43.52282],[16.500303,43.52282],[16.500291,43.52282],[16.500291,43.522829],[16.500279,43.522829],[16.500279,43.522838],[16.500266,43.522838],[16.500266,43.522856],[16.500279,43.522856],[16.500286,43.522856],[16.500291,43.522855]]]}},{"type":"Feature","properties":{"krov":"ROOF_NOT_FLAT","visina":6.3961,"kota_vrha":33.39607969},"geometry":{"type":"Polygon","coordinates":[[[16.490221,43.522874],[16.490221,43.522865],[16.490234,43.522865],[16.490246,43.522865],[16.490258,43.522865],[16.490271,43.522865],[16.490271,43.522856],[16.490283,43.522856],[16.490283,43.522847],[16.490296,43.522847],[16.490296,43.522838],[16.490296,43.522829],[16.490283,43.522829],[16.490283,43.52282],[16.490283,43.522811],[16.490271,43.522811],[16.490271,43.522802],[16.490271,43.522793],[16.490259,43.522793],[16.490259,43.522775],[16.490259,43.522766],[16.490246,43.522766],[16.490246,43.522757],[16.490246,43.522748],[16.490234,43.522748],[16.490234,43.522739],[16.490234,43.52273],[16.490221,43.52273],[16.490221,43.522721],[16.490221,43.522712],[16.490209,43.522712],[16.490209,43.522703],[16.490209,43.522694],[16.490197,43.522694],[16.490197,43.522685],[16.490197,43.522676],[16.490184,43.522676],[16.490184,43.522667],[16.490184,43.522658],[16.490172,43.522658],[16.490172,43.522649],[16.490172,43.52264],[16.49016,43.52264],[16.49016,43.522622],[16.490147,43.522622],[16.490135,43.522622],[16.490135,43.522613],[16.490135,43.522604],[16.490122,43.522604],[16.490122,43.522595],[16.490122,43.522586],[16.49011,43.522586],[16.49011,43.522577],[16.49011,43.522568],[16.490098,43.522568],[16.490098,43.522559],[16.490098,43.52255],[16.490085,43.52255],[16.490085,43.522541],[16.490085,43.522532],[16.490073,43.522532],[16.490073,43.522523],[16.490073,43.522514],[16.490073,43.522505],[16.490061,43.522505],[16.490061,43.522496],[16.490048,43.522496],[16.490037,43.522496],[16.490036,43.522496],[16.490036,43.522505],[16.490024,43.522505],[16.490012,43.522505],[16.490011,43.522505],[16.490011,43.522514],[16.489999,43.522514],[16.489987,43.522514],[16.489986,43.522514],[16.489986,43.522523],[16.489974,43.522523],[16.489974,43.522532],[16.489986,43.522532],[16.489986,43.522541],[16.489986,43.52255],[16.489999,43.52255],[16.489999,43.522559],[16.489999,43.522568],[16.490011,43.522568],[16.490011,43.522577],[16.490011,43.522586],[16.490024,43.522586],[16.490023,43.522595],[16.490023,43.522604],[16.490023,43.522613],[16.490036,43.522613],[16.490036,43.522622],[16.490036,43.522631],[16.490048,43.522631],[16.490048,43.52264],[16.490048,43.522649],[16.490061,43.522649],[16.490061,43.522658],[16.490061,43.522667],[16.490073,43.522667],[16.490073,43.522676],[16.490073,43.522685],[16.490085,43.522685],[16.490085,43.522694],[16.490085,43.522703],[16.490098,43.522703],[16.490098,43.522712],[16.490098,43.522721],[16.49011,43.522721],[16.49011,43.52273],[16.49011,43.522739],[16.490122,43.522739],[16.490122,43.522748],[16.490122,43.522757],[16.490135,43.522757],[16.490135,43.522766],[16.490135,43.522775],[16.490147,43.522775],[16.490147,43.522784],[16.490147,43.522793],[16.49016,43.522793],[16.49016,43.522802],[16.49016,43.522811],[16.490172,43.522811],[16.490172,43.52282],[16.490172,43.522829],[16.490184,43.522829],[16.490184,43.522838],[16.490184,43.522847],[16.490184,43.522856],[16.490197,43.522856],[16.490197,43.522865],[16.490197,43.522874],[16.490209,43.522874],[16.490221,43.522874]]]}},{"type":"Feature","properties":{"krov":"ROOF_NOT_FLAT","visina":9.5633,"kota_vrha":36.65327969},"geometry":{"type":"Polygon","coordinates":[[[16.492201,43.522874],[16.492201,43.522865],[16.492213,43.522865],[16.492246,43.522853],[16.49225,43.522847],[16.492275,43.522847],[16.492287,43.522847],[16.492287,43.522838],[16.4923,43.522838],[16.492409,43.522814],[16.492423,43.522802],[16.492468,43.522796],[16.492813,43.522707],[16.492844,43.522703],[16.492856,43.522703],[16.492869,43.522703],[16.492869,43.522694],[16.492893,43.522694],[16.492905,43.522694],[16.492906,43.522694],[16.492906,43.522685],[16.492931,43.522685],[16.49294,43.522685],[16.492943,43.522684],[16.492943,43.522676],[16.492968,43.522676],[16.492975,43.522676],[16.49298,43.522675],[16.49298,43.522667],[16.492992,43.522667],[16.493005,43.522667],[16.493005,43.522658],[16.49308,43.522647],[16.493109,43.522628],[16.493067,43.522541],[16.493067,43.522532],[16.493054,43.522532],[16.493054,43.522523],[16.49304,43.522483],[16.49303,43.522478],[16.493021,43.522442],[16.493005,43.522433],[16.492999,43.522427],[16.492927,43.522448],[16.492869,43.52246],[16.492856,43.52246],[16.492856,43.522469],[16.492832,43.522469],[16.492819,43.522469],[16.492819,43.522478],[16.492696,43.522505],[16.492683,43.522505],[16.492683,43.522514],[16.492658,43.522514],[16.492646,43.522514],[16.492646,43.522523],[16.492597,43.522532],[16.492584,43.522532],[16.492584,43.522541],[16.492559,43.522541],[16.492547,43.522541],[16.492547,43.52255],[16.492522,43.52255],[16.49251,43.52255],[16.49251,43.522559],[16.492415,43.52258],[16.492244,43.522625],[16.492238,43.522631],[16.492201,43.522631],[16.492201,43.52264],[16.492164,43.52264],[16.492164,43.522649],[16.492151,43.522649],[16.492139,43.522649],[16.492139,43.522658],[16.492114,43.522658],[16.492102,43.522658],[16.492102,43.522667],[16.492094,43.522671],[16.492102,43.522694],[16.492102,43.522703],[16.492114,43.522703],[16.492118,43.522727],[16.492139,43.522757],[16.492139,43.522766],[16.492139,43.522775],[16.492151,43.522775],[16.492162,43.522821],[16.492176,43.522829],[16.492176,43.522838],[16.492176,43.522847],[16.492188,43.522847],[16.492188,43.522865],[16.492188,43.522874],[16.492201,43.522874]]]}},{"type":"Feature","properties":{"krov":"ROOF_NOT_FLAT","visina":8.6815,"kota_vrha":33.04847969},"geometry":{"type":"Polygon","coordinates":[[[16.493669,43.522847],[16.493673,43.522857],[16.493673,43.522856],[16.493673,43.522847],[16.493669,43.522847]]]}},{"type":"Feature","properties":{"krov":"ROOF_NOT_FLAT","visina":5.7258,"kota_vrha":29.93577969},"geometry":{"type":"Polygon","coordinates":[[[16.493673,43.522857],[16.493669,43.522847],[16.49366,43.522847],[16.49366,43.522838],[16.493648,43.522838],[16.493648,43.522847],[16.493636,43.522847],[16.493636,43.522856],[16.493636,43.522865],[16.493636,43.522883],[16.493648,43.522883],[16.49366,43.522883],[16.493673,43.522883],[16.493673,43.522874],[16.493673,43.522865],[16.493673,43.522857]]]}},{"type":"Feature","properties":{"krov":"ROOF_NOT_FLAT","visina":7.1373,"kota_vrha":34.42027969},"geometry":{"type":"Polygon","coordinates":[[[16.491471,43.522901],[16.491471,43.522892],[16.491483,43.522892],[16.491483,43.522883],[16.491496,43.522883],[16.491496,43.522874],[16.491508,43.522874],[16.491508,43.522865],[16.49152,43.522865],[16.49152,43.522874],[16.491533,43.522874],[16.491545,43.522874],[16.491545,43.522883],[16.491557,43.522883],[16.491557,43.522891],[16.491566,43.52289],[16.49157,43.522889],[16.49157,43.522883],[16.49157,43.522874],[16.49157,43.522865],[16.491557,43.522865],[16.491557,43.522829],[16.491557,43.52282],[16.491557,43.522811],[16.491557,43.522802],[16.491557,43.522793],[16.491545,43.522793],[16.491533,43.522793],[16.49152,43.522793],[16.491496,43.522793],[16.491496,43.522802],[16.491483,43.522802],[16.491471,43.522802],[16.491458,43.522802],[16.491446,43.522802],[16.491446,43.522811],[16.491446,43.52282],[16.491446,43.522829],[16.491446,43.522838],[16.491446,43.522856],[16.491446,43.522865],[16.491446,43.522872],[16.491449,43.522883],[16.491458,43.522883],[16.491458,43.522892],[16.491458,43.522901],[16.491471,43.522901]]]}},{"type":"Feature","properties":{"krov":"ROOF_NOT_FLAT","visina":4.0182,"kota_vrha":28.15017969},"geometry":{"type":"Polygon","coordinates":[[[16.493821,43.52291],[16.493821,43.522901],[16.493834,43.522901],[16.493846,43.522901],[16.493846,43.522892],[16.493834,43.522892],[16.493834,43.522883],[16.493821,43.522883],[16.493821,43.522892],[16.493809,43.522892],[16.493796,43.522892],[16.493796,43.522901],[16.493809,43.522901],[16.493809,43.52291],[16.493821,43.52291]]]}},{"type":"Feature","properties":{"krov":"ROOF_FLAT","visina":3.0834,"kota_vrha":27.30637969},"geometry":{"type":"Polygon","coordinates":[[[16.49392,43.52291],[16.49392,43.522901],[16.493933,43.522901],[16.493945,43.522901],[16.493957,43.522901],[16.493957,43.522892],[16.493957,43.522883],[16.493957,43.522874],[16.493957,43.522865],[16.493945,43.522865],[16.493945,43.522856],[16.493945,43.522847],[16.493933,43.522847],[16.49392,43.522847],[16.493908,43.522847],[16.493908,43.522856],[16.493895,43.522856],[16.493883,43.522856],[16.493871,43.522856],[16.493871,43.522865],[16.493871,43.522874],[16.493871,43.522883],[16.493871,43.522891],[16.493871,43.522892],[16.493883,43.522892],[16.493883,43.522901],[16.493883,43.52291],[16.493895,43.52291],[16.493908,43.52291],[16.49392,43.52291]]]}},{"type":"Feature","properties":{"krov":"ROOF_FLAT","visina":11.78,"kota_vrha":65.10997969},"geometry":{"type":"Polygon","coordinates":[[[16.500074,43.522708],[16.500059,43.522684],[16.499889,43.522725],[16.499957,43.522893],[16.49998,43.522933],[16.500155,43.522883],[16.500155,43.522865],[16.500155,43.522856],[16.500142,43.522856],[16.500142,43.522838],[16.500142,43.522829],[16.50013,43.522829],[16.50013,43.52282],[16.50013,43.522811],[16.500118,43.522811],[16.500118,43.522793],[16.500118,43.522784],[16.500105,43.522784],[16.500105,43.522766],[16.500105,43.522757],[16.500093,43.522757],[16.500093,43.522739],[16.500093,43.52273],[16.500081,43.52273],[16.500081,43.522712],[16.500074,43.522708]]]}},{"type":"Feature","properties":{"krov":"ROOF_NOT_FLAT","visina":6.1854,"kota_vrha":31.64737969},"geometry":{"type":"Polygon","coordinates":[[[16.490203,43.522939],[16.490209,43.522928],[16.490238,43.522928],[16.490246,43.522925],[16.490246,43.522919],[16.490258,43.522919],[16.490265,43.522919],[16.490271,43.522917],[16.490271,43.52291],[16.490271,43.522901],[16.490271,43.522892],[16.490258,43.522892],[16.490246,43.522892],[16.490234,43.522892],[16.490221,43.522892],[16.490221,43.522901],[16.490209,43.522901],[16.490197,43.522901],[16.490184,43.522901],[16.490172,43.522901],[16.490172,43.52291],[16.490172,43.522919],[16.490184,43.522919],[16.490184,43.522928],[16.490197,43.522928],[16.490203,43.522939]]]}},{"type":"Feature","properties":{"krov":"ROOF_NOT_FLAT","visina":3.5884,"kota_vrha":28.86837969},"geometry":{"type":"Polygon","coordinates":[[[16.49444,43.522964],[16.49444,43.522955],[16.494452,43.522955],[16.494528,43.522946],[16.494509,43.522896],[16.494502,43.522892],[16.494502,43.522883],[16.494495,43.522872],[16.494489,43.522883],[16.494477,43.522883],[16.49439,43.522899],[16.494403,43.522937],[16.494403,43.522955],[16.494415,43.522955],[16.494415,43.522964],[16.494427,43.522964],[16.49444,43.522964]]]}},{"type":"Feature","properties":{"krov":"ROOF_FLAT","visina":2.8951,"kota_vrha":27.70207969},"geometry":{"type":"Polygon","coordinates":[[[16.490671,43.522958],[16.490654,43.522928],[16.490637,43.522933],[16.490587,43.522943],[16.490604,43.522971],[16.490671,43.522958]]]}},{"type":"Feature","properties":{"krov":"ROOF_NOT_FLAT","visina":4.047,"kota_vrha":30.02997969},"geometry":{"type":"Polygon","coordinates":[[[16.491632,43.523],[16.491632,43.522991],[16.491644,43.522991],[16.491644,43.522982],[16.491632,43.522982],[16.491619,43.522982],[16.491607,43.522982],[16.491607,43.522991],[16.491607,43.523],[16.491619,43.523],[16.491632,43.523]]]}},{"type":"Feature","properties":{"krov":"ROOF_FLAT","visina":2.9856,"kota_vrha":29.51657969},"geometry":{"type":"Polygon","coordinates":[[[16.491792,43.523027],[16.491792,43.523018],[16.491805,43.523018],[16.491817,43.523018],[16.491825,43.523018],[16.49183,43.523017],[16.49183,43.523009],[16.491845,43.523004],[16.49183,43.523],[16.49183,43.522991],[16.49183,43.522982],[16.491817,43.522982],[16.491817,43.522955],[16.491805,43.522955],[16.491805,43.522946],[16.491805,43.522937],[16.491805,43.522928],[16.491792,43.522928],[16.491792,43.522919],[16.491792,43.52291],[16.49178,43.52291],[16.49178,43.522901],[16.491768,43.522901],[16.491755,43.522901],[16.491755,43.52291],[16.491739,43.522914],[16.491755,43.522919],[16.491755,43.522937],[16.491755,43.522946],[16.49176,43.522955],[16.491755,43.522956],[16.491755,43.522964],[16.491743,43.522964],[16.491743,43.522973],[16.491728,43.522977],[16.491728,43.522978],[16.491743,43.522982],[16.491743,43.523],[16.491743,43.523007],[16.491744,43.523009],[16.491755,43.523009],[16.491755,43.523018],[16.491755,43.523027],[16.491768,43.523027],[16.49178,43.523027],[16.491792,43.523027]]]}},{"type":"Feature","properties":{"krov":"ROOF_NOT_FLAT","visina":3.0861,"kota_vrha":79.29707969},"geometry":{"type":"Polygon","coordinates":[[[16.504695,43.522991],[16.504682,43.522991],[16.504682,43.523],[16.504682,43.523009],[16.504682,43.523027],[16.504695,43.523027],[16.504707,43.523027],[16.50472,43.523027],[16.50472,43.523018],[16.50472,43.523009],[16.50472,43.522991],[16.504707,43.522991],[16.504695,43.522991]]]}},{"type":"Feature","properties":{"krov":"ROOF_FLAT","visina":2.8723,"kota_vrha":26.39727969},"geometry":{"type":"Polygon","coordinates":[[[16.49032,43.523036],[16.49032,43.523027],[16.490333,43.523027],[16.490345,43.523027],[16.490357,43.523027],[16.49037,43.523027],[16.49037,43.523018],[16.490382,43.523018],[16.490382,43.523009],[16.490382,43.523],[16.490382,43.522991],[16.490382,43.522982],[16.49037,43.522982],[16.490357,43.522982],[16.490345,43.522982],[16.490333,43.522982],[16.49032,43.522982],[16.49032,43.522991],[16.490308,43.522991],[16.490296,43.522991],[16.490283,43.522991],[16.490271,43.522991],[16.490271,43.523],[16.490271,43.523009],[16.490271,43.523018],[16.490283,43.523018],[16.490296,43.523018],[16.490296,43.523027],[16.490296,43.523036],[16.490308,43.523036],[16.49032,43.523036]]]}},{"type":"Feature","properties":{"krov":"ROOF_NOT_FLAT","visina":5.731,"kota_vrha":33.14497969},"geometry":{"type":"Polygon","coordinates":[[[16.49204,43.522918],[16.49204,43.52291],[16.49204,43.522901],[16.49204,43.522892],[16.492027,43.522892],[16.492027,43.522874],[16.492015,43.522874],[16.492015,43.522847],[16.492003,43.522847],[16.492003,43.522838],[16.492003,43.52282],[16.49199,43.52282],[16.49199,43.522811],[16.49199,43.522793],[16.491978,43.522793],[16.49197,43.522757],[16.491953,43.522748],[16.491953,43.52273],[16.491953,43.522721],[16.491941,43.522721],[16.49193,43.522675],[16.491916,43.522667],[16.491911,43.522644],[16.491904,43.522622],[16.491877,43.522583],[16.491846,43.522589],[16.491842,43.522595],[16.491788,43.522605],[16.49178,43.522613],[16.491771,43.522613],[16.491824,43.522721],[16.49183,43.522721],[16.491842,43.522721],[16.491842,43.52273],[16.491842,43.522739],[16.491854,43.522739],[16.491854,43.522748],[16.491854,43.522775],[16.491897,43.522852],[16.491904,43.522856],[16.491904,43.522883],[16.491916,43.522883],[16.491916,43.52291],[16.491928,43.52291],[16.491928,43.522919],[16.491928,43.522928],[16.491928,43.522937],[16.491941,43.522937],[16.491941,43.522944],[16.49204,43.522918]]]}},{"type":"Feature","properties":{"krov":"ROOF_NOT_FLAT","visina":7.4738,"kota_vrha":34.54677969},"geometry":{"type":"Polygon","coordinates":[[[16.49204,43.522918],[16.491941,43.522944],[16.491941,43.522946],[16.491941,43.522955],[16.491953,43.522955],[16.492006,43.523006],[16.492027,43.523018],[16.49204,43.523036],[16.492065,43.523045],[16.492065,43.523036],[16.492077,43.523036],[16.492089,43.523036],[16.492102,43.523036],[16.492102,43.523027],[16.492114,43.523027],[16.492133,43.523023],[16.492196,43.523005],[16.492238,43.523],[16.49225,43.523],[16.492262,43.523],[16.492262,43.523009],[16.49228,43.523041],[16.492287,43.523045],[16.492287,43.523054],[16.492287,43.523063],[16.492298,43.523063],[16.4923,43.523063],[16.4923,43.523054],[16.492312,43.523054],[16.492324,43.523054],[16.492333,43.523054],[16.492337,43.523053],[16.492337,43.523045],[16.492378,43.523039],[16.492473,43.523009],[16.492482,43.523009],[16.492485,43.523007],[16.492485,43.523],[16.492498,43.523],[16.492498,43.522991],[16.49251,43.522991],[16.49252,43.522991],[16.492522,43.52299],[16.492522,43.522982],[16.492535,43.522982],[16.492539,43.522982],[16.492547,43.52298],[16.492547,43.522973],[16.492559,43.522973],[16.492572,43.522973],[16.492572,43.522964],[16.492584,43.522964],[16.492622,43.522956],[16.492708,43.522928],[16.492718,43.522928],[16.49272,43.522927],[16.49272,43.522919],[16.492733,43.522919],[16.492733,43.52291],[16.492757,43.522901],[16.492763,43.522901],[16.49277,43.522897],[16.49277,43.522892],[16.492782,43.522892],[16.49279,43.522892],[16.492794,43.522891],[16.492794,43.522883],[16.492899,43.522861],[16.492878,43.522807],[16.492869,43.522802],[16.492864,43.522779],[16.492856,43.522757],[16.492856,43.522748],[16.492844,43.522748],[16.492844,43.522739],[16.492844,43.52273],[16.492844,43.522721],[16.492832,43.522721],[16.492819,43.522721],[16.492819,43.52273],[16.492807,43.52273],[16.492794,43.52273],[16.492782,43.52273],[16.492782,43.522739],[16.49277,43.522739],[16.492757,43.522739],[16.492745,43.522739],[16.492745,43.522748],[16.492733,43.522748],[16.49272,43.522748],[16.492708,43.522748],[16.492708,43.522757],[16.492695,43.522757],[16.492683,43.522757],[16.492683,43.522766],[16.492671,43.522766],[16.492658,43.522766],[16.492646,43.522766],[16.492646,43.522775],[16.492634,43.522775],[16.492621,43.522775],[16.492609,43.522775],[16.492609,43.522784],[16.492597,43.522784],[16.492584,43.522784],[16.492572,43.522784],[16.492572,43.522793],[16.492559,43.522793],[16.492547,43.522793],[16.492535,43.522793],[16.492535,43.522802],[16.492522,43.522802],[16.49251,43.522802],[16.49251,43.522811],[16.492498,43.522811],[16.492485,43.522811],[16.492473,43.522811],[16.492473,43.52282],[16.49246,43.52282],[16.492448,43.52282],[16.492436,43.52282],[16.492436,43.522829],[16.492423,43.522829],[16.492411,43.522829],[16.492399,43.522829],[16.492399,43.522838],[16.492386,43.522838],[16.492374,43.522838],[16.492361,43.522838],[16.492361,43.522847],[16.492349,43.522847],[16.492337,43.522847],[16.492337,43.522856],[16.492324,43.522856],[16.492312,43.522856],[16.4923,43.522856],[16.4923,43.522865],[16.492287,43.522865],[16.492275,43.522865],[16.492262,43.522865],[16.492262,43.522874],[16.49225,43.522874],[16.492238,43.522874],[16.492225,43.522874],[16.492225,43.522883],[16.492213,43.522883],[16.492201,43.522883],[16.492188,43.522883],[16.492188,43.522892],[16.492176,43.522892],[16.492164,43.522892],[16.492119,43.522905],[16.492114,43.52291],[16.492081,43.522913],[16.492065,43.522919],[16.492052,43.522919],[16.49204,43.522919],[16.49204,43.522918]]]}},{"type":"Feature","properties":{"krov":"ROOF_NOT_FLAT","visina":5.5173,"kota_vrha":32.89827969},"geometry":{"type":"Polygon","coordinates":[[[16.491824,43.522721],[16.491771,43.522613],[16.491768,43.522613],[16.491755,43.522613],[16.491743,43.522613],[16.491743,43.522622],[16.491731,43.522622],[16.491706,43.522622],[16.491706,43.522631],[16.491679,43.522635],[16.491665,43.522652],[16.491681,43.522658],[16.491687,43.522668],[16.491688,43.522668],[16.491693,43.522658],[16.491706,43.522658],[16.491706,43.522663],[16.49171,43.522662],[16.491712,43.522667],[16.491718,43.522667],[16.49175,43.522728],[16.491768,43.522739],[16.491768,43.52273],[16.491792,43.52273],[16.491805,43.52273],[16.491805,43.522721],[16.491817,43.522721],[16.491824,43.522721]]]}},{"type":"Feature","properties":{"krov":"ROOF_NOT_FLAT","visina":2.566,"kota_vrha":77.51897969},"geometry":{"type":"Polygon","coordinates":[[[16.504907,43.523049],[16.504868,43.523045],[16.504851,43.523054],[16.504868,43.523063],[16.504907,43.523049]]]}},{"type":"Feature","properties":{"krov":"ROOF_FLAT","visina":2.9586,"kota_vrha":81.12857969},"geometry":{"type":"Polygon","coordinates":[[[16.506046,43.523076],[16.506078,43.523048],[16.506043,43.523009],[16.50599,43.523019],[16.50599,43.523019],[16.505982,43.523046],[16.506006,43.523057],[16.506007,43.523056],[16.50601,43.523059],[16.506046,43.523076]]]}},{"type":"Feature","properties":{"krov":"ROOF_NOT_FLAT","visina":8.222,"kota_vrha":31.59197969},"geometry":{"type":"Polygon","coordinates":[[[16.490271,43.523081],[16.490271,43.523072],[16.490271,43.523063],[16.490271,43.523054],[16.490271,43.523045],[16.490258,43.523045],[16.490258,43.523036],[16.490258,43.523027],[16.490258,43.523018],[16.490246,43.523018],[16.490234,43.523018],[16.490221,43.523018],[16.490197,43.523018],[16.490197,43.523027],[16.49016,43.523027],[16.490147,43.523027],[16.490147,43.523036],[16.490135,43.523036],[16.490135,43.523045],[16.490147,43.523045],[16.490147,43.523054],[16.490159,43.523054],[16.490159,43.523063],[16.490172,43.523063],[16.490184,43.523063],[16.49019,43.523074],[16.490197,43.523063],[16.490209,43.523063],[16.490221,43.523063],[16.490234,43.523063],[16.490234,43.523072],[16.490246,43.523072],[16.490258,43.523072],[16.490258,43.523081],[16.490271,43.523081]]]}},{"type":"Feature","properties":{"krov":"ROOF_NOT_FLAT","visina":8.222,"kota_vrha":31.59197969},"geometry":{"type":"Polygon","coordinates":[[[16.490271,43.523081],[16.490271,43.52309],[16.490287,43.523085],[16.490271,43.523081]]]}},{"type":"Feature","properties":{"krov":"ROOF_FLAT","visina":2.8504,"kota_vrha":25.51037969},"geometry":{"type":"Polygon","coordinates":[[[16.493128,43.523008],[16.493128,43.523],[16.493141,43.523],[16.493141,43.523004],[16.493166,43.522997],[16.493166,43.522991],[16.493178,43.522991],[16.493178,43.522994],[16.49319,43.522991],[16.49319,43.522982],[16.493199,43.522982],[16.493199,43.522981],[16.493203,43.52298],[16.493203,43.522973],[16.493215,43.522973],[16.493215,43.522976],[16.49324,43.52297],[16.49324,43.522964],[16.493227,43.522964],[16.493215,43.522964],[16.493203,43.522964],[16.49319,43.522964],[16.49319,43.522973],[16.493178,43.522973],[16.493166,43.522973],[16.493153,43.522973],[16.493153,43.522982],[16.493141,43.522982],[16.493128,43.522982],[16.493116,43.522982],[16.493116,43.522991],[16.493116,43.523007],[16.493118,43.52301],[16.493128,43.523008]]]}},{"type":"Feature","properties":{"krov":"ROOF_FLAT","visina":5.6637,"kota_vrha":28.33367969},"geometry":{"type":"MultiPolygon","coordinates":[[[[16.493203,43.522982],[16.493203,43.52298],[16.493199,43.522981],[16.493199,43.522982],[16.493203,43.522982]]],[[[16.493203,43.522982],[16.493203,43.522987],[16.493204,43.522987],[16.49322,43.523016],[16.493226,43.523027],[16.493227,43.523027],[16.49324,43.523027],[16.49324,43.523036],[16.49324,43.523045],[16.493227,43.523045],[16.493227,43.523054],[16.493215,43.523054],[16.493215,43.523063],[16.493203,43.523063],[16.49319,43.523063],[16.493178,43.523063],[16.493178,43.523072],[16.493166,43.523072],[16.493153,43.523072],[16.493153,43.523081],[16.493141,43.523081],[16.493128,43.523081],[16.493116,43.523081],[16.493116,43.52309],[16.493124,43.523102],[16.493141,43.523108],[16.493153,43.523108],[16.493153,43.523099],[16.493178,43.523099],[16.493185,43.523099],[16.49319,43.523097],[16.49319,43.52309],[16.493203,43.52309],[16.493215,43.52309],[16.493215,43.523081],[16.49324,43.523081],[16.49324,43.523072],[16.493252,43.523072],[16.493252,43.523063],[16.493264,43.523063],[16.493277,43.523063],[16.493289,43.523063],[16.493289,43.523045],[16.493277,43.523045],[16.493277,43.523036],[16.493277,43.523027],[16.493264,43.523027],[16.493264,43.523009],[16.493264,43.523],[16.493252,43.523],[16.493252,43.522991],[16.493252,43.522982],[16.49324,43.522982],[16.49324,43.522973],[16.49324,43.52297],[16.493215,43.522976],[16.493215,43.522982],[16.493203,43.522982]]]]}},{"type":"Feature","properties":{"krov":"ROOF_NOT_FLAT","visina":7.1395,"kota_vrha":29.79447969},"geometry":{"type":"Polygon","coordinates":[[[16.493226,43.523027],[16.49322,43.523016],[16.493204,43.522987],[16.493203,43.522987],[16.493203,43.522991],[16.49319,43.522991],[16.49319,43.522991],[16.493178,43.522994],[16.493178,43.523],[16.493166,43.523],[16.493166,43.522997],[16.493141,43.523004],[16.493141,43.523009],[16.493128,43.523009],[16.493128,43.523008],[16.493118,43.52301],[16.493116,43.523011],[16.493116,43.523018],[16.493104,43.523018],[16.493104,43.523027],[16.493091,43.523027],[16.493091,43.523036],[16.493091,43.523045],[16.493091,43.523053],[16.493092,43.523054],[16.493104,43.523054],[16.493116,43.523054],[16.493116,43.523045],[16.493128,43.523045],[16.493141,43.523045],[16.493153,43.523045],[16.493153,43.523036],[16.493166,43.523036],[16.493178,43.523036],[16.49319,43.523036],[16.49319,43.523027],[16.493203,43.523027],[16.493215,43.523027],[16.493226,43.523027]]]}},{"type":"Feature","properties":{"krov":"ROOF_NOT_FLAT","visina":3.8726,"kota_vrha":31.12657969},"geometry":{"type":"Polygon","coordinates":[[[16.492015,43.523108],[16.492015,43.523099],[16.492003,43.523099],[16.49199,43.523099],[16.491978,43.523099],[16.491978,43.523108],[16.491966,43.523108],[16.491966,43.523117],[16.491978,43.523117],[16.49199,43.523117],[16.492003,43.523117],[16.492015,43.523117],[16.492015,43.523108]]]}},{"type":"Feature","properties":{"krov":"ROOF_NOT_FLAT","visina":5.3897,"kota_vrha":31.51167969},"geometry":{"type":"Polygon","coordinates":[[[16.492164,43.523072],[16.492157,43.52306],[16.492151,43.523072],[16.492139,43.523072],[16.492126,43.523072],[16.492114,43.523072],[16.492114,43.523081],[16.492114,43.52309],[16.492114,43.523096],[16.492116,43.523099],[16.492126,43.523099],[16.492126,43.523108],[16.492126,43.523114],[16.492128,43.523117],[16.492139,43.523117],[16.492151,43.523117],[16.492167,43.523117],[16.492176,43.523114],[16.492176,43.523108],[16.492192,43.523103],[16.492176,43.523099],[16.492176,43.52309],[16.492176,43.523081],[16.492164,43.523081],[16.492164,43.523072]]]}},{"type":"Feature","properties":{"krov":"ROOF_NOT_FLAT","visina":2.4988,"kota_vrha":25.24777969},"geometry":{"type":"MultiPolygon","coordinates":[[[[16.493277,43.523099],[16.493277,43.523099],[16.493264,43.523099],[16.493264,43.523102],[16.493277,43.523099]]],[[[16.493266,43.523105],[16.493264,43.523104],[16.493264,43.523106],[16.493266,43.523105]]]]}},{"type":"Feature","properties":{"krov":"ROOF_NOT_FLAT","visina":3.8128,"kota_vrha":26.60677969},"geometry":{"type":"Polygon","coordinates":[[[16.493277,43.523099],[16.493264,43.523102],[16.493264,43.523104],[16.493266,43.523105],[16.493267,43.523108],[16.493277,43.523108],[16.493277,43.523117],[16.493289,43.523117],[16.493302,43.523117],[16.493302,43.523108],[16.493314,43.523108],[16.493314,43.523099],[16.493302,43.523099],[16.493289,43.523099],[16.493277,43.523099]]]}},{"type":"Feature","properties":{"krov":"ROOF_FLAT","visina":2.521,"kota_vrha":29.19997969},"geometry":{"type":"Polygon","coordinates":[[[16.491877,43.523],[16.491867,43.523],[16.491867,43.523005],[16.491877,43.523]]]}},{"type":"Feature","properties":{"krov":"ROOF_NOT_FLAT","visina":5.3743,"kota_vrha":32.16227969},"geometry":{"type":"Polygon","coordinates":[[[16.49193,43.523],[16.491928,43.523],[16.491928,43.522991],[16.491928,43.522982],[16.491916,43.522982],[16.49191,43.52297],[16.491904,43.522982],[16.491904,43.522991],[16.491904,43.522998],[16.491928,43.523007],[16.49193,43.523]]]}},{"type":"Feature","properties":{"krov":"ROOF_NOT_FLAT","visina":6.5889,"kota_vrha":32.90687969},"geometry":{"type":"Polygon","coordinates":[[[16.491854,43.523134],[16.491851,43.523135],[16.491854,43.523135],[16.491854,43.523134]]]}},{"type":"Feature","properties":{"krov":"ROOF_NOT_FLAT","visina":7.2026,"kota_vrha":33.51757969},"geometry":{"type":"Polygon","coordinates":[[[16.491851,43.523135],[16.491854,43.523134],[16.491854,43.523126],[16.491867,43.523126],[16.491867,43.523117],[16.491879,43.523117],[16.491891,43.523117],[16.491891,43.523108],[16.491901,43.523108],[16.491893,43.523099],[16.491891,43.523099],[16.491891,43.523097],[16.491876,43.523079],[16.491858,43.523058],[16.491854,43.52306],[16.491854,43.523063],[16.491854,43.523072],[16.491854,43.523081],[16.491842,43.523081],[16.491842,43.52309],[16.491813,43.523101],[16.491821,43.523123],[16.491829,43.523126],[16.491829,43.523135],[16.491842,43.523135],[16.491851,43.523135]]]}},{"type":"Feature","properties":{"krov":"ROOF_NOT_FLAT","visina":6.6651,"kota_vrha":32.99407969},"geometry":{"type":"MultiPolygon","coordinates":[[[[16.49193,43.523],[16.491928,43.523007],[16.491904,43.522998],[16.491904,43.523],[16.491891,43.523],[16.491879,43.523],[16.491877,43.523],[16.491867,43.523005],[16.491867,43.523009],[16.491867,43.523018],[16.491854,43.523018],[16.491854,43.523027],[16.491854,43.523036],[16.491854,43.523045],[16.491854,43.523053],[16.491858,43.523058],[16.491876,43.523079],[16.491891,43.523097],[16.491891,43.52309],[16.491904,43.52309],[16.491904,43.523081],[16.491904,43.523072],[16.491916,43.523072],[16.491928,43.523072],[16.491928,43.523063],[16.491941,43.523063],[16.491953,43.523063],[16.491953,43.523054],[16.491966,43.523054],[16.491966,43.523045],[16.491966,43.523036],[16.491966,43.523027],[16.491953,43.523027],[16.491953,43.523018],[16.491953,43.523009],[16.491941,43.523009],[16.491941,43.523],[16.49193,43.523]]],[[[16.491893,43.523099],[16.491901,43.523108],[16.491904,43.523108],[16.491909,43.523108],[16.491916,43.523105],[16.491916,43.523099],[16.491904,43.523099],[16.491893,43.523099]]]]}},{"type":"Feature","properties":{"krov":"ROOF_NOT_FLAT","visina":5.0417,"kota_vrha":27.58167969},"geometry":{"type":"Polygon","coordinates":[[[16.490224,43.523139],[16.490224,43.523139],[16.490209,43.523135],[16.490197,43.523135],[16.490184,43.523135],[16.490172,43.523135],[16.490172,43.523144],[16.490172,43.523153],[16.490184,43.523153],[16.490184,43.523144],[16.490197,43.523144],[16.490209,43.523144],[16.490224,43.523139]]]}},{"type":"Feature","properties":{"krov":"ROOF_FLAT","visina":3.1759,"kota_vrha":26.00387969},"geometry":{"type":"Polygon","coordinates":[[[16.490258,43.523153],[16.490258,43.523144],[16.490271,43.523144],[16.490283,43.523144],[16.490296,43.523144],[16.490308,43.523144],[16.490308,43.523135],[16.490308,43.523126],[16.490296,43.523126],[16.490283,43.523126],[16.490271,43.523126],[16.490271,43.523135],[16.490258,43.523135],[16.490246,43.523135],[16.490246,43.523144],[16.490234,43.523144],[16.490234,43.523153],[16.490246,43.523153],[16.490258,43.523153]]]}},{"type":"Feature","properties":{"krov":"ROOF_FLAT","visina":3.1993,"kota_vrha":33.05327969},"geometry":{"type":"Polygon","coordinates":[[[16.489327,43.52309],[16.489325,43.52309],[16.489318,43.523091],[16.489318,43.523099],[16.489306,43.523099],[16.489306,43.523108],[16.489306,43.523117],[16.489294,43.523117],[16.489295,43.52312],[16.489334,43.523111],[16.489327,43.52309]]]}},{"type":"Feature","properties":{"krov":"ROOF_NOT_FLAT","visina":4.9623,"kota_vrha":34.49827969},"geometry":{"type":"MultiPolygon","coordinates":[[[[16.489266,43.523144],[16.489262,43.523135],[16.489256,43.523135],[16.489244,43.523135],[16.489244,43.523144],[16.489256,43.523144],[16.489266,43.523144]]],[[[16.489277,43.523171],[16.489273,43.523162],[16.489269,43.523162],[16.489256,43.523162],[16.489256,43.523171],[16.489256,43.52318],[16.489269,43.52318],[16.489269,43.523171],[16.489277,43.523171]]]]}},{"type":"Feature","properties":{"krov":"ROOF_NOT_FLAT","visina":4.3543,"kota_vrha":33.84427969},"geometry":{"type":"Polygon","coordinates":[[[16.489327,43.52309],[16.489334,43.523111],[16.489295,43.52312],[16.489294,43.523121],[16.489294,43.523126],[16.489281,43.523126],[16.489281,43.523135],[16.489269,43.523135],[16.489262,43.523135],[16.489266,43.523144],[16.489269,43.523144],[16.489281,43.523144],[16.489281,43.523153],[16.489281,43.523162],[16.489273,43.523162],[16.489277,43.523171],[16.489281,43.523171],[16.489294,43.523171],[16.489306,43.523171],[16.489306,43.523162],[16.489318,43.523162],[16.489343,43.523162],[16.489387,43.523149],[16.489393,43.523144],[16.489405,43.523144],[16.489405,43.523135],[16.489405,43.523126],[16.489405,43.523117],[16.489393,43.523117],[16.489387,43.523076],[16.48938,43.523045],[16.48938,43.523036],[16.489368,43.523036],[16.489368,43.523],[16.489368,43.522991],[16.489355,43.522991],[16.489341,43.522906],[16.489284,43.522917],[16.4893,43.522968],[16.489306,43.523],[16.489306,43.523009],[16.489318,43.523009],[16.489318,43.523036],[16.489318,43.523045],[16.489331,43.523045],[16.489331,43.523054],[16.489331,43.523081],[16.489331,43.52309],[16.489327,43.52309]]]}},{"type":"Feature","properties":{"krov":"ROOF_NOT_FLAT","visina":3.9815,"kota_vrha":39.15547969},"geometry":{"type":"Polygon","coordinates":[[[16.488136,43.523184],[16.488316,43.523162],[16.488329,43.523162],[16.488345,43.523156],[16.488403,43.523153],[16.488415,43.523153],[16.488415,43.523144],[16.488495,43.523139],[16.488681,43.523113],[16.488668,43.523061],[16.488199,43.523121],[16.488143,43.523126],[16.488131,43.523126],[16.488118,43.523126],[16.488118,43.523117],[16.48811,43.523105],[16.488102,43.523057],[16.488094,43.523054],[16.488094,43.523045],[16.488094,43.523018],[16.488094,43.523009],[16.488094,43.523],[16.488081,43.523],[16.488069,43.523],[16.488057,43.523],[16.488057,43.523009],[16.488044,43.523009],[16.488044,43.523],[16.488032,43.523],[16.488019,43.523],[16.488019,43.522991],[16.488019,43.522964],[16.488019,43.522946],[16.488007,43.522946],[16.488007,43.522928],[16.488007,43.522919],[16.488007,43.52291],[16.488019,43.52291],[16.488032,43.52291],[16.488032,43.522901],[16.488044,43.522901],[16.488057,43.522901],[16.488069,43.522901],[16.488081,43.522901],[16.488106,43.522901],[16.488106,43.522892],[16.488168,43.522892],[16.48818,43.522892],[16.48818,43.522883],[16.488242,43.522883],[16.488242,43.522874],[16.488237,43.522836],[16.488217,43.522829],[16.488205,43.522829],[16.488193,43.522829],[16.48818,43.522829],[16.488168,43.522829],[16.488156,43.522829],[16.488156,43.522838],[16.488143,43.522838],[16.488131,43.522838],[16.488106,43.522838],[16.488081,43.522847],[16.488032,43.522847],[16.488015,43.522853],[16.487949,43.522859],[16.487945,43.522865],[16.487933,43.522865],[16.48792,43.522865],[16.48792,43.522874],[16.48792,43.522883],[16.48792,43.522892],[16.487933,43.522892],[16.487938,43.522942],[16.487945,43.522973],[16.487945,43.523],[16.487958,43.523],[16.487958,43.523036],[16.487958,43.523045],[16.48797,43.523045],[16.487982,43.523045],[16.487995,43.523045],[16.488007,43.523045],[16.488007,43.52305],[16.488015,43.523049],[16.488016,43.523054],[16.488019,43.523054],[16.488019,43.523063],[16.488032,43.523063],[16.488043,43.523144],[16.488057,43.523153],[16.488056,43.523171],[16.488056,43.52318],[16.488056,43.523189],[16.488069,43.523189],[16.488081,43.523189],[16.488094,43.523189],[16.488106,43.523189],[16.488118,43.523189],[16.488136,43.523184]]]}},{"type":"Feature","properties":{"krov":"ROOF_FLAT","visina":2.062,"kota_vrha":24.80397969},"geometry":{"type":"Polygon","coordinates":[[[16.493203,43.523171],[16.49319,43.523171],[16.49319,43.52318],[16.49319,43.523189],[16.49319,43.523198],[16.493203,43.523198],[16.493215,43.523198],[16.493227,43.523198],[16.493227,43.523189],[16.493227,43.52318],[16.493215,43.52318],[16.493215,43.523171],[16.493203,43.523171]]]}},{"type":"Feature","properties":{"krov":"ROOF_NOT_FLAT","visina":10.22,"kota_vrha":33.84697969},"geometry":{"type":"Polygon","coordinates":[[[16.491038,43.523216],[16.49105,43.523216],[16.491063,43.523216],[16.491075,43.523216],[16.491075,43.523207],[16.491087,43.523207],[16.4911,43.523207],[16.4911,43.523198],[16.491112,43.523198],[16.491124,43.523198],[16.491137,43.523198],[16.491137,43.523189],[16.491124,43.523189],[16.491124,43.52318],[16.491095,43.523138],[16.491087,43.523135],[16.491043,43.523143],[16.491025,43.523162],[16.49103,43.523186],[16.491038,43.523198],[16.491038,43.523207],[16.491038,43.523216]]]}},{"type":"Feature","properties":{"krov":"ROOF_NOT_FLAT","visina":4.9623,"kota_vrha":34.49827969},"geometry":{"type":"Polygon","coordinates":[[[16.489058,43.523216],[16.489059,43.523207],[16.489071,43.523207],[16.489071,43.523198],[16.489071,43.523189],[16.489083,43.523189],[16.489083,43.52318],[16.489083,43.523171],[16.489096,43.523171],[16.489096,43.523162],[16.489082,43.523165],[16.489081,43.523162],[16.489071,43.523162],[16.489071,43.523153],[16.489059,43.523153],[16.489059,43.523126],[16.489046,43.523126],[16.489046,43.523117],[16.489041,43.523093],[16.489034,43.523072],[16.489021,43.523054],[16.489021,43.523036],[16.489009,43.523036],[16.488982,43.52304],[16.488972,43.523054],[16.488972,43.523081],[16.488984,43.523081],[16.488984,43.523099],[16.488997,43.523135],[16.489014,43.523167],[16.489021,43.523198],[16.489021,43.523207],[16.489034,43.523207],[16.489034,43.523216],[16.489034,43.523225],[16.489046,43.523225],[16.489058,43.523225],[16.489058,43.523216]]]}},{"type":"Feature","properties":{"krov":"ROOF_NOT_FLAT","visina":10.22,"kota_vrha":33.84697969},"geometry":{"type":"Polygon","coordinates":[[[16.491038,43.523216],[16.491025,43.523216],[16.491025,43.523225],[16.491038,43.523225],[16.491038,43.523216]]]}},{"type":"Feature","properties":{"krov":"ROOF_NOT_FLAT","visina":3.3755,"kota_vrha":28.64047969},"geometry":{"type":"Polygon","coordinates":[[[16.491768,43.523207],[16.491761,43.523195],[16.491755,43.523207],[16.491755,43.523225],[16.491768,43.523225],[16.491768,43.523234],[16.49178,43.523234],[16.49178,43.523225],[16.49178,43.523216],[16.49178,43.523207],[16.491768,43.523207]]]}},{"type":"Feature","properties":{"krov":"ROOF_FLAT","visina":2.4316,"kota_vrha":66.23657969},"geometry":{"type":"Polygon","coordinates":[[[16.501874,43.523225],[16.501862,43.523225],[16.501862,43.523234],[16.501868,43.523245],[16.501868,43.523245],[16.501874,43.523234],[16.50189,43.52323],[16.501874,43.523225]]]}},{"type":"Feature","properties":{"krov":"ROOF_NOT_FLAT","visina":5.3521,"kota_vrha":73.44507969},"geometry":{"type":"Polygon","coordinates":[[[16.502839,43.523243],[16.502827,43.523243],[16.502811,43.523248],[16.502827,43.523252],[16.502839,43.523252],[16.502839,43.523243]]]}},{"type":"Feature","properties":{"krov":"ROOF_NOT_FLAT","visina":4.1261,"kota_vrha":68.71707969},"geometry":{"type":"Polygon","coordinates":[[[16.502159,43.52327],[16.502159,43.523261],[16.502171,43.523261],[16.502171,43.523252],[16.502159,43.523252],[16.502146,43.523252],[16.502134,43.523252],[16.502134,43.523261],[16.502122,43.523261],[16.502122,43.52327],[16.502134,43.52327],[16.502146,43.52327],[16.502159,43.52327]]]}},{"type":"Feature","properties":{"krov":"ROOF_NOT_FLAT","visina":4.0546,"kota_vrha":24.70957969},"geometry":{"type":"Polygon","coordinates":[[[16.492547,43.523279],[16.492547,43.52327],[16.492559,43.52327],[16.492572,43.52327],[16.492572,43.523261],[16.492572,43.523252],[16.492559,43.523252],[16.492559,43.523243],[16.492559,43.523234],[16.492547,43.523234],[16.492547,43.523225],[16.492547,43.523216],[16.492535,43.523216],[16.492522,43.523216],[16.49251,43.523216],[16.492497,43.523216],[16.492497,43.523225],[16.492485,43.523225],[16.492485,43.523234],[16.492485,43.523243],[16.492485,43.523252],[16.492497,43.523252],[16.492497,43.523261],[16.492497,43.52327],[16.492497,43.523279],[16.49251,43.523279],[16.492522,43.523279],[16.492535,43.523279],[16.492547,43.523279]]]}},{"type":"Feature","properties":{"krov":"ROOF_FLAT","visina":5.9836,"kota_vrha":73.90157969},"geometry":{"type":"Polygon","coordinates":[[[16.502721,43.523252],[16.502711,43.523216],[16.502703,43.523216],[16.502691,43.523216],[16.502691,43.523225],[16.502678,43.523225],[16.502674,43.523225],[16.502679,43.523243],[16.502691,43.523243],[16.502691,43.523252],[16.502682,43.523252],[16.502684,43.523263],[16.502686,43.523268],[16.502686,43.52327],[16.502691,43.52327],[16.502691,43.523261],[16.502703,43.523261],[16.502703,43.523252],[16.502703,43.523243],[16.502716,43.523243],[16.502716,43.523252],[16.502721,43.523252]]]}},{"type":"Feature","properties":{"krov":"ROOF_NOT_FLAT","visina":7.8094,"kota_vrha":75.69537969},"geometry":{"type":"Polygon","coordinates":[[[16.502604,43.523279],[16.502604,43.52327],[16.502617,43.52327],[16.502629,43.52327],[16.502641,43.52327],[16.502654,43.52327],[16.502666,43.52327],[16.502672,43.52327],[16.502686,43.523268],[16.502684,43.523263],[16.502682,43.523252],[16.502678,43.523252],[16.502678,43.523243],[16.502679,43.523243],[16.502674,43.523225],[16.502666,43.523225],[16.502586,43.523232],[16.502579,43.523261],[16.502579,43.52327],[16.502579,43.523279],[16.502592,43.523279],[16.5026,43.523279],[16.502604,43.523279]]]}},{"type":"Feature","properties":{"krov":"ROOF_NOT_FLAT","visina":7.5907,"kota_vrha":75.08467969},"geometry":{"type":"MultiPolygon","coordinates":[[[[16.502686,43.523268],[16.502672,43.52327],[16.502678,43.52327],[16.502686,43.52327],[16.502686,43.523268]]]]}},{"type":"Feature","properties":{"krov":"ROOF_NOT_FLAT","visina":5.3521,"kota_vrha":73.44507969},"geometry":{"type":"Polygon","coordinates":[[[16.50279,43.523239],[16.502785,43.52324],[16.502785,43.523243],[16.50279,43.523243],[16.50279,43.523239]]]}},{"type":"Feature","properties":{"krov":"ROOF_NOT_FLAT","visina":7.6032,"kota_vrha":75.54517969},"geometry":{"type":"Polygon","coordinates":[[[16.502785,43.523243],[16.502785,43.52324],[16.502781,43.52324],[16.502773,43.523207],[16.502765,43.523207],[16.502753,43.523207],[16.502753,43.523216],[16.50274,43.523216],[16.502728,43.523216],[16.502716,43.523216],[16.502711,43.523216],[16.502721,43.523252],[16.502728,43.523252],[16.50274,43.523252],[16.502753,43.523252],[16.502765,43.523252],[16.502777,43.523252],[16.502777,43.523243],[16.502785,43.523243]]]}},{"type":"Feature","properties":{"krov":"ROOF_NOT_FLAT","visina":7.1686,"kota_vrha":75.16157969},"geometry":{"type":"Polygon","coordinates":[[[16.502785,43.52324],[16.50279,43.523239],[16.50279,43.523234],[16.50279,43.523225],[16.502802,43.523225],[16.502814,43.523225],[16.502839,43.523225],[16.502839,43.523207],[16.502827,43.523207],[16.502814,43.523207],[16.502802,43.523207],[16.50279,43.523207],[16.502777,43.523207],[16.502773,43.523207],[16.502781,43.52324],[16.502785,43.52324]]]}},{"type":"Feature","properties":{"krov":"ROOF_FLAT","visina":3.7866,"kota_vrha":26.71357969},"geometry":{"type":"Polygon","coordinates":[[[16.491731,43.523288],[16.491731,43.523279],[16.491755,43.523279],[16.491755,43.52327],[16.491755,43.523261],[16.491755,43.523252],[16.491743,43.523252],[16.491743,43.523243],[16.491743,43.523234],[16.491731,43.523234],[16.491731,43.523225],[16.491718,43.523225],[16.491706,43.523225],[16.491706,43.523234],[16.491693,43.523234],[16.491681,43.523234],[16.491681,43.523243],[16.491665,43.523251],[16.491666,43.523253],[16.491681,43.523261],[16.491681,43.523279],[16.491681,43.523279],[16.491693,43.523279],[16.491693,43.523288],[16.491706,43.523288],[16.491718,43.523288],[16.49173,43.523288],[16.491731,43.523288]]]}},{"type":"Feature","properties":{"krov":"ROOF_NOT_FLAT","visina":7.8094,"kota_vrha":75.69537969},"geometry":{"type":"Polygon","coordinates":[[[16.502579,43.523282],[16.502579,43.523279],[16.502577,43.523279],[16.502578,43.523282],[16.502579,43.523282]]]}},{"type":"Feature","properties":{"krov":"ROOF_NOT_FLAT","visina":7.5474,"kota_vrha":75.00737969},"geometry":{"type":"Polygon","coordinates":[[[16.502579,43.523289],[16.502578,43.523282],[16.502577,43.523279],[16.502567,43.523279],[16.502567,43.523288],[16.502567,43.523297],[16.502579,43.523297],[16.502579,43.523289]]]}},{"type":"Feature","properties":{"krov":"ROOF_NOT_FLAT","visina":7.5907,"kota_vrha":75.08467969},"geometry":{"type":"Polygon","coordinates":[[[16.502579,43.523282],[16.502578,43.523282],[16.502579,43.523289],[16.502579,43.523288],[16.502579,43.523282]]]}},{"type":"Feature","properties":{"krov":"ROOF_FLAT","visina":5.9836,"kota_vrha":73.90157969},"geometry":{"type":"Polygon","coordinates":[[[16.502797,43.523261],[16.502794,43.523262],[16.50279,43.52327],[16.502777,43.52327],[16.502765,43.52327],[16.502753,43.52327],[16.50274,43.52327],[16.502728,43.52327],[16.502716,43.52327],[16.502703,43.52327],[16.502703,43.523279],[16.502703,43.523288],[16.502691,43.523288],[16.502696,43.523306],[16.502703,43.523306],[16.502703,43.523297],[16.502716,43.523297],[16.502728,43.523297],[16.50274,43.523297],[16.502753,43.523297],[16.502765,43.523297],[16.502765,43.523288],[16.502777,43.523288],[16.50279,43.523288],[16.502802,43.523288],[16.502802,43.523279],[16.502802,43.52327],[16.502797,43.523261]]]}},{"type":"Feature","properties":{"krov":"ROOF_NOT_FLAT","visina":7.5907,"kota_vrha":75.08467969},"geometry":{"type":"Polygon","coordinates":[[[16.502696,43.523306],[16.502691,43.523288],[16.502691,43.523288],[16.502691,43.523297],[16.502691,43.523306],[16.502696,43.523306]]]}},{"type":"Feature","properties":{"krov":"ROOF_NOT_FLAT","visina":5.3521,"kota_vrha":73.44507969},"geometry":{"type":"Polygon","coordinates":[[[16.502797,43.523261],[16.502796,43.523259],[16.502794,43.523262],[16.502797,43.523261]]]}},{"type":"Feature","properties":{"krov":"ROOF_NOT_FLAT","visina":11.7319,"kota_vrha":76.63687969},"geometry":{"type":"Polygon","coordinates":[[[16.502285,43.523234],[16.502289,43.52325],[16.502291,43.523251],[16.502296,43.523268],[16.502298,43.523275],[16.50228,43.523277],[16.502269,43.523278],[16.502264,43.523282],[16.502258,43.523283],[16.502258,43.523288],[16.502258,43.523297],[16.502245,43.523297],[16.502233,43.523297],[16.502221,43.523297],[16.502221,43.523306],[16.502233,43.523306],[16.502233,43.523315],[16.502245,43.523315],[16.502258,43.523315],[16.50227,43.523315],[16.502283,43.523315],[16.502295,43.523315],[16.502307,43.523315],[16.502332,43.523315],[16.502332,43.523306],[16.502344,43.523306],[16.502344,43.523297],[16.502344,43.523288],[16.502344,43.523279],[16.502332,43.523279],[16.502332,43.52327],[16.502332,43.523261],[16.502332,43.523252],[16.502332,43.523243],[16.502332,43.523234],[16.50232,43.523234],[16.502307,43.523234],[16.502295,43.523234],[16.502285,43.523234]]]}},{"type":"Feature","properties":{"krov":"ROOF_NOT_FLAT","visina":11.6069,"kota_vrha":76.63687969},"geometry":{"type":"Polygon","coordinates":[[[16.502285,43.523234],[16.502283,43.523234],[16.50227,43.523234],[16.50227,43.523243],[16.502258,43.523243],[16.502245,43.523243],[16.502221,43.523243],[16.502221,43.523252],[16.502221,43.52327],[16.502221,43.523279],[16.502233,43.523279],[16.502245,43.523279],[16.502258,43.523279],[16.502258,43.523283],[16.502264,43.523282],[16.502269,43.523278],[16.50228,43.523277],[16.502298,43.523275],[16.502296,43.523268],[16.502291,43.523251],[16.502289,43.52325],[16.502285,43.523234]]]}},{"type":"Feature","properties":{"krov":"ROOF_FLAT","visina":3.0745,"kota_vrha":46.12347969},"geometry":{"type":"Polygon","coordinates":[[[16.498764,43.523311],[16.498757,43.523261],[16.498702,43.523267],[16.498719,43.523319],[16.498764,43.523311]]]}},{"type":"Feature","properties":{"krov":"ROOF_NOT_FLAT","visina":10.7,"kota_vrha":75.57497969},"geometry":{"type":"Polygon","coordinates":[[[16.502245,43.523328],[16.502239,43.523328],[16.50224,43.523333],[16.502245,43.523333],[16.502245,43.523328]]]}},{"type":"Feature","properties":{"krov":"ROOF_NOT_FLAT","visina":11.7319,"kota_vrha":76.63687969},"geometry":{"type":"Polygon","coordinates":[[[16.502239,43.523328],[16.502245,43.523328],[16.502245,43.523324],[16.502233,43.523324],[16.502233,43.523329],[16.502239,43.523328]]]}},{"type":"Feature","properties":{"krov":"ROOF_NOT_FLAT","visina":10.7,"kota_vrha":75.57497969},"geometry":{"type":"Polygon","coordinates":[[[16.502307,43.523333],[16.502295,43.523333],[16.502295,43.523342],[16.502307,43.523342],[16.502307,43.523333]]]}},{"type":"Feature","properties":{"krov":"ROOF_NOT_FLAT","visina":2.7218,"kota_vrha":26.28677969},"geometry":{"type":"Polygon","coordinates":[[[16.491533,43.523342],[16.49152,43.523342],[16.49152,43.523351],[16.49152,43.52336],[16.491533,43.52336],[16.491545,43.52336],[16.491557,43.52336],[16.491562,43.52336],[16.49157,43.523358],[16.49157,43.523351],[16.491586,43.523346],[16.49157,43.523342],[16.491557,43.523342],[16.491545,43.523342],[16.491533,43.523342]]]}},{"type":"Feature","properties":{"krov":"ROOF_FLAT","visina":8.2274,"kota_vrha":83.59137969},"geometry":{"type":"Polygon","coordinates":[[[16.505617,43.523288],[16.505617,43.523297],[16.505623,43.523297],[16.505635,43.523297],[16.505635,43.523306],[16.505647,43.523306],[16.505647,43.523315],[16.505635,43.523315],[16.505635,43.523324],[16.505623,43.523324],[16.505623,43.523333],[16.50561,43.523333],[16.505598,43.523333],[16.505585,43.523333],[16.505585,43.523324],[16.505573,43.523324],[16.505573,43.523315],[16.505561,43.523315],[16.505561,43.523306],[16.505573,43.523306],[16.505573,43.523297],[16.505573,43.523288],[16.505573,43.523279],[16.505573,43.52327],[16.505573,43.523261],[16.505561,43.523261],[16.505548,43.523261],[16.505536,43.523261],[16.505536,43.52327],[16.505524,43.52327],[16.505511,43.52327],[16.505499,43.52327],[16.505499,43.523279],[16.505499,43.523288],[16.505499,43.523297],[16.505499,43.523315],[16.505499,43.523333],[16.505499,43.523369],[16.505499,43.523387],[16.505548,43.523387],[16.505548,43.523392],[16.505565,43.523391],[16.505565,43.523396],[16.505573,43.523396],[16.505585,43.523396],[16.505598,43.523396],[16.50561,43.523396],[16.505623,43.523396],[16.505635,43.523396],[16.505656,43.523388],[16.505656,43.523386],[16.505664,43.523386],[16.505668,43.523384],[16.505672,43.523378],[16.505684,43.523378],[16.505697,43.523378],[16.505709,43.523378],[16.505722,43.523378],[16.505734,43.523378],[16.505734,43.52336],[16.505734,43.523342],[16.505734,43.523333],[16.505722,43.523333],[16.505722,43.523324],[16.505722,43.523315],[16.505709,43.523315],[16.505709,43.523306],[16.505709,43.523297],[16.505709,43.523279],[16.505709,43.523261],[16.505684,43.523261],[16.505672,43.523261],[16.50566,43.523261],[16.505647,43.523261],[16.505635,43.523261],[16.505623,43.523261],[16.505623,43.52327],[16.505623,43.523279],[16.505623,43.523288],[16.505617,43.523288]]]}},{"type":"Feature","properties":{"krov":"ROOF_NOT_FLAT","visina":10.5604,"kota_vrha":86.08237969},"geometry":{"type":"Polygon","coordinates":[[[16.505617,43.523297],[16.505617,43.523288],[16.50561,43.523288],[16.50561,43.523279],[16.50561,43.52327],[16.50561,43.523263],[16.505585,43.523264],[16.505585,43.52327],[16.505585,43.523279],[16.505598,43.523279],[16.505598,43.523288],[16.505598,43.523297],[16.505604,43.523309],[16.50561,43.523297],[16.505617,43.523297]]]}},{"type":"Feature","properties":{"krov":"ROOF_FLAT","visina":2.4668,"kota_vrha":25.07677969},"geometry":{"type":"Polygon","coordinates":[[[16.493604,43.523398],[16.493611,43.523387],[16.493582,43.523391],[16.493604,43.523398],[16.493604,43.523398]]]}},{"type":"Feature","properties":{"krov":"ROOF_FLAT","visina":2.1997,"kota_vrha":24.36467969},"geometry":{"type":"Polygon","coordinates":[[[16.490531,43.523313],[16.490531,43.523306],[16.490543,43.523306],[16.490543,43.52331],[16.490568,43.523303],[16.490568,43.523297],[16.490562,43.523285],[16.490555,43.523297],[16.490543,43.523297],[16.490531,43.523297],[16.490518,43.523297],[16.490518,43.523306],[16.490506,43.523306],[16.490493,43.523306],[16.490493,43.523315],[16.490493,43.523323],[16.490531,43.523313]]]}},{"type":"Feature","properties":{"krov":"ROOF_FLAT","visina":5.5276,"kota_vrha":27.41457969},"geometry":{"type":"Polygon","coordinates":[[[16.490568,43.523303],[16.490543,43.52331],[16.490543,43.523315],[16.490531,43.523315],[16.490531,43.523313],[16.490493,43.523323],[16.490493,43.523324],[16.490493,43.523333],[16.490514,43.523399],[16.490622,43.523375],[16.490598,43.523329],[16.490592,43.523315],[16.490592,43.523306],[16.49058,43.523306],[16.490568,43.523306],[16.490568,43.523303]]]}},{"type":"Feature","properties":{"krov":"ROOF_FLAT","visina":1.3674,"kota_vrha":25.55637969},"geometry":{"type":"Polygon","coordinates":[[[16.494081,43.523378],[16.494069,43.523378],[16.494069,43.523387],[16.494069,43.523396],[16.494069,43.523405],[16.494081,43.523405],[16.494081,43.523396],[16.494081,43.523387],[16.494081,43.523378]]]}},{"type":"Feature","properties":{"krov":"ROOF_FLAT","visina":2.6233,"kota_vrha":83.08327969},"geometry":{"type":"Polygon","coordinates":[[[16.506781,43.523391],[16.506761,43.523369],[16.506731,43.523375],[16.50677,43.523409],[16.506781,43.523391]]]}},{"type":"Feature","properties":{"krov":"ROOF_NOT_FLAT","visina":7.7439,"kota_vrha":45.63487969},"geometry":{"type":"Polygon","coordinates":[[[16.497545,43.523432],[16.497545,43.523423],[16.497557,43.523423],[16.497557,43.523414],[16.497557,43.523396],[16.497545,43.523396],[16.497545,43.523378],[16.497545,43.523369],[16.497545,43.523351],[16.497532,43.523351],[16.497532,43.523333],[16.49752,43.523333],[16.497508,43.523333],[16.497495,43.523333],[16.497495,43.523342],[16.497483,43.523342],[16.49747,43.523342],[16.49747,43.523351],[16.49747,43.52336],[16.497483,43.52336],[16.497483,43.523369],[16.497483,43.523378],[16.497483,43.523387],[16.497483,43.523396],[16.497483,43.523405],[16.497495,43.523405],[16.497495,43.523414],[16.497495,43.523423],[16.497495,43.523432],[16.497508,43.523432],[16.49752,43.523432],[16.497532,43.523432],[16.497545,43.523432]]]}},{"type":"Feature","properties":{"krov":"ROOF_FLAT","visina":3.5815,"kota_vrha":27.72647969},"geometry":{"type":"Polygon","coordinates":[[[16.494011,43.523421],[16.494051,43.523415],[16.494051,43.523414],[16.494044,43.523414],[16.494031,43.523414],[16.494031,43.523405],[16.494031,43.523378],[16.493977,43.523388],[16.493987,43.52341],[16.493994,43.523414],[16.493994,43.523423],[16.493997,43.523423],[16.494011,43.523421]]]}},{"type":"Feature","properties":{"krov":"ROOF_FLAT","visina":3.458,"kota_vrha":27.59497969},"geometry":{"type":"Polygon","coordinates":[[[16.494051,43.523414],[16.494051,43.523415],[16.494011,43.523421],[16.494012,43.523423],[16.494019,43.523423],[16.494019,43.523432],[16.494027,43.523444],[16.494091,43.523438],[16.494081,43.523423],[16.494081,43.523414],[16.494069,43.523414],[16.494056,43.523414],[16.494051,43.523414]]]}},{"type":"Feature","properties":{"krov":"ROOF_FLAT","visina":6.7187,"kota_vrha":45.13467969},"geometry":{"type":"Polygon","coordinates":[[[16.498147,43.523488],[16.498151,43.523477],[16.498136,43.52348],[16.498147,43.523488]]]}},{"type":"Feature","properties":{"krov":"ROOF_NOT_FLAT","visina":6.2072,"kota_vrha":26.95617969},"geometry":{"type":"Polygon","coordinates":[[[16.49084,43.523495],[16.49084,43.523486],[16.490824,43.52349],[16.49084,43.523495]]]}},{"type":"Feature","properties":{"krov":"ROOF_NOT_FLAT","visina":3.2004,"kota_vrha":23.29637969},"geometry":{"type":"Polygon","coordinates":[[[16.492262,43.523396],[16.492255,43.523385],[16.492217,43.523399],[16.492213,43.523414],[16.492217,43.523429],[16.492225,43.523441],[16.492236,43.523487],[16.49225,43.523495],[16.492257,43.523517],[16.492311,43.523506],[16.4923,43.523486],[16.492289,43.523457],[16.492275,43.523432],[16.492262,43.523396]]]}},{"type":"Feature","properties":{"krov":"ROOF_FLAT","visina":4.0152,"kota_vrha":25.29617969},"geometry":{"type":"MultiPolygon","coordinates":[[[[16.490588,43.523469],[16.490586,43.523465],[16.490584,43.52347],[16.490588,43.523469]]],[[[16.490548,43.523477],[16.490543,43.523477],[16.490531,43.523477],[16.490531,43.52348],[16.490548,43.523477]]]]}},{"type":"Feature","properties":{"krov":"ROOF_NOT_FLAT","visina":6.0726,"kota_vrha":27.01057969},"geometry":{"type":"Polygon","coordinates":[[[16.490612,43.523495],[16.490613,43.523498],[16.490615,43.523504],[16.490617,43.523504],[16.490617,43.523495],[16.490612,43.523495]]]}},{"type":"Feature","properties":{"krov":"ROOF_NOT_FLAT","visina":6.9492,"kota_vrha":27.72117969},"geometry":{"type":"Polygon","coordinates":[[[16.490615,43.523504],[16.490613,43.523498],[16.490612,43.523495],[16.490605,43.523495],[16.490592,43.523495],[16.490592,43.523477],[16.490588,43.523469],[16.490584,43.52347],[16.49058,43.523477],[16.490568,43.523477],[16.490555,43.523477],[16.490548,43.523477],[16.490531,43.52348],[16.490531,43.523486],[16.490518,43.523486],[16.490506,43.523486],[16.490506,43.523495],[16.490506,43.523504],[16.490518,43.523504],[16.490518,43.523513],[16.490518,43.523522],[16.490531,43.523522],[16.490543,43.523522],[16.490543,43.523513],[16.490555,43.523513],[16.490568,43.523513],[16.49058,43.523513],[16.490592,43.523513],[16.490592,43.523504],[16.490605,43.523504],[16.490615,43.523504]]]}},{"type":"Feature","properties":{"krov":"ROOF_FLAT","visina":2.954,"kota_vrha":25.46697969},"geometry":{"type":"Polygon","coordinates":[[[16.49079,43.523404],[16.49079,43.523396],[16.490778,43.523396],[16.490766,43.523396],[16.490766,43.523405],[16.490753,43.523405],[16.490741,43.523405],[16.490725,43.523409],[16.490739,43.523413],[16.49079,43.523404]]]}},{"type":"Feature","properties":{"krov":"ROOF_NOT_FLAT","visina":7.8493,"kota_vrha":28.71727969},"geometry":{"type":"Polygon","coordinates":[[[16.49079,43.523404],[16.490739,43.523413],[16.490741,43.523414],[16.490741,43.523423],[16.490741,43.523432],[16.490741,43.523441],[16.490732,43.523441],[16.490732,43.523443],[16.490728,43.523444],[16.490728,43.52345],[16.490716,43.52345],[16.490716,43.523459],[16.490704,43.523459],[16.490691,43.523459],[16.490679,43.523459],[16.490667,43.523459],[16.490667,43.523468],[16.490667,43.523477],[16.490683,43.523501],[16.490716,43.523504],[16.490728,43.523504],[16.490728,43.523513],[16.490741,43.523513],[16.490747,43.523524],[16.490747,43.523524],[16.490753,43.523513],[16.490766,43.523513],[16.490778,43.523513],[16.49079,43.523513],[16.490803,43.523513],[16.490803,43.523504],[16.490803,43.523495],[16.490803,43.523486],[16.490803,43.523477],[16.490815,43.523477],[16.490815,43.523459],[16.490803,43.523459],[16.490803,43.52345],[16.490803,43.523441],[16.490803,43.523432],[16.49079,43.523414],[16.49079,43.523405],[16.49079,43.523404]]]}},{"type":"Feature","properties":{"krov":"ROOF_FLAT","visina":6.7187,"kota_vrha":45.13467969},"geometry":{"type":"Polygon","coordinates":[[[16.498159,43.523542],[16.498163,43.523531],[16.498148,43.523534],[16.498159,43.523542]]]}},{"type":"Feature","properties":{"krov":"ROOF_FLAT","visina":6.7187,"kota_vrha":45.13467969},"geometry":{"type":"Polygon","coordinates":[[[16.498188,43.523558],[16.498188,43.523549],[16.4982,43.523549],[16.498213,43.523549],[16.498213,43.52354],[16.498213,43.523531],[16.4982,43.523531],[16.4982,43.523522],[16.4982,43.523513],[16.4982,43.523504],[16.4982,43.523495],[16.4982,43.523486],[16.498188,43.523486],[16.498188,43.523477],[16.498188,43.523468],[16.498176,43.523468],[16.498163,43.523468],[16.498163,43.523477],[16.498163,43.523486],[16.498163,43.523495],[16.498176,43.523495],[16.498176,43.523504],[16.498176,43.523513],[16.498176,43.523522],[16.498176,43.523531],[16.498176,43.52354],[16.498176,43.523549],[16.498176,43.523558],[16.498188,43.523558]]]}},{"type":"Feature","properties":{"krov":"ROOF_FLAT","visina":3.3289,"kota_vrha":68.11887969},"geometry":{"type":"Polygon","coordinates":[[[16.502404,43.523495],[16.50241,43.523513],[16.502419,43.523513],[16.502431,43.523513],[16.502443,43.523513],[16.502456,43.523513],[16.502456,43.523504],[16.502456,43.523495],[16.502456,43.523486],[16.502456,43.523477],[16.502443,43.523477],[16.502443,43.523468],[16.502443,43.52345],[16.502443,43.523441],[16.502431,43.523441],[16.502419,43.523441],[16.502419,43.523459],[16.502419,43.523468],[16.502411,43.523468],[16.502413,43.523477],[16.502406,43.523478],[16.502406,43.523486],[16.502406,43.523495],[16.502404,43.523495]]]}},{"type":"Feature","properties":{"krov":"ROOF_FLAT","visina":3.317,"kota_vrha":67.54297969},"geometry":{"type":"Polygon","coordinates":[[[16.50241,43.523513],[16.502404,43.523495],[16.502394,43.523495],[16.502394,43.523486],[16.502394,43.523477],[16.502382,43.523477],[16.502382,43.523468],[16.502369,43.523468],[16.502369,43.523461],[16.502364,43.523462],[16.502363,43.523459],[16.502357,43.523459],[16.502344,43.523459],[16.50232,43.523459],[16.50232,43.523468],[16.502307,43.523468],[16.502295,43.523468],[16.50227,43.523468],[16.50227,43.523477],[16.50227,43.523486],[16.50227,43.523495],[16.50227,43.523504],[16.502283,43.523504],[16.502283,43.523512],[16.502291,43.523511],[16.502292,43.523513],[16.502295,43.523513],[16.502295,43.523521],[16.502296,43.523522],[16.502307,43.523522],[16.502307,43.523531],[16.502307,43.52354],[16.502307,43.523549],[16.50232,43.523549],[16.50232,43.523558],[16.50232,43.523567],[16.502332,43.523567],[16.502332,43.523558],[16.502344,43.523558],[16.502351,43.52357],[16.502357,43.523558],[16.502369,43.523558],[16.502369,43.523549],[16.502382,43.523549],[16.502394,43.523549],[16.5024,43.523561],[16.502406,43.523549],[16.502419,43.523549],[16.502431,43.523549],[16.502431,43.52354],[16.502431,43.523531],[16.502419,43.523531],[16.502406,43.523531],[16.502406,43.523522],[16.502394,43.523522],[16.502394,43.523513],[16.502406,43.523513],[16.50241,43.523513]]]}},{"type":"Feature","properties":{"krov":"ROOF_NOT_FLAT","visina":11.4081,"kota_vrha":38.03307969},"geometry":{"type":"Polygon","coordinates":[[[16.495182,43.523567],[16.495169,43.523567],[16.495169,43.523576],[16.495176,43.523588],[16.495182,43.523576],[16.495182,43.523567]]]}},{"type":"Feature","properties":{"krov":"ROOF_NOT_FLAT","visina":3.8233,"kota_vrha":21.47927969},"geometry":{"type":"Polygon","coordinates":[[[16.491353,43.52354],[16.49136,43.523549],[16.491372,43.523549],[16.491405,43.523537],[16.491409,43.523531],[16.491403,43.523519],[16.491396,43.523531],[16.491372,43.523531],[16.491372,43.52354],[16.491359,43.52354],[16.491353,43.52354]]]}},{"type":"Feature","properties":{"krov":"ROOF_NOT_FLAT","visina":3.7754,"kota_vrha":21.40637969},"geometry":{"type":"Polygon","coordinates":[[[16.491325,43.523575],[16.491311,43.523558],[16.49131,43.523558],[16.49131,43.523567],[16.491298,43.523567],[16.491298,43.523576],[16.491285,43.523576],[16.491273,43.523576],[16.491273,43.523585],[16.491257,43.523589],[16.491273,43.523594],[16.491285,43.523594],[16.491285,43.523585],[16.491298,43.523585],[16.491305,43.523585],[16.49131,43.523583],[16.49131,43.523576],[16.491322,43.523576],[16.491323,43.523576],[16.491325,43.523575]]]}},{"type":"Feature","properties":{"krov":"ROOF_NOT_FLAT","visina":4.2947,"kota_vrha":21.84367969},"geometry":{"type":"Polygon","coordinates":[[[16.49136,43.523549],[16.491353,43.52354],[16.491347,43.52354],[16.491331,43.523546],[16.491322,43.523558],[16.491311,43.523558],[16.491325,43.523575],[16.491326,43.523576],[16.491335,43.523576],[16.491335,43.523567],[16.491347,43.523567],[16.491359,43.523567],[16.491359,43.523558],[16.491359,43.523549],[16.49136,43.523549]]]}},{"type":"Feature","properties":{"krov":"ROOF_FLAT","visina":3.3579,"kota_vrha":22.51787969},"geometry":{"type":"Polygon","coordinates":[[[16.492056,43.523554],[16.492027,43.523549],[16.492027,43.523576],[16.492027,43.523585],[16.49204,43.523585],[16.49204,43.523594],[16.492069,43.523581],[16.492056,43.523554]]]}},{"type":"Feature","properties":{"krov":"ROOF_FLAT","visina":2.337,"kota_vrha":21.26397969},"geometry":{"type":"Polygon","coordinates":[[[16.49196,43.523605],[16.491966,43.523594],[16.491978,43.523594],[16.49199,43.523594],[16.492003,43.523594],[16.492003,43.523585],[16.492003,43.523576],[16.492003,43.523567],[16.49199,43.523567],[16.49199,43.523558],[16.491978,43.523558],[16.491966,43.523558],[16.491966,43.523567],[16.491953,43.523567],[16.491941,43.523567],[16.491941,43.523594],[16.491953,43.523594],[16.491959,43.523605],[16.49196,43.523605]]]}},{"type":"Feature","properties":{"krov":"ROOF_FLAT","visina":9.7004,"kota_vrha":48.63837969},"geometry":{"type":"Polygon","coordinates":[[[16.498114,43.523468],[16.4981,43.523458],[16.497539,43.523532],[16.497563,43.523608],[16.497619,43.523612],[16.497627,43.523606],[16.49812,43.52354],[16.498126,43.523495],[16.498126,43.523486],[16.498114,43.523486],[16.498114,43.523468]]]}},{"type":"Feature","properties":{"krov":"ROOF_NOT_FLAT","visina":11.4081,"kota_vrha":38.03307969},"geometry":{"type":"Polygon","coordinates":[[[16.495194,43.523603],[16.495188,43.523592],[16.495182,43.523603],[16.495182,43.523612],[16.495188,43.523624],[16.495194,43.523612],[16.495194,43.523603]]]}},{"type":"Feature","properties":{"krov":"ROOF_NOT_FLAT","visina":11.4081,"kota_vrha":38.03307969},"geometry":{"type":"Polygon","coordinates":[[[16.495202,43.523641],[16.495207,43.52363],[16.495192,43.523633],[16.495202,43.523641]]]}},{"type":"Feature","properties":{"krov":"ROOF_NOT_FLAT","visina":11.4081,"kota_vrha":38.03307969},"geometry":{"type":"Polygon","coordinates":[[[16.495268,43.523648],[16.495268,43.523639],[16.495293,43.523639],[16.495285,43.523627],[16.495277,43.523588],[16.495268,43.523585],[16.495268,43.523567],[16.495268,43.523558],[16.495256,43.523558],[16.495231,43.523558],[16.495219,43.523558],[16.495219,43.523567],[16.495207,43.523567],[16.495207,43.523576],[16.495207,43.523585],[16.495219,43.523585],[16.495219,43.523594],[16.495219,43.523603],[16.495219,43.523612],[16.495219,43.523621],[16.495219,43.52363],[16.495231,43.52363],[16.495231,43.523639],[16.495231,43.523648],[16.495244,43.523648],[16.495256,43.523648],[16.495268,43.523648]]]}},{"type":"Feature","properties":{"krov":"ROOF_NOT_FLAT","visina":12.8579,"kota_vrha":77.21287969},"geometry":{"type":"Polygon","coordinates":[[[16.502468,43.523585],[16.502468,43.523567],[16.502456,43.523567],[16.502456,43.523558],[16.502443,43.523558],[16.502443,43.523567],[16.502419,43.523567],[16.502406,43.523567],[16.502406,43.523576],[16.502394,43.523576],[16.502382,43.523576],[16.502382,43.523585],[16.502382,43.523594],[16.502382,43.523603],[16.502394,43.523603],[16.502394,43.523612],[16.502394,43.523621],[16.502394,43.52363],[16.502394,43.523639],[16.502406,43.523639],[16.502412,43.523651],[16.502419,43.523639],[16.502451,43.523636],[16.50248,43.52363],[16.502475,43.523607],[16.502468,43.523585]]]}},{"type":"Feature","properties":{"krov":"ROOF_NOT_FLAT","visina":3.0523,"kota_vrha":32.64927969},"geometry":{"type":"Polygon","coordinates":[[[16.495652,43.52363],[16.495646,43.523619],[16.49564,43.52363],[16.495627,43.52363],[16.495627,43.523648],[16.495627,43.523657],[16.49564,43.523657],[16.495652,43.523657],[16.495668,43.523653],[16.495652,43.523648],[16.495652,43.523639],[16.495652,43.52363]]]}},{"type":"Feature","properties":{"krov":"ROOF_FLAT","visina":2.5045,"kota_vrha":68.66947969},"geometry":{"type":"Polygon","coordinates":[[[16.502654,43.523648],[16.502654,43.523639],[16.502666,43.523639],[16.502666,43.52363],[16.502678,43.52363],[16.502691,43.52363],[16.502691,43.523621],[16.502703,43.523621],[16.502716,43.523621],[16.502716,43.523612],[16.502716,43.523603],[16.502703,43.523603],[16.502691,43.523603],[16.502678,43.523603],[16.502654,43.523603],[16.502654,43.523612],[16.502641,43.523612],[16.502641,43.523621],[16.502638,43.523621],[16.502641,43.523648],[16.502641,43.523648],[16.502654,43.523648]]]}},{"type":"Feature","properties":{"krov":"ROOF_NOT_FLAT","visina":2.4298,"kota_vrha":68.41677969},"geometry":{"type":"Polygon","coordinates":[[[16.502629,43.523657],[16.502629,43.523648],[16.502638,43.523648],[16.502635,43.523621],[16.502629,43.523621],[16.502617,43.523621],[16.502604,43.523621],[16.502588,43.523626],[16.502604,43.52363],[16.502604,43.523639],[16.502604,43.523648],[16.502604,43.523657],[16.502617,43.523657],[16.502629,43.523657]]]}},{"type":"Feature","properties":{"krov":"ROOF_NOT_FLAT","visina":6.6519,"kota_vrha":72.98987969},"geometry":{"type":"Polygon","coordinates":[[[16.50281,43.523648],[16.502809,43.523641],[16.502806,43.523621],[16.502802,43.523621],[16.50279,43.523621],[16.50279,43.52363],[16.50279,43.523639],[16.50279,43.523648],[16.502802,43.523648],[16.50281,43.523648]]]}},{"type":"Feature","properties":{"krov":"ROOF_NOT_FLAT","visina":6.856,"kota_vrha":73.36797969},"geometry":{"type":"MultiPolygon","coordinates":[[[[16.502827,43.523654],[16.502827,43.523657],[16.502839,43.523657],[16.502852,43.523657],[16.502852,43.523652],[16.502827,43.523654]]]]}},{"type":"Feature","properties":{"krov":"ROOF_NOT_FLAT","visina":7.3615,"kota_vrha":73.91247969},"geometry":{"type":"Polygon","coordinates":[[[16.502852,43.523652],[16.502852,43.523648],[16.502864,43.523648],[16.502876,43.523648],[16.502889,43.523648],[16.502901,43.523648],[16.502906,43.523648],[16.502913,43.523648],[16.502913,43.523639],[16.502913,43.52363],[16.502913,43.523621],[16.502901,43.523621],[16.502901,43.523612],[16.502901,43.523603],[16.502889,43.523603],[16.502876,43.523603],[16.502864,43.523603],[16.502864,43.523612],[16.502852,43.523612],[16.502852,43.523621],[16.502839,43.523621],[16.502814,43.523621],[16.502806,43.523621],[16.502809,43.523641],[16.50281,43.523648],[16.502814,43.523648],[16.502827,43.523648],[16.502827,43.523654],[16.502852,43.523652]]]}},{"type":"Feature","properties":{"krov":"ROOF_FLAT","visina":9.0753,"kota_vrha":73.34627969},"geometry":{"type":"Polygon","coordinates":[[[16.50248,43.523657],[16.502468,43.523657],[16.502468,43.523666],[16.50248,43.523666],[16.50248,43.523657]]]}},{"type":"Feature","properties":{"krov":"ROOF_FLAT","visina":3.138,"kota_vrha":66.56397969},"geometry":{"type":"Polygon","coordinates":[[[16.502097,43.523621],[16.502085,43.523621],[16.502085,43.52363],[16.502085,43.523639],[16.502085,43.523657],[16.502085,43.523666],[16.502097,43.523666],[16.502097,43.523675],[16.502097,43.523684],[16.502109,43.523684],[16.502122,43.523684],[16.502134,43.523684],[16.502134,43.523675],[16.502134,43.523666],[16.502134,43.523657],[16.502134,43.523648],[16.502134,43.523639],[16.502122,43.523639],[16.502122,43.52363],[16.502122,43.523621],[16.502109,43.523621],[16.502097,43.523621]]]}},{"type":"Feature","properties":{"krov":"ROOF_FLAT","visina":9.0753,"kota_vrha":73.34627969},"geometry":{"type":"Polygon","coordinates":[[[16.502369,43.523675],[16.502357,43.523675],[16.502357,43.523684],[16.502369,43.523684],[16.502369,43.523675]]]}},{"type":"Feature","properties":{"krov":"ROOF_FLAT","visina":2.1275,"kota_vrha":80.66847969},"geometry":{"type":"Polygon","coordinates":[[[16.506748,43.523578],[16.506748,43.523576],[16.506764,43.523572],[16.506748,43.523567],[16.506748,43.523558],[16.506748,43.523549],[16.506711,43.523549],[16.506711,43.523558],[16.506699,43.523558],[16.506686,43.523558],[16.506686,43.523567],[16.506686,43.523576],[16.506686,43.523583],[16.506688,43.523585],[16.506689,43.523585],[16.506695,43.523594],[16.506748,43.523578]]]}},{"type":"Feature","properties":{"krov":"ROOF_FLAT","visina":2.8846,"kota_vrha":81.34957969},"geometry":{"type":"Polygon","coordinates":[[[16.506748,43.523578],[16.506695,43.523594],[16.506689,43.523585],[16.506688,43.523585],[16.506686,43.523586],[16.506686,43.523594],[16.506674,43.523594],[16.506633,43.523609],[16.506641,43.523636],[16.506674,43.523684],[16.506732,43.523663],[16.50674,43.523642],[16.506773,43.52363],[16.506748,43.523594],[16.506748,43.523585],[16.506748,43.523578]]]}},{"type":"Feature","properties":{"krov":"ROOF_NOT_FLAT","visina":11.4081,"kota_vrha":38.03307969},"geometry":{"type":"Polygon","coordinates":[[[16.495186,43.523666],[16.495182,43.523666],[16.495182,43.523667],[16.495186,43.523666]]]}},{"type":"Feature","properties":{"krov":"ROOF_NOT_FLAT","visina":10.2086,"kota_vrha":36.86157969},"geometry":{"type":"Polygon","coordinates":[[[16.49525,43.523702],[16.495248,43.523694],[16.495211,43.523675],[16.495207,43.523675],[16.495194,43.523675],[16.495194,43.523666],[16.495186,43.523666],[16.495182,43.523667],[16.495182,43.523666],[16.495169,43.523666],[16.495157,43.523666],[16.495157,43.523675],[16.495157,43.523684],[16.495157,43.523693],[16.495169,43.523693],[16.495169,43.523702],[16.495169,43.523711],[16.495182,43.523711],[16.495194,43.523711],[16.495194,43.523702],[16.495207,43.523702],[16.495219,43.523702],[16.495231,43.523702],[16.495244,43.523702],[16.49525,43.523702]]]}},{"type":"Feature","properties":{"krov":"ROOF_NOT_FLAT","visina":9.6964,"kota_vrha":36.99937969},"geometry":{"type":"Polygon","coordinates":[[[16.495211,43.523675],[16.495248,43.523694],[16.49525,43.523702],[16.495256,43.523702],[16.495256,43.523711],[16.495256,43.52372],[16.495281,43.52372],[16.495293,43.52372],[16.495293,43.523702],[16.495293,43.523693],[16.495304,43.52369],[16.495303,43.523689],[16.495308,43.523688],[16.495293,43.523684],[16.495293,43.523675],[16.495293,43.523666],[16.495268,43.523666],[16.495256,43.523666],[16.495244,43.523666],[16.495244,43.523675],[16.495231,43.523675],[16.495219,43.523675],[16.495211,43.523675]]]}},{"type":"Feature","properties":{"krov":"ROOF_NOT_FLAT","visina":5.1486,"kota_vrha":27.94257969},"geometry":{"type":"Polygon","coordinates":[[[16.489207,43.523702],[16.489205,43.523698],[16.489191,43.523675],[16.489183,43.523675],[16.489182,43.523675],[16.489182,43.523684],[16.48917,43.523684],[16.489157,43.523684],[16.489157,43.523693],[16.489145,43.523693],[16.489133,43.523693],[16.489133,43.523702],[16.489108,43.523702],[16.489108,43.523711],[16.489108,43.52372],[16.489108,43.523729],[16.48912,43.523729],[16.489133,43.523729],[16.489133,43.52372],[16.489145,43.52372],[16.489157,43.52372],[16.48917,43.52372],[16.48917,43.523711],[16.489182,43.523711],[16.489194,43.523711],[16.489194,43.523702],[16.489207,43.523702],[16.489207,43.523702]]]}},{"type":"Feature","properties":{"krov":"ROOF_NOT_FLAT","visina":3.7677,"kota_vrha":26.47467969},"geometry":{"type":"Polygon","coordinates":[[[16.489191,43.523675],[16.489205,43.523698],[16.489207,43.523702],[16.489219,43.523702],[16.489219,43.523711],[16.489219,43.52372],[16.489232,43.52372],[16.489244,43.52372],[16.489244,43.523711],[16.489256,43.523711],[16.489269,43.523711],[16.489275,43.523711],[16.489281,43.523709],[16.489281,43.523684],[16.489269,43.523684],[16.489269,43.523675],[16.489269,43.523666],[16.489256,43.523666],[16.489256,43.523657],[16.489244,43.523657],[16.489232,43.523657],[16.489232,43.523666],[16.489219,43.523666],[16.489207,43.523666],[16.489194,43.523666],[16.489194,43.523675],[16.489191,43.523675]]]}},{"type":"Feature","properties":{"krov":"ROOF_FLAT","visina":2.4231,"kota_vrha":26.01807969},"geometry":{"type":"Polygon","coordinates":[[[16.488232,43.523729],[16.488235,43.523738],[16.488242,43.523738],[16.488242,43.523729],[16.488232,43.523729]]]}},{"type":"Feature","properties":{"krov":"ROOF_NOT_FLAT","visina":3.4172,"kota_vrha":38.22517969},"geometry":{"type":"Polygon","coordinates":[[[16.496604,43.523702],[16.496592,43.523702],[16.496592,43.52372],[16.496592,43.523738],[16.496604,43.523738],[16.496617,43.523738],[16.496629,43.523738],[16.496642,43.523738],[16.496654,43.523738],[16.496666,43.523738],[16.496666,43.523729],[16.496666,43.523711],[16.496666,43.523702],[16.496654,43.523702],[16.496629,43.523702],[16.496617,43.523702],[16.496604,43.523702]]]}},{"type":"Feature","properties":{"krov":"ROOF_NOT_FLAT","visina":4.4576,"kota_vrha":28.37357969},"geometry":{"type":"Polygon","coordinates":[[[16.488588,43.52372],[16.488576,43.52372],[16.488576,43.523729],[16.488576,43.523738],[16.488576,43.523747],[16.488588,43.523747],[16.488601,43.523747],[16.488601,43.523738],[16.488601,43.523729],[16.488601,43.52372],[16.488588,43.52372]]]}},{"type":"Feature","properties":{"krov":"ROOF_FLAT","visina":3.1441,"kota_vrha":26.96407969},"geometry":{"type":"Polygon","coordinates":[[[16.488564,43.523724],[16.488563,43.52372],[16.488551,43.52372],[16.488539,43.52372],[16.488539,43.523718],[16.488489,43.523723],[16.488489,43.523729],[16.488489,43.523738],[16.488489,43.523747],[16.488502,43.523747],[16.488502,43.523756],[16.488502,43.523765],[16.488514,43.523765],[16.488526,43.523765],[16.488539,43.523765],[16.488539,43.523756],[16.488551,43.523756],[16.488564,43.523756],[16.488564,43.523747],[16.488564,43.523738],[16.488564,43.523729],[16.488564,43.523724]]]}},{"type":"Feature","properties":{"krov":"ROOF_NOT_FLAT","visina":4.4576,"kota_vrha":28.37357969},"geometry":{"type":"Polygon","coordinates":[[[16.488563,43.52372],[16.488564,43.523724],[16.488564,43.52372],[16.488563,43.52372]]]}},{"type":"Feature","properties":{"krov":"ROOF_NOT_FLAT","visina":2.8597,"kota_vrha":26.72967969},"geometry":{"type":"Polygon","coordinates":[[[16.488539,43.523718],[16.488539,43.523711],[16.488526,43.523711],[16.488514,43.523711],[16.488502,43.523711],[16.488489,43.523711],[16.488489,43.52372],[16.488489,43.523723],[16.488539,43.523718]]]}},{"type":"Feature","properties":{"krov":"ROOF_FLAT","visina":3.8221,"kota_vrha":67.89807969},"geometry":{"type":"Polygon","coordinates":[[[16.502419,43.523774],[16.502419,43.523765],[16.502431,43.523765],[16.502431,43.523756],[16.502431,43.523747],[16.502431,43.523738],[16.502419,43.523738],[16.502406,43.523738],[16.502394,43.523738],[16.502382,43.523738],[16.502369,43.523738],[16.502369,43.523747],[16.502382,43.523747],[16.502382,43.523756],[16.502382,43.523765],[16.502382,43.523774],[16.502394,43.523774],[16.502406,43.523774],[16.502419,43.523774]]]}},{"type":"Feature","properties":{"krov":"ROOF_FLAT","visina":3.2505,"kota_vrha":83.15447969},"geometry":{"type":"Polygon","coordinates":[[[16.507107,43.523756],[16.507058,43.523756],[16.507058,43.523774],[16.507107,43.523774],[16.507107,43.523756]]]}},{"type":"Feature","properties":{"krov":"ROOF_FLAT","visina":3.4496,"kota_vrha":81.17857969},"geometry":{"type":"Polygon","coordinates":[[[16.506451,43.523774],[16.506451,43.523765],[16.506464,43.523765],[16.506455,43.523743],[16.506372,43.523762],[16.506395,43.523779],[16.506451,43.523774]]]}},{"type":"Feature","properties":{"krov":"ROOF_FLAT","visina":1.8773,"kota_vrha":80.09527969},"geometry":{"type":"Polygon","coordinates":[[[16.506504,43.523788],[16.506489,43.523783],[16.506473,43.523788],[16.506489,43.523792],[16.506504,43.523788]]]}},{"type":"Feature","properties":{"krov":"ROOF_NOT_FLAT","visina":2.322,"kota_vrha":24.80397969},"geometry":{"type":"Polygon","coordinates":[[[16.48917,43.523765],[16.48917,43.523756],[16.489157,43.523756],[16.489157,43.523765],[16.489145,43.523765],[16.489145,43.523774],[16.489145,43.523783],[16.489157,43.523783],[16.489162,43.523792],[16.489165,43.523791],[16.48917,43.523783],[16.489186,43.523778],[16.48917,43.523774],[16.48917,43.523765]]]}},{"type":"Feature","properties":{"krov":"ROOF_FLAT","visina":0.4701,"kota_vrha":79.98507969},"geometry":{"type":"Polygon","coordinates":[[[16.506835,43.523774],[16.506798,43.523774],[16.506769,43.523781],[16.506768,43.523781],[16.506785,43.523792],[16.506785,43.523801],[16.506835,43.523801],[16.506835,43.523774]]]}},{"type":"Feature","properties":{"krov":"ROOF_NOT_FLAT","visina":5.0419,"kota_vrha":53.88687969},"geometry":{"type":"Polygon","coordinates":[[[16.499165,43.523837],[16.499165,43.523828],[16.499178,43.523828],[16.49919,43.523828],[16.49919,43.523819],[16.499178,43.523819],[16.499178,43.52381],[16.499171,43.523789],[16.499111,43.523805],[16.49912,43.523825],[16.499128,43.523828],[16.499128,43.523837],[16.49914,43.523837],[16.499153,43.523837],[16.499165,43.523837]]]}},{"type":"Feature","properties":{"krov":"ROOF_FLAT","visina":8.9846,"kota_vrha":32.31357969},"geometry":{"type":"Polygon","coordinates":[[[16.488378,43.523763],[16.488277,43.523776],[16.488267,43.523777],[16.488267,43.523783],[16.488254,43.523783],[16.488254,43.523792],[16.488254,43.523801],[16.488267,43.523801],[16.488267,43.52381],[16.488267,43.523819],[16.488267,43.523828],[16.488267,43.523837],[16.488279,43.523849],[16.488279,43.523849],[16.488291,43.523837],[16.488304,43.523837],[16.488316,43.523837],[16.488316,43.523828],[16.488316,43.523819],[16.488329,43.523819],[16.488341,43.523819],[16.488341,43.523828],[16.488353,43.523828],[16.488353,43.523837],[16.488366,43.523837],[16.488366,43.523828],[16.488378,43.523828],[16.48839,43.523828],[16.488403,43.523828],[16.488415,43.523828],[16.488427,43.523828],[16.48844,43.523828],[16.48844,43.523819],[16.488452,43.523819],[16.488465,43.523819],[16.488465,43.523801],[16.488465,43.523792],[16.488452,43.523792],[16.488452,43.523783],[16.488452,43.523774],[16.488452,43.523765],[16.488428,43.523765],[16.488403,43.523765],[16.48839,43.523765],[16.488378,43.523765],[16.488378,43.523763]]]}},{"type":"Feature","properties":{"krov":"ROOF_FLAT","visina":4.8711,"kota_vrha":28.46607969},"geometry":{"type":"Polygon","coordinates":[[[16.488378,43.523763],[16.488378,43.523756],[16.488378,43.523747],[16.488378,43.523729],[16.488357,43.523691],[16.488267,43.523702],[16.488279,43.52372],[16.488279,43.523747],[16.488279,43.523756],[16.488291,43.523756],[16.488291,43.523765],[16.488279,43.523765],[16.488279,43.523774],[16.488277,43.523774],[16.488277,43.523776],[16.488378,43.523763]]]}},{"type":"Feature","properties":{"krov":"ROOF_FLAT","visina":2.4231,"kota_vrha":26.01807969},"geometry":{"type":"Polygon","coordinates":[[[16.488277,43.523776],[16.488277,43.523774],[16.488267,43.523774],[16.488267,43.523777],[16.488277,43.523776]]]}},{"type":"Feature","properties":{"krov":"ROOF_FLAT","visina":3.2674,"kota_vrha":20.40837969},"geometry":{"type":"Polygon","coordinates":[[[16.490592,43.52381],[16.49058,43.52381],[16.490488,43.523825],[16.490512,43.523861],[16.490587,43.523851],[16.490592,43.523846],[16.49061,43.523837],[16.490592,43.523828],[16.490592,43.523819],[16.490592,43.52381]]]}},{"type":"Feature","properties":{"krov":"ROOF_FLAT","visina":2.1862,"kota_vrha":21.90417969},"geometry":{"type":"Polygon","coordinates":[[[16.492448,43.523859],[16.492436,43.523861],[16.492437,43.523864],[16.492451,43.52386],[16.492448,43.523859]]]}},{"type":"Feature","properties":{"krov":"ROOF_FLAT","visina":2.8353,"kota_vrha":22.03827969},"geometry":{"type":"Polygon","coordinates":[[[16.492436,43.523861],[16.492448,43.523859],[16.492436,43.523855],[16.492429,43.523834],[16.492369,43.523849],[16.492378,43.523861],[16.492422,43.523864],[16.492436,43.523861]]]}},{"type":"Feature","properties":{"krov":"ROOF_FLAT","visina":6.1295,"kota_vrha":27.78647969},"geometry":{"type":"Polygon","coordinates":[[[16.489528,43.523873],[16.489516,43.523873],[16.489516,43.523882],[16.489528,43.523882],[16.489528,43.523873]]]}},{"type":"Feature","properties":{"krov":"ROOF_NOT_FLAT","visina":8.8731,"kota_vrha":30.74607969},"geometry":{"type":"Polygon","coordinates":[[[16.489491,43.523882],[16.489491,43.523891],[16.489504,43.523891],[16.489504,43.523882],[16.489491,43.523882]]]}},{"type":"Feature","properties":{"krov":"ROOF_NOT_FLAT","visina":8.8731,"kota_vrha":30.74607969},"geometry":{"type":"Polygon","coordinates":[[[16.489491,43.523882],[16.489491,43.523873],[16.489491,43.523864],[16.489491,43.523855],[16.489464,43.523847],[16.489355,43.523866],[16.489338,43.523891],[16.489355,43.5239],[16.489355,43.523909],[16.489368,43.523909],[16.48938,43.523909],[16.489392,43.523909],[16.489392,43.5239],[16.489405,43.5239],[16.489417,43.5239],[16.489429,43.5239],[16.489429,43.523891],[16.489442,43.523891],[16.489454,43.523891],[16.489467,43.523891],[16.489479,43.523891],[16.489479,43.523882],[16.489491,43.523882]]]}},{"type":"Feature","properties":{"krov":"ROOF_NOT_FLAT","visina":3.1393,"kota_vrha":25.94627969},"geometry":{"type":"Polygon","coordinates":[[[16.488014,43.523909],[16.488019,43.523906],[16.488019,43.5239],[16.488007,43.5239],[16.488007,43.523891],[16.488007,43.523882],[16.487995,43.523882],[16.487995,43.523873],[16.487982,43.523873],[16.48797,43.523873],[16.48797,43.523882],[16.487954,43.523886],[16.48797,43.523891],[16.48797,43.5239],[16.487982,43.5239],[16.487982,43.523909],[16.487982,43.523917],[16.487983,43.523918],[16.487994,43.523918],[16.487995,43.523909],[16.488007,43.523909],[16.488014,43.523909]]]}},{"type":"Feature","properties":{"krov":"ROOF_NOT_FLAT","visina":2.6986,"kota_vrha":25.51057969},"geometry":{"type":"Polygon","coordinates":[[[16.488019,43.523906],[16.488014,43.523909],[16.488019,43.523909],[16.488019,43.523906]]]}},{"type":"Feature","properties":{"krov":"ROOF_FLAT","visina":2.8176,"kota_vrha":21.57557969},"geometry":{"type":"MultiPolygon","coordinates":[[[[16.491868,43.523837],[16.491869,43.523839],[16.491876,43.523837],[16.491868,43.523837]]],[[[16.491916,43.523837],[16.491916,43.523828],[16.491904,43.523828],[16.491891,43.523828],[16.491879,43.523828],[16.491879,43.523836],[16.491882,43.523836],[16.491887,43.523846],[16.491916,43.523839],[16.491916,43.523837]]]]}},{"type":"Feature","properties":{"krov":"ROOF_NOT_FLAT","visina":6.8888,"kota_vrha":25.66177969},"geometry":{"type":"Polygon","coordinates":[[[16.491916,43.52384],[16.491916,43.523839],[16.491887,43.523846],[16.491882,43.523836],[16.491879,43.523836],[16.491879,43.523837],[16.491876,43.523837],[16.491869,43.523839],[16.491867,43.523839],[16.491867,43.523846],[16.491854,43.523846],[16.491854,43.523855],[16.491843,43.523855],[16.491842,43.523855],[16.491842,43.523864],[16.491842,43.523873],[16.491842,43.523882],[16.491842,43.523891],[16.491842,43.523897],[16.491844,43.523902],[16.491842,43.523902],[16.491842,43.523909],[16.491842,43.523918],[16.491854,43.523918],[16.491854,43.523909],[16.491867,43.523909],[16.491879,43.523909],[16.491879,43.5239],[16.491891,43.5239],[16.491904,43.5239],[16.491916,43.5239],[16.491916,43.523891],[16.491928,43.523891],[16.491928,43.523882],[16.491916,43.523882],[16.491916,43.523873],[16.491916,43.523864],[16.491916,43.523855],[16.491904,43.523855],[16.491904,43.523846],[16.491916,43.523846],[16.491916,43.52384]]]}},{"type":"Feature","properties":{"krov":"ROOF_NOT_FLAT","visina":6.1934,"kota_vrha":24.98237969},"geometry":{"type":"Polygon","coordinates":[[[16.491842,43.523897],[16.491842,43.5239],[16.491842,43.523902],[16.491844,43.523902],[16.491842,43.523897]]]}},{"type":"Feature","properties":{"krov":"ROOF_FLAT","visina":6.6986,"kota_vrha":79.90057969},"geometry":{"type":"Polygon","coordinates":[[[16.504972,43.523938],[16.504974,43.523918],[16.50496,43.523806],[16.504955,43.523801],[16.504867,43.523806],[16.504886,43.523916],[16.504905,43.523927],[16.504911,43.523927],[16.504911,43.523931],[16.504912,43.523931],[16.504933,43.523949],[16.504972,43.523938]]]}},{"type":"Feature","properties":{"krov":"ROOF_NOT_FLAT","visina":2.6841,"kota_vrha":32.44907969},"geometry":{"type":"Polygon","coordinates":[[[16.495763,43.523927],[16.495701,43.523927],[16.495701,43.523954],[16.495763,43.523954],[16.495763,43.523927]]]}},{"type":"Feature","properties":{"krov":"ROOF_FLAT","visina":2.6652,"kota_vrha":25.32217969},"geometry":{"type":"Polygon","coordinates":[[[16.488044,43.523926],[16.488019,43.523941],[16.488019,43.523945],[16.488032,43.523957],[16.488044,43.523945],[16.488056,43.523945],[16.488056,43.523936],[16.488056,43.523927],[16.488044,43.523927],[16.488044,43.523926]]]}},{"type":"Feature","properties":{"krov":"ROOF_NOT_FLAT","visina":2.6986,"kota_vrha":25.51057969},"geometry":{"type":"Polygon","coordinates":[[[16.488044,43.523926],[16.488044,43.523918],[16.488032,43.523918],[16.488032,43.523909],[16.488019,43.523909],[16.488019,43.523918],[16.488019,43.523927],[16.488019,43.523936],[16.488019,43.523941],[16.488044,43.523926]]]}},{"type":"Feature","properties":{"krov":"ROOF_NOT_FLAT","visina":6.2219,"kota_vrha":31.79787969},"geometry":{"type":"Polygon","coordinates":[[[16.494873,43.523981],[16.494873,43.523972],[16.494885,43.523972],[16.494897,43.523972],[16.49491,43.523972],[16.494922,43.523972],[16.494934,43.523972],[16.494947,43.523972],[16.494947,43.523963],[16.494959,43.523963],[16.494972,43.523963],[16.494984,43.523963],[16.494996,43.523963],[16.495009,43.523963],[16.495021,43.523963],[16.495033,43.523963],[16.495033,43.523954],[16.495046,43.523954],[16.495058,43.523954],[16.49507,43.523954],[16.495083,43.523954],[16.495095,43.523954],[16.495108,43.523954],[16.495108,43.523945],[16.495108,43.523936],[16.495108,43.523918],[16.495108,43.523909],[16.495095,43.523909],[16.49509,43.523889],[16.495083,43.5239],[16.495021,43.5239],[16.495009,43.5239],[16.495009,43.523909],[16.494934,43.523909],[16.494918,43.523915],[16.494897,43.523918],[16.494848,43.523918],[16.494848,43.523927],[16.494788,43.523931],[16.494798,43.523963],[16.494798,43.523972],[16.494798,43.523981],[16.494811,43.523981],[16.494823,43.523981],[16.494835,43.523981],[16.494848,43.523981],[16.49486,43.523981],[16.494873,43.523981]]]}},{"type":"Feature","properties":{"krov":"ROOF_NOT_FLAT","visina":3.7779,"kota_vrha":21.74587969},"geometry":{"type":"Polygon","coordinates":[[[16.491656,43.52399],[16.491656,43.523981],[16.491693,43.523981],[16.491693,43.523972],[16.491718,43.523972],[16.49173,43.523972],[16.491739,43.523972],[16.491743,43.523971],[16.491743,43.523963],[16.491743,43.523954],[16.49173,43.523954],[16.49173,43.523945],[16.49173,43.523927],[16.491718,43.523927],[16.491718,43.523918],[16.491706,43.523918],[16.491693,43.523918],[16.491681,43.523918],[16.491681,43.523927],[16.491669,43.523927],[16.491648,43.52393],[16.491631,43.523936],[16.491607,43.523936],[16.491607,43.523981],[16.491619,43.523981],[16.491619,43.52399],[16.491631,43.52399],[16.491644,43.52399],[16.491656,43.52399]]]}},{"type":"Feature","properties":{"krov":"ROOF_FLAT","visina":5.1873,"kota_vrha":78.95427969},"geometry":{"type":"Polygon","coordinates":[[[16.50534,43.523913],[16.505289,43.523909],[16.505245,43.523915],[16.505239,43.524017],[16.505239,43.524026],[16.505264,43.524026],[16.505369,43.524016],[16.50535,43.523927],[16.50534,43.523913]]]}},{"type":"Feature","properties":{"krov":"ROOF_FLAT","visina":3.7201,"kota_vrha":74.26107969},"geometry":{"type":"Polygon","coordinates":[[[16.504311,43.524053],[16.504311,43.524044],[16.504336,43.524044],[16.504336,43.523963],[16.504336,43.523927],[16.504262,43.523927],[16.504222,43.523933],[16.504212,43.524026],[16.504212,43.524044],[16.504212,43.524053],[16.504225,43.524053],[16.504311,43.524053]]]}},{"type":"Feature","properties":{"krov":"ROOF_NOT_FLAT","visina":2.5013,"kota_vrha":28.63427969},"geometry":{"type":"Polygon","coordinates":[[[16.495169,43.524017],[16.495169,43.524008],[16.495157,43.524008],[16.495157,43.524017],[16.495145,43.524017],[16.495145,43.524026],[16.495145,43.524035],[16.495145,43.524044],[16.495145,43.524053],[16.495145,43.524062],[16.495157,43.524062],[16.495169,43.524062],[16.495169,43.524053],[16.495169,43.524044],[16.495169,43.524035],[16.495169,43.524026],[16.495169,43.524017]]]}},{"type":"Feature","properties":{"krov":"ROOF_FLAT","visina":6.7767,"kota_vrha":75.51067969},"geometry":{"type":"Polygon","coordinates":[[[16.503779,43.523972],[16.503767,43.523972],[16.503686,43.523976],[16.50369,43.523999],[16.503677,43.524067],[16.503779,43.524071],[16.503779,43.523981],[16.503779,43.523972]]]}},{"type":"Feature","properties":{"krov":"ROOF_FLAT","visina":3.0539,"kota_vrha":72.31587969},"geometry":{"type":"Polygon","coordinates":[[[16.503829,43.523972],[16.503817,43.523972],[16.503817,43.523981],[16.503817,43.52399],[16.503829,43.52399],[16.503829,43.523999],[16.503829,43.524008],[16.503829,43.524026],[16.503829,43.524044],[16.503829,43.524062],[16.503829,43.524071],[16.503841,43.524071],[16.503854,43.524071],[16.503866,43.524071],[16.503878,43.524071],[16.503891,43.524071],[16.503891,43.524062],[16.503891,43.524053],[16.503891,43.524044],[16.503878,43.524044],[16.503878,43.524035],[16.503878,43.524008],[16.503878,43.523999],[16.503878,43.52399],[16.503878,43.523981],[16.503878,43.523972],[16.503866,43.523972],[16.503854,43.523972],[16.503841,43.523972],[16.503829,43.523972]]]}},{"type":"Feature","properties":{"krov":"ROOF_FLAT","visina":3.6516,"kota_vrha":77.62057969},"geometry":{"type":"Polygon","coordinates":[[[16.505289,43.524053],[16.505264,43.524053],[16.505264,43.524062],[16.505264,43.524071],[16.505264,43.52408],[16.505289,43.52408],[16.505313,43.52408],[16.505313,43.524071],[16.505313,43.524062],[16.505313,43.524053],[16.505301,43.524053],[16.505289,43.524053]]]}},{"type":"Feature","properties":{"krov":"ROOF_FLAT","visina":5.0248,"kota_vrha":76.63577969},"geometry":{"type":"Polygon","coordinates":[[[16.504577,43.524065],[16.504559,43.524026],[16.504454,43.524032],[16.504467,43.524081],[16.504577,43.524065]]]}},{"type":"Feature","properties":{"krov":"ROOF_FLAT","visina":2.6344,"kota_vrha":70.97437969},"geometry":{"type":"Polygon","coordinates":[[[16.503618,43.523999],[16.503612,43.523988],[16.503606,43.523999],[16.503594,43.523999],[16.503581,43.523999],[16.503569,43.523999],[16.503557,43.523999],[16.503544,43.523999],[16.503532,43.523999],[16.503532,43.524007],[16.503618,43.523999]]]}},{"type":"Feature","properties":{"krov":"ROOF_FLAT","visina":5.6143,"kota_vrha":73.99227969},"geometry":{"type":"Polygon","coordinates":[[[16.503618,43.523999],[16.503532,43.524007],[16.503532,43.524008],[16.503532,43.524017],[16.503543,43.524084],[16.503569,43.524089],[16.503606,43.524089],[16.503606,43.52408],[16.503619,43.52408],[16.503631,43.52408],[16.503631,43.524071],[16.503631,43.524062],[16.503631,43.524044],[16.503631,43.524026],[16.503631,43.524017],[16.503619,43.524017],[16.503619,43.524008],[16.503619,43.523999],[16.503618,43.523999]]]}},{"type":"Feature","properties":{"krov":"ROOF_FLAT","visina":6.5427,"kota_vrha":79.84867969},"geometry":{"type":"Polygon","coordinates":[[[16.505128,43.524067],[16.505128,43.524062],[16.505128,43.524053],[16.505128,43.524044],[16.505128,43.524026],[16.505128,43.524017],[16.505115,43.524017],[16.505115,43.523981],[16.505104,43.523969],[16.505047,43.523981],[16.505041,43.523999],[16.505012,43.52401],[16.505021,43.524041],[16.505029,43.524044],[16.505029,43.524051],[16.505038,43.52405],[16.505038,43.524053],[16.505041,43.524053],[16.505041,43.524062],[16.505054,43.524062],[16.505054,43.524071],[16.505054,43.524075],[16.505128,43.524067]]]}},{"type":"Feature","properties":{"krov":"ROOF_NOT_FLAT","visina":6.8908,"kota_vrha":80.96977969},"geometry":{"type":"Polygon","coordinates":[[[16.505128,43.524067],[16.505054,43.524075],[16.505054,43.52408],[16.505066,43.52408],[16.505066,43.524089],[16.505066,43.524107],[16.505078,43.524107],[16.505132,43.524101],[16.50514,43.52408],[16.50514,43.524071],[16.505128,43.524071],[16.505128,43.524067]]]}},{"type":"Feature","properties":{"krov":"ROOF_NOT_FLAT","visina":13.0423,"kota_vrha":78.59827969},"geometry":{"type":"Polygon","coordinates":[[[16.502913,43.524071],[16.502815,43.524071],[16.502815,43.524098],[16.502815,43.524107],[16.502815,43.524116],[16.502827,43.524116],[16.502839,43.524116],[16.502852,43.524116],[16.502864,43.524116],[16.502876,43.524116],[16.502889,43.524116],[16.502901,43.524116],[16.502913,43.524116],[16.502926,43.524116],[16.502938,43.524116],[16.502951,43.524116],[16.502951,43.524107],[16.502951,43.524098],[16.502951,43.524071],[16.502938,43.524071],[16.502913,43.524071]]]}},{"type":"Feature","properties":{"krov":"ROOF_FLAT","visina":8.7519,"kota_vrha":28.02187969},"geometry":{"type":"Polygon","coordinates":[[[16.48702,43.524059],[16.487019,43.524053],[16.487017,43.524053],[16.487005,43.524053],[16.486997,43.524053],[16.486996,43.524053],[16.486996,43.524056],[16.486997,43.524062],[16.48702,43.524059]]]}},{"type":"Feature","properties":{"krov":"ROOF_FLAT","visina":3.214,"kota_vrha":22.67197969},"geometry":{"type":"Polygon","coordinates":[[[16.487169,43.524044],[16.487166,43.524044],[16.487154,43.524044],[16.487155,43.524045],[16.487169,43.524044]]]}},{"type":"Feature","properties":{"krov":"ROOF_NOT_FLAT","visina":10.9578,"kota_vrha":28.72577969},"geometry":{"type":"Polygon","coordinates":[[[16.487163,43.524098],[16.487162,43.524089],[16.487161,43.524087],[16.487155,43.524045],[16.487154,43.524044],[16.487153,43.524044],[16.487141,43.524044],[16.487129,43.524044],[16.487116,43.524044],[16.487104,43.524044],[16.487091,43.524044],[16.48707,43.524044],[16.487067,43.524044],[16.487067,43.524053],[16.487042,43.524053],[16.48703,43.524053],[16.487019,43.524053],[16.48702,43.524059],[16.487023,43.52408],[16.48703,43.52408],[16.48703,43.524089],[16.487042,43.524089],[16.487042,43.524098],[16.487042,43.524107],[16.487042,43.524116],[16.487042,43.524125],[16.487042,43.524134],[16.487054,43.524134],[16.487067,43.524134],[16.487079,43.524134],[16.487079,43.524125],[16.487091,43.524125],[16.487104,43.524125],[16.487116,43.524125],[16.487153,43.524125],[16.487153,43.524107],[16.487153,43.524098],[16.487163,43.524098]]]}},{"type":"Feature","properties":{"krov":"ROOF_NOT_FLAT","visina":8.6557,"kota_vrha":27.97867969},"geometry":{"type":"Polygon","coordinates":[[[16.487169,43.524044],[16.487155,43.524045],[16.487161,43.524087],[16.487162,43.524089],[16.487163,43.524098],[16.487166,43.524098],[16.487178,43.524098],[16.487178,43.524089],[16.487178,43.52408],[16.487178,43.524071],[16.487178,43.524062],[16.487178,43.524053],[16.487178,43.524044],[16.487169,43.524044]]]}},{"type":"Feature","properties":{"krov":"ROOF_NOT_FLAT","visina":9.2476,"kota_vrha":28.32757969},"geometry":{"type":"MultiPolygon","coordinates":[[[[16.486997,43.524062],[16.487005,43.524062],[16.487017,43.524062],[16.487017,43.524071],[16.487017,43.52408],[16.487023,43.52408],[16.48702,43.524059],[16.486997,43.524062]]],[[[16.486996,43.524056],[16.486925,43.524063],[16.486926,43.52407],[16.486924,43.524071],[16.486931,43.524071],[16.486943,43.524071],[16.486943,43.524062],[16.486955,43.524062],[16.486968,43.524062],[16.48698,43.524062],[16.486992,43.524062],[16.486997,43.524062],[16.486996,43.524056]]],[[[16.486893,43.524073],[16.486893,43.52408],[16.486893,43.524089],[16.4869,43.5241],[16.486906,43.524089],[16.486906,43.52408],[16.486918,43.52408],[16.486918,43.524071],[16.486893,43.524073]]]]}},{"type":"Feature","properties":{"krov":"ROOF_NOT_FLAT","visina":3.9748,"kota_vrha":19.44577969},"geometry":{"type":"Polygon","coordinates":[[[16.489763,43.524152],[16.489763,43.524143],[16.489776,43.524143],[16.489788,43.524143],[16.489801,43.524143],[16.489801,43.524152],[16.489813,43.524152],[16.489813,43.524143],[16.489813,43.524134],[16.489813,43.524125],[16.489801,43.524125],[16.489801,43.524116],[16.489801,43.524107],[16.489788,43.524107],[16.489776,43.524107],[16.489776,43.524116],[16.489763,43.524116],[16.489751,43.524116],[16.489751,43.524125],[16.489751,43.524134],[16.489751,43.524143],[16.489751,43.524151],[16.489752,43.524152],[16.489763,43.524152]]]}},{"type":"Feature","properties":{"krov":"ROOF_NOT_FLAT","visina":13.0423,"kota_vrha":78.59827969},"geometry":{"type":"Polygon","coordinates":[[[16.502885,43.524154],[16.502889,43.524143],[16.502874,43.524146],[16.502885,43.524154]]]}},{"type":"Feature","properties":{"krov":"ROOF_NOT_FLAT","visina":3.9748,"kota_vrha":19.44577969},"geometry":{"type":"Polygon","coordinates":[[[16.489763,43.524152],[16.489763,43.524161],[16.489776,43.524161],[16.489776,43.524152],[16.489763,43.524152]]]}},{"type":"Feature","properties":{"krov":"ROOF_NOT_FLAT","visina":4.3107,"kota_vrha":62.19067969},"geometry":{"type":"Polygon","coordinates":[[[16.500452,43.524179],[16.500445,43.524158],[16.500397,43.524171],[16.50039,43.524179],[16.50039,43.524188],[16.500402,43.524188],[16.500415,43.524188],[16.500427,43.524188],[16.500439,43.524188],[16.500452,43.524188],[16.500452,43.524179]]]}},{"type":"Feature","properties":{"krov":"ROOF_FLAT","visina":9.775,"kota_vrha":82.87997969},"geometry":{"type":"Polygon","coordinates":[[[16.50587,43.524186],[16.505827,43.524185],[16.505826,43.524197],[16.505833,43.524197],[16.505845,43.524197],[16.505845,43.524206],[16.505882,43.524206],[16.505882,43.524197],[16.505882,43.524188],[16.50587,43.524188],[16.50587,43.524186]]]}},{"type":"Feature","properties":{"krov":"ROOF_FLAT","visina":7.5243,"kota_vrha":80.27527969},"geometry":{"type":"Polygon","coordinates":[[[16.50587,43.524186],[16.50587,43.524179],[16.50587,43.52417],[16.50587,43.524161],[16.50587,43.524152],[16.505882,43.524152],[16.505895,43.524152],[16.505907,43.524152],[16.505907,43.524143],[16.505907,43.524137],[16.505892,43.524136],[16.505892,43.524134],[16.505882,43.524134],[16.505882,43.524125],[16.505882,43.524119],[16.505882,43.524119],[16.505882,43.524116],[16.50587,43.524116],[16.50587,43.524098],[16.505858,43.524098],[16.505858,43.524089],[16.505833,43.524089],[16.505821,43.524089],[16.505808,43.524089],[16.505796,43.524089],[16.505796,43.524098],[16.505796,43.524107],[16.505796,43.524116],[16.505796,43.524125],[16.505796,43.524134],[16.505796,43.524143],[16.505796,43.524152],[16.505796,43.524161],[16.505796,43.52417],[16.505796,43.524179],[16.505783,43.524179],[16.505783,43.524188],[16.505783,43.524197],[16.505796,43.524197],[16.505796,43.524188],[16.505808,43.524188],[16.505821,43.524188],[16.505821,43.524197],[16.505826,43.524197],[16.505827,43.524185],[16.50587,43.524186]]]}},{"type":"Feature","properties":{"krov":"ROOF_FLAT","visina":2.2045,"kota_vrha":44.94047969},"geometry":{"type":"Polygon","coordinates":[[[16.498502,43.524212],[16.49851,43.524179],[16.498456,43.524186],[16.498451,43.52421],[16.498496,43.524215],[16.498502,43.524212]]]}},{"type":"Feature","properties":{"krov":"ROOF_FLAT","visina":1.5185,"kota_vrha":19.66747969},"geometry":{"type":"Polygon","coordinates":[[[16.487351,43.524205],[16.487328,43.524206],[16.487328,43.524215],[16.487339,43.524215],[16.487351,43.524215],[16.487351,43.524206],[16.487351,43.524205]]]}},{"type":"Feature","properties":{"krov":"ROOF_NOT_FLAT","visina":1.9862,"kota_vrha":20.10517969},"geometry":{"type":"Polygon","coordinates":[[[16.487328,43.524206],[16.487351,43.524205],[16.487351,43.524197],[16.487351,43.524179],[16.487339,43.524179],[16.487326,43.524179],[16.487314,43.524179],[16.487302,43.524179],[16.487302,43.524188],[16.487302,43.524197],[16.487314,43.524197],[16.487314,43.524206],[16.487326,43.524206],[16.487326,43.524206],[16.487328,43.524206]]]}},{"type":"Feature","properties":{"krov":"ROOF_FLAT","visina":4.2809,"kota_vrha":71.34087969},"geometry":{"type":"Polygon","coordinates":[[[16.502839,43.524215],[16.502827,43.524215],[16.502827,43.524224],[16.502839,43.524224],[16.502852,43.524224],[16.502864,43.524224],[16.502876,43.524224],[16.502876,43.524215],[16.502864,43.524215],[16.502852,43.524215],[16.502839,43.524215]]]}},{"type":"Feature","properties":{"krov":"ROOF_NOT_FLAT","visina":11.538,"kota_vrha":83.92597969},"geometry":{"type":"Polygon","coordinates":[[[16.505697,43.524119],[16.505671,43.524119],[16.505647,43.524119],[16.505647,43.524161],[16.505647,43.524188],[16.505647,43.524197],[16.50566,43.524197],[16.50566,43.524206],[16.505665,43.524206],[16.505665,43.524206],[16.505672,43.524206],[16.505672,43.524215],[16.505672,43.524224],[16.505685,43.524224],[16.505697,43.524224],[16.505709,43.524224],[16.505746,43.524224],[16.505746,43.524143],[16.505746,43.524134],[16.505734,43.524134],[16.505709,43.524125],[16.505697,43.524125],[16.505697,43.524119]]]}},{"type":"Feature","properties":{"krov":"ROOF_NOT_FLAT","visina":9.7441,"kota_vrha":83.30807969},"geometry":{"type":"Polygon","coordinates":[[[16.505647,43.524119],[16.505671,43.524119],[16.505697,43.524119],[16.505697,43.524107],[16.505672,43.524107],[16.50566,43.524107],[16.505647,43.524107],[16.505647,43.524116],[16.505647,43.524119]]]}},{"type":"Feature","properties":{"krov":"ROOF_FLAT","visina":2.8483,"kota_vrha":76.79127969},"geometry":{"type":"Polygon","coordinates":[[[16.506105,43.524197],[16.506093,43.524197],[16.506075,43.524206],[16.506093,43.524215],[16.506105,43.524215],[16.506105,43.524224],[16.506117,43.524224],[16.50613,43.524224],[16.50613,43.524215],[16.50613,43.524206],[16.506117,43.524206],[16.506117,43.524197],[16.506105,43.524197]]]}},{"type":"Feature","properties":{"krov":"ROOF_NOT_FLAT","visina":3.3176,"kota_vrha":61.02657969},"geometry":{"type":"Polygon","coordinates":[[[16.500353,43.524215],[16.50034,43.524215],[16.500325,43.52422],[16.50034,43.524224],[16.50034,43.524233],[16.50034,43.524242],[16.500353,43.524242],[16.500353,43.524233],[16.500353,43.524224],[16.500353,43.524215]]]}},{"type":"Feature","properties":{"krov":"ROOF_FLAT","visina":7.5243,"kota_vrha":80.27527969},"geometry":{"type":"Polygon","coordinates":[[[16.505796,43.524215],[16.505783,43.524215],[16.505783,43.524224],[16.505783,43.524233],[16.505783,43.524242],[16.505783,43.524251],[16.505796,43.524251],[16.505808,43.524251],[16.505821,43.524251],[16.505833,43.524251],[16.505845,43.524251],[16.505858,43.524251],[16.50587,43.524251],[16.505882,43.524251],[16.505895,43.524251],[16.505895,43.524242],[16.505895,43.524233],[16.505882,43.524233],[16.50587,43.524233],[16.505858,43.524233],[16.505845,43.524233],[16.505833,43.524233],[16.505821,43.524233],[16.505821,43.524224],[16.505808,43.524224],[16.505808,43.524215],[16.505796,43.524215]]]}},{"type":"Feature","properties":{"krov":"ROOF_FLAT","visina":9.303,"kota_vrha":73.99097969},"geometry":{"type":"Polygon","coordinates":[[[16.502501,43.524233],[16.502542,43.524224],[16.502592,43.524224],[16.502592,43.524134],[16.502545,43.524134],[16.502545,43.524136],[16.50253,43.524137],[16.50253,43.524143],[16.502424,43.524157],[16.502424,43.524173],[16.502416,43.524173],[16.502433,43.524265],[16.502487,43.524256],[16.502501,43.524233]]]}},{"type":"Feature","properties":{"krov":"ROOF_NOT_FLAT","visina":3.2303,"kota_vrha":25.46927969},"geometry":{"type":"Polygon","coordinates":[[[16.492782,43.52426],[16.49277,43.52426],[16.492754,43.524265],[16.49277,43.524269],[16.492782,43.524269],[16.492794,43.524269],[16.492807,43.524269],[16.492822,43.524265],[16.492807,43.52426],[16.492794,43.52426],[16.492782,43.52426]]]}},{"type":"Feature","properties":{"krov":"ROOF_NOT_FLAT","visina":10.1216,"kota_vrha":82.73457969},"geometry":{"type":"Polygon","coordinates":[[[16.505492,43.524224],[16.505491,43.524271],[16.505491,43.524278],[16.505499,43.524278],[16.505511,43.524278],[16.505524,43.524278],[16.505524,43.524269],[16.505524,43.52426],[16.505524,43.524251],[16.505524,43.524242],[16.505524,43.524233],[16.505511,43.524233],[16.505499,43.524233],[16.505499,43.524224],[16.505492,43.524224]]]}},{"type":"Feature","properties":{"krov":"ROOF_NOT_FLAT","visina":10.7232,"kota_vrha":83.29017969},"geometry":{"type":"Polygon","coordinates":[[[16.505492,43.524224],[16.505487,43.524224],[16.505474,43.524224],[16.505462,43.524224],[16.505449,43.524224],[16.505445,43.524224],[16.505444,43.524259],[16.505444,43.524265],[16.505444,43.524269],[16.505449,43.524269],[16.505462,43.524269],[16.505462,43.524278],[16.505474,43.524278],[16.505487,43.524278],[16.505491,43.524278],[16.505491,43.524271],[16.505492,43.524224]]]}},{"type":"Feature","properties":{"krov":"ROOF_NOT_FLAT","visina":9.711,"kota_vrha":82.16797969},"geometry":{"type":"Polygon","coordinates":[[[16.505444,43.524269],[16.505444,43.524265],[16.505437,43.524265],[16.505437,43.524269],[16.505444,43.524269]]]}},{"type":"Feature","properties":{"krov":"ROOF_NOT_FLAT","visina":10.2852,"kota_vrha":82.76617969},"geometry":{"type":"Polygon","coordinates":[[[16.505445,43.524224],[16.505437,43.524224],[16.505425,43.524224],[16.505412,43.524224],[16.5054,43.524224],[16.5054,43.524233],[16.5054,43.524242],[16.5054,43.524251],[16.5054,43.52426],[16.505412,43.52426],[16.505425,43.52426],[16.505437,43.52426],[16.505437,43.524265],[16.505444,43.524265],[16.505444,43.524259],[16.505445,43.524224]]]}},{"type":"Feature","properties":{"krov":"ROOF_NOT_FLAT","visina":4.416,"kota_vrha":77.04097969},"geometry":{"type":"Polygon","coordinates":[[[16.505685,43.524296],[16.505685,43.524287],[16.505669,43.524292],[16.505685,43.524296]]]}},{"type":"Feature","properties":{"krov":"ROOF_NOT_FLAT","visina":3.2337,"kota_vrha":26.81267969},"geometry":{"type":"Polygon","coordinates":[[[16.494149,43.524287],[16.494155,43.524305],[16.494155,43.524296],[16.494155,43.524287],[16.494149,43.524287]]]}},{"type":"Feature","properties":{"krov":"ROOF_NOT_FLAT","visina":4.0064,"kota_vrha":27.48037969},"geometry":{"type":"Polygon","coordinates":[[[16.494149,43.524287],[16.494143,43.524287],[16.49413,43.524287],[16.49413,43.524296],[16.494143,43.524296],[16.494143,43.524305],[16.494155,43.524305],[16.494149,43.524287]]]}},{"type":"Feature","properties":{"krov":"ROOF_FLAT","visina":2.9953,"kota_vrha":66.15527969},"geometry":{"type":"Polygon","coordinates":[[[16.501719,43.524275],[16.501708,43.524237],[16.501676,43.524242],[16.501646,43.524248],[16.501659,43.5243],[16.501701,43.524305],[16.501764,43.524294],[16.501719,43.524275]]]}},{"type":"Feature","properties":{"krov":"ROOF_NOT_FLAT","visina":10.1216,"kota_vrha":82.73457969},"geometry":{"type":"Polygon","coordinates":[[[16.505511,43.524296],[16.505505,43.524285],[16.505499,43.524296],[16.505499,43.524305],[16.505511,43.524305],[16.505524,43.524305],[16.505524,43.524296],[16.505511,43.524296]]]}},{"type":"Feature","properties":{"krov":"ROOF_NOT_FLAT","visina":8.0706,"kota_vrha":77.23757969},"geometry":{"type":"Polygon","coordinates":[[[16.503767,43.524314],[16.503767,43.524305],[16.503779,43.524305],[16.503792,43.524305],[16.503804,43.524305],[16.503817,43.524305],[16.503829,43.524305],[16.503841,43.524305],[16.503841,43.524296],[16.503854,43.524296],[16.503866,43.524296],[16.503866,43.524287],[16.503854,43.524287],[16.503854,43.524278],[16.503848,43.524258],[16.503817,43.524269],[16.503804,43.524269],[16.503804,43.52426],[16.5038,43.52426],[16.503794,43.524261],[16.503793,43.52426],[16.503792,43.52426],[16.503731,43.524266],[16.503725,43.524272],[16.503725,43.524272],[16.503724,43.524272],[16.503718,43.524278],[16.503718,43.524296],[16.503718,43.524305],[16.503718,43.524314],[16.50373,43.524314],[16.503742,43.524314],[16.503755,43.524314],[16.503767,43.524314]]]}},{"type":"Feature","properties":{"krov":"ROOF_NOT_FLAT","visina":10.7232,"kota_vrha":83.29017969},"geometry":{"type":"MultiPolygon","coordinates":[[[[16.505449,43.524298],[16.505449,43.524296],[16.505449,43.524287],[16.505444,43.524287],[16.505443,43.524298],[16.505447,43.524298],[16.505449,43.524298]]],[[[16.50545,43.524305],[16.50545,43.524314],[16.505462,43.524314],[16.505478,43.52431],[16.505462,43.524305],[16.50545,43.524305]]]]}},{"type":"Feature","properties":{"krov":"ROOF_NOT_FLAT","visina":9.711,"kota_vrha":82.16797969},"geometry":{"type":"Polygon","coordinates":[[[16.50545,43.524305],[16.505449,43.524305],[16.505449,43.524298],[16.505447,43.524298],[16.505443,43.524298],[16.505444,43.524287],[16.505437,43.524287],[16.505437,43.524278],[16.505425,43.524278],[16.505412,43.524278],[16.5054,43.524278],[16.5054,43.524287],[16.5054,43.524296],[16.505412,43.524296],[16.505412,43.524305],[16.505425,43.524305],[16.505437,43.524305],[16.505437,43.524314],[16.505449,43.524314],[16.50545,43.524314],[16.50545,43.524305]]]}},{"type":"Feature","properties":{"krov":"ROOF_FLAT","visina":6.2704,"kota_vrha":78.20437969},"geometry":{"type":"Polygon","coordinates":[[[16.504929,43.524233],[16.504929,43.524242],[16.50493,43.524242],[16.504942,43.524242],[16.504942,43.524251],[16.504942,43.52426],[16.504942,43.524269],[16.504942,43.524278],[16.50493,43.524278],[16.504918,43.524278],[16.504905,43.524278],[16.504905,43.524287],[16.504905,43.524296],[16.504905,43.524305],[16.504905,43.524323],[16.50493,43.524323],[16.504942,43.524323],[16.504955,43.524323],[16.504967,43.524323],[16.504979,43.524323],[16.505004,43.524323],[16.505017,43.524323],[16.505017,43.524269],[16.505017,43.524233],[16.504992,43.524233],[16.504979,43.524233],[16.504967,43.524233],[16.504955,43.524233],[16.504942,43.524233],[16.50493,43.524233],[16.504929,43.524233]]]}},{"type":"Feature","properties":{"krov":"ROOF_FLAT","visina":7.5036,"kota_vrha":79.56857969},"geometry":{"type":"Polygon","coordinates":[[[16.504929,43.524242],[16.504929,43.524233],[16.504918,43.524233],[16.504905,43.524233],[16.504905,43.524242],[16.504905,43.52426],[16.504918,43.52426],[16.504918,43.524242],[16.504929,43.524242]]]}},{"type":"Feature","properties":{"krov":"ROOF_NOT_FLAT","visina":3.2183,"kota_vrha":24.81227969},"geometry":{"type":"Polygon","coordinates":[[[16.492199,43.524269],[16.492205,43.524287],[16.492213,43.524287],[16.492213,43.524296],[16.492213,43.524305],[16.492212,43.524305],[16.492216,43.524314],[16.492225,43.524314],[16.49225,43.524314],[16.49225,43.524305],[16.492262,43.524305],[16.492275,43.524305],[16.492287,43.524305],[16.492287,43.524296],[16.492287,43.52426],[16.492275,43.52426],[16.492269,43.524249],[16.492262,43.52426],[16.49225,43.52426],[16.492238,43.52426],[16.492225,43.52426],[16.492225,43.524269],[16.492213,43.524269],[16.4922,43.524269],[16.492199,43.524269]]]}},{"type":"Feature","properties":{"krov":"ROOF_NOT_FLAT","visina":2.2606,"kota_vrha":23.76657969},"geometry":{"type":"Polygon","coordinates":[[[16.492216,43.524314],[16.492212,43.524305],[16.4922,43.524305],[16.4922,43.524296],[16.4922,43.524287],[16.492205,43.524287],[16.492199,43.524269],[16.492188,43.524269],[16.492188,43.524278],[16.492176,43.524278],[16.492176,43.524305],[16.492188,43.524305],[16.492188,43.524314],[16.492194,43.524326],[16.4922,43.524314],[16.492213,43.524314],[16.492216,43.524314]]]}},{"type":"Feature","properties":{"krov":"ROOF_NOT_FLAT","visina":9.3535,"kota_vrha":81.65647969},"geometry":{"type":"Polygon","coordinates":[[[16.505239,43.52429],[16.505227,43.52429],[16.505177,43.52429],[16.505177,43.524296],[16.505177,43.524314],[16.505177,43.524323],[16.505177,43.524332],[16.50519,43.524332],[16.505202,43.524332],[16.505214,43.524332],[16.505227,43.524332],[16.505239,43.524332],[16.505252,43.524332],[16.505264,43.524332],[16.505276,43.524332],[16.505276,43.524305],[16.505276,43.524296],[16.505264,43.524296],[16.505252,43.524296],[16.505239,43.524296],[16.505239,43.52429]]]}},{"type":"Feature","properties":{"krov":"ROOF_NOT_FLAT","visina":9.1465,"kota_vrha":81.65647969},"geometry":{"type":"Polygon","coordinates":[[[16.505239,43.52429],[16.505239,43.524287],[16.505252,43.524287],[16.505252,43.524278],[16.505264,43.524278],[16.505276,43.524278],[16.505289,43.524278],[16.505289,43.524269],[16.505289,43.524263],[16.505281,43.524263],[16.505225,43.524263],[16.505177,43.524263],[16.505177,43.524269],[16.505177,43.524278],[16.505177,43.524287],[16.505177,43.52429],[16.505227,43.52429],[16.505239,43.52429]]]}},{"type":"Feature","properties":{"krov":"ROOF_NOT_FLAT","visina":9.1597,"kota_vrha":81.70467969},"geometry":{"type":"Polygon","coordinates":[[[16.505281,43.524263],[16.505281,43.524251],[16.505276,43.524251],[16.505264,43.524251],[16.505264,43.524242],[16.505264,43.524233],[16.505264,43.524224],[16.505252,43.524224],[16.505239,43.524224],[16.505227,43.524224],[16.505214,43.524224],[16.505202,43.524224],[16.50519,43.524224],[16.505177,43.524224],[16.505177,43.524251],[16.505177,43.52426],[16.505177,43.524263],[16.505225,43.524263],[16.505281,43.524263]]]}},{"type":"Feature","properties":{"krov":"ROOF_NOT_FLAT","visina":6.1614,"kota_vrha":78.77837969},"geometry":{"type":"Polygon","coordinates":[[[16.505289,43.524263],[16.505289,43.52426],[16.505289,43.524251],[16.505281,43.524251],[16.505281,43.524263],[16.505289,43.524263]]]}},{"type":"Feature","properties":{"krov":"ROOF_FLAT","visina":5.7712,"kota_vrha":42.22717969},"geometry":{"type":"Polygon","coordinates":[[[16.497256,43.524339],[16.49726,43.524332],[16.497276,43.524332],[16.497285,43.524329],[16.497285,43.524323],[16.4973,43.524323],[16.49731,43.52432],[16.49731,43.524314],[16.497325,43.524314],[16.497334,43.524311],[16.497334,43.524305],[16.497355,43.524302],[16.497503,43.524248],[16.497507,43.524242],[16.497554,43.524231],[16.497583,43.524221],[16.497715,43.524169],[16.497563,43.523968],[16.497483,43.523855],[16.497483,43.523846],[16.49747,43.523846],[16.497466,43.523831],[16.497433,43.523783],[16.497433,43.523774],[16.497421,43.523774],[16.497392,43.523732],[16.497384,43.523729],[16.497384,43.523711],[16.497371,43.523711],[16.497367,43.523696],[16.497359,43.523684],[16.497359,43.523675],[16.497347,43.523675],[16.497322,43.523675],[16.497297,43.523675],[16.497297,43.523684],[16.497168,43.523693],[16.497448,43.524082],[16.497458,43.524089],[16.497458,43.524098],[16.497458,43.524104],[16.49746,43.524107],[16.49747,43.524107],[16.49747,43.524121],[16.497473,43.524125],[16.497483,43.524125],[16.497483,43.524134],[16.497483,43.524139],[16.497491,43.52415],[16.497483,43.524153],[16.497483,43.524161],[16.497462,43.524164],[16.497264,43.524236],[16.49726,43.524242],[16.497221,43.52425],[16.497211,43.52426],[16.497185,43.524272],[16.497189,43.524277],[16.497211,43.524287],[16.497215,43.524302],[16.497223,43.524314],[16.497223,43.524323],[16.497235,43.524323],[16.497235,43.524332],[16.497248,43.524332],[16.497252,43.524341],[16.497256,43.524339]]]}},{"type":"Feature","properties":{"krov":"ROOF_FLAT","visina":5.8265,"kota_vrha":22.93747969},"geometry":{"type":"Polygon","coordinates":[[[16.490097,43.524359],[16.490097,43.52435],[16.490085,43.52435],[16.490085,43.524341],[16.490073,43.524341],[16.49006,43.524341],[16.49006,43.52435],[16.49006,43.52435],[16.490073,43.52435],[16.490073,43.524359],[16.490085,43.524359],[16.490097,43.524359]]]}},{"type":"Feature","properties":{"krov":"ROOF_NOT_FLAT","visina":1.7325,"kota_vrha":19.62947969},"geometry":{"type":"Polygon","coordinates":[[[16.490609,43.524307],[16.490617,43.524327],[16.490617,43.524323],[16.490617,43.524314],[16.490617,43.524306],[16.490609,43.524307]]]}},{"type":"Feature","properties":{"krov":"ROOF_NOT_FLAT","visina":2.3026,"kota_vrha":20.58557969},"geometry":{"type":"Polygon","coordinates":[[[16.490587,43.524347],[16.490555,43.524354],[16.490555,43.524359],[16.490568,43.524359],[16.49058,43.524359],[16.49058,43.52435],[16.490588,43.52435],[16.490587,43.524347]]]}},{"type":"Feature","properties":{"krov":"ROOF_NOT_FLAT","visina":2.8596,"kota_vrha":20.58557969},"geometry":{"type":"Polygon","coordinates":[[[16.490587,43.524347],[16.490592,43.524346],[16.490592,43.524341],[16.490605,43.524341],[16.490617,43.524341],[16.490617,43.524332],[16.490617,43.524327],[16.490609,43.524307],[16.490608,43.524305],[16.490605,43.524305],[16.490592,43.524305],[16.490568,43.524314],[16.490543,43.524314],[16.490543,43.524332],[16.490543,43.524341],[16.490543,43.52435],[16.490555,43.52435],[16.490555,43.524354],[16.490587,43.524347]]]}},{"type":"Feature","properties":{"krov":"ROOF_NOT_FLAT","visina":8.4986,"kota_vrha":76.99857969},"geometry":{"type":"Polygon","coordinates":[[[16.503507,43.524311],[16.50347,43.524315],[16.503458,43.524316],[16.503458,43.524323],[16.503445,43.524323],[16.503445,43.524332],[16.503433,43.524332],[16.503421,43.524332],[16.503412,43.524332],[16.503408,43.524333],[16.503408,43.524341],[16.503408,43.52435],[16.503408,43.524359],[16.503421,43.524359],[16.503421,43.524368],[16.503445,43.524368],[16.503458,43.524368],[16.503458,43.524377],[16.503458,43.524386],[16.50347,43.524386],[16.50347,43.524377],[16.50347,43.524368],[16.503483,43.524368],[16.503495,43.524368],[16.503495,43.524359],[16.503495,43.52435],[16.503507,43.52435],[16.503507,43.524341],[16.50352,43.524341],[16.50352,43.524332],[16.50352,43.524323],[16.503507,43.524323],[16.503495,43.524323],[16.503495,43.524314],[16.503507,43.524314],[16.503507,43.524311]]]}},{"type":"Feature","properties":{"krov":"ROOF_NOT_FLAT","visina":8.1579,"kota_vrha":77.01587969},"geometry":{"type":"Polygon","coordinates":[[[16.503507,43.524311],[16.503507,43.524305],[16.503507,43.524278],[16.503495,43.524278],[16.50347,43.524278],[16.50347,43.524287],[16.503458,43.524287],[16.503445,43.524287],[16.503445,43.524278],[16.503433,43.524278],[16.503421,43.524278],[16.503421,43.524269],[16.503408,43.524269],[16.503396,43.524269],[16.503396,43.524278],[16.503396,43.524287],[16.503396,43.524296],[16.503408,43.524296],[16.503408,43.524305],[16.503433,43.524305],[16.503433,43.524314],[16.503445,43.524314],[16.503458,43.524314],[16.503458,43.524316],[16.50347,43.524315],[16.503507,43.524311]]]}},{"type":"Feature","properties":{"krov":"ROOF_NOT_FLAT","visina":10.6629,"kota_vrha":84.14187969},"geometry":{"type":"Polygon","coordinates":[[[16.506035,43.524315],[16.506037,43.524322],[16.50602,43.524368],[16.506019,43.524369],[16.506019,43.524377],[16.506019,43.524386],[16.506019,43.524395],[16.506031,43.524395],[16.506031,43.524386],[16.506043,43.524386],[16.506056,43.524386],[16.506068,43.524386],[16.50608,43.524386],[16.506093,43.524386],[16.506093,43.524368],[16.506093,43.524359],[16.506105,43.524359],[16.506105,43.52435],[16.506118,43.52435],[16.506118,43.524341],[16.506118,43.524332],[16.506118,43.524323],[16.506105,43.524323],[16.506093,43.524323],[16.506068,43.524314],[16.506056,43.524314],[16.506043,43.524314],[16.506036,43.524314],[16.506035,43.524315]]]}},{"type":"Feature","properties":{"krov":"ROOF_NOT_FLAT","visina":9.7116,"kota_vrha":83.23857969},"geometry":{"type":"Polygon","coordinates":[[[16.506035,43.524315],[16.506031,43.524315],[16.506031,43.524323],[16.506019,43.524323],[16.506006,43.524323],[16.506006,43.524332],[16.506006,43.524341],[16.506006,43.52435],[16.506006,43.524359],[16.506006,43.524368],[16.506019,43.524368],[16.506019,43.524369],[16.50602,43.524368],[16.506037,43.524322],[16.506035,43.524315]]]}},{"type":"Feature","properties":{"krov":"ROOF_NOT_FLAT","visina":9.3445,"kota_vrha":26.32647969},"geometry":{"type":"Polygon","coordinates":[[[16.490172,43.524395],[16.490159,43.524395],[16.490159,43.524404],[16.490166,43.524404],[16.490172,43.524402],[16.490172,43.524395]]]}},{"type":"Feature","properties":{"krov":"ROOF_FLAT","visina":5.8205,"kota_vrha":22.93747969},"geometry":{"type":"MultiPolygon","coordinates":[[[[16.490115,43.524323],[16.490122,43.524333],[16.490122,43.524332],[16.490122,43.524323],[16.490115,43.524323]]],[[[16.490132,43.524341],[16.490127,43.524341],[16.490128,43.524343],[16.490132,43.524341]]]]}},{"type":"Feature","properties":{"krov":"ROOF_FLAT","visina":5.8265,"kota_vrha":22.93747969},"geometry":{"type":"MultiPolygon","coordinates":[[[[16.490101,43.524341],[16.490097,43.524336],[16.490097,43.524341],[16.490101,43.524341]]],[[[16.490099,43.524359],[16.490097,43.524359],[16.490097,43.52436],[16.490099,43.524359]]]]}},{"type":"Feature","properties":{"krov":"ROOF_FLAT","visina":3.0966,"kota_vrha":19.84457969},"geometry":{"type":"MultiPolygon","coordinates":[[[[16.490268,43.524278],[16.490258,43.524278],[16.490258,43.524282],[16.490268,43.524278]]],[[[16.490246,43.524286],[16.490246,43.524278],[16.490234,43.524278],[16.490234,43.524287],[16.490234,43.52429],[16.490246,43.524286]]],[[[16.490221,43.524295],[16.490221,43.524287],[16.490209,43.524287],[16.490209,43.524296],[16.490209,43.524299],[16.490221,43.524295]]],[[[16.490159,43.5243],[16.490166,43.524298],[16.490172,43.524306],[16.490172,43.524305],[16.490172,43.524298],[16.490172,43.524298],[16.49017,43.524296],[16.490159,43.524296],[16.490159,43.5243]]]]}},{"type":"Feature","properties":{"krov":"ROOF_FLAT","visina":6.0629,"kota_vrha":23.08687969},"geometry":{"type":"Polygon","coordinates":[[[16.490268,43.524278],[16.490258,43.524282],[16.490258,43.524287],[16.490246,43.524287],[16.490246,43.524286],[16.490234,43.52429],[16.490234,43.524296],[16.490221,43.524296],[16.490221,43.524295],[16.490209,43.524299],[16.490209,43.524305],[16.490196,43.524305],[16.490196,43.524314],[16.490184,43.524314],[16.490177,43.524314],[16.490184,43.524325],[16.490184,43.524323],[16.490196,43.524323],[16.490196,43.524332],[16.490209,43.524332],[16.490221,43.524332],[16.490221,43.524341],[16.490205,43.524346],[16.490221,43.52435],[16.490234,43.52435],[16.490234,43.524359],[16.490221,43.524359],[16.490221,43.524368],[16.490221,43.524377],[16.490233,43.524377],[16.490233,43.524377],[16.490233,43.524377],[16.490234,43.524377],[16.490246,43.524377],[16.490246,43.524386],[16.490246,43.524395],[16.490246,43.524395],[16.490258,43.524395],[16.490258,43.524404],[16.490271,43.524404],[16.490275,43.524413],[16.490279,43.524411],[16.490283,43.524404],[16.490295,43.524404],[16.490299,43.524404],[16.490308,43.524401],[16.490308,43.524395],[16.49032,43.524395],[16.490325,43.524395],[16.490332,43.524392],[16.490332,43.524368],[16.49032,43.524368],[16.49032,43.52435],[16.490308,43.52435],[16.490308,43.524341],[16.490308,43.524332],[16.490295,43.524332],[16.490295,43.524323],[16.490295,43.524314],[16.490283,43.524314],[16.490283,43.524305],[16.490283,43.524296],[16.490271,43.524296],[16.490271,43.524287],[16.490271,43.524278],[16.490268,43.524278]]]}},{"type":"Feature","properties":{"krov":"ROOF_NOT_FLAT","visina":9.3445,"kota_vrha":26.32647969},"geometry":{"type":"Polygon","coordinates":[[[16.490184,43.524325],[16.490177,43.524314],[16.490172,43.524314],[16.490172,43.524306],[16.490166,43.524298],[16.490159,43.5243],[16.490159,43.524305],[16.490147,43.524305],[16.490147,43.524314],[16.490147,43.524323],[16.490147,43.524332],[16.490147,43.524341],[16.490135,43.524341],[16.490132,43.524341],[16.490128,43.524343],[16.490127,43.524341],[16.490122,43.524341],[16.490122,43.524333],[16.490115,43.524323],[16.49011,43.524323],[16.490097,43.524323],[16.490097,43.524332],[16.490097,43.524336],[16.490101,43.524341],[16.49011,43.524341],[16.49011,43.52435],[16.49011,43.524359],[16.490099,43.524359],[16.490097,43.52436],[16.490097,43.524368],[16.49011,43.524368],[16.490122,43.524368],[16.490135,43.524368],[16.490147,43.524368],[16.490147,43.524359],[16.490159,43.524359],[16.490172,43.524359],[16.490172,43.52435],[16.490184,43.52435],[16.490184,43.524341],[16.490184,43.524332],[16.490184,43.524325]]]}},{"type":"Feature","properties":{"krov":"ROOF_FLAT","visina":6.6858,"kota_vrha":79.06977969},"geometry":{"type":"Polygon","coordinates":[[[16.505845,43.524377],[16.505846,43.524373],[16.505841,43.524372],[16.505845,43.524352],[16.505845,43.52435],[16.505833,43.52435],[16.505821,43.52435],[16.505796,43.52435],[16.505783,43.52435],[16.505771,43.52435],[16.505731,43.524339],[16.505709,43.524377],[16.505709,43.524386],[16.505709,43.524395],[16.50571,43.524395],[16.505722,43.524395],[16.505722,43.524396],[16.505722,43.524396],[16.505722,43.524397],[16.505722,43.524404],[16.505734,43.524404],[16.505734,43.524413],[16.505746,43.524413],[16.505759,43.524413],[16.505759,43.524422],[16.505771,43.524422],[16.505784,43.524422],[16.505796,43.524422],[16.505796,43.524413],[16.505808,43.524413],[16.505821,43.524413],[16.505833,43.524413],[16.505833,43.524404],[16.505833,43.524395],[16.505833,43.524386],[16.505833,43.524377],[16.505845,43.524377]]]}},{"type":"Feature","properties":{"krov":"ROOF_NOT_FLAT","visina":8.4195,"kota_vrha":81.00547969},"geometry":{"type":"Polygon","coordinates":[[[16.505845,43.524352],[16.505841,43.524372],[16.505846,43.524373],[16.505845,43.524377],[16.505845,43.524377],[16.505845,43.524386],[16.505858,43.524386],[16.50587,43.524386],[16.50587,43.524377],[16.50587,43.524368],[16.50587,43.524359],[16.505858,43.524359],[16.505845,43.524359],[16.505845,43.524352]]]}},{"type":"Feature","properties":{"krov":"ROOF_NOT_FLAT","visina":10.6629,"kota_vrha":84.14187969},"geometry":{"type":"Polygon","coordinates":[[[16.506068,43.524413],[16.506056,43.524413],[16.506056,43.524422],[16.506068,43.524422],[16.506068,43.524413]]]}},{"type":"Feature","properties":{"krov":"ROOF_FLAT","visina":6.1075,"kota_vrha":77.70247969},"geometry":{"type":"Polygon","coordinates":[[[16.504695,43.524359],[16.504683,43.524359],[16.504683,43.524368],[16.50467,43.524368],[16.504658,43.524368],[16.504654,43.524368],[16.504654,43.524375],[16.504676,43.524373],[16.504692,43.524372],[16.504696,43.524372],[16.504695,43.524359]]]}},{"type":"Feature","properties":{"krov":"ROOF_NOT_FLAT","visina":11.0146,"kota_vrha":81.80257969},"geometry":{"type":"Polygon","coordinates":[[[16.504695,43.524359],[16.504696,43.524372],[16.504692,43.524372],[16.504676,43.524373],[16.504654,43.524375],[16.504654,43.524368],[16.504645,43.524368],[16.504633,43.524368],[16.504621,43.524368],[16.504605,43.524373],[16.504621,43.524377],[16.504621,43.524386],[16.504621,43.524395],[16.504621,43.524404],[16.504608,43.524404],[16.504608,43.524413],[16.504606,43.524413],[16.504607,43.524422],[16.504608,43.524422],[16.504621,43.524422],[16.504627,43.524434],[16.504633,43.524422],[16.504645,43.524422],[16.504658,43.524422],[16.50467,43.524422],[16.504683,43.524422],[16.504695,43.524422],[16.504707,43.524422],[16.50472,43.524422],[16.504732,43.524422],[16.504732,43.524413],[16.504732,43.524404],[16.504732,43.524395],[16.504732,43.524386],[16.504732,43.524377],[16.504732,43.524368],[16.504732,43.524359],[16.50472,43.524359],[16.504707,43.524359],[16.504695,43.524359],[16.504695,43.524359]]]}},{"type":"Feature","properties":{"krov":"ROOF_NOT_FLAT","visina":9.85,"kota_vrha":80.70297969},"geometry":{"type":"Polygon","coordinates":[[[16.504606,43.524413],[16.504596,43.524413],[16.504596,43.524422],[16.504607,43.524422],[16.504606,43.524413]]]}},{"type":"Feature","properties":{"krov":"ROOF_NOT_FLAT","visina":3.6579,"kota_vrha":75.61987969},"geometry":{"type":"Polygon","coordinates":[[[16.505511,43.524417],[16.505511,43.524413],[16.505511,43.524404],[16.505511,43.524395],[16.505499,43.524395],[16.505487,43.524395],[16.505487,43.524404],[16.505487,43.524413],[16.505487,43.524417],[16.5055,43.524417],[16.505511,43.524417]]]}},{"type":"Feature","properties":{"krov":"ROOF_NOT_FLAT","visina":4.0828,"kota_vrha":76.04877969},"geometry":{"type":"Polygon","coordinates":[[[16.505511,43.524417],[16.5055,43.524417],[16.505487,43.524417],[16.505487,43.524422],[16.505487,43.524431],[16.505487,43.52444],[16.505487,43.524449],[16.505499,43.524449],[16.505511,43.524449],[16.505511,43.524431],[16.505511,43.524422],[16.505511,43.524417]]]}},{"type":"Feature","properties":{"krov":"ROOF_FLAT","visina":13.0017,"kota_vrha":49.12767969},"geometry":{"type":"Polygon","coordinates":[[[16.49687,43.524328],[16.496864,43.524323],[16.496822,43.524329],[16.496687,43.524386],[16.496751,43.52447],[16.496927,43.524402],[16.49687,43.524328]]]}},{"type":"Feature","properties":{"krov":"ROOF_NOT_FLAT","visina":4.1101,"kota_vrha":27.98407969},"geometry":{"type":"Polygon","coordinates":[[[16.492882,43.52444],[16.492863,43.524441],[16.492856,43.524442],[16.492856,43.524449],[16.492855,43.524449],[16.492857,43.524458],[16.492868,43.524458],[16.492868,43.524467],[16.492881,43.524467],[16.492893,43.524467],[16.492906,43.524467],[16.492906,43.524458],[16.492893,43.524458],[16.492893,43.524449],[16.492893,43.52444],[16.492882,43.52444]]]}},{"type":"Feature","properties":{"krov":"ROOF_NOT_FLAT","visina":2.5496,"kota_vrha":26.29557969},"geometry":{"type":"Polygon","coordinates":[[[16.492882,43.52444],[16.492868,43.52444],[16.492863,43.52444],[16.492863,43.524441],[16.492882,43.52444]]]}},{"type":"Feature","properties":{"krov":"ROOF_NOT_FLAT","visina":2.525,"kota_vrha":26.39897969},"geometry":{"type":"Polygon","coordinates":[[[16.492857,43.524458],[16.492855,43.524449],[16.492844,43.524449],[16.492831,43.524449],[16.492831,43.524458],[16.492831,43.524467],[16.492831,43.524476],[16.492844,43.524476],[16.492844,43.524467],[16.492844,43.524458],[16.492856,43.524458],[16.492857,43.524458]]]}},{"type":"Feature","properties":{"krov":"ROOF_NOT_FLAT","visina":2.7003,"kota_vrha":31.94227969},"geometry":{"type":"Polygon","coordinates":[[[16.495879,43.524479],[16.495887,43.524467],[16.495899,43.524467],[16.495899,43.524458],[16.495899,43.524449],[16.495899,43.52444],[16.495887,43.52444],[16.495875,43.52444],[16.495875,43.524449],[16.495875,43.524458],[16.495862,43.524458],[16.495862,43.524467],[16.495845,43.524476],[16.495862,43.524485],[16.495879,43.524479]]]}},{"type":"Feature","properties":{"krov":"ROOF_FLAT","visina":3.3586,"kota_vrha":67.50557969},"geometry":{"type":"Polygon","coordinates":[[[16.502023,43.524467],[16.502023,43.524449],[16.502023,43.52444],[16.502023,43.524431],[16.502023,43.524422],[16.502023,43.524404],[16.502023,43.524395],[16.502023,43.524386],[16.501998,43.524386],[16.501986,43.524386],[16.501973,43.524386],[16.501961,43.524391],[16.501961,43.524392],[16.501959,43.524392],[16.501957,43.524392],[16.501949,43.524404],[16.501936,43.524404],[16.501924,43.524404],[16.501911,43.524404],[16.501911,43.524422],[16.501911,43.524431],[16.501911,43.524449],[16.501911,43.524458],[16.501924,43.524458],[16.501936,43.524458],[16.501949,43.524458],[16.501949,43.524466],[16.501963,43.524466],[16.501963,43.524476],[16.501973,43.524476],[16.501973,43.524485],[16.501986,43.524485],[16.501998,43.524485],[16.50201,43.524485],[16.502023,43.524485],[16.502023,43.524476],[16.502023,43.524467]]]}},{"type":"Feature","properties":{"krov":"ROOF_NOT_FLAT","visina":10.7572,"kota_vrha":75.77117969},"geometry":{"type":"Polygon","coordinates":[[[16.502171,43.524439],[16.502175,43.524449],[16.502184,43.524449],[16.502184,43.524458],[16.502184,43.524467],[16.502171,43.524467],[16.502171,43.524467],[16.502159,43.524469],[16.502159,43.524476],[16.502159,43.524485],[16.502171,43.524485],[16.502184,43.524485],[16.502196,43.524485],[16.502196,43.524476],[16.502208,43.524476],[16.502221,43.524476],[16.502233,43.524476],[16.502245,43.524476],[16.502245,43.524467],[16.502258,43.524467],[16.50227,43.524467],[16.502283,43.524467],[16.502295,43.524467],[16.502295,43.524458],[16.502307,43.524458],[16.502307,43.524449],[16.502307,43.524422],[16.502295,43.524422],[16.502295,43.524413],[16.502283,43.524413],[16.50227,43.524413],[16.50227,43.524422],[16.502258,43.524422],[16.502184,43.524431],[16.502171,43.524431],[16.502171,43.524439]]]}},{"type":"Feature","properties":{"krov":"ROOF_NOT_FLAT","visina":9.2154,"kota_vrha":74.25037969},"geometry":{"type":"Polygon","coordinates":[[[16.502171,43.524467],[16.502171,43.524458],[16.502171,43.524449],[16.502175,43.524449],[16.502171,43.524439],[16.502171,43.52444],[16.502159,43.52444],[16.502143,43.524445],[16.502143,43.524445],[16.502159,43.524449],[16.502159,43.524458],[16.502159,43.524467],[16.502159,43.524469],[16.502171,43.524467]]]}},{"type":"Feature","properties":{"krov":"ROOF_FLAT","visina":3.6527,"kota_vrha":69.10167969},"geometry":{"type":"Polygon","coordinates":[[[16.502518,43.524485],[16.502518,43.524476],[16.50253,43.524476],[16.502542,43.524476],[16.502555,43.524476],[16.502567,43.524476],[16.502567,43.524467],[16.502567,43.524458],[16.502567,43.524449],[16.502567,43.52444],[16.502567,43.524431],[16.502567,43.524422],[16.502567,43.524413],[16.502555,43.524413],[16.502555,43.524395],[16.502555,43.524386],[16.502555,43.524377],[16.502542,43.524377],[16.502536,43.524366],[16.50253,43.524377],[16.502518,43.524377],[16.502505,43.524377],[16.502493,43.524377],[16.502481,43.524377],[16.502481,43.524386],[16.502468,43.524386],[16.502456,43.524386],[16.502456,43.524404],[16.502456,43.524413],[16.502456,43.524422],[16.502456,43.524431],[16.502456,43.52444],[16.502456,43.524449],[16.502456,43.524476],[16.502468,43.524476],[16.502468,43.524485],[16.502481,43.524485],[16.502493,43.524485],[16.502505,43.524485],[16.502518,43.524485]]]}},{"type":"Feature","properties":{"krov":"ROOF_FLAT","visina":2.8381,"kota_vrha":73.98107969},"geometry":{"type":"Polygon","coordinates":[[[16.505245,43.524407],[16.505245,43.524404],[16.505239,43.524404],[16.505239,43.524407],[16.505245,43.524407]]]}},{"type":"Feature","properties":{"krov":"ROOF_NOT_FLAT","visina":10.74,"kota_vrha":81.73697969},"geometry":{"type":"Polygon","coordinates":[[[16.505301,43.524405],[16.50525,43.524407],[16.505245,43.524407],[16.505239,43.524407],[16.505239,43.524413],[16.505227,43.524413],[16.50521,43.524419],[16.50519,43.524422],[16.505165,43.524422],[16.505165,43.524458],[16.505177,43.524458],[16.505177,43.524494],[16.505202,43.524494],[16.505227,43.524494],[16.505239,43.524494],[16.505252,43.524494],[16.505264,43.524494],[16.505301,43.524494],[16.505301,43.524485],[16.505301,43.524449],[16.505301,43.52444],[16.505301,43.524431],[16.505301,43.524422],[16.505301,43.524413],[16.505301,43.524405]]]}},{"type":"Feature","properties":{"krov":"ROOF_NOT_FLAT","visina":9.2106,"kota_vrha":80.35057969},"geometry":{"type":"Polygon","coordinates":[[[16.505301,43.524405],[16.505301,43.524404],[16.505301,43.524395],[16.505289,43.524395],[16.505276,43.524395],[16.505264,43.524395],[16.505252,43.524395],[16.505252,43.524404],[16.505245,43.524404],[16.505245,43.524407],[16.50525,43.524407],[16.505301,43.524405]]]}},{"type":"Feature","properties":{"krov":"ROOF_FLAT","visina":6.0945,"kota_vrha":77.16747969},"geometry":{"type":"Polygon","coordinates":[[[16.504893,43.524488],[16.504918,43.524488],[16.504918,43.524485],[16.50493,43.524485],[16.50493,43.524494],[16.50493,43.524503],[16.50493,43.524512],[16.504942,43.524512],[16.504955,43.524512],[16.504967,43.524512],[16.504979,43.524512],[16.504992,43.524512],[16.505004,43.524512],[16.505029,43.524512],[16.505029,43.524494],[16.505029,43.52444],[16.505029,43.524431],[16.505017,43.524431],[16.505004,43.524431],[16.504979,43.524431],[16.50493,43.524431],[16.50493,43.52444],[16.50493,43.524449],[16.50493,43.524458],[16.504918,43.524458],[16.504918,43.524467],[16.504915,43.524467],[16.504915,43.524469],[16.504905,43.524469],[16.504905,43.524476],[16.504905,43.524485],[16.504893,43.524485],[16.504893,43.524488]]]}},{"type":"Feature","properties":{"krov":"ROOF_NOT_FLAT","visina":8.4031,"kota_vrha":79.45407969},"geometry":{"type":"Polygon","coordinates":[[[16.504918,43.524488],[16.504893,43.524488],[16.504893,43.524494],[16.504905,43.524494],[16.504918,43.524494],[16.504918,43.524488]]]}},{"type":"Feature","properties":{"krov":"ROOF_NOT_FLAT","visina":10.8394,"kota_vrha":78.82337969},"geometry":{"type":"Polygon","coordinates":[[[16.503495,43.524521],[16.503495,43.524512],[16.503507,43.524512],[16.50352,43.524512],[16.503532,43.524512],[16.503544,43.524512],[16.503557,43.524512],[16.503557,43.524503],[16.503569,43.524503],[16.503569,43.524494],[16.503569,43.524486],[16.503559,43.524488],[16.503559,43.524485],[16.503557,43.524485],[16.503544,43.524485],[16.503544,43.524476],[16.503544,43.524467],[16.503544,43.524458],[16.50352,43.524458],[16.503507,43.524458],[16.503495,43.524458],[16.503495,43.524467],[16.503483,43.524467],[16.50347,43.524467],[16.503458,43.524467],[16.503458,43.524476],[16.50343,43.524481],[16.503445,43.524503],[16.503445,43.524512],[16.503445,43.524521],[16.503458,43.524521],[16.50347,43.524521],[16.503483,43.524521],[16.503495,43.524521]]]}},{"type":"Feature","properties":{"krov":"ROOF_FLAT","visina":3.0409,"kota_vrha":71.34587969},"geometry":{"type":"Polygon","coordinates":[[[16.503742,43.524484],[16.503742,43.524476],[16.50373,43.524476],[16.503718,43.524476],[16.503705,43.524476],[16.503705,43.524485],[16.503705,43.524489],[16.503742,43.524484]]]}},{"type":"Feature","properties":{"krov":"ROOF_FLAT","visina":3.2238,"kota_vrha":71.95277969},"geometry":{"type":"Polygon","coordinates":[[[16.503779,43.524441],[16.503787,43.52444],[16.503779,43.52444],[16.503779,43.524441]]]}},{"type":"Feature","properties":{"krov":"ROOF_NOT_FLAT","visina":7.1561,"kota_vrha":75.14807969},"geometry":{"type":"Polygon","coordinates":[[[16.503779,43.524441],[16.503779,43.524449],[16.503779,43.524458],[16.503779,43.524467],[16.503779,43.524476],[16.503779,43.524485],[16.503767,43.524485],[16.503755,43.524485],[16.503742,43.524485],[16.503742,43.524484],[16.503705,43.524489],[16.503705,43.524494],[16.503705,43.524503],[16.503705,43.524512],[16.503705,43.524521],[16.503718,43.524521],[16.50373,43.524521],[16.503742,43.524521],[16.503755,43.524521],[16.503767,43.524521],[16.503779,43.524521],[16.503792,43.524521],[16.503792,43.524512],[16.503804,43.524512],[16.503817,43.524512],[16.503829,43.524512],[16.503841,43.524512],[16.503841,43.524521],[16.503854,43.524521],[16.503854,43.524512],[16.503854,43.524503],[16.503854,43.524494],[16.503854,43.524485],[16.503841,43.524485],[16.503841,43.524449],[16.503841,43.52444],[16.503829,43.52444],[16.503817,43.52444],[16.503804,43.52444],[16.503792,43.52444],[16.503788,43.52444],[16.503779,43.524441]]]}},{"type":"Feature","properties":{"krov":"ROOF_FLAT","visina":3.1262,"kota_vrha":73.80517969},"geometry":{"type":"Polygon","coordinates":[[[16.504757,43.524512],[16.504744,43.524512],[16.504744,43.524521],[16.504757,43.524521],[16.504757,43.524512]]]}},{"type":"Feature","properties":{"krov":"ROOF_FLAT","visina":2.5023,"kota_vrha":21.11127969},"geometry":{"type":"Polygon","coordinates":[[[16.490233,43.52453],[16.490233,43.524521],[16.490246,43.524521],[16.490246,43.524512],[16.490271,43.524503],[16.490276,43.524503],[16.490278,43.524501],[16.490281,43.524503],[16.490283,43.524503],[16.490295,43.524503],[16.490302,43.524515],[16.490308,43.524503],[16.49032,43.524503],[16.49032,43.524494],[16.490332,43.524494],[16.490332,43.524485],[16.490332,43.524476],[16.49032,43.524476],[16.49032,43.524467],[16.490308,43.524467],[16.490308,43.524458],[16.490295,43.524458],[16.490283,43.524458],[16.490271,43.524458],[16.490271,43.524467],[16.490258,43.524467],[16.490258,43.524476],[16.490246,43.524476],[16.490221,43.524476],[16.490221,43.524467],[16.490209,43.524467],[16.490196,43.524467],[16.490196,43.524476],[16.490184,43.524476],[16.490184,43.524485],[16.490172,43.524485],[16.490172,43.524494],[16.490172,43.524503],[16.490172,43.524503],[16.490184,43.524503],[16.490184,43.524512],[16.490184,43.524512],[16.490196,43.524512],[16.490196,43.524521],[16.490197,43.524521],[16.490209,43.524521],[16.490209,43.52453],[16.49021,43.52453],[16.490221,43.52453],[16.490233,43.52453]]]}},{"type":"Feature","properties":{"krov":"ROOF_NOT_FLAT","visina":8.3246,"kota_vrha":31.67157969},"geometry":{"type":"MultiPolygon","coordinates":[[[[16.493697,43.524467],[16.493702,43.524467],[16.493697,43.524441],[16.493697,43.524449],[16.493697,43.524458],[16.493697,43.524467]]],[[[16.493697,43.524467],[16.493685,43.524467],[16.493685,43.524458],[16.493685,43.524449],[16.493685,43.52444],[16.493697,43.52444],[16.493692,43.524414],[16.493685,43.524414],[16.493673,43.524416],[16.493673,43.524422],[16.493648,43.524422],[16.493648,43.524431],[16.493648,43.52444],[16.493648,43.524449],[16.493648,43.524458],[16.493648,43.524467],[16.49366,43.524467],[16.49366,43.524494],[16.49366,43.52453],[16.493673,43.52453],[16.49371,43.52453],[16.49371,43.524521],[16.49371,43.524512],[16.493697,43.524512],[16.493697,43.524503],[16.493709,43.524503],[16.493705,43.524485],[16.493697,43.524485],[16.493697,43.524476],[16.493697,43.524467]]]]}},{"type":"Feature","properties":{"krov":"ROOF_NOT_FLAT","visina":8.868,"kota_vrha":32.20697969},"geometry":{"type":"Polygon","coordinates":[[[16.493696,43.524413],[16.493692,43.524414],[16.493697,43.52444],[16.493697,43.52444],[16.493697,43.524441],[16.493702,43.524467],[16.49371,43.524467],[16.49371,43.524476],[16.49371,43.524485],[16.493705,43.524485],[16.493709,43.524503],[16.49371,43.524503],[16.493722,43.524503],[16.493734,43.524503],[16.493747,43.524503],[16.493747,43.524494],[16.493759,43.524494],[16.493759,43.524476],[16.493772,43.524476],[16.493772,43.52444],[16.493772,43.524431],[16.493772,43.524422],[16.493772,43.524413],[16.493759,43.524413],[16.493747,43.524413],[16.493734,43.524413],[16.493722,43.524413],[16.49371,43.524413],[16.493697,43.524413],[16.493696,43.524413]]]}},{"type":"Feature","properties":{"krov":"ROOF_NOT_FLAT","visina":8.4914,"kota_vrha":31.74037969},"geometry":{"type":"Polygon","coordinates":[[[16.493692,43.524414],[16.493696,43.524413],[16.493685,43.524413],[16.493685,43.524414],[16.493692,43.524414]]]}},{"type":"Feature","properties":{"krov":"ROOF_FLAT","visina":3.3182,"kota_vrha":75.52817969},"geometry":{"type":"Polygon","coordinates":[[[16.506142,43.524519],[16.506142,43.524512],[16.506142,43.524503],[16.506142,43.524494],[16.50613,43.524494],[16.506118,43.524494],[16.506105,43.524494],[16.506093,43.524494],[16.50608,43.524494],[16.50608,43.524503],[16.50608,43.524512],[16.50608,43.524521],[16.506091,43.524521],[16.506091,43.524519],[16.506142,43.524519]]]}},{"type":"Feature","properties":{"krov":"ROOF_NOT_FLAT","visina":4.3563,"kota_vrha":75.91427969},"geometry":{"type":"Polygon","coordinates":[[[16.506142,43.524519],[16.506091,43.524519],[16.506091,43.524521],[16.506091,43.524521],[16.506093,43.524521],[16.506105,43.524521],[16.506105,43.52453],[16.506118,43.52453],[16.50613,43.52453],[16.506142,43.52453],[16.506142,43.524521],[16.506142,43.524519]]]}},{"type":"Feature","properties":{"krov":"ROOF_FLAT","visina":9.6048,"kota_vrha":80.72477969},"geometry":{"type":"Polygon","coordinates":[[[16.505755,43.524476],[16.505759,43.524458],[16.505759,43.524449],[16.505746,43.524449],[16.505746,43.52444],[16.505734,43.52444],[16.505722,43.52444],[16.505709,43.52444],[16.50566,43.52444],[16.505635,43.52444],[16.505635,43.52453],[16.505685,43.52453],[16.505709,43.524537],[16.50579,43.524544],[16.505796,43.52453],[16.505796,43.524521],[16.505796,43.524512],[16.505796,43.524503],[16.505784,43.524503],[16.505771,43.524503],[16.505759,43.524503],[16.505746,43.524503],[16.505746,43.524494],[16.505746,43.524485],[16.505746,43.524476],[16.505755,43.524476]]]}},{"type":"Feature","properties":{"krov":"ROOF_NOT_FLAT","visina":10.7887,"kota_vrha":82.15167969},"geometry":{"type":"Polygon","coordinates":[[[16.505759,43.524458],[16.505755,43.524476],[16.505759,43.524476],[16.505759,43.524485],[16.505771,43.524485],[16.505771,43.524476],[16.505771,43.524467],[16.505771,43.524458],[16.505759,43.524458],[16.505759,43.524458]]]}},{"type":"Feature","properties":{"krov":"ROOF_FLAT","visina":6.3008,"kota_vrha":37.64477969},"geometry":{"type":"Polygon","coordinates":[[[16.496072,43.524548],[16.496085,43.524548],[16.496085,43.524539],[16.496072,43.524539],[16.496072,43.524548]]]}},{"type":"Feature","properties":{"krov":"ROOF_NOT_FLAT","visina":1.6541,"kota_vrha":79.91007969},"geometry":{"type":"Polygon","coordinates":[[[16.508468,43.524482],[16.508468,43.524476],[16.508468,43.524467],[16.508456,43.524467],[16.508443,43.524467],[16.508443,43.524476],[16.508443,43.524485],[16.508443,43.524488],[16.508468,43.524482]]]}},{"type":"Feature","properties":{"krov":"ROOF_NOT_FLAT","visina":5.233,"kota_vrha":83.04097969},"geometry":{"type":"Polygon","coordinates":[[[16.508468,43.524482],[16.508443,43.524488],[16.508443,43.524494],[16.508456,43.524494],[16.508456,43.524503],[16.50847,43.524543],[16.50848,43.524548],[16.508505,43.524548],[16.508517,43.524543],[16.5085,43.524507],[16.508493,43.524503],[16.508493,43.524494],[16.508493,43.524485],[16.50848,43.524485],[16.508468,43.524485],[16.508468,43.524482]]]}},{"type":"Feature","properties":{"krov":"ROOF_NOT_FLAT","visina":2.7764,"kota_vrha":43.89237969},"geometry":{"type":"Polygon","coordinates":[[[16.498496,43.524567],[16.498547,43.524557],[16.498559,43.524557],[16.498559,43.524548],[16.498571,43.524548],[16.498587,43.524544],[16.498571,43.524539],[16.498571,43.52453],[16.498559,43.52453],[16.498547,43.52453],[16.498534,43.52453],[16.498522,43.52453],[16.498522,43.524539],[16.498522,43.524548],[16.49848,43.524556],[16.498496,43.524567]]]}},{"type":"Feature","properties":{"krov":"ROOF_NOT_FLAT","visina":4.2609,"kota_vrha":28.25387969},"geometry":{"type":"Polygon","coordinates":[[[16.493804,43.524566],[16.493801,43.524557],[16.493796,43.524557],[16.493784,43.524557],[16.493772,43.524557],[16.493772,43.524566],[16.493756,43.524571],[16.493772,43.524575],[16.493784,43.524575],[16.493784,43.524566],[16.493796,43.524566],[16.493804,43.524566]]]}},{"type":"Feature","properties":{"krov":"ROOF_NOT_FLAT","visina":1.9672,"kota_vrha":25.96017969},"geometry":{"type":"Polygon","coordinates":[[[16.493801,43.524557],[16.493804,43.524566],[16.493809,43.524566],[16.493809,43.524557],[16.493801,43.524557]]]}},{"type":"Feature","properties":{"krov":"ROOF_FLAT","visina":6.3008,"kota_vrha":37.64477969},"geometry":{"type":"Polygon","coordinates":[[[16.496072,43.524548],[16.49606,43.524548],[16.49606,43.524557],[16.49606,43.524566],[16.49606,43.524571],[16.496063,43.524575],[16.496072,43.524575],[16.496072,43.524566],[16.496072,43.524557],[16.496072,43.524548]]]}},{"type":"Feature","properties":{"krov":"ROOF_FLAT","visina":6.3008,"kota_vrha":37.64477969},"geometry":{"type":"MultiPolygon","coordinates":[[[[16.496175,43.524512],[16.496171,43.524512],[16.496171,43.524514],[16.496175,43.524512]]],[[[16.496148,43.524521],[16.496147,43.524521],[16.496147,43.524522],[16.496148,43.524521]]]]}},{"type":"Feature","properties":{"krov":"ROOF_NOT_FLAT","visina":10.6185,"kota_vrha":42.02047969},"geometry":{"type":"Polygon","coordinates":[[[16.496175,43.524512],[16.496171,43.524514],[16.496171,43.524521],[16.496159,43.524521],[16.496148,43.524521],[16.496147,43.524522],[16.496147,43.52453],[16.496134,43.52453],[16.496122,43.52453],[16.496122,43.524539],[16.496106,43.524544],[16.496122,43.524548],[16.496122,43.524557],[16.496134,43.524557],[16.496134,43.524566],[16.496134,43.524575],[16.496147,43.524575],[16.496159,43.524575],[16.496171,43.524575],[16.496171,43.524566],[16.496184,43.524566],[16.496196,43.524566],[16.496209,43.524566],[16.496209,43.524557],[16.496221,43.524557],[16.496233,43.524557],[16.496233,43.524548],[16.496221,43.524548],[16.496221,43.524539],[16.496209,43.524521],[16.496209,43.524512],[16.496196,43.524512],[16.496184,43.524512],[16.496175,43.524512]]]}},{"type":"Feature","properties":{"krov":"ROOF_NOT_FLAT","visina":10.8774,"kota_vrha":82.01537969},"geometry":{"type":"Polygon","coordinates":[[[16.506056,43.524566],[16.506056,43.524557],[16.506068,43.524557],[16.506068,43.524548],[16.506068,43.52453],[16.506056,43.52453],[16.506031,43.52453],[16.506019,43.52453],[16.505994,43.52453],[16.505969,43.52453],[16.505957,43.52453],[16.505957,43.524548],[16.505957,43.524557],[16.505957,43.524566],[16.505969,43.524566],[16.505981,43.524566],[16.505994,43.524566],[16.505994,43.524575],[16.506006,43.524575],[16.506019,43.524575],[16.506031,43.524575],[16.506043,43.524575],[16.506056,43.524575],[16.506056,43.524566]]]}},{"type":"Feature","properties":{"krov":"ROOF_FLAT","visina":2.7178,"kota_vrha":18.59377969},"geometry":{"type":"Polygon","coordinates":[[[16.48959,43.524566],[16.489578,43.524566],[16.489584,43.524578],[16.48959,43.524566]]]}},{"type":"Feature","properties":{"krov":"ROOF_NOT_FLAT","visina":6.546,"kota_vrha":26.32797969},"geometry":{"type":"Polygon","coordinates":[[[16.490469,43.524575],[16.490469,43.524584],[16.490474,43.524584],[16.490481,43.524581],[16.490481,43.524575],[16.490469,43.524575]]]}},{"type":"Feature","properties":{"krov":"ROOF_NOT_FLAT","visina":10.8774,"kota_vrha":82.01537969},"geometry":{"type":"Polygon","coordinates":[[[16.505952,43.524586],[16.505957,43.524575],[16.505942,43.524578],[16.505952,43.524586]]]}},{"type":"Feature","properties":{"krov":"ROOF_FLAT","visina":6.3008,"kota_vrha":37.64477969},"geometry":{"type":"Polygon","coordinates":[[[16.496099,43.524584],[16.496097,43.524584],[16.496081,43.524589],[16.496083,43.524589],[16.496099,43.524584]]]}},{"type":"Feature","properties":{"krov":"ROOF_NOT_FLAT","visina":10.4634,"kota_vrha":41.64037969},"geometry":{"type":"Polygon","coordinates":[[[16.496099,43.524584],[16.496083,43.524589],[16.496097,43.524593],[16.49611,43.524593],[16.496122,43.524593],[16.496138,43.524589],[16.496122,43.524584],[16.49611,43.524584],[16.496099,43.524584]]]}},{"type":"Feature","properties":{"krov":"ROOF_FLAT","visina":2.7304,"kota_vrha":80.02537969},"geometry":{"type":"Polygon","coordinates":[[[16.508517,43.524584],[16.508517,43.524575],[16.508505,43.524575],[16.508505,43.524584],[16.508493,43.524584],[16.508493,43.524593],[16.508505,43.524593],[16.508517,43.524593],[16.508533,43.524589],[16.508517,43.524584]]]}},{"type":"Feature","properties":{"krov":"ROOF_FLAT","visina":2.7178,"kota_vrha":18.59377969},"geometry":{"type":"Polygon","coordinates":[[[16.489598,43.524595],[16.489603,43.524584],[16.489587,43.524587],[16.489598,43.524595]]]}},{"type":"Feature","properties":{"krov":"ROOF_FLAT","visina":5.0961,"kota_vrha":24.84807969},"geometry":{"type":"Polygon","coordinates":[[[16.490455,43.52454],[16.490443,43.524523],[16.490421,43.524533],[16.490419,43.524534],[16.490419,43.524539],[16.490419,43.524548],[16.490407,43.524548],[16.490394,43.524548],[16.490394,43.524557],[16.490382,43.524557],[16.49037,43.524557],[16.49037,43.524566],[16.490357,43.524566],[16.490357,43.524575],[16.490345,43.524575],[16.490332,43.524575],[16.490332,43.524584],[16.490345,43.524584],[16.490345,43.524588],[16.490455,43.52454]]]}},{"type":"Feature","properties":{"krov":"ROOF_NOT_FLAT","visina":6.546,"kota_vrha":26.32797969},"geometry":{"type":"Polygon","coordinates":[[[16.490469,43.524575],[16.490469,43.524566],[16.490469,43.524557],[16.490469,43.52455],[16.490459,43.524538],[16.490455,43.52454],[16.490345,43.524588],[16.490345,43.524593],[16.490357,43.524593],[16.490357,43.524602],[16.49037,43.524602],[16.490382,43.524602],[16.490394,43.524602],[16.490394,43.524593],[16.490407,43.524593],[16.490419,43.524593],[16.490419,43.524584],[16.490431,43.524584],[16.490431,43.524575],[16.490444,43.524575],[16.490456,43.524575],[16.490469,43.524575]]]}},{"type":"Feature","properties":{"krov":"ROOF_NOT_FLAT","visina":3.5872,"kota_vrha":23.16817969},"geometry":{"type":"Polygon","coordinates":[[[16.490421,43.524533],[16.490443,43.524523],[16.490455,43.52454],[16.490459,43.524538],[16.490469,43.52455],[16.490469,43.524548],[16.490469,43.524539],[16.490481,43.524539],[16.490481,43.524548],[16.490481,43.524557],[16.490493,43.524557],[16.490493,43.524566],[16.490506,43.524566],[16.490506,43.524557],[16.490521,43.524553],[16.490506,43.524548],[16.490506,43.524539],[16.490493,43.524539],[16.490493,43.52453],[16.490493,43.524521],[16.490481,43.524521],[16.490481,43.524512],[16.490481,43.524503],[16.490469,43.524503],[16.490469,43.524494],[16.490456,43.524494],[16.490444,43.524494],[16.490431,43.524494],[16.490431,43.524503],[16.490419,43.524503],[16.490419,43.524512],[16.490419,43.524521],[16.490419,43.52453],[16.490419,43.524531],[16.490421,43.524533]]]}},{"type":"Feature","properties":{"krov":"ROOF_FLAT","visina":2.7178,"kota_vrha":18.59377969},"geometry":{"type":"Polygon","coordinates":[[[16.489615,43.524557],[16.489609,43.524545],[16.489603,43.524557],[16.489603,43.524566],[16.489603,43.524575],[16.489615,43.524575],[16.489615,43.524584],[16.489627,43.524584],[16.489627,43.524593],[16.48964,43.524593],[16.48964,43.524602],[16.48964,43.524611],[16.489652,43.524611],[16.489657,43.524611],[16.489664,43.524608],[16.489664,43.524602],[16.489664,43.524593],[16.489664,43.524584],[16.489652,43.524584],[16.489652,43.524575],[16.48964,43.524575],[16.48964,43.524566],[16.489627,43.524566],[16.489627,43.524557],[16.489615,43.524557]]]}},{"type":"Feature","properties":{"krov":"ROOF_NOT_FLAT","visina":4.6427,"kota_vrha":33.60967969},"geometry":{"type":"Polygon","coordinates":[[[16.495689,43.524611],[16.495689,43.524602],[16.495701,43.524602],[16.495714,43.524602],[16.495726,43.524602],[16.495738,43.524602],[16.495738,43.524584],[16.495734,43.52456],[16.495726,43.524548],[16.495726,43.52453],[16.495726,43.524503],[16.495714,43.524503],[16.495714,43.524467],[16.495677,43.524467],[16.495677,43.524476],[16.495664,43.524476],[16.495652,43.524476],[16.49561,43.524481],[16.495645,43.524608],[16.495677,43.524611],[16.495689,43.524611]]]}},{"type":"Feature","properties":{"krov":"ROOF_FLAT","visina":3.6937,"kota_vrha":75.08267969},"geometry":{"type":"Polygon","coordinates":[[[16.505886,43.524593],[16.505882,43.524593],[16.50587,43.524593],[16.50587,43.524602],[16.505882,43.524602],[16.505882,43.524603],[16.505886,43.524593]]]}},{"type":"Feature","properties":{"krov":"ROOF_NOT_FLAT","visina":6.2453,"kota_vrha":77.35827969},"geometry":{"type":"Polygon","coordinates":[[[16.505886,43.524593],[16.505882,43.524603],[16.505882,43.524611],[16.505895,43.524611],[16.505895,43.524602],[16.505895,43.524593],[16.505886,43.524593]]]}},{"type":"Feature","properties":{"krov":"ROOF_FLAT","visina":2.7178,"kota_vrha":18.59377969},"geometry":{"type":"Polygon","coordinates":[[[16.489611,43.524613],[16.489615,43.524602],[16.4896,43.524605],[16.489611,43.524613]]]}},{"type":"Feature","properties":{"krov":"ROOF_NOT_FLAT","visina":8.8208,"kota_vrha":33.31377969},"geometry":{"type":"Polygon","coordinates":[[[16.492633,43.524602],[16.492633,43.524593],[16.492646,43.524593],[16.492646,43.524584],[16.492646,43.524575],[16.492646,43.524566],[16.492633,43.524566],[16.492633,43.524548],[16.492633,43.524539],[16.492633,43.52453],[16.492621,43.52453],[16.492621,43.524521],[16.492609,43.524521],[16.492547,43.524521],[16.492534,43.524521],[16.492534,43.52453],[16.492519,43.524535],[16.492534,43.524539],[16.492534,43.524548],[16.492534,43.524557],[16.492547,43.524557],[16.492559,43.524557],[16.492559,43.524566],[16.492572,43.524566],[16.492572,43.524575],[16.492572,43.524584],[16.492572,43.524593],[16.492584,43.524593],[16.492596,43.524593],[16.492609,43.524593],[16.492609,43.524602],[16.492621,43.524602],[16.492621,43.524611],[16.492633,43.524611],[16.492633,43.52462],[16.492646,43.52462],[16.492646,43.524611],[16.492646,43.524602],[16.492633,43.524602]]]}},{"type":"Feature","properties":{"krov":"ROOF_NOT_FLAT","visina":3.0271,"kota_vrha":27.53207969},"geometry":{"type":"Polygon","coordinates":[[[16.492918,43.524551],[16.492918,43.524548],[16.492918,43.524539],[16.492918,43.52453],[16.492906,43.52453],[16.492881,43.52453],[16.492844,43.52453],[16.492844,43.524539],[16.492819,43.524539],[16.492819,43.524548],[16.492819,43.524557],[16.492918,43.524551]]]}},{"type":"Feature","properties":{"krov":"ROOF_NOT_FLAT","visina":4.7295,"kota_vrha":29.42747969},"geometry":{"type":"Polygon","coordinates":[[[16.492918,43.524551],[16.492819,43.524557],[16.492819,43.524557],[16.492819,43.524566],[16.492819,43.524575],[16.492819,43.524584],[16.492819,43.524593],[16.492819,43.524611],[16.492819,43.52462],[16.492831,43.52462],[16.492831,43.524611],[16.492844,43.524611],[16.492844,43.524602],[16.492856,43.524602],[16.492868,43.524602],[16.492881,43.524602],[16.492893,43.524602],[16.492893,43.524611],[16.492906,43.524611],[16.492906,43.52462],[16.492918,43.52462],[16.492918,43.524611],[16.492918,43.524602],[16.492918,43.524584],[16.492918,43.524575],[16.492918,43.524566],[16.492918,43.524551]]]}},{"type":"Feature","properties":{"krov":"ROOF_NOT_FLAT","visina":10.7635,"kota_vrha":82.37447969},"geometry":{"type":"Polygon","coordinates":[[[16.506266,43.524626],[16.506241,43.524624],[16.506241,43.524629],[16.506254,43.524629],[16.506266,43.524629],[16.506266,43.524626]]]}},{"type":"Feature","properties":{"krov":"ROOF_NOT_FLAT","visina":10.4993,"kota_vrha":82.11027969},"geometry":{"type":"Polygon","coordinates":[[[16.50634,43.52462],[16.506272,43.524617],[16.506272,43.52462],[16.506278,43.52462],[16.506291,43.52462],[16.506303,43.52462],[16.506303,43.524629],[16.506315,43.524629],[16.506328,43.524629],[16.506328,43.52462],[16.50634,43.52462],[16.50634,43.52462]]]}},{"type":"Feature","properties":{"krov":"ROOF_NOT_FLAT","visina":10.5995,"kota_vrha":82.37447969},"geometry":{"type":"Polygon","coordinates":[[[16.506272,43.52462],[16.506272,43.524617],[16.50634,43.52462],[16.50634,43.524611],[16.50634,43.524575],[16.506328,43.524575],[16.506328,43.524566],[16.506241,43.524566],[16.506229,43.524566],[16.506229,43.524584],[16.506229,43.524593],[16.506216,43.524593],[16.506217,43.524611],[16.506229,43.524611],[16.506229,43.52462],[16.506241,43.52462],[16.506241,43.524624],[16.506266,43.524626],[16.506266,43.52462],[16.506272,43.52462]]]}},{"type":"Feature","properties":{"krov":"ROOF_FLAT","visina":2.9849,"kota_vrha":76.72487969},"geometry":{"type":"Polygon","coordinates":[[[16.507226,43.524625],[16.507231,43.524602],[16.507176,43.524618],[16.507199,43.524633],[16.507226,43.524625]]]}},{"type":"Feature","properties":{"krov":"ROOF_NOT_FLAT","visina":8.8297,"kota_vrha":24.72867969},"geometry":{"type":"Polygon","coordinates":[[[16.489603,43.524629],[16.48959,43.524629],[16.48959,43.524638],[16.489603,43.524638],[16.489603,43.524629]]]}},{"type":"Feature","properties":{"krov":"ROOF_NOT_FLAT","visina":3.1274,"kota_vrha":28.01137969},"geometry":{"type":"Polygon","coordinates":[[[16.493895,43.52462],[16.493889,43.524609],[16.493883,43.52462],[16.493883,43.524638],[16.493895,43.524638],[16.493908,43.524638],[16.493908,43.524629],[16.493908,43.52462],[16.493895,43.52462]]]}},{"type":"Feature","properties":{"krov":"ROOF_FLAT","visina":5.98,"kota_vrha":21.87397969},"geometry":{"type":"MultiPolygon","coordinates":[[[[16.48941,43.524593],[16.489405,43.524593],[16.489405,43.524602],[16.489416,43.524602],[16.48941,43.524593]]],[[[16.489429,43.524619],[16.489429,43.52462],[16.48943,43.52462],[16.489429,43.524619]]]]}},{"type":"Feature","properties":{"krov":"ROOF_FLAT","visina":5.881,"kota_vrha":21.87397969},"geometry":{"type":"MultiPolygon","coordinates":[[[[16.489491,43.524575],[16.489499,43.524575],[16.489491,43.524565],[16.489491,43.524566],[16.489479,43.524566],[16.489479,43.524575],[16.489491,43.524575]]],[[[16.489504,43.524584],[16.489506,43.524584],[16.489504,43.524581],[16.489504,43.524584]]],[[[16.489466,43.524575],[16.489463,43.524575],[16.489479,43.524595],[16.489479,43.524593],[16.489495,43.524589],[16.489479,43.524584],[16.489479,43.524575],[16.489466,43.524575]]],[[[16.489516,43.524601],[16.489518,43.524601],[16.489516,43.524597],[16.489516,43.524601]]],[[[16.489515,43.524602],[16.489504,43.524602],[16.489504,43.524606],[16.489515,43.524602]]],[[[16.489491,43.52461],[16.489491,43.524602],[16.489484,43.524602],[16.489491,43.52461]]]]}},{"type":"Feature","properties":{"krov":"ROOF_NOT_FLAT","visina":8.8297,"kota_vrha":24.72867969},"geometry":{"type":"Polygon","coordinates":[[[16.489491,43.524565],[16.489499,43.524575],[16.489504,43.524575],[16.489504,43.524581],[16.489506,43.524584],[16.489516,43.524584],[16.489516,43.524593],[16.489516,43.524597],[16.489518,43.524601],[16.489516,43.524601],[16.489516,43.524602],[16.489515,43.524602],[16.489504,43.524606],[16.489504,43.524611],[16.489492,43.524611],[16.489492,43.524611],[16.489492,43.524611],[16.489491,43.524611],[16.489491,43.52461],[16.489484,43.524602],[16.489479,43.524602],[16.489479,43.524595],[16.489463,43.524575],[16.489454,43.524575],[16.489454,43.524584],[16.489429,43.524584],[16.489429,43.524593],[16.489417,43.524593],[16.48941,43.524593],[16.489416,43.524602],[16.489417,43.524602],[16.489429,43.524602],[16.489429,43.524611],[16.489429,43.524619],[16.48943,43.52462],[16.489442,43.52462],[16.489442,43.524629],[16.489442,43.524638],[16.489442,43.524647],[16.489454,43.524647],[16.489466,43.524647],[16.489466,43.524638],[16.489479,43.524638],[16.489479,43.524629],[16.489491,43.524629],[16.489504,43.524629],[16.489504,43.52462],[16.489516,43.52462],[16.489528,43.52462],[16.489528,43.524611],[16.489541,43.524611],[16.489541,43.524602],[16.489553,43.524602],[16.489565,43.524602],[16.489581,43.524598],[16.489565,43.524593],[16.489565,43.524584],[16.489565,43.524575],[16.489553,43.524575],[16.489553,43.524566],[16.489541,43.524566],[16.489541,43.524548],[16.489528,43.524548],[16.489516,43.524548],[16.489516,43.524557],[16.489504,43.524557],[16.489491,43.524557],[16.489491,43.524565]]]}},{"type":"Feature","properties":{"krov":"ROOF_FLAT","visina":2.7044,"kota_vrha":27.85437969},"geometry":{"type":"Polygon","coordinates":[[[16.492497,43.524617],[16.492497,43.524611],[16.492485,43.524611],[16.492473,43.524611],[16.49246,43.524611],[16.492448,43.524611],[16.492435,43.524611],[16.492435,43.52462],[16.492423,43.52462],[16.492411,43.52462],[16.492398,43.52462],[16.492398,43.524629],[16.492398,43.524629],[16.492497,43.524617]]]}},{"type":"Feature","properties":{"krov":"ROOF_NOT_FLAT","visina":4.1641,"kota_vrha":29.36707969},"geometry":{"type":"Polygon","coordinates":[[[16.492497,43.524617],[16.492398,43.524629],[16.492398,43.524638],[16.492398,43.524647],[16.492411,43.524647],[16.492411,43.524656],[16.492423,43.524656],[16.492435,43.524656],[16.492448,43.524656],[16.492448,43.524647],[16.49246,43.524647],[16.492473,43.524647],[16.492485,43.524647],[16.492497,43.524647],[16.492497,43.524638],[16.492497,43.524629],[16.492497,43.52462],[16.492497,43.524617]]]}},{"type":"Feature","properties":{"krov":"ROOF_NOT_FLAT","visina":10.4634,"kota_vrha":41.64037969},"geometry":{"type":"Polygon","coordinates":[[[16.496147,43.524655],[16.496147,43.524647],[16.496159,43.524647],[16.496168,43.524647],[16.496171,43.524646],[16.496171,43.524638],[16.496171,43.524629],[16.496171,43.52462],[16.496159,43.52462],[16.496159,43.524611],[16.496147,43.524611],[16.496147,43.524602],[16.496134,43.524602],[16.496122,43.524602],[16.496122,43.524611],[16.496122,43.52462],[16.496122,43.524629],[16.49611,43.524629],[16.49611,43.524638],[16.49611,43.524647],[16.496122,43.524647],[16.496122,43.524656],[16.496134,43.524656],[16.496141,43.524656],[16.496147,43.524655]]]}},{"type":"Feature","properties":{"krov":"ROOF_NOT_FLAT","visina":10.7635,"kota_vrha":82.37447969},"geometry":{"type":"Polygon","coordinates":[[[16.506217,43.524629],[16.506204,43.524629],[16.506204,43.524638],[16.506204,43.524647],[16.506204,43.524656],[16.506217,43.524656],[16.506229,43.524656],[16.506241,43.524656],[16.506254,43.524656],[16.506266,43.524656],[16.506266,43.524647],[16.506266,43.524638],[16.506254,43.524638],[16.506241,43.524638],[16.506229,43.524638],[16.506217,43.524638],[16.506217,43.524629]]]}},{"type":"Feature","properties":{"krov":"ROOF_FLAT","visina":10.0288,"kota_vrha":83.20377969},"geometry":{"type":"Polygon","coordinates":[[[16.506767,43.524634],[16.506798,43.52462],[16.50681,43.52462],[16.506788,43.524563],[16.506815,43.524546],[16.506775,43.524472],[16.506703,43.52449],[16.506692,43.524499],[16.506693,43.524502],[16.506686,43.524504],[16.506681,43.524508],[16.506655,43.524525],[16.506712,43.524661],[16.506768,43.524649],[16.506767,43.524634]]]}},{"type":"Feature","properties":{"krov":"ROOF_NOT_FLAT","visina":4.1641,"kota_vrha":29.36707969},"geometry":{"type":"Polygon","coordinates":[[[16.492411,43.524656],[16.492398,43.524656],[16.492398,43.524665],[16.492411,43.524665],[16.492411,43.524656]]]}},{"type":"Feature","properties":{"krov":"ROOF_FLAT","visina":2.6492,"kota_vrha":27.96917969},"geometry":{"type":"Polygon","coordinates":[[[16.492487,43.524665],[16.492485,43.524666],[16.492485,43.524674],[16.492497,43.524674],[16.49251,43.524674],[16.49251,43.524665],[16.492497,43.524665],[16.492487,43.524665]]]}},{"type":"Feature","properties":{"krov":"ROOF_NOT_FLAT","visina":4.1641,"kota_vrha":29.36707969},"geometry":{"type":"Polygon","coordinates":[[[16.492487,43.524665],[16.492485,43.524665],[16.492485,43.524666],[16.492487,43.524665]]]}},{"type":"Feature","properties":{"krov":"ROOF_FLAT","visina":3.9033,"kota_vrha":68.87027969},"geometry":{"type":"Polygon","coordinates":[[[16.502518,43.524638],[16.502544,43.524632],[16.502552,43.524647],[16.502555,43.524647],[16.502567,43.524647],[16.502567,43.524656],[16.502556,43.524656],[16.502564,43.524672],[16.502567,43.524671],[16.502567,43.524665],[16.502579,43.524665],[16.502587,43.524665],[16.502592,43.524664],[16.502592,43.524656],[16.502604,43.524656],[16.502617,43.524656],[16.502617,43.524647],[16.502641,43.524647],[16.502654,43.524647],[16.502654,43.524638],[16.502654,43.52462],[16.502641,43.52462],[16.502641,43.524602],[16.502641,43.524593],[16.502629,43.524593],[16.502625,43.524578],[16.502617,43.524566],[16.502617,43.524557],[16.502604,43.524557],[16.502579,43.524557],[16.502579,43.524566],[16.502567,43.524566],[16.502555,43.524566],[16.502542,43.524566],[16.502542,43.524575],[16.50253,43.524575],[16.502518,43.524575],[16.502505,43.524575],[16.502505,43.524584],[16.502493,43.524584],[16.502493,43.524593],[16.502493,43.524602],[16.502493,43.52461],[16.502493,43.524611],[16.502505,43.524611],[16.502505,43.52462],[16.502505,43.524629],[16.502518,43.524629],[16.502518,43.524638]]]}},{"type":"Feature","properties":{"krov":"ROOF_NOT_FLAT","visina":5.7746,"kota_vrha":70.72157969},"geometry":{"type":"MultiPolygon","coordinates":[[[[16.502552,43.524647],[16.502544,43.524632],[16.502518,43.524638],[16.502518,43.524638],[16.502518,43.524647],[16.50253,43.524647],[16.502542,43.524647],[16.502552,43.524647]]],[[[16.502564,43.524672],[16.502556,43.524656],[16.502555,43.524656],[16.502555,43.524665],[16.502555,43.524674],[16.502563,43.524674],[16.502565,43.524674],[16.502564,43.524672]]]]}},{"type":"Feature","properties":{"krov":"ROOF_FLAT","visina":9.7172,"kota_vrha":78.67717969},"geometry":{"type":"Polygon","coordinates":[[[16.505548,43.524674],[16.505557,43.524662],[16.505561,43.524629],[16.505561,43.524593],[16.505561,43.524584],[16.505573,43.524584],[16.505573,43.524575],[16.505561,43.524575],[16.505536,43.524575],[16.505506,43.52457],[16.505408,43.524563],[16.505388,43.524584],[16.505393,43.524617],[16.505408,43.524631],[16.505412,43.524631],[16.505412,43.524634],[16.50542,43.524642],[16.505431,43.524665],[16.505487,43.524674],[16.505518,43.524669],[16.505548,43.524674]]]}},{"type":"Feature","properties":{"krov":"ROOF_NOT_FLAT","visina":2.2454,"kota_vrha":24.12537969},"geometry":{"type":"Polygon","coordinates":[[[16.490469,43.524683],[16.490469,43.524665],[16.490451,43.524674],[16.490469,43.524683]]]}},{"type":"Feature","properties":{"krov":"ROOF_NOT_FLAT","visina":3.8838,"kota_vrha":26.01377969},"geometry":{"type":"Polygon","coordinates":[[[16.49053,43.524665],[16.490493,43.524665],[16.490493,43.524674],[16.490493,43.524683],[16.490506,43.524683],[16.490518,43.524683],[16.49053,43.524683],[16.49053,43.524674],[16.49053,43.524665]]]}},{"type":"Feature","properties":{"krov":"ROOF_FLAT","visina":2.7372,"kota_vrha":24.99017969},"geometry":{"type":"Polygon","coordinates":[[[16.490679,43.524691],[16.490673,43.524692],[16.490679,43.524692],[16.490679,43.524691]]]}},{"type":"Feature","properties":{"krov":"ROOF_NOT_FLAT","visina":3.1476,"kota_vrha":25.32257969},"geometry":{"type":"Polygon","coordinates":[[[16.490679,43.524691],[16.490679,43.524683],[16.490666,43.524683],[16.490654,43.524683],[16.490654,43.524692],[16.490666,43.524692],[16.490673,43.524692],[16.490679,43.524691]]]}},{"type":"Feature","properties":{"krov":"ROOF_FLAT","visina":2.6492,"kota_vrha":27.96917969},"geometry":{"type":"Polygon","coordinates":[[[16.492485,43.524674],[16.492473,43.524674],[16.49246,43.524674],[16.492448,43.524674],[16.492435,43.524674],[16.492423,43.524674],[16.492417,43.524674],[16.492411,43.524675],[16.492411,43.524683],[16.492398,43.524683],[16.492398,43.524692],[16.492411,43.524692],[16.492423,43.524692],[16.492435,43.524692],[16.492448,43.524692],[16.492448,43.524683],[16.49246,43.524683],[16.492473,43.524683],[16.492485,43.524683],[16.492485,43.524674]]]}},{"type":"Feature","properties":{"krov":"ROOF_NOT_FLAT","visina":4.1641,"kota_vrha":29.36707969},"geometry":{"type":"Polygon","coordinates":[[[16.492417,43.524674],[16.492411,43.524674],[16.492411,43.524675],[16.492417,43.524674]]]}},{"type":"Feature","properties":{"krov":"ROOF_NOT_FLAT","visina":3.4849,"kota_vrha":28.26887969},"geometry":{"type":"Polygon","coordinates":[[[16.493165,43.524665],[16.493153,43.524665],[16.493137,43.52467],[16.493153,43.524674],[16.493165,43.524674],[16.493178,43.524674],[16.493178,43.524683],[16.49319,43.524683],[16.493202,43.524683],[16.493215,43.524683],[16.493215,43.524692],[16.493227,43.524692],[16.49324,43.524692],[16.493252,43.524692],[16.493264,43.524692],[16.493264,43.524683],[16.493264,43.524674],[16.493252,43.524674],[16.49324,43.524674],[16.493227,43.524674],[16.493227,43.524665],[16.493215,43.524665],[16.493202,43.524665],[16.49319,43.524665],[16.493178,43.524665],[16.493165,43.524665]]]}},{"type":"Feature","properties":{"krov":"ROOF_FLAT","visina":2.7372,"kota_vrha":24.99017969},"geometry":{"type":"Polygon","coordinates":[[[16.490654,43.524696],[16.490629,43.524701],[16.490629,43.524701],[16.490642,43.524701],[16.490654,43.524701],[16.490654,43.524696]]]}},{"type":"Feature","properties":{"krov":"ROOF_NOT_FLAT","visina":3.1476,"kota_vrha":25.32257969},"geometry":{"type":"Polygon","coordinates":[[[16.490654,43.524696],[16.490654,43.524692],[16.490642,43.524692],[16.490629,43.524692],[16.490629,43.524701],[16.490654,43.524696]]]}},{"type":"Feature","properties":{"krov":"ROOF_NOT_FLAT","visina":5.6546,"kota_vrha":36.76757969},"geometry":{"type":"Polygon","coordinates":[[[16.496122,43.524701],[16.496122,43.524692],[16.496106,43.524697],[16.496122,43.524701]]]}},{"type":"Feature","properties":{"krov":"ROOF_FLAT","visina":2.7372,"kota_vrha":24.99017969},"geometry":{"type":"Polygon","coordinates":[[[16.490629,43.524701],[16.490628,43.524701],[16.490626,43.524702],[16.490629,43.52471],[16.490629,43.52471],[16.490629,43.524701]]]}},{"type":"Feature","properties":{"krov":"ROOF_NOT_FLAT","visina":3.1476,"kota_vrha":25.32257969},"geometry":{"type":"Polygon","coordinates":[[[16.490626,43.524702],[16.490628,43.524701],[16.490622,43.524701],[16.490622,43.524702],[16.490626,43.524702]]]}},{"type":"Feature","properties":{"krov":"ROOF_NOT_FLAT","visina":4.4093,"kota_vrha":26.66227969},"geometry":{"type":"Polygon","coordinates":[[[16.490626,43.524702],[16.490622,43.524702],[16.490617,43.524703],[16.490617,43.52471],[16.490629,43.52471],[16.490626,43.524702]]]}},{"type":"Feature","properties":{"krov":"ROOF_FLAT","visina":2.7372,"kota_vrha":24.99017969},"geometry":{"type":"Polygon","coordinates":[[[16.490666,43.52471],[16.490679,43.52471],[16.490679,43.524701],[16.490666,43.524701],[16.490666,43.52471]]]}},{"type":"Feature","properties":{"krov":"ROOF_FLAT","visina":5.6281,"kota_vrha":30.41807969},"geometry":{"type":"Polygon","coordinates":[[[16.493335,43.524692],[16.493334,43.524683],[16.493326,43.524683],[16.493319,43.524683],[16.49332,43.52471],[16.493326,43.52471],[16.493326,43.524701],[16.493326,43.524692],[16.493335,43.524692]]]}},{"type":"Feature","properties":{"krov":"ROOF_NOT_FLAT","visina":6.8654,"kota_vrha":31.71837969},"geometry":{"type":"Polygon","coordinates":[[[16.493334,43.524683],[16.493335,43.524692],[16.493339,43.524692],[16.493351,43.524692],[16.493351,43.524701],[16.493363,43.524701],[16.493376,43.524701],[16.493388,43.524701],[16.4934,43.524701],[16.493413,43.524701],[16.493425,43.524701],[16.493425,43.524692],[16.493425,43.524683],[16.493425,43.524674],[16.4934,43.524674],[16.4934,43.524683],[16.493388,43.524683],[16.493376,43.524683],[16.493363,43.524683],[16.493351,43.524683],[16.493339,43.524683],[16.493334,43.524683]]]}},{"type":"Feature","properties":{"krov":"ROOF_NOT_FLAT","visina":5.6341,"kota_vrha":30.41807969},"geometry":{"type":"Polygon","coordinates":[[[16.493319,43.524683],[16.493314,43.524683],[16.493301,43.524683],[16.493301,43.524674],[16.493289,43.524674],[16.493289,43.524683],[16.493289,43.524692],[16.493289,43.524701],[16.493301,43.524701],[16.493301,43.52471],[16.493314,43.52471],[16.49332,43.52471],[16.493319,43.524683]]]}},{"type":"Feature","properties":{"krov":"ROOF_NOT_FLAT","visina":5.6546,"kota_vrha":36.76757969},"geometry":{"type":"Polygon","coordinates":[[[16.496122,43.524701],[16.496122,43.52471],[16.496134,43.52471],[16.496134,43.524701],[16.496122,43.524701]]]}},{"type":"Feature","properties":{"krov":"ROOF_FLAT","visina":2.7372,"kota_vrha":24.99017969},"geometry":{"type":"Polygon","coordinates":[[[16.490666,43.52471],[16.490654,43.52471],[16.490654,43.524719],[16.490666,43.524719],[16.490666,43.52471]]]}},{"type":"Feature","properties":{"krov":"ROOF_NOT_FLAT","visina":10.4189,"kota_vrha":75.20187969},"geometry":{"type":"Polygon","coordinates":[[[16.502344,43.524696],[16.502345,43.524698],[16.502344,43.524698],[16.502344,43.524701],[16.502332,43.524701],[16.502332,43.524701],[16.502301,43.52471],[16.502301,43.52471],[16.502307,43.52471],[16.502307,43.524719],[16.50232,43.524719],[16.50232,43.524728],[16.502344,43.524728],[16.502357,43.524728],[16.502369,43.524728],[16.502369,43.524719],[16.502382,43.524719],[16.502429,43.524711],[16.502419,43.524692],[16.502419,43.524683],[16.502406,43.524683],[16.502401,43.524659],[16.502378,43.524608],[16.502349,43.524615],[16.502344,43.52462],[16.502332,43.52462],[16.50232,43.52462],[16.502307,43.52462],[16.502307,43.524629],[16.502271,43.524636],[16.502283,43.524656],[16.502283,43.524665],[16.502295,43.524665],[16.502295,43.524683],[16.50232,43.524674],[16.502332,43.524674],[16.502344,43.524674],[16.502344,43.524683],[16.502357,43.524683],[16.502357,43.524692],[16.502344,43.524692],[16.502344,43.524696]]]}},{"type":"Feature","properties":{"krov":"ROOF_NOT_FLAT","visina":9.0169,"kota_vrha":73.80687969},"geometry":{"type":"MultiPolygon","coordinates":[[[[16.502344,43.524696],[16.502344,43.524698],[16.502345,43.524698],[16.502344,43.524696]]],[[[16.502332,43.524701],[16.502326,43.52469],[16.50232,43.524701],[16.502307,43.524701],[16.502295,43.524701],[16.502295,43.52471],[16.502301,43.52471],[16.502301,43.52471],[16.502332,43.524701]]]]}},{"type":"Feature","properties":{"krov":"ROOF_FLAT","visina":3.4786,"kota_vrha":79.80457969},"geometry":{"type":"Polygon","coordinates":[[[16.508486,43.524688],[16.508474,43.524659],[16.508422,43.52467],[16.508431,43.52471],[16.508431,43.524728],[16.508443,43.524728],[16.50848,43.524728],[16.508493,43.524728],[16.508493,43.524701],[16.508486,43.524688]]]}},{"type":"Feature","properties":{"krov":"ROOF_FLAT","visina":2.7372,"kota_vrha":24.99017969},"geometry":{"type":"Polygon","coordinates":[[[16.490654,43.524719],[16.490639,43.524722],[16.49065,43.52473],[16.490654,43.524719]]]}},{"type":"Feature","properties":{"krov":"ROOF_FLAT","visina":3.5631,"kota_vrha":79.41807969},"geometry":{"type":"Polygon","coordinates":[[[16.508351,43.524662],[16.508313,43.524654],[16.508307,43.524701],[16.508307,43.52471],[16.50832,43.52471],[16.508326,43.524732],[16.508361,43.524713],[16.508351,43.524662]]]}},{"type":"Feature","properties":{"krov":"ROOF_NOT_FLAT","visina":4.4093,"kota_vrha":26.66227969},"geometry":{"type":"Polygon","coordinates":[[[16.490629,43.524719],[16.490617,43.524719],[16.490601,43.524724],[16.490617,43.524728],[16.490617,43.524737],[16.490629,43.524737],[16.490629,43.524728],[16.490629,43.524719]]]}},{"type":"Feature","properties":{"krov":"ROOF_NOT_FLAT","visina":3.5034,"kota_vrha":30.92537969},"geometry":{"type":"Polygon","coordinates":[[[16.492794,43.524737],[16.492794,43.524728],[16.492807,43.524728],[16.492819,43.524728],[16.492831,43.524728],[16.492844,43.524728],[16.492844,43.524719],[16.492839,43.524694],[16.492819,43.524701],[16.492769,43.524701],[16.492769,43.524719],[16.492769,43.524728],[16.492769,43.524737],[16.492782,43.524737],[16.492794,43.524737]]]}},{"type":"Feature","properties":{"krov":"ROOF_FLAT","visina":5.6374,"kota_vrha":30.26737969},"geometry":{"type":"Polygon","coordinates":[[[16.493521,43.524683],[16.493522,43.524689],[16.493522,43.524692],[16.493524,43.524692],[16.493536,43.524692],[16.493536,43.524737],[16.493574,43.524737],[16.493574,43.524674],[16.493574,43.524665],[16.493536,43.524665],[16.493536,43.524674],[16.493524,43.524674],[16.493524,43.524683],[16.493521,43.524683]]]}},{"type":"Feature","properties":{"krov":"ROOF_NOT_FLAT","visina":5.1904,"kota_vrha":30.05437969},"geometry":{"type":"Polygon","coordinates":[[[16.493522,43.524692],[16.493522,43.524689],[16.493521,43.524683],[16.493512,43.524683],[16.493512,43.524674],[16.493499,43.524674],[16.493487,43.524674],[16.493475,43.524674],[16.493462,43.524674],[16.49345,43.524674],[16.49345,43.524683],[16.49345,43.524692],[16.493462,43.524692],[16.493475,43.524692],[16.493487,43.524692],[16.493499,43.524692],[16.493512,43.524692],[16.493522,43.524692]]]}},{"type":"Feature","properties":{"krov":"ROOF_FLAT","visina":3.314,"kota_vrha":28.60397969},"geometry":{"type":"MultiPolygon","coordinates":[[[[16.494345,43.524566],[16.494343,43.524557],[16.494341,43.524557],[16.494341,43.524566],[16.494345,43.524566]]],[[[16.494378,43.524697],[16.494378,43.524692],[16.49439,43.524692],[16.49439,43.524683],[16.49439,43.524674],[16.494378,43.524674],[16.494365,43.524674],[16.494365,43.524665],[16.494353,43.524665],[16.494353,43.524656],[16.494365,43.524656],[16.494366,43.524656],[16.494364,43.524647],[16.494353,43.524647],[16.494353,43.524638],[16.494353,43.524629],[16.494341,43.524629],[16.494341,43.524611],[16.494341,43.524602],[16.494353,43.524602],[16.494353,43.524611],[16.494353,43.52462],[16.494358,43.52462],[16.494351,43.524593],[16.494341,43.524593],[16.494341,43.524584],[16.494341,43.524575],[16.494328,43.524575],[16.494328,43.524566],[16.494316,43.524566],[16.494316,43.524557],[16.494309,43.524557],[16.49429,43.524559],[16.494279,43.52456],[16.494279,43.524562],[16.49428,43.524566],[16.494291,43.524566],[16.494291,43.524602],[16.494303,43.524602],[16.494303,43.524638],[16.494303,43.524656],[16.494316,43.524656],[16.494316,43.524665],[16.494316,43.524674],[16.494316,43.524683],[16.494316,43.524692],[16.494316,43.524701],[16.494316,43.524704],[16.494378,43.524697]]]]}},{"type":"Feature","properties":{"krov":"ROOF_NOT_FLAT","visina":3.6526,"kota_vrha":28.68357969},"geometry":{"type":"Polygon","coordinates":[[[16.494309,43.524557],[16.494303,43.524557],[16.494291,43.524557],[16.494285,43.524546],[16.494279,43.524557],[16.494279,43.52456],[16.49429,43.524559],[16.494309,43.524557]]]}},{"type":"Feature","properties":{"krov":"ROOF_NOT_FLAT","visina":3.5045,"kota_vrha":28.85547969},"geometry":{"type":"Polygon","coordinates":[[[16.494378,43.524697],[16.494316,43.524704],[16.494316,43.52471],[16.494328,43.52471],[16.494328,43.524737],[16.49439,43.524737],[16.49439,43.524728],[16.49439,43.52471],[16.49439,43.524701],[16.494378,43.524701],[16.494378,43.524697]]]}},{"type":"Feature","properties":{"krov":"ROOF_NOT_FLAT","visina":4.3658,"kota_vrha":29.65177969},"geometry":{"type":"Polygon","coordinates":[[[16.494343,43.524557],[16.494345,43.524566],[16.494353,43.524566],[16.494353,43.524575],[16.494353,43.524584],[16.494353,43.524593],[16.494351,43.524593],[16.494358,43.52462],[16.494365,43.52462],[16.494365,43.524629],[16.494365,43.524638],[16.494365,43.524647],[16.494364,43.524647],[16.494366,43.524656],[16.494378,43.524656],[16.494402,43.524656],[16.49442,43.524645],[16.494402,43.524584],[16.494402,43.524557],[16.494353,43.524557],[16.494343,43.524557]]]}},{"type":"Feature","properties":{"krov":"ROOF_NOT_FLAT","visina":8.4126,"kota_vrha":69.58557969},"geometry":{"type":"Polygon","coordinates":[[[16.501095,43.524733],[16.501095,43.524729],[16.501092,43.52473],[16.501083,43.524732],[16.501083,43.524738],[16.501094,43.524738],[16.501095,43.524733]]]}},{"type":"Feature","properties":{"krov":"ROOF_NOT_FLAT","visina":3.9085,"kota_vrha":65.19947969},"geometry":{"type":"MultiPolygon","coordinates":[[[[16.501095,43.524729],[16.501095,43.524729],[16.501092,43.524729],[16.501092,43.52473],[16.501095,43.524729]]],[[[16.501095,43.524733],[16.501094,43.524738],[16.501095,43.524738],[16.501095,43.524733]]]]}},{"type":"Feature","properties":{"krov":"ROOF_NOT_FLAT","visina":3.9085,"kota_vrha":65.19947969},"geometry":{"type":"Polygon","coordinates":[[[16.501092,43.52473],[16.501092,43.524729],[16.501083,43.524729],[16.501083,43.524732],[16.501092,43.52473]]]}},{"type":"Feature","properties":{"krov":"ROOF_NOT_FLAT","visina":3.2009,"kota_vrha":67.16587969},"geometry":{"type":"Polygon","coordinates":[[[16.502048,43.524719],[16.502035,43.52472],[16.502035,43.524729],[16.502035,43.524738],[16.502048,43.524738],[16.50206,43.524738],[16.502072,43.524738],[16.502072,43.524729],[16.502088,43.524724],[16.502072,43.524719],[16.50206,43.524719],[16.502048,43.524719]]]}},{"type":"Feature","properties":{"krov":"ROOF_FLAT","visina":6.1753,"kota_vrha":75.85827969},"geometry":{"type":"Polygon","coordinates":[[[16.504921,43.524683],[16.504941,43.524683],[16.504942,43.52471],[16.504942,43.52471],[16.504942,43.524701],[16.504942,43.524692],[16.504955,43.524692],[16.504955,43.524701],[16.504955,43.52471],[16.504955,43.524719],[16.504955,43.524728],[16.504942,43.524728],[16.50493,43.524728],[16.504922,43.524728],[16.504922,43.524737],[16.50493,43.524737],[16.50493,43.524746],[16.504942,43.524746],[16.504955,43.524746],[16.504967,43.524746],[16.504979,43.524746],[16.505004,43.524746],[16.505045,43.524743],[16.505037,43.524645],[16.505004,43.524656],[16.504967,43.524656],[16.504955,43.524656],[16.50493,43.524656],[16.50493,43.524665],[16.50493,43.524674],[16.50492,43.524674],[16.504921,43.524683]]]}},{"type":"Feature","properties":{"krov":"ROOF_NOT_FLAT","visina":7.7058,"kota_vrha":77.46077969},"geometry":{"type":"Polygon","coordinates":[[[16.504921,43.524683],[16.504918,43.524683],[16.504918,43.524683],[16.504918,43.524692],[16.504918,43.52471],[16.50493,43.52471],[16.504942,43.52471],[16.504941,43.524683],[16.504921,43.524683]]]}},{"type":"Feature","properties":{"krov":"ROOF_NOT_FLAT","visina":3.719,"kota_vrha":35.60097969},"geometry":{"type":"Polygon","coordinates":[[[16.496996,43.524761],[16.497,43.524755],[16.497013,43.524755],[16.497025,43.524755],[16.49705,43.524755],[16.49705,43.524746],[16.497074,43.524746],[16.497074,43.524737],[16.497074,43.524719],[16.497074,43.52471],[16.497062,43.52471],[16.497062,43.524701],[16.497062,43.524692],[16.497056,43.524681],[16.49705,43.524692],[16.497037,43.524692],[16.497025,43.524692],[16.497013,43.524692],[16.497,43.524692],[16.496988,43.524692],[16.496976,43.524692],[16.496967,43.524692],[16.496967,43.524693],[16.496963,43.524694],[16.496963,43.524701],[16.496951,43.524701],[16.496938,43.524701],[16.496938,43.52471],[16.496923,43.524715],[16.496938,43.524719],[16.496938,43.524728],[16.496938,43.524737],[16.496938,43.524746],[16.496953,43.524768],[16.496996,43.524761]]]}},{"type":"Feature","properties":{"krov":"ROOF_NOT_FLAT","visina":9.1791,"kota_vrha":31.95807969},"geometry":{"type":"Polygon","coordinates":[[[16.490926,43.524764],[16.490926,43.524719],[16.490926,43.52471],[16.490926,43.524701],[16.490926,43.524692],[16.490914,43.524692],[16.490901,43.524692],[16.490877,43.524692],[16.490815,43.524692],[16.490803,43.524692],[16.490778,43.524692],[16.490753,43.524692],[16.490741,43.524692],[16.490728,43.524692],[16.490728,43.524701],[16.490728,43.52471],[16.490728,43.524719],[16.490728,43.524737],[16.490728,43.524755],[16.490716,43.524755],[16.490716,43.524764],[16.490716,43.524773],[16.490728,43.524773],[16.490728,43.524764],[16.490741,43.524764],[16.490741,43.524755],[16.490753,43.524755],[16.490753,43.524746],[16.490765,43.524746],[16.490765,43.524737],[16.490778,43.524737],[16.49079,43.524737],[16.490803,43.524737],[16.490815,43.524737],[16.490827,43.524737],[16.49084,43.524737],[16.490852,43.524737],[16.490864,43.524737],[16.490864,43.524746],[16.490877,43.524746],[16.490889,43.524746],[16.490889,43.524755],[16.490901,43.524755],[16.490901,43.524764],[16.490914,43.524764],[16.490914,43.524773],[16.490926,43.524773],[16.490926,43.524764]]]}},{"type":"Feature","properties":{"krov":"ROOF_NOT_FLAT","visina":3.9085,"kota_vrha":65.19947969},"geometry":{"type":"Polygon","coordinates":[[[16.501153,43.524729],[16.501144,43.524729],[16.501132,43.524729],[16.50112,43.524729],[16.501107,43.524729],[16.501107,43.524738],[16.50112,43.524738],[16.50112,43.524747],[16.501132,43.524747],[16.501132,43.524756],[16.501132,43.524765],[16.501132,43.524774],[16.501142,43.524774],[16.501153,43.524729]]]}},{"type":"Feature","properties":{"krov":"ROOF_NOT_FLAT","visina":3.6124,"kota_vrha":65.31037969},"geometry":{"type":"Polygon","coordinates":[[[16.501153,43.524729],[16.501142,43.524774],[16.501144,43.524774],[16.501155,43.524774],[16.501157,43.524768],[16.501157,43.524768],[16.501157,43.524765],[16.501157,43.524756],[16.501169,43.524756],[16.501169,43.524747],[16.501169,43.524738],[16.501169,43.524729],[16.501157,43.524729],[16.501153,43.524729]]]}},{"type":"Feature","properties":{"krov":"ROOF_FLAT","visina":9.4774,"kota_vrha":77.73237969},"geometry":{"type":"Polygon","coordinates":[[[16.505177,43.524746],[16.505165,43.524746],[16.505165,43.524773],[16.505177,43.524773],[16.505177,43.524746]]]}},{"type":"Feature","properties":{"krov":"ROOF_NOT_FLAT","visina":4.0593,"kota_vrha":74.17127969},"geometry":{"type":"Polygon","coordinates":[[[16.506278,43.524755],[16.506266,43.524755],[16.506266,43.524764],[16.506266,43.524773],[16.50625,43.524778],[16.506266,43.524782],[16.506278,43.524782],[16.506303,43.524782],[16.506315,43.524782],[16.506328,43.524782],[16.506328,43.524773],[16.506328,43.524764],[16.506315,43.524764],[16.506303,43.524764],[16.506303,43.524755],[16.506291,43.524755],[16.506278,43.524755]]]}},{"type":"Feature","properties":{"krov":"ROOF_FLAT","visina":5.1025,"kota_vrha":65.61247969},"geometry":{"type":"Polygon","coordinates":[[[16.500958,43.524787],[16.50097,43.524789],[16.500967,43.524781],[16.500958,43.524787]]]}},{"type":"Feature","properties":{"krov":"ROOF_NOT_FLAT","visina":8.6486,"kota_vrha":69.58557969},"geometry":{"type":"Polygon","coordinates":[[[16.50097,43.524789],[16.500958,43.524787],[16.500956,43.524788],[16.500971,43.524792],[16.50097,43.524789]]]}},{"type":"Feature","properties":{"krov":"ROOF_FLAT","visina":6.9107,"kota_vrha":75.07867969},"geometry":{"type":"Polygon","coordinates":[[[16.505187,43.524742],[16.505187,43.524742],[16.505202,43.524746],[16.505214,43.524746],[16.505214,43.524755],[16.505214,43.524764],[16.505214,43.524773],[16.505214,43.524782],[16.505214,43.524791],[16.505227,43.524791],[16.505239,43.524791],[16.505252,43.524791],[16.505264,43.524791],[16.505264,43.524782],[16.505276,43.524782],[16.505289,43.524782],[16.505313,43.524782],[16.505326,43.524782],[16.505326,43.524773],[16.505326,43.524764],[16.505326,43.524755],[16.505326,43.524746],[16.505326,43.524737],[16.505326,43.524719],[16.505326,43.52471],[16.505326,43.524701],[16.505326,43.524692],[16.505326,43.524683],[16.505313,43.524683],[16.505301,43.524683],[16.505289,43.524683],[16.505276,43.524683],[16.50526,43.524677],[16.505227,43.524674],[16.505214,43.524674],[16.505214,43.524692],[16.505214,43.524701],[16.505214,43.52471],[16.505214,43.524719],[16.505214,43.524728],[16.505214,43.524737],[16.505202,43.524737],[16.505187,43.524742]]]}},{"type":"Feature","properties":{"krov":"ROOF_FLAT","visina":5.1025,"kota_vrha":65.61247969},"geometry":{"type":"Polygon","coordinates":[[[16.500996,43.524752],[16.500948,43.524756],[16.500949,43.524765],[16.500959,43.524765],[16.500965,43.524776],[16.500971,43.524765],[16.500984,43.524765],[16.500996,43.524765],[16.500996,43.524756],[16.500996,43.524752]]]}},{"type":"Feature","properties":{"krov":"ROOF_NOT_FLAT","visina":3.9605,"kota_vrha":64.47047969},"geometry":{"type":"Polygon","coordinates":[[[16.500949,43.524765],[16.500948,43.524756],[16.500996,43.524752],[16.500996,43.524747],[16.501008,43.524747],[16.501021,43.524747],[16.501021,43.524738],[16.501033,43.524738],[16.501046,43.524738],[16.501058,43.524738],[16.501058,43.524729],[16.501046,43.524729],[16.501033,43.524729],[16.501021,43.524729],[16.501008,43.524729],[16.500996,43.524729],[16.500984,43.524729],[16.500971,43.524729],[16.500959,43.524729],[16.500947,43.524729],[16.500934,43.524729],[16.500922,43.524729],[16.500909,43.524729],[16.500909,43.524738],[16.500894,43.524742],[16.500909,43.524747],[16.500909,43.524756],[16.500909,43.524765],[16.500909,43.524774],[16.500909,43.524783],[16.500909,43.524792],[16.500909,43.524801],[16.500922,43.524801],[16.500934,43.524801],[16.500934,43.524792],[16.500934,43.524783],[16.500934,43.524774],[16.500934,43.524765],[16.500947,43.524765],[16.500949,43.524765]]]}},{"type":"Feature","properties":{"krov":"ROOF_FLAT","visina":5.0511,"kota_vrha":28.94607969},"geometry":{"type":"Polygon","coordinates":[[[16.490815,43.524791],[16.490806,43.524791],[16.490805,43.5248],[16.490815,43.5248],[16.490827,43.5248],[16.490827,43.524809],[16.49084,43.524809],[16.490852,43.524809],[16.490877,43.524809],[16.490877,43.524818],[16.490889,43.524818],[16.490914,43.524818],[16.490914,43.524809],[16.490914,43.5248],[16.490901,43.5248],[16.490877,43.5248],[16.490877,43.524791],[16.490864,43.524791],[16.490852,43.524791],[16.49084,43.524791],[16.490827,43.524791],[16.490815,43.524791]]]}},{"type":"Feature","properties":{"krov":"ROOF_NOT_FLAT","visina":9.8438,"kota_vrha":79.54977969},"geometry":{"type":"Polygon","coordinates":[[[16.505635,43.524734],[16.505709,43.524752],[16.505709,43.524746],[16.505697,43.524746],[16.505697,43.524737],[16.505709,43.524737],[16.505709,43.524728],[16.505709,43.524719],[16.505709,43.52471],[16.505697,43.52471],[16.505685,43.52471],[16.505685,43.524701],[16.505672,43.524701],[16.50566,43.524701],[16.505654,43.52469],[16.505647,43.524701],[16.505635,43.524701],[16.505635,43.52471],[16.505635,43.524719],[16.505635,43.524728],[16.505635,43.524734]]]}},{"type":"Feature","properties":{"krov":"ROOF_NOT_FLAT","visina":10.7442,"kota_vrha":80.23817969},"geometry":{"type":"Polygon","coordinates":[[[16.505709,43.524752],[16.505635,43.524734],[16.505635,43.524737],[16.505635,43.524746],[16.505635,43.524773],[16.505635,43.524782],[16.505635,43.524791],[16.505635,43.5248],[16.505635,43.524809],[16.505647,43.524809],[16.50566,43.524809],[16.505672,43.524809],[16.505672,43.524818],[16.505685,43.524818],[16.505697,43.524818],[16.505697,43.524809],[16.505697,43.5248],[16.505697,43.524791],[16.505697,43.524773],[16.505709,43.524773],[16.505709,43.524764],[16.505709,43.524755],[16.505709,43.524752]]]}},{"type":"Feature","properties":{"krov":"ROOF_FLAT","visina":2.4768,"kota_vrha":68.39877969},"geometry":{"type":"Polygon","coordinates":[[[16.503392,43.52482],[16.503396,43.524809],[16.503381,43.524813],[16.503392,43.52482]]]}},{"type":"Feature","properties":{"krov":"ROOF_NOT_FLAT","visina":2.2459,"kota_vrha":14.41087969},"geometry":{"type":"Polygon","coordinates":[[[16.488279,43.524791],[16.48826,43.524772],[16.488224,43.524791],[16.48827,43.524821],[16.488291,43.5248],[16.488291,43.524791],[16.488279,43.524791]]]}},{"type":"Feature","properties":{"krov":"ROOF_NOT_FLAT","visina":8.4126,"kota_vrha":69.58557969},"geometry":{"type":"Polygon","coordinates":[[[16.50107,43.52479],[16.50107,43.524783],[16.50107,43.524774],[16.50107,43.524756],[16.50107,43.524747],[16.501083,43.524747],[16.501083,43.524738],[16.50107,43.524738],[16.501061,43.524738],[16.501058,43.524738],[16.501058,43.524747],[16.501046,43.524747],[16.501033,43.524747],[16.501023,43.524747],[16.501021,43.524747],[16.501021,43.524756],[16.501021,43.524765],[16.501008,43.524765],[16.501008,43.524774],[16.501008,43.524783],[16.501008,43.524792],[16.500996,43.524792],[16.500996,43.524792],[16.500995,43.524792],[16.501027,43.524797],[16.50105,43.5248],[16.50107,43.52479]]]}},{"type":"Feature","properties":{"krov":"ROOF_NOT_FLAT","visina":3.9085,"kota_vrha":65.19947969},"geometry":{"type":"Polygon","coordinates":[[[16.50114,43.524783],[16.501132,43.524783],[16.501132,43.524791],[16.501137,43.524792],[16.50114,43.524783]]]}},{"type":"Feature","properties":{"krov":"ROOF_NOT_FLAT","visina":7.2475,"kota_vrha":68.92347969},"geometry":{"type":"Polygon","coordinates":[[[16.501144,43.524793],[16.501137,43.524792],[16.501132,43.524791],[16.501132,43.524792],[16.50112,43.524792],[16.501107,43.524792],[16.501095,43.524792],[16.501083,43.524792],[16.50107,43.524792],[16.50107,43.52479],[16.50105,43.5248],[16.501157,43.524814],[16.501157,43.52481],[16.501157,43.524801],[16.501144,43.524801],[16.501144,43.524793]]]}},{"type":"Feature","properties":{"krov":"ROOF_NOT_FLAT","visina":8.6486,"kota_vrha":69.58557969},"geometry":{"type":"Polygon","coordinates":[[[16.501157,43.524814],[16.50105,43.5248],[16.501027,43.524797],[16.500995,43.524792],[16.500989,43.524792],[16.500984,43.524792],[16.500971,43.524792],[16.500971,43.524801],[16.500984,43.524801],[16.500996,43.524801],[16.501008,43.524801],[16.501008,43.52481],[16.501021,43.52481],[16.501033,43.52481],[16.501046,43.52481],[16.501058,43.52481],[16.50107,43.52481],[16.50107,43.524819],[16.501083,43.524819],[16.501095,43.524819],[16.501107,43.524819],[16.50112,43.524819],[16.501132,43.524819],[16.501132,43.524828],[16.501144,43.524828],[16.501144,43.524819],[16.501157,43.524819],[16.501157,43.524814]]]}},{"type":"Feature","properties":{"krov":"ROOF_NOT_FLAT","visina":3.6124,"kota_vrha":65.31037969},"geometry":{"type":"Polygon","coordinates":[[[16.50114,43.524783],[16.501137,43.524792],[16.501144,43.524793],[16.501144,43.524792],[16.501144,43.524783],[16.50114,43.524783]]]}},{"type":"Feature","properties":{"krov":"ROOF_NOT_FLAT","visina":6.108,"kota_vrha":75.59897969},"geometry":{"type":"Polygon","coordinates":[[[16.504757,43.524811],[16.504757,43.524809],[16.504757,43.5248],[16.504757,43.524791],[16.504757,43.524782],[16.504732,43.524782],[16.504707,43.524782],[16.50467,43.524782],[16.50467,43.524791],[16.50467,43.5248],[16.50467,43.524809],[16.50467,43.524813],[16.504757,43.524811]]]}},{"type":"Feature","properties":{"krov":"ROOF_NOT_FLAT","visina":7.5607,"kota_vrha":76.06567969},"geometry":{"type":"Polygon","coordinates":[[[16.504757,43.524811],[16.50467,43.524813],[16.50467,43.524818],[16.50467,43.524827],[16.50467,43.524836],[16.50467,43.524845],[16.504683,43.524845],[16.504683,43.524836],[16.504695,43.524836],[16.504707,43.524836],[16.504707,43.524827],[16.50472,43.524827],[16.504732,43.524827],[16.504732,43.524818],[16.504744,43.524818],[16.504757,43.524818],[16.504757,43.524811]]]}},{"type":"Feature","properties":{"krov":"ROOF_FLAT","visina":3.814,"kota_vrha":73.57997969},"geometry":{"type":"Polygon","coordinates":[[[16.506016,43.524833],[16.505971,43.524825],[16.50597,43.524827],[16.505981,43.524827],[16.505981,43.524836],[16.505994,43.524836],[16.505994,43.524845],[16.506006,43.524845],[16.506006,43.524836],[16.506015,43.524836],[16.506016,43.524833]]]}},{"type":"Feature","properties":{"krov":"ROOF_NOT_FLAT","visina":3.7708,"kota_vrha":73.51577969},"geometry":{"type":"Polygon","coordinates":[[[16.505969,43.524825],[16.505971,43.524825],[16.506016,43.524833],[16.506031,43.524835],[16.506031,43.524827],[16.506043,43.524827],[16.506049,43.524838],[16.50605,43.524838],[16.506056,43.524827],[16.506056,43.524818],[16.506056,43.524809],[16.506043,43.524809],[16.506031,43.524809],[16.506019,43.524809],[16.506006,43.524809],[16.506006,43.5248],[16.505994,43.5248],[16.505981,43.5248],[16.505969,43.5248],[16.505969,43.524809],[16.505969,43.524818],[16.505969,43.524825]]]}},{"type":"Feature","properties":{"krov":"ROOF_FLAT","visina":5.979,"kota_vrha":75.71997969},"geometry":{"type":"Polygon","coordinates":[[[16.505971,43.524825],[16.505969,43.524825],[16.505969,43.524827],[16.50597,43.524827],[16.505971,43.524825]]]}},{"type":"Feature","properties":{"krov":"ROOF_NOT_FLAT","visina":2.7734,"kota_vrha":17.49537969},"geometry":{"type":"Polygon","coordinates":[[[16.487319,43.524826],[16.487324,43.524797],[16.487252,43.524782],[16.48724,43.524782],[16.48724,43.524791],[16.48724,43.5248],[16.487227,43.5248],[16.487227,43.524836],[16.48724,43.524836],[16.48724,43.524845],[16.487277,43.524845],[16.487277,43.524853],[16.487279,43.524854],[16.487289,43.524854],[16.487302,43.524854],[16.487302,43.524845],[16.487302,43.524836],[16.487319,43.524826]]]}},{"type":"Feature","properties":{"krov":"ROOF_FLAT","visina":6.9705,"kota_vrha":32.90847969},"geometry":{"type":"MultiPolygon","coordinates":[[[[16.493976,43.524762],[16.493974,43.524755],[16.49397,43.524755],[16.493969,43.524755],[16.493969,43.524763],[16.493976,43.524762]]],[[[16.493957,43.524764],[16.493945,43.524764],[16.493945,43.524766],[16.493957,43.524764]]]]}},{"type":"Feature","properties":{"krov":"ROOF_NOT_FLAT","visina":11.6985,"kota_vrha":38.06447969},"geometry":{"type":"Polygon","coordinates":[[[16.493942,43.524845],[16.493941,43.524844],[16.493941,43.52484],[16.493895,43.524844],[16.493895,43.524845],[16.493895,43.524854],[16.493908,43.524854],[16.49392,43.524854],[16.493932,43.524854],[16.493932,43.524845],[16.493942,43.524845]]]}},{"type":"Feature","properties":{"krov":"ROOF_NOT_FLAT","visina":10.0046,"kota_vrha":35.64057969},"geometry":{"type":"MultiPolygon","coordinates":[[[[16.493974,43.524755],[16.493976,43.524762],[16.493987,43.524815],[16.493987,43.524816],[16.493967,43.524818],[16.493969,43.524818],[16.493982,43.524818],[16.493982,43.524827],[16.493982,43.524836],[16.493994,43.524836],[16.494007,43.524836],[16.494019,43.524836],[16.494031,43.524836],[16.494044,43.524836],[16.494056,43.524836],[16.494056,43.524827],[16.494068,43.524827],[16.494068,43.524818],[16.494068,43.524809],[16.494068,43.5248],[16.494056,43.5248],[16.494056,43.524782],[16.494056,43.524755],[16.494019,43.524755],[16.494019,43.524764],[16.493994,43.524764],[16.493982,43.524764],[16.493982,43.524755],[16.493974,43.524755]]],[[[16.493945,43.524821],[16.493937,43.524821],[16.493941,43.52484],[16.493941,43.524844],[16.493942,43.524845],[16.493945,43.524845],[16.493945,43.524836],[16.493945,43.524827],[16.493945,43.524821]]]]}},{"type":"Feature","properties":{"krov":"ROOF_NOT_FLAT","visina":10.9433,"kota_vrha":36.90127969},"geometry":{"type":"Polygon","coordinates":[[[16.493941,43.52484],[16.493937,43.524821],[16.493945,43.524821],[16.493945,43.524818],[16.493957,43.524818],[16.493967,43.524818],[16.493987,43.524816],[16.493987,43.524815],[16.493976,43.524762],[16.493969,43.524763],[16.493969,43.524764],[16.493957,43.524764],[16.493957,43.524764],[16.493945,43.524766],[16.493945,43.524773],[16.493932,43.524773],[16.49392,43.524773],[16.493908,43.524773],[16.493908,43.524782],[16.493908,43.524791],[16.493908,43.5248],[16.493895,43.5248],[16.493895,43.524809],[16.493895,43.524818],[16.493895,43.524827],[16.493895,43.524836],[16.493895,43.524844],[16.493941,43.52484]]]}},{"type":"Feature","properties":{"krov":"ROOF_FLAT","visina":2.3176,"kota_vrha":68.18857969},"geometry":{"type":"Polygon","coordinates":[[[16.503416,43.52484],[16.503396,43.524842],[16.503396,43.524845],[16.503396,43.524854],[16.503408,43.524854],[16.503421,43.524854],[16.503437,43.52485],[16.503421,43.524845],[16.503421,43.524839],[16.503416,43.52484]]]}},{"type":"Feature","properties":{"krov":"ROOF_FLAT","visina":2.4768,"kota_vrha":68.39877969},"geometry":{"type":"Polygon","coordinates":[[[16.503416,43.52484],[16.503415,43.524836],[16.503408,43.524836],[16.503396,43.524836],[16.503396,43.524842],[16.503416,43.52484]]]}},{"type":"Feature","properties":{"krov":"ROOF_FLAT","visina":2.3842,"kota_vrha":30.10717969},"geometry":{"type":"Polygon","coordinates":[[[16.492683,43.524771],[16.492683,43.524764],[16.492683,43.524755],[16.492683,43.524746],[16.492676,43.524727],[16.492626,43.524741],[16.492633,43.524764],[16.492633,43.524773],[16.492621,43.524773],[16.492621,43.524775],[16.492621,43.524778],[16.492683,43.524771]]]}},{"type":"Feature","properties":{"krov":"ROOF_FLAT","visina":2.5034,"kota_vrha":30.18137969},"geometry":{"type":"Polygon","coordinates":[[[16.492683,43.524771],[16.492621,43.524778],[16.492621,43.524778],[16.492621,43.524782],[16.492609,43.524782],[16.492609,43.52479],[16.492738,43.52478],[16.492751,43.524852],[16.492745,43.524853],[16.492745,43.524854],[16.492757,43.524854],[16.492757,43.524845],[16.492757,43.524836],[16.492757,43.524827],[16.492757,43.524818],[16.492757,43.5248],[16.492757,43.524791],[16.492745,43.524791],[16.492745,43.524782],[16.492745,43.524773],[16.492732,43.524773],[16.49272,43.524773],[16.492708,43.524773],[16.492695,43.524773],[16.492683,43.524773],[16.492683,43.524771]]]}},{"type":"Feature","properties":{"krov":"ROOF_NOT_FLAT","visina":3.1661,"kota_vrha":30.94807969},"geometry":{"type":"Polygon","coordinates":[[[16.492745,43.524853],[16.492751,43.524852],[16.492738,43.52478],[16.492609,43.52479],[16.492609,43.524791],[16.492596,43.524791],[16.492596,43.5248],[16.492604,43.524822],[16.492609,43.524854],[16.492609,43.524863],[16.492621,43.524863],[16.492633,43.524863],[16.492633,43.524854],[16.492683,43.524854],[16.492695,43.524854],[16.492695,43.524845],[16.492732,43.524845],[16.492745,43.524845],[16.492745,43.524853]]]}},{"type":"Feature","properties":{"krov":"ROOF_FLAT","visina":2.0946,"kota_vrha":29.78257969},"geometry":{"type":"Polygon","coordinates":[[[16.493141,43.524845],[16.493128,43.524845],[16.493111,43.524854],[16.493128,43.524863],[16.49319,43.524863],[16.49319,43.524845],[16.493153,43.524845],[16.493141,43.524845]]]}},{"type":"Feature","properties":{"krov":"ROOF_FLAT","visina":7.5397,"kota_vrha":33.77367969},"geometry":{"type":"Polygon","coordinates":[[[16.494019,43.524863],[16.494031,43.524863],[16.494031,43.524854],[16.494019,43.524854],[16.494019,43.524863]]]}},{"type":"Feature","properties":{"krov":"ROOF_NOT_FLAT","visina":3.0542,"kota_vrha":29.06017969},"geometry":{"type":"Polygon","coordinates":[[[16.494167,43.524845],[16.494167,43.524836],[16.494167,43.524827],[16.494155,43.524827],[16.494143,43.524827],[16.494143,43.524836],[16.494143,43.524845],[16.49413,43.524845],[16.49413,43.524854],[16.49413,43.524863],[16.494143,43.524863],[16.494155,43.524863],[16.494167,43.524863],[16.494183,43.524859],[16.494167,43.524854],[16.494167,43.524845]]]}},{"type":"Feature","properties":{"krov":"ROOF_NOT_FLAT","visina":3.6541,"kota_vrha":32.94507969},"geometry":{"type":"Polygon","coordinates":[[[16.495639,43.524822],[16.495643,43.524827],[16.495652,43.524827],[16.495652,43.524836],[16.495652,43.52484],[16.495655,43.524845],[16.495664,43.524845],[16.495664,43.524854],[16.495664,43.524858],[16.495668,43.524863],[16.495677,43.524863],[16.495718,43.524848],[16.495738,43.524845],[16.495742,43.524845],[16.495751,43.524843],[16.495751,43.524836],[16.495772,43.524833],[16.495821,43.524815],[16.495825,43.524809],[16.495837,43.524809],[16.495837,43.5248],[16.495827,43.524772],[16.495813,43.524764],[16.495719,43.524796],[16.495677,43.524809],[16.495652,43.524818],[16.495639,43.524818],[16.495639,43.524822]]]}},{"type":"Feature","properties":{"krov":"ROOF_NOT_FLAT","visina":3.2854,"kota_vrha":32.34137969},"geometry":{"type":"MultiPolygon","coordinates":[[[[16.495643,43.524827],[16.495639,43.524822],[16.495639,43.524827],[16.495643,43.524827]]],[[[16.495655,43.524845],[16.495652,43.52484],[16.495652,43.524845],[16.495655,43.524845]]],[[[16.495668,43.524863],[16.495664,43.524858],[16.495664,43.524863],[16.495668,43.524863]]]]}},{"type":"Feature","properties":{"krov":"ROOF_FLAT","visina":7.5397,"kota_vrha":33.77367969},"geometry":{"type":"Polygon","coordinates":[[[16.494019,43.524863],[16.494013,43.524863],[16.494015,43.524872],[16.494019,43.524872],[16.494019,43.524863]]]}},{"type":"Feature","properties":{"krov":"ROOF_NOT_FLAT","visina":10.0046,"kota_vrha":35.64057969},"geometry":{"type":"Polygon","coordinates":[[[16.494015,43.524872],[16.494013,43.524863],[16.494007,43.524863],[16.494,43.524852],[16.493994,43.524863],[16.493994,43.524872],[16.494007,43.524872],[16.494015,43.524872]]]}},{"type":"Feature","properties":{"krov":"ROOF_NOT_FLAT","visina":3.2854,"kota_vrha":32.34137969},"geometry":{"type":"Polygon","coordinates":[[[16.495664,43.524863],[16.495652,43.524863],[16.495652,43.524854],[16.495652,43.524845],[16.495639,43.524845],[16.495639,43.524836],[16.495639,43.524827],[16.495627,43.524827],[16.495627,43.524836],[16.495614,43.52484],[16.495615,43.524842],[16.495627,43.524845],[16.495627,43.524854],[16.495627,43.524861],[16.495629,43.524863],[16.495639,43.524863],[16.495639,43.524872],[16.495652,43.524872],[16.495658,43.524872],[16.495664,43.52487],[16.495664,43.524863]]]}},{"type":"Feature","properties":{"krov":"ROOF_FLAT","visina":10.1156,"kota_vrha":72.61457969},"geometry":{"type":"Polygon","coordinates":[[[16.501454,43.52479],[16.501491,43.524794],[16.501491,43.524792],[16.501491,43.524783],[16.501491,43.524774],[16.501503,43.524774],[16.501503,43.524765],[16.501491,43.524765],[16.501479,43.524765],[16.501466,43.524765],[16.501454,43.524765],[16.501454,43.524774],[16.501454,43.524783],[16.501454,43.524787],[16.501454,43.524787],[16.501454,43.524789],[16.501454,43.52479]]]}},{"type":"Feature","properties":{"krov":"ROOF_NOT_FLAT","visina":14.1417,"kota_vrha":76.62667969},"geometry":{"type":"Polygon","coordinates":[[[16.501491,43.524794],[16.501454,43.52479],[16.501454,43.524792],[16.501454,43.524801],[16.501454,43.524819],[16.501443,43.524819],[16.501442,43.524823],[16.501441,43.524823],[16.501441,43.524837],[16.501426,43.524841],[16.501441,43.524846],[16.501441,43.524852],[16.501451,43.524853],[16.50145,43.524855],[16.501454,43.524855],[16.501454,43.524864],[16.501466,43.524864],[16.501503,43.524864],[16.501516,43.524864],[16.501516,43.524873],[16.501528,43.524873],[16.501565,43.524873],[16.501577,43.524873],[16.501577,43.524855],[16.50159,43.524855],[16.50159,43.524846],[16.50159,43.524828],[16.50159,43.52481],[16.50159,43.524801],[16.501602,43.524801],[16.501602,43.524792],[16.501602,43.524774],[16.501577,43.524774],[16.501565,43.524774],[16.501565,43.524783],[16.501553,43.524783],[16.501553,43.524774],[16.50154,43.524774],[16.50154,43.524783],[16.50154,43.524801],[16.501528,43.524801],[16.501516,43.524801],[16.501503,43.524801],[16.501491,43.524801],[16.501491,43.524794]]]}},{"type":"Feature","properties":{"krov":"ROOF_FLAT","visina":2.6243,"kota_vrha":28.89027969},"geometry":{"type":"Polygon","coordinates":[[[16.493769,43.524836],[16.493771,43.524846],[16.493771,43.524845],[16.493771,43.524836],[16.493769,43.524836]]]}},{"type":"Feature","properties":{"krov":"ROOF_NOT_FLAT","visina":8.6826,"kota_vrha":35.06757969},"geometry":{"type":"Polygon","coordinates":[[[16.493866,43.524837],[16.493862,43.524837],[16.493858,43.524845],[16.493846,43.524845],[16.493846,43.524854],[16.493833,43.524854],[16.493821,43.524854],[16.493809,43.524854],[16.493796,43.524854],[16.493784,43.524854],[16.493771,43.524854],[16.493771,43.524847],[16.493759,43.524848],[16.493759,43.524854],[16.493752,43.524854],[16.493752,43.524855],[16.493753,43.524863],[16.493759,43.524863],[16.493771,43.524863],[16.493771,43.524872],[16.493771,43.524881],[16.493784,43.524881],[16.493796,43.524881],[16.493809,43.524881],[16.493821,43.524881],[16.493821,43.524872],[16.493833,43.524872],[16.493846,43.524872],[16.493858,43.524872],[16.493858,43.524863],[16.49387,43.524863],[16.49387,43.524854],[16.49387,43.524845],[16.493866,43.524837]]]}},{"type":"Feature","properties":{"krov":"ROOF_NOT_FLAT","visina":5.219,"kota_vrha":31.56297969},"geometry":{"type":"MultiPolygon","coordinates":[[[[16.493771,43.524846],[16.493769,43.524836],[16.493759,43.524836],[16.493748,43.524836],[16.49375,43.524845],[16.493759,43.524845],[16.493759,43.524848],[16.493771,43.524847],[16.493771,43.524846]]]]}},{"type":"Feature","properties":{"krov":"ROOF_NOT_FLAT","visina":6.2199,"kota_vrha":32.31087969},"geometry":{"type":"Polygon","coordinates":[[[16.493866,43.524837],[16.493864,43.524834],[16.493862,43.524837],[16.493866,43.524837]]]}},{"type":"Feature","properties":{"krov":"ROOF_NOT_FLAT","visina":7.1165,"kota_vrha":33.39147969},"geometry":{"type":"Polygon","coordinates":[[[16.49371,43.524863],[16.493709,43.524859],[16.493701,43.524818],[16.493697,43.524818],[16.493685,43.524818],[16.493635,43.524827],[16.493616,43.524831],[16.493623,43.524863],[16.493623,43.524872],[16.493635,43.524872],[16.493648,43.524872],[16.49366,43.524872],[16.493673,43.524872],[16.493685,43.524872],[16.493697,43.524872],[16.493697,43.524863],[16.49371,43.524863],[16.49371,43.524863]]]}},{"type":"Feature","properties":{"krov":"ROOF_NOT_FLAT","visina":7.0033,"kota_vrha":33.20027969},"geometry":{"type":"Polygon","coordinates":[[[16.493753,43.524863],[16.493752,43.524855],[16.493752,43.524854],[16.493747,43.524854],[16.493747,43.524845],[16.49375,43.524845],[16.493748,43.524836],[16.493747,43.524836],[16.493747,43.524828],[16.493747,43.524827],[16.493734,43.524827],[16.493734,43.524818],[16.49371,43.524818],[16.493701,43.524818],[16.493709,43.524859],[16.49371,43.524863],[16.493722,43.524863],[16.493734,43.524863],[16.493747,43.524863],[16.493753,43.524863]]]}},{"type":"Feature","properties":{"krov":"ROOF_NOT_FLAT","visina":3.7708,"kota_vrha":73.51577969},"geometry":{"type":"Polygon","coordinates":[[[16.505951,43.524818],[16.50595,43.524821],[16.505957,43.524822],[16.505957,43.524818],[16.505951,43.524818]]]}},{"type":"Feature","properties":{"krov":"ROOF_FLAT","visina":5.979,"kota_vrha":75.71997969},"geometry":{"type":"Polygon","coordinates":[[[16.50595,43.524821],[16.505951,43.524818],[16.505944,43.524818],[16.505944,43.5248],[16.505932,43.5248],[16.505932,43.524791],[16.50592,43.524791],[16.505907,43.524791],[16.505907,43.524773],[16.505895,43.524773],[16.505883,43.524773],[16.505876,43.524762],[16.50587,43.524773],[16.50587,43.524782],[16.505858,43.524782],[16.505858,43.524791],[16.505858,43.524809],[16.505845,43.524809],[16.505845,43.524818],[16.505833,43.524818],[16.505833,43.524827],[16.505833,43.524836],[16.505821,43.524836],[16.505821,43.524845],[16.505821,43.524854],[16.505821,43.524863],[16.505833,43.524863],[16.505833,43.52487],[16.505843,43.524872],[16.505844,43.524872],[16.505858,43.524872],[16.505858,43.524881],[16.505883,43.524881],[16.505886,43.52488],[16.505887,43.524878],[16.50589,43.524879],[16.505907,43.524872],[16.505944,43.524872],[16.505944,43.524854],[16.505957,43.524836],[16.505957,43.524827],[16.505957,43.524822],[16.50595,43.524821]]]}},{"type":"Feature","properties":{"krov":"ROOF_FLAT","visina":2.9084,"kota_vrha":66.68737969},"geometry":{"type":"Polygon","coordinates":[[[16.501911,43.524891],[16.501911,43.524882],[16.501899,43.524882],[16.501899,43.52489],[16.5019,43.524891],[16.501911,43.524891]]]}},{"type":"Feature","properties":{"krov":"ROOF_NOT_FLAT","visina":8.8274,"kota_vrha":77.24537969},"geometry":{"type":"Polygon","coordinates":[[[16.505067,43.524881],[16.505067,43.524881],[16.505065,43.524845],[16.505054,43.524845],[16.505054,43.524836],[16.505054,43.524827],[16.505041,43.524827],[16.505029,43.524827],[16.505004,43.524827],[16.504992,43.524827],[16.504967,43.524827],[16.504939,43.524831],[16.504955,43.524836],[16.504955,43.524845],[16.504955,43.524863],[16.504955,43.524881],[16.504955,43.52489],[16.504967,43.52489],[16.504979,43.52489],[16.504992,43.52489],[16.505004,43.52489],[16.505017,43.52489],[16.505029,43.52489],[16.505041,43.52489],[16.505054,43.52489],[16.505054,43.524881],[16.505066,43.524881],[16.505067,43.524881]]]}},{"type":"Feature","properties":{"krov":"ROOF_NOT_FLAT","visina":7.4163,"kota_vrha":75.88427969},"geometry":{"type":"Polygon","coordinates":[[[16.505065,43.524845],[16.505067,43.524881],[16.505067,43.524881],[16.505078,43.524881],[16.505078,43.524872],[16.505078,43.524863],[16.505078,43.524854],[16.505078,43.524845],[16.505066,43.524845],[16.505065,43.524845]]]}},{"type":"Feature","properties":{"krov":"ROOF_FLAT","visina":3.814,"kota_vrha":73.57997969},"geometry":{"type":"Polygon","coordinates":[[[16.505981,43.52489],[16.505994,43.52489],[16.505994,43.524881],[16.505994,43.524872],[16.505994,43.524863],[16.505994,43.524854],[16.505981,43.524854],[16.505981,43.524863],[16.505981,43.524872],[16.505981,43.524881],[16.505981,43.52489]]]}},{"type":"Feature","properties":{"krov":"ROOF_FLAT","visina":6.2365,"kota_vrha":69.44147969},"geometry":{"type":"Polygon","coordinates":[[[16.501701,43.524882],[16.501689,43.524882],[16.501689,43.524891],[16.501689,43.5249],[16.501701,43.5249],[16.501701,43.524891],[16.501701,43.524882]]]}},{"type":"Feature","properties":{"krov":"ROOF_FLAT","visina":2.9084,"kota_vrha":66.68737969},"geometry":{"type":"Polygon","coordinates":[[[16.501917,43.524891],[16.501911,43.524891],[16.501911,43.524892],[16.501916,43.524893],[16.501917,43.524891]]]}},{"type":"Feature","properties":{"krov":"ROOF_NOT_FLAT","visina":6.1442,"kota_vrha":69.83417969},"geometry":{"type":"Polygon","coordinates":[[[16.501917,43.524891],[16.501916,43.524893],[16.501914,43.5249],[16.501924,43.5249],[16.50194,43.524895],[16.501924,43.524891],[16.501917,43.524891]]]}},{"type":"Feature","properties":{"krov":"ROOF_FLAT","visina":3.814,"kota_vrha":73.57997969},"geometry":{"type":"Polygon","coordinates":[[[16.505981,43.52489],[16.505969,43.52489],[16.505969,43.524899],[16.50598,43.524899],[16.505981,43.524899],[16.505981,43.52489]]]}},{"type":"Feature","properties":{"krov":"ROOF_FLAT","visina":6.2365,"kota_vrha":69.44147969},"geometry":{"type":"Polygon","coordinates":[[[16.501807,43.524904],[16.501813,43.524904],[16.501813,43.5249],[16.501813,43.524891],[16.501813,43.524882],[16.501825,43.524882],[16.501826,43.524882],[16.501827,43.524876],[16.501837,43.524877],[16.501837,43.524873],[16.501837,43.524864],[16.501837,43.524855],[16.501837,43.524837],[16.501837,43.524828],[16.50185,43.524828],[16.50185,43.52481],[16.50185,43.524801],[16.501837,43.524801],[16.501837,43.524792],[16.501825,43.524792],[16.501813,43.524792],[16.5018,43.524792],[16.501788,43.524792],[16.501775,43.524792],[16.501775,43.524783],[16.501763,43.524783],[16.501751,43.524783],[16.501738,43.524783],[16.501726,43.524783],[16.501714,43.524783],[16.501701,43.524783],[16.501689,43.524783],[16.501689,43.524792],[16.501689,43.524801],[16.501689,43.52481],[16.501689,43.524819],[16.501689,43.524828],[16.501689,43.524837],[16.501676,43.524837],[16.501676,43.524846],[16.501676,43.524855],[16.501676,43.524858],[16.501683,43.524858],[16.501682,43.524864],[16.501689,43.524864],[16.501689,43.524873],[16.501701,43.524873],[16.501714,43.524873],[16.501714,43.524864],[16.501726,43.524864],[16.501726,43.524864],[16.501784,43.524871],[16.501781,43.524882],[16.501788,43.524882],[16.501788,43.524873],[16.5018,43.524873],[16.5018,43.524882],[16.5018,43.524891],[16.5018,43.5249],[16.501788,43.5249],[16.501788,43.524909],[16.501795,43.524909],[16.501797,43.524902],[16.501807,43.524904]]]}},{"type":"Feature","properties":{"krov":"ROOF_NOT_FLAT","visina":2.7697,"kota_vrha":65.79667969},"geometry":{"type":"Polygon","coordinates":[[[16.501807,43.524904],[16.501797,43.524902],[16.501795,43.524909],[16.5018,43.524909],[16.501806,43.524909],[16.501807,43.524904]]]}},{"type":"Feature","properties":{"krov":"ROOF_NOT_FLAT","visina":8.6279,"kota_vrha":71.87487969},"geometry":{"type":"Polygon","coordinates":[[[16.501781,43.524882],[16.501784,43.524871],[16.501726,43.524864],[16.501726,43.524873],[16.501726,43.524882],[16.501738,43.524882],[16.501751,43.524882],[16.501763,43.524882],[16.501775,43.524882],[16.501781,43.524882]]]}},{"type":"Feature","properties":{"krov":"ROOF_FLAT","visina":3.7269,"kota_vrha":67.53387969},"geometry":{"type":"Polygon","coordinates":[[[16.501936,43.524856],[16.501963,43.52486],[16.501961,43.524864],[16.501973,43.524864],[16.501973,43.524873],[16.501973,43.524882],[16.501973,43.524891],[16.501973,43.5249],[16.501961,43.5249],[16.501961,43.524909],[16.501961,43.524918],[16.501973,43.524918],[16.501986,43.524918],[16.501998,43.524918],[16.50201,43.524918],[16.502023,43.524918],[16.502035,43.524918],[16.502035,43.524909],[16.502047,43.524909],[16.502048,43.524903],[16.50206,43.524905],[16.50206,43.524873],[16.502058,43.524873],[16.502048,43.524873],[16.502048,43.524864],[16.502048,43.524855],[16.502048,43.524846],[16.502048,43.524828],[16.502023,43.524828],[16.502023,43.524819],[16.501998,43.524819],[16.501986,43.524819],[16.501973,43.524819],[16.501961,43.524819],[16.501949,43.524819],[16.501949,43.524828],[16.501949,43.524837],[16.501936,43.524837],[16.501936,43.524846],[16.501936,43.524855],[16.501936,43.524856]]]}},{"type":"Feature","properties":{"krov":"ROOF_NOT_FLAT","visina":6.1442,"kota_vrha":69.83417969},"geometry":{"type":"Polygon","coordinates":[[[16.501961,43.524864],[16.501963,43.52486],[16.501936,43.524856],[16.501936,43.524864],[16.501942,43.524875],[16.501949,43.524864],[16.501961,43.524864],[16.501961,43.524864]]]}},{"type":"Feature","properties":{"krov":"ROOF_NOT_FLAT","visina":2.8022,"kota_vrha":17.51017969},"geometry":{"type":"Polygon","coordinates":[[[16.487462,43.524908],[16.487462,43.524899],[16.487475,43.524899],[16.487487,43.524899],[16.487499,43.524899],[16.487512,43.524899],[16.487512,43.52489],[16.487512,43.524881],[16.487512,43.524872],[16.487512,43.524863],[16.487499,43.524863],[16.487493,43.524851],[16.487487,43.524863],[16.487475,43.524863],[16.487475,43.524872],[16.487462,43.524872],[16.487462,43.524881],[16.48745,43.524881],[16.48745,43.524872],[16.487438,43.524872],[16.487413,43.524872],[16.487413,43.524899],[16.487413,43.524908],[16.487413,43.524917],[16.487413,43.524926],[16.487425,43.524926],[16.487438,43.524926],[16.487462,43.524926],[16.487462,43.524908]]]}},{"type":"Feature","properties":{"krov":"ROOF_FLAT","visina":5.8972,"kota_vrha":23.62817969},"geometry":{"type":"MultiPolygon","coordinates":[[[[16.489451,43.5248],[16.489442,43.5248],[16.489442,43.524803],[16.489451,43.5248]]],[[[16.489429,43.524803],[16.489429,43.5248],[16.489417,43.5248],[16.489417,43.524807],[16.489429,43.524803]]],[[[16.489392,43.524815],[16.489392,43.524809],[16.489385,43.524809],[16.489356,43.524818],[16.489367,43.524818],[16.489367,43.524823],[16.489392,43.524815]]],[[[16.489355,43.524827],[16.489355,43.524818],[16.489343,43.524822],[16.489343,43.524827],[16.489343,43.524831],[16.489355,43.524827]]]]}},{"type":"Feature","properties":{"krov":"ROOF_NOT_FLAT","visina":9.4983,"kota_vrha":27.24127969},"geometry":{"type":"Polygon","coordinates":[[[16.489516,43.524864],[16.489516,43.524863],[16.489516,43.524854],[16.489516,43.524845],[16.489504,43.524845],[16.489504,43.524827],[16.489491,43.524827],[16.489491,43.524809],[16.489479,43.524809],[16.489479,43.5248],[16.489466,43.5248],[16.489454,43.5248],[16.489451,43.5248],[16.489442,43.524803],[16.489442,43.524809],[16.489429,43.524809],[16.489429,43.524803],[16.489417,43.524807],[16.489417,43.524809],[16.489417,43.524818],[16.489405,43.524818],[16.489392,43.524818],[16.489392,43.524815],[16.489367,43.524823],[16.489367,43.524827],[16.489355,43.524827],[16.489355,43.524827],[16.489343,43.524831],[16.489343,43.524836],[16.489355,43.524836],[16.489355,43.524863],[16.489367,43.524863],[16.489367,43.524881],[16.48938,43.524881],[16.48938,43.52489],[16.48938,43.524899],[16.48938,43.524905],[16.489381,43.524907],[16.489456,43.524883],[16.489516,43.524864]]]}},{"type":"Feature","properties":{"krov":"ROOF_NOT_FLAT","visina":5.5226,"kota_vrha":23.17357969},"geometry":{"type":"Polygon","coordinates":[[[16.489355,43.524818],[16.489355,43.524818],[16.489356,43.524818],[16.489385,43.524809],[16.48938,43.524809],[16.489367,43.524809],[16.489355,43.524809],[16.489343,43.524809],[16.489343,43.524809],[16.489343,43.524818],[16.489343,43.524822],[16.489355,43.524818]]]}},{"type":"Feature","properties":{"krov":"ROOF_NOT_FLAT","visina":8.846,"kota_vrha":27.12197969},"geometry":{"type":"Polygon","coordinates":[[[16.489516,43.524864],[16.489456,43.524883],[16.489381,43.524907],[16.489381,43.524908],[16.489392,43.524908],[16.489392,43.524917],[16.489401,43.524929],[16.489417,43.524935],[16.489429,43.524935],[16.489429,43.524926],[16.489442,43.524926],[16.489442,43.524917],[16.489454,43.524917],[16.489479,43.524917],[16.489518,43.52491],[16.489528,43.524899],[16.489544,43.524895],[16.489528,43.52489],[16.489528,43.524872],[16.489516,43.524872],[16.489516,43.524864]]]}},{"type":"Feature","properties":{"krov":"ROOF_NOT_FLAT","visina":2.6078,"kota_vrha":71.33877969},"geometry":{"type":"Polygon","coordinates":[[[16.506012,43.524938],[16.506019,43.524926],[16.506031,43.524926],[16.506043,43.524926],[16.506043,43.524917],[16.506043,43.524908],[16.506037,43.524897],[16.506031,43.524908],[16.506019,43.524908],[16.506019,43.524917],[16.506006,43.524917],[16.506006,43.524926],[16.506012,43.524938]]]}},{"type":"Feature","properties":{"krov":"ROOF_NOT_FLAT","visina":3.6337,"kota_vrha":72.09767969},"geometry":{"type":"Polygon","coordinates":[[[16.505338,43.524904],[16.505272,43.524909],[16.505264,43.52491],[16.505264,43.524917],[16.505252,43.524917],[16.505239,43.524917],[16.505239,43.524926],[16.505239,43.524935],[16.505239,43.524944],[16.505252,43.524944],[16.505264,43.524944],[16.505264,43.524935],[16.505276,43.524935],[16.505289,43.524935],[16.505301,43.524935],[16.505313,43.524935],[16.505326,43.524935],[16.505338,43.524935],[16.505338,43.524926],[16.505338,43.524917],[16.505338,43.524908],[16.505338,43.524904]]]}},{"type":"Feature","properties":{"krov":"ROOF_NOT_FLAT","visina":2.2152,"kota_vrha":70.67617969},"geometry":{"type":"Polygon","coordinates":[[[16.505338,43.524904],[16.505338,43.524899],[16.505338,43.52489],[16.505326,43.52489],[16.505313,43.52489],[16.505313,43.524899],[16.505301,43.524899],[16.505289,43.524899],[16.505276,43.524899],[16.505276,43.524908],[16.505272,43.524908],[16.505272,43.524909],[16.505338,43.524904]]]}},{"type":"Feature","properties":{"krov":"ROOF_FLAT","visina":2.8687,"kota_vrha":71.13967969},"geometry":{"type":"Polygon","coordinates":[[[16.504794,43.524926],[16.504782,43.524926],[16.504782,43.524935],[16.504782,43.524944],[16.504794,43.524944],[16.504794,43.524953],[16.504806,43.524953],[16.504819,43.524953],[16.504831,43.524953],[16.504831,43.524944],[16.504831,43.524935],[16.504831,43.524926],[16.504819,43.524926],[16.504806,43.524926],[16.504794,43.524926]]]}},{"type":"Feature","properties":{"krov":"ROOF_FLAT","visina":5.3407,"kota_vrha":23.06167969},"geometry":{"type":"Polygon","coordinates":[[[16.489219,43.524955],[16.489212,43.524944],[16.489207,43.524944],[16.489207,43.524936],[16.489199,43.524939],[16.489197,43.524935],[16.489194,43.524935],[16.489194,43.52493],[16.489187,43.524917],[16.489182,43.524917],[16.489182,43.524909],[16.489176,43.524899],[16.48917,43.524899],[16.489157,43.524899],[16.489157,43.524908],[16.489157,43.524917],[16.489157,43.524933],[16.489158,43.524935],[16.48917,43.524935],[16.48917,43.524944],[16.48917,43.524953],[16.489182,43.524953],[16.489182,43.524962],[16.489194,43.524962],[16.489207,43.524962],[16.489218,43.524962],[16.489219,43.524962],[16.489219,43.524955]]]}},{"type":"Feature","properties":{"krov":"ROOF_FLAT","visina":4.6968,"kota_vrha":22.74777969},"geometry":{"type":"Polygon","coordinates":[[[16.489212,43.524944],[16.489219,43.524955],[16.489219,43.524953],[16.489231,43.524953],[16.489244,43.524953],[16.489244,43.524944],[16.489256,43.524944],[16.489268,43.524944],[16.489273,43.524944],[16.489281,43.524941],[16.489281,43.524935],[16.489293,43.524935],[16.489293,43.524937],[16.489295,43.524937],[16.4893,43.524944],[16.489306,43.524944],[16.489306,43.524952],[16.489306,43.524953],[16.489318,43.524953],[16.489318,43.524962],[16.48933,43.524962],[16.489343,43.524962],[16.489351,43.524962],[16.489355,43.524961],[16.489355,43.524953],[16.489367,43.524953],[16.489367,43.524944],[16.489355,43.524944],[16.489355,43.524935],[16.489343,43.524935],[16.489343,43.524926],[16.48933,43.524926],[16.48933,43.524917],[16.489324,43.524906],[16.489318,43.524917],[16.489306,43.524917],[16.489293,43.524917],[16.489281,43.524917],[16.489281,43.524926],[16.489268,43.524926],[16.489256,43.524926],[16.489256,43.524935],[16.489244,43.524935],[16.489231,43.524935],[16.489231,43.524944],[16.489219,43.524944],[16.489212,43.524944]]]}},{"type":"Feature","properties":{"krov":"ROOF_NOT_FLAT","visina":6.8277,"kota_vrha":24.55767969},"geometry":{"type":"MultiPolygon","coordinates":[[[[16.489176,43.524899],[16.489182,43.524909],[16.489182,43.524908],[16.489194,43.524908],[16.489207,43.524908],[16.489219,43.524908],[16.489231,43.524908],[16.489244,43.524908],[16.489244,43.524899],[16.489256,43.524899],[16.489268,43.524899],[16.489269,43.52489],[16.489281,43.52489],[16.489293,43.52489],[16.489293,43.524881],[16.489306,43.524881],[16.489318,43.524881],[16.489318,43.524872],[16.489318,43.524863],[16.489318,43.524854],[16.489306,43.524854],[16.489293,43.524854],[16.489293,43.524863],[16.489281,43.524863],[16.489269,43.524863],[16.489269,43.524872],[16.489244,43.524872],[16.489244,43.524881],[16.489231,43.524881],[16.489207,43.524881],[16.489207,43.52489],[16.489194,43.52489],[16.489182,43.52489],[16.489182,43.524899],[16.489176,43.524899]]],[[[16.489187,43.524917],[16.489194,43.52493],[16.489194,43.524926],[16.489194,43.524917],[16.489187,43.524917]]],[[[16.489207,43.524936],[16.489207,43.524935],[16.489197,43.524935],[16.489199,43.524939],[16.489207,43.524936]]]]}},{"type":"Feature","properties":{"krov":"ROOF_NOT_FLAT","visina":2.8101,"kota_vrha":31.63807969},"geometry":{"type":"Polygon","coordinates":[[[16.492955,43.524962],[16.492831,43.524962],[16.492831,43.52498],[16.492881,43.52498],[16.492955,43.52498],[16.493004,43.52498],[16.493004,43.524971],[16.49302,43.524967],[16.493004,43.524962],[16.492955,43.524962]]]}},{"type":"Feature","properties":{"krov":"ROOF_FLAT","visina":2.0855,"kota_vrha":69.16947969},"geometry":{"type":"Polygon","coordinates":[[[16.50566,43.524953],[16.505647,43.524953],[16.505647,43.524962],[16.505647,43.524971],[16.505647,43.52498],[16.50566,43.52498],[16.505672,43.52498],[16.505685,43.52498],[16.505697,43.52498],[16.505697,43.524971],[16.505697,43.524962],[16.505697,43.524953],[16.505685,43.524953],[16.505672,43.524953],[16.50566,43.524953]]]}},{"type":"Feature","properties":{"krov":"ROOF_NOT_FLAT","visina":12.5686,"kota_vrha":80.77157969},"geometry":{"type":"Polygon","coordinates":[[[16.506217,43.524962],[16.506217,43.524944],[16.506179,43.524944],[16.506155,43.524944],[16.506155,43.524953],[16.506105,43.524953],[16.506105,43.524971],[16.506118,43.524989],[16.506118,43.524998],[16.50613,43.524998],[16.506142,43.524998],[16.506155,43.524998],[16.506167,43.524998],[16.506179,43.524998],[16.506192,43.524998],[16.506204,43.524998],[16.506217,43.524998],[16.506217,43.524989],[16.506217,43.524962]]]}},{"type":"Feature","properties":{"krov":"ROOF_NOT_FLAT","visina":10.9273,"kota_vrha":72.33327969},"geometry":{"type":"Polygon","coordinates":[[[16.50138,43.525008],[16.50138,43.524999],[16.501392,43.524999],[16.501392,43.52499],[16.501392,43.524981],[16.501392,43.524972],[16.501392,43.524963],[16.50138,43.524963],[16.501367,43.524963],[16.501355,43.524963],[16.501342,43.524963],[16.50133,43.524963],[16.501318,43.524963],[16.501301,43.524957],[16.501281,43.524954],[16.501256,43.524954],[16.501243,43.524954],[16.501243,43.524972],[16.501243,43.524981],[16.501243,43.52499],[16.501243,43.524999],[16.501256,43.524999],[16.501256,43.525008],[16.501268,43.525008],[16.501281,43.525008],[16.501293,43.525008],[16.501305,43.525008],[16.501318,43.525008],[16.50133,43.525008],[16.501342,43.525008],[16.501355,43.525008],[16.501355,43.525017],[16.501367,43.525017],[16.50138,43.525017],[16.50138,43.525008]]]}},{"type":"Feature","properties":{"krov":"ROOF_NOT_FLAT","visina":9.3691,"kota_vrha":36.91807969},"geometry":{"type":"Polygon","coordinates":[[[16.491075,43.525032],[16.49107,43.525034],[16.491075,43.525034],[16.491075,43.525032]]]}},{"type":"Feature","properties":{"krov":"ROOF_NOT_FLAT","visina":2.7941,"kota_vrha":30.22707969},"geometry":{"type":"Polygon","coordinates":[[[16.49107,43.525034],[16.491075,43.525032],[16.491075,43.525025],[16.491062,43.525025],[16.491062,43.525034],[16.49107,43.525034]]]}},{"type":"Feature","properties":{"krov":"ROOF_FLAT","visina":2.6867,"kota_vrha":29.81867969},"geometry":{"type":"Polygon","coordinates":[[[16.494538,43.525034],[16.494538,43.525025],[16.494551,43.525025],[16.494551,43.525016],[16.494551,43.525007],[16.494551,43.524998],[16.494551,43.524989],[16.494551,43.52498],[16.494551,43.524971],[16.494551,43.524962],[16.494551,43.524953],[16.494526,43.524953],[16.494514,43.524953],[16.494514,43.524962],[16.494514,43.52498],[16.494514,43.524998],[16.494514,43.525007],[16.494514,43.525016],[16.494514,43.525025],[16.494514,43.525034],[16.494526,43.525034],[16.494538,43.525034]]]}},{"type":"Feature","properties":{"krov":"ROOF_NOT_FLAT","visina":10.0126,"kota_vrha":72.39757969},"geometry":{"type":"Polygon","coordinates":[[[16.501615,43.525008],[16.501615,43.524999],[16.50159,43.524999],[16.50159,43.52499],[16.501577,43.52499],[16.501565,43.52499],[16.501528,43.52499],[16.501516,43.52499],[16.501509,43.524978],[16.501503,43.52499],[16.501503,43.524999],[16.501503,43.525008],[16.501491,43.525008],[16.501491,43.525017],[16.501491,43.525026],[16.501503,43.525026],[16.501516,43.525026],[16.501528,43.525026],[16.501528,43.525035],[16.50154,43.525035],[16.501553,43.525035],[16.501565,43.525035],[16.501577,43.525035],[16.50159,43.525035],[16.501602,43.525035],[16.501615,43.525035],[16.501615,43.525026],[16.501615,43.525017],[16.501615,43.525008]]]}},{"type":"Feature","properties":{"krov":"ROOF_FLAT","visina":3.0779,"kota_vrha":27.26087969},"geometry":{"type":"Polygon","coordinates":[[[16.489813,43.525016],[16.4898,43.525016],[16.4898,43.525025],[16.4898,43.525034],[16.4898,43.525043],[16.489813,43.525043],[16.489813,43.525034],[16.489813,43.525025],[16.489813,43.525016]]]}},{"type":"Feature","properties":{"krov":"ROOF_NOT_FLAT","visina":2.7941,"kota_vrha":30.22707969},"geometry":{"type":"Polygon","coordinates":[[[16.49105,43.525043],[16.49105,43.525034],[16.491038,43.525034],[16.491038,43.525043],[16.49105,43.525043]]]}},{"type":"Feature","properties":{"krov":"ROOF_NOT_FLAT","visina":3.6326,"kota_vrha":71.06357969},"geometry":{"type":"Polygon","coordinates":[[[16.504448,43.525043],[16.504443,43.525033],[16.504432,43.52504],[16.504448,43.525043]]]}},{"type":"Feature","properties":{"krov":"ROOF_NOT_FLAT","visina":12.5686,"kota_vrha":80.77157969},"geometry":{"type":"Polygon","coordinates":[[[16.506179,43.525046],[16.506185,43.525046],[16.506185,43.52505],[16.506204,43.525049],[16.506204,43.525043],[16.506192,43.525043],[16.506179,43.525043],[16.506179,43.525046]]]}},{"type":"Feature","properties":{"krov":"ROOF_NOT_FLAT","visina":10.62,"kota_vrha":78.77797969},"geometry":{"type":"Polygon","coordinates":[[[16.506185,43.52505],[16.506185,43.525046],[16.506179,43.525046],[16.506179,43.525052],[16.506186,43.525052],[16.506185,43.52505]]]}},{"type":"Feature","properties":{"krov":"ROOF_NOT_FLAT","visina":10.62,"kota_vrha":78.77797969},"geometry":{"type":"Polygon","coordinates":[[[16.506179,43.525052],[16.506167,43.525052],[16.506167,43.525061],[16.506179,43.525061],[16.506179,43.525052]]]}},{"type":"Feature","properties":{"krov":"ROOF_FLAT","visina":6.2497,"kota_vrha":74.27767969},"geometry":{"type":"Polygon","coordinates":[[[16.506031,43.525052],[16.506031,43.525043],[16.506043,43.525043],[16.506043,43.525034],[16.506043,43.525025],[16.506043,43.525016],[16.506043,43.525007],[16.506043,43.524998],[16.506043,43.524989],[16.506031,43.524989],[16.506019,43.524989],[16.506006,43.524989],[16.505994,43.524989],[16.505981,43.524989],[16.505969,43.524989],[16.505957,43.524989],[16.505944,43.524989],[16.505944,43.525007],[16.505944,43.525034],[16.505944,43.525052],[16.505944,43.525061],[16.505944,43.52507],[16.505944,43.525079],[16.505957,43.525079],[16.505969,43.525079],[16.505982,43.525079],[16.505994,43.525079],[16.506006,43.525079],[16.506019,43.525079],[16.506031,43.525079],[16.506031,43.52507],[16.506031,43.525061],[16.506031,43.525052]]]}},{"type":"Feature","properties":{"krov":"ROOF_FLAT","visina":3.0779,"kota_vrha":27.26087969},"geometry":{"type":"Polygon","coordinates":[[[16.48983,43.525061],[16.489825,43.525061],[16.489813,43.525061],[16.489813,43.525052],[16.4898,43.525052],[16.4898,43.525061],[16.4898,43.525064],[16.48983,43.525061]]]}},{"type":"Feature","properties":{"krov":"ROOF_NOT_FLAT","visina":7.0722,"kota_vrha":31.60417969},"geometry":{"type":"Polygon","coordinates":[[[16.48983,43.525061],[16.4898,43.525064],[16.4898,43.52507],[16.4898,43.525079],[16.489813,43.525079],[16.489813,43.525088],[16.489825,43.525088],[16.489838,43.525088],[16.48985,43.525088],[16.489862,43.525088],[16.489875,43.525088],[16.489887,43.525088],[16.489899,43.525088],[16.489915,43.525084],[16.489899,43.525079],[16.489899,43.52507],[16.489899,43.525061],[16.489899,43.525052],[16.489899,43.525043],[16.489899,43.525034],[16.489899,43.525025],[16.489899,43.525016],[16.489899,43.525007],[16.489887,43.525007],[16.489875,43.525007],[16.489862,43.525007],[16.489862,43.525016],[16.489862,43.525025],[16.489862,43.525034],[16.489862,43.525043],[16.489862,43.525052],[16.489862,43.525061],[16.48985,43.525061],[16.489838,43.525061],[16.48983,43.525061]]]}},{"type":"Feature","properties":{"krov":"ROOF_FLAT","visina":5.9663,"kota_vrha":33.51527969},"geometry":{"type":"Polygon","coordinates":[[[16.491038,43.525061],[16.491031,43.525052],[16.491031,43.525052],[16.491025,43.525055],[16.491025,43.525061],[16.491038,43.525061],[16.491038,43.525061]]]}},{"type":"Feature","properties":{"krov":"ROOF_NOT_FLAT","visina":9.3691,"kota_vrha":36.91807969},"geometry":{"type":"Polygon","coordinates":[[[16.491075,43.525034],[16.491075,43.525043],[16.491062,43.525043],[16.491051,43.525043],[16.49105,43.525044],[16.49105,43.525052],[16.491038,43.525052],[16.491031,43.525052],[16.491038,43.525061],[16.49105,43.525061],[16.49105,43.52507],[16.491062,43.52507],[16.491062,43.525079],[16.491062,43.525088],[16.491075,43.525088],[16.491087,43.525088],[16.491099,43.525088],[16.491099,43.525079],[16.491112,43.525079],[16.491124,43.525079],[16.491124,43.52507],[16.491136,43.52507],[16.491149,43.52507],[16.491149,43.525061],[16.491136,43.525061],[16.491136,43.525052],[16.491136,43.525043],[16.491124,43.525043],[16.491124,43.525034],[16.491112,43.525034],[16.491112,43.525025],[16.491099,43.525025],[16.491099,43.525034],[16.491087,43.525034],[16.491075,43.525034]]]}},{"type":"Feature","properties":{"krov":"ROOF_NOT_FLAT","visina":2.7941,"kota_vrha":30.22707969},"geometry":{"type":"MultiPolygon","coordinates":[[[[16.491051,43.525043],[16.49105,43.525043],[16.49105,43.525044],[16.491051,43.525043]]],[[[16.491031,43.525052],[16.491025,43.525052],[16.491025,43.525055],[16.491031,43.525052]]]]}},{"type":"Feature","properties":{"krov":"ROOF_FLAT","visina":3.5442,"kota_vrha":30.69317969},"geometry":{"type":"Polygon","coordinates":[[[16.494699,43.525048],[16.494699,43.525043],[16.494712,43.525043],[16.494712,43.525047],[16.494724,43.525045],[16.494724,43.525043],[16.494724,43.525034],[16.494724,43.525025],[16.494724,43.525016],[16.494712,43.525016],[16.494699,43.525016],[16.494687,43.525016],[16.494687,43.525025],[16.494687,43.525034],[16.494675,43.525034],[16.494675,43.525043],[16.494662,43.525043],[16.49465,43.525043],[16.494637,43.525043],[16.494637,43.525052],[16.494637,43.525055],[16.494699,43.525048]]]}},{"type":"Feature","properties":{"krov":"ROOF_FLAT","visina":5.7312,"kota_vrha":33.50417969},"geometry":{"type":"Polygon","coordinates":[[[16.494724,43.525045],[16.494712,43.525047],[16.494712,43.525052],[16.494699,43.525052],[16.494699,43.525048],[16.494637,43.525055],[16.494637,43.525061],[16.494625,43.525061],[16.494624,43.525061],[16.494626,43.52507],[16.494637,43.52507],[16.494643,43.525091],[16.49472,43.525085],[16.494736,43.525079],[16.494724,43.525061],[16.494724,43.525052],[16.494724,43.525045]]]}},{"type":"Feature","properties":{"krov":"ROOF_FLAT","visina":5.2048,"kota_vrha":32.95377969},"geometry":{"type":"Polygon","coordinates":[[[16.494626,43.52507],[16.494624,43.525061],[16.494613,43.525061],[16.494613,43.52507],[16.494625,43.52507],[16.494626,43.52507]]]}},{"type":"Feature","properties":{"krov":"ROOF_FLAT","visina":4.7905,"kota_vrha":67.88847969},"geometry":{"type":"Polygon","coordinates":[[[16.501738,43.525116],[16.501738,43.525107],[16.501722,43.525111],[16.501738,43.525116]]]}},{"type":"Feature","properties":{"krov":"ROOF_FLAT","visina":6.8159,"kota_vrha":74.57887969},"geometry":{"type":"Polygon","coordinates":[[[16.50587,43.525046],[16.50587,43.525043],[16.50587,43.525034],[16.505858,43.525034],[16.505845,43.525034],[16.505833,43.525034],[16.505821,43.525034],[16.505808,43.525034],[16.505808,43.525043],[16.505796,43.525043],[16.505796,43.525049],[16.505809,43.525049],[16.50587,43.525046]]]}},{"type":"Feature","properties":{"krov":"ROOF_NOT_FLAT","visina":12.6305,"kota_vrha":77.41547969},"geometry":{"type":"Polygon","coordinates":[[[16.50587,43.525046],[16.505809,43.525049],[16.505796,43.525049],[16.505796,43.525052],[16.505784,43.525052],[16.505771,43.525052],[16.505771,43.525061],[16.505759,43.525061],[16.505759,43.52507],[16.505759,43.525079],[16.505759,43.525088],[16.505759,43.525097],[16.505759,43.525106],[16.505759,43.525115],[16.505771,43.525115],[16.505784,43.525115],[16.505796,43.525115],[16.505808,43.525115],[16.505821,43.525115],[16.505833,43.525115],[16.505845,43.525115],[16.505845,43.525106],[16.505858,43.525106],[16.50587,43.525106],[16.505883,43.525106],[16.505883,43.525097],[16.505883,43.525088],[16.50587,43.525088],[16.50587,43.525079],[16.50587,43.52507],[16.50587,43.525061],[16.50587,43.525052],[16.50587,43.525046]]]}},{"type":"Feature","properties":{"krov":"ROOF_NOT_FLAT","visina":6.2659,"kota_vrha":35.57987969},"geometry":{"type":"Polygon","coordinates":[[[16.495155,43.524998],[16.495182,43.525],[16.495182,43.524998],[16.495169,43.524998],[16.495157,43.524998],[16.495155,43.524998]]]}},{"type":"Feature","properties":{"krov":"ROOF_NOT_FLAT","visina":7.5769,"kota_vrha":36.17787969},"geometry":{"type":"Polygon","coordinates":[[[16.495182,43.525],[16.495155,43.524998],[16.495145,43.524998],[16.495132,43.524998],[16.49512,43.524998],[16.495108,43.524998],[16.495095,43.524998],[16.495095,43.525007],[16.495083,43.525007],[16.495058,43.525007],[16.495058,43.525016],[16.495058,43.525061],[16.495042,43.525086],[16.49505,43.525121],[16.495095,43.525124],[16.495108,43.525124],[16.49512,43.525124],[16.495157,43.525124],[16.495169,43.525124],[16.495169,43.525061],[16.495174,43.525019],[16.495182,43.525007],[16.495182,43.525]]]}},{"type":"Feature","properties":{"krov":"ROOF_FLAT","visina":6.7255,"kota_vrha":69.84547969},"geometry":{"type":"Polygon","coordinates":[[[16.501874,43.525028],[16.501855,43.525026],[16.50185,43.525026],[16.501825,43.525026],[16.501825,43.525022],[16.501811,43.525021],[16.501775,43.525017],[16.501775,43.525026],[16.501775,43.525053],[16.501763,43.525053],[16.501751,43.525053],[16.501738,43.525053],[16.501738,43.525062],[16.501742,43.525077],[16.501744,43.525079],[16.501751,43.52508],[16.50175,43.525087],[16.501751,43.525089],[16.501763,43.525089],[16.501763,43.525107],[16.501751,43.525107],[16.501751,43.525116],[16.501763,43.525116],[16.501788,43.525116],[16.5018,43.525116],[16.501813,43.525116],[16.501813,43.525125],[16.501825,43.525125],[16.501837,43.525125],[16.50185,43.525125],[16.501862,43.525125],[16.501862,43.525107],[16.501862,43.525098],[16.501862,43.525089],[16.501874,43.525089],[16.501874,43.525071],[16.501874,43.525062],[16.501874,43.525053],[16.501874,43.525035],[16.501874,43.525028]]]}},{"type":"Feature","properties":{"krov":"ROOF_FLAT","visina":6.0986,"kota_vrha":69.36457969},"geometry":{"type":"MultiPolygon","coordinates":[[[[16.501775,43.525017],[16.501811,43.525021],[16.501825,43.525022],[16.501825,43.525017],[16.501813,43.525017],[16.5018,43.525017],[16.501788,43.525017],[16.501775,43.525017],[16.501775,43.525017]]],[[[16.501855,43.525026],[16.501874,43.525028],[16.501874,43.525026],[16.501855,43.525026]]]]}},{"type":"Feature","properties":{"krov":"ROOF_FLAT","visina":3.1042,"kota_vrha":70.51217969},"geometry":{"type":"Polygon","coordinates":[[[16.504714,43.525088],[16.504757,43.525072],[16.504757,43.52507],[16.504757,43.525061],[16.504744,43.525061],[16.504744,43.525052],[16.504744,43.525043],[16.504732,43.525043],[16.504732,43.525034],[16.504732,43.525025],[16.50472,43.525025],[16.504707,43.525025],[16.504695,43.525025],[16.504695,43.525034],[16.504683,43.525034],[16.50467,43.525034],[16.50467,43.525043],[16.504658,43.525043],[16.504645,43.525043],[16.504645,43.525052],[16.504645,43.525061],[16.504645,43.52507],[16.504645,43.525079],[16.504646,43.525079],[16.504658,43.525079],[16.504658,43.525088],[16.504658,43.525096],[16.504659,43.525097],[16.50467,43.525097],[16.50467,43.525106],[16.50467,43.525113],[16.504672,43.525115],[16.504683,43.525115],[16.504689,43.525127],[16.504695,43.525115],[16.504695,43.525106],[16.504683,43.525106],[16.504683,43.525097],[16.504695,43.525097],[16.504695,43.525088],[16.504707,43.525088],[16.504714,43.525088]]]}},{"type":"Feature","properties":{"krov":"ROOF_NOT_FLAT","visina":5.824,"kota_vrha":73.26097969},"geometry":{"type":"Polygon","coordinates":[[[16.504757,43.525072],[16.504714,43.525088],[16.50472,43.525088],[16.50472,43.525097],[16.504732,43.525097],[16.504732,43.525106],[16.504744,43.525106],[16.504744,43.525106],[16.504744,43.525097],[16.504757,43.525097],[16.504767,43.525097],[16.504769,43.525097],[16.504769,43.525088],[16.504769,43.525079],[16.504757,43.525079],[16.504757,43.525072]]]}},{"type":"Feature","properties":{"krov":"ROOF_NOT_FLAT","visina":3.2613,"kota_vrha":30.96427969},"geometry":{"type":"Polygon","coordinates":[[[16.494613,43.525115],[16.4946,43.525115],[16.4946,43.525124],[16.4946,43.525133],[16.494613,43.525133],[16.494625,43.525133],[16.494625,43.525124],[16.494613,43.525124],[16.494613,43.525115]]]}},{"type":"Feature","properties":{"krov":"ROOF_NOT_FLAT","visina":12.6305,"kota_vrha":77.41547969},"geometry":{"type":"Polygon","coordinates":[[[16.505874,43.525138],[16.505858,43.525133],[16.505842,43.525138],[16.505858,43.525142],[16.505874,43.525138]]]}},{"type":"Feature","properties":{"krov":"ROOF_NOT_FLAT","visina":11.8702,"kota_vrha":75.34517969},"geometry":{"type":"Polygon","coordinates":[[[16.502085,43.525134],[16.502085,43.525125],[16.502085,43.525116],[16.502085,43.525107],[16.502072,43.525107],[16.502072,43.525098],[16.502072,43.525089],[16.502072,43.52508],[16.502072,43.525071],[16.50206,43.525071],[16.502048,43.525071],[16.50201,43.525071],[16.50201,43.525062],[16.501998,43.525062],[16.501986,43.525062],[16.501986,43.525071],[16.501986,43.52508],[16.501973,43.52508],[16.501973,43.525089],[16.501973,43.525098],[16.501973,43.525134],[16.501973,43.525143],[16.501957,43.525147],[16.501973,43.525152],[16.501986,43.525152],[16.501986,43.525143],[16.501998,43.525143],[16.501998,43.525134],[16.50201,43.525134],[16.502023,43.525134],[16.502035,43.525134],[16.502035,43.525143],[16.502048,43.525143],[16.50206,43.525143],[16.50206,43.525152],[16.502072,43.525152],[16.502085,43.525152],[16.502085,43.525143],[16.502085,43.525134]]]}},{"type":"Feature","properties":{"krov":"ROOF_NOT_FLAT","visina":11.949,"kota_vrha":77.69697969},"geometry":{"type":"Polygon","coordinates":[[[16.503854,43.525143],[16.503829,43.525143],[16.503829,43.525152],[16.503854,43.525152],[16.503854,43.525143]]]}},{"type":"Feature","properties":{"krov":"ROOF_NOT_FLAT","visina":12.6305,"kota_vrha":77.41547969},"geometry":{"type":"Polygon","coordinates":[[[16.505821,43.525133],[16.505808,43.525133],[16.505808,43.525142],[16.505808,43.525151],[16.505821,43.525151],[16.505833,43.525151],[16.505833,43.525142],[16.505833,43.525133],[16.505821,43.525133]]]}},{"type":"Feature","properties":{"krov":"ROOF_FLAT","visina":2.7494,"kota_vrha":30.76937969},"geometry":{"type":"Polygon","coordinates":[[[16.490791,43.525126],[16.490778,43.525106],[16.490751,43.52511],[16.490728,43.525131],[16.490763,43.525151],[16.490791,43.525126]]]}},{"type":"Feature","properties":{"krov":"ROOF_NOT_FLAT","visina":11.949,"kota_vrha":77.69697969},"geometry":{"type":"Polygon","coordinates":[[[16.503829,43.525152],[16.503817,43.525152],[16.503817,43.525161],[16.503829,43.525161],[16.503829,43.525152]]]}},{"type":"Feature","properties":{"krov":"ROOF_NOT_FLAT","visina":10.024,"kota_vrha":76.02297969},"geometry":{"type":"Polygon","coordinates":[[[16.504114,43.525152],[16.504118,43.525162],[16.504129,43.525155],[16.504114,43.525152]]]}},{"type":"Feature","properties":{"krov":"ROOF_FLAT","visina":4.4514,"kota_vrha":70.28137969},"geometry":{"type":"Polygon","coordinates":[[[16.505474,43.525169],[16.505474,43.52516],[16.505487,43.52516],[16.505499,43.52516],[16.505511,43.52516],[16.505524,43.52516],[16.505524,43.525151],[16.505524,43.525142],[16.505524,43.525124],[16.505511,43.525124],[16.505521,43.52511],[16.505511,43.525106],[16.505511,43.525097],[16.505511,43.525079],[16.505499,43.525079],[16.505487,43.525079],[16.505474,43.525079],[16.505462,43.525079],[16.505451,43.525079],[16.50545,43.52508],[16.50545,43.525088],[16.505442,43.525088],[16.505442,43.525089],[16.505437,43.52509],[16.505437,43.525097],[16.505425,43.525097],[16.505412,43.525097],[16.505412,43.525106],[16.5054,43.525106],[16.5054,43.525115],[16.5054,43.525124],[16.5054,43.52513],[16.505403,43.525129],[16.505404,43.525133],[16.505412,43.525133],[16.505412,43.525142],[16.505412,43.525151],[16.505425,43.525151],[16.505425,43.52516],[16.505425,43.525169],[16.505437,43.525169],[16.50545,43.525169],[16.505462,43.525169],[16.505474,43.525169]]]}},{"type":"Feature","properties":{"krov":"ROOF_FLAT","visina":6.5526,"kota_vrha":72.63157969},"geometry":{"type":"MultiPolygon","coordinates":[[[[16.504089,43.525134],[16.504101,43.525134],[16.504101,43.525138],[16.504115,43.525132],[16.504116,43.525134],[16.504126,43.525134],[16.504126,43.525143],[16.504138,43.525143],[16.504138,43.525152],[16.504151,43.525152],[16.504151,43.525161],[16.504161,43.525161],[16.504163,43.52516],[16.504163,43.525152],[16.504175,43.525152],[16.504175,43.525155],[16.50418,43.525161],[16.504188,43.525161],[16.504188,43.52517],[16.5042,43.52517],[16.5042,43.525179],[16.504212,43.525179],[16.504225,43.525179],[16.504233,43.525179],[16.504239,43.525176],[16.504241,43.525178],[16.504279,43.525174],[16.504264,43.525132],[16.50425,43.525125],[16.50425,43.525117],[16.504248,43.525116],[16.504237,43.525116],[16.504237,43.525107],[16.504225,43.525107],[16.504212,43.525107],[16.504212,43.525101],[16.504209,43.525098],[16.5042,43.525098],[16.504188,43.525098],[16.504188,43.52508],[16.504175,43.52508],[16.504175,43.525062],[16.504163,43.525062],[16.504126,43.525062],[16.504126,43.525071],[16.504101,43.525071],[16.504089,43.525071],[16.504089,43.52508],[16.504039,43.52508],[16.504039,43.525089],[16.504027,43.525089],[16.504027,43.525098],[16.504027,43.525103],[16.50403,43.525107],[16.504039,43.525107],[16.504039,43.525116],[16.504052,43.525116],[16.504052,43.525125],[16.504052,43.525134],[16.504064,43.525134],[16.504064,43.525143],[16.504064,43.525149],[16.504066,43.525152],[16.504071,43.525152],[16.504076,43.525149],[16.504076,43.525143],[16.504089,43.525143],[16.504089,43.525134]]]]}},{"type":"Feature","properties":{"krov":"ROOF_NOT_FLAT","visina":10.024,"kota_vrha":76.02297969},"geometry":{"type":"MultiPolygon","coordinates":[[[[16.504076,43.525152],[16.504076,43.525149],[16.504071,43.525152],[16.504076,43.525152]]],[[[16.504076,43.525152],[16.504076,43.525161],[16.504089,43.525161],[16.504101,43.525161],[16.504101,43.525152],[16.504114,43.525152],[16.504114,43.525143],[16.504114,43.525134],[16.504116,43.525134],[16.504115,43.525132],[16.504101,43.525138],[16.504101,43.525143],[16.504091,43.525143],[16.504089,43.525144],[16.504089,43.525152],[16.504076,43.525152]]]]}},{"type":"Feature","properties":{"krov":"ROOF_FLAT","visina":2.0616,"kota_vrha":28.52257969},"geometry":{"type":"Polygon","coordinates":[[[16.490257,43.525152],[16.490246,43.525152],[16.490252,43.525163],[16.490257,43.525152]]]}},{"type":"Feature","properties":{"krov":"ROOF_FLAT","visina":1.797,"kota_vrha":28.37897969},"geometry":{"type":"Polygon","coordinates":[[[16.490249,43.525124],[16.490245,43.525151],[16.490246,43.525151],[16.490246,43.525152],[16.490257,43.525152],[16.490258,43.525151],[16.49027,43.525151],[16.490283,43.525151],[16.490308,43.525151],[16.490308,43.525133],[16.490258,43.525133],[16.490258,43.525124],[16.490249,43.525124]]]}},{"type":"Feature","properties":{"krov":"ROOF_FLAT","visina":2.6352,"kota_vrha":28.25217969},"geometry":{"type":"Polygon","coordinates":[[[16.490114,43.525124],[16.49011,43.525124],[16.490048,43.525124],[16.490028,43.525117],[16.490019,43.525145],[16.490035,43.525151],[16.49006,43.52516],[16.490085,43.52516],[16.490085,43.525166],[16.490109,43.525168],[16.490114,43.525124]]]}},{"type":"Feature","properties":{"krov":"ROOF_FLAT","visina":2.0722,"kota_vrha":28.25217969},"geometry":{"type":"Polygon","coordinates":[[[16.490245,43.525151],[16.490249,43.525124],[16.490233,43.525124],[16.490114,43.525124],[16.490109,43.525168],[16.490108,43.525187],[16.49011,43.525187],[16.490122,43.525187],[16.490188,43.525183],[16.490201,43.525155],[16.490204,43.525153],[16.490204,43.525152],[16.490208,43.525152],[16.490233,43.525142],[16.490233,43.525151],[16.490245,43.525151]]]}},{"type":"Feature","properties":{"krov":"ROOF_NOT_FLAT","visina":2.4039,"kota_vrha":28.12587969},"geometry":{"type":"Polygon","coordinates":[[[16.490109,43.525168],[16.490085,43.525166],[16.490085,43.525169],[16.490097,43.525169],[16.490097,43.525178],[16.490085,43.525178],[16.490073,43.525178],[16.490073,43.525187],[16.490085,43.525187],[16.490097,43.525187],[16.490108,43.525187],[16.490109,43.525168]]]}},{"type":"Feature","properties":{"krov":"ROOF_FLAT","visina":6.7582,"kota_vrha":73.42317969},"geometry":{"type":"Polygon","coordinates":[[[16.504523,43.525118],[16.504559,43.525104],[16.504559,43.525097],[16.504546,43.525097],[16.504546,43.525088],[16.504534,43.525088],[16.504534,43.525079],[16.504534,43.52507],[16.504522,43.52507],[16.504522,43.525061],[16.504522,43.525052],[16.504509,43.525052],[16.504509,43.525043],[16.504509,43.525042],[16.504459,43.525061],[16.50446,43.525061],[16.50446,43.52507],[16.504453,43.52507],[16.504453,43.525071],[16.504494,43.525126],[16.504522,43.525116],[16.504523,43.525118]]]}},{"type":"Feature","properties":{"krov":"ROOF_FLAT","visina":8.1953,"kota_vrha":74.08727969},"geometry":{"type":"Polygon","coordinates":[[[16.504522,43.525162],[16.50452,43.525161],[16.504509,43.525161],[16.504497,43.525161],[16.504497,43.525152],[16.504485,43.525152],[16.504485,43.525143],[16.504485,43.525134],[16.504497,43.525134],[16.5045,43.525134],[16.504494,43.525126],[16.504453,43.525071],[16.504448,43.525073],[16.504448,43.525079],[16.504435,43.525079],[16.504435,43.525088],[16.504423,43.525088],[16.504423,43.525097],[16.504407,43.525102],[16.504423,43.525106],[16.504423,43.525116],[16.504423,43.525125],[16.504435,43.525125],[16.504435,43.525134],[16.504435,43.525143],[16.504448,43.525143],[16.504448,43.525152],[16.504448,43.52516],[16.504448,43.525161],[16.50446,43.525161],[16.50446,43.52517],[16.50446,43.525177],[16.504461,43.525179],[16.504472,43.525179],[16.504472,43.525188],[16.504485,43.525188],[16.504493,43.525188],[16.504497,43.525186],[16.504497,43.525179],[16.504509,43.525179],[16.504515,43.525179],[16.504522,43.525176],[16.504522,43.52517],[16.504522,43.525162]]]}},{"type":"Feature","properties":{"krov":"ROOF_NOT_FLAT","visina":3.6326,"kota_vrha":71.06357969},"geometry":{"type":"Polygon","coordinates":[[[16.504509,43.525034],[16.504497,43.525034],[16.504487,43.525034],[16.504485,43.525035],[16.504485,43.525043],[16.504472,43.525043],[16.504462,43.525043],[16.50446,43.525043],[16.504448,43.525043],[16.504448,43.525052],[16.504448,43.525061],[16.504459,43.525061],[16.504509,43.525042],[16.504509,43.525034]]]}},{"type":"Feature","properties":{"krov":"ROOF_NOT_FLAT","visina":9.4845,"kota_vrha":76.41047969},"geometry":{"type":"Polygon","coordinates":[[[16.504559,43.525104],[16.504523,43.525118],[16.504522,43.525119],[16.504526,43.525124],[16.504534,43.525124],[16.504534,43.525134],[16.504546,43.525133],[16.504571,43.525133],[16.504571,43.525115],[16.504559,43.525115],[16.504559,43.525106],[16.504559,43.525104]]]}},{"type":"Feature","properties":{"krov":"ROOF_NOT_FLAT","visina":9.7747,"kota_vrha":75.96867969},"geometry":{"type":"MultiPolygon","coordinates":[[[[16.504526,43.525124],[16.504522,43.525119],[16.504523,43.525118],[16.504522,43.525116],[16.504494,43.525126],[16.5045,43.525134],[16.504509,43.525134],[16.504522,43.525134],[16.504522,43.525124],[16.504526,43.525124]]],[[[16.50452,43.525161],[16.504522,43.525162],[16.504522,43.525161],[16.50452,43.525161]]]]}},{"type":"Feature","properties":{"krov":"ROOF_NOT_FLAT","visina":12.2677,"kota_vrha":72.03267969},"geometry":{"type":"Polygon","coordinates":[[[16.501194,43.525197],[16.501194,43.525188],[16.501206,43.525188],[16.501206,43.525179],[16.501206,43.525161],[16.501206,43.525152],[16.501206,43.525143],[16.501219,43.525143],[16.501219,43.525134],[16.501219,43.525125],[16.501219,43.525116],[16.501194,43.525116],[16.501182,43.525116],[16.501169,43.525116],[16.501169,43.525107],[16.501157,43.525107],[16.501144,43.525107],[16.50112,43.525107],[16.501113,43.525095],[16.501107,43.525116],[16.501095,43.525116],[16.501095,43.525125],[16.501086,43.525174],[16.50112,43.525179],[16.50112,43.525188],[16.501132,43.525188],[16.501144,43.525188],[16.501157,43.525188],[16.501169,43.525188],[16.501169,43.525197],[16.501182,43.525197],[16.501194,43.525197]]]}},{"type":"Feature","properties":{"krov":"ROOF_FLAT","visina":8.55,"kota_vrha":76.60997969},"geometry":{"type":"MultiPolygon","coordinates":[[[[16.505044,43.525099],[16.505041,43.525095],[16.505041,43.525097],[16.505029,43.525097],[16.505029,43.525104],[16.505044,43.525099]]],[[[16.505023,43.525106],[16.505017,43.525106],[16.505004,43.525106],[16.505004,43.525113],[16.505023,43.525106]]],[[[16.504999,43.525115],[16.504992,43.525115],[16.50498,43.525115],[16.504984,43.525121],[16.504999,43.525115]]]]}},{"type":"Feature","properties":{"krov":"ROOF_NOT_FLAT","visina":9.8083,"kota_vrha":77.62227969},"geometry":{"type":"Polygon","coordinates":[[[16.505088,43.52516],[16.505083,43.525151],[16.505078,43.525151],[16.505078,43.525145],[16.505077,43.525143],[16.505073,43.525135],[16.505064,43.525122],[16.50506,43.525123],[16.505044,43.525099],[16.505029,43.525104],[16.505029,43.525106],[16.505023,43.525106],[16.505004,43.525113],[16.505004,43.525115],[16.504999,43.525115],[16.504984,43.525121],[16.505008,43.525158],[16.505027,43.525187],[16.505029,43.525187],[16.505029,43.525178],[16.505041,43.525178],[16.505054,43.525178],[16.505054,43.525169],[16.505066,43.525169],[16.505078,43.525169],[16.505078,43.52516],[16.505088,43.52516]]]}},{"type":"Feature","properties":{"krov":"ROOF_NOT_FLAT","visina":9.2483,"kota_vrha":76.67727969},"geometry":{"type":"MultiPolygon","coordinates":[[[[16.505078,43.525142],[16.505077,43.525143],[16.505078,43.525145],[16.505078,43.525142],[16.505078,43.525142]]],[[[16.505083,43.525151],[16.505088,43.52516],[16.505091,43.52516],[16.505091,43.525151],[16.505083,43.525151]]]]}},{"type":"Feature","properties":{"krov":"ROOF_NOT_FLAT","visina":9.5309,"kota_vrha":77.32087969},"geometry":{"type":"Polygon","coordinates":[[[16.505078,43.525142],[16.505078,43.525133],[16.505091,43.525133],[16.505101,43.525133],[16.505103,43.525133],[16.505103,43.525124],[16.505093,43.525096],[16.505078,43.525088],[16.505078,43.52507],[16.505066,43.52507],[16.505066,43.525061],[16.505066,43.525052],[16.505054,43.525052],[16.505041,43.525052],[16.505041,43.525061],[16.505025,43.52507],[16.505026,43.525071],[16.505041,43.525079],[16.505041,43.525088],[16.505041,43.525095],[16.505044,43.525099],[16.50506,43.525123],[16.505064,43.525122],[16.505073,43.525135],[16.505077,43.525143],[16.505078,43.525142]]]}},{"type":"Feature","properties":{"krov":"ROOF_NOT_FLAT","visina":9.221,"kota_vrha":77.24497969},"geometry":{"type":"Polygon","coordinates":[[[16.505027,43.525187],[16.505008,43.525158],[16.504984,43.525121],[16.50498,43.525115],[16.504979,43.525115],[16.504979,43.525124],[16.504967,43.525124],[16.504938,43.525136],[16.504979,43.525196],[16.505004,43.525196],[16.505004,43.525187],[16.505017,43.525187],[16.505027,43.525187]]]}},{"type":"Feature","properties":{"krov":"ROOF_FLAT","visina":6.6452,"kota_vrha":73.32017969},"geometry":{"type":"Polygon","coordinates":[[[16.505297,43.525193],[16.505313,43.525187],[16.505326,43.525187],[16.505326,43.525151],[16.505313,43.525151],[16.505313,43.525106],[16.505289,43.525106],[16.505276,43.525106],[16.505264,43.525106],[16.505264,43.525115],[16.505252,43.525115],[16.505239,43.525115],[16.505227,43.525115],[16.505215,43.525115],[16.505215,43.525124],[16.505199,43.525129],[16.505215,43.525133],[16.505215,43.525142],[16.505215,43.525151],[16.505203,43.525151],[16.505206,43.525162],[16.505202,43.525163],[16.505202,43.525169],[16.505215,43.525169],[16.505215,43.525175],[16.505223,43.525174],[16.505224,43.525178],[16.505227,43.525178],[16.505227,43.525187],[16.505239,43.525187],[16.505239,43.525196],[16.505252,43.525196],[16.505264,43.525196],[16.505297,43.525193]]]}},{"type":"Feature","properties":{"krov":"ROOF_NOT_FLAT","visina":10.3331,"kota_vrha":75.32007969},"geometry":{"type":"Polygon","coordinates":[[[16.506254,43.525186],[16.50625,43.525186],[16.50625,43.525185],[16.506246,43.525173],[16.506237,43.525142],[16.506229,43.525142],[16.506229,43.525151],[16.506217,43.525151],[16.506204,43.525151],[16.506192,43.525151],[16.506179,43.525151],[16.506179,43.52516],[16.506167,43.52516],[16.506155,43.52516],[16.506142,43.52516],[16.50613,43.52516],[16.50613,43.525169],[16.50613,43.525178],[16.50613,43.525187],[16.50613,43.525196],[16.50613,43.525205],[16.50613,43.525214],[16.506142,43.525214],[16.506142,43.525205],[16.506155,43.525205],[16.506167,43.525205],[16.506179,43.525205],[16.506192,43.525205],[16.506204,43.525205],[16.506204,43.525196],[16.506217,43.525196],[16.506229,43.525196],[16.506241,43.525196],[16.506254,43.525196],[16.506254,43.525187],[16.506254,43.525186]]]}},{"type":"Feature","properties":{"krov":"ROOF_NOT_FLAT","visina":10.3792,"kota_vrha":75.42117969},"geometry":{"type":"Polygon","coordinates":[[[16.506254,43.525186],[16.506254,43.525178],[16.506266,43.525178],[16.506278,43.525178],[16.506291,43.525178],[16.506291,43.525169],[16.506303,43.525169],[16.506316,43.525169],[16.506328,43.525169],[16.50634,43.525169],[16.50634,43.52516],[16.50634,43.525151],[16.50634,43.525142],[16.50634,43.525133],[16.50634,43.525124],[16.506328,43.525124],[16.506328,43.525115],[16.506322,43.525104],[16.506316,43.525115],[16.506303,43.525115],[16.506291,43.525115],[16.506278,43.525115],[16.506266,43.525115],[16.506254,43.525115],[16.506254,43.525124],[16.506241,43.525124],[16.506241,43.525133],[16.506241,43.525142],[16.506237,43.525142],[16.506246,43.525173],[16.50625,43.525185],[16.50625,43.525186],[16.506254,43.525186]]]}},{"type":"Feature","properties":{"krov":"ROOF_NOT_FLAT","visina":10.3331,"kota_vrha":75.32007969},"geometry":{"type":"Polygon","coordinates":[[[16.506262,43.525215],[16.50626,43.525207],[16.506251,43.525209],[16.506262,43.525216],[16.506262,43.525215]]]}},{"type":"Feature","properties":{"krov":"ROOF_NOT_FLAT","visina":10.3792,"kota_vrha":75.42117969},"geometry":{"type":"Polygon","coordinates":[[[16.50626,43.525207],[16.506262,43.525215],[16.506266,43.525205],[16.50626,43.525207]]]}},{"type":"Feature","properties":{"krov":"ROOF_FLAT","visina":7.236,"kota_vrha":73.22297969},"geometry":{"type":"Polygon","coordinates":[[[16.505726,43.525198],[16.505722,43.525196],[16.505722,43.525187],[16.505711,43.525187],[16.505712,43.525199],[16.505726,43.525198]]]}},{"type":"Feature","properties":{"krov":"ROOF_NOT_FLAT","visina":10.4014,"kota_vrha":74.59937969},"geometry":{"type":"Polygon","coordinates":[[[16.505717,43.52523],[16.505716,43.525225],[16.505709,43.525223],[16.505709,43.525214],[16.505709,43.525205],[16.505713,43.525205],[16.505712,43.525199],[16.505711,43.525187],[16.505709,43.525187],[16.505709,43.525178],[16.505697,43.525178],[16.505697,43.525169],[16.505697,43.52516],[16.505697,43.525151],[16.505685,43.525151],[16.505672,43.525151],[16.50566,43.525151],[16.505647,43.525151],[16.505645,43.525151],[16.505651,43.525188],[16.505651,43.525191],[16.505635,43.525193],[16.505635,43.525196],[16.505647,43.525196],[16.505648,43.525205],[16.505635,43.525205],[16.505623,43.525205],[16.50561,43.525205],[16.505598,43.525205],[16.505598,43.525214],[16.505598,43.525223],[16.505598,43.525232],[16.50561,43.525232],[16.50561,43.525241],[16.505623,43.525241],[16.505635,43.525241],[16.505648,43.525241],[16.50566,43.525241],[16.505672,43.525241],[16.505685,43.525241],[16.505697,43.525241],[16.505709,43.525241],[16.505709,43.525232],[16.505717,43.52523]]]}},{"type":"Feature","properties":{"krov":"ROOF_NOT_FLAT","visina":7.9521,"kota_vrha":74.69407969},"geometry":{"type":"Polygon","coordinates":[[[16.505645,43.525151],[16.505635,43.525151],[16.505623,43.525151],[16.50561,43.525151],[16.50561,43.52516],[16.50561,43.525169],[16.50561,43.525178],[16.50561,43.525187],[16.505623,43.525187],[16.505635,43.525187],[16.505635,43.525193],[16.505651,43.525191],[16.505651,43.525188],[16.505645,43.525151]]]}},{"type":"Feature","properties":{"krov":"ROOF_NOT_FLAT","visina":9.01,"kota_vrha":73.22297969},"geometry":{"type":"MultiPolygon","coordinates":[[[[16.505726,43.525198],[16.505712,43.525199],[16.505713,43.525205],[16.505722,43.525205],[16.505738,43.525201],[16.505726,43.525198]]],[[[16.505716,43.525225],[16.505717,43.52523],[16.505725,43.525228],[16.505716,43.525225]]]]}},{"type":"Feature","properties":{"krov":"ROOF_FLAT","visina":6.2564,"kota_vrha":73.02737969},"geometry":{"type":"Polygon","coordinates":[[[16.504769,43.52515],[16.504757,43.525155],[16.504757,43.52516],[16.504744,43.52516],[16.504744,43.52516],[16.504731,43.525165],[16.504745,43.525183],[16.50472,43.525192],[16.504704,43.525189],[16.504675,43.5252],[16.504679,43.525206],[16.504683,43.525206],[16.504695,43.525206],[16.504695,43.525215],[16.504695,43.525224],[16.504707,43.525224],[16.504707,43.525233],[16.50472,43.525233],[16.504726,43.525244],[16.504732,43.525233],[16.504744,43.525233],[16.504757,43.525233],[16.504757,43.525224],[16.504769,43.525224],[16.504782,43.525224],[16.504782,43.525215],[16.504805,43.525215],[16.504806,43.525214],[16.504806,43.525206],[16.504819,43.525206],[16.504819,43.525196],[16.504819,43.525187],[16.504806,43.525187],[16.504806,43.525169],[16.504794,43.525169],[16.504794,43.52516],[16.504794,43.525151],[16.504782,43.525151],[16.504769,43.525151],[16.504769,43.52515]]]}},{"type":"Feature","properties":{"krov":"ROOF_NOT_FLAT","visina":3.1522,"kota_vrha":70.71617969},"geometry":{"type":"MultiPolygon","coordinates":[[[[16.504744,43.525151],[16.504757,43.525151],[16.504757,43.525155],[16.504769,43.52515],[16.504769,43.525142],[16.504757,43.525142],[16.504744,43.525142],[16.504744,43.525151]]],[[[16.504744,43.525151],[16.504732,43.525151],[16.504732,43.52516],[16.504728,43.52516],[16.504731,43.525165],[16.504744,43.52516],[16.504744,43.525151]]]]}},{"type":"Feature","properties":{"krov":"ROOF_NOT_FLAT","visina":6.0951,"kota_vrha":72.85507969},"geometry":{"type":"Polygon","coordinates":[[[16.504675,43.5252],[16.504704,43.525189],[16.50472,43.525192],[16.504745,43.525183],[16.504731,43.525165],[16.504728,43.52516],[16.50472,43.52516],[16.504707,43.52516],[16.504695,43.52516],[16.504695,43.525161],[16.504695,43.525169],[16.504683,43.52517],[16.504683,43.525179],[16.50467,43.525179],[16.50467,43.525188],[16.50467,43.525197],[16.504668,43.525197],[16.504671,43.525201],[16.504675,43.5252]]]}},{"type":"Feature","properties":{"krov":"ROOF_NOT_FLAT","visina":8.2242,"kota_vrha":73.02717969},"geometry":{"type":"Polygon","coordinates":[[[16.504679,43.525206],[16.504675,43.5252],[16.504671,43.525201],[16.504668,43.525197],[16.504665,43.525197],[16.504658,43.525199],[16.504658,43.525206],[16.504645,43.525206],[16.504645,43.525215],[16.504645,43.525224],[16.504658,43.525224],[16.504658,43.525233],[16.504658,43.525242],[16.50467,43.525242],[16.504676,43.525253],[16.504683,43.525242],[16.504683,43.525233],[16.50467,43.525233],[16.50467,43.525224],[16.50467,43.525215],[16.50467,43.525206],[16.504679,43.525206]]]}},{"type":"Feature","properties":{"krov":"ROOF_FLAT","visina":3.4374,"kota_vrha":68.15737969},"geometry":{"type":"Polygon","coordinates":[[[16.505437,43.52525],[16.505425,43.52525],[16.505425,43.525259],[16.505437,43.525259],[16.505437,43.52525]]]}},{"type":"Feature","properties":{"krov":"ROOF_NOT_FLAT","visina":8.5178,"kota_vrha":73.88377969},"geometry":{"type":"Polygon","coordinates":[[[16.504936,43.525223],[16.504942,43.525233],[16.504942,43.525233],[16.504942,43.525233],[16.504947,43.52524],[16.504948,43.525242],[16.504955,43.525242],[16.504967,43.525242],[16.504967,43.525232],[16.504967,43.525223],[16.504955,43.525223],[16.504955,43.525214],[16.504942,43.525214],[16.504942,43.525223],[16.504936,43.525223]]]}},{"type":"Feature","properties":{"krov":"ROOF_NOT_FLAT","visina":6.382,"kota_vrha":74.21697969},"geometry":{"type":"Polygon","coordinates":[[[16.50493,43.525219],[16.50493,43.525215],[16.50493,43.525214],[16.504918,43.525214],[16.504918,43.525205],[16.504905,43.525205],[16.504905,43.525196],[16.504893,43.525196],[16.504881,43.525196],[16.504881,43.525205],[16.504868,43.525205],[16.504856,43.525205],[16.504856,43.525215],[16.504843,43.525215],[16.504831,43.525215],[16.504831,43.525224],[16.504819,43.525224],[16.504819,43.525233],[16.504803,43.525237],[16.504819,43.525242],[16.504819,43.525251],[16.504819,43.52526],[16.504822,43.52526],[16.50493,43.525219]]]}},{"type":"Feature","properties":{"krov":"ROOF_NOT_FLAT","visina":9.7868,"kota_vrha":74.96677969},"geometry":{"type":"MultiPolygon","coordinates":[[[[16.504942,43.525233],[16.504942,43.525242],[16.504948,43.525242],[16.504947,43.52524],[16.504942,43.525233]]],[[[16.504942,43.525233],[16.504936,43.525223],[16.50493,43.525223],[16.50493,43.525219],[16.504822,43.52526],[16.504831,43.52526],[16.504831,43.525269],[16.504843,43.525269],[16.504856,43.525269],[16.504856,43.52526],[16.504868,43.52526],[16.504868,43.525251],[16.504881,43.525251],[16.504893,43.525251],[16.504893,43.525242],[16.504905,43.525242],[16.504918,43.525242],[16.504918,43.525233],[16.50493,43.525233],[16.504942,43.525233]]]]}},{"type":"Feature","properties":{"krov":"ROOF_FLAT","visina":10.4777,"kota_vrha":71.26067969},"geometry":{"type":"Polygon","coordinates":[[[16.501297,43.525233],[16.5013,43.525224],[16.501293,43.525224],[16.501293,43.525233],[16.501297,43.525233]]]}},{"type":"Feature","properties":{"krov":"ROOF_NOT_FLAT","visina":13.6794,"kota_vrha":74.52537969},"geometry":{"type":"Polygon","coordinates":[[[16.501429,43.52518],[16.501419,43.525179],[16.501417,43.525179],[16.501404,43.525179],[16.501404,43.525176],[16.501381,43.525172],[16.501365,43.52517],[16.501355,43.52517],[16.501342,43.52517],[16.50133,43.52517],[16.50133,43.525179],[16.501318,43.525179],[16.501318,43.525188],[16.501318,43.525197],[16.501318,43.525215],[16.501305,43.525215],[16.501305,43.525224],[16.5013,43.525224],[16.501297,43.525233],[16.501305,43.525233],[16.501305,43.525251],[16.501305,43.525269],[16.50133,43.525269],[16.50133,43.525278],[16.501342,43.525278],[16.501355,43.525278],[16.501367,43.525278],[16.501367,43.525269],[16.501367,43.52526],[16.501367,43.525251],[16.501367,43.525242],[16.50138,43.525242],[16.50138,43.525233],[16.50138,43.525224],[16.50138,43.525215],[16.50138,43.525206],[16.50138,43.525197],[16.501392,43.525197],[16.501392,43.525188],[16.501404,43.525188],[16.501417,43.525188],[16.501429,43.525188],[16.501429,43.52518]]]}},{"type":"Feature","properties":{"krov":"ROOF_NOT_FLAT","visina":10.1145,"kota_vrha":71.98647969},"geometry":{"type":"MultiPolygon","coordinates":[[[[16.501365,43.52517],[16.501381,43.525172],[16.501404,43.525176],[16.501404,43.52517],[16.501392,43.52517],[16.50138,43.52517],[16.501367,43.52517],[16.501365,43.52517]]],[[[16.501419,43.525179],[16.501429,43.52518],[16.501429,43.525179],[16.501419,43.525179]]]]}},{"type":"Feature","properties":{"krov":"ROOF_FLAT","visina":9.2498,"kota_vrha":73.40277969},"geometry":{"type":"Polygon","coordinates":[[[16.502802,43.525278],[16.502802,43.525269],[16.502815,43.525269],[16.502827,43.525269],[16.502839,43.525269],[16.502852,43.525269],[16.502852,43.52526],[16.502864,43.52526],[16.502876,43.52526],[16.502889,43.52526],[16.502901,43.52526],[16.502901,43.525251],[16.502918,43.525242],[16.502901,43.525233],[16.502901,43.525224],[16.502901,43.525215],[16.502901,43.525206],[16.502901,43.525197],[16.502889,43.525197],[16.502889,43.525188],[16.502889,43.525179],[16.502889,43.52517],[16.502875,43.52513],[16.50285,43.52514],[16.502839,43.525152],[16.502827,43.525152],[16.502827,43.525161],[16.502802,43.525161],[16.50279,43.525161],[16.502777,43.525161],[16.502777,43.52517],[16.502765,43.52517],[16.50274,43.52517],[16.50274,43.525188],[16.50274,43.525197],[16.50274,43.525206],[16.502753,43.525206],[16.502753,43.525215],[16.502753,43.525224],[16.502753,43.525233],[16.502753,43.525242],[16.502753,43.525251],[16.502753,43.52526],[16.502753,43.525269],[16.502753,43.525278],[16.50279,43.525278],[16.502802,43.525278]],[[16.502777,43.525224],[16.502777,43.525215],[16.50279,43.525215],[16.502802,43.525215],[16.502808,43.525226],[16.502815,43.525215],[16.502827,43.525215],[16.502839,43.525215],[16.502839,43.525206],[16.502852,43.525206],[16.502864,43.525206],[16.502864,43.525215],[16.502864,43.525224],[16.502864,43.525233],[16.502852,43.525233],[16.502852,43.525242],[16.502839,43.525242],[16.502827,43.525242],[16.502815,43.525242],[16.502815,43.525251],[16.502802,43.525251],[16.502802,43.525242],[16.50279,43.525242],[16.502777,43.525242],[16.502777,43.525233],[16.502777,43.525224]]]}},{"type":"Feature","properties":{"krov":"ROOF_NOT_FLAT","visina":8.5178,"kota_vrha":73.88377969},"geometry":{"type":"Polygon","coordinates":[[[16.505004,43.525269],[16.504992,43.525269],[16.504992,43.525278],[16.505004,43.525278],[16.505004,43.525269]]]}},{"type":"Feature","properties":{"krov":"ROOF_FLAT","visina":5.8941,"kota_vrha":70.47207969},"geometry":{"type":"Polygon","coordinates":[[[16.505225,43.525292],[16.505226,43.525292],[16.50523,43.525291],[16.505215,43.525286],[16.505215,43.525295],[16.505225,43.525292]]]}},{"type":"Feature","properties":{"krov":"ROOF_NOT_FLAT","visina":3.9744,"kota_vrha":27.34537969},"geometry":{"type":"Polygon","coordinates":[[[16.489677,43.525304],[16.489677,43.525295],[16.489677,43.525286],[16.489677,43.525277],[16.489664,43.525277],[16.489664,43.525268],[16.489664,43.525259],[16.489652,43.525259],[16.489652,43.52525],[16.489652,43.525241],[16.489652,43.525232],[16.48964,43.525232],[16.48964,43.525214],[16.489627,43.525214],[16.489627,43.525205],[16.489621,43.525194],[16.489615,43.525205],[16.489602,43.525205],[16.48959,43.525205],[16.489578,43.525205],[16.489578,43.525214],[16.489565,43.525214],[16.489565,43.525223],[16.489565,43.525232],[16.489565,43.525241],[16.489578,43.525241],[16.489578,43.52525],[16.48959,43.52525],[16.489629,43.525287],[16.489632,43.525289],[16.489664,43.525295],[16.489664,43.525304],[16.489677,43.525304]]]}},{"type":"Feature","properties":{"krov":"ROOF_FLAT","visina":3.0867,"kota_vrha":32.49267969},"geometry":{"type":"Polygon","coordinates":[[[16.494994,43.525301],[16.494984,43.5253],[16.494984,43.525305],[16.494994,43.525301]]]}},{"type":"Feature","properties":{"krov":"ROOF_NOT_FLAT","visina":3.0638,"kota_vrha":32.35477969},"geometry":{"type":"Polygon","coordinates":[[[16.494984,43.5253],[16.494994,43.525301],[16.495,43.5253],[16.494984,43.525296],[16.494984,43.5253]]]}},{"type":"Feature","properties":{"krov":"ROOF_NOT_FLAT","visina":16.3193,"kota_vrha":51.43827969},"geometry":{"type":"Polygon","coordinates":[[[16.498151,43.525197],[16.498126,43.525197],[16.498126,43.525224],[16.498126,43.525251],[16.498126,43.525269],[16.498126,43.525278],[16.498126,43.525287],[16.498126,43.525296],[16.498138,43.525296],[16.498151,43.525296],[16.498163,43.525296],[16.498175,43.525296],[16.498188,43.525296],[16.4982,43.525296],[16.498213,43.525296],[16.498225,43.525296],[16.498237,43.525296],[16.49825,43.525296],[16.498262,43.525296],[16.498274,43.525296],[16.498287,43.525296],[16.498299,43.525296],[16.498312,43.525296],[16.498324,43.525296],[16.498336,43.525296],[16.498349,43.525296],[16.498361,43.525296],[16.498373,43.525296],[16.498386,43.525296],[16.498398,43.525296],[16.498411,43.525296],[16.498423,43.525296],[16.498435,43.525296],[16.498448,43.525296],[16.49846,43.525296],[16.498472,43.525296],[16.498485,43.525296],[16.498497,43.525296],[16.498509,43.525296],[16.498522,43.525296],[16.498522,43.525305],[16.498534,43.525305],[16.498547,43.525305],[16.498559,43.525305],[16.498571,43.525305],[16.498584,43.525305],[16.498596,43.525305],[16.498608,43.525305],[16.498621,43.525305],[16.498633,43.525305],[16.498646,43.525305],[16.498658,43.525305],[16.49867,43.525305],[16.498683,43.525305],[16.498695,43.525305],[16.498707,43.525305],[16.49872,43.525305],[16.498732,43.525305],[16.498745,43.525305],[16.498757,43.525305],[16.498769,43.525305],[16.498782,43.525305],[16.498794,43.525305],[16.498806,43.525305],[16.498819,43.525305],[16.498831,43.525305],[16.498831,43.525296],[16.498831,43.525287],[16.498831,43.525251],[16.498831,43.525242],[16.498831,43.525233],[16.498831,43.525224],[16.498848,43.525215],[16.498831,43.525206],[16.498769,43.525206],[16.498312,43.525206],[16.498213,43.525206],[16.498213,43.525197],[16.4982,43.525197],[16.498163,43.525197],[16.498151,43.525197]]]}},{"type":"Feature","properties":{"krov":"ROOF_FLAT","visina":9.3801,"kota_vrha":74.64807969},"geometry":{"type":"Polygon","coordinates":[[[16.504002,43.525197],[16.503923,43.525229],[16.503926,43.525233],[16.503928,43.525233],[16.50394,43.525233],[16.50394,43.525242],[16.50394,43.525251],[16.503941,43.525253],[16.503944,43.525258],[16.503941,43.525259],[16.503945,43.525297],[16.503965,43.525305],[16.503985,43.525305],[16.50399,43.525303],[16.50399,43.525296],[16.504028,43.525288],[16.50403,43.525288],[16.504039,43.525278],[16.504066,43.525274],[16.50408,43.525256],[16.504064,43.525251],[16.504058,43.525235],[16.504029,43.525204],[16.504015,43.525197],[16.504004,43.525197],[16.504002,43.525197]]]}},{"type":"Feature","properties":{"krov":"ROOF_FLAT","visina":9.352,"kota_vrha":74.86397969},"geometry":{"type":"Polygon","coordinates":[[[16.503923,43.525229],[16.504002,43.525197],[16.504002,43.525197],[16.50399,43.525197],[16.50399,43.525188],[16.503977,43.525188],[16.503977,43.52517],[16.503965,43.52517],[16.503965,43.525161],[16.503965,43.525152],[16.503953,43.525152],[16.503953,43.525143],[16.50394,43.525143],[16.50394,43.525134],[16.50394,43.525125],[16.503933,43.525127],[16.503932,43.525125],[16.503928,43.525125],[16.503916,43.525125],[16.503916,43.525116],[16.503903,43.525116],[16.503903,43.525107],[16.503903,43.525098],[16.503891,43.525098],[16.503878,43.525098],[16.503878,43.525107],[16.503866,43.525107],[16.503866,43.525116],[16.503866,43.525125],[16.503866,43.525125],[16.503868,43.525127],[16.503878,43.525142],[16.503878,43.525134],[16.503891,43.525134],[16.503891,43.525143],[16.503903,43.525143],[16.503903,43.525152],[16.503903,43.525161],[16.503891,43.525161],[16.503891,43.52517],[16.503878,43.52517],[16.503878,43.525179],[16.503866,43.525179],[16.503866,43.525188],[16.503854,43.525188],[16.503841,43.525188],[16.503841,43.525197],[16.503854,43.525197],[16.503854,43.525206],[16.503854,43.525215],[16.503866,43.525215],[16.503866,43.525224],[16.503866,43.525231],[16.503868,43.525233],[16.503878,43.525233],[16.503891,43.525233],[16.503903,43.525233],[16.503913,43.525233],[16.503923,43.525229]]]}},{"type":"Feature","properties":{"krov":"ROOF_NOT_FLAT","visina":11.949,"kota_vrha":77.69697969},"geometry":{"type":"Polygon","coordinates":[[[16.503878,43.525142],[16.503868,43.525127],[16.503866,43.525127],[16.503866,43.525134],[16.503854,43.525134],[16.503854,43.525143],[16.503866,43.525143],[16.503878,43.525143],[16.503878,43.525142]]]}},{"type":"Feature","properties":{"krov":"ROOF_FLAT","visina":8.7993,"kota_vrha":75.49027969},"geometry":{"type":"MultiPolygon","coordinates":[[[[16.504597,43.525233],[16.504598,43.525234],[16.504601,43.525233],[16.504597,43.525233]]]]}},{"type":"Feature","properties":{"krov":"ROOF_NOT_FLAT","visina":15.1283,"kota_vrha":79.83627969},"geometry":{"type":"Polygon","coordinates":[[[16.504623,43.525224],[16.504621,43.525224],[16.504621,43.525233],[16.504608,43.525233],[16.504601,43.525233],[16.504598,43.525234],[16.504597,43.525233],[16.504596,43.525233],[16.504584,43.525233],[16.504571,43.525233],[16.504571,43.525242],[16.504559,43.525242],[16.504559,43.525251],[16.504559,43.52526],[16.504571,43.52526],[16.504571,43.525269],[16.504571,43.525278],[16.504584,43.525278],[16.504584,43.525287],[16.504584,43.525296],[16.504596,43.525296],[16.504596,43.525305],[16.504608,43.525305],[16.504621,43.525305],[16.504621,43.525296],[16.504633,43.525296],[16.504645,43.525296],[16.504645,43.525287],[16.504658,43.525287],[16.504658,43.525278],[16.504674,43.525273],[16.504658,43.525269],[16.504658,43.52526],[16.504658,43.525251],[16.504645,43.525251],[16.504645,43.525242],[16.504633,43.525242],[16.504633,43.525233],[16.504633,43.525224],[16.504623,43.525224]]]}},{"type":"Feature","properties":{"krov":"ROOF_NOT_FLAT","visina":8.8145,"kota_vrha":73.99447969},"geometry":{"type":"Polygon","coordinates":[[[16.504806,43.525305],[16.504806,43.525296],[16.504819,43.525296],[16.504831,43.525296],[16.504831,43.525287],[16.504831,43.525278],[16.504819,43.525278],[16.504819,43.525269],[16.504806,43.525269],[16.504794,43.525269],[16.504794,43.525278],[16.504779,43.525282],[16.504779,43.525282],[16.504794,43.525287],[16.504794,43.525296],[16.504794,43.525302],[16.504796,43.525305],[16.504806,43.525305]]]}},{"type":"Feature","properties":{"krov":"ROOF_NOT_FLAT","visina":3.9744,"kota_vrha":27.34537969},"geometry":{"type":"Polygon","coordinates":[[[16.489677,43.525304],[16.489681,43.525315],[16.489692,43.525307],[16.489677,43.525304]]]}},{"type":"Feature","properties":{"krov":"ROOF_NOT_FLAT","visina":15.1283,"kota_vrha":79.83627969},"geometry":{"type":"Polygon","coordinates":[[[16.504559,43.525323],[16.504559,43.525314],[16.504571,43.525314],[16.504571,43.525305],[16.504571,43.525296],[16.504559,43.525296],[16.504546,43.525296],[16.504534,43.525296],[16.504534,43.525305],[16.504534,43.525314],[16.504546,43.525314],[16.504547,43.525323],[16.504559,43.525323]]]}},{"type":"Feature","properties":{"krov":"ROOF_NOT_FLAT","visina":10.3698,"kota_vrha":72.43577969},"geometry":{"type":"Polygon","coordinates":[[[16.502165,43.525323],[16.502164,43.525318],[16.502157,43.525271],[16.502156,43.525269],[16.502147,43.525269],[16.502134,43.525269],[16.502134,43.525278],[16.502122,43.525278],[16.502109,43.525278],[16.502085,43.525278],[16.502072,43.525278],[16.502072,43.525287],[16.50206,43.525287],[16.502048,43.525287],[16.502048,43.525296],[16.502048,43.525305],[16.502048,43.525323],[16.502048,43.525332],[16.50206,43.525332],[16.502072,43.525332],[16.502085,43.525332],[16.502097,43.525332],[16.502109,43.525332],[16.502122,43.525332],[16.502134,43.525332],[16.502134,43.525323],[16.502147,43.525323],[16.502147,43.525332],[16.502159,43.525332],[16.502159,43.525323],[16.502165,43.525323]]]}},{"type":"Feature","properties":{"krov":"ROOF_NOT_FLAT","visina":8.9211,"kota_vrha":71.24807969},"geometry":{"type":"Polygon","coordinates":[[[16.502157,43.525271],[16.502164,43.525318],[16.502165,43.525323],[16.502171,43.525323],[16.502175,43.525323],[16.502175,43.525322],[16.502184,43.525322],[16.502184,43.525314],[16.502184,43.525296],[16.502171,43.525296],[16.502171,43.525287],[16.502171,43.525278],[16.502171,43.52527],[16.502157,43.525271]]]}},{"type":"Feature","properties":{"krov":"ROOF_NOT_FLAT","visina":3.6566,"kota_vrha":68.87757969},"geometry":{"type":"Polygon","coordinates":[[[16.503619,43.525323],[16.503612,43.525311],[16.503606,43.525323],[16.503606,43.525332],[16.503619,43.525332],[16.503619,43.525323]]]}},{"type":"Feature","properties":{"krov":"ROOF_NOT_FLAT","visina":11.1235,"kota_vrha":76.17547969},"geometry":{"type":"Polygon","coordinates":[[[16.50373,43.525332],[16.50373,43.525323],[16.503742,43.525323],[16.503755,43.525323],[16.503755,43.525314],[16.503767,43.525314],[16.50378,43.525314],[16.50378,43.525305],[16.503792,43.525305],[16.503792,43.525296],[16.503792,43.525287],[16.50378,43.525287],[16.503774,43.525267],[16.50375,43.525257],[16.503742,43.525269],[16.503698,43.525277],[16.503681,43.525296],[16.503671,43.525299],[16.503681,43.525314],[16.503681,43.525323],[16.503693,43.525323],[16.503693,43.525332],[16.503705,43.525332],[16.503718,43.525332],[16.50373,43.525332]]]}},{"type":"Feature","properties":{"krov":"ROOF_FLAT","visina":2.7903,"kota_vrha":33.79127969},"geometry":{"type":"Polygon","coordinates":[[[16.491928,43.525277],[16.491879,43.525277],[16.491879,43.525286],[16.491879,43.525331],[16.491879,43.52534],[16.491941,43.52534],[16.491965,43.52534],[16.491965,43.525331],[16.491965,43.525304],[16.491965,43.525277],[16.491928,43.525277]]]}},{"type":"Feature","properties":{"krov":"ROOF_FLAT","visina":5.8941,"kota_vrha":70.47207969},"geometry":{"type":"MultiPolygon","coordinates":[[[[16.505318,43.525277],[16.505313,43.525277],[16.505313,43.525278],[16.505318,43.525277]]],[[[16.505262,43.525286],[16.505252,43.525286],[16.505252,43.525288],[16.505262,43.525286]]]]}},{"type":"Feature","properties":{"krov":"ROOF_NOT_FLAT","visina":10.4451,"kota_vrha":74.32907969},"geometry":{"type":"Polygon","coordinates":[[[16.505375,43.525322],[16.505373,43.525316],[16.505373,43.525315],[16.505361,43.525277],[16.505351,43.525277],[16.505326,43.525286],[16.505326,43.525277],[16.505318,43.525277],[16.505313,43.525278],[16.505313,43.525286],[16.505301,43.525286],[16.505289,43.525286],[16.505276,43.525286],[16.505264,43.525286],[16.505262,43.525286],[16.505252,43.525288],[16.505252,43.525295],[16.505239,43.525295],[16.505239,43.525304],[16.505239,43.525314],[16.505252,43.525314],[16.505252,43.525323],[16.505252,43.525332],[16.505264,43.525332],[16.505264,43.525341],[16.505276,43.525341],[16.505289,43.525341],[16.505301,43.525341],[16.505301,43.525332],[16.505313,43.525332],[16.505326,43.525332],[16.505338,43.525331],[16.505351,43.525331],[16.505351,43.525322],[16.505363,43.525322],[16.505375,43.525322]]]}},{"type":"Feature","properties":{"krov":"ROOF_FLAT","visina":3.4374,"kota_vrha":68.15737969},"geometry":{"type":"Polygon","coordinates":[[[16.505402,43.525268],[16.5054,43.525268],[16.5054,43.525269],[16.505402,43.525268]]]}},{"type":"Feature","properties":{"krov":"ROOF_NOT_FLAT","visina":10.3155,"kota_vrha":74.11147969},"geometry":{"type":"Polygon","coordinates":[[[16.505487,43.525305],[16.505468,43.525308],[16.505465,43.5253],[16.505456,43.525268],[16.50545,43.525268],[16.505437,43.525268],[16.505425,43.525268],[16.505425,43.525277],[16.505412,43.525277],[16.505412,43.525268],[16.505402,43.525268],[16.5054,43.525269],[16.5054,43.525277],[16.505375,43.525277],[16.505363,43.525277],[16.505361,43.525277],[16.505373,43.525315],[16.505373,43.525316],[16.505375,43.525322],[16.505375,43.525322],[16.505388,43.525322],[16.5054,43.525322],[16.5054,43.525313],[16.505412,43.525313],[16.505425,43.525313],[16.505437,43.525313],[16.50545,43.525313],[16.505462,43.525313],[16.505474,43.525313],[16.505487,43.525313],[16.505487,43.525305]]]}},{"type":"Feature","properties":{"krov":"ROOF_NOT_FLAT","visina":8.8958,"kota_vrha":73.43477969},"geometry":{"type":"Polygon","coordinates":[[[16.505487,43.525305],[16.505487,43.525304],[16.505487,43.525295],[16.505474,43.525295],[16.505474,43.525286],[16.505474,43.525277],[16.505474,43.525268],[16.505474,43.525259],[16.505462,43.525259],[16.505462,43.525268],[16.505456,43.525268],[16.505465,43.5253],[16.505468,43.525308],[16.505487,43.525305]]]}},{"type":"Feature","properties":{"krov":"ROOF_FLAT","visina":8.8208,"kota_vrha":70.63777969},"geometry":{"type":"Polygon","coordinates":[[[16.501899,43.52535],[16.501899,43.525323],[16.501911,43.525323],[16.501911,43.52526],[16.501929,43.525248],[16.501862,43.525242],[16.501825,43.525242],[16.501813,43.525242],[16.501813,43.525278],[16.501813,43.525296],[16.5018,43.525296],[16.5018,43.525305],[16.5018,43.525341],[16.5018,43.52535],[16.501899,43.52535]]]}},{"type":"Feature","properties":{"krov":"ROOF_NOT_FLAT","visina":9.7761,"kota_vrha":74.69107969},"geometry":{"type":"Polygon","coordinates":[[[16.503124,43.52535],[16.503124,43.525341],[16.503136,43.525341],[16.503149,43.525341],[16.503161,43.525341],[16.503161,43.525332],[16.503173,43.525332],[16.503186,43.525332],[16.503198,43.525332],[16.503198,43.525323],[16.50321,43.525323],[16.503223,43.525323],[16.503223,43.525314],[16.503223,43.525305],[16.50321,43.525305],[16.50321,43.525287],[16.503198,43.525274],[16.503186,43.525287],[16.503122,43.525294],[16.503111,43.525305],[16.503097,43.52531],[16.503111,43.525332],[16.503111,43.525341],[16.503111,43.52535],[16.503124,43.52535]]]}},{"type":"Feature","properties":{"krov":"ROOF_FLAT","visina":3.6722,"kota_vrha":34.05317969},"geometry":{"type":"Polygon","coordinates":[[[16.49163,43.525313],[16.491619,43.525313],[16.491607,43.525313],[16.491594,43.525313],[16.491594,43.525314],[16.49163,43.525317],[16.49163,43.525313]]]}},{"type":"Feature","properties":{"krov":"ROOF_FLAT","visina":3.527,"kota_vrha":34.20597969},"geometry":{"type":"Polygon","coordinates":[[[16.491677,43.525313],[16.491705,43.525316],[16.491705,43.525313],[16.491693,43.525313],[16.491681,43.525313],[16.491677,43.525313]]]}},{"type":"Feature","properties":{"krov":"ROOF_NOT_FLAT","visina":7.0888,"kota_vrha":37.73077969},"geometry":{"type":"Polygon","coordinates":[[[16.491705,43.525316],[16.491677,43.525313],[16.491668,43.525313],[16.491656,43.525313],[16.491644,43.525313],[16.491631,43.525313],[16.49163,43.525313],[16.49163,43.525317],[16.491622,43.52536],[16.491621,43.525364],[16.491665,43.525367],[16.491668,43.525367],[16.491681,43.525367],[16.491681,43.525369],[16.491705,43.525371],[16.491705,43.525367],[16.491705,43.525358],[16.491705,43.525331],[16.491705,43.525322],[16.491705,43.525316]]]}},{"type":"Feature","properties":{"krov":"ROOF_NOT_FLAT","visina":7.0463,"kota_vrha":37.69927969},"geometry":{"type":"MultiPolygon","coordinates":[[[[16.49163,43.525317],[16.491594,43.525314],[16.491594,43.525322],[16.491586,43.525334],[16.491582,43.525349],[16.491582,43.525358],[16.491582,43.525367],[16.491594,43.525367],[16.491607,43.525367],[16.491619,43.525367],[16.491631,43.525367],[16.491644,43.525367],[16.491656,43.525367],[16.491665,43.525367],[16.491621,43.525364],[16.491622,43.52536],[16.49163,43.525317]]],[[[16.491705,43.525371],[16.491681,43.525369],[16.491681,43.525376],[16.491693,43.525376],[16.491705,43.525376],[16.491705,43.525371]]]]}},{"type":"Feature","properties":{"krov":"ROOF_NOT_FLAT","visina":14.2997,"kota_vrha":78.59367969},"geometry":{"type":"Polygon","coordinates":[[[16.504652,43.525379],[16.504658,43.525368],[16.50467,43.525368],[16.50467,43.525359],[16.504683,43.525359],[16.504706,43.525359],[16.504707,43.525358],[16.504707,43.52535],[16.50472,43.52535],[16.504729,43.52535],[16.504732,43.525348],[16.504732,43.525341],[16.504732,43.525332],[16.50472,43.525332],[16.50472,43.525323],[16.50472,43.525314],[16.504707,43.525314],[16.504707,43.525305],[16.504695,43.525305],[16.504695,43.525296],[16.504683,43.525296],[16.504683,43.525305],[16.50467,43.525305],[16.504658,43.525305],[16.504658,43.525314],[16.504645,43.525314],[16.504633,43.525314],[16.504621,43.525314],[16.504621,43.525323],[16.504621,43.525332],[16.504621,43.525341],[16.504633,43.525341],[16.504633,43.52535],[16.504633,43.525359],[16.504645,43.525359],[16.504645,43.525368],[16.504652,43.525379]]]}},{"type":"Feature","properties":{"krov":"ROOF_FLAT","visina":13.029,"kota_vrha":48.29797969},"geometry":{"type":"Polygon","coordinates":[[[16.49846,43.525395],[16.498411,43.525395],[16.498411,43.525404],[16.49846,43.525404],[16.498472,43.525404],[16.498472,43.525395],[16.49846,43.525395]]]}},{"type":"Feature","properties":{"krov":"ROOF_FLAT","visina":13.1919,"kota_vrha":48.26187969},"geometry":{"type":"Polygon","coordinates":[[[16.498571,43.525395],[16.498559,43.525395],[16.498559,43.525404],[16.498571,43.525404],[16.498608,43.525404],[16.498621,43.525404],[16.498621,43.525395],[16.498608,43.525395],[16.498571,43.525395]]]}},{"type":"Feature","properties":{"krov":"ROOF_NOT_FLAT","visina":5.0099,"kota_vrha":58.70087969},"geometry":{"type":"Polygon","coordinates":[[[16.501157,43.525404],[16.501157,43.525395],[16.501169,43.525395],[16.501169,43.525386],[16.501157,43.525386],[16.501145,43.525386],[16.501145,43.525377],[16.501132,43.525377],[16.501132,43.525386],[16.501132,43.525395],[16.501132,43.525404],[16.501145,43.525404],[16.501157,43.525404]]]}},{"type":"Feature","properties":{"krov":"ROOF_NOT_FLAT","visina":7.8869,"kota_vrha":39.24987969},"geometry":{"type":"Polygon","coordinates":[[[16.49225,43.525394],[16.49225,43.525367],[16.49225,43.525358],[16.49225,43.525349],[16.492262,43.525349],[16.492262,43.52534],[16.492262,43.525331],[16.49225,43.525331],[16.492237,43.525331],[16.4922,43.525331],[16.492188,43.525331],[16.492188,43.52534],[16.492151,43.52534],[16.492138,43.52534],[16.492126,43.52534],[16.492126,43.525349],[16.492126,43.525358],[16.492126,43.525367],[16.492126,43.525385],[16.492126,43.525394],[16.492126,43.525403],[16.492138,43.525403],[16.492138,43.525394],[16.492151,43.525394],[16.492151,43.525385],[16.492163,43.525385],[16.492176,43.525385],[16.492188,43.525385],[16.4922,43.525385],[16.492213,43.525385],[16.492225,43.525385],[16.492225,43.525394],[16.492225,43.525403],[16.492237,43.525403],[16.492237,43.525412],[16.49225,43.525412],[16.49225,43.525403],[16.49225,43.525394]]]}},{"type":"Feature","properties":{"krov":"ROOF_NOT_FLAT","visina":15.3036,"kota_vrha":50.92657969},"geometry":{"type":"Polygon","coordinates":[[[16.49893,43.52523],[16.498988,43.525231],[16.499012,43.525231],[16.499054,43.525232],[16.499054,43.525224],[16.499054,43.525215],[16.499054,43.525206],[16.499054,43.525197],[16.499054,43.525188],[16.499054,43.525179],[16.499054,43.52517],[16.499054,43.525161],[16.499054,43.525152],[16.499054,43.525143],[16.499054,43.525134],[16.499054,43.525125],[16.499054,43.525098],[16.499054,43.525053],[16.499054,43.525008],[16.499054,43.524954],[16.499029,43.524954],[16.499004,43.524954],[16.498992,43.524954],[16.49898,43.524954],[16.498942,43.524954],[16.498942,43.524963],[16.49893,43.524981],[16.49893,43.524999],[16.49893,43.52508],[16.49893,43.525143],[16.49893,43.52517],[16.49893,43.525179],[16.49893,43.525188],[16.49893,43.525197],[16.49893,43.525206],[16.49893,43.525215],[16.49893,43.525224],[16.49893,43.52523]]]}},{"type":"Feature","properties":{"krov":"ROOF_NOT_FLAT","visina":17.8823,"kota_vrha":52.80427969},"geometry":{"type":"Polygon","coordinates":[[[16.499054,43.525232],[16.499012,43.525231],[16.498988,43.525231],[16.49893,43.52523],[16.49893,43.525233],[16.49893,43.525242],[16.49893,43.525251],[16.498918,43.525251],[16.498918,43.525256],[16.498954,43.525256],[16.499011,43.525257],[16.499103,43.525258],[16.499103,43.525251],[16.499103,43.525242],[16.499091,43.525242],[16.499079,43.525242],[16.499079,43.525233],[16.499072,43.525233],[16.499066,43.525233],[16.499054,43.525233],[16.499054,43.525232]]]}},{"type":"Feature","properties":{"krov":"ROOF_NOT_FLAT","visina":17.868,"kota_vrha":52.74597969},"geometry":{"type":"Polygon","coordinates":[[[16.499103,43.525339],[16.499009,43.525338],[16.498992,43.525338],[16.498992,43.525341],[16.498992,43.52535],[16.49898,43.52535],[16.498967,43.52535],[16.498967,43.525359],[16.498955,43.525359],[16.498942,43.525359],[16.49893,43.525359],[16.49893,43.525368],[16.49893,43.525377],[16.49893,43.525386],[16.49893,43.525395],[16.49893,43.525404],[16.498942,43.525404],[16.498955,43.525404],[16.49898,43.525404],[16.498992,43.525404],[16.499004,43.525404],[16.499017,43.525404],[16.499041,43.525404],[16.499066,43.525404],[16.499066,43.525413],[16.499079,43.525413],[16.499091,43.525413],[16.499103,43.525413],[16.499103,43.52535],[16.499103,43.525341],[16.499103,43.525339]]]}},{"type":"Feature","properties":{"krov":"ROOF_NOT_FLAT","visina":18.7801,"kota_vrha":53.67907969},"geometry":{"type":"Polygon","coordinates":[[[16.499103,43.525258],[16.499011,43.525257],[16.498954,43.525256],[16.498918,43.525256],[16.498918,43.52526],[16.498905,43.52526],[16.498905,43.525269],[16.498905,43.525278],[16.498893,43.525278],[16.498893,43.525287],[16.498893,43.525305],[16.498905,43.525305],[16.498905,43.525323],[16.498905,43.525332],[16.498942,43.525332],[16.498955,43.525332],[16.498967,43.525332],[16.498992,43.525332],[16.498992,43.525338],[16.499009,43.525338],[16.499103,43.525339],[16.499103,43.525332],[16.499103,43.525269],[16.499103,43.52526],[16.499103,43.525258]]]}},{"type":"Feature","properties":{"krov":"ROOF_FLAT","visina":8.8293,"kota_vrha":72.62727969},"geometry":{"type":"Polygon","coordinates":[[[16.506229,43.525412],[16.506229,43.525403],[16.506241,43.525403],[16.506254,43.525403],[16.506266,43.525403],[16.506278,43.525403],[16.506278,43.525394],[16.506291,43.525394],[16.506303,43.525394],[16.506316,43.525394],[16.506328,43.525394],[16.506328,43.525385],[16.50634,43.525385],[16.506353,43.525385],[16.506365,43.525385],[16.506365,43.525376],[16.506365,43.525367],[16.506353,43.525367],[16.506353,43.525358],[16.506353,43.525349],[16.50634,43.525349],[16.50634,43.52534],[16.50634,43.525331],[16.50634,43.525322],[16.50634,43.525313],[16.50634,43.525304],[16.506328,43.525304],[16.506322,43.525293],[16.506316,43.525304],[16.506303,43.525304],[16.506291,43.525304],[16.506278,43.525304],[16.506278,43.525297],[16.506269,43.525298],[16.506268,43.525295],[16.506266,43.525295],[16.506254,43.525295],[16.506241,43.525295],[16.506229,43.525295],[16.506217,43.525295],[16.506206,43.525295],[16.506207,43.525297],[16.506204,43.525298],[16.506204,43.525304],[16.506192,43.525304],[16.506192,43.525313],[16.506179,43.525313],[16.506179,43.525322],[16.506179,43.525331],[16.506179,43.52534],[16.506179,43.525349],[16.506179,43.525358],[16.506179,43.525367],[16.506192,43.525367],[16.506192,43.525376],[16.506192,43.525385],[16.506192,43.525394],[16.506192,43.525403],[16.506204,43.525403],[16.506204,43.525412],[16.506217,43.525412],[16.506229,43.525412]],[[16.506217,43.525313],[16.506217,43.525304],[16.506229,43.525304],[16.506229,43.525313],[16.506241,43.525313],[16.506241,43.525322],[16.506254,43.525322],[16.506254,43.525331],[16.50626,43.525343],[16.506266,43.525331],[16.506266,43.525322],[16.506278,43.525322],[16.506278,43.525313],[16.506291,43.525313],[16.506291,43.525322],[16.506303,43.525322],[16.506303,43.525331],[16.506303,43.52534],[16.506303,43.525349],[16.506303,43.525358],[16.506303,43.525367],[16.506291,43.525367],[16.506278,43.525367],[16.506278,43.525376],[16.506266,43.525376],[16.506254,43.525376],[16.506241,43.525376],[16.506241,43.525367],[16.506229,43.525367],[16.506229,43.525358],[16.506217,43.525358],[16.506217,43.525349],[16.506217,43.52534],[16.506217,43.525331],[16.506217,43.525322],[16.506217,43.525313]]]}},{"type":"Feature","properties":{"krov":"ROOF_FLAT","visina":2.5997,"kota_vrha":34.22167969},"geometry":{"type":"Polygon","coordinates":[[[16.491829,43.525403],[16.491829,43.525394],[16.491845,43.52539],[16.491829,43.525385],[16.491817,43.525385],[16.491804,43.525385],[16.491792,43.525385],[16.49178,43.525385],[16.49178,43.525376],[16.491767,43.525376],[16.491755,43.525376],[16.491755,43.525385],[16.491755,43.525394],[16.491743,43.525394],[16.491743,43.525403],[16.49173,43.525403],[16.49173,43.525412],[16.491743,43.525412],[16.491755,43.525412],[16.491767,43.525412],[16.49178,43.525412],[16.491792,43.525412],[16.491792,43.525421],[16.491804,43.525421],[16.491817,43.525421],[16.491829,43.525421],[16.491829,43.525403]]]}},{"type":"Feature","properties":{"krov":"ROOF_FLAT","visina":5.8758,"kota_vrha":35.21877969},"geometry":{"type":"Polygon","coordinates":[[[16.495083,43.525395],[16.495083,43.525394],[16.495145,43.525402],[16.495145,43.525395],[16.495145,43.525386],[16.495157,43.525386],[16.495157,43.525377],[16.495157,43.525368],[16.495157,43.525359],[16.495157,43.52535],[16.495157,43.525332],[16.495157,43.525323],[16.495182,43.525323],[16.495182,43.525305],[16.495177,43.525263],[16.495161,43.525256],[16.495174,43.525225],[16.495112,43.525227],[16.495107,43.52523],[16.495105,43.525235],[16.495098,43.525234],[16.495082,43.525242],[16.495026,43.52523],[16.495021,43.525278],[16.495021,43.525296],[16.495021,43.525305],[16.495009,43.525305],[16.495009,43.525314],[16.495009,43.525341],[16.495009,43.52535],[16.494996,43.52535],[16.494996,43.525359],[16.494996,43.525368],[16.494996,43.525377],[16.495009,43.525377],[16.495021,43.525377],[16.495021,43.525386],[16.495033,43.525386],[16.495046,43.525386],[16.495058,43.525386],[16.49507,43.525386],[16.49507,43.525394],[16.495071,43.525395],[16.495083,43.525395],[16.495083,43.525395]]]}},{"type":"Feature","properties":{"krov":"ROOF_NOT_FLAT","visina":8.402,"kota_vrha":38.03797969},"geometry":{"type":"Polygon","coordinates":[[[16.495145,43.525402],[16.495083,43.525394],[16.495083,43.525395],[16.495083,43.525404],[16.495095,43.525404],[16.495095,43.525413],[16.495107,43.525413],[16.495107,43.525422],[16.49512,43.525422],[16.495132,43.525422],[16.495132,43.525413],[16.495132,43.525404],[16.495145,43.525404],[16.495145,43.525402]]]}},{"type":"Feature","properties":{"krov":"ROOF_NOT_FLAT","visina":10.9057,"kota_vrha":75.49567969},"geometry":{"type":"Polygon","coordinates":[[[16.503982,43.525422],[16.503965,43.525428],[16.503965,43.525431],[16.503977,43.525431],[16.503977,43.52544],[16.50399,43.52544],[16.504002,43.52544],[16.504002,43.525431],[16.504015,43.525431],[16.504015,43.525422],[16.504027,43.525422],[16.504039,43.525422],[16.504039,43.525413],[16.504052,43.525413],[16.504064,43.525413],[16.504064,43.525404],[16.504076,43.525404],[16.504089,43.525404],[16.504089,43.525395],[16.504101,43.525395],[16.504101,43.525386],[16.504089,43.525386],[16.504089,43.525368],[16.504076,43.525368],[16.504076,43.525359],[16.504064,43.525346],[16.504052,43.525359],[16.504039,43.525359],[16.504027,43.525359],[16.504027,43.525368],[16.504015,43.525368],[16.504002,43.525368],[16.504002,43.525377],[16.50399,43.525377],[16.503977,43.525377],[16.503977,43.525386],[16.503977,43.525395],[16.503977,43.525404],[16.50399,43.525404],[16.50399,43.525413],[16.50399,43.525422],[16.503982,43.525422]]]}},{"type":"Feature","properties":{"krov":"ROOF_NOT_FLAT","visina":9.0227,"kota_vrha":73.85667969},"geometry":{"type":"Polygon","coordinates":[[[16.503982,43.525422],[16.503977,43.525422],[16.503977,43.525413],[16.503965,43.525413],[16.503965,43.525404],[16.503953,43.525404],[16.503953,43.525413],[16.503953,43.525418],[16.503955,43.525422],[16.503965,43.525422],[16.503965,43.525428],[16.503982,43.525422]]]}},{"type":"Feature","properties":{"krov":"ROOF_FLAT","visina":6.2539,"kota_vrha":70.59587969},"geometry":{"type":"MultiPolygon","coordinates":[[[[16.503541,43.525395],[16.503532,43.525395],[16.503532,43.525398],[16.503541,43.525395]]],[[[16.503544,43.525393],[16.503545,43.525393],[16.503562,43.525413],[16.503569,43.525413],[16.503582,43.525413],[16.503594,43.525413],[16.503594,43.525422],[16.503578,43.525426],[16.503594,43.525431],[16.503606,43.525431],[16.503606,43.52544],[16.503606,43.525449],[16.503619,43.525449],[16.503627,43.525449],[16.503631,43.525447],[16.503631,43.52544],[16.503643,43.52544],[16.503643,43.525431],[16.503668,43.525431],[16.503668,43.525422],[16.503668,43.525413],[16.503668,43.525404],[16.503656,43.525404],[16.503656,43.525395],[16.503643,43.525395],[16.503643,43.525386],[16.503643,43.525377],[16.503631,43.525377],[16.503631,43.525368],[16.503631,43.525359],[16.503619,43.525359],[16.503606,43.525359],[16.503606,43.525368],[16.503594,43.525368],[16.503582,43.525368],[16.503582,43.525377],[16.503569,43.525377],[16.503557,43.525377],[16.503557,43.525386],[16.503544,43.525386],[16.503544,43.525393]]]]}},{"type":"Feature","properties":{"krov":"ROOF_NOT_FLAT","visina":9.5044,"kota_vrha":73.80437969},"geometry":{"type":"Polygon","coordinates":[[[16.503562,43.525413],[16.503545,43.525393],[16.503544,43.525393],[16.503544,43.525395],[16.503541,43.525395],[16.503532,43.525398],[16.503532,43.525404],[16.503532,43.525413],[16.503532,43.525422],[16.503544,43.525422],[16.503544,43.525431],[16.503544,43.525439],[16.503545,43.52544],[16.503557,43.52544],[16.503573,43.525435],[16.503557,43.525431],[16.503557,43.525422],[16.503557,43.525413],[16.503562,43.525413]]]}},{"type":"Feature","properties":{"krov":"ROOF_NOT_FLAT","visina":14.0239,"kota_vrha":77.12387969},"geometry":{"type":"Polygon","coordinates":[[[16.50445,43.525395],[16.504449,43.525395],[16.504449,43.525395],[16.504448,43.525395],[16.504448,43.525393],[16.504421,43.525359],[16.50441,43.525359],[16.504398,43.525359],[16.504386,43.525359],[16.504386,43.525368],[16.504373,43.525368],[16.504373,43.525377],[16.504361,43.525377],[16.504361,43.525386],[16.504349,43.525386],[16.504336,43.525386],[16.504336,43.525395],[16.504324,43.525395],[16.504311,43.525395],[16.504296,43.525399],[16.504311,43.525404],[16.504311,43.525413],[16.504311,43.525422],[16.504324,43.525422],[16.504324,43.525431],[16.504324,43.525439],[16.504328,43.525445],[16.504324,43.525447],[16.504324,43.525449],[16.504336,43.525449],[16.504349,43.525449],[16.504349,43.52544],[16.504361,43.52544],[16.504373,43.52544],[16.504373,43.525431],[16.504386,43.525431],[16.504386,43.525422],[16.504398,43.525422],[16.50441,43.525422],[16.50441,43.525413],[16.504423,43.525413],[16.504435,43.525413],[16.504435,43.525404],[16.504448,43.525404],[16.50446,43.525404],[16.50446,43.525395],[16.50445,43.525395]]]}},{"type":"Feature","properties":{"krov":"ROOF_NOT_FLAT","visina":11.7241,"kota_vrha":75.45307969},"geometry":{"type":"MultiPolygon","coordinates":[[[[16.504448,43.525393],[16.504448,43.525386],[16.50446,43.525386],[16.50446,43.525377],[16.504448,43.525377],[16.504448,43.525368],[16.504448,43.525359],[16.504435,43.525359],[16.504423,43.525359],[16.504421,43.525359],[16.504448,43.525393]]]]}},{"type":"Feature","properties":{"krov":"ROOF_NOT_FLAT","visina":10.2185,"kota_vrha":67.87147969},"geometry":{"type":"Polygon","coordinates":[[[16.501664,43.525458],[16.501664,43.525449],[16.501652,43.525449],[16.501639,43.525449],[16.501639,43.525458],[16.501652,43.525458],[16.501664,43.525458]]]}},{"type":"Feature","properties":{"krov":"ROOF_FLAT","visina":6.2539,"kota_vrha":70.59587969},"geometry":{"type":"Polygon","coordinates":[[[16.503606,43.525449],[16.503594,43.525449],[16.503594,43.525458],[16.503606,43.525458],[16.503606,43.525449]]]}},{"type":"Feature","properties":{"krov":"ROOF_FLAT","visina":2.6512,"kota_vrha":34.81917969},"geometry":{"type":"Polygon","coordinates":[[[16.492423,43.525409],[16.492423,43.525403],[16.492423,43.525394],[16.492423,43.525385],[16.492423,43.525376],[16.492423,43.525367],[16.492423,43.525358],[16.492423,43.525349],[16.492411,43.525349],[16.492398,43.525349],[16.492386,43.525349],[16.492386,43.525358],[16.492386,43.525367],[16.492386,43.525376],[16.492386,43.525385],[16.492386,43.525394],[16.492386,43.525403],[16.492374,43.525403],[16.492374,43.525404],[16.492374,43.525409],[16.492423,43.525409]]]}},{"type":"Feature","properties":{"krov":"ROOF_FLAT","visina":3.1206,"kota_vrha":37.11057969},"geometry":{"type":"Polygon","coordinates":[[[16.492423,43.525409],[16.492374,43.525409],[16.492374,43.525409],[16.492374,43.525412],[16.492361,43.525412],[16.492361,43.525421],[16.492349,43.525421],[16.492349,43.525466],[16.492423,43.525466],[16.492423,43.525421],[16.492423,43.525412],[16.492423,43.525409]]]}},{"type":"Feature","properties":{"krov":"ROOF_FLAT","visina":6.7111,"kota_vrha":36.57207969},"geometry":{"type":"Polygon","coordinates":[[[16.494996,43.525446],[16.49507,43.525452],[16.49507,43.525449],[16.495083,43.525449],[16.495083,43.525453],[16.495107,43.525456],[16.495107,43.525449],[16.495107,43.52544],[16.495095,43.52544],[16.495083,43.52544],[16.49507,43.52544],[16.495058,43.52544],[16.495046,43.52544],[16.495033,43.52544],[16.495021,43.52544],[16.495009,43.52544],[16.494996,43.52544],[16.494996,43.525446]]]}},{"type":"Feature","properties":{"krov":"ROOF_NOT_FLAT","visina":10.6407,"kota_vrha":41.02367969},"geometry":{"type":"Polygon","coordinates":[[[16.495107,43.525456],[16.495083,43.525453],[16.495083,43.525458],[16.49507,43.525458],[16.49507,43.525452],[16.494996,43.525446],[16.494996,43.525449],[16.494996,43.525458],[16.494996,43.525476],[16.494996,43.525485],[16.494996,43.525494],[16.49498,43.525498],[16.494996,43.525503],[16.495009,43.525503],[16.495021,43.525503],[16.495033,43.525503],[16.495033,43.525512],[16.495046,43.525512],[16.495058,43.525512],[16.49507,43.525512],[16.495083,43.525512],[16.495095,43.525512],[16.495095,43.525503],[16.495095,43.525494],[16.495107,43.525494],[16.495107,43.525467],[16.495107,43.525458],[16.495107,43.525456]]]}},{"type":"Feature","properties":{"krov":"ROOF_FLAT","visina":9.082,"kota_vrha":73.27497969},"geometry":{"type":"Polygon","coordinates":[[[16.503878,43.525513],[16.503866,43.525518],[16.503866,43.525521],[16.503872,43.525521],[16.503878,43.525518],[16.503878,43.525513]]]}},{"type":"Feature","properties":{"krov":"ROOF_NOT_FLAT","visina":9.9695,"kota_vrha":74.21747969},"geometry":{"type":"Polygon","coordinates":[[[16.503878,43.525513],[16.503878,43.525512],[16.503866,43.525512],[16.503866,43.525518],[16.503878,43.525513]]]}},{"type":"Feature","properties":{"krov":"ROOF_FLAT","visina":14.9794,"kota_vrha":52.47437969},"geometry":{"type":"Polygon","coordinates":[[[16.499329,43.525323],[16.49932,43.525323],[16.499314,43.525323],[16.499314,43.525332],[16.499314,43.525341],[16.499314,43.52535],[16.499314,43.525359],[16.499314,43.525377],[16.499326,43.525377],[16.499326,43.525379],[16.499328,43.525379],[16.499329,43.525323]]]}},{"type":"Feature","properties":{"krov":"ROOF_FLAT","visina":14.8404,"kota_vrha":52.47437969},"geometry":{"type":"Polygon","coordinates":[[[16.499332,43.525215],[16.499326,43.525215],[16.499326,43.525224],[16.499314,43.525224],[16.499314,43.525233],[16.499314,43.525242],[16.499314,43.525251],[16.499314,43.525269],[16.499326,43.525269],[16.499326,43.525271],[16.499331,43.525271],[16.499332,43.525215]]]}},{"type":"Feature","properties":{"krov":"ROOF_NOT_FLAT","visina":18.4237,"kota_vrha":55.81967969},"geometry":{"type":"Polygon","coordinates":[[[16.499332,43.525215],[16.499331,43.525271],[16.499331,43.525278],[16.499338,43.525278],[16.499338,43.525314],[16.49933,43.525314],[16.499329,43.525323],[16.499328,43.525379],[16.499328,43.525386],[16.499338,43.525386],[16.499338,43.52553],[16.499351,43.52553],[16.4994,43.52553],[16.49945,43.52553],[16.499462,43.52553],[16.499474,43.52553],[16.499499,43.52553],[16.499524,43.52553],[16.499572,43.525525],[16.499586,43.525242],[16.499586,43.525197],[16.499586,43.525017],[16.499512,43.525017],[16.499487,43.525017],[16.499474,43.525017],[16.499462,43.525017],[16.499425,43.525017],[16.499351,43.525017],[16.499351,43.525197],[16.499338,43.525215],[16.499332,43.525215]]]}},{"type":"Feature","properties":{"krov":"ROOF_FLAT","visina":8.456,"kota_vrha":73.27497969},"geometry":{"type":"MultiPolygon","coordinates":[[[[16.503866,43.525433],[16.503866,43.525431],[16.503854,43.525431],[16.503854,43.525437],[16.503866,43.525433],[16.503866,43.525433]]],[[[16.503847,43.52544],[16.503841,43.52544],[16.50383,43.52544],[16.503829,43.52544],[16.503829,43.525446],[16.503847,43.52544]]],[[[16.50389,43.525458],[16.503887,43.525458],[16.503888,43.525459],[16.50389,43.525458]]]]}},{"type":"Feature","properties":{"krov":"ROOF_FLAT","visina":9.082,"kota_vrha":73.27497969},"geometry":{"type":"MultiPolygon","coordinates":[[[[16.503888,43.525459],[16.503891,43.525462],[16.503891,43.525458],[16.50389,43.525458],[16.503888,43.525459]]],[[[16.503903,43.525476],[16.503903,43.525467],[16.503895,43.525467],[16.503903,43.525476]]],[[[16.503916,43.525491],[16.503916,43.525485],[16.503916,43.525476],[16.503903,43.525476],[16.503916,43.525491]]],[[[16.503903,43.525503],[16.503915,43.525503],[16.503916,43.525502],[16.503916,43.525497],[16.503903,43.525503]]],[[[16.503841,43.525476],[16.503845,43.525474],[16.503841,43.525469],[16.503841,43.525476]]],[[[16.503829,43.525476],[16.503817,43.525476],[16.503812,43.525476],[16.503804,43.525479],[16.503804,43.525485],[16.503792,43.525485],[16.503792,43.525484],[16.50377,43.525493],[16.503769,43.525494],[16.50378,43.525494],[16.50378,43.525499],[16.503841,43.525476],[16.503829,43.525476]]],[[[16.50378,43.525503],[16.50378,43.52551],[16.503781,43.525512],[16.503788,43.525512],[16.50378,43.525499],[16.50378,43.525503]]],[[[16.503792,43.525521],[16.503792,43.525526],[16.503795,43.52553],[16.503801,43.52553],[16.503792,43.525517],[16.503792,43.525521]]]]}},{"type":"Feature","properties":{"krov":"ROOF_FLAT","visina":5.9675,"kota_vrha":70.59547969},"geometry":{"type":"MultiPolygon","coordinates":[[[[16.503804,43.525479],[16.503812,43.525476],[16.503804,43.525476],[16.503804,43.525479]]],[[[16.503804,43.525467],[16.503792,43.525467],[16.503792,43.525458],[16.50378,43.525458],[16.503767,43.525458],[16.503767,43.525467],[16.503767,43.525476],[16.503767,43.525485],[16.503767,43.52549],[16.50377,43.525493],[16.503792,43.525484],[16.503792,43.525476],[16.503804,43.525476],[16.503804,43.525467]]]]}},{"type":"Feature","properties":{"krov":"ROOF_NOT_FLAT","visina":9.9695,"kota_vrha":74.21747969},"geometry":{"type":"Polygon","coordinates":[[[16.503903,43.525503],[16.503916,43.525497],[16.503916,43.525494],[16.503916,43.525491],[16.503895,43.525467],[16.503891,43.525467],[16.503891,43.525462],[16.503888,43.525459],[16.503887,43.525458],[16.503878,43.525458],[16.503878,43.525449],[16.503866,43.525449],[16.503866,43.52544],[16.503866,43.525433],[16.503866,43.525433],[16.503854,43.525437],[16.503854,43.52544],[16.503847,43.52544],[16.503829,43.525446],[16.503829,43.525449],[16.503841,43.525449],[16.503841,43.525458],[16.503854,43.525458],[16.503854,43.525467],[16.503841,43.525467],[16.503841,43.525469],[16.503845,43.525474],[16.50378,43.525499],[16.503788,43.525512],[16.503792,43.525512],[16.503792,43.525517],[16.503801,43.52553],[16.503804,43.52553],[16.503804,43.525521],[16.503817,43.525521],[16.503817,43.525512],[16.503829,43.525512],[16.503841,43.525512],[16.503841,43.525503],[16.503854,43.525503],[16.503866,43.525503],[16.503866,43.525494],[16.503878,43.525494],[16.503891,43.525494],[16.503903,43.525494],[16.503903,43.525503]]]}},{"type":"Feature","properties":{"krov":"ROOF_FLAT","visina":8.8999,"kota_vrha":66.36787969},"geometry":{"type":"Polygon","coordinates":[[[16.50154,43.525539],[16.50154,43.52553],[16.501553,43.52553],[16.501553,43.525521],[16.501565,43.525521],[16.501565,43.525512],[16.501565,43.525503],[16.501581,43.525498],[16.501565,43.525494],[16.501553,43.525494],[16.501553,43.525503],[16.50154,43.525503],[16.50154,43.525512],[16.50154,43.525521],[16.501528,43.525521],[16.501528,43.52553],[16.501528,43.525539],[16.50154,43.525539]]]}},{"type":"Feature","properties":{"krov":"ROOF_FLAT","visina":3.8001,"kota_vrha":39.35607969},"geometry":{"type":"Polygon","coordinates":[[[16.492905,43.525538],[16.492856,43.525538],[16.492856,43.525556],[16.492905,43.525556],[16.492905,43.525538]]]}},{"type":"Feature","properties":{"krov":"ROOF_FLAT","visina":4.5664,"kota_vrha":63.39237969},"geometry":{"type":"MultiPolygon","coordinates":[[[[16.501664,43.525469],[16.501664,43.525474],[16.501667,43.52547],[16.501664,43.525469]]],[[[16.501655,43.525485],[16.501652,43.525485],[16.501652,43.525489],[16.501655,43.525485]]],[[[16.501602,43.52549],[16.501602,43.525485],[16.501615,43.525485],[16.501615,43.525476],[16.501627,43.525476],[16.501627,43.525467],[16.501621,43.525467],[16.50162,43.525468],[16.501618,43.525467],[16.501615,43.525467],[16.501602,43.525467],[16.50159,43.525467],[16.501577,43.525467],[16.501577,43.525476],[16.501577,43.525485],[16.50159,43.525485],[16.50159,43.525491],[16.501592,43.525492],[16.501595,43.525487],[16.501602,43.52549]]],[[[16.501648,43.525494],[16.501639,43.525494],[16.501639,43.525503],[16.501633,43.525503],[16.501639,43.525505],[16.501648,43.525494]]]]}},{"type":"Feature","properties":{"krov":"ROOF_FLAT","visina":10.81,"kota_vrha":68.75497969},"geometry":{"type":"Polygon","coordinates":[[[16.501642,43.525512],[16.501645,43.525508],[16.501639,43.525505],[16.501633,43.525503],[16.501627,43.525503],[16.501615,43.525503],[16.501602,43.525503],[16.501602,43.525494],[16.501602,43.52549],[16.501595,43.525487],[16.501592,43.525492],[16.50159,43.525494],[16.50159,43.525503],[16.50159,43.525512],[16.501577,43.525512],[16.501577,43.525521],[16.501577,43.52553],[16.50159,43.52553],[16.50159,43.525539],[16.501602,43.525539],[16.501615,43.525539],[16.501615,43.52553],[16.501615,43.525512],[16.501627,43.525512],[16.501639,43.525512],[16.501642,43.525512]]]}},{"type":"Feature","properties":{"krov":"ROOF_FLAT","visina":8.8999,"kota_vrha":66.36787969},"geometry":{"type":"Polygon","coordinates":[[[16.501592,43.525492],[16.50159,43.525491],[16.50159,43.525494],[16.50159,43.525494],[16.501592,43.525492]]]}},{"type":"Feature","properties":{"krov":"ROOF_NOT_FLAT","visina":10.2185,"kota_vrha":67.87147969},"geometry":{"type":"Polygon","coordinates":[[[16.501664,43.525458],[16.501664,43.525467],[16.501664,43.525469],[16.501667,43.52547],[16.501664,43.525474],[16.501664,43.525476],[16.501664,43.525485],[16.501655,43.525485],[16.501652,43.525489],[16.501652,43.525494],[16.501648,43.525494],[16.501639,43.525505],[16.501645,43.525508],[16.501642,43.525512],[16.501652,43.525512],[16.501652,43.525521],[16.501652,43.52553],[16.501639,43.52553],[16.501639,43.525539],[16.501623,43.525543],[16.501639,43.525548],[16.501639,43.525557],[16.501652,43.525557],[16.501664,43.525557],[16.501676,43.525557],[16.501676,43.525548],[16.501689,43.525548],[16.501689,43.525539],[16.501689,43.52553],[16.501687,43.52553],[16.501676,43.52553],[16.501664,43.52553],[16.501664,43.525521],[16.501676,43.525521],[16.501676,43.525512],[16.501676,43.525503],[16.501689,43.525503],[16.501689,43.525494],[16.501689,43.525485],[16.501701,43.525485],[16.501701,43.525476],[16.501701,43.525467],[16.501689,43.525467],[16.501689,43.525458],[16.501688,43.525458],[16.501676,43.525458],[16.501664,43.525458]]]}},{"type":"Feature","properties":{"krov":"ROOF_NOT_FLAT","visina":2.6729,"kota_vrha":26.74687969},"geometry":{"type":"Polygon","coordinates":[[[16.490463,43.525543],[16.490468,43.525529],[16.490376,43.525538],[16.490393,43.52556],[16.490463,43.525543]]]}},{"type":"Feature","properties":{"krov":"ROOF_NOT_FLAT","visina":11.341,"kota_vrha":74.61497969},"geometry":{"type":"Polygon","coordinates":[[[16.504076,43.525566],[16.504076,43.525557],[16.504076,43.525548],[16.504076,43.525539],[16.504064,43.525539],[16.504048,43.525543],[16.504064,43.525548],[16.504064,43.525557],[16.504064,43.525566],[16.504076,43.525566]]]}},{"type":"Feature","properties":{"krov":"ROOF_NOT_FLAT","visina":12.9759,"kota_vrha":75.64787969},"geometry":{"type":"Polygon","coordinates":[[[16.504089,43.525551],[16.504092,43.525557],[16.504101,43.525557],[16.504101,43.525566],[16.504114,43.525566],[16.504126,43.525566],[16.504126,43.525557],[16.504138,43.525557],[16.504151,43.525557],[16.504151,43.525548],[16.504163,43.525548],[16.504175,43.525548],[16.504175,43.525539],[16.504188,43.525539],[16.5042,43.525539],[16.5042,43.52553],[16.504213,43.52553],[16.504212,43.525521],[16.504212,43.525512],[16.504212,43.525503],[16.5042,43.525503],[16.5042,43.525476],[16.504188,43.525476],[16.504175,43.525476],[16.504175,43.525485],[16.504163,43.525485],[16.504151,43.525485],[16.504138,43.525485],[16.504138,43.525494],[16.504126,43.525494],[16.504126,43.525503],[16.504114,43.525503],[16.504114,43.525512],[16.504101,43.525512],[16.504089,43.525512],[16.504089,43.525521],[16.504076,43.525521],[16.504076,43.52553],[16.504089,43.52553],[16.504089,43.525539],[16.504089,43.525548],[16.504089,43.525551]]]}},{"type":"Feature","properties":{"krov":"ROOF_NOT_FLAT","visina":11.341,"kota_vrha":74.61497969},"geometry":{"type":"Polygon","coordinates":[[[16.504092,43.525557],[16.504089,43.525551],[16.504089,43.525557],[16.504092,43.525557]]]}},{"type":"Feature","properties":{"krov":"ROOF_NOT_FLAT","visina":8.758,"kota_vrha":72.77697969},"geometry":{"type":"Polygon","coordinates":[[[16.503396,43.525548],[16.503384,43.525548],[16.503384,43.525557],[16.503396,43.525557],[16.503402,43.525568],[16.503408,43.525557],[16.503408,43.525548],[16.503396,43.525548]]]}},{"type":"Feature","properties":{"krov":"ROOF_NOT_FLAT","visina":17.6311,"kota_vrha":55.24607969},"geometry":{"type":"Polygon","coordinates":[[[16.499437,43.525575],[16.499425,43.525575],[16.499409,43.525579],[16.499425,43.525584],[16.499437,43.525584],[16.49945,43.525584],[16.499462,43.525584],[16.499499,43.525584],[16.499499,43.525575],[16.499462,43.525575],[16.49945,43.525575],[16.499437,43.525575]]]}},{"type":"Feature","properties":{"krov":"ROOF_NOT_FLAT","visina":9.9389,"kota_vrha":73.62387969},"geometry":{"type":"Polygon","coordinates":[[[16.502975,43.525584],[16.502975,43.525575],[16.502988,43.525575],[16.502988,43.525566],[16.503,43.525566],[16.503013,43.525566],[16.503013,43.525557],[16.503025,43.525557],[16.503037,43.525557],[16.503037,43.525548],[16.503025,43.525548],[16.503025,43.525539],[16.50299,43.525502],[16.502919,43.525534],[16.502914,43.525539],[16.502922,43.525542],[16.502934,43.52556],[16.502951,43.525566],[16.502951,43.525575],[16.502951,43.525584],[16.502963,43.525584],[16.502975,43.525584]]]}},{"type":"Feature","properties":{"krov":"ROOF_NOT_FLAT","visina":8.758,"kota_vrha":72.77697969},"geometry":{"type":"Polygon","coordinates":[[[16.503458,43.525503],[16.503458,43.525494],[16.503458,43.525485],[16.503445,43.525485],[16.503433,43.525485],[16.503421,43.525485],[16.503421,43.525485],[16.503421,43.525494],[16.503396,43.525494],[16.503396,43.525494],[16.503396,43.525503],[16.503384,43.525503],[16.503372,43.525503],[16.503371,43.525503],[16.503371,43.525512],[16.503371,43.525521],[16.503384,43.525521],[16.503396,43.525521],[16.503408,43.525521],[16.503408,43.52553],[16.503421,43.52553],[16.503433,43.52553],[16.503433,43.525539],[16.503433,43.525548],[16.503446,43.525548],[16.503446,43.525557],[16.503458,43.525557],[16.50347,43.525557],[16.50347,43.525566],[16.503483,43.525566],[16.503483,43.525575],[16.503495,43.525575],[16.503507,43.525575],[16.503507,43.525584],[16.50352,43.525584],[16.50352,43.525575],[16.50352,43.525566],[16.503507,43.525566],[16.503507,43.525557],[16.503495,43.525557],[16.503495,43.525548],[16.503495,43.525539],[16.503483,43.525539],[16.503483,43.52553],[16.503483,43.525521],[16.50347,43.525521],[16.50347,43.525512],[16.50347,43.525503],[16.503458,43.525503]]]}},{"type":"Feature","properties":{"krov":"ROOF_NOT_FLAT","visina":12.5987,"kota_vrha":75.20067969},"geometry":{"type":"Polygon","coordinates":[[[16.504108,43.525582],[16.504104,43.525575],[16.504101,43.525575],[16.504091,43.525575],[16.504076,43.525579],[16.504076,43.525584],[16.504089,43.525584],[16.504101,43.525584],[16.504108,43.525582]]]}},{"type":"Feature","properties":{"krov":"ROOF_NOT_FLAT","visina":12.9759,"kota_vrha":75.64787969},"geometry":{"type":"Polygon","coordinates":[[[16.504104,43.525575],[16.504108,43.525582],[16.504117,43.525579],[16.504104,43.525575]]]}},{"type":"Feature","properties":{"krov":"ROOF_NOT_FLAT","visina":11.341,"kota_vrha":74.61497969},"geometry":{"type":"Polygon","coordinates":[[[16.504091,43.525575],[16.504089,43.525575],[16.504089,43.525566],[16.504076,43.525566],[16.504076,43.525575],[16.504076,43.525579],[16.504091,43.525575]]]}},{"type":"Feature","properties":{"krov":"ROOF_NOT_FLAT","visina":3.7326,"kota_vrha":27.77757969},"geometry":{"type":"Polygon","coordinates":[[[16.490666,43.525592],[16.490666,43.525583],[16.490679,43.525583],[16.490691,43.525583],[16.490691,43.525574],[16.490691,43.525565],[16.490691,43.525556],[16.490691,43.525538],[16.490666,43.525538],[16.490654,43.525538],[16.490645,43.525538],[16.490645,43.52554],[16.490642,43.52554],[16.490642,43.525547],[16.490629,43.525547],[16.490617,43.525547],[16.490604,43.525547],[16.490604,43.525556],[16.490604,43.525574],[16.490604,43.525583],[16.490604,43.525592],[16.490617,43.525592],[16.490666,43.525592]]]}},{"type":"Feature","properties":{"krov":"ROOF_FLAT","visina":8.8999,"kota_vrha":66.36787969},"geometry":{"type":"Polygon","coordinates":[[[16.501565,43.525566],[16.501559,43.525554],[16.501553,43.525566],[16.501553,43.525575],[16.501553,43.525584],[16.501565,43.525584],[16.501565,43.525591],[16.501569,43.525593],[16.501577,43.525593],[16.50159,43.525593],[16.501615,43.525593],[16.501615,43.525584],[16.501615,43.525575],[16.501602,43.525575],[16.501602,43.525566],[16.50159,43.525566],[16.501577,43.525566],[16.501565,43.525566]]]}},{"type":"Feature","properties":{"krov":"ROOF_NOT_FLAT","visina":7.3112,"kota_vrha":71.33517969},"geometry":{"type":"Polygon","coordinates":[[[16.503631,43.525593],[16.503631,43.525584],[16.503643,43.525584],[16.503656,43.525584],[16.503656,43.525575],[16.503668,43.525575],[16.503668,43.525566],[16.503681,43.525566],[16.503693,43.525566],[16.503693,43.525557],[16.503693,43.525548],[16.503681,43.525548],[16.503681,43.525539],[16.503668,43.525539],[16.503668,43.52553],[16.503668,43.525521],[16.503656,43.525521],[16.503643,43.525521],[16.503631,43.525521],[16.503631,43.52553],[16.503619,43.52553],[16.503619,43.525539],[16.503606,43.525539],[16.503594,43.525539],[16.503594,43.525548],[16.503594,43.525557],[16.503594,43.525566],[16.503606,43.525566],[16.503606,43.525584],[16.503606,43.525593],[16.503619,43.525593],[16.503631,43.525593]]]}},{"type":"Feature","properties":{"krov":"ROOF_FLAT","visina":1.4699,"kota_vrha":35.76087969},"geometry":{"type":"Polygon","coordinates":[[[16.492732,43.525601],[16.492732,43.525592],[16.492745,43.525592],[16.492757,43.525592],[16.492757,43.525583],[16.492757,43.525574],[16.492757,43.525565],[16.492757,43.525556],[16.492757,43.525547],[16.492751,43.525536],[16.492745,43.525547],[16.492732,43.525547],[16.49272,43.525547],[16.492695,43.525547],[16.49267,43.525547],[16.49267,43.525556],[16.49267,43.525565],[16.49267,43.525583],[16.49267,43.525601],[16.492695,43.525601],[16.492708,43.525601],[16.492732,43.525601]]]}},{"type":"Feature","properties":{"krov":"ROOF_NOT_FLAT","visina":11.2024,"kota_vrha":73.79737969},"geometry":{"type":"Polygon","coordinates":[[[16.50253,43.525593],[16.502524,43.525535],[16.502433,43.525543],[16.502419,43.525584],[16.502419,43.525593],[16.502456,43.525593],[16.502456,43.525602],[16.502468,43.525602],[16.502481,43.525602],[16.502493,43.525602],[16.502505,43.525602],[16.502518,43.525602],[16.50253,43.525602],[16.50253,43.525593]]]}},{"type":"Feature","properties":{"krov":"ROOF_NOT_FLAT","visina":12.7161,"kota_vrha":75.06807969},"geometry":{"type":"Polygon","coordinates":[[[16.50399,43.525602],[16.504002,43.525602],[16.504015,43.525602],[16.50403,43.525597],[16.504015,43.525593],[16.504015,43.525584],[16.504015,43.525575],[16.504002,43.525575],[16.503996,43.525563],[16.50399,43.525575],[16.503977,43.525575],[16.503977,43.525584],[16.50399,43.525584],[16.50399,43.525593],[16.50399,43.525602]]]}},{"type":"Feature","properties":{"krov":"ROOF_FLAT","visina":1.7656,"kota_vrha":25.66757969},"geometry":{"type":"Polygon","coordinates":[[[16.490728,43.525601],[16.490716,43.525601],[16.4907,43.525606],[16.490716,43.52561],[16.490728,43.52561],[16.490741,43.52561],[16.490756,43.525606],[16.490741,43.525601],[16.490728,43.525601]]]}},{"type":"Feature","properties":{"krov":"ROOF_FLAT","visina":3.0951,"kota_vrha":37.80707969},"geometry":{"type":"MultiPolygon","coordinates":[[[[16.492921,43.525568],[16.492914,43.52557],[16.492921,43.525572],[16.492921,43.525568]]],[[[16.492922,43.5256],[16.492922,43.525583],[16.492918,43.525583],[16.492905,43.525583],[16.492905,43.525574],[16.492893,43.525574],[16.492881,43.525574],[16.492868,43.525574],[16.492856,43.525574],[16.492844,43.525574],[16.492844,43.525583],[16.492844,43.525592],[16.492844,43.525601],[16.492844,43.52561],[16.492905,43.52561],[16.492905,43.525601],[16.492918,43.525601],[16.492922,43.525601],[16.492922,43.5256]]]]}},{"type":"Feature","properties":{"krov":"ROOF_FLAT","visina":2.6678,"kota_vrha":37.86077969},"geometry":{"type":"MultiPolygon","coordinates":[[[[16.493009,43.525583],[16.493009,43.525582],[16.493,43.525582],[16.493,43.525583],[16.493004,43.525583],[16.493009,43.525583]]],[[[16.493,43.525592],[16.493,43.52561],[16.493004,43.52561],[16.493017,43.52561],[16.493029,43.52561],[16.493066,43.52561],[16.493066,43.525601],[16.493066,43.525592],[16.493029,43.525592],[16.493017,43.525592],[16.493004,43.525592],[16.493,43.525592]]]]}},{"type":"Feature","properties":{"krov":"ROOF_FLAT","visina":2.4776,"kota_vrha":37.64157969},"geometry":{"type":"MultiPolygon","coordinates":[[[[16.49298,43.525563],[16.49298,43.525556],[16.492967,43.525556],[16.492955,43.525556],[16.492955,43.525547],[16.492955,43.525538],[16.492943,43.525538],[16.49293,43.525538],[16.49293,43.525547],[16.49293,43.525556],[16.49293,43.525563],[16.49298,43.525563]]],[[[16.493008,43.525556],[16.493004,43.525556],[16.493004,43.525556],[16.492992,43.525556],[16.492992,43.525563],[16.492999,43.525562],[16.493,43.525582],[16.493009,43.525582],[16.493008,43.525556]]]]}},{"type":"Feature","properties":{"krov":"ROOF_NOT_FLAT","visina":3.206,"kota_vrha":38.94997969},"geometry":{"type":"Polygon","coordinates":[[[16.493099,43.525538],[16.4931,43.525565],[16.493103,43.525565],[16.493116,43.525565],[16.493116,43.525556],[16.49314,43.525556],[16.49314,43.525538],[16.493116,43.525538],[16.493103,43.525538],[16.493099,43.525538]]]}},{"type":"Feature","properties":{"krov":"ROOF_NOT_FLAT","visina":3.2416,"kota_vrha":38.46557969},"geometry":{"type":"Polygon","coordinates":[[[16.4931,43.525565],[16.493099,43.525538],[16.493091,43.525538],[16.493091,43.525547],[16.493079,43.525547],[16.493066,43.525547],[16.493054,43.525547],[16.493017,43.525547],[16.493008,43.525547],[16.493008,43.525556],[16.493009,43.525582],[16.493009,43.525583],[16.493017,43.525583],[16.493017,43.525574],[16.493029,43.525574],[16.493042,43.525574],[16.493054,43.525574],[16.493066,43.525574],[16.493079,43.525574],[16.493091,43.525574],[16.493091,43.525565],[16.4931,43.525565]]]}},{"type":"Feature","properties":{"krov":"ROOF_NOT_FLAT","visina":3.4094,"kota_vrha":38.45137969},"geometry":{"type":"Polygon","coordinates":[[[16.493,43.52561],[16.493,43.525592],[16.492992,43.525592],[16.492992,43.525583],[16.493,43.525583],[16.493,43.525582],[16.492999,43.525562],[16.492992,43.525563],[16.492992,43.525565],[16.49298,43.525565],[16.49298,43.525563],[16.49293,43.525563],[16.49293,43.525565],[16.492921,43.525568],[16.492921,43.525572],[16.49293,43.525574],[16.492943,43.525574],[16.492955,43.525574],[16.492955,43.525583],[16.492943,43.525583],[16.492943,43.525592],[16.49293,43.525592],[16.49293,43.525583],[16.492922,43.525583],[16.492922,43.5256],[16.492934,43.525601],[16.492935,43.52561],[16.492943,43.52561],[16.492955,43.52561],[16.492955,43.525604],[16.492967,43.525605],[16.492967,43.525601],[16.49298,43.525601],[16.49298,43.52561],[16.492992,43.52561],[16.493,43.52561]]]}},{"type":"Feature","properties":{"krov":"ROOF_NOT_FLAT","visina":9.9389,"kota_vrha":73.62387969},"geometry":{"type":"Polygon","coordinates":[[[16.503008,43.525608],[16.50301,43.525607],[16.503006,43.525599],[16.503,43.525611],[16.503001,43.525611],[16.503008,43.525608]]]}},{"type":"Feature","properties":{"krov":"ROOF_NOT_FLAT","visina":8.1132,"kota_vrha":71.91817969},"geometry":{"type":"Polygon","coordinates":[[[16.50301,43.525607],[16.503008,43.525608],[16.50301,43.525611],[16.503013,43.525611],[16.50301,43.525607]]]}},{"type":"Feature","properties":{"krov":"ROOF_FLAT","visina":8.7385,"kota_vrha":69.70947969},"geometry":{"type":"Polygon","coordinates":[[[16.505078,43.525611],[16.505078,43.525602],[16.505116,43.525602],[16.505127,43.525602],[16.505128,43.525601],[16.505128,43.525593],[16.50514,43.525593],[16.505153,43.525593],[16.505165,43.525593],[16.505165,43.525575],[16.505165,43.525566],[16.505153,43.525566],[16.505153,43.525557],[16.50514,43.525557],[16.50514,43.525539],[16.50515,43.525539],[16.505165,43.525536],[16.505165,43.52553],[16.505165,43.525521],[16.505165,43.525512],[16.505153,43.525512],[16.505153,43.525494],[16.50514,43.525494],[16.505133,43.525486],[16.505131,43.525487],[16.50513,43.525484],[16.505049,43.525499],[16.505041,43.525503],[16.505029,43.525503],[16.505029,43.525512],[16.505029,43.525521],[16.505034,43.525544],[16.505041,43.525566],[16.505041,43.525575],[16.505041,43.525584],[16.505041,43.525611],[16.505066,43.525611],[16.505078,43.525611]]]}},{"type":"Feature","properties":{"krov":"ROOF_NOT_FLAT","visina":8.1132,"kota_vrha":71.91817969},"geometry":{"type":"Polygon","coordinates":[[[16.50305,43.525617],[16.50305,43.525611],[16.503062,43.525611],[16.503062,43.525602],[16.50305,43.525602],[16.503037,43.525602],[16.503037,43.525611],[16.503025,43.525611],[16.503025,43.52562],[16.503037,43.52562],[16.503042,43.52562],[16.50305,43.525617]]]}},{"type":"Feature","properties":{"krov":"ROOF_NOT_FLAT","visina":13.8394,"kota_vrha":74.62637969},"geometry":{"type":"Polygon","coordinates":[[[16.505332,43.525629],[16.50533,43.52562],[16.505326,43.52562],[16.505326,43.525611],[16.505314,43.525611],[16.505314,43.525602],[16.505326,43.525602],[16.505326,43.525596],[16.505324,43.525584],[16.505317,43.52558],[16.505264,43.525549],[16.505264,43.525557],[16.505264,43.525566],[16.505264,43.525575],[16.505276,43.525575],[16.505276,43.52562],[16.505276,43.525629],[16.505314,43.525629],[16.505326,43.525629],[16.505332,43.525629]]]}},{"type":"Feature","properties":{"krov":"ROOF_NOT_FLAT","visina":13.3512,"kota_vrha":74.14417969},"geometry":{"type":"Polygon","coordinates":[[[16.505368,43.525616],[16.505367,43.525612],[16.505338,43.525615],[16.505338,43.52562],[16.50533,43.52562],[16.505332,43.525629],[16.505338,43.525629],[16.505351,43.525629],[16.505351,43.52562],[16.505363,43.52562],[16.505368,43.52562],[16.505368,43.525616]]]}},{"type":"Feature","properties":{"krov":"ROOF_NOT_FLAT","visina":13.8784,"kota_vrha":74.62637969},"geometry":{"type":"MultiPolygon","coordinates":[[[[16.505264,43.525549],[16.505317,43.52558],[16.505324,43.525584],[16.505326,43.525596],[16.505326,43.525593],[16.505326,43.525584],[16.505338,43.525584],[16.505351,43.525584],[16.505363,43.525584],[16.505375,43.525584],[16.505375,43.525593],[16.505388,43.525593],[16.505388,43.525602],[16.505388,43.525611],[16.5054,43.525611],[16.5054,43.525602],[16.5054,43.525593],[16.5054,43.525584],[16.5054,43.525557],[16.505388,43.525557],[16.505388,43.525548],[16.505388,43.525539],[16.505375,43.525539],[16.505363,43.525539],[16.505333,43.525544],[16.505289,43.525548],[16.505276,43.525548],[16.505264,43.525548],[16.505264,43.525549]]],[[[16.505338,43.525615],[16.505367,43.525612],[16.505368,43.525616],[16.505375,43.525615],[16.505375,43.525611],[16.505363,43.525611],[16.505351,43.525611],[16.505338,43.525611],[16.505338,43.525615]]]]}},{"type":"Feature","properties":{"krov":"ROOF_FLAT","visina":6.6138,"kota_vrha":69.97077969},"geometry":{"type":"Polygon","coordinates":[[[16.502679,43.525629],[16.502666,43.525629],[16.502666,43.525638],[16.502679,43.525638],[16.502691,43.525638],[16.502703,43.525638],[16.502716,43.525638],[16.502731,43.525633],[16.502716,43.525629],[16.502703,43.525629],[16.502691,43.525629],[16.502679,43.525629]]]}},{"type":"Feature","properties":{"krov":"ROOF_FLAT","visina":3.3343,"kota_vrha":30.08027969},"geometry":{"type":"Polygon","coordinates":[[[16.49137,43.525646],[16.491409,43.525641],[16.491409,43.525637],[16.491421,43.525637],[16.491421,43.525628],[16.491421,43.525619],[16.491409,43.525619],[16.491409,43.52561],[16.491409,43.525601],[16.491402,43.52559],[16.491396,43.525601],[16.491384,43.525601],[16.491371,43.525601],[16.491359,43.525601],[16.491359,43.52561],[16.491359,43.525619],[16.491359,43.525628],[16.491359,43.525637],[16.491359,43.525646],[16.49137,43.525646]]]}},{"type":"Feature","properties":{"krov":"ROOF_NOT_FLAT","visina":3.3184,"kota_vrha":29.86837969},"geometry":{"type":"Polygon","coordinates":[[[16.491409,43.525641],[16.49137,43.525646],[16.491371,43.525646],[16.491384,43.525646],[16.491396,43.525646],[16.491409,43.525646],[16.491409,43.525641]]]}},{"type":"Feature","properties":{"krov":"ROOF_NOT_FLAT","visina":11.4802,"kota_vrha":73.31617969},"geometry":{"type":"Polygon","coordinates":[[[16.502431,43.525611],[16.502419,43.525611],[16.502419,43.52562],[16.502419,43.525629],[16.502419,43.525638],[16.502419,43.525647],[16.502443,43.525647],[16.502456,43.525647],[16.502468,43.525647],[16.502481,43.525647],[16.502493,43.525647],[16.502505,43.525647],[16.502518,43.525647],[16.502518,43.525638],[16.502518,43.525629],[16.502518,43.52562],[16.502505,43.52562],[16.502493,43.52562],[16.502481,43.52562],[16.502481,43.525611],[16.502468,43.525611],[16.502456,43.525611],[16.502443,43.525611],[16.502431,43.525611]]]}},{"type":"Feature","properties":{"krov":"ROOF_FLAT","visina":5.9301,"kota_vrha":37.58107969},"geometry":{"type":"Polygon","coordinates":[[[16.492074,43.525549],[16.492074,43.525547],[16.492064,43.525547],[16.492052,43.525547],[16.492041,43.525547],[16.492042,43.525553],[16.49206,43.525551],[16.492074,43.525549]]]}},{"type":"Feature","properties":{"krov":"ROOF_NOT_FLAT","visina":9.4117,"kota_vrha":40.93267969},"geometry":{"type":"Polygon","coordinates":[[[16.492074,43.525549],[16.49206,43.525551],[16.492042,43.525553],[16.492039,43.525553],[16.492039,43.525556],[16.492027,43.525556],[16.492027,43.525565],[16.491984,43.525571],[16.492002,43.525583],[16.492002,43.525628],[16.492002,43.525637],[16.492002,43.525646],[16.492015,43.525646],[16.492015,43.525655],[16.492052,43.525655],[16.492052,43.525646],[16.492064,43.525646],[16.492077,43.525646],[16.492089,43.525646],[16.492101,43.525646],[16.492114,43.525646],[16.492126,43.525646],[16.492126,43.525637],[16.492138,43.525637],[16.492148,43.525632],[16.492138,43.525574],[16.492138,43.525556],[16.492126,43.525556],[16.492121,43.525551],[16.492089,43.525556],[16.492089,43.525547],[16.492084,43.525547],[16.492074,43.525549]]]}},{"type":"Feature","properties":{"krov":"ROOF_FLAT","visina":6.6138,"kota_vrha":69.97077969},"geometry":{"type":"Polygon","coordinates":[[[16.502629,43.525654],[16.502629,43.525647],[16.502641,43.525647],[16.502654,43.525647],[16.502654,43.525638],[16.502641,43.525638],[16.502629,43.525638],[16.502617,43.525638],[16.502617,43.525647],[16.502617,43.525655],[16.502629,43.525654]]]}},{"type":"Feature","properties":{"krov":"ROOF_FLAT","visina":9.1158,"kota_vrha":72.53377969},"geometry":{"type":"Polygon","coordinates":[[[16.502629,43.525654],[16.502617,43.525655],[16.502617,43.525656],[16.502629,43.525656],[16.502629,43.525654]]]}},{"type":"Feature","properties":{"krov":"ROOF_NOT_FLAT","visina":2.6055,"kota_vrha":34.53747969},"geometry":{"type":"Polygon","coordinates":[[[16.4922,43.525538],[16.492188,43.525538],[16.492172,43.525543],[16.492188,43.525547],[16.492188,43.525556],[16.492188,43.525565],[16.492188,43.525574],[16.492188,43.525583],[16.492188,43.525592],[16.492188,43.525601],[16.4922,43.525601],[16.4922,43.52561],[16.4922,43.525619],[16.4922,43.525628],[16.4922,43.525637],[16.4922,43.525646],[16.492206,43.525658],[16.492213,43.525646],[16.492213,43.525637],[16.492213,43.525628],[16.492213,43.525619],[16.492213,43.52561],[16.492213,43.525601],[16.492213,43.525592],[16.492213,43.525583],[16.492213,43.525574],[16.4922,43.525574],[16.4922,43.525565],[16.4922,43.525556],[16.4922,43.525547],[16.4922,43.525538]]]}},{"type":"Feature","properties":{"krov":"ROOF_NOT_FLAT","visina":15.6206,"kota_vrha":53.47857969},"geometry":{"type":"Polygon","coordinates":[[[16.499396,43.525665],[16.499396,43.525656],[16.499397,43.525629],[16.499388,43.525629],[16.499388,43.52562],[16.499388,43.525611],[16.499388,43.525602],[16.499375,43.525602],[16.499363,43.525602],[16.499351,43.525602],[16.499338,43.525602],[16.499326,43.525602],[16.499326,43.525593],[16.499314,43.525593],[16.499301,43.525593],[16.499301,43.525602],[16.499301,43.525611],[16.499301,43.52562],[16.499301,43.525629],[16.499301,43.525638],[16.499301,43.525647],[16.499301,43.525656],[16.499301,43.525665],[16.499314,43.525665],[16.499326,43.525665],[16.499338,43.525665],[16.499351,43.525665],[16.499363,43.525665],[16.499375,43.525665],[16.499388,43.525665],[16.499396,43.525665]]]}},{"type":"Feature","properties":{"krov":"ROOF_NOT_FLAT","visina":17.6311,"kota_vrha":55.24607969},"geometry":{"type":"Polygon","coordinates":[[[16.499397,43.525629],[16.499396,43.525656],[16.499396,43.525665],[16.4994,43.525665],[16.499413,43.525665],[16.499413,43.525656],[16.499413,43.525647],[16.499413,43.525638],[16.4994,43.525638],[16.4994,43.525629],[16.499397,43.525629]]]}},{"type":"Feature","properties":{"krov":"ROOF_NOT_FLAT","visina":14.4242,"kota_vrha":52.12617969},"geometry":{"type":"Polygon","coordinates":[[[16.499545,43.525602],[16.499544,43.525641],[16.499544,43.525647],[16.499549,43.525647],[16.499561,43.525647],[16.499573,43.525647],[16.499586,43.525647],[16.499598,43.525647],[16.499611,43.525647],[16.499623,43.525647],[16.499635,43.525647],[16.499648,43.525647],[16.49966,43.525647],[16.499672,43.525647],[16.499685,43.525647],[16.499697,43.525647],[16.499709,43.525647],[16.499722,43.525647],[16.499734,43.525647],[16.499734,43.525656],[16.499747,43.525656],[16.499759,43.525656],[16.499771,43.525656],[16.499784,43.525656],[16.499796,43.525656],[16.499808,43.525656],[16.499821,43.525656],[16.499833,43.525656],[16.499833,43.525647],[16.499833,43.525638],[16.499833,43.525611],[16.499833,43.525602],[16.499771,43.525602],[16.499734,43.525602],[16.499722,43.525602],[16.499709,43.525602],[16.499685,43.525602],[16.499672,43.525602],[16.49966,43.525602],[16.499648,43.525602],[16.499635,43.525602],[16.499623,43.525602],[16.499611,43.525602],[16.499598,43.525602],[16.499586,43.525602],[16.499573,43.525602],[16.499561,43.525602],[16.499549,43.525602],[16.499545,43.525602]]]}},{"type":"Feature","properties":{"krov":"ROOF_NOT_FLAT","visina":15.7189,"kota_vrha":53.42087969},"geometry":{"type":"Polygon","coordinates":[[[16.499544,43.525647],[16.499544,43.525641],[16.499545,43.525602],[16.499536,43.525602],[16.499524,43.525602],[16.499524,43.525611],[16.499524,43.52562],[16.499524,43.525629],[16.499512,43.525629],[16.499512,43.525638],[16.499509,43.525638],[16.499508,43.525657],[16.499508,43.525665],[16.499512,43.525665],[16.499524,43.525665],[16.499536,43.525665],[16.499536,43.525656],[16.499536,43.525647],[16.499544,43.525647]]]}},{"type":"Feature","properties":{"krov":"ROOF_NOT_FLAT","visina":17.6311,"kota_vrha":55.24607969},"geometry":{"type":"Polygon","coordinates":[[[16.499508,43.525665],[16.499508,43.525657],[16.499509,43.525638],[16.499499,43.525638],[16.499499,43.525647],[16.499499,43.525656],[16.499499,43.525665],[16.499508,43.525665]]]}},{"type":"Feature","properties":{"krov":"ROOF_FLAT","visina":6.448,"kota_vrha":70.01197969},"geometry":{"type":"Polygon","coordinates":[[[16.502901,43.525663],[16.502901,43.525656],[16.502914,43.525656],[16.502914,43.525647],[16.502914,43.525638],[16.502926,43.525638],[16.502938,43.525638],[16.502938,43.525629],[16.502938,43.52562],[16.502926,43.52562],[16.502914,43.52562],[16.502901,43.52562],[16.502901,43.525611],[16.502901,43.525602],[16.502889,43.525602],[16.502889,43.525593],[16.502889,43.525584],[16.502876,43.525584],[16.502876,43.525575],[16.502876,43.525566],[16.502876,43.525557],[16.502865,43.525557],[16.502864,43.525557],[16.502864,43.525566],[16.502852,43.525566],[16.502841,43.525566],[16.502839,43.525566],[16.502839,43.525575],[16.502827,43.525575],[16.502827,43.525602],[16.502839,43.525602],[16.502839,43.525611],[16.502839,43.52562],[16.502852,43.52562],[16.502852,43.525629],[16.502852,43.525638],[16.502852,43.525656],[16.502864,43.525656],[16.502864,43.525665],[16.502876,43.525665],[16.502889,43.525665],[16.502896,43.525665],[16.502901,43.525663]]]}},{"type":"Feature","properties":{"krov":"ROOF_NOT_FLAT","visina":12.7161,"kota_vrha":75.06807969},"geometry":{"type":"Polygon","coordinates":[[[16.50399,43.525602],[16.503988,43.525602],[16.50399,43.525604],[16.50399,43.525602]]]}},{"type":"Feature","properties":{"krov":"ROOF_NOT_FLAT","visina":12.8943,"kota_vrha":74.90227969},"geometry":{"type":"Polygon","coordinates":[[[16.50399,43.525638],[16.503977,43.525642],[16.503977,43.525647],[16.503965,43.525647],[16.503965,43.525638],[16.503965,43.525634],[16.503963,43.525631],[16.503965,43.52563],[16.503965,43.525629],[16.503965,43.52562],[16.503977,43.52562],[16.50399,43.52562],[16.50399,43.525611],[16.50399,43.525604],[16.503988,43.525602],[16.503977,43.525602],[16.503977,43.525593],[16.503965,43.525593],[16.503953,43.525593],[16.50394,43.525593],[16.50394,43.525602],[16.503928,43.525602],[16.503916,43.525602],[16.503916,43.525602],[16.503916,43.525611],[16.503903,43.525611],[16.503903,43.52562],[16.503889,43.525624],[16.50389,43.525625],[16.503903,43.525629],[16.503903,43.525638],[16.503903,43.525643],[16.503906,43.525647],[16.503916,43.525647],[16.503916,43.525656],[16.503916,43.525661],[16.503918,43.525665],[16.503928,43.525665],[16.503928,43.525656],[16.50394,43.525656],[16.503953,43.525656],[16.503965,43.525656],[16.503977,43.525656],[16.50399,43.525656],[16.50399,43.525647],[16.504002,43.525647],[16.504015,43.525647],[16.504015,43.525638],[16.504002,43.525638],[16.50399,43.525638],[16.50399,43.525638]]]}},{"type":"Feature","properties":{"krov":"ROOF_NOT_FLAT","visina":10.9878,"kota_vrha":73.25877969},"geometry":{"type":"MultiPolygon","coordinates":[[[[16.503965,43.52563],[16.503963,43.525631],[16.503965,43.525634],[16.503965,43.52563]]],[[[16.50399,43.525638],[16.503977,43.525638],[16.503977,43.525642],[16.50399,43.525638]]]]}},{"type":"Feature","properties":{"krov":"ROOF_NOT_FLAT","visina":10.6795,"kota_vrha":74.82947969},"geometry":{"type":"Polygon","coordinates":[[[16.503303,43.525593],[16.503297,43.525593],[16.503297,43.525584],[16.503309,43.525584],[16.503309,43.525575],[16.503309,43.525566],[16.503297,43.525566],[16.503297,43.525557],[16.503297,43.525548],[16.503285,43.525548],[16.503261,43.525548],[16.50326,43.525548],[16.50326,43.525557],[16.503248,43.525557],[16.503248,43.525566],[16.503235,43.525566],[16.503235,43.525575],[16.503223,43.525575],[16.50321,43.525575],[16.50321,43.525584],[16.503223,43.525602],[16.503223,43.525607],[16.503224,43.525608],[16.503226,43.525611],[16.503235,43.525611],[16.503248,43.525611],[16.50326,43.525611],[16.50326,43.525612],[16.503267,43.525609],[16.503264,43.525606],[16.503279,43.525598],[16.50329,43.525593],[16.503294,43.525597],[16.503303,43.525593]]]}},{"type":"Feature","properties":{"krov":"ROOF_NOT_FLAT","visina":11.0791,"kota_vrha":74.93007969},"geometry":{"type":"MultiPolygon","coordinates":[[[[16.503224,43.525608],[16.503223,43.525609],[16.503223,43.525611],[16.503226,43.525611],[16.503224,43.525608]]],[[[16.503322,43.525606],[16.503318,43.525602],[16.503309,43.525602],[16.503309,43.525593],[16.503303,43.525593],[16.503294,43.525597],[16.50329,43.525593],[16.503279,43.525598],[16.503264,43.525606],[16.503267,43.525609],[16.50326,43.525612],[16.50326,43.52562],[16.503272,43.52562],[16.503272,43.525629],[16.50326,43.525629],[16.503248,43.525629],[16.503248,43.525638],[16.503235,43.525638],[16.503235,43.525647],[16.503235,43.525653],[16.503238,43.525656],[16.503248,43.525656],[16.50326,43.525668],[16.503272,43.525656],[16.503285,43.525656],[16.503297,43.525656],[16.503297,43.525647],[16.503309,43.525647],[16.503317,43.525647],[16.503319,43.525646],[16.503322,43.525645],[16.503322,43.525638],[16.503334,43.525638],[16.503334,43.525629],[16.503322,43.525629],[16.503322,43.52562],[16.503322,43.525611],[16.503322,43.525606]]]]}},{"type":"Feature","properties":{"krov":"ROOF_NOT_FLAT","visina":9.7348,"kota_vrha":73.69577969},"geometry":{"type":"Polygon","coordinates":[[[16.503318,43.525602],[16.503322,43.525606],[16.503322,43.525602],[16.503318,43.525602]]]}},{"type":"Feature","properties":{"krov":"ROOF_NOT_FLAT","visina":7.1407,"kota_vrha":24.34967969},"geometry":{"type":"MultiPolygon","coordinates":[[[[16.489132,43.525632],[16.489132,43.525634],[16.489133,43.525634],[16.489132,43.525632]]],[[[16.48913,43.525628],[16.48911,43.525592],[16.489108,43.525592],[16.489095,43.525592],[16.489046,43.525598],[16.489058,43.525637],[16.489058,43.525644],[16.489059,43.525646],[16.48907,43.525646],[16.489091,43.525643],[16.489108,43.525637],[16.489108,43.525628],[16.48912,43.525628],[16.48913,43.525628]]]]}},{"type":"Feature","properties":{"krov":"ROOF_NOT_FLAT","visina":6.5067,"kota_vrha":23.85567969},"geometry":{"type":"Polygon","coordinates":[[[16.48911,43.525592],[16.48913,43.525628],[16.489132,43.525628],[16.489132,43.525632],[16.489133,43.525634],[16.489132,43.525634],[16.489132,43.525637],[16.489132,43.525646],[16.489145,43.525646],[16.489145,43.525655],[16.489145,43.525664],[16.489145,43.525673],[16.489157,43.525673],[16.489169,43.525673],[16.489194,43.525664],[16.489207,43.525664],[16.489207,43.525655],[16.489194,43.525655],[16.489194,43.525637],[16.489182,43.525637],[16.489182,43.525619],[16.489169,43.525619],[16.489169,43.52561],[16.489169,43.525601],[16.489157,43.525601],[16.489157,43.525583],[16.489145,43.525583],[16.489132,43.525583],[16.48912,43.525583],[16.48912,43.525592],[16.48911,43.525592]]]}},{"type":"Feature","properties":{"krov":"ROOF_NOT_FLAT","visina":3.3184,"kota_vrha":29.86837969},"geometry":{"type":"Polygon","coordinates":[[[16.491409,43.525646],[16.491409,43.525655],[16.491396,43.525655],[16.491384,43.525655],[16.491371,43.525655],[16.491371,43.525664],[16.491371,43.525673],[16.491384,43.525673],[16.491396,43.525673],[16.491396,43.525664],[16.491409,43.525664],[16.491421,43.525664],[16.491421,43.525655],[16.491421,43.525646],[16.491409,43.525646]]]}},{"type":"Feature","properties":{"krov":"ROOF_NOT_FLAT","visina":10.4375,"kota_vrha":72.22647969},"geometry":{"type":"Polygon","coordinates":[[[16.502456,43.525665],[16.502443,43.525665],[16.502443,43.525674],[16.502456,43.525674],[16.502468,43.525674],[16.502481,43.525674],[16.502481,43.525665],[16.502468,43.525665],[16.502456,43.525665]]]}},{"type":"Feature","properties":{"krov":"ROOF_NOT_FLAT","visina":7.8347,"kota_vrha":33.67067969},"geometry":{"type":"MultiPolygon","coordinates":[[[[16.491277,43.525619],[16.491277,43.525618],[16.491267,43.525583],[16.49126,43.525583],[16.491248,43.525583],[16.491235,43.525583],[16.491223,43.525583],[16.491211,43.525583],[16.491211,43.525592],[16.491198,43.525592],[16.491184,43.525592],[16.491195,43.525631],[16.491198,43.525644],[16.491198,43.525637],[16.491211,43.525637],[16.491223,43.525637],[16.491235,43.525637],[16.491235,43.525628],[16.491248,43.525628],[16.491272,43.525628],[16.491272,43.525619],[16.491277,43.525619]]],[[[16.491201,43.525655],[16.491204,43.525664],[16.491211,43.525664],[16.491223,43.525664],[16.491223,43.525655],[16.491211,43.525655],[16.491201,43.525655]]]]}},{"type":"Feature","properties":{"krov":"ROOF_NOT_FLAT","visina":6.669,"kota_vrha":33.39997969},"geometry":{"type":"Polygon","coordinates":[[[16.491267,43.525583],[16.491277,43.525618],[16.491277,43.525619],[16.491285,43.525619],[16.491285,43.52561],[16.491285,43.525601],[16.491285,43.525592],[16.491285,43.525583],[16.491279,43.525572],[16.491272,43.525583],[16.491267,43.525583]]]}},{"type":"Feature","properties":{"krov":"ROOF_NOT_FLAT","visina":8.7769,"kota_vrha":33.79287969},"geometry":{"type":"Polygon","coordinates":[[[16.491204,43.525664],[16.491201,43.525655],[16.491198,43.525655],[16.491198,43.525646],[16.491198,43.525644],[16.491195,43.525631],[16.491184,43.525592],[16.491174,43.525592],[16.491161,43.525592],[16.491161,43.525601],[16.491124,43.525606],[16.491144,43.525677],[16.491181,43.52567],[16.491186,43.525664],[16.491198,43.525664],[16.491204,43.525664]]]}},{"type":"Feature","properties":{"krov":"ROOF_FLAT","visina":2.577,"kota_vrha":66.51797969},"geometry":{"type":"Polygon","coordinates":[[[16.503111,43.525683],[16.503111,43.525674],[16.503124,43.525674],[16.503136,43.525674],[16.503136,43.525665],[16.503124,43.525665],[16.503124,43.525656],[16.503111,43.525656],[16.503111,43.525665],[16.503099,43.525665],[16.503099,43.525674],[16.503099,43.525683],[16.503111,43.525683]]]}},{"type":"Feature","properties":{"krov":"ROOF_NOT_FLAT","visina":2.762,"kota_vrha":33.80597969},"geometry":{"type":"Polygon","coordinates":[[[16.491872,43.525703],[16.491879,43.525691],[16.491903,43.525691],[16.491916,43.525691],[16.491928,43.525691],[16.49194,43.525691],[16.49194,43.525682],[16.49194,43.525673],[16.49194,43.525664],[16.49194,43.525655],[16.49194,43.525646],[16.49194,43.525637],[16.491928,43.525637],[16.491916,43.525637],[16.491903,43.525637],[16.491903,43.525646],[16.491891,43.525646],[16.491879,43.525646],[16.491866,43.525646],[16.491854,43.525646],[16.491854,43.525655],[16.491854,43.525664],[16.491854,43.525673],[16.491866,43.525673],[16.491866,43.525691],[16.491872,43.525703]]]}},{"type":"Feature","properties":{"krov":"ROOF_NOT_FLAT","visina":9.7378,"kota_vrha":40.72177969},"geometry":{"type":"Polygon","coordinates":[[[16.49507,43.525701],[16.49507,43.525692],[16.49507,43.525683],[16.49507,43.525674],[16.49507,43.525665],[16.49507,43.525656],[16.49507,43.525647],[16.495058,43.525647],[16.495046,43.525647],[16.495033,43.525647],[16.495021,43.525647],[16.495009,43.525647],[16.494996,43.525647],[16.494996,43.525656],[16.494996,43.525665],[16.494996,43.525674],[16.494996,43.525683],[16.494996,43.525692],[16.494984,43.525692],[16.494984,43.525701],[16.494971,43.525701],[16.494971,43.52571],[16.494984,43.52571],[16.494996,43.52571],[16.495008,43.52571],[16.495021,43.52571],[16.495033,43.52571],[16.495046,43.52571],[16.495058,43.52571],[16.49507,43.52571],[16.49507,43.525701]]]}},{"type":"Feature","properties":{"krov":"ROOF_NOT_FLAT","visina":11.5909,"kota_vrha":73.78487969},"geometry":{"type":"Polygon","coordinates":[[[16.503495,43.525638],[16.503495,43.525647],[16.503507,43.525647],[16.503507,43.525656],[16.503495,43.525656],[16.503495,43.525647],[16.503483,43.525647],[16.503481,43.525647],[16.503494,43.525666],[16.503474,43.525674],[16.503483,43.525674],[16.503495,43.525674],[16.503495,43.525683],[16.503483,43.525683],[16.503483,43.525692],[16.503495,43.525692],[16.503495,43.525701],[16.503495,43.52571],[16.503507,43.52571],[16.503507,43.525719],[16.50352,43.525719],[16.503532,43.525719],[16.503532,43.52571],[16.503544,43.52571],[16.503557,43.52571],[16.503557,43.525701],[16.503569,43.525701],[16.503582,43.525701],[16.503582,43.525692],[16.503594,43.525692],[16.503606,43.525692],[16.503606,43.525683],[16.503594,43.525683],[16.503594,43.525665],[16.503582,43.525665],[16.503582,43.525647],[16.503569,43.525647],[16.503563,43.525626],[16.503529,43.525617],[16.50352,43.525629],[16.503507,43.525629],[16.503495,43.525629],[16.503495,43.525638]]]}},{"type":"Feature","properties":{"krov":"ROOF_NOT_FLAT","visina":9.1466,"kota_vrha":72.97657969},"geometry":{"type":"Polygon","coordinates":[[[16.503481,43.525647],[16.50347,43.525647],[16.503454,43.525651],[16.50347,43.525656],[16.50347,43.525665],[16.50347,43.525674],[16.503474,43.525674],[16.503494,43.525666],[16.503481,43.525647]]]}},{"type":"Feature","properties":{"krov":"ROOF_NOT_FLAT","visina":8.6701,"kota_vrha":72.35507969},"geometry":{"type":"Polygon","coordinates":[[[16.50305,43.525692],[16.503037,43.525692],[16.503037,43.525701],[16.50305,43.525701],[16.50305,43.52571],[16.50305,43.525719],[16.50305,43.525728],[16.503062,43.525728],[16.503062,43.525719],[16.503062,43.52571],[16.503062,43.525692],[16.50305,43.525692]]]}},{"type":"Feature","properties":{"krov":"ROOF_FLAT","visina":2.3319,"kota_vrha":63.55887969},"geometry":{"type":"Polygon","coordinates":[[[16.502109,43.525737],[16.502109,43.525728],[16.502122,43.525728],[16.502134,43.525728],[16.502147,43.525728],[16.502159,43.525728],[16.502159,43.525719],[16.502159,43.52571],[16.502159,43.525701],[16.502159,43.525692],[16.502147,43.525692],[16.502147,43.525683],[16.502147,43.525674],[16.502147,43.525665],[16.50214,43.525653],[16.502134,43.525665],[16.502122,43.525665],[16.502109,43.525665],[16.502085,43.525665],[16.502072,43.525665],[16.502072,43.525674],[16.50206,43.525674],[16.50206,43.525692],[16.50206,43.525701],[16.502078,43.525733],[16.502097,43.525737],[16.502109,43.525737]]]}},{"type":"Feature","properties":{"krov":"ROOF_FLAT","visina":6.6138,"kota_vrha":69.97077969},"geometry":{"type":"Polygon","coordinates":[[[16.502661,43.525647],[16.502654,43.525647],[16.502654,43.525648],[16.502661,43.525647]]]}},{"type":"Feature","properties":{"krov":"ROOF_FLAT","visina":9.1158,"kota_vrha":72.53377969},"geometry":{"type":"Polygon","coordinates":[[[16.502641,43.525674],[16.502629,43.525674],[16.502629,43.525675],[16.502641,43.525674]]]}},{"type":"Feature","properties":{"krov":"ROOF_NOT_FLAT","visina":12.305,"kota_vrha":75.67197969},"geometry":{"type":"Polygon","coordinates":[[[16.502728,43.525723],[16.502725,43.525724],[16.502705,43.525721],[16.502722,43.525713],[16.50274,43.52571],[16.50274,43.52571],[16.50274,43.525701],[16.502728,43.525701],[16.502728,43.525683],[16.502728,43.525674],[16.502728,43.525665],[16.502728,43.525656],[16.502716,43.525656],[16.502716,43.525647],[16.502703,43.525647],[16.502691,43.525647],[16.502691,43.525656],[16.502679,43.525656],[16.502666,43.525656],[16.502666,43.525647],[16.502661,43.525647],[16.502654,43.525648],[16.502654,43.525656],[16.502654,43.525665],[16.502654,43.525674],[16.502641,43.525674],[16.502641,43.525674],[16.502629,43.525675],[16.502629,43.525683],[16.502629,43.525692],[16.502629,43.525701],[16.502629,43.52571],[16.502641,43.52571],[16.502641,43.525719],[16.502641,43.525737],[16.502654,43.525737],[16.502666,43.525737],[16.502679,43.525737],[16.502691,43.525737],[16.502703,43.525737],[16.502703,43.525728],[16.502716,43.525728],[16.502728,43.525728],[16.502728,43.525723]]]}},{"type":"Feature","properties":{"krov":"ROOF_NOT_FLAT","visina":11.8787,"kota_vrha":75.40167969},"geometry":{"type":"Polygon","coordinates":[[[16.502728,43.525723],[16.502728,43.525719],[16.50274,43.525719],[16.50274,43.52571],[16.502722,43.525713],[16.502705,43.525721],[16.502725,43.525724],[16.502728,43.525723]]]}},{"type":"Feature","properties":{"krov":"ROOF_NOT_FLAT","visina":4.0196,"kota_vrha":25.70857969},"geometry":{"type":"Polygon","coordinates":[[[16.490468,43.525736],[16.490456,43.525736],[16.490456,43.525745],[16.490468,43.525745],[16.490468,43.525736]]]}},{"type":"Feature","properties":{"krov":"ROOF_FLAT","visina":5.6035,"kota_vrha":69.40947969},"geometry":{"type":"MultiPolygon","coordinates":[[[[16.50378,43.525637],[16.50378,43.525629],[16.503767,43.525629],[16.503767,43.525638],[16.503755,43.525638],[16.503742,43.525638],[16.503742,43.525647],[16.50373,43.525647],[16.503718,43.525647],[16.503718,43.525656],[16.503718,43.525658],[16.50378,43.525637]]],[[[16.50368,43.525665],[16.503681,43.525666],[16.503681,43.525665],[16.50368,43.525665]]],[[[16.503705,43.525663],[16.503705,43.525656],[16.503693,43.525656],[16.503693,43.525665],[16.503693,43.525667],[16.503705,43.525663]]]]}},{"type":"Feature","properties":{"krov":"ROOF_NOT_FLAT","visina":11.5304,"kota_vrha":73.45037969},"geometry":{"type":"Polygon","coordinates":[[[16.50378,43.525637],[16.503718,43.525658],[16.503718,43.525665],[16.503705,43.525665],[16.503705,43.525663],[16.503693,43.525667],[16.503693,43.525674],[16.503683,43.525674],[16.503712,43.525719],[16.503718,43.525728],[16.503724,43.525737],[16.50373,43.525737],[16.50373,43.525728],[16.503742,43.525728],[16.503742,43.525719],[16.503755,43.525719],[16.503767,43.525719],[16.503767,43.52571],[16.50378,43.52571],[16.503792,43.52571],[16.503792,43.525701],[16.503804,43.525701],[16.503817,43.525701],[16.503817,43.525692],[16.503804,43.525692],[16.503804,43.525683],[16.503804,43.525674],[16.503792,43.525674],[16.503792,43.525656],[16.50378,43.525656],[16.50378,43.525647],[16.50378,43.525638],[16.50378,43.525637]]]}},{"type":"Feature","properties":{"krov":"ROOF_NOT_FLAT","visina":11.2568,"kota_vrha":73.15577969},"geometry":{"type":"Polygon","coordinates":[[[16.503724,43.525737],[16.503718,43.525728],[16.503712,43.525719],[16.503683,43.525674],[16.503681,43.525674],[16.503681,43.525666],[16.50368,43.525665],[16.503668,43.525665],[16.503656,43.525665],[16.503656,43.525674],[16.503656,43.525678],[16.503658,43.525683],[16.503668,43.525683],[16.503668,43.525692],[16.503668,43.525698],[16.50367,43.525701],[16.503681,43.525701],[16.503681,43.52571],[16.503681,43.525718],[16.503681,43.525719],[16.503693,43.525719],[16.503693,43.525728],[16.503693,43.525737],[16.503705,43.525737],[16.503705,43.525746],[16.503718,43.525746],[16.503718,43.525737],[16.503724,43.525737]]]}},{"type":"Feature","properties":{"krov":"ROOF_NOT_FLAT","visina":2.8247,"kota_vrha":24.60267969},"geometry":{"type":"Polygon","coordinates":[[[16.490444,43.525736],[16.490442,43.525734],[16.490444,43.525733],[16.490444,43.525727],[16.490446,43.525727],[16.490414,43.525693],[16.490417,43.525691],[16.490406,43.525691],[16.490399,43.52568],[16.49037,43.525707],[16.490373,43.525711],[16.490394,43.525718],[16.490394,43.525727],[16.490394,43.525736],[16.490406,43.525736],[16.490413,43.525748],[16.490419,43.525736],[16.490431,43.525736],[16.490443,43.525736],[16.490444,43.525736],[16.490444,43.525736]]]}},{"type":"Feature","properties":{"krov":"ROOF_NOT_FLAT","visina":4.0196,"kota_vrha":25.70857969},"geometry":{"type":"MultiPolygon","coordinates":[[[[16.490444,43.525733],[16.490442,43.525734],[16.490444,43.525736],[16.490444,43.525733]]],[[[16.490552,43.525736],[16.490555,43.525735],[16.490555,43.525727],[16.490555,43.525718],[16.490543,43.525718],[16.490543,43.525709],[16.490543,43.5257],[16.49053,43.5257],[16.49053,43.525691],[16.490518,43.525691],[16.490518,43.525691],[16.4905,43.525699],[16.490482,43.525707],[16.490456,43.525718],[16.490461,43.525725],[16.490456,43.525727],[16.490468,43.525727],[16.490468,43.525718],[16.490481,43.525718],[16.490481,43.525727],[16.490481,43.525736],[16.490493,43.525736],[16.490493,43.525745],[16.490505,43.525745],[16.490518,43.525745],[16.49053,43.525745],[16.49053,43.525736],[16.490543,43.525736],[16.490552,43.525736]]]]}},{"type":"Feature","properties":{"krov":"ROOF_NOT_FLAT","visina":2.9599,"kota_vrha":25.05187969},"geometry":{"type":"Polygon","coordinates":[[[16.490456,43.525727],[16.490461,43.525725],[16.490456,43.525718],[16.490482,43.525707],[16.4905,43.525699],[16.490478,43.525673],[16.490468,43.525673],[16.490468,43.525682],[16.490456,43.525682],[16.490444,43.525682],[16.490444,43.525691],[16.490431,43.525691],[16.490419,43.525691],[16.490417,43.525691],[16.490414,43.525693],[16.490446,43.525727],[16.490456,43.525727],[16.490456,43.525727]]]}},{"type":"Feature","properties":{"krov":"ROOF_NOT_FLAT","visina":2.2805,"kota_vrha":25.14347969},"geometry":{"type":"Polygon","coordinates":[[[16.490518,43.525691],[16.490518,43.525682],[16.490518,43.525673],[16.490505,43.525673],[16.490505,43.525664],[16.490493,43.525664],[16.490481,43.525664],[16.490481,43.525673],[16.490478,43.525673],[16.4905,43.525699],[16.490518,43.525691]]]}},{"type":"Feature","properties":{"krov":"ROOF_NOT_FLAT","visina":1.8602,"kota_vrha":24.35617969},"geometry":{"type":"Polygon","coordinates":[[[16.490555,43.525735],[16.490552,43.525736],[16.490555,43.525736],[16.490555,43.525735]]]}},{"type":"Feature","properties":{"krov":"ROOF_NOT_FLAT","visina":11.8298,"kota_vrha":75.22977969},"geometry":{"type":"Polygon","coordinates":[[[16.502716,43.525746],[16.502703,43.525746],[16.502703,43.525755],[16.502716,43.525755],[16.502728,43.525755],[16.50274,43.525755],[16.502753,43.525755],[16.502753,43.525746],[16.50274,43.525746],[16.502728,43.525746],[16.502716,43.525746]]]}},{"type":"Feature","properties":{"krov":"ROOF_NOT_FLAT","visina":4.0196,"kota_vrha":25.70857969},"geometry":{"type":"Polygon","coordinates":[[[16.490481,43.525754],[16.490468,43.525754],[16.490468,43.525763],[16.490481,43.525763],[16.490481,43.525754]]]}},{"type":"Feature","properties":{"krov":"ROOF_NOT_FLAT","visina":11.8298,"kota_vrha":75.22977969},"geometry":{"type":"Polygon","coordinates":[[[16.502666,43.525755],[16.502654,43.525755],[16.502654,43.525764],[16.502666,43.525764],[16.502679,43.525764],[16.502691,43.525764],[16.502691,43.525755],[16.502679,43.525755],[16.502666,43.525755]]]}},{"type":"Feature","properties":{"krov":"ROOF_NOT_FLAT","visina":10.1704,"kota_vrha":70.55637969},"geometry":{"type":"Polygon","coordinates":[[[16.504225,43.525723],[16.504227,43.525728],[16.504237,43.525728],[16.504237,43.525737],[16.504237,43.525746],[16.504237,43.525754],[16.504237,43.525755],[16.50425,43.525755],[16.50425,43.525764],[16.504262,43.525764],[16.504274,43.525764],[16.504274,43.525755],[16.504287,43.525755],[16.504299,43.525755],[16.504311,43.525755],[16.504311,43.525746],[16.504324,43.525746],[16.504336,43.525746],[16.504349,43.525746],[16.504349,43.525737],[16.504349,43.525728],[16.504349,43.525719],[16.504349,43.52571],[16.504336,43.52571],[16.504336,43.525701],[16.504336,43.525692],[16.504324,43.525692],[16.504311,43.525692],[16.504299,43.525692],[16.504299,43.525701],[16.504287,43.525701],[16.504274,43.525701],[16.504262,43.525701],[16.504262,43.52571],[16.50425,43.52571],[16.504237,43.52571],[16.504237,43.525719],[16.504225,43.525719],[16.504225,43.525723]]]}},{"type":"Feature","properties":{"krov":"ROOF_NOT_FLAT","visina":9.3708,"kota_vrha":69.90077969},"geometry":{"type":"MultiPolygon","coordinates":[[[[16.504225,43.525723],[16.504225,43.525728],[16.504227,43.525728],[16.504225,43.525723]]]]}},{"type":"Feature","properties":{"krov":"ROOF_NOT_FLAT","visina":4.0196,"kota_vrha":25.70857969},"geometry":{"type":"Polygon","coordinates":[[[16.490505,43.525763],[16.490499,43.525752],[16.490493,43.525763],[16.490493,43.525772],[16.490505,43.525772],[16.490505,43.525763]]]}},{"type":"Feature","properties":{"krov":"ROOF_FLAT","visina":3.3381,"kota_vrha":19.56907969},"geometry":{"type":"Polygon","coordinates":[[[16.489026,43.525772],[16.489031,43.52579],[16.489033,43.52579],[16.489058,43.52579],[16.489068,43.52579],[16.48907,43.52579],[16.48907,43.525781],[16.489088,43.525772],[16.48907,43.525763],[16.489058,43.525763],[16.489046,43.525763],[16.489046,43.525772],[16.489033,43.525772],[16.489026,43.525772]]]}},{"type":"Feature","properties":{"krov":"ROOF_NOT_FLAT","visina":5.5918,"kota_vrha":21.65377969},"geometry":{"type":"Polygon","coordinates":[[[16.489031,43.52579],[16.489026,43.525772],[16.489021,43.525772],[16.489021,43.525781],[16.489021,43.52579],[16.489031,43.52579]]]}},{"type":"Feature","properties":{"krov":"ROOF_FLAT","visina":3.4357,"kota_vrha":34.84467969},"geometry":{"type":"Polygon","coordinates":[[[16.495355,43.525791],[16.495355,43.525782],[16.495343,43.525782],[16.495343,43.525791],[16.495355,43.525791]]]}},{"type":"Feature","properties":{"krov":"ROOF_NOT_FLAT","visina":10.1704,"kota_vrha":70.55637969},"geometry":{"type":"Polygon","coordinates":[[[16.504245,43.525775],[16.504246,43.525778],[16.504247,43.525779],[16.504253,43.525777],[16.504245,43.525775]]]}},{"type":"Feature","properties":{"krov":"ROOF_NOT_FLAT","visina":9.3708,"kota_vrha":69.90077969},"geometry":{"type":"Polygon","coordinates":[[[16.504247,43.525779],[16.504246,43.525778],[16.504245,43.525775],[16.504237,43.525773],[16.504237,43.525764],[16.504237,43.525755],[16.504225,43.525755],[16.504225,43.525746],[16.504225,43.525737],[16.504213,43.525737],[16.504213,43.525746],[16.504213,43.525755],[16.504213,43.525764],[16.504225,43.525764],[16.504225,43.525773],[16.504225,43.525782],[16.504225,43.525791],[16.504237,43.525791],[16.504237,43.525782],[16.504247,43.525779]]]}},{"type":"Feature","properties":{"krov":"ROOF_FLAT","visina":6.0773,"kota_vrha":69.55227969},"geometry":{"type":"Polygon","coordinates":[[[16.502937,43.525794],[16.502975,43.525782],[16.502988,43.525782],[16.503,43.525782],[16.503012,43.525782],[16.503013,43.525782],[16.503013,43.525773],[16.503025,43.525773],[16.503037,43.525773],[16.50305,43.525773],[16.50305,43.525764],[16.50305,43.525755],[16.50305,43.525746],[16.503037,43.525746],[16.503025,43.525746],[16.503025,43.525737],[16.503025,43.525728],[16.503013,43.525728],[16.503013,43.525719],[16.503013,43.52571],[16.503013,43.525701],[16.503013,43.525692],[16.503,43.525692],[16.502988,43.525692],[16.502975,43.525692],[16.502975,43.525701],[16.502963,43.525701],[16.502951,43.525701],[16.502926,43.525701],[16.502926,43.52571],[16.502914,43.52571],[16.502914,43.525719],[16.502914,43.525728],[16.502914,43.525746],[16.502914,43.525773],[16.502914,43.525782],[16.502926,43.525782],[16.502937,43.525794]]]}},{"type":"Feature","properties":{"krov":"ROOF_NOT_FLAT","visina":5.5918,"kota_vrha":21.65377969},"geometry":{"type":"Polygon","coordinates":[[[16.489009,43.525772],[16.488996,43.525772],[16.488996,43.525781],[16.488996,43.52579],[16.489002,43.525801],[16.489003,43.525801],[16.489009,43.52579],[16.489009,43.525781],[16.489009,43.525772]]]}},{"type":"Feature","properties":{"krov":"ROOF_NOT_FLAT","visina":9.8016,"kota_vrha":41.09757969},"geometry":{"type":"Polygon","coordinates":[[[16.495256,43.525782],[16.495244,43.525769],[16.495231,43.525782],[16.495231,43.525791],[16.495244,43.525791],[16.495256,43.525791],[16.495268,43.525791],[16.495281,43.525791],[16.495287,43.525802],[16.495293,43.525791],[16.495293,43.525782],[16.495281,43.525782],[16.495268,43.525782],[16.495256,43.525782]]]}},{"type":"Feature","properties":{"krov":"ROOF_FLAT","visina":22.2927,"kota_vrha":54.30167969},"geometry":{"type":"Polygon","coordinates":[[[16.497322,43.525764],[16.497322,43.525746],[16.497334,43.525746],[16.497334,43.525737],[16.497334,43.52571],[16.497334,43.525548],[16.497334,43.525431],[16.497334,43.525413],[16.497334,43.525386],[16.497334,43.525377],[16.497334,43.525368],[16.497334,43.525359],[16.497334,43.52535],[16.497334,43.525341],[16.497328,43.525329],[16.497322,43.525341],[16.497322,43.52535],[16.497322,43.525359],[16.497322,43.525368],[16.497322,43.525377],[16.497322,43.525386],[16.497322,43.525413],[16.497322,43.525431],[16.497322,43.525458],[16.49731,43.525458],[16.49731,43.525521],[16.49731,43.525584],[16.49731,43.525602],[16.49731,43.525692],[16.497309,43.525746],[16.497309,43.525764],[16.497309,43.525773],[16.497309,43.525782],[16.497309,43.525791],[16.497309,43.5258],[16.497309,43.525809],[16.497309,43.525818],[16.497316,43.525829],[16.497322,43.525818],[16.497322,43.525809],[16.497322,43.5258],[16.497322,43.525791],[16.497322,43.525782],[16.497322,43.525773],[16.497322,43.525764]]]}},{"type":"Feature","properties":{"krov":"ROOF_NOT_FLAT","visina":10.0807,"kota_vrha":43.74667969},"geometry":{"type":"Polygon","coordinates":[[[16.492646,43.525835],[16.492646,43.525826],[16.492658,43.525826],[16.49267,43.525826],[16.492683,43.525826],[16.492683,43.525817],[16.492695,43.525817],[16.492707,43.525817],[16.49272,43.525817],[16.49272,43.525808],[16.492732,43.525808],[16.492745,43.525808],[16.492757,43.525808],[16.492757,43.525799],[16.492757,43.52579],[16.492745,43.52579],[16.49274,43.525762],[16.49272,43.525754],[16.492695,43.525754],[16.492695,43.525763],[16.492683,43.525763],[16.492658,43.525763],[16.492658,43.525772],[16.492646,43.525772],[16.492633,43.525772],[16.492621,43.525772],[16.492621,43.525781],[16.492611,43.525781],[16.492609,43.525782],[16.492609,43.52579],[16.492591,43.525799],[16.492609,43.525808],[16.492609,43.525826],[16.492609,43.525835],[16.492621,43.525835],[16.492633,43.525835],[16.492646,43.525835]]]}},{"type":"Feature","properties":{"krov":"ROOF_FLAT","visina":2.7847,"kota_vrha":65.83867969},"geometry":{"type":"Polygon","coordinates":[[[16.503347,43.525816],[16.503347,43.525809],[16.503359,43.525809],[16.503359,43.5258],[16.503359,43.525791],[16.503347,43.525791],[16.503334,43.525791],[16.503334,43.5258],[16.503318,43.525804],[16.503334,43.525809],[16.503334,43.525818],[16.503334,43.525819],[16.503347,43.525816]]]}},{"type":"Feature","properties":{"krov":"ROOF_FLAT","visina":5.6021,"kota_vrha":68.58807969},"geometry":{"type":"Polygon","coordinates":[[[16.503347,43.525825],[16.503347,43.525818],[16.503347,43.525816],[16.503334,43.525819],[16.503334,43.525827],[16.503334,43.525828],[16.503347,43.525825]]]}},{"type":"Feature","properties":{"krov":"ROOF_NOT_FLAT","visina":9.0302,"kota_vrha":71.52717969},"geometry":{"type":"Polygon","coordinates":[[[16.503347,43.525825],[16.503334,43.525828],[16.503334,43.525836],[16.503347,43.525836],[16.503362,43.525831],[16.503347,43.525827],[16.503347,43.525825]]]}},{"type":"Feature","properties":{"krov":"ROOF_NOT_FLAT","visina":9.8016,"kota_vrha":41.09757969},"geometry":{"type":"Polygon","coordinates":[[[16.495221,43.5258],[16.49522,43.525801],[16.495244,43.525803],[16.495244,43.5258],[16.495231,43.5258],[16.495221,43.5258]]]}},{"type":"Feature","properties":{"krov":"ROOF_NOT_FLAT","visina":10.0116,"kota_vrha":41.70357969},"geometry":{"type":"Polygon","coordinates":[[[16.495244,43.525803],[16.49522,43.525801],[16.495221,43.5258],[16.495219,43.5258],[16.495206,43.5258],[16.495206,43.525809],[16.495194,43.525809],[16.495182,43.525809],[16.495169,43.525796],[16.495157,43.525809],[16.495157,43.525827],[16.495157,43.525836],[16.495169,43.525836],[16.495182,43.525836],[16.495194,43.525836],[16.495206,43.525836],[16.495206,43.525845],[16.495219,43.525845],[16.495231,43.525845],[16.495244,43.525845],[16.495256,43.525845],[16.495268,43.525845],[16.495281,43.525845],[16.495281,43.525836],[16.495281,43.525827],[16.495281,43.525818],[16.495281,43.525809],[16.495268,43.525809],[16.495256,43.525809],[16.495244,43.525809],[16.495244,43.525803]]]}},{"type":"Feature","properties":{"krov":"ROOF_NOT_FLAT","visina":9.9673,"kota_vrha":71.45427969},"geometry":{"type":"Polygon","coordinates":[[[16.502493,43.52583],[16.502456,43.525828],[16.502456,43.525836],[16.502443,43.525836],[16.502443,43.525827],[16.502435,43.525827],[16.502433,43.525827],[16.502382,43.525824],[16.502382,43.525827],[16.502394,43.525827],[16.502394,43.525836],[16.502382,43.525836],[16.502382,43.525845],[16.502382,43.525854],[16.502406,43.525854],[16.502419,43.525854],[16.502431,43.525854],[16.502443,43.525854],[16.502456,43.525854],[16.502468,43.525854],[16.502481,43.525854],[16.502481,43.525836],[16.502493,43.525836],[16.502493,43.52583]]]}},{"type":"Feature","properties":{"krov":"ROOF_NOT_FLAT","visina":10.2443,"kota_vrha":71.73227969},"geometry":{"type":"Polygon","coordinates":[[[16.502481,43.525802],[16.502473,43.525802],[16.502474,43.525798],[16.502454,43.525797],[16.502457,43.525773],[16.502456,43.525773],[16.502443,43.525773],[16.502443,43.525764],[16.502431,43.525764],[16.502382,43.525764],[16.502382,43.525773],[16.502382,43.525818],[16.502382,43.525824],[16.502433,43.525827],[16.502435,43.525827],[16.502443,43.525827],[16.502443,43.525827],[16.502456,43.525827],[16.502456,43.525828],[16.502493,43.52583],[16.502493,43.525827],[16.502493,43.525818],[16.502493,43.525809],[16.502481,43.525809],[16.502481,43.525802]]]}},{"type":"Feature","properties":{"krov":"ROOF_NOT_FLAT","visina":9.7093,"kota_vrha":71.19527969},"geometry":{"type":"Polygon","coordinates":[[[16.502457,43.525773],[16.502454,43.525797],[16.502474,43.525798],[16.502473,43.525802],[16.502481,43.525802],[16.502481,43.5258],[16.502493,43.5258],[16.502493,43.525791],[16.502493,43.525782],[16.502493,43.525773],[16.502481,43.525773],[16.502468,43.525773],[16.502457,43.525773]]]}},{"type":"Feature","properties":{"krov":"ROOF_FLAT","visina":3.6507,"kota_vrha":65.20867969},"geometry":{"type":"Polygon","coordinates":[[[16.503588,43.525865],[16.503594,43.525854],[16.503606,43.525854],[16.503606,43.525845],[16.503619,43.525845],[16.503628,43.525845],[16.503631,43.525843],[16.503631,43.525836],[16.503643,43.525836],[16.503643,43.525827],[16.503656,43.525827],[16.503664,43.525827],[16.503668,43.525824],[16.503668,43.525818],[16.503684,43.525813],[16.503668,43.525809],[16.503656,43.525809],[16.503656,43.5258],[16.503643,43.5258],[16.503631,43.5258],[16.503625,43.525788],[16.503619,43.5258],[16.503606,43.5258],[16.503594,43.5258],[16.503582,43.5258],[16.503569,43.5258],[16.503569,43.525791],[16.503557,43.525791],[16.503544,43.525791],[16.503532,43.525791],[16.50352,43.525791],[16.50352,43.525794],[16.503523,43.5258],[16.503532,43.5258],[16.503532,43.525809],[16.503544,43.525809],[16.503544,43.525818],[16.503544,43.525827],[16.503557,43.525827],[16.503557,43.525836],[16.503557,43.525845],[16.503569,43.525845],[16.503569,43.525854],[16.503582,43.525854],[16.503588,43.525865],[16.503588,43.525865]]]}},{"type":"Feature","properties":{"krov":"ROOF_FLAT","visina":3.833,"kota_vrha":63.02597969},"geometry":{"type":"Polygon","coordinates":[[[16.502109,43.525866],[16.502122,43.525854],[16.502134,43.525854],[16.502147,43.525854],[16.502159,43.525854],[16.502171,43.525854],[16.502184,43.525854],[16.502184,43.525845],[16.502184,43.525836],[16.502184,43.525827],[16.502184,43.525818],[16.502171,43.525818],[16.502171,43.525809],[16.502171,43.5258],[16.502171,43.525782],[16.502159,43.525782],[16.502147,43.525782],[16.502122,43.525782],[16.502109,43.525782],[16.502109,43.525791],[16.502085,43.525791],[16.502085,43.5258],[16.502085,43.525809],[16.502085,43.525827],[16.502097,43.525827],[16.502097,43.525854],[16.502109,43.525866],[16.502109,43.525866]]]}},{"type":"Feature","properties":{"krov":"ROOF_NOT_FLAT","visina":9.2234,"kota_vrha":70.71737969},"geometry":{"type":"Polygon","coordinates":[[[16.502431,43.525872],[16.502419,43.525872],[16.502419,43.525881],[16.502431,43.525881],[16.502443,43.525881],[16.502456,43.525881],[16.502468,43.525881],[16.502468,43.525872],[16.502456,43.525872],[16.502443,43.525872],[16.502431,43.525872]]]}},{"type":"Feature","properties":{"krov":"ROOF_FLAT","visina":3.4357,"kota_vrha":34.84467969},"geometry":{"type":"Polygon","coordinates":[[[16.495355,43.525791],[16.495355,43.5258],[16.495367,43.5258],[16.495367,43.525809],[16.495367,43.525818],[16.495367,43.525827],[16.495367,43.525836],[16.495367,43.525845],[16.495367,43.525854],[16.495367,43.525863],[16.495367,43.525872],[16.49538,43.525872],[16.495392,43.525872],[16.495398,43.525883],[16.495398,43.525883],[16.495404,43.525872],[16.495404,43.525863],[16.495404,43.525854],[16.495404,43.525845],[16.495392,43.525845],[16.495392,43.525836],[16.495392,43.525818],[16.495392,43.525809],[16.495404,43.525809],[16.49541,43.525809],[16.495411,43.525808],[16.495417,43.525808],[16.495417,43.5258],[16.495417,43.525791],[16.495404,43.525791],[16.495392,43.525791],[16.49538,43.525791],[16.495367,43.525791],[16.495355,43.525791]]]}},{"type":"Feature","properties":{"krov":"ROOF_FLAT","visina":5.6021,"kota_vrha":68.58807969},"geometry":{"type":"MultiPolygon","coordinates":[[[[16.50341,43.525809],[16.503408,43.525809],[16.503396,43.525809],[16.503396,43.525812],[16.50341,43.525809]]],[[[16.503376,43.525818],[16.503371,43.525818],[16.503371,43.525819],[16.503376,43.525818]]]]}},{"type":"Feature","properties":{"krov":"ROOF_NOT_FLAT","visina":9.0302,"kota_vrha":71.52717969},"geometry":{"type":"Polygon","coordinates":[[[16.50341,43.525809],[16.503396,43.525812],[16.503396,43.525818],[16.503384,43.525818],[16.503376,43.525818],[16.503371,43.525819],[16.503371,43.525827],[16.503371,43.525836],[16.503384,43.525836],[16.503384,43.525845],[16.503384,43.525854],[16.503396,43.525854],[16.503396,43.525863],[16.503396,43.525872],[16.503396,43.525881],[16.503408,43.525881],[16.503408,43.52589],[16.503415,43.525901],[16.503421,43.52589],[16.503433,43.52589],[16.503446,43.52589],[16.503458,43.52589],[16.503458,43.525881],[16.503458,43.525872],[16.503446,43.525872],[16.503446,43.525863],[16.503446,43.525854],[16.503433,43.525854],[16.503433,43.525836],[16.503433,43.525827],[16.503421,43.525827],[16.503421,43.525818],[16.503421,43.525809],[16.50341,43.525809]]]}},{"type":"Feature","properties":{"krov":"ROOF_NOT_FLAT","visina":2.6956,"kota_vrha":18.82057969},"geometry":{"type":"Polygon","coordinates":[[[16.489203,43.525893],[16.489194,43.525853],[16.489152,43.525862],[16.48918,43.525902],[16.489203,43.525893]]]}},{"type":"Feature","properties":{"krov":"ROOF_FLAT","visina":2.6963,"kota_vrha":63.21127969},"geometry":{"type":"Polygon","coordinates":[[[16.503758,43.525845],[16.503755,43.525846],[16.503755,43.52585],[16.503767,43.525863],[16.503767,43.525863],[16.503783,43.525858],[16.503767,43.525854],[16.503767,43.525845],[16.503758,43.525845]]]}},{"type":"Feature","properties":{"krov":"ROOF_FLAT","visina":1.8721,"kota_vrha":62.45907969},"geometry":{"type":"MultiPolygon","coordinates":[[[[16.503755,43.525845],[16.503755,43.525846],[16.503758,43.525845],[16.503755,43.525845]]]]}},{"type":"Feature","properties":{"krov":"ROOF_NOT_FLAT","visina":5.1484,"kota_vrha":65.51137969},"geometry":{"type":"Polygon","coordinates":[[[16.503767,43.525863],[16.503755,43.52585],[16.503755,43.525854],[16.503742,43.525854],[16.50373,43.525854],[16.50373,43.525854],[16.50373,43.525863],[16.503718,43.525863],[16.503718,43.525872],[16.50373,43.525872],[16.503742,43.525872],[16.503742,43.525881],[16.503742,43.52589],[16.503755,43.52589],[16.503755,43.525899],[16.503755,43.525908],[16.503761,43.525908],[16.503767,43.525905],[16.503767,43.525899],[16.50378,43.525899],[16.50378,43.52589],[16.50378,43.525881],[16.503767,43.525881],[16.503767,43.525872],[16.503767,43.525863]]]}},{"type":"Feature","properties":{"krov":"ROOF_FLAT","visina":3.1821,"kota_vrha":38.77907969},"geometry":{"type":"Polygon","coordinates":[[[16.493796,43.525906],[16.493802,43.525908],[16.493808,43.525908],[16.493821,43.525908],[16.493833,43.525908],[16.493833,43.525917],[16.493846,43.525917],[16.493858,43.525917],[16.493858,43.525924],[16.493863,43.525926],[16.49387,43.525926],[16.493883,43.525926],[16.493883,43.525917],[16.493883,43.525908],[16.493899,43.525903],[16.493883,43.525899],[16.493883,43.52589],[16.49387,43.52589],[16.493858,43.52589],[16.493858,43.525881],[16.493846,43.525881],[16.493833,43.525881],[16.493833,43.525872],[16.493821,43.525872],[16.493808,43.525872],[16.493796,43.525872],[16.493796,43.525872],[16.493796,43.525881],[16.493796,43.52589],[16.493784,43.52589],[16.493784,43.525899],[16.493796,43.525899],[16.493796,43.525906]]]}},{"type":"Feature","properties":{"krov":"ROOF_NOT_FLAT","visina":9.5588,"kota_vrha":45.09077969},"geometry":{"type":"MultiPolygon","coordinates":[[[[16.493802,43.525908],[16.493796,43.525906],[16.493796,43.525908],[16.493802,43.525908]]],[[[16.493863,43.525926],[16.493858,43.525924],[16.493858,43.525926],[16.493863,43.525926]]]]}},{"type":"Feature","properties":{"krov":"ROOF_NOT_FLAT","visina":10.4482,"kota_vrha":73.91917969},"geometry":{"type":"Polygon","coordinates":[[[16.50271,43.525827],[16.502728,43.525874],[16.50274,43.525907],[16.50274,43.525899],[16.502753,43.525899],[16.502753,43.52589],[16.502753,43.525881],[16.502765,43.525881],[16.502777,43.525881],[16.502777,43.525872],[16.50279,43.525872],[16.502802,43.525872],[16.502802,43.525863],[16.502802,43.525854],[16.50279,43.525854],[16.50279,43.525845],[16.50279,43.525836],[16.50279,43.525827],[16.50279,43.525818],[16.502777,43.525818],[16.502765,43.525818],[16.502765,43.525827],[16.502753,43.525827],[16.50274,43.525827],[16.502728,43.525827],[16.502716,43.525827],[16.50271,43.525827]]]}},{"type":"Feature","properties":{"krov":"ROOF_NOT_FLAT","visina":10.4402,"kota_vrha":73.91917969},"geometry":{"type":"Polygon","coordinates":[[[16.50274,43.525907],[16.502728,43.525874],[16.50271,43.525827],[16.502703,43.525827],[16.502691,43.525827],[16.502652,43.52583],[16.502638,43.525848],[16.502638,43.525848],[16.502654,43.525854],[16.502654,43.525863],[16.502661,43.525884],[16.502666,43.525908],[16.502666,43.525917],[16.502679,43.525917],[16.502679,43.525926],[16.502691,43.525926],[16.502716,43.525926],[16.502727,43.525926],[16.502728,43.525926],[16.502728,43.525917],[16.50274,43.525917],[16.50274,43.525908],[16.50274,43.525907]]]}},{"type":"Feature","properties":{"krov":"ROOF_NOT_FLAT","visina":4.5693,"kota_vrha":64.01227969},"geometry":{"type":"Polygon","coordinates":[[[16.504497,43.525926],[16.504497,43.525917],[16.504497,43.525908],[16.504485,43.525908],[16.504472,43.525908],[16.50446,43.525908],[16.50446,43.525917],[16.50446,43.525926],[16.50445,43.525926],[16.504452,43.52593],[16.504448,43.525931],[16.504448,43.525935],[16.50446,43.525935],[16.504472,43.525935],[16.504485,43.525935],[16.504497,43.525935],[16.504497,43.525926]]]}},{"type":"Feature","properties":{"krov":"ROOF_NOT_FLAT","visina":4.2648,"kota_vrha":65.49477969},"geometry":{"type":"Polygon","coordinates":[[[16.503322,43.525917],[16.503309,43.525917],[16.503309,43.525926],[16.503309,43.525935],[16.503309,43.525944],[16.503322,43.525944],[16.503334,43.525944],[16.503334,43.525935],[16.503334,43.525926],[16.503322,43.525926],[16.503322,43.525917]]]}},{"type":"Feature","properties":{"krov":"ROOF_NOT_FLAT","visina":3.3577,"kota_vrha":37.96667969},"geometry":{"type":"Polygon","coordinates":[[[16.492967,43.525944],[16.492967,43.525935],[16.49298,43.525935],[16.492992,43.525935],[16.492992,43.525926],[16.49298,43.525926],[16.492967,43.525926],[16.492955,43.525926],[16.492955,43.525935],[16.492955,43.525944],[16.492955,43.525953],[16.492967,43.525953],[16.492967,43.525944]]]}},{"type":"Feature","properties":{"krov":"ROOF_FLAT","visina":5.7824,"kota_vrha":37.89237969},"geometry":{"type":"Polygon","coordinates":[[[16.49538,43.525921],[16.495404,43.525923],[16.495404,43.525917],[16.495392,43.525917],[16.49538,43.525917],[16.49538,43.525921]]]}},{"type":"Feature","properties":{"krov":"ROOF_NOT_FLAT","visina":8.4866,"kota_vrha":40.59657969},"geometry":{"type":"Polygon","coordinates":[[[16.495404,43.525923],[16.49538,43.525921],[16.49538,43.525926],[16.495367,43.525926],[16.495355,43.525926],[16.495355,43.525917],[16.495342,43.525917],[16.49533,43.525917],[16.495318,43.525917],[16.495305,43.525917],[16.495293,43.525917],[16.495293,43.525935],[16.495293,43.525944],[16.495293,43.525962],[16.495305,43.525962],[16.495318,43.525962],[16.49533,43.525962],[16.49533,43.525971],[16.495342,43.525971],[16.495355,43.525971],[16.495367,43.525971],[16.495367,43.525962],[16.495367,43.525953],[16.495367,43.525944],[16.495367,43.525935],[16.49538,43.525935],[16.495392,43.525935],[16.495404,43.525935],[16.495404,43.525926],[16.495404,43.525923]]]}},{"type":"Feature","properties":{"krov":"ROOF_NOT_FLAT","visina":4.892,"kota_vrha":63.01997969},"geometry":{"type":"Polygon","coordinates":[[[16.501938,43.525935],[16.501912,43.525959],[16.501912,43.525962],[16.501912,43.525962],[16.501924,43.525962],[16.501924,43.525969],[16.501927,43.525971],[16.501936,43.525971],[16.501936,43.525962],[16.501949,43.525962],[16.501949,43.525953],[16.501961,43.525953],[16.501961,43.525944],[16.501949,43.525944],[16.501949,43.525935],[16.501938,43.525935]]]}},{"type":"Feature","properties":{"krov":"ROOF_NOT_FLAT","visina":2.7042,"kota_vrha":60.85317969},"geometry":{"type":"Polygon","coordinates":[[[16.501938,43.525935],[16.501936,43.525935],[16.501924,43.525935],[16.501919,43.525935],[16.501915,43.525938],[16.501912,43.525937],[16.501912,43.525944],[16.501896,43.525948],[16.501912,43.525953],[16.501912,43.525959],[16.501938,43.525935]]]}},{"type":"Feature","properties":{"krov":"ROOF_FLAT","visina":3.2024,"kota_vrha":35.29537969},"geometry":{"type":"Polygon","coordinates":[[[16.495157,43.525908],[16.495145,43.525908],[16.495145,43.525917],[16.495145,43.525926],[16.495145,43.525935],[16.495145,43.525944],[16.495129,43.525948],[16.495145,43.525953],[16.495145,43.525962],[16.495157,43.525962],[16.495169,43.525962],[16.495182,43.525962],[16.495194,43.525962],[16.495206,43.525962],[16.495219,43.525962],[16.495231,43.525962],[16.495237,43.525973],[16.495237,43.525973],[16.495244,43.525962],[16.495244,43.525953],[16.495244,43.525944],[16.495244,43.525935],[16.495231,43.525935],[16.495231,43.525926],[16.495219,43.525926],[16.495206,43.525926],[16.495206,43.525917],[16.495194,43.525917],[16.495182,43.525917],[16.495169,43.525917],[16.495169,43.525908],[16.495157,43.525908]]]}},{"type":"Feature","properties":{"krov":"ROOF_FLAT","visina":2.6785,"kota_vrha":42.19247969},"geometry":{"type":"Polygon","coordinates":[[[16.499722,43.525868],[16.499808,43.525868],[16.499808,43.525863],[16.499808,43.525854],[16.499796,43.525854],[16.499784,43.525854],[16.499771,43.525854],[16.499759,43.525854],[16.499734,43.525854],[16.499734,43.525863],[16.499722,43.525863],[16.499722,43.525868]]]}},{"type":"Feature","properties":{"krov":"ROOF_NOT_FLAT","visina":4.4634,"kota_vrha":43.94837969},"geometry":{"type":"Polygon","coordinates":[[[16.499808,43.525868],[16.499722,43.525868],[16.499722,43.525872],[16.499722,43.525881],[16.499722,43.52589],[16.499722,43.525899],[16.499722,43.525908],[16.499722,43.525917],[16.499722,43.525926],[16.499722,43.525935],[16.499722,43.525944],[16.499722,43.525971],[16.499722,43.52598],[16.499796,43.52598],[16.499808,43.52598],[16.499808,43.525944],[16.499808,43.525935],[16.499808,43.525926],[16.499808,43.525917],[16.499808,43.525908],[16.499808,43.52589],[16.499808,43.525881],[16.499808,43.525872],[16.499808,43.525868]]]}},{"type":"Feature","properties":{"krov":"ROOF_NOT_FLAT","visina":12.7613,"kota_vrha":47.70927969},"geometry":{"type":"Polygon","coordinates":[[[16.493172,43.525962],[16.493172,43.525957],[16.493171,43.525955],[16.493171,43.52595],[16.493191,43.525949],[16.493184,43.525908],[16.493178,43.525908],[16.493128,43.525908],[16.493091,43.525908],[16.493091,43.525917],[16.493066,43.525917],[16.493066,43.525926],[16.493054,43.525926],[16.493041,43.525926],[16.493041,43.525935],[16.493041,43.525944],[16.493054,43.525944],[16.493054,43.525953],[16.493066,43.525953],[16.493066,43.525962],[16.493079,43.525962],[16.493091,43.525962],[16.493103,43.525962],[16.493116,43.525962],[16.493128,43.525962],[16.49314,43.525962],[16.493153,43.525962],[16.493165,43.525962],[16.493172,43.525962]]]}},{"type":"Feature","properties":{"krov":"ROOF_NOT_FLAT","visina":13.5353,"kota_vrha":48.55627969},"geometry":{"type":"Polygon","coordinates":[[[16.493193,43.525962],[16.493192,43.525955],[16.493191,43.525949],[16.493171,43.52595],[16.493171,43.525955],[16.493172,43.525957],[16.493172,43.525962],[16.493178,43.525962],[16.49319,43.525962],[16.493193,43.525962]]]}},{"type":"Feature","properties":{"krov":"ROOF_NOT_FLAT","visina":12.6367,"kota_vrha":47.56267969},"geometry":{"type":"Polygon","coordinates":[[[16.493184,43.525908],[16.493191,43.525949],[16.493192,43.525955],[16.493193,43.525962],[16.493202,43.525962],[16.493215,43.525962],[16.493227,43.525962],[16.493239,43.525962],[16.493252,43.525962],[16.493264,43.525962],[16.493277,43.525962],[16.493289,43.525962],[16.493301,43.525962],[16.493301,43.525971],[16.493314,43.525971],[16.493314,43.52598],[16.493326,43.52598],[16.493326,43.525989],[16.493338,43.525989],[16.493338,43.52598],[16.493338,43.525971],[16.493338,43.525962],[16.493326,43.525962],[16.493326,43.525935],[16.493326,43.525926],[16.493326,43.525917],[16.493326,43.525908],[16.493314,43.525908],[16.493301,43.525908],[16.493301,43.525917],[16.493289,43.525917],[16.493289,43.525908],[16.493264,43.525908],[16.493239,43.525908],[16.493227,43.525908],[16.493215,43.525908],[16.493202,43.525908],[16.49319,43.525908],[16.493184,43.525908]]]}},{"type":"Feature","properties":{"krov":"ROOF_NOT_FLAT","visina":8.4866,"kota_vrha":40.59657969},"geometry":{"type":"Polygon","coordinates":[[[16.495367,43.52598],[16.495355,43.52598],[16.495355,43.525989],[16.495367,43.525989],[16.495367,43.52598]]]}},{"type":"Feature","properties":{"krov":"ROOF_FLAT","visina":27.1978,"kota_vrha":58.23677969},"geometry":{"type":"Polygon","coordinates":[[[16.4977,43.525984],[16.497724,43.525129],[16.49771,43.525077],[16.497588,43.525075],[16.497025,43.525071],[16.497018,43.525246],[16.49739,43.525255],[16.497396,43.525332],[16.497384,43.525332],[16.497384,43.525341],[16.497384,43.525845],[16.497371,43.525845],[16.497359,43.525845],[16.497309,43.525845],[16.497309,43.525854],[16.497309,43.525989],[16.497322,43.525989],[16.497384,43.525989],[16.4977,43.525984]]]}},{"type":"Feature","properties":{"krov":"ROOF_FLAT","visina":2.612,"kota_vrha":41.15797969},"geometry":{"type":"Polygon","coordinates":[[[16.499348,43.525938],[16.499348,43.525941],[16.499348,43.525941],[16.499354,43.525939],[16.499348,43.525938]]]}},{"type":"Feature","properties":{"krov":"ROOF_FLAT","visina":3.9642,"kota_vrha":42.04217969},"geometry":{"type":"Polygon","coordinates":[[[16.499348,43.525941],[16.499348,43.525941],[16.499348,43.525938],[16.499338,43.525935],[16.499338,43.525926],[16.499326,43.525926],[16.499326,43.525917],[16.499314,43.525917],[16.499314,43.525908],[16.499301,43.525908],[16.499301,43.525899],[16.499289,43.525899],[16.499276,43.525899],[16.499276,43.525908],[16.499264,43.525908],[16.499264,43.525917],[16.499252,43.525917],[16.499252,43.525926],[16.499239,43.525926],[16.499239,43.525935],[16.499224,43.525939],[16.499239,43.525944],[16.499239,43.525953],[16.499248,43.525965],[16.499264,43.525971],[16.49928,43.525992],[16.499289,43.52598],[16.499301,43.52598],[16.499301,43.525971],[16.499318,43.525965],[16.499326,43.525953],[16.499338,43.525953],[16.499338,43.525944],[16.499348,43.525941]]]}},{"type":"Feature","properties":{"krov":"ROOF_FLAT","visina":5.5686,"kota_vrha":38.03657969},"geometry":{"type":"Polygon","coordinates":[[[16.495305,43.52598],[16.495293,43.52598],[16.495293,43.525989],[16.495293,43.525998],[16.495305,43.525998],[16.495318,43.525998],[16.495318,43.525989],[16.495305,43.525989],[16.495305,43.52598]]]}},{"type":"Feature","properties":{"krov":"ROOF_NOT_FLAT","visina":9.0412,"kota_vrha":69.10017969},"geometry":{"type":"Polygon","coordinates":[[[16.503767,43.526003],[16.503767,43.525998],[16.50378,43.525998],[16.50378,43.525989],[16.50378,43.52598],[16.503767,43.52598],[16.503767,43.525971],[16.503755,43.525971],[16.503755,43.525962],[16.503755,43.525953],[16.503742,43.525953],[16.503742,43.525935],[16.50373,43.525935],[16.503724,43.525924],[16.503723,43.525925],[16.503718,43.525935],[16.503705,43.525935],[16.503696,43.525935],[16.503693,43.525936],[16.503693,43.525944],[16.503693,43.525953],[16.503693,43.525962],[16.503693,43.525971],[16.503705,43.525971],[16.503705,43.52598],[16.503705,43.525989],[16.503718,43.525989],[16.503718,43.525998],[16.50373,43.525998],[16.50373,43.526007],[16.503742,43.526007],[16.503755,43.526007],[16.503758,43.526007],[16.503767,43.526003]]]}},{"type":"Feature","properties":{"krov":"ROOF_FLAT","visina":5.482,"kota_vrha":65.72397969},"geometry":{"type":"MultiPolygon","coordinates":[[[[16.504309,43.525917],[16.504299,43.525917],[16.504299,43.525919],[16.504309,43.525917]]],[[[16.504285,43.525922],[16.504287,43.525922],[16.504287,43.525917],[16.504274,43.525917],[16.504274,43.525922],[16.504284,43.52592],[16.504285,43.525922]]]]}},{"type":"Feature","properties":{"krov":"ROOF_NOT_FLAT","visina":10.0108,"kota_vrha":69.52477969},"geometry":{"type":"Polygon","coordinates":[[[16.504309,43.525917],[16.504299,43.525919],[16.504299,43.525926],[16.504287,43.525926],[16.504287,43.525922],[16.504285,43.525922],[16.504281,43.525923],[16.504294,43.525953],[16.504299,43.525953],[16.504299,43.525962],[16.504298,43.525962],[16.5043,43.525968],[16.504275,43.525974],[16.504276,43.525975],[16.504278,43.52598],[16.504287,43.52598],[16.504297,43.52601],[16.504356,43.525994],[16.504361,43.525989],[16.504373,43.525989],[16.504386,43.525989],[16.504398,43.525989],[16.504406,43.525989],[16.50441,43.525988],[16.50441,43.52598],[16.504404,43.525968],[16.504398,43.52598],[16.504386,43.52598],[16.504373,43.52598],[16.504373,43.525971],[16.504361,43.525971],[16.504349,43.525971],[16.504336,43.525971],[16.504324,43.525971],[16.504311,43.525971],[16.504311,43.525962],[16.504324,43.525962],[16.504336,43.525962],[16.504336,43.525953],[16.504349,43.525953],[16.504361,43.525953],[16.504373,43.525953],[16.504386,43.525953],[16.504386,43.525944],[16.504386,43.525935],[16.504386,43.525917],[16.504373,43.525917],[16.504373,43.525908],[16.504373,43.525899],[16.504361,43.525899],[16.504349,43.525899],[16.504336,43.525899],[16.504336,43.525908],[16.504336,43.525917],[16.504324,43.525917],[16.504311,43.525917],[16.504309,43.525917]]]}},{"type":"Feature","properties":{"krov":"ROOF_NOT_FLAT","visina":9.204,"kota_vrha":68.99497969},"geometry":{"type":"Polygon","coordinates":[[[16.504276,43.525975],[16.504275,43.525974],[16.5043,43.525968],[16.504298,43.525962],[16.504287,43.525962],[16.504287,43.525953],[16.504294,43.525953],[16.504281,43.525923],[16.504285,43.525922],[16.504284,43.52592],[16.504274,43.525922],[16.504274,43.525926],[16.504262,43.525926],[16.504262,43.525935],[16.504262,43.525944],[16.504262,43.525953],[16.504274,43.525953],[16.504274,43.525962],[16.504274,43.525971],[16.504274,43.525976],[16.504276,43.525975]]]}},{"type":"Feature","properties":{"krov":"ROOF_FLAT","visina":3.3832,"kota_vrha":37.35117969},"geometry":{"type":"MultiPolygon","coordinates":[[[[16.494872,43.525955],[16.494872,43.525953],[16.494863,43.525953],[16.494872,43.525955]]]]}},{"type":"Feature","properties":{"krov":"ROOF_NOT_FLAT","visina":8.0687,"kota_vrha":42.04367969},"geometry":{"type":"Polygon","coordinates":[[[16.49491,43.525962],[16.494908,43.525962],[16.494897,43.525962],[16.494885,43.525962],[16.494872,43.525962],[16.494872,43.525955],[16.494863,43.525953],[16.49486,43.525953],[16.494848,43.525953],[16.494835,43.525953],[16.494835,43.525962],[16.494823,43.52598],[16.494835,43.52598],[16.494835,43.525989],[16.494835,43.525998],[16.494848,43.525998],[16.494848,43.526007],[16.49486,43.526007],[16.494872,43.526007],[16.494885,43.526007],[16.494897,43.526007],[16.494897,43.526016],[16.49491,43.526016],[16.494922,43.526016],[16.494934,43.526016],[16.494934,43.526007],[16.494934,43.525989],[16.494947,43.525989],[16.494947,43.52598],[16.494934,43.52598],[16.494934,43.525971],[16.49491,43.525971],[16.49491,43.525962]]]}},{"type":"Feature","properties":{"krov":"ROOF_NOT_FLAT","visina":14.8426,"kota_vrha":76.41457969},"geometry":{"type":"Polygon","coordinates":[[[16.502889,43.526024],[16.502892,43.526023],[16.50289,43.526019],[16.502889,43.526017],[16.502889,43.526024]]]}},{"type":"Feature","properties":{"krov":"ROOF_NOT_FLAT","visina":13.5877,"kota_vrha":75.29367969},"geometry":{"type":"Polygon","coordinates":[[[16.502889,43.526017],[16.50289,43.526019],[16.502892,43.526023],[16.502889,43.526024],[16.502889,43.526025],[16.502901,43.526025],[16.502901,43.526016],[16.502894,43.526016],[16.502889,43.526017]]]}},{"type":"Feature","properties":{"krov":"ROOF_NOT_FLAT","visina":12.4462,"kota_vrha":73.84117969},"geometry":{"type":"Polygon","coordinates":[[[16.502604,43.526025],[16.502592,43.526025],[16.502592,43.526034],[16.502604,43.526034],[16.502617,43.526034],[16.502629,43.526034],[16.502629,43.526025],[16.502617,43.526025],[16.502604,43.526025]]]}},{"type":"Feature","properties":{"krov":"ROOF_FLAT","visina":11.2513,"kota_vrha":72.87227969},"geometry":{"type":"Polygon","coordinates":[[[16.503186,43.525968],[16.503186,43.525962],[16.503198,43.525962],[16.503198,43.525965],[16.503218,43.525962],[16.50321,43.525962],[16.50321,43.525953],[16.50321,43.525944],[16.503198,43.525944],[16.503186,43.525944],[16.503186,43.525953],[16.503179,43.525953],[16.503184,43.525968],[16.503186,43.525968]]]}},{"type":"Feature","properties":{"krov":"ROOF_FLAT","visina":10.5113,"kota_vrha":72.87227969},"geometry":{"type":"MultiPolygon","coordinates":[[[[16.503087,43.525967],[16.503087,43.525971],[16.503088,43.525971],[16.503087,43.525967]]],[[[16.503091,43.52598],[16.503087,43.52598],[16.503087,43.525987],[16.503093,43.525985],[16.503091,43.52598]]],[[[16.503076,43.525989],[16.503074,43.525989],[16.503074,43.52598],[16.503062,43.52598],[16.503062,43.525971],[16.50305,43.525971],[16.50305,43.52598],[16.50305,43.525989],[16.503062,43.525989],[16.503062,43.525991],[16.503076,43.525989]]]]}},{"type":"Feature","properties":{"krov":"ROOF_NOT_FLAT","visina":15.8085,"kota_vrha":76.91947969},"geometry":{"type":"Polygon","coordinates":[[[16.503218,43.525962],[16.503198,43.525965],[16.503198,43.525971],[16.503186,43.525971],[16.503186,43.525968],[16.503184,43.525968],[16.503179,43.525953],[16.503173,43.525953],[16.503161,43.525953],[16.503136,43.525953],[16.503136,43.525962],[16.503099,43.525962],[16.503087,43.525962],[16.503087,43.525967],[16.503088,43.525971],[16.503099,43.525971],[16.503099,43.52598],[16.503091,43.52598],[16.503093,43.525985],[16.503087,43.525987],[16.503087,43.525989],[16.503076,43.525989],[16.503062,43.525991],[16.503062,43.525998],[16.503062,43.526007],[16.503062,43.526025],[16.503062,43.526034],[16.503074,43.526034],[16.503087,43.526034],[16.503099,43.526034],[16.503112,43.526034],[16.503124,43.526034],[16.503124,43.526025],[16.503136,43.526025],[16.503149,43.526025],[16.503161,43.526025],[16.503161,43.526016],[16.503173,43.526016],[16.503186,43.526016],[16.503198,43.526016],[16.50321,43.526016],[16.50321,43.526007],[16.503223,43.526007],[16.503235,43.526007],[16.503235,43.525998],[16.503235,43.525989],[16.503223,43.525971],[16.503223,43.525962],[16.503218,43.525962]]]}},{"type":"Feature","properties":{"krov":"ROOF_NOT_FLAT","visina":5.4427,"kota_vrha":37.21667969},"geometry":{"type":"MultiPolygon","coordinates":[[[[16.492285,43.525952],[16.492274,43.525952],[16.492274,43.525943],[16.492268,43.525932],[16.492262,43.525943],[16.49225,43.525943],[16.492237,43.525943],[16.492237,43.525952],[16.492226,43.525952],[16.492228,43.525958],[16.492225,43.525959],[16.492225,43.525961],[16.492225,43.52597],[16.492285,43.525952]]],[[[16.492222,43.52597],[16.492217,43.52597],[16.492218,43.525972],[16.492222,43.52597]]]]}},{"type":"Feature","properties":{"krov":"ROOF_NOT_FLAT","visina":8.6376,"kota_vrha":40.42757969},"geometry":{"type":"Polygon","coordinates":[[[16.492285,43.525952],[16.492225,43.52597],[16.492225,43.52597],[16.492222,43.52597],[16.492218,43.525972],[16.492213,43.525973],[16.492213,43.525979],[16.4922,43.525979],[16.4922,43.525988],[16.492188,43.525988],[16.492188,43.525997],[16.4922,43.525997],[16.4922,43.526006],[16.492213,43.526006],[16.492225,43.526006],[16.492225,43.526015],[16.492237,43.526015],[16.49225,43.526015],[16.49225,43.526024],[16.492262,43.526024],[16.492262,43.526033],[16.492274,43.526033],[16.492287,43.526033],[16.492299,43.526033],[16.492299,43.526042],[16.492312,43.526042],[16.492324,43.526042],[16.492336,43.526042],[16.492336,43.526033],[16.492324,43.526033],[16.492324,43.526015],[16.492324,43.526006],[16.492312,43.526006],[16.492312,43.525997],[16.492312,43.525988],[16.492299,43.525988],[16.492299,43.525979],[16.492299,43.52597],[16.492299,43.525961],[16.492287,43.525961],[16.492287,43.525952],[16.492285,43.525952]]]}},{"type":"Feature","properties":{"krov":"ROOF_NOT_FLAT","visina":14.8426,"kota_vrha":76.41457969},"geometry":{"type":"Polygon","coordinates":[[[16.502864,43.526034],[16.502868,43.526045],[16.502879,43.526037],[16.502864,43.526034]]]}},{"type":"Feature","properties":{"krov":"ROOF_NOT_FLAT","visina":14.8426,"kota_vrha":76.41457969},"geometry":{"type":"Polygon","coordinates":[[[16.502864,43.526034],[16.502864,43.526025],[16.502876,43.526025],[16.502876,43.526016],[16.502876,43.525998],[16.502864,43.525998],[16.502864,43.52598],[16.502839,43.52598],[16.50276,43.525994],[16.502753,43.526016],[16.502753,43.526025],[16.502765,43.526025],[16.502765,43.526034],[16.502765,43.526043],[16.502765,43.526052],[16.502777,43.526052],[16.50279,43.526052],[16.50279,43.526043],[16.502802,43.526043],[16.502815,43.526043],[16.502827,43.526043],[16.502839,43.526043],[16.502839,43.526034],[16.502852,43.526034],[16.502864,43.526034]]]}},{"type":"Feature","properties":{"krov":"ROOF_NOT_FLAT","visina":3.3358,"kota_vrha":37.85377969},"geometry":{"type":"Polygon","coordinates":[[[16.49295,43.526007],[16.492962,43.526053],[16.492962,43.526053],[16.492967,43.526043],[16.49298,43.526043],[16.492992,43.526043],[16.492992,43.526034],[16.49298,43.526034],[16.49298,43.526025],[16.492967,43.526025],[16.492967,43.526016],[16.492955,43.526016],[16.492955,43.526007],[16.49295,43.526007]]]}},{"type":"Feature","properties":{"krov":"ROOF_NOT_FLAT","visina":3.2661,"kota_vrha":37.78007969},"geometry":{"type":"Polygon","coordinates":[[[16.492962,43.526053],[16.49295,43.526007],[16.492943,43.526007],[16.492943,43.526016],[16.492943,43.526034],[16.492943,43.526043],[16.492955,43.526043],[16.49296,43.526053],[16.492962,43.526053]]]}},{"type":"Feature","properties":{"krov":"ROOF_FLAT","visina":2.8393,"kota_vrha":34.80327969},"geometry":{"type":"Polygon","coordinates":[[[16.492417,43.52608],[16.492416,43.52608],[16.492417,43.526081],[16.492417,43.52608],[16.492417,43.52608]]]}},{"type":"Feature","properties":{"krov":"ROOF_FLAT","visina":2.443,"kota_vrha":34.47597969},"geometry":{"type":"Polygon","coordinates":[[[16.492417,43.52608],[16.492415,43.526077],[16.492419,43.526076],[16.492423,43.52607],[16.492435,43.52607],[16.492435,43.526061],[16.492448,43.526061],[16.492448,43.526051],[16.492435,43.526051],[16.492435,43.526042],[16.492411,43.526042],[16.492398,43.526042],[16.492398,43.526051],[16.492398,43.52606],[16.492398,43.526069],[16.492411,43.52607],[16.492416,43.52608],[16.492417,43.52608]]]}},{"type":"Feature","properties":{"krov":"ROOF_FLAT","visina":2.7511,"kota_vrha":59.37607969},"geometry":{"type":"Polygon","coordinates":[[[16.501429,43.526082],[16.501441,43.52607],[16.501454,43.52607],[16.501454,43.526061],[16.501454,43.526052],[16.501466,43.526052],[16.501466,43.526043],[16.501466,43.526034],[16.501454,43.526034],[16.501441,43.526034],[16.501441,43.526043],[16.501429,43.526043],[16.501429,43.526052],[16.501429,43.526061],[16.501417,43.526061],[16.501417,43.52607],[16.501429,43.526082]]]}},{"type":"Feature","properties":{"krov":"ROOF_NOT_FLAT","visina":5.6209,"kota_vrha":38.71187969},"geometry":{"type":"Polygon","coordinates":[[[16.492497,43.526052],[16.492485,43.526052],[16.492485,43.526061],[16.492485,43.52607],[16.492497,43.52607],[16.492497,43.526079],[16.492497,43.526088],[16.49251,43.526088],[16.492522,43.526088],[16.492522,43.526079],[16.492522,43.52607],[16.49251,43.52607],[16.49251,43.526061],[16.49251,43.526052],[16.492497,43.526052]]]}},{"type":"Feature","properties":{"krov":"ROOF_NOT_FLAT","visina":6.1638,"kota_vrha":63.03477969},"geometry":{"type":"Polygon","coordinates":[[[16.504522,43.526034],[16.504509,43.526034],[16.504509,43.526043],[16.504509,43.526052],[16.504509,43.526061],[16.504522,43.526061],[16.504522,43.52607],[16.504534,43.52607],[16.504534,43.526079],[16.504534,43.526088],[16.504547,43.526088],[16.504547,43.526079],[16.504547,43.52607],[16.504547,43.526061],[16.504547,43.526052],[16.504547,43.526043],[16.504547,43.526034],[16.504534,43.526034],[16.504522,43.526034]]]}},{"type":"Feature","properties":{"krov":"ROOF_FLAT","visina":2.5814,"kota_vrha":59.74237969},"geometry":{"type":"Polygon","coordinates":[[[16.504206,43.526079],[16.504202,43.52607],[16.5042,43.52607],[16.504188,43.52607],[16.504188,43.526079],[16.504194,43.52609],[16.5042,43.526079],[16.504206,43.526079]]]}},{"type":"Feature","properties":{"krov":"ROOF_NOT_FLAT","visina":3.9563,"kota_vrha":61.03827969},"geometry":{"type":"Polygon","coordinates":[[[16.504202,43.52607],[16.504206,43.526079],[16.504213,43.526079],[16.504213,43.526088],[16.504214,43.526088],[16.504215,43.526088],[16.504215,43.526088],[16.504225,43.526088],[16.504237,43.526088],[16.504237,43.526079],[16.504225,43.526079],[16.504225,43.52607],[16.504213,43.52607],[16.504202,43.52607]]]}},{"type":"Feature","properties":{"krov":"ROOF_FLAT","visina":2.5814,"kota_vrha":59.74237969},"geometry":{"type":"Polygon","coordinates":[[[16.504101,43.526097],[16.504114,43.526097],[16.504114,43.526088],[16.504101,43.526088],[16.504101,43.526097]]]}},{"type":"Feature","properties":{"krov":"ROOF_FLAT","visina":2.5814,"kota_vrha":59.74237969},"geometry":{"type":"Polygon","coordinates":[[[16.504163,43.526079],[16.504151,43.526079],[16.504151,43.526088],[16.504157,43.526099],[16.504163,43.526088],[16.504163,43.526079]]]}},{"type":"Feature","properties":{"krov":"ROOF_NOT_FLAT","visina":6.631,"kota_vrha":34.99297969},"geometry":{"type":"Polygon","coordinates":[[[16.491835,43.525979],[16.491798,43.525995],[16.491767,43.526007],[16.491767,43.526015],[16.491777,43.526044],[16.491792,43.526051],[16.491792,43.526069],[16.491804,43.526069],[16.491817,43.526105],[16.491825,43.526105],[16.491829,43.526104],[16.491829,43.526096],[16.491841,43.526096],[16.491841,43.526087],[16.491854,43.526087],[16.491854,43.526078],[16.491866,43.526078],[16.491883,43.526072],[16.491891,43.52606],[16.491903,43.52606],[16.491891,43.526042],[16.491891,43.526033],[16.491879,43.526033],[16.491879,43.526015],[16.491866,43.526015],[16.491866,43.525997],[16.491854,43.525997],[16.491854,43.525988],[16.491841,43.525988],[16.491841,43.525979],[16.491835,43.525979]]]}},{"type":"Feature","properties":{"krov":"ROOF_NOT_FLAT","visina":4.6356,"kota_vrha":32.21957969},"geometry":{"type":"Polygon","coordinates":[[[16.491835,43.525979],[16.491829,43.525979],[16.491829,43.52597],[16.491829,43.525961],[16.491817,43.525961],[16.491817,43.525952],[16.491804,43.525952],[16.491804,43.525943],[16.491804,43.525934],[16.491792,43.525934],[16.49178,43.525934],[16.49178,43.525943],[16.491767,43.525943],[16.491755,43.525943],[16.491755,43.525952],[16.491743,43.525952],[16.491743,43.525961],[16.491743,43.52597],[16.491743,43.525979],[16.491755,43.525979],[16.491755,43.525988],[16.491767,43.525988],[16.491767,43.525997],[16.491767,43.526006],[16.491767,43.526007],[16.491798,43.525995],[16.491835,43.525979]]]}},{"type":"Feature","properties":{"krov":"ROOF_FLAT","visina":2.5814,"kota_vrha":59.74237969},"geometry":{"type":"Polygon","coordinates":[[[16.504101,43.526106],[16.504101,43.526097],[16.504089,43.526097],[16.504076,43.526097],[16.504076,43.526106],[16.504089,43.526106],[16.504101,43.526106],[16.504101,43.526106]]]}},{"type":"Feature","properties":{"krov":"ROOF_NOT_FLAT","visina":10.9778,"kota_vrha":45.97677969},"geometry":{"type":"Polygon","coordinates":[[[16.493586,43.526115],[16.493586,43.526106],[16.493598,43.526106],[16.493598,43.526097],[16.493598,43.526079],[16.493611,43.526079],[16.493611,43.526061],[16.493611,43.526052],[16.493623,43.526052],[16.493623,43.526043],[16.493623,43.526034],[16.493611,43.526034],[16.493598,43.526034],[16.493586,43.526034],[16.493586,43.526025],[16.493573,43.526025],[16.493561,43.526025],[16.493561,43.526016],[16.493549,43.526016],[16.493536,43.526016],[16.493524,43.526016],[16.493524,43.526025],[16.493512,43.526025],[16.493512,43.526034],[16.493512,43.526043],[16.493512,43.526052],[16.493512,43.526079],[16.493512,43.526088],[16.493499,43.526088],[16.493499,43.526097],[16.493499,43.526106],[16.493512,43.526106],[16.493524,43.526106],[16.493536,43.526106],[16.493536,43.526115],[16.493549,43.526115],[16.493561,43.526115],[16.493573,43.526115],[16.493586,43.526115]]]}},{"type":"Feature","properties":{"krov":"ROOF_FLAT","visina":2.7927,"kota_vrha":31.25367969},"geometry":{"type":"Polygon","coordinates":[[[16.491928,43.526114],[16.491928,43.526105],[16.491928,43.526096],[16.491916,43.526096],[16.491916,43.526105],[16.491903,43.526105],[16.491903,43.526114],[16.491891,43.526114],[16.491891,43.526123],[16.491903,43.526123],[16.491916,43.526123],[16.491928,43.526123],[16.491928,43.526114]]]}},{"type":"Feature","properties":{"krov":"ROOF_FLAT","visina":2.8393,"kota_vrha":34.80327969},"geometry":{"type":"Polygon","coordinates":[[[16.492424,43.526106],[16.492423,43.526106],[16.492411,43.526106],[16.492402,43.526106],[16.492404,43.526112],[16.492424,43.526106]]]}},{"type":"Feature","properties":{"krov":"ROOF_NOT_FLAT","visina":4.3387,"kota_vrha":36.34267969},"geometry":{"type":"Polygon","coordinates":[[[16.492451,43.526115],[16.49245,43.526114],[16.492448,43.526106],[16.492448,43.526106],[16.492435,43.526106],[16.492424,43.526106],[16.492404,43.526112],[16.492408,43.526124],[16.492411,43.526124],[16.492423,43.526124],[16.492435,43.526124],[16.492448,43.526124],[16.492448,43.526115],[16.492451,43.526115]]]}},{"type":"Feature","properties":{"krov":"ROOF_NOT_FLAT","visina":3.5018,"kota_vrha":35.82077969},"geometry":{"type":"Polygon","coordinates":[[[16.492448,43.526106],[16.49245,43.526114],[16.492451,43.526115],[16.49246,43.526115],[16.49246,43.526106],[16.492448,43.526106]]]}},{"type":"Feature","properties":{"krov":"ROOF_NOT_FLAT","visina":2.9927,"kota_vrha":34.94867969},"geometry":{"type":"Polygon","coordinates":[[[16.492404,43.526112],[16.492398,43.526113],[16.492398,43.526115],[16.492398,43.526124],[16.492408,43.526124],[16.492404,43.526112]]]}},{"type":"Feature","properties":{"krov":"ROOF_NOT_FLAT","visina":10.4975,"kota_vrha":45.75547969},"geometry":{"type":"Polygon","coordinates":[[[16.493808,43.526032],[16.493765,43.52602],[16.493762,43.526019],[16.493716,43.526007],[16.49371,43.526007],[16.49371,43.526016],[16.493697,43.526016],[16.493697,43.526034],[16.493685,43.526034],[16.493685,43.526043],[16.493697,43.526043],[16.49371,43.526043],[16.49371,43.526052],[16.493734,43.526052],[16.493734,43.526061],[16.493747,43.526061],[16.493747,43.52607],[16.493734,43.52607],[16.493734,43.526079],[16.493728,43.526079],[16.493727,43.526081],[16.49372,43.526079],[16.49371,43.526079],[16.493697,43.526079],[16.493697,43.526073],[16.493686,43.52607],[16.493685,43.52607],[16.493672,43.52607],[16.493672,43.526079],[16.49366,43.526079],[16.49366,43.526088],[16.49366,43.526097],[16.49366,43.526106],[16.493648,43.526106],[16.493648,43.526115],[16.493648,43.526124],[16.493648,43.526133],[16.493648,43.526141],[16.49365,43.526142],[16.49366,43.526142],[16.493672,43.526142],[16.493672,43.526133],[16.493685,43.526133],[16.493697,43.526133],[16.493697,43.526124],[16.493709,43.526124],[16.493722,43.526124],[16.493722,43.526133],[16.493734,43.526133],[16.493734,43.526142],[16.493734,43.526151],[16.493747,43.526151],[16.493747,43.526142],[16.493759,43.526142],[16.493759,43.526133],[16.493759,43.526115],[16.493771,43.526115],[16.493771,43.526106],[16.493771,43.526088],[16.493784,43.526088],[16.493784,43.52607],[16.493784,43.526061],[16.493796,43.526061],[16.493796,43.526052],[16.493796,43.526043],[16.493808,43.526043],[16.493808,43.526034],[16.493808,43.526032]]]}},{"type":"Feature","properties":{"krov":"ROOF_NOT_FLAT","visina":9.922,"kota_vrha":45.39197969},"geometry":{"type":"Polygon","coordinates":[[[16.493833,43.525986],[16.493788,43.525974],[16.493747,43.525963],[16.493747,43.525963],[16.493747,43.525971],[16.493734,43.525971],[16.493734,43.52598],[16.493734,43.525989],[16.493722,43.525989],[16.493722,43.525998],[16.493722,43.526007],[16.493716,43.526007],[16.493762,43.526019],[16.493765,43.52602],[16.493808,43.526032],[16.493808,43.526025],[16.493808,43.526016],[16.493821,43.526016],[16.493821,43.526007],[16.493821,43.525998],[16.493821,43.525989],[16.493833,43.525989],[16.493833,43.525986]]]}},{"type":"Feature","properties":{"krov":"ROOF_NOT_FLAT","visina":9.5588,"kota_vrha":45.09077969},"geometry":{"type":"Polygon","coordinates":[[[16.493858,43.525926],[16.493846,43.525926],[16.493833,43.525926],[16.493821,43.525926],[16.493821,43.525917],[16.493808,43.525917],[16.493796,43.525917],[16.493784,43.525917],[16.493777,43.52592],[16.493759,43.525953],[16.493759,43.525962],[16.493748,43.525962],[16.493747,43.525963],[16.493788,43.525974],[16.493833,43.525986],[16.493833,43.52598],[16.493833,43.525971],[16.493846,43.525971],[16.493846,43.525962],[16.493846,43.525935],[16.493858,43.525935],[16.493858,43.525926]]]}},{"type":"Feature","properties":{"krov":"ROOF_NOT_FLAT","visina":8.7213,"kota_vrha":44.16527969},"geometry":{"type":"MultiPolygon","coordinates":[[[[16.493686,43.52607],[16.493697,43.526073],[16.493697,43.52607],[16.493686,43.52607]]],[[[16.493728,43.526079],[16.493722,43.526079],[16.49372,43.526079],[16.493727,43.526081],[16.493728,43.526079]]]]}},{"type":"Feature","properties":{"krov":"ROOF_NOT_FLAT","visina":9.7671,"kota_vrha":66.51007969},"geometry":{"type":"Polygon","coordinates":[[[16.50441,43.526151],[16.50441,43.526142],[16.504423,43.526142],[16.504435,43.526142],[16.504448,43.526142],[16.50446,43.526142],[16.504472,43.526142],[16.504485,43.526142],[16.504485,43.526133],[16.504509,43.526133],[16.504509,43.526115],[16.504497,43.526115],[16.504497,43.526097],[16.504497,43.526088],[16.504497,43.526079],[16.504497,43.52607],[16.504497,43.526061],[16.504485,43.526061],[16.504485,43.526052],[16.504448,43.526052],[16.504448,43.526061],[16.504438,43.526061],[16.50444,43.526069],[16.504435,43.52607],[16.504435,43.52607],[16.504435,43.52607],[16.504423,43.526071],[16.504423,43.526079],[16.50441,43.526079],[16.504398,43.526079],[16.504398,43.526088],[16.504386,43.526088],[16.504386,43.526124],[16.504386,43.526142],[16.504398,43.526142],[16.504398,43.526151],[16.50441,43.526151]]]}},{"type":"Feature","properties":{"krov":"ROOF_NOT_FLAT","visina":4.2361,"kota_vrha":38.72707969},"geometry":{"type":"Polygon","coordinates":[[[16.495194,43.52616],[16.495194,43.526151],[16.495206,43.526151],[16.495206,43.526142],[16.495206,43.526124],[16.495182,43.526124],[16.495157,43.526124],[16.495141,43.526111],[16.495132,43.526133],[16.49512,43.526133],[16.49512,43.526142],[16.49512,43.526151],[16.495132,43.526151],[16.495145,43.526151],[16.495145,43.52616],[16.495157,43.52616],[16.495169,43.52616],[16.495182,43.52616],[16.495194,43.52616]]]}},{"type":"Feature","properties":{"krov":"ROOF_FLAT","visina":9.6894,"kota_vrha":70.92937969},"geometry":{"type":"Polygon","coordinates":[[[16.50258,43.52615],[16.50258,43.526142],[16.50258,43.526133],[16.502592,43.526133],[16.502592,43.526142],[16.502593,43.526142],[16.502593,43.526136],[16.502641,43.526131],[16.502641,43.526124],[16.502641,43.526115],[16.502641,43.526106],[16.502641,43.526097],[16.502641,43.526088],[16.502641,43.526079],[16.502641,43.52607],[16.502641,43.526061],[16.502629,43.526061],[16.502617,43.526061],[16.502604,43.526061],[16.502592,43.526061],[16.50258,43.526061],[16.50258,43.526052],[16.502567,43.526052],[16.502555,43.526052],[16.502555,43.526043],[16.502542,43.526043],[16.502542,43.526052],[16.50253,43.526052],[16.50253,43.526061],[16.502518,43.526061],[16.502518,43.52607],[16.502518,43.526079],[16.502518,43.526088],[16.502518,43.526093],[16.50252,43.526092],[16.502521,43.526102],[16.502518,43.526102],[16.502518,43.526115],[16.502518,43.526124],[16.50253,43.526124],[16.50253,43.526133],[16.50253,43.526138],[16.502531,43.526138],[16.502533,43.526151],[16.502542,43.526151],[16.502555,43.526151],[16.502567,43.526151],[16.502573,43.526151],[16.502573,43.52615],[16.50258,43.52615]]]}},{"type":"Feature","properties":{"krov":"ROOF_NOT_FLAT","visina":12.8284,"kota_vrha":74.11537969},"geometry":{"type":"MultiPolygon","coordinates":[[[[16.50258,43.526151],[16.50258,43.52615],[16.502573,43.52615],[16.502573,43.526151],[16.50258,43.526151]]],[[[16.50258,43.526151],[16.50258,43.52616],[16.502592,43.52616],[16.502604,43.52616],[16.502617,43.52616],[16.502617,43.526151],[16.502629,43.526151],[16.502641,43.526151],[16.502654,43.526151],[16.502654,43.526142],[16.502654,43.526133],[16.502641,43.526133],[16.502641,43.526131],[16.502593,43.526136],[16.502593,43.526142],[16.502604,43.526142],[16.502604,43.526151],[16.502592,43.526151],[16.50258,43.526151]]]]}},{"type":"Feature","properties":{"krov":"ROOF_NOT_FLAT","visina":2.9927,"kota_vrha":34.94867969},"geometry":{"type":"Polygon","coordinates":[[[16.492398,43.526124],[16.492386,43.526124],[16.492373,43.526124],[16.492373,43.526133],[16.492361,43.526133],[16.492349,43.526133],[16.492349,43.526142],[16.492336,43.526142],[16.492324,43.526142],[16.492312,43.526142],[16.492312,43.526151],[16.492312,43.52616],[16.492312,43.526169],[16.492324,43.526169],[16.492336,43.526169],[16.492343,43.526169],[16.492349,43.526167],[16.492349,43.52616],[16.492361,43.52616],[16.492373,43.52616],[16.492373,43.526151],[16.492386,43.526151],[16.492398,43.526151],[16.492398,43.526142],[16.492398,43.526133],[16.492398,43.526124]]]}},{"type":"Feature","properties":{"krov":"ROOF_NOT_FLAT","visina":10.3141,"kota_vrha":67.32907969},"geometry":{"type":"Polygon","coordinates":[[[16.504119,43.526115],[16.50412,43.526117],[16.504105,43.526121],[16.504121,43.52616],[16.504126,43.52616],[16.504126,43.526169],[16.504138,43.526169],[16.504151,43.526169],[16.504163,43.526169],[16.504163,43.52616],[16.504175,43.52616],[16.504188,43.52616],[16.5042,43.52616],[16.5042,43.526151],[16.504213,43.526151],[16.504225,43.526151],[16.504225,43.526142],[16.504225,43.526133],[16.504225,43.526124],[16.504213,43.526124],[16.504213,43.526115],[16.504213,43.526106],[16.504213,43.526097],[16.5042,43.526097],[16.5042,43.526106],[16.504188,43.526106],[16.504175,43.526106],[16.504163,43.526106],[16.504163,43.526115],[16.504138,43.526115],[16.504126,43.526115],[16.504119,43.526115]]]}},{"type":"Feature","properties":{"krov":"ROOF_NOT_FLAT","visina":8.6689,"kota_vrha":65.86587969},"geometry":{"type":"Polygon","coordinates":[[[16.504119,43.526115],[16.504114,43.526115],[16.504101,43.526115],[16.504101,43.526124],[16.504101,43.526133],[16.504101,43.526142],[16.504101,43.526151],[16.504114,43.526151],[16.504114,43.52616],[16.504121,43.52616],[16.504105,43.526121],[16.50412,43.526117],[16.504119,43.526115]]]}},{"type":"Feature","properties":{"krov":"ROOF_NOT_FLAT","visina":6.9787,"kota_vrha":21.31567969},"geometry":{"type":"Polygon","coordinates":[[[16.488798,43.526123],[16.488798,43.526114],[16.488798,43.526087],[16.488798,43.526078],[16.488786,43.526078],[16.488773,43.526078],[16.488767,43.526078],[16.488767,43.52608],[16.488761,43.526081],[16.488761,43.526087],[16.488749,43.526087],[16.488736,43.526087],[16.488736,43.526096],[16.488724,43.526096],[16.488712,43.526096],[16.488696,43.526101],[16.488712,43.526105],[16.488712,43.526123],[16.488699,43.526123],[16.488699,43.526126],[16.488699,43.526127],[16.488699,43.526127],[16.488699,43.526132],[16.488699,43.526141],[16.488712,43.526141],[16.488712,43.526159],[16.488712,43.526177],[16.488749,43.526177],[16.488761,43.526177],[16.488773,43.526177],[16.488798,43.526177],[16.488798,43.526159],[16.488798,43.526141],[16.48881,43.526138],[16.488809,43.526137],[16.488813,43.526136],[16.488798,43.526132],[16.488798,43.526123]]]}},{"type":"Feature","properties":{"krov":"ROOF_NOT_FLAT","visina":10.4501,"kota_vrha":45.55107969},"geometry":{"type":"Polygon","coordinates":[[[16.494962,43.526187],[16.494899,43.526178],[16.494898,43.526182],[16.494897,43.526187],[16.494897,43.526196],[16.494909,43.526196],[16.494922,43.526196],[16.494934,43.526196],[16.494947,43.526196],[16.494959,43.526196],[16.494959,43.526187],[16.494962,43.526187]]]}},{"type":"Feature","properties":{"krov":"ROOF_NOT_FLAT","visina":10.0991,"kota_vrha":45.01707969},"geometry":{"type":"Polygon","coordinates":[[[16.494962,43.526187],[16.494971,43.526187],[16.494971,43.526178],[16.494959,43.526178],[16.494947,43.526178],[16.494947,43.526169],[16.494934,43.526169],[16.494922,43.526169],[16.494922,43.526162],[16.494911,43.52616],[16.494911,43.52616],[16.494909,43.52616],[16.494899,43.526154],[16.494905,43.526125],[16.494823,43.526115],[16.494798,43.526115],[16.494798,43.52616],[16.494786,43.52616],[16.494786,43.526169],[16.494786,43.526178],[16.494798,43.526178],[16.494811,43.526178],[16.494823,43.526178],[16.494835,43.526178],[16.494835,43.526187],[16.494848,43.526187],[16.49486,43.526187],[16.494872,43.526187],[16.494885,43.526187],[16.494897,43.526187],[16.494897,43.526187],[16.494898,43.526182],[16.494899,43.526178],[16.494962,43.526187]]]}},{"type":"Feature","properties":{"krov":"ROOF_NOT_FLAT","visina":4.8971,"kota_vrha":61.48207969},"geometry":{"type":"Polygon","coordinates":[[[16.501417,43.526196],[16.501417,43.526187],[16.501429,43.526187],[16.501439,43.526187],[16.501441,43.526186],[16.501441,43.526178],[16.501441,43.526169],[16.501441,43.52616],[16.501429,43.52616],[16.501429,43.526151],[16.501417,43.526151],[16.501417,43.526133],[16.501404,43.526133],[16.501395,43.526124],[16.50135,43.52615],[16.501367,43.52616],[16.501367,43.526174],[16.50137,43.526178],[16.50138,43.526178],[16.50138,43.526187],[16.501392,43.526187],[16.501392,43.526196],[16.501404,43.526196],[16.501417,43.526196]]]}},{"type":"Feature","properties":{"krov":"ROOF_NOT_FLAT","visina":6.9143,"kota_vrha":66.22727969},"geometry":{"type":"Polygon","coordinates":[[[16.503883,43.526178],[16.503887,43.526186],[16.503891,43.526196],[16.503891,43.526196],[16.503891,43.526187],[16.503903,43.526187],[16.503903,43.526178],[16.503891,43.526178],[16.503883,43.526178]]]}},{"type":"Feature","properties":{"krov":"ROOF_NOT_FLAT","visina":10.5513,"kota_vrha":67.19827969},"geometry":{"type":"Polygon","coordinates":[[[16.503891,43.526196],[16.503887,43.526186],[16.503883,43.526178],[16.503879,43.526178],[16.503866,43.526178],[16.503866,43.526169],[16.503866,43.526151],[16.503854,43.526151],[16.503854,43.526142],[16.503854,43.526133],[16.503841,43.526133],[16.503829,43.526133],[16.503817,43.526133],[16.503804,43.526133],[16.503804,43.526142],[16.503792,43.526142],[16.50378,43.526142],[16.503767,43.526142],[16.503767,43.526151],[16.503755,43.526151],[16.503755,43.52616],[16.503755,43.526169],[16.503755,43.526178],[16.503767,43.526178],[16.503767,43.526187],[16.503767,43.526196],[16.503767,43.526205],[16.50378,43.526205],[16.503792,43.526205],[16.503792,43.526196],[16.503804,43.526196],[16.503817,43.526196],[16.503829,43.526196],[16.503829,43.526187],[16.503841,43.526187],[16.503854,43.526187],[16.503866,43.526187],[16.503866,43.526196],[16.503879,43.526196],[16.503891,43.526196]]]}},{"type":"Feature","properties":{"krov":"ROOF_NOT_FLAT","visina":10.4501,"kota_vrha":45.55107969},"geometry":{"type":"Polygon","coordinates":[[[16.494987,43.526227],[16.494971,43.526223],[16.494955,43.526227],[16.494971,43.526232],[16.494987,43.526227]]]}},{"type":"Feature","properties":{"krov":"ROOF_NOT_FLAT","visina":8.5646,"kota_vrha":64.83057969},"geometry":{"type":"Polygon","coordinates":[[[16.504485,43.526232],[16.504485,43.526223],[16.504497,43.526223],[16.504509,43.526223],[16.504522,43.526223],[16.504534,43.526223],[16.504534,43.526214],[16.504534,43.526205],[16.504522,43.526205],[16.504522,43.526196],[16.504522,43.526187],[16.504522,43.526178],[16.504522,43.526169],[16.504509,43.526169],[16.504497,43.526169],[16.504485,43.526169],[16.504472,43.526169],[16.50446,43.526169],[16.504448,43.526169],[16.504448,43.526178],[16.504448,43.526187],[16.504448,43.526196],[16.50446,43.526196],[16.50446,43.526205],[16.50446,43.526214],[16.50446,43.526223],[16.50446,43.526232],[16.504472,43.526232],[16.504485,43.526232]]]}},{"type":"Feature","properties":{"krov":"ROOF_NOT_FLAT","visina":10.4501,"kota_vrha":45.55107969},"geometry":{"type":"Polygon","coordinates":[[[16.495008,43.526232],[16.494996,43.526232],[16.494996,43.526241],[16.495008,43.526241],[16.495008,43.526232]]]}},{"type":"Feature","properties":{"krov":"ROOF_NOT_FLAT","visina":9.3413,"kota_vrha":67.11427969},"geometry":{"type":"Polygon","coordinates":[[[16.502023,43.526241],[16.502023,43.526232],[16.502035,43.526232],[16.502048,43.526232],[16.502048,43.526223],[16.50206,43.526223],[16.50206,43.526214],[16.502072,43.526214],[16.502085,43.526214],[16.502097,43.526214],[16.502109,43.526214],[16.502122,43.526214],[16.502122,43.526205],[16.502134,43.526205],[16.502147,43.526205],[16.502159,43.526205],[16.502159,43.526196],[16.502147,43.526196],[16.502147,43.526187],[16.502134,43.526187],[16.502134,43.526178],[16.502122,43.526178],[16.502122,43.526169],[16.502109,43.526169],[16.502107,43.526169],[16.502106,43.52617],[16.502104,43.526169],[16.502097,43.526169],[16.502085,43.526169],[16.502085,43.52616],[16.502072,43.52616],[16.502072,43.526151],[16.50206,43.526151],[16.502048,43.526151],[16.502048,43.52616],[16.502035,43.52616],[16.502035,43.526169],[16.502019,43.526175],[16.50201,43.526187],[16.501998,43.526187],[16.501998,43.526196],[16.501986,43.526196],[16.501986,43.526205],[16.501973,43.526205],[16.501973,43.526214],[16.501961,43.526214],[16.501961,43.526223],[16.501949,43.526223],[16.501949,43.526232],[16.501936,43.526232],[16.501936,43.526241],[16.501973,43.526241],[16.501998,43.526241],[16.50201,43.526241],[16.502023,43.526241]]]}},{"type":"Feature","properties":{"krov":"ROOF_NOT_FLAT","visina":15.9059,"kota_vrha":72.26587969},"geometry":{"type":"MultiPolygon","coordinates":[[[[16.503642,43.526205],[16.503643,43.526205],[16.503656,43.526205],[16.503656,43.526197],[16.503649,43.526198],[16.503649,43.526196],[16.503643,43.526196],[16.503639,43.526196],[16.503642,43.526205]]],[[[16.503606,43.526214],[16.503619,43.526214],[16.503631,43.526214],[16.503631,43.52621],[16.503606,43.526214]]],[[[16.503552,43.526223],[16.503557,43.526223],[16.503569,43.526223],[16.503582,43.526223],[16.503582,43.526218],[16.503552,43.526223]]],[[[16.503528,43.526227],[16.503527,43.526224],[16.503515,43.526187],[16.503507,43.526187],[16.503495,43.526187],[16.503483,43.526187],[16.503483,43.526196],[16.503483,43.526214],[16.503495,43.526214],[16.503495,43.526223],[16.503495,43.526232],[16.503495,43.526241],[16.503507,43.526241],[16.503507,43.526232],[16.50352,43.526232],[16.503532,43.526232],[16.503532,43.526226],[16.503528,43.526227]]]]}},{"type":"Feature","properties":{"krov":"ROOF_NOT_FLAT","visina":14.8219,"kota_vrha":72.76187969},"geometry":{"type":"Polygon","coordinates":[[[16.503532,43.526226],[16.503532,43.526223],[16.503545,43.526223],[16.503552,43.526223],[16.503582,43.526218],[16.503582,43.526214],[16.503594,43.526214],[16.503606,43.526214],[16.503631,43.52621],[16.503631,43.526205],[16.503642,43.526205],[16.503639,43.526196],[16.503631,43.526196],[16.503631,43.526178],[16.503631,43.526169],[16.503631,43.526169],[16.503619,43.526169],[16.503594,43.526169],[16.503564,43.526174],[16.503532,43.526178],[16.50352,43.526178],[16.50352,43.526187],[16.503515,43.526187],[16.503527,43.526224],[16.503528,43.526227],[16.503532,43.526226]]]}},{"type":"Feature","properties":{"krov":"ROOF_NOT_FLAT","visina":10.4501,"kota_vrha":45.55107969},"geometry":{"type":"Polygon","coordinates":[[[16.494959,43.52625],[16.494959,43.526241],[16.494947,43.526241],[16.494934,43.526241],[16.494934,43.526249],[16.494938,43.52625],[16.494947,43.52625],[16.494959,43.52625]]]}},{"type":"Feature","properties":{"krov":"ROOF_NOT_FLAT","visina":10.4501,"kota_vrha":45.55107969},"geometry":{"type":"Polygon","coordinates":[[[16.494959,43.52625],[16.494959,43.526259],[16.494969,43.526259],[16.49497,43.526255],[16.494971,43.526255],[16.494971,43.52625],[16.494959,43.52625]]]}},{"type":"Feature","properties":{"krov":"ROOF_NOT_FLAT","visina":15.9059,"kota_vrha":72.26587969},"geometry":{"type":"Polygon","coordinates":[[[16.503594,43.526241],[16.503582,43.526241],[16.503582,43.52625],[16.503566,43.526254],[16.503582,43.526259],[16.503594,43.526259],[16.503606,43.526259],[16.503619,43.526259],[16.503619,43.52625],[16.503619,43.526241],[16.503606,43.526241],[16.503594,43.526241]]]}},{"type":"Feature","properties":{"krov":"ROOF_NOT_FLAT","visina":4.4105,"kota_vrha":60.62647969},"geometry":{"type":"Polygon","coordinates":[[[16.504349,43.526241],[16.504336,43.526241],[16.504336,43.52625],[16.504336,43.526259],[16.504336,43.526268],[16.504349,43.526268],[16.504349,43.526259],[16.504349,43.52625],[16.504349,43.526241]]]}},{"type":"Feature","properties":{"krov":"ROOF_NOT_FLAT","visina":9.5802,"kota_vrha":66.49517969},"geometry":{"type":"Polygon","coordinates":[[[16.501722,43.52627],[16.501726,43.526259],[16.501711,43.526262],[16.501722,43.52627]]]}},{"type":"Feature","properties":{"krov":"ROOF_NOT_FLAT","visina":10.9151,"kota_vrha":67.62407969},"geometry":{"type":"Polygon","coordinates":[[[16.501623,43.526212],[16.501595,43.526178],[16.50159,43.526178],[16.50159,43.526187],[16.501578,43.526187],[16.501578,43.526196],[16.501565,43.526196],[16.501553,43.526196],[16.501553,43.526205],[16.501553,43.526214],[16.501553,43.526223],[16.501553,43.526232],[16.501553,43.526241],[16.501565,43.526241],[16.501565,43.526242],[16.501618,43.526215],[16.501623,43.526212]]]}},{"type":"Feature","properties":{"krov":"ROOF_NOT_FLAT","visina":10.5477,"kota_vrha":67.37867969},"geometry":{"type":"Polygon","coordinates":[[[16.501627,43.52621],[16.501633,43.526207],[16.501635,43.526206],[16.501637,43.526208],[16.50164,43.52621],[16.501664,43.526199],[16.501664,43.526196],[16.501672,43.526196],[16.501676,43.526194],[16.501676,43.526187],[16.501689,43.526187],[16.501689,43.526178],[16.501689,43.526169],[16.501676,43.526169],[16.501676,43.52616],[16.501664,43.52616],[16.501664,43.526151],[16.501652,43.526151],[16.501639,43.526151],[16.501639,43.52616],[16.501627,43.52616],[16.501615,43.52616],[16.501615,43.526169],[16.501602,43.526169],[16.501602,43.526178],[16.501595,43.526178],[16.501623,43.526212],[16.501627,43.52621]]]}},{"type":"Feature","properties":{"krov":"ROOF_NOT_FLAT","visina":10.6727,"kota_vrha":67.44367969},"geometry":{"type":"MultiPolygon","coordinates":[[[[16.501676,43.526194],[16.501672,43.526196],[16.501676,43.526196],[16.501676,43.526194]]],[[[16.50159,43.526259],[16.50159,43.52625],[16.501579,43.526255],[16.501582,43.526259],[16.50159,43.526259]]],[[[16.50159,43.526259],[16.50159,43.526267],[16.50159,43.526268],[16.501602,43.526268],[16.501602,43.526277],[16.501615,43.526277],[16.501627,43.526277],[16.501639,43.526277],[16.501639,43.526268],[16.501664,43.526268],[16.501676,43.526268],[16.501676,43.526259],[16.501689,43.526259],[16.501689,43.52625],[16.501701,43.52625],[16.501714,43.52625],[16.501714,43.526241],[16.501726,43.526241],[16.501735,43.526241],[16.501738,43.526239],[16.501738,43.526232],[16.501738,43.526223],[16.501726,43.526223],[16.501726,43.526214],[16.501714,43.526214],[16.501714,43.526205],[16.501714,43.526196],[16.501701,43.526196],[16.501689,43.526196],[16.501689,43.526205],[16.501676,43.526205],[16.501664,43.526205],[16.501664,43.526199],[16.50164,43.52621],[16.501637,43.526208],[16.501635,43.526206],[16.501633,43.526207],[16.501627,43.52621],[16.50164,43.526226],[16.501629,43.526232],[16.501639,43.526232],[16.501639,43.526241],[16.501627,43.526241],[16.501627,43.52625],[16.501615,43.52625],[16.501615,43.526259],[16.501602,43.526259],[16.50159,43.526259]]]]}},{"type":"Feature","properties":{"krov":"ROOF_NOT_FLAT","visina":11.0622,"kota_vrha":67.77117969},"geometry":{"type":"Polygon","coordinates":[[[16.501579,43.526255],[16.50159,43.52625],[16.50159,43.52625],[16.50159,43.526241],[16.501602,43.526241],[16.501602,43.526232],[16.501627,43.526232],[16.501629,43.526232],[16.50164,43.526226],[16.501627,43.52621],[16.501623,43.526212],[16.501618,43.526215],[16.501565,43.526242],[16.501565,43.52625],[16.501578,43.52625],[16.501578,43.526256],[16.501579,43.526255]]]}},{"type":"Feature","properties":{"krov":"ROOF_NOT_FLAT","visina":9.5802,"kota_vrha":66.49517969},"geometry":{"type":"Polygon","coordinates":[[[16.501697,43.526279],[16.501701,43.526268],[16.501686,43.526271],[16.501697,43.526279]]]}},{"type":"Feature","properties":{"krov":"ROOF_NOT_FLAT","visina":9.3413,"kota_vrha":67.11427969},"geometry":{"type":"Polygon","coordinates":[[[16.501986,43.526268],[16.501961,43.526268],[16.501965,43.52627],[16.501961,43.526273],[16.501961,43.526277],[16.501973,43.526277],[16.501973,43.526286],[16.501986,43.526286],[16.501998,43.526286],[16.50201,43.526286],[16.50201,43.526277],[16.50201,43.526268],[16.501998,43.526268],[16.501986,43.526268]]]}},{"type":"Feature","properties":{"krov":"ROOF_NOT_FLAT","visina":3.3418,"kota_vrha":61.46877969},"geometry":{"type":"Polygon","coordinates":[[[16.502382,43.526277],[16.502369,43.526241],[16.502357,43.526241],[16.502345,43.526241],[16.502345,43.52625],[16.502332,43.52625],[16.502332,43.526259],[16.502332,43.526268],[16.502332,43.526286],[16.502345,43.526286],[16.502357,43.526286],[16.502369,43.526286],[16.502369,43.526277],[16.502382,43.526277],[16.502382,43.526277]]]}},{"type":"Feature","properties":{"krov":"ROOF_NOT_FLAT","visina":3.2111,"kota_vrha":61.26107969},"geometry":{"type":"Polygon","coordinates":[[[16.502369,43.526241],[16.502382,43.526277],[16.502394,43.526277],[16.502394,43.526268],[16.502406,43.526268],[16.502406,43.526259],[16.502419,43.526259],[16.502419,43.52625],[16.502431,43.52625],[16.502431,43.526241],[16.502431,43.526232],[16.502431,43.526223],[16.502419,43.526223],[16.502406,43.526223],[16.502394,43.526223],[16.502382,43.526223],[16.502369,43.526223],[16.502369,43.526232],[16.502369,43.526241],[16.502369,43.526241]]]}},{"type":"Feature","properties":{"krov":"ROOF_NOT_FLAT","visina":5.9166,"kota_vrha":33.06457969},"geometry":{"type":"MultiPolygon","coordinates":[[[[16.491963,43.526227],[16.491965,43.526229],[16.491965,43.526226],[16.491963,43.526227]]],[[[16.491967,43.526231],[16.491978,43.526243],[16.491978,43.526241],[16.491978,43.526231],[16.491967,43.526231]]]]}},{"type":"Feature","properties":{"krov":"ROOF_NOT_FLAT","visina":9.8776,"kota_vrha":35.91557969},"geometry":{"type":"Polygon","coordinates":[[[16.491978,43.526243],[16.491967,43.526231],[16.491965,43.526231],[16.491965,43.526229],[16.491963,43.526227],[16.491959,43.526222],[16.491953,43.526222],[16.49194,43.526222],[16.49194,43.526213],[16.491928,43.526213],[16.491928,43.526204],[16.491916,43.526204],[16.491903,43.526204],[16.491903,43.526213],[16.491862,43.526229],[16.491854,43.52624],[16.491841,43.52624],[16.491829,43.52624],[16.491829,43.526249],[16.491829,43.526258],[16.491841,43.526258],[16.491854,43.526258],[16.491854,43.526267],[16.491866,43.526267],[16.491879,43.526267],[16.491891,43.526267],[16.491903,43.526267],[16.491903,43.526277],[16.491916,43.526277],[16.491916,43.526286],[16.491928,43.526286],[16.49194,43.526286],[16.491953,43.526286],[16.491965,43.526286],[16.491965,43.526295],[16.491978,43.526295],[16.49199,43.526295],[16.492002,43.526295],[16.492002,43.526286],[16.492002,43.526277],[16.49199,43.526277],[16.49199,43.526268],[16.491978,43.526268],[16.491978,43.52625],[16.491978,43.526243]]]}},{"type":"Feature","properties":{"krov":"ROOF_NOT_FLAT","visina":13.6578,"kota_vrha":71.61677969},"geometry":{"type":"Polygon","coordinates":[[[16.502635,43.526297],[16.502641,43.526286],[16.502654,43.526286],[16.502666,43.526286],[16.502679,43.526286],[16.502679,43.526277],[16.502691,43.526277],[16.502703,43.526277],[16.502716,43.526277],[16.502716,43.526268],[16.502703,43.526268],[16.502703,43.526259],[16.502703,43.52625],[16.502703,43.526241],[16.502703,43.526232],[16.502691,43.526232],[16.502691,43.526223],[16.502679,43.526223],[16.502666,43.526223],[16.502654,43.526223],[16.502641,43.526223],[16.502641,43.526232],[16.502629,43.526232],[16.502617,43.526232],[16.502604,43.526232],[16.502604,43.526241],[16.502604,43.52625],[16.502617,43.52625],[16.502617,43.526259],[16.502617,43.526268],[16.502617,43.526277],[16.502617,43.526286],[16.502629,43.526286],[16.502635,43.526297]]]}},{"type":"Feature","properties":{"krov":"ROOF_FLAT","visina":3.199,"kota_vrha":37.65297969},"geometry":{"type":"Polygon","coordinates":[[[16.493289,43.526304],[16.493289,43.526303],[16.493287,43.526304],[16.493289,43.526304]]]}},{"type":"Feature","properties":{"krov":"ROOF_NOT_FLAT","visina":3.0627,"kota_vrha":37.48767969},"geometry":{"type":"Polygon","coordinates":[[[16.493289,43.526301],[16.493289,43.526295],[16.493301,43.526295],[16.493301,43.526286],[16.493301,43.526277],[16.493301,43.526268],[16.493301,43.526259],[16.493314,43.526259],[16.493314,43.52625],[16.493314,43.526241],[16.493314,43.526232],[16.493326,43.526232],[16.493326,43.526223],[16.493326,43.526214],[16.493326,43.526205],[16.493314,43.526205],[16.493289,43.526205],[16.493289,43.526214],[16.493289,43.526223],[16.493277,43.526223],[16.493276,43.526232],[16.493276,43.526241],[16.493276,43.52625],[16.493264,43.52625],[16.493264,43.526259],[16.493264,43.526268],[16.493264,43.526277],[16.493252,43.526277],[16.493252,43.526286],[16.493252,43.526295],[16.493252,43.526304],[16.493264,43.526304],[16.493274,43.526304],[16.493289,43.526301]]]}},{"type":"Feature","properties":{"krov":"ROOF_NOT_FLAT","visina":7.608,"kota_vrha":41.09597969},"geometry":{"type":"Polygon","coordinates":[[[16.496246,43.526241],[16.496171,43.526241],[16.496171,43.526259],[16.496171,43.526295],[16.496171,43.526304],[16.496184,43.526304],[16.496196,43.526304],[16.496208,43.526304],[16.496221,43.526304],[16.496233,43.526304],[16.496246,43.526304],[16.496258,43.526304],[16.49627,43.526304],[16.496283,43.526304],[16.496295,43.526304],[16.496307,43.526304],[16.49632,43.526304],[16.496332,43.526304],[16.496345,43.526304],[16.496357,43.526304],[16.496369,43.526304],[16.496382,43.526304],[16.496382,43.526295],[16.496382,43.526286],[16.496382,43.52625],[16.496382,43.526241],[16.496345,43.526241],[16.496246,43.526241]]]}},{"type":"Feature","properties":{"krov":"ROOF_FLAT","visina":11.8888,"kota_vrha":70.42577969},"geometry":{"type":"Polygon","coordinates":[[[16.502914,43.526255],[16.502912,43.52625],[16.502889,43.526254],[16.502889,43.526259],[16.502883,43.526259],[16.502887,43.526268],[16.502889,43.526268],[16.502889,43.526273],[16.50289,43.526277],[16.502901,43.526277],[16.502917,43.526272],[16.502901,43.526268],[16.502901,43.526259],[16.502914,43.526259],[16.502914,43.526255]]]}},{"type":"Feature","properties":{"krov":"ROOF_FLAT","visina":9.4986,"kota_vrha":67.54157969},"geometry":{"type":"Polygon","coordinates":[[[16.502829,43.526205],[16.502838,43.526226],[16.502866,43.52622],[16.502867,43.526223],[16.502876,43.526223],[16.502876,43.526232],[16.502889,43.526232],[16.502901,43.526232],[16.502901,43.526241],[16.502901,43.52625],[16.502889,43.52625],[16.502889,43.526254],[16.502912,43.52625],[16.502914,43.526255],[16.502914,43.52625],[16.502926,43.52625],[16.502938,43.52625],[16.502938,43.526259],[16.502922,43.526263],[16.502938,43.526268],[16.502951,43.526268],[16.502951,43.526277],[16.502951,43.526286],[16.502951,43.526295],[16.502951,43.526304],[16.502938,43.526304],[16.502938,43.526313],[16.502926,43.526313],[16.502914,43.526313],[16.502914,43.526322],[16.502926,43.526322],[16.502938,43.526322],[16.502951,43.526322],[16.502951,43.526322],[16.502951,43.526313],[16.502963,43.526313],[16.502975,43.526313],[16.502988,43.526313],[16.502988,43.526304],[16.503,43.526304],[16.503,43.526295],[16.503,43.526286],[16.503,43.526277],[16.502988,43.526277],[16.502988,43.526268],[16.502988,43.526259],[16.502988,43.52625],[16.502975,43.52625],[16.502975,43.526241],[16.502975,43.526232],[16.502975,43.526223],[16.502963,43.526223],[16.502963,43.526214],[16.502963,43.526196],[16.502963,43.526187],[16.502951,43.526187],[16.502938,43.526187],[16.502938,43.526196],[16.502926,43.526196],[16.502914,43.526196],[16.502901,43.526196],[16.502889,43.526196],[16.502876,43.526196],[16.502876,43.526205],[16.502852,43.526205],[16.502839,43.526205],[16.502829,43.526205]]]}},{"type":"Feature","properties":{"krov":"ROOF_NOT_FLAT","visina":13.2934,"kota_vrha":71.26337969},"geometry":{"type":"MultiPolygon","coordinates":[[[[16.50289,43.526277],[16.502889,43.526273],[16.502889,43.526277],[16.50289,43.526277]]],[[[16.502887,43.526268],[16.502883,43.526259],[16.502876,43.526259],[16.502864,43.526259],[16.502864,43.52625],[16.502864,43.526241],[16.502864,43.526232],[16.502864,43.526223],[16.502867,43.526223],[16.502866,43.52622],[16.502838,43.526226],[16.502765,43.526243],[16.502765,43.52625],[16.502765,43.526257],[16.502766,43.526259],[16.502778,43.526259],[16.502778,43.526268],[16.502778,43.526277],[16.502778,43.526286],[16.502778,43.526286],[16.50279,43.526286],[16.50279,43.526277],[16.502802,43.526277],[16.502815,43.526277],[16.502827,43.526277],[16.502839,43.526277],[16.502839,43.526268],[16.502852,43.526268],[16.502864,43.526268],[16.502876,43.526268],[16.502887,43.526268]]]]}},{"type":"Feature","properties":{"krov":"ROOF_NOT_FLAT","visina":10.9284,"kota_vrha":68.93537969},"geometry":{"type":"Polygon","coordinates":[[[16.502838,43.526226],[16.502829,43.526205],[16.502827,43.526205],[16.502815,43.526205],[16.50279,43.526205],[16.50279,43.526214],[16.502778,43.526214],[16.502765,43.526214],[16.502765,43.526223],[16.50275,43.526227],[16.50275,43.526228],[16.502765,43.526232],[16.502765,43.526241],[16.502765,43.526243],[16.502838,43.526226]]]}},{"type":"Feature","properties":{"krov":"ROOF_NOT_FLAT","visina":10.1689,"kota_vrha":66.26887969},"geometry":{"type":"Polygon","coordinates":[[[16.50425,43.526322],[16.504265,43.526319],[16.504254,43.526311],[16.50425,43.526322]]]}},{"type":"Feature","properties":{"krov":"ROOF_FLAT","visina":3.4018,"kota_vrha":57.84777969},"geometry":{"type":"Polygon","coordinates":[[[16.501263,43.526232],[16.501293,43.526259],[16.501268,43.526273],[16.501268,43.526276],[16.501269,43.526277],[16.501281,43.526277],[16.501293,43.526277],[16.501293,43.526283],[16.501294,43.526282],[16.501298,43.526286],[16.501305,43.526286],[16.501305,43.526293],[16.501308,43.526295],[16.501318,43.526295],[16.501318,43.526304],[16.50133,43.526304],[16.50133,43.526313],[16.501342,43.526313],[16.501349,43.526324],[16.501355,43.526313],[16.501367,43.526313],[16.501378,43.526313],[16.50138,43.526312],[16.50138,43.526304],[16.501392,43.526304],[16.501392,43.526295],[16.501408,43.52629],[16.501392,43.526286],[16.501392,43.526277],[16.50138,43.526277],[16.50138,43.526268],[16.50138,43.526259],[16.501367,43.526259],[16.501367,43.52625],[16.501355,43.52625],[16.501355,43.526241],[16.501342,43.526241],[16.501342,43.526232],[16.501342,43.526223],[16.50133,43.526223],[16.50133,43.526214],[16.501318,43.526214],[16.501318,43.526205],[16.501305,43.526205],[16.501293,43.526205],[16.501293,43.526214],[16.501281,43.526214],[16.501281,43.526223],[16.501268,43.526223],[16.501268,43.526232],[16.501263,43.526232]]]}},{"type":"Feature","properties":{"krov":"ROOF_NOT_FLAT","visina":3.602,"kota_vrha":58.24997969},"geometry":{"type":"Polygon","coordinates":[[[16.501263,43.526232],[16.501256,43.526232],[16.501256,43.526232],[16.501256,43.526241],[16.501256,43.52625],[16.501256,43.526259],[16.501268,43.526259],[16.501268,43.526268],[16.501268,43.526273],[16.501293,43.526259],[16.501263,43.526232]]]}},{"type":"Feature","properties":{"krov":"ROOF_NOT_FLAT","visina":4.6253,"kota_vrha":31.79927969},"geometry":{"type":"Polygon","coordinates":[[[16.492064,43.526304],[16.492058,43.526292],[16.492052,43.526304],[16.492039,43.526304],[16.492039,43.526313],[16.492052,43.526313],[16.492052,43.526322],[16.492064,43.526322],[16.492064,43.526331],[16.492076,43.526331],[16.492076,43.526322],[16.492076,43.526313],[16.492076,43.526304],[16.492064,43.526304]]]}},{"type":"Feature","properties":{"krov":"ROOF_NOT_FLAT","visina":10.1689,"kota_vrha":66.26887969},"geometry":{"type":"Polygon","coordinates":[[[16.50425,43.526322],[16.504244,43.526323],[16.504247,43.526329],[16.50425,43.526322]]]}},{"type":"Feature","properties":{"krov":"ROOF_NOT_FLAT","visina":10.2787,"kota_vrha":66.42067969},"geometry":{"type":"Polygon","coordinates":[[[16.504247,43.526329],[16.504244,43.526323],[16.504235,43.526325],[16.504245,43.526333],[16.504247,43.526329]]]}},{"type":"Feature","properties":{"krov":"ROOF_NOT_FLAT","visina":2.9311,"kota_vrha":40.52207969},"geometry":{"type":"Polygon","coordinates":[[[16.495058,43.526349],[16.495058,43.52634],[16.49507,43.52634],[16.49507,43.526331],[16.49507,43.526322],[16.495058,43.526322],[16.495046,43.526322],[16.495033,43.526322],[16.495033,43.526331],[16.495033,43.52634],[16.495033,43.526349],[16.495033,43.526358],[16.495046,43.526358],[16.495058,43.526358],[16.495058,43.526349]]]}},{"type":"Feature","properties":{"krov":"ROOF_NOT_FLAT","visina":6.8267,"kota_vrha":59.86467969},"geometry":{"type":"Polygon","coordinates":[[[16.501083,43.526358],[16.501083,43.526349],[16.501095,43.526349],[16.501107,43.526349],[16.501107,43.52634],[16.501107,43.526331],[16.501095,43.526331],[16.501083,43.526331],[16.50107,43.526331],[16.50107,43.52634],[16.501058,43.52634],[16.501058,43.526349],[16.501058,43.526358],[16.50107,43.526358],[16.501083,43.526358]]]}},{"type":"Feature","properties":{"krov":"ROOF_FLAT","visina":6.7458,"kota_vrha":65.59877969},"geometry":{"type":"Polygon","coordinates":[[[16.503322,43.526258],[16.503322,43.52625],[16.503322,43.526241],[16.503322,43.526232],[16.503322,43.526223],[16.503322,43.526223],[16.503291,43.526231],[16.50329,43.526232],[16.503297,43.526232],[16.503297,43.526241],[16.503285,43.526241],[16.503272,43.526241],[16.503272,43.526237],[16.503255,43.526242],[16.503252,43.526236],[16.503248,43.526238],[16.503248,43.526241],[16.503238,43.526241],[16.503235,43.526242],[16.503235,43.52625],[16.503223,43.52625],[16.50321,43.52625],[16.50321,43.526259],[16.503198,43.526259],[16.503198,43.526268],[16.503198,43.526277],[16.50321,43.526277],[16.50321,43.526286],[16.50321,43.52629],[16.503322,43.526258]]]}},{"type":"Feature","properties":{"krov":"ROOF_FLAT","visina":8.2641,"kota_vrha":68.66607969},"geometry":{"type":"MultiPolygon","coordinates":[[[[16.503248,43.526313],[16.503248,43.526304],[16.503256,43.526304],[16.503253,43.526298],[16.503213,43.52631],[16.503215,43.526313],[16.503223,43.526313],[16.503223,43.526321],[16.503252,43.526313],[16.503248,43.526313]]]]}},{"type":"Feature","properties":{"krov":"ROOF_NOT_FLAT","visina":7.1953,"kota_vrha":66.18127969},"geometry":{"type":"MultiPolygon","coordinates":[[[[16.503322,43.526223],[16.503322,43.526214],[16.503309,43.526214],[16.503309,43.526205],[16.503309,43.526196],[16.503297,43.526196],[16.503297,43.526187],[16.503297,43.526178],[16.503285,43.526178],[16.503285,43.526169],[16.503285,43.52616],[16.503285,43.526151],[16.503272,43.526151],[16.503272,43.526142],[16.503272,43.526133],[16.50326,43.526133],[16.503248,43.526133],[16.503248,43.526142],[16.503235,43.526142],[16.503235,43.526151],[16.503235,43.52616],[16.503248,43.52616],[16.503248,43.526169],[16.503248,43.526178],[16.503248,43.526187],[16.503248,43.526196],[16.50326,43.526196],[16.50326,43.526205],[16.50326,43.526214],[16.503272,43.526214],[16.503272,43.526223],[16.503285,43.526223],[16.503285,43.526232],[16.50329,43.526232],[16.503291,43.526231],[16.503322,43.526223]]],[[[16.503272,43.526237],[16.503272,43.526232],[16.50326,43.526232],[16.503248,43.526232],[16.503248,43.526238],[16.503252,43.526236],[16.503255,43.526242],[16.503272,43.526237]]]]}},{"type":"Feature","properties":{"krov":"ROOF_NOT_FLAT","visina":13.5839,"kota_vrha":71.34087969},"geometry":{"type":"MultiPolygon","coordinates":[[[[16.503219,43.526331],[16.503216,43.526327],[16.50321,43.526329],[16.50321,43.526331],[16.503219,43.526331]]],[[[16.503224,43.52634],[16.503223,43.526338],[16.503223,43.52634],[16.503224,43.52634]]]]}},{"type":"Feature","properties":{"krov":"ROOF_NOT_FLAT","visina":14.384,"kota_vrha":72.14097969},"geometry":{"type":"Polygon","coordinates":[[[16.503309,43.526282],[16.503253,43.526298],[16.503256,43.526304],[16.50326,43.526304],[16.50326,43.526313],[16.503252,43.526313],[16.503223,43.526321],[16.503223,43.526322],[16.50322,43.526322],[16.50322,43.526322],[16.503215,43.526323],[16.503216,43.526327],[16.503219,43.526331],[16.503223,43.526331],[16.503223,43.526338],[16.503224,43.52634],[16.503235,43.52634],[16.503235,43.526349],[16.503248,43.526349],[16.503248,43.526358],[16.50326,43.526358],[16.503272,43.526358],[16.503285,43.526358],[16.503285,43.526349],[16.503297,43.526349],[16.503309,43.526349],[16.503309,43.52634],[16.503309,43.526331],[16.503309,43.526322],[16.503309,43.526313],[16.503309,43.526304],[16.503309,43.526295],[16.503309,43.526286],[16.503309,43.526282]]]}},{"type":"Feature","properties":{"krov":"ROOF_NOT_FLAT","visina":9.7757,"kota_vrha":68.57567969},"geometry":{"type":"Polygon","coordinates":[[[16.503213,43.52631],[16.503253,43.526298],[16.503309,43.526282],[16.503309,43.526277],[16.503309,43.526268],[16.503322,43.526268],[16.503322,43.526259],[16.503322,43.526258],[16.50321,43.52629],[16.50321,43.526295],[16.50321,43.526304],[16.50321,43.526311],[16.503213,43.52631]]]}},{"type":"Feature","properties":{"krov":"ROOF_NOT_FLAT","visina":8.2655,"kota_vrha":40.96647969},"geometry":{"type":"Polygon","coordinates":[[[16.497916,43.526367],[16.497916,43.526358],[16.497928,43.526358],[16.497928,43.526349],[16.497928,43.52634],[16.497928,43.526331],[16.497928,43.526322],[16.497928,43.526313],[16.497928,43.526304],[16.497928,43.526295],[16.497928,43.526286],[16.497928,43.526277],[16.497928,43.526268],[16.497928,43.526259],[16.497928,43.52625],[16.497916,43.52625],[16.497903,43.52625],[16.497903,43.526241],[16.497891,43.526241],[16.497879,43.526241],[16.497866,43.526241],[16.497866,43.52625],[16.497866,43.526259],[16.497866,43.526268],[16.497879,43.526268],[16.497879,43.526277],[16.497891,43.526277],[16.497891,43.526286],[16.497891,43.526295],[16.497891,43.526304],[16.497891,43.526313],[16.497891,43.526322],[16.497903,43.526322],[16.497903,43.526331],[16.497903,43.52634],[16.497903,43.526349],[16.497903,43.526358],[16.497903,43.526367],[16.497916,43.526367]]]}},{"type":"Feature","properties":{"krov":"ROOF_NOT_FLAT","visina":2.309,"kota_vrha":39.89397969},"geometry":{"type":"Polygon","coordinates":[[[16.495169,43.526371],[16.495168,43.526374],[16.495169,43.526374],[16.495169,43.526371]]]}},{"type":"Feature","properties":{"krov":"ROOF_NOT_FLAT","visina":2.8033,"kota_vrha":40.40427969},"geometry":{"type":"Polygon","coordinates":[[[16.495168,43.526374],[16.495169,43.526371],[16.495169,43.526367],[16.495169,43.526358],[16.495169,43.526349],[16.495157,43.526349],[16.495157,43.52634],[16.495108,43.52634],[16.495107,43.52634],[16.495107,43.526349],[16.495107,43.526358],[16.495107,43.526376],[16.495157,43.526376],[16.495167,43.526376],[16.495168,43.526374]]]}},{"type":"Feature","properties":{"krov":"ROOF_NOT_FLAT","visina":5.3691,"kota_vrha":52.33407969},"geometry":{"type":"Polygon","coordinates":[[[16.500408,43.526331],[16.5004,43.526322],[16.50039,43.526322],[16.50039,43.526313],[16.500378,43.526313],[16.500378,43.526304],[16.500365,43.526304],[16.500353,43.526304],[16.500353,43.526313],[16.50034,43.526313],[16.50034,43.526322],[16.500328,43.526322],[16.500328,43.526331],[16.500316,43.526331],[16.500303,43.526331],[16.500303,43.52634],[16.500291,43.52634],[16.500291,43.526349],[16.500291,43.526354],[16.500295,43.526358],[16.500291,43.52636],[16.500291,43.526367],[16.500291,43.526376],[16.500303,43.526376],[16.500316,43.526376],[16.500316,43.526367],[16.500328,43.526367],[16.500328,43.526358],[16.50034,43.526358],[16.500353,43.526358],[16.500353,43.526349],[16.500365,43.526349],[16.500365,43.52634],[16.500378,43.52634],[16.500378,43.526331],[16.50039,43.526331],[16.500402,43.526331],[16.500408,43.526331]]]}},{"type":"Feature","properties":{"krov":"ROOF_NOT_FLAT","visina":3.0109,"kota_vrha":49.84787969},"geometry":{"type":"Polygon","coordinates":[[[16.5004,43.526322],[16.500408,43.526331],[16.500415,43.526331],[16.500427,43.526331],[16.500427,43.52634],[16.500436,43.52634],[16.500439,43.526338],[16.500439,43.526331],[16.500452,43.526331],[16.500452,43.526322],[16.500464,43.526322],[16.500464,43.526313],[16.500476,43.526313],[16.500476,43.526304],[16.500476,43.526295],[16.500464,43.526295],[16.500452,43.526295],[16.500439,43.526295],[16.500439,43.526304],[16.500427,43.526304],[16.500415,43.526304],[16.500415,43.526313],[16.500402,43.526313],[16.500402,43.526322],[16.5004,43.526322]]]}},{"type":"Feature","properties":{"krov":"ROOF_FLAT","visina":3.7748,"kota_vrha":59.57377969},"geometry":{"type":"Polygon","coordinates":[[[16.502068,43.526378],[16.502072,43.526367],[16.502057,43.52637],[16.502068,43.526378]]]}},{"type":"Feature","properties":{"krov":"ROOF_FLAT","visina":2.9607,"kota_vrha":37.28867969},"geometry":{"type":"Polygon","coordinates":[[[16.493221,43.526366],[16.493203,43.526331],[16.493202,43.526331],[16.493202,43.52634],[16.49319,43.52634],[16.493178,43.52634],[16.493165,43.52634],[16.493165,43.526349],[16.493165,43.526358],[16.493165,43.526367],[16.493178,43.526367],[16.493184,43.526378],[16.49319,43.526367],[16.493202,43.526367],[16.493215,43.526367],[16.493221,43.526367],[16.493221,43.526366]]]}},{"type":"Feature","properties":{"krov":"ROOF_FLAT","visina":3.199,"kota_vrha":37.65297969},"geometry":{"type":"Polygon","coordinates":[[[16.493203,43.526331],[16.493221,43.526366],[16.493227,43.526364],[16.493227,43.526358],[16.493239,43.526358],[16.493252,43.526358],[16.493252,43.526349],[16.493264,43.526349],[16.493264,43.52634],[16.493276,43.52634],[16.493276,43.526322],[16.493276,43.526313],[16.493264,43.526313],[16.493254,43.526313],[16.493239,43.526317],[16.493239,43.526322],[16.493227,43.526322],[16.493227,43.526331],[16.493215,43.526331],[16.493203,43.526331]]]}},{"type":"Feature","properties":{"krov":"ROOF_NOT_FLAT","visina":10.1689,"kota_vrha":66.26887969},"geometry":{"type":"Polygon","coordinates":[[[16.50421,43.526259],[16.504234,43.526303],[16.504235,43.526306],[16.504237,43.52631],[16.504237,43.526304],[16.50425,43.526304],[16.50425,43.526295],[16.50425,43.526286],[16.504237,43.526286],[16.504237,43.526277],[16.504237,43.526268],[16.504237,43.526259],[16.504225,43.526259],[16.504213,43.526259],[16.50421,43.526259]]]}},{"type":"Feature","properties":{"krov":"ROOF_NOT_FLAT","visina":10.5572,"kota_vrha":66.67217969},"geometry":{"type":"Polygon","coordinates":[[[16.504135,43.526375],[16.504126,43.526358],[16.504126,43.526358],[16.504126,43.526357],[16.504122,43.526349],[16.504114,43.526349],[16.504114,43.52634],[16.504117,43.52634],[16.504116,43.526338],[16.504089,43.526286],[16.504089,43.526286],[16.504089,43.526295],[16.504076,43.526295],[16.504064,43.526295],[16.504064,43.526304],[16.504052,43.526304],[16.504039,43.526304],[16.504039,43.526313],[16.504015,43.526322],[16.504015,43.526331],[16.504002,43.526331],[16.504002,43.52634],[16.504,43.52634],[16.504005,43.526349],[16.504015,43.526349],[16.504015,43.526358],[16.504015,43.526367],[16.504014,43.526367],[16.504018,43.526373],[16.504013,43.526374],[16.504014,43.526375],[16.504014,43.526376],[16.504015,43.526376],[16.504027,43.526376],[16.504027,43.526385],[16.504039,43.526385],[16.504039,43.526376],[16.504052,43.526376],[16.504064,43.526376],[16.504064,43.526367],[16.504076,43.526367],[16.504089,43.526367],[16.504101,43.526367],[16.504101,43.526358],[16.504114,43.526358],[16.504114,43.526367],[16.504114,43.526376],[16.504126,43.526376],[16.504136,43.526376],[16.504135,43.526375]]]}},{"type":"Feature","properties":{"krov":"ROOF_NOT_FLAT","visina":8.7639,"kota_vrha":65.58987969},"geometry":{"type":"Polygon","coordinates":[[[16.504014,43.526375],[16.504013,43.526374],[16.504018,43.526373],[16.504014,43.526367],[16.504002,43.526367],[16.504002,43.526358],[16.504002,43.526349],[16.504005,43.526349],[16.504,43.52634],[16.50399,43.52634],[16.50399,43.526331],[16.503978,43.526331],[16.503978,43.52634],[16.503978,43.526349],[16.503978,43.526358],[16.50399,43.526358],[16.50399,43.526367],[16.50399,43.526376],[16.504002,43.526376],[16.504013,43.526376],[16.504014,43.526375]]]}},{"type":"Feature","properties":{"krov":"ROOF_NOT_FLAT","visina":10.2787,"kota_vrha":66.42067969},"geometry":{"type":"MultiPolygon","coordinates":[[[[16.504237,43.52631],[16.504235,43.526306],[16.504212,43.526313],[16.504213,43.526313],[16.504225,43.526313],[16.504237,43.526313],[16.504237,43.52631]]],[[[16.504188,43.526319],[16.504178,43.526322],[16.504188,43.526322],[16.504188,43.526319]]],[[[16.504151,43.526329],[16.504144,43.526331],[16.504151,43.526331],[16.504151,43.526329]]],[[[16.504126,43.526335],[16.504116,43.526338],[16.504117,43.52634],[16.504126,43.52634],[16.504126,43.526335]]],[[[16.504122,43.526349],[16.504126,43.526357],[16.504126,43.526349],[16.504122,43.526349]]],[[[16.504126,43.526358],[16.504135,43.526375],[16.504138,43.526374],[16.504138,43.526367],[16.504151,43.526367],[16.504151,43.526358],[16.504138,43.526358],[16.504126,43.526358]]]]}},{"type":"Feature","properties":{"krov":"ROOF_NOT_FLAT","visina":10.5459,"kota_vrha":67.08087969},"geometry":{"type":"Polygon","coordinates":[[[16.504126,43.526335],[16.504126,43.526331],[16.504138,43.526331],[16.504144,43.526331],[16.504151,43.526329],[16.504151,43.526322],[16.504163,43.526322],[16.504175,43.526322],[16.504178,43.526322],[16.504188,43.526319],[16.504188,43.526313],[16.5042,43.526313],[16.504212,43.526313],[16.504235,43.526306],[16.504234,43.526303],[16.50421,43.526259],[16.5042,43.526259],[16.504188,43.526259],[16.504188,43.526268],[16.504163,43.526268],[16.504151,43.526268],[16.504151,43.526277],[16.504114,43.526277],[16.504114,43.526286],[16.504101,43.526286],[16.504089,43.526286],[16.504116,43.526338],[16.504126,43.526335]]]}},{"type":"Feature","properties":{"krov":"ROOF_FLAT","visina":3.7748,"kota_vrha":59.57377969},"geometry":{"type":"Polygon","coordinates":[[[16.502085,43.526394],[16.50208,43.526383],[16.50207,43.526391],[16.502085,43.526394]]]}},{"type":"Feature","properties":{"krov":"ROOF_FLAT","visina":3.3589,"kota_vrha":36.70687969},"geometry":{"type":"Polygon","coordinates":[[[16.492918,43.526394],[16.492918,43.526385],[16.49293,43.526385],[16.492936,43.526396],[16.492942,43.526385],[16.492955,43.526385],[16.492967,43.526385],[16.492967,43.526376],[16.49298,43.526376],[16.492992,43.526376],[16.493004,43.526376],[16.493004,43.526367],[16.493004,43.526358],[16.493004,43.526349],[16.492992,43.526349],[16.492992,43.52634],[16.492992,43.526331],[16.492992,43.526322],[16.49298,43.526322],[16.492967,43.526322],[16.492967,43.526331],[16.492955,43.526331],[16.492942,43.526331],[16.49293,43.526331],[16.492918,43.526331],[16.492905,43.526331],[16.492905,43.52634],[16.4929,43.52634],[16.492893,43.526342],[16.492893,43.526349],[16.492881,43.526349],[16.492881,43.526358],[16.492868,43.526358],[16.492856,43.526358],[16.492856,43.526367],[16.492856,43.526376],[16.492856,43.526384],[16.492856,43.526385],[16.492868,43.526385],[16.492868,43.526394],[16.492868,43.526403],[16.492881,43.526403],[16.492893,43.526403],[16.492905,43.526403],[16.492918,43.526403],[16.492918,43.526394]]]}},{"type":"Feature","properties":{"krov":"ROOF_FLAT","visina":3.7748,"kota_vrha":59.57377969},"geometry":{"type":"Polygon","coordinates":[[[16.502085,43.526394],[16.502085,43.526403],[16.502097,43.526403],[16.502097,43.526394],[16.502085,43.526394]]]}},{"type":"Feature","properties":{"krov":"ROOF_FLAT","visina":4.4922,"kota_vrha":41.26817969},"geometry":{"type":"Polygon","coordinates":[[[16.498064,43.526412],[16.498064,43.526403],[16.498076,43.526403],[16.498076,43.526394],[16.498076,43.526385],[16.498076,43.526376],[16.498076,43.526367],[16.498076,43.526358],[16.498076,43.526349],[16.498076,43.52634],[16.498076,43.526322],[16.498076,43.526313],[16.498076,43.526304],[16.498076,43.526295],[16.498076,43.526286],[16.498076,43.526277],[16.498064,43.526277],[16.498064,43.526286],[16.498052,43.526286],[16.498052,43.526295],[16.498052,43.526304],[16.498052,43.526313],[16.498052,43.526322],[16.498052,43.526331],[16.498052,43.52634],[16.498052,43.526349],[16.498052,43.526358],[16.498052,43.526367],[16.498052,43.526376],[16.498052,43.526385],[16.498052,43.526394],[16.498052,43.526403],[16.498052,43.526412],[16.498064,43.526412]]]}},{"type":"Feature","properties":{"krov":"ROOF_FLAT","visina":3.1991,"kota_vrha":58.84407969},"geometry":{"type":"Polygon","coordinates":[[[16.504398,43.526382],[16.504404,43.526403],[16.50441,43.526403],[16.504423,43.526403],[16.504435,43.526403],[16.504448,43.526403],[16.50446,43.526403],[16.50446,43.526394],[16.504472,43.526394],[16.504485,43.526394],[16.504497,43.526394],[16.504509,43.526394],[16.504522,43.526394],[16.504522,43.526385],[16.504538,43.52638],[16.504522,43.526376],[16.504522,43.526358],[16.504522,43.526349],[16.504522,43.52634],[16.504522,43.526331],[16.504509,43.526331],[16.504509,43.526322],[16.504509,43.526313],[16.504509,43.526304],[16.504509,43.526295],[16.504497,43.526295],[16.504497,43.526286],[16.504485,43.526286],[16.504472,43.526286],[16.50446,43.526286],[16.50446,43.526295],[16.504448,43.526295],[16.504435,43.526295],[16.504423,43.526295],[16.50441,43.526295],[16.504398,43.526295],[16.504398,43.526304],[16.504386,43.526304],[16.504386,43.526313],[16.504386,43.526322],[16.504398,43.526322],[16.504398,43.526331],[16.504398,43.52634],[16.504398,43.526349],[16.504398,43.526358],[16.504398,43.526367],[16.50441,43.526367],[16.50441,43.526376],[16.504398,43.526376],[16.504398,43.526382]]]}},{"type":"Feature","properties":{"krov":"ROOF_NOT_FLAT","visina":3.2931,"kota_vrha":58.84407969},"geometry":{"type":"Polygon","coordinates":[[[16.504404,43.526403],[16.504398,43.526382],[16.504398,43.526385],[16.504386,43.526385],[16.504386,43.526394],[16.504373,43.526394],[16.504361,43.526394],[16.504361,43.526403],[16.504361,43.526412],[16.504373,43.526412],[16.504386,43.526412],[16.504398,43.526412],[16.504398,43.526403],[16.504404,43.526403]]]}},{"type":"Feature","properties":{"krov":"ROOF_FLAT","visina":3.7748,"kota_vrha":59.57377969},"geometry":{"type":"Polygon","coordinates":[[[16.502097,43.526403],[16.502101,43.526414],[16.502112,43.526406],[16.502097,43.526403]]]}},{"type":"Feature","properties":{"krov":"ROOF_FLAT","visina":2.6944,"kota_vrha":35.67837969},"geometry":{"type":"Polygon","coordinates":[[[16.492769,43.526421],[16.492769,43.526412],[16.492782,43.526412],[16.492791,43.526412],[16.492794,43.526411],[16.492794,43.526403],[16.492794,43.526394],[16.492794,43.526385],[16.492794,43.526376],[16.492782,43.526376],[16.492782,43.526367],[16.492782,43.526358],[16.492769,43.526358],[16.492769,43.526349],[16.492763,43.526337],[16.492757,43.526349],[16.492745,43.526349],[16.492732,43.526349],[16.49272,43.526349],[16.49272,43.526358],[16.49272,43.526376],[16.492732,43.526376],[16.492732,43.526385],[16.492732,43.526399],[16.492734,43.526403],[16.492745,43.526403],[16.492745,43.526412],[16.492745,43.52642],[16.492745,43.526421],[16.492757,43.526421],[16.492757,43.52643],[16.492769,43.52643],[16.492785,43.526425],[16.492769,43.526421]]]}},{"type":"Feature","properties":{"krov":"ROOF_FLAT","visina":3.7748,"kota_vrha":59.57377969},"geometry":{"type":"Polygon","coordinates":[[[16.502122,43.52643],[16.502118,43.526419],[16.502107,43.526427],[16.502122,43.52643]]]}},{"type":"Feature","properties":{"krov":"ROOF_FLAT","visina":3.7748,"kota_vrha":59.57377969},"geometry":{"type":"Polygon","coordinates":[[[16.502159,43.526421],[16.502159,43.526412],[16.502171,43.526412],[16.502171,43.526403],[16.502184,43.526403],[16.502196,43.526403],[16.502196,43.526403],[16.502196,43.526394],[16.502208,43.526394],[16.502208,43.526385],[16.502224,43.52638],[16.502208,43.526376],[16.502208,43.526358],[16.502196,43.526358],[16.502196,43.526349],[16.502184,43.526349],[16.502184,43.526331],[16.502171,43.526331],[16.502171,43.526322],[16.502159,43.526322],[16.502159,43.526313],[16.502159,43.526304],[16.502147,43.526304],[16.502147,43.526295],[16.502134,43.526295],[16.502134,43.526304],[16.502122,43.526304],[16.502122,43.526313],[16.502109,43.526313],[16.502109,43.526322],[16.502097,43.526322],[16.502097,43.526331],[16.502085,43.526331],[16.502085,43.52634],[16.502085,43.526349],[16.502085,43.526358],[16.502085,43.526367],[16.502097,43.526367],[16.502097,43.526376],[16.502097,43.526385],[16.502109,43.526385],[16.502109,43.526394],[16.502122,43.526394],[16.502122,43.526403],[16.502122,43.526412],[16.502134,43.526412],[16.502134,43.526421],[16.502147,43.526421],[16.502147,43.52643],[16.502159,43.52643],[16.502159,43.526421]]]}},{"type":"Feature","properties":{"krov":"ROOF_NOT_FLAT","visina":14.7514,"kota_vrha":72.45537969},"geometry":{"type":"Polygon","coordinates":[[[16.50323,43.526394],[16.503226,43.526387],[16.503222,43.526381],[16.503214,43.526367],[16.50321,43.526367],[16.50321,43.526361],[16.503203,43.526349],[16.503198,43.526349],[16.503198,43.52634],[16.503198,43.52634],[16.503186,43.52634],[16.503186,43.526349],[16.503161,43.526349],[16.503161,43.526358],[16.503149,43.526358],[16.503136,43.526358],[16.503112,43.526367],[16.503099,43.526367],[16.503099,43.526376],[16.503062,43.526376],[16.503062,43.526394],[16.503062,43.526403],[16.503062,43.526421],[16.503074,43.526421],[16.503074,43.52643],[16.503087,43.52643],[16.503099,43.52643],[16.503099,43.526421],[16.503112,43.526421],[16.503124,43.526421],[16.503136,43.526421],[16.503136,43.526412],[16.503149,43.526412],[16.503161,43.526412],[16.503161,43.526403],[16.503173,43.526403],[16.503186,43.526403],[16.503186,43.526394],[16.503198,43.526394],[16.50321,43.526394],[16.503223,43.526394],[16.50323,43.526394]]]}},{"type":"Feature","properties":{"krov":"ROOF_NOT_FLAT","visina":13.5839,"kota_vrha":71.34087969},"geometry":{"type":"MultiPolygon","coordinates":[[[[16.50321,43.526361],[16.50321,43.526358],[16.50321,43.526349],[16.503203,43.526349],[16.50321,43.526361]]],[[[16.503222,43.526381],[16.503226,43.526387],[16.50323,43.526394],[16.503235,43.526394],[16.503248,43.526394],[16.503248,43.526385],[16.503235,43.526385],[16.503235,43.526376],[16.503235,43.526367],[16.503223,43.526367],[16.503214,43.526367],[16.503222,43.526381]]]]}},{"type":"Feature","properties":{"krov":"ROOF_FLAT","visina":2.5694,"kota_vrha":36.88737969},"geometry":{"type":"Polygon","coordinates":[[[16.493165,43.526438],[16.493165,43.52643],[16.493178,43.52643],[16.49319,43.52643],[16.49319,43.526421],[16.49319,43.526412],[16.493178,43.526412],[16.493178,43.526403],[16.493178,43.526394],[16.493178,43.526385],[16.493165,43.526385],[16.493153,43.526385],[16.493153,43.526394],[16.49314,43.526394],[16.493128,43.526394],[16.493116,43.526394],[16.493116,43.526403],[16.493116,43.526412],[16.493116,43.526421],[16.493128,43.526421],[16.493128,43.52643],[16.493128,43.526439],[16.49314,43.526439],[16.493153,43.526439],[16.493162,43.526439],[16.493165,43.526438]]]}},{"type":"Feature","properties":{"krov":"ROOF_FLAT","visina":3.7748,"kota_vrha":59.57377969},"geometry":{"type":"Polygon","coordinates":[[[16.502122,43.52643],[16.502122,43.526439],[16.502134,43.526439],[16.502134,43.52643],[16.502122,43.52643]]]}},{"type":"Feature","properties":{"krov":"ROOF_NOT_FLAT","visina":3.3017,"kota_vrha":25.16567969},"geometry":{"type":"Polygon","coordinates":[[[16.49105,43.526447],[16.49105,43.526438],[16.491062,43.526438],[16.491074,43.526438],[16.491074,43.526429],[16.491062,43.526429],[16.491062,43.52642],[16.491078,43.526416],[16.491062,43.526411],[16.491056,43.5264],[16.49105,43.526411],[16.491037,43.526411],[16.491025,43.526411],[16.491025,43.52642],[16.491008,43.526429],[16.491025,43.526438],[16.491025,43.526447],[16.491037,43.526447],[16.49105,43.526447]]]}},{"type":"Feature","properties":{"krov":"ROOF_NOT_FLAT","visina":4.7515,"kota_vrha":44.14447969},"geometry":{"type":"Polygon","coordinates":[[[16.499474,43.526283],[16.499553,43.526284],[16.499556,43.526284],[16.499635,43.526285],[16.499635,43.526277],[16.499635,43.526268],[16.499635,43.526259],[16.499635,43.52625],[16.499635,43.526241],[16.499635,43.526232],[16.499635,43.526214],[16.499635,43.526205],[16.499635,43.526178],[16.499635,43.526151],[16.499586,43.526151],[16.499573,43.526151],[16.499561,43.526151],[16.499549,43.526151],[16.499524,43.526151],[16.499512,43.526151],[16.499499,43.526151],[16.499499,43.52616],[16.499487,43.52616],[16.499474,43.52616],[16.499474,43.526169],[16.499474,43.526178],[16.499474,43.526187],[16.499474,43.526196],[16.499474,43.526205],[16.499474,43.526223],[16.499474,43.526241],[16.499474,43.52625],[16.499474,43.526259],[16.499474,43.526268],[16.499474,43.526277],[16.499474,43.526283]]]}},{"type":"Feature","properties":{"krov":"ROOF_NOT_FLAT","visina":5.3596,"kota_vrha":45.12457969},"geometry":{"type":"Polygon","coordinates":[[[16.499635,43.526285],[16.499556,43.526284],[16.499553,43.526284],[16.499474,43.526283],[16.499474,43.526286],[16.499474,43.526295],[16.499474,43.526304],[16.499474,43.526358],[16.499474,43.526367],[16.499474,43.526448],[16.499487,43.526448],[16.499512,43.526448],[16.499536,43.526448],[16.499549,43.526448],[16.499561,43.526448],[16.499598,43.526448],[16.499623,43.526448],[16.499623,43.526349],[16.499623,43.52634],[16.499623,43.526322],[16.499635,43.526322],[16.499635,43.526295],[16.499635,43.526286],[16.499635,43.526285]]]}},{"type":"Feature","properties":{"krov":"ROOF_FLAT","visina":3.4466,"kota_vrha":59.96857969},"geometry":{"type":"Polygon","coordinates":[[[16.501879,43.526367],[16.501887,43.526375],[16.501887,43.526367],[16.501879,43.526367]]]}},{"type":"Feature","properties":{"krov":"ROOF_FLAT","visina":4.5512,"kota_vrha":60.45917969},"geometry":{"type":"Polygon","coordinates":[[[16.501844,43.526403],[16.5018,43.526356],[16.5018,43.526358],[16.501788,43.526358],[16.501775,43.526358],[16.501775,43.526367],[16.501763,43.526367],[16.501763,43.526376],[16.501751,43.526376],[16.501751,43.526385],[16.501738,43.526385],[16.501738,43.526386],[16.50178,43.52643],[16.501788,43.52643],[16.501788,43.526421],[16.5018,43.526421],[16.501813,43.526421],[16.501813,43.526412],[16.501825,43.526412],[16.501825,43.526403],[16.501837,43.526403],[16.501844,43.526403]]]}},{"type":"Feature","properties":{"krov":"ROOF_FLAT","visina":4.7942,"kota_vrha":60.68217969},"geometry":{"type":"Polygon","coordinates":[[[16.501887,43.526375],[16.501879,43.526367],[16.501874,43.526367],[16.501874,43.526362],[16.50187,43.526358],[16.501862,43.526358],[16.50185,43.526358],[16.50185,43.526349],[16.50185,43.52634],[16.501837,43.52634],[16.501825,43.52634],[16.501813,43.52634],[16.501813,43.526349],[16.5018,43.526349],[16.5018,43.526356],[16.501844,43.526403],[16.50185,43.526403],[16.50185,43.526394],[16.501862,43.526394],[16.501862,43.526385],[16.501874,43.526385],[16.501874,43.526376],[16.501887,43.526376],[16.501887,43.526375]]]}},{"type":"Feature","properties":{"krov":"ROOF_NOT_FLAT","visina":4.7316,"kota_vrha":60.63757969},"geometry":{"type":"Polygon","coordinates":[[[16.501737,43.526439],[16.501711,43.526412],[16.501701,43.526412],[16.501701,43.526421],[16.501701,43.52643],[16.501714,43.52643],[16.501714,43.526439],[16.501726,43.526439],[16.501737,43.526439]]]}},{"type":"Feature","properties":{"krov":"ROOF_NOT_FLAT","visina":4.3308,"kota_vrha":60.28077969},"geometry":{"type":"Polygon","coordinates":[[[16.50178,43.52643],[16.501738,43.526386],[16.501738,43.526394],[16.501726,43.526394],[16.501726,43.526403],[16.501714,43.526403],[16.501714,43.526412],[16.501711,43.526412],[16.501737,43.526439],[16.501738,43.526439],[16.501751,43.526439],[16.501763,43.526439],[16.501763,43.526448],[16.501775,43.526448],[16.501775,43.526439],[16.501775,43.52643],[16.50178,43.52643]]]}},{"type":"Feature","properties":{"krov":"ROOF_NOT_FLAT","visina":3.7438,"kota_vrha":59.61177969},"geometry":{"type":"Polygon","coordinates":[[[16.501755,43.526457],[16.501751,43.526453],[16.501751,43.526457],[16.501755,43.526457]]]}},{"type":"Feature","properties":{"krov":"ROOF_NOT_FLAT","visina":4.3308,"kota_vrha":60.28077969},"geometry":{"type":"Polygon","coordinates":[[[16.501763,43.526448],[16.501751,43.526448],[16.501751,43.526453],[16.501755,43.526457],[16.501763,43.526457],[16.501763,43.526448]]]}},{"type":"Feature","properties":{"krov":"ROOF_NOT_FLAT","visina":3.7438,"kota_vrha":59.61177969},"geometry":{"type":"Polygon","coordinates":[[[16.501726,43.526466],[16.501714,43.526466],[16.501701,43.526466],[16.501701,43.526475],[16.501714,43.526475],[16.501726,43.526475],[16.501726,43.526466]]]}},{"type":"Feature","properties":{"krov":"ROOF_FLAT","visina":3.4823,"kota_vrha":59.64227969},"geometry":{"type":"Polygon","coordinates":[[[16.503829,43.526473],[16.503829,43.526466],[16.503841,43.526466],[16.503852,43.526466],[16.503854,43.526465],[16.503854,43.526457],[16.503854,43.526448],[16.503854,43.526439],[16.503841,43.526439],[16.503841,43.52643],[16.503829,43.52643],[16.503817,43.52643],[16.503804,43.52643],[16.503804,43.526439],[16.503792,43.526439],[16.503792,43.526448],[16.503778,43.526452],[16.503779,43.526453],[16.503792,43.526457],[16.503792,43.526466],[16.503792,43.526475],[16.503804,43.526475],[16.503817,43.526475],[16.503824,43.526475],[16.503829,43.526473]]]}},{"type":"Feature","properties":{"krov":"ROOF_FLAT","visina":2.3105,"kota_vrha":21.45147969},"geometry":{"type":"Polygon","coordinates":[[[16.489825,43.526474],[16.489819,43.526463],[16.489813,43.526474],[16.4898,43.526474],[16.4898,43.526483],[16.489813,43.526483],[16.489825,43.526483],[16.489825,43.526474]]]}},{"type":"Feature","properties":{"krov":"ROOF_NOT_FLAT","visina":3.5536,"kota_vrha":36.31357969},"geometry":{"type":"Polygon","coordinates":[[[16.492819,43.526483],[16.492819,43.526475],[16.492831,43.526475],[16.492831,43.526466],[16.492831,43.526457],[16.492843,43.526457],[16.492843,43.526448],[16.492843,43.526439],[16.492831,43.526439],[16.492819,43.526439],[16.492819,43.526448],[16.492806,43.526448],[16.492794,43.526448],[16.492794,43.526457],[16.492782,43.526457],[16.492769,43.526457],[16.492769,43.526475],[16.492769,43.526484],[16.492782,43.526484],[16.492794,43.526484],[16.492806,43.526484],[16.492818,43.526484],[16.492819,43.526483]]]}},{"type":"Feature","properties":{"krov":"ROOF_NOT_FLAT","visina":14.1353,"kota_vrha":71.38727969},"geometry":{"type":"Polygon","coordinates":[[[16.502914,43.526484],[16.502914,43.526475],[16.502926,43.526475],[16.502938,43.526475],[16.502938,43.526466],[16.502951,43.526466],[16.502963,43.526466],[16.502975,43.526466],[16.502975,43.526457],[16.502988,43.526457],[16.503,43.526457],[16.503013,43.526457],[16.503013,43.526448],[16.503013,43.526439],[16.503013,43.52643],[16.503,43.52643],[16.503,43.526421],[16.503,43.526412],[16.502975,43.526412],[16.502955,43.526415],[16.502938,43.526421],[16.502926,43.526421],[16.502926,43.52643],[16.502901,43.52643],[16.502901,43.526439],[16.502889,43.526439],[16.502876,43.526439],[16.502876,43.526448],[16.502876,43.526457],[16.502876,43.526466],[16.502889,43.526466],[16.502889,43.526475],[16.502889,43.526484],[16.502901,43.526484],[16.502914,43.526484]]]}},{"type":"Feature","properties":{"krov":"ROOF_FLAT","visina":3.2288,"kota_vrha":60.16677969},"geometry":{"type":"MultiPolygon","coordinates":[[[[16.503582,43.526376],[16.503582,43.526378],[16.503594,43.526376],[16.503582,43.526376]]]]}},{"type":"Feature","properties":{"krov":"ROOF_NOT_FLAT","visina":7.5027,"kota_vrha":63.97167969},"geometry":{"type":"Polygon","coordinates":[[[16.503567,43.526475],[16.503565,43.526466],[16.503557,43.526466],[16.503545,43.526466],[16.503545,43.526457],[16.503545,43.526448],[16.503557,43.526448],[16.503557,43.526457],[16.503563,43.526457],[16.503561,43.526447],[16.503564,43.526446],[16.503619,43.526439],[16.503619,43.526439],[16.503606,43.526439],[16.503594,43.526439],[16.503582,43.526439],[16.503569,43.526439],[16.503557,43.526439],[16.503557,43.52643],[16.503558,43.52643],[16.503557,43.526428],[16.503555,43.526417],[16.50356,43.526416],[16.503555,43.526394],[16.503545,43.526394],[16.503532,43.526394],[16.503528,43.526394],[16.503527,43.526394],[16.50352,43.526395],[16.50352,43.526403],[16.50352,43.526412],[16.50352,43.526421],[16.50352,43.52643],[16.50352,43.526434],[16.503521,43.526433],[16.503525,43.526446],[16.50352,43.526447],[16.50352,43.526448],[16.503532,43.526448],[16.503532,43.526457],[16.503532,43.526466],[16.503532,43.526475],[16.503532,43.526484],[16.503545,43.526484],[16.503545,43.526475],[16.503557,43.526475],[16.503567,43.526475]]]}},{"type":"Feature","properties":{"krov":"ROOF_NOT_FLAT","visina":7.7524,"kota_vrha":64.40037969},"geometry":{"type":"Polygon","coordinates":[[[16.503594,43.526376],[16.503582,43.526378],[16.503582,43.526385],[16.503569,43.526385],[16.503557,43.526385],[16.503557,43.526394],[16.503555,43.526394],[16.50356,43.526416],[16.503555,43.526417],[16.503557,43.526428],[16.503558,43.52643],[16.503569,43.52643],[16.503569,43.526421],[16.503582,43.526421],[16.503594,43.526421],[16.503606,43.526421],[16.503606,43.526412],[16.503606,43.526403],[16.503606,43.526394],[16.503606,43.526385],[16.503594,43.526385],[16.503594,43.526376]]]}},{"type":"Feature","properties":{"krov":"ROOF_NOT_FLAT","visina":8.0095,"kota_vrha":64.49147969},"geometry":{"type":"Polygon","coordinates":[[[16.503619,43.526439],[16.503564,43.526446],[16.503561,43.526447],[16.503563,43.526457],[16.503569,43.526457],[16.503569,43.526466],[16.503565,43.526466],[16.503567,43.526475],[16.503569,43.526475],[16.503582,43.526475],[16.503594,43.526475],[16.503619,43.526475],[16.503619,43.526466],[16.503619,43.526457],[16.503619,43.526448],[16.503619,43.526439]]]}},{"type":"Feature","properties":{"krov":"ROOF_NOT_FLAT","visina":10.1909,"kota_vrha":43.78687969},"geometry":{"type":"Polygon","coordinates":[[[16.49292,43.526443],[16.49293,43.52644],[16.492958,43.526451],[16.492951,43.526466],[16.492955,43.526466],[16.492955,43.526475],[16.492942,43.526475],[16.492942,43.526483],[16.492943,43.526484],[16.492955,43.526484],[16.492962,43.526494],[16.493,43.526481],[16.493004,43.526475],[16.493017,43.526475],[16.493029,43.526475],[16.493054,43.526466],[16.493054,43.526448],[16.493054,43.526439],[16.493041,43.526439],[16.493041,43.52643],[16.493041,43.526421],[16.493029,43.526421],[16.493029,43.526403],[16.493029,43.526394],[16.493017,43.526394],[16.493011,43.526382],[16.493004,43.526394],[16.492992,43.526394],[16.49298,43.526394],[16.492967,43.526394],[16.492967,43.526403],[16.492955,43.526403],[16.492942,43.526403],[16.492942,43.526412],[16.492918,43.526412],[16.492918,43.526421],[16.492918,43.52643],[16.492918,43.526439],[16.492918,43.526439],[16.49292,43.526443]]]}},{"type":"Feature","properties":{"krov":"ROOF_NOT_FLAT","visina":8.9282,"kota_vrha":42.66217969},"geometry":{"type":"Polygon","coordinates":[[[16.49292,43.526443],[16.492918,43.526444],[16.492918,43.526448],[16.492918,43.526457],[16.492918,43.526466],[16.49293,43.526466],[16.492942,43.526466],[16.492951,43.526466],[16.492958,43.526451],[16.49293,43.52644],[16.49292,43.526443]]]}},{"type":"Feature","properties":{"krov":"ROOF_FLAT","visina":2.3105,"kota_vrha":21.45147969},"geometry":{"type":"Polygon","coordinates":[[[16.489837,43.526492],[16.489825,43.526492],[16.489825,43.526501],[16.489837,43.526501],[16.489837,43.526492]]]}},{"type":"Feature","properties":{"krov":"ROOF_NOT_FLAT","visina":10.3482,"kota_vrha":65.36617969},"geometry":{"type":"Polygon","coordinates":[[[16.501379,43.526475],[16.501337,43.526428],[16.501305,43.526394],[16.501293,43.526394],[16.501293,43.526403],[16.501266,43.526407],[16.501256,43.526421],[16.501231,43.526421],[16.501231,43.52643],[16.501248,43.526436],[16.501256,43.526448],[16.501256,43.526457],[16.501268,43.526457],[16.501268,43.526466],[16.501281,43.526466],[16.501281,43.526493],[16.501293,43.526493],[16.501293,43.526502],[16.501305,43.526502],[16.501305,43.526493],[16.501318,43.526493],[16.50133,43.526493],[16.50133,43.526484],[16.501342,43.526484],[16.501355,43.526484],[16.501364,43.526484],[16.501367,43.526482],[16.501367,43.526475],[16.501379,43.526475]]]}},{"type":"Feature","properties":{"krov":"ROOF_NOT_FLAT","visina":9.4004,"kota_vrha":64.47537969},"geometry":{"type":"Polygon","coordinates":[[[16.501429,43.526381],[16.501415,43.526388],[16.501386,43.526359],[16.501385,43.526358],[16.50138,43.526358],[16.501367,43.526358],[16.501323,43.526379],[16.501318,43.526385],[16.501305,43.526385],[16.501305,43.526394],[16.501305,43.526394],[16.501337,43.526428],[16.501379,43.526475],[16.50138,43.526475],[16.501387,43.526475],[16.501392,43.526472],[16.501392,43.526466],[16.501404,43.526466],[16.501404,43.526457],[16.501425,43.526457],[16.501429,43.526455],[16.501429,43.526448],[16.50147,43.526433],[16.501462,43.526415],[16.501454,43.526412],[16.501454,43.526403],[16.501441,43.526403],[16.501441,43.526394],[16.501441,43.526385],[16.501429,43.526385],[16.501429,43.526381]]]}},{"type":"Feature","properties":{"krov":"ROOF_NOT_FLAT","visina":8.5643,"kota_vrha":63.65527969},"geometry":{"type":"Polygon","coordinates":[[[16.501429,43.526381],[16.501429,43.526376],[16.501417,43.526376],[16.501417,43.526367],[16.501404,43.526367],[16.501404,43.526358],[16.501392,43.526358],[16.501388,43.526358],[16.501386,43.526359],[16.501415,43.526388],[16.501429,43.526381]]]}},{"type":"Feature","properties":{"krov":"ROOF_NOT_FLAT","visina":16.2136,"kota_vrha":72.53257969},"geometry":{"type":"Polygon","coordinates":[[[16.502611,43.526504],[16.502617,43.526493],[16.502629,43.526493],[16.502641,43.526493],[16.502654,43.526493],[16.502654,43.526484],[16.502666,43.526484],[16.502679,43.526484],[16.502691,43.526484],[16.502703,43.526484],[16.502703,43.526475],[16.502716,43.526475],[16.502728,43.526475],[16.50274,43.526475],[16.50274,43.526466],[16.50274,43.526457],[16.50274,43.526439],[16.502728,43.526439],[16.502728,43.52643],[16.502703,43.52643],[16.502691,43.52643],[16.502691,43.526439],[16.502679,43.526439],[16.502654,43.526439],[16.502654,43.526448],[16.502592,43.526448],[16.502592,43.526457],[16.502592,43.526475],[16.502592,43.526484],[16.502604,43.526484],[16.502604,43.526493],[16.502611,43.526504]]]}},{"type":"Feature","properties":{"krov":"ROOF_NOT_FLAT","visina":6.1524,"kota_vrha":25.24737969},"geometry":{"type":"Polygon","coordinates":[[[16.489751,43.52651],[16.489751,43.526501],[16.489763,43.526501],[16.489775,43.526501],[16.489788,43.526501],[16.489788,43.526492],[16.489788,43.526483],[16.489775,43.526483],[16.489763,43.526483],[16.489751,43.526483],[16.489738,43.526483],[16.489726,43.526483],[16.489726,43.526492],[16.489714,43.526492],[16.489701,43.526492],[16.489701,43.526501],[16.489701,43.52651],[16.489714,43.52651],[16.489726,43.52651],[16.489738,43.52651],[16.489751,43.52651]]]}},{"type":"Feature","properties":{"krov":"ROOF_FLAT","visina":2.6509,"kota_vrha":43.71787969},"geometry":{"type":"Polygon","coordinates":[[[16.499639,43.526457],[16.499639,43.526457],[16.499635,43.526457],[16.499635,43.526466],[16.499623,43.526466],[16.499623,43.526475],[16.499623,43.526484],[16.499623,43.526493],[16.499623,43.526511],[16.49966,43.526511],[16.499672,43.526511],[16.499672,43.526493],[16.499672,43.526466],[16.499648,43.526466],[16.499648,43.526457],[16.499639,43.526457]]]}},{"type":"Feature","properties":{"krov":"ROOF_FLAT","visina":3.9162,"kota_vrha":60.02717969},"geometry":{"type":"Polygon","coordinates":[[[16.503643,43.526502],[16.503631,43.526502],[16.503631,43.526511],[16.503643,43.526511],[16.503643,43.526502]]]}},{"type":"Feature","properties":{"krov":"ROOF_NOT_FLAT","visina":3.7428,"kota_vrha":43.49177969},"geometry":{"type":"Polygon","coordinates":[[[16.49924,43.526493],[16.499239,43.526501],[16.499239,43.526502],[16.499239,43.526511],[16.499239,43.52652],[16.499252,43.52652],[16.499264,43.52652],[16.499264,43.526511],[16.499264,43.526502],[16.499252,43.526502],[16.499252,43.526493],[16.49924,43.526493]]]}},{"type":"Feature","properties":{"krov":"ROOF_NOT_FLAT","visina":4.1186,"kota_vrha":43.85457969},"geometry":{"type":"Polygon","coordinates":[[[16.49924,43.526493],[16.499239,43.526493],[16.499239,43.526501],[16.49924,43.526493]]]}},{"type":"Feature","properties":{"krov":"ROOF_NOT_FLAT","visina":2.5323,"kota_vrha":24.17627969},"geometry":{"type":"Polygon","coordinates":[[[16.491161,43.52651],[16.491161,43.526501],[16.491149,43.526501],[16.491136,43.526501],[16.491136,43.52651],[16.491124,43.52651],[16.491124,43.526519],[16.491124,43.526528],[16.491136,43.526528],[16.491149,43.526528],[16.49116,43.526528],[16.491161,43.526528],[16.491161,43.526519],[16.491161,43.52651]]]}},{"type":"Feature","properties":{"krov":"ROOF_FLAT","visina":6.4952,"kota_vrha":58.30417969},"geometry":{"type":"Polygon","coordinates":[[[16.500915,43.526453],[16.500891,43.526424],[16.50086,43.526439],[16.500794,43.526471],[16.500843,43.526523],[16.500872,43.526529],[16.500952,43.526489],[16.500915,43.526453]]]}},{"type":"Feature","properties":{"krov":"ROOF_NOT_FLAT","visina":8.8767,"kota_vrha":63.60367969},"geometry":{"type":"Polygon","coordinates":[[[16.501342,43.526538],[16.501342,43.526529],[16.501363,43.526529],[16.501367,43.526527],[16.501367,43.52652],[16.501383,43.526515],[16.501367,43.526511],[16.501367,43.526502],[16.501355,43.526502],[16.501355,43.526511],[16.501342,43.526511],[16.50133,43.526511],[16.50133,43.52652],[16.501318,43.52652],[16.501318,43.526529],[16.501318,43.526537],[16.501319,43.526538],[16.50133,43.526538],[16.501342,43.526538]]]}},{"type":"Feature","properties":{"krov":"ROOF_FLAT","visina":3.263,"kota_vrha":59.46997969},"geometry":{"type":"Polygon","coordinates":[[[16.503463,43.526511],[16.503466,43.526529],[16.50347,43.526529],[16.503483,43.526529],[16.503499,43.526524],[16.503483,43.52652],[16.50347,43.52652],[16.50347,43.526511],[16.503463,43.526511]]]}},{"type":"Feature","properties":{"krov":"ROOF_NOT_FLAT","visina":4.2247,"kota_vrha":60.55567969},"geometry":{"type":"Polygon","coordinates":[[[16.503466,43.526529],[16.503463,43.526511],[16.503458,43.526511],[16.503446,43.526511],[16.503438,43.526511],[16.503442,43.526529],[16.503446,43.526529],[16.503458,43.526529],[16.503466,43.526529]]]}},{"type":"Feature","properties":{"krov":"ROOF_NOT_FLAT","visina":3.989,"kota_vrha":60.45697969},"geometry":{"type":"Polygon","coordinates":[[[16.503442,43.526529],[16.503438,43.526511],[16.503433,43.526511],[16.503433,43.52652],[16.503421,43.52652],[16.503408,43.52652],[16.503408,43.526529],[16.503408,43.526538],[16.503421,43.526538],[16.503433,43.526538],[16.503433,43.526529],[16.503442,43.526529]]]}},{"type":"Feature","properties":{"krov":"ROOF_FLAT","visina":6.3172,"kota_vrha":62.20617969},"geometry":{"type":"MultiPolygon","coordinates":[[[[16.504262,43.526457],[16.50425,43.526457],[16.50425,43.52646],[16.504273,43.526457],[16.504262,43.526457]]],[[[16.504237,43.526457],[16.504225,43.526457],[16.504213,43.526457],[16.504213,43.526466],[16.504237,43.526462],[16.504237,43.526457]]],[[[16.5042,43.526466],[16.504188,43.526466],[16.504188,43.52647],[16.504213,43.526466],[16.5042,43.526466]]],[[[16.504173,43.526472],[16.504175,43.526471],[16.504175,43.526466],[16.504163,43.526466],[16.504151,43.526466],[16.504151,43.526475],[16.504151,43.526478],[16.504174,43.526474],[16.504173,43.526472]]]]}},{"type":"Feature","properties":{"krov":"ROOF_NOT_FLAT","visina":10.4057,"kota_vrha":65.61767969},"geometry":{"type":"Polygon","coordinates":[[[16.504189,43.526529],[16.504186,43.526516],[16.504184,43.526511],[16.504175,43.526511],[16.504175,43.526502],[16.504175,43.526493],[16.504179,43.526493],[16.504174,43.526474],[16.504151,43.526478],[16.504151,43.526484],[16.504151,43.526493],[16.504163,43.526493],[16.504163,43.526502],[16.504163,43.526511],[16.504163,43.52652],[16.504163,43.526529],[16.504175,43.526529],[16.504175,43.526538],[16.504188,43.526538],[16.504188,43.526529],[16.504189,43.526529]]]}},{"type":"Feature","properties":{"krov":"ROOF_NOT_FLAT","visina":11.0926,"kota_vrha":66.14257969},"geometry":{"type":"Polygon","coordinates":[[[16.504273,43.526457],[16.50425,43.52646],[16.50425,43.526466],[16.504237,43.526466],[16.504237,43.526462],[16.504188,43.52647],[16.504188,43.526475],[16.504175,43.526475],[16.504175,43.526471],[16.504173,43.526472],[16.504174,43.526474],[16.504179,43.526493],[16.504188,43.526493],[16.504188,43.526502],[16.504188,43.526511],[16.504184,43.526511],[16.504186,43.526516],[16.504189,43.526529],[16.5042,43.526529],[16.5042,43.52652],[16.504213,43.52652],[16.504225,43.52652],[16.504237,43.52652],[16.504237,43.526511],[16.50425,43.526511],[16.504262,43.526511],[16.504274,43.526511],[16.504287,43.526511],[16.504287,43.526502],[16.504287,43.526493],[16.504287,43.526475],[16.504274,43.526475],[16.504274,43.526466],[16.504274,43.526457],[16.504273,43.526457]]]}},{"type":"Feature","properties":{"krov":"ROOF_FLAT","visina":2.7275,"kota_vrha":58.89047969},"geometry":{"type":"Polygon","coordinates":[[[16.503972,43.52654],[16.503978,43.526529],[16.50399,43.526529],[16.504002,43.526529],[16.504015,43.526529],[16.504015,43.52652],[16.504015,43.526511],[16.504002,43.526511],[16.504002,43.526502],[16.50399,43.526502],[16.503978,43.526502],[16.503978,43.526511],[16.503965,43.526511],[16.503953,43.526511],[16.503953,43.52652],[16.503953,43.526529],[16.503965,43.526529],[16.503971,43.52654],[16.503972,43.52654]]]}},{"type":"Feature","properties":{"krov":"ROOF_FLAT","visina":2.6159,"kota_vrha":22.40687969},"geometry":{"type":"Polygon","coordinates":[[[16.489763,43.526555],[16.489763,43.526546],[16.489775,43.526546],[16.489788,43.526546],[16.4898,43.526546],[16.4898,43.526537],[16.4898,43.526528],[16.489788,43.526528],[16.489788,43.526537],[16.489775,43.526537],[16.489763,43.526537],[16.489751,43.526537],[16.489751,43.526546],[16.489738,43.526546],[16.489726,43.526546],[16.489714,43.526546],[16.489714,43.526555],[16.489726,43.526555],[16.489738,43.526555],[16.489751,43.526555],[16.489763,43.526555]]]}},{"type":"Feature","properties":{"krov":"ROOF_NOT_FLAT","visina":3.0496,"kota_vrha":36.95357969},"geometry":{"type":"Polygon","coordinates":[[[16.493215,43.526556],[16.493215,43.526547],[16.493202,43.526547],[16.493202,43.526556],[16.493215,43.526556]]]}},{"type":"Feature","properties":{"krov":"ROOF_NOT_FLAT","visina":3.0496,"kota_vrha":36.95357969},"geometry":{"type":"Polygon","coordinates":[[[16.493215,43.526556],[16.493215,43.526565],[16.493227,43.526565],[16.493227,43.526556],[16.493215,43.526556]]]}},{"type":"Feature","properties":{"krov":"ROOF_NOT_FLAT","visina":3.9389,"kota_vrha":38.85887969},"geometry":{"type":"Polygon","coordinates":[[[16.494464,43.526473],[16.494452,43.526529],[16.494452,43.526538],[16.49445,43.526538],[16.494444,43.526565],[16.494452,43.526565],[16.494464,43.526565],[16.494476,43.526565],[16.494476,43.526556],[16.494476,43.526547],[16.494476,43.526538],[16.494489,43.526538],[16.494489,43.526529],[16.494489,43.52652],[16.494489,43.526511],[16.494489,43.526502],[16.494489,43.526493],[16.494489,43.526484],[16.494489,43.526475],[16.494476,43.526475],[16.494476,43.526484],[16.494476,43.526493],[16.494476,43.526502],[16.494464,43.526502],[16.494464,43.526493],[16.494464,43.526484],[16.494464,43.526475],[16.494464,43.526473]],[[16.494464,43.526547],[16.494464,43.526556],[16.494452,43.526556],[16.494452,43.526547],[16.494464,43.526547]]]}},{"type":"Feature","properties":{"krov":"ROOF_NOT_FLAT","visina":2.5758,"kota_vrha":37.38977969},"geometry":{"type":"MultiPolygon","coordinates":[[[[16.494464,43.526473],[16.494464,43.526466],[16.494452,43.526466],[16.494439,43.526466],[16.494439,43.526491],[16.494445,43.526492],[16.494443,43.526502],[16.494452,43.526502],[16.494452,43.526511],[16.494452,43.52652],[16.494452,43.526529],[16.494452,43.526529],[16.494464,43.526473]]],[[[16.49445,43.526538],[16.494439,43.526538],[16.494439,43.526547],[16.494439,43.526556],[16.494439,43.526565],[16.494444,43.526565],[16.49445,43.526538]]]]}},{"type":"Feature","properties":{"krov":"ROOF_FLAT","visina":6.835,"kota_vrha":43.42397969},"geometry":{"type":"Polygon","coordinates":[[[16.495372,43.52652],[16.495383,43.526463],[16.495298,43.526453],[16.495293,43.526448],[16.495257,43.526452],[16.495264,43.526483],[16.495255,43.526488],[16.495254,43.526494],[16.495247,43.526493],[16.495223,43.526506],[16.495233,43.526516],[16.495246,43.526518],[16.495244,43.526527],[16.495261,43.526543],[16.495312,43.526551],[16.495353,43.526569],[16.495379,43.526559],[16.495372,43.52652]]]}},{"type":"Feature","properties":{"krov":"ROOF_NOT_FLAT","visina":5.4611,"kota_vrha":61.83407969},"geometry":{"type":"Polygon","coordinates":[[[16.502493,43.526565],[16.502487,43.526553],[16.502481,43.526565],[16.502487,43.526576],[16.502493,43.526565]]]}},{"type":"Feature","properties":{"krov":"ROOF_NOT_FLAT","visina":3.0496,"kota_vrha":36.95357969},"geometry":{"type":"Polygon","coordinates":[[[16.493239,43.526574],[16.493227,43.526574],[16.493227,43.526583],[16.493239,43.526583],[16.493239,43.526574]]]}},{"type":"Feature","properties":{"krov":"ROOF_FLAT","visina":4.5851,"kota_vrha":43.53207969},"geometry":{"type":"Polygon","coordinates":[[[16.49898,43.526574],[16.49898,43.526565],[16.498967,43.526565],[16.498955,43.526565],[16.498942,43.526565],[16.498942,43.526574],[16.49893,43.526574],[16.498905,43.526574],[16.498881,43.526574],[16.498868,43.526574],[16.498843,43.526574],[16.498831,43.526574],[16.498819,43.526574],[16.498819,43.526565],[16.498794,43.526565],[16.498782,43.526565],[16.498782,43.526574],[16.498769,43.526574],[16.498757,43.526574],[16.498757,43.526583],[16.498757,43.526592],[16.498769,43.526592],[16.498782,43.526592],[16.498794,43.526592],[16.498806,43.526592],[16.498819,43.526592],[16.498819,43.526601],[16.498831,43.526601],[16.498856,43.526601],[16.498881,43.526601],[16.498905,43.526601],[16.498918,43.526601],[16.49893,43.526601],[16.498942,43.526601],[16.498955,43.526601],[16.498967,43.526601],[16.49898,43.526601],[16.49898,43.526592],[16.49898,43.526583],[16.49898,43.526574]]]}},{"type":"Feature","properties":{"krov":"ROOF_NOT_FLAT","visina":10.9627,"kota_vrha":47.45867969},"geometry":{"type":"Polygon","coordinates":[[[16.498868,43.526237],[16.498806,43.526236],[16.498806,43.526241],[16.498794,43.526241],[16.498794,43.52625],[16.498714,43.526245],[16.49848,43.526237],[16.498472,43.526277],[16.498472,43.526349],[16.498472,43.526412],[16.498497,43.526412],[16.498497,43.526421],[16.498509,43.526421],[16.498509,43.52643],[16.498522,43.52643],[16.498522,43.526439],[16.498522,43.526448],[16.498522,43.526484],[16.498515,43.526587],[16.498608,43.526592],[16.498683,43.526592],[16.498707,43.526592],[16.49872,43.526592],[16.49872,43.526583],[16.49872,43.526574],[16.49872,43.526565],[16.49872,43.526556],[16.49872,43.526547],[16.49872,43.526538],[16.49872,43.526529],[16.498707,43.526529],[16.498707,43.52652],[16.498695,43.52652],[16.498695,43.526511],[16.498695,43.526502],[16.498695,43.526493],[16.498683,43.526493],[16.498683,43.526484],[16.498683,43.526466],[16.498683,43.526457],[16.498683,43.526448],[16.498695,43.526448],[16.498695,43.526439],[16.498695,43.52643],[16.498707,43.52643],[16.498707,43.526421],[16.49872,43.526421],[16.498732,43.526421],[16.498732,43.52643],[16.498733,43.52643],[16.498734,43.52642],[16.498734,43.526417],[16.498992,43.52642],[16.498992,43.526421],[16.499004,43.526421],[16.499004,43.52643],[16.499017,43.52643],[16.499029,43.52643],[16.499029,43.526439],[16.499029,43.526448],[16.499029,43.526457],[16.499041,43.526457],[16.499041,43.526466],[16.499041,43.526475],[16.499041,43.526484],[16.499041,43.526493],[16.499041,43.526502],[16.499041,43.526511],[16.499041,43.52652],[16.499041,43.526538],[16.499041,43.526547],[16.499041,43.526556],[16.499041,43.526565],[16.499041,43.526574],[16.499041,43.526583],[16.499041,43.526592],[16.499041,43.526601],[16.499054,43.526601],[16.499091,43.526601],[16.499165,43.526601],[16.499178,43.526601],[16.49919,43.526601],[16.499202,43.526601],[16.499202,43.526592],[16.499202,43.526583],[16.499202,43.526484],[16.499202,43.526475],[16.499202,43.526448],[16.499202,43.526439],[16.499215,43.526439],[16.499216,43.526434],[16.499227,43.526434],[16.499227,43.52643],[16.499252,43.52643],[16.499252,43.526421],[16.499252,43.526349],[16.499252,43.526277],[16.499268,43.526254],[16.499227,43.52625],[16.498942,43.52625],[16.498942,43.526241],[16.49893,43.526241],[16.498918,43.526241],[16.498918,43.526238],[16.498868,43.526237]]]}},{"type":"Feature","properties":{"krov":"ROOF_NOT_FLAT","visina":6.724,"kota_vrha":44.36197969},"geometry":{"type":"Polygon","coordinates":[[[16.498806,43.526236],[16.498868,43.526237],[16.498918,43.526238],[16.498918,43.526232],[16.498918,43.526223],[16.498918,43.526214],[16.498918,43.526205],[16.498918,43.526196],[16.498918,43.526187],[16.498918,43.526169],[16.498918,43.526151],[16.498893,43.526151],[16.498881,43.526151],[16.498868,43.526151],[16.498856,43.526151],[16.498819,43.526151],[16.498819,43.526196],[16.498819,43.526205],[16.498819,43.526214],[16.498819,43.526223],[16.498819,43.526232],[16.498806,43.526232],[16.498806,43.526236]]]}},{"type":"Feature","properties":{"krov":"ROOF_NOT_FLAT","visina":11.055,"kota_vrha":49.80597969},"geometry":{"type":"Polygon","coordinates":[[[16.498992,43.52643],[16.498992,43.526423],[16.498992,43.52642],[16.498734,43.526417],[16.498734,43.52642],[16.498733,43.52643],[16.498745,43.52643],[16.49875,43.526498],[16.498819,43.526511],[16.498843,43.526511],[16.498856,43.526511],[16.498918,43.526511],[16.49898,43.526511],[16.49898,43.52643],[16.498992,43.52643]]]}},{"type":"Feature","properties":{"krov":"ROOF_NOT_FLAT","visina":5.4611,"kota_vrha":61.83407969},"geometry":{"type":"Polygon","coordinates":[[[16.502505,43.526583],[16.502493,43.526583],[16.502493,43.526592],[16.502493,43.526601],[16.502505,43.526601],[16.502505,43.526592],[16.502505,43.526583]]]}},{"type":"Feature","properties":{"krov":"ROOF_NOT_FLAT","visina":9.8416,"kota_vrha":43.76557969},"geometry":{"type":"Polygon","coordinates":[[[16.493178,43.526588],[16.493176,43.526586],[16.493165,43.526583],[16.493165,43.526574],[16.493177,43.526574],[16.493177,43.526565],[16.493177,43.526556],[16.493165,43.526556],[16.493165,43.526547],[16.493146,43.526541],[16.493085,43.526568],[16.493079,43.526574],[16.493079,43.526583],[16.493091,43.526583],[16.493091,43.526592],[16.493091,43.526601],[16.493103,43.526601],[16.493116,43.526601],[16.493122,43.526612],[16.493128,43.526601],[16.49314,43.526601],[16.49314,43.526592],[16.493153,43.526592],[16.493165,43.526592],[16.493178,43.526588]]]}},{"type":"Feature","properties":{"krov":"ROOF_NOT_FLAT","visina":9.1181,"kota_vrha":43.08907969},"geometry":{"type":"Polygon","coordinates":[[[16.493176,43.526586],[16.493178,43.526588],[16.493181,43.526587],[16.493176,43.526586]]]}},{"type":"Feature","properties":{"krov":"ROOF_FLAT","visina":3.7748,"kota_vrha":59.57377969},"geometry":{"type":"Polygon","coordinates":[[[16.502018,43.52634],[16.502023,43.526345],[16.502023,43.52634],[16.502018,43.52634]]]}},{"type":"Feature","properties":{"krov":"ROOF_NOT_FLAT","visina":8.6175,"kota_vrha":64.12747969},"geometry":{"type":"Polygon","coordinates":[[[16.502023,43.526345],[16.502018,43.52634],[16.50201,43.52634],[16.501998,43.52634],[16.501998,43.526349],[16.501986,43.526349],[16.501986,43.526358],[16.501973,43.526358],[16.501961,43.526358],[16.501961,43.526367],[16.501949,43.526367],[16.501949,43.526376],[16.501936,43.526376],[16.501936,43.526385],[16.501912,43.526385],[16.501912,43.526394],[16.501879,43.526406],[16.501874,43.526412],[16.50185,43.526421],[16.501837,43.526421],[16.501837,43.52643],[16.501821,43.526436],[16.501813,43.526448],[16.5018,43.526448],[16.501788,43.526448],[16.501785,43.526448],[16.501775,43.526453],[16.501775,43.526457],[16.501767,43.526457],[16.501763,43.526459],[16.501763,43.526466],[16.501751,43.526466],[16.501751,43.526465],[16.501738,43.526472],[16.501738,43.526475],[16.501738,43.526484],[16.501726,43.526484],[16.501715,43.526484],[16.501714,43.526484],[16.501714,43.526493],[16.501726,43.526493],[16.501732,43.526513],[16.501751,43.52652],[16.501751,43.526537],[16.501751,43.526538],[16.501763,43.526538],[16.501763,43.526547],[16.501775,43.526547],[16.501775,43.526556],[16.501775,43.526563],[16.501778,43.526565],[16.501788,43.526565],[16.501788,43.526574],[16.5018,43.526574],[16.5018,43.526583],[16.501813,43.526583],[16.501813,43.526601],[16.501813,43.526601],[16.501825,43.526601],[16.501837,43.526613],[16.50185,43.526601],[16.501862,43.526601],[16.501873,43.526601],[16.501874,43.5266],[16.501874,43.526592],[16.501887,43.526592],[16.501887,43.526583],[16.501899,43.526583],[16.501908,43.526583],[16.501912,43.526581],[16.501912,43.526574],[16.501924,43.526574],[16.501924,43.526565],[16.501936,43.526565],[16.501936,43.526556],[16.501949,43.526556],[16.501961,43.526556],[16.501961,43.526547],[16.501973,43.526547],[16.501973,43.526538],[16.501986,43.526538],[16.501996,43.526538],[16.501998,43.526537],[16.501998,43.526529],[16.502011,43.526529],[16.502011,43.52652],[16.502023,43.52652],[16.502031,43.52652],[16.502035,43.526518],[16.502035,43.526511],[16.502048,43.526511],[16.502048,43.526502],[16.50206,43.526502],[16.50206,43.526493],[16.502072,43.526493],[16.502084,43.526493],[16.502085,43.526493],[16.502085,43.526484],[16.502097,43.526484],[16.502097,43.526475],[16.502109,43.526475],[16.502119,43.526475],[16.502122,43.526474],[16.502122,43.526466],[16.502122,43.526457],[16.502109,43.526457],[16.502109,43.526448],[16.502109,43.526439],[16.502097,43.526439],[16.502097,43.52643],[16.502085,43.52643],[16.502085,43.526421],[16.502085,43.526412],[16.502072,43.526412],[16.502072,43.526403],[16.50206,43.526403],[16.50206,43.526394],[16.502048,43.526394],[16.502048,43.526385],[16.502048,43.526376],[16.502035,43.526376],[16.502035,43.526367],[16.502023,43.526367],[16.502023,43.526358],[16.502023,43.526349],[16.502023,43.526345]]]}},{"type":"Feature","properties":{"krov":"ROOF_NOT_FLAT","visina":3.7438,"kota_vrha":59.61177969},"geometry":{"type":"MultiPolygon","coordinates":[[[[16.501751,43.526457],[16.501738,43.526457],[16.501726,43.526457],[16.501726,43.526466],[16.501738,43.526466],[16.501738,43.526472],[16.501751,43.526465],[16.501751,43.526457]]]]}},{"type":"Feature","properties":{"krov":"ROOF_NOT_FLAT","visina":4.3308,"kota_vrha":60.28077969},"geometry":{"type":"MultiPolygon","coordinates":[[[[16.501785,43.526448],[16.501775,43.526448],[16.501775,43.526453],[16.501785,43.526448]]],[[[16.501767,43.526457],[16.501763,43.526457],[16.501763,43.526459],[16.501767,43.526457]]]]}},{"type":"Feature","properties":{"krov":"ROOF_NOT_FLAT","visina":9.8416,"kota_vrha":43.76557969},"geometry":{"type":"Polygon","coordinates":[[[16.493202,43.526618],[16.493188,43.526601],[16.493177,43.526601],[16.493162,43.526605],[16.493177,43.52661],[16.493177,43.526619],[16.49319,43.526619],[16.493202,43.526619],[16.493202,43.526618]]]}},{"type":"Feature","properties":{"krov":"ROOF_NOT_FLAT","visina":9.1181,"kota_vrha":43.08907969},"geometry":{"type":"Polygon","coordinates":[[[16.493188,43.526601],[16.493202,43.526618],[16.493202,43.52661],[16.493215,43.52661],[16.493215,43.526601],[16.493202,43.526601],[16.493196,43.526589],[16.49319,43.526601],[16.493188,43.526601]]]}},{"type":"Feature","properties":{"krov":"ROOF_FLAT","visina":4.327,"kota_vrha":59.70897969},"geometry":{"type":"Polygon","coordinates":[[[16.503854,43.526618],[16.503854,43.52661],[16.503839,43.526614],[16.50384,43.526615],[16.503853,43.526619],[16.503854,43.526618]]]}},{"type":"Feature","properties":{"krov":"ROOF_NOT_FLAT","visina":10.3977,"kota_vrha":65.51567969},"geometry":{"type":"Polygon","coordinates":[[[16.503854,43.526618],[16.503853,43.526619],[16.503854,43.526619],[16.503854,43.526618]]]}},{"type":"Feature","properties":{"krov":"ROOF_NOT_FLAT","visina":5.0839,"kota_vrha":42.44687969},"geometry":{"type":"Polygon","coordinates":[[[16.495293,43.52661],[16.495293,43.526601],[16.495305,43.526601],[16.495305,43.526592],[16.495293,43.526592],[16.495281,43.526592],[16.495281,43.526601],[16.495281,43.52661],[16.495287,43.526621],[16.495293,43.52661]]]}},{"type":"Feature","properties":{"krov":"ROOF_FLAT","visina":3.136,"kota_vrha":36.08897969},"geometry":{"type":"Polygon","coordinates":[[[16.492905,43.526628],[16.492905,43.526619],[16.492918,43.526619],[16.492929,43.526619],[16.49293,43.526618],[16.49293,43.52661],[16.492942,43.52661],[16.492942,43.526601],[16.492942,43.526592],[16.49293,43.526592],[16.49293,43.526583],[16.492918,43.526583],[16.492905,43.526583],[16.492905,43.526592],[16.492893,43.526592],[16.492881,43.526592],[16.492881,43.526601],[16.492865,43.526605],[16.492881,43.52661],[16.492881,43.526628],[16.492893,43.526628],[16.492905,43.526628]]]}},{"type":"Feature","properties":{"krov":"ROOF_NOT_FLAT","visina":5.8834,"kota_vrha":43.15037969},"geometry":{"type":"Polygon","coordinates":[[[16.495219,43.526583],[16.495206,43.526583],[16.495206,43.526592],[16.495206,43.526601],[16.495206,43.52661],[16.495206,43.526619],[16.495219,43.526619],[16.495231,43.526619],[16.495231,43.526628],[16.495243,43.526628],[16.495252,43.526628],[16.495254,43.526619],[16.495243,43.526619],[16.495243,43.52661],[16.495243,43.526601],[16.495243,43.526592],[16.495243,43.526583],[16.495231,43.526583],[16.495219,43.526583]]]}},{"type":"Feature","properties":{"krov":"ROOF_NOT_FLAT","visina":14.5618,"kota_vrha":70.58477969},"geometry":{"type":"Polygon","coordinates":[[[16.502147,43.526628],[16.502147,43.526619],[16.502159,43.526619],[16.502171,43.526619],[16.502171,43.52661],[16.502184,43.52661],[16.502196,43.52661],[16.502196,43.526601],[16.502208,43.526601],[16.502221,43.526601],[16.502221,43.526592],[16.502233,43.526592],[16.502246,43.526592],[16.502246,43.526583],[16.502246,43.526574],[16.502246,43.526565],[16.502233,43.526565],[16.502233,43.526547],[16.502221,43.526547],[16.502221,43.526538],[16.502221,43.526529],[16.502208,43.526529],[16.502091,43.526574],[16.502115,43.526605],[16.502122,43.52661],[16.502122,43.526619],[16.502122,43.526627],[16.502123,43.526628],[16.502134,43.526628],[16.502147,43.526628]]]}},{"type":"Feature","properties":{"krov":"ROOF_NOT_FLAT","visina":8.3496,"kota_vrha":42.10957969},"geometry":{"type":"Polygon","coordinates":[[[16.493066,43.526637],[16.493066,43.526628],[16.493079,43.526628],[16.493079,43.526619],[16.493079,43.52661],[16.493066,43.52661],[16.493066,43.526601],[16.493066,43.526592],[16.493054,43.526592],[16.493054,43.526583],[16.493041,43.526583],[16.493041,43.526592],[16.493029,43.526592],[16.493017,43.526592],[16.493017,43.526601],[16.493001,43.526605],[16.493017,43.52661],[16.493017,43.526619],[16.493017,43.526627],[16.493017,43.526628],[16.493029,43.526628],[16.493029,43.526637],[16.493041,43.526637],[16.493054,43.526637],[16.493066,43.526637]]]}},{"type":"Feature","properties":{"krov":"ROOF_FLAT","visina":1.8345,"kota_vrha":43.83847969},"geometry":{"type":"Polygon","coordinates":[[[16.499747,43.526617],[16.499784,43.526617],[16.499784,43.52661],[16.499747,43.52661],[16.499747,43.526617]]]}},{"type":"Feature","properties":{"krov":"ROOF_NOT_FLAT","visina":2.6191,"kota_vrha":44.58507969},"geometry":{"type":"Polygon","coordinates":[[[16.499784,43.526617],[16.499747,43.526617],[16.499747,43.526619],[16.499747,43.526628],[16.499747,43.526637],[16.499759,43.526637],[16.499771,43.526637],[16.499796,43.526637],[16.499796,43.526628],[16.499796,43.526619],[16.499784,43.526619],[16.499784,43.526617]]]}},{"type":"Feature","properties":{"krov":"ROOF_NOT_FLAT","visina":6.1938,"kota_vrha":59.98177969},"geometry":{"type":"Polygon","coordinates":[[[16.504349,43.526612],[16.504324,43.526613],[16.504324,43.526619],[16.504312,43.526619],[16.504312,43.526628],[16.504312,43.526637],[16.504324,43.526637],[16.504336,43.526637],[16.504349,43.526637],[16.504349,43.526628],[16.504349,43.526619],[16.504349,43.526612]]]}},{"type":"Feature","properties":{"krov":"ROOF_NOT_FLAT","visina":2.6596,"kota_vrha":57.36457969},"geometry":{"type":"Polygon","coordinates":[[[16.504349,43.526612],[16.504349,43.52661],[16.504336,43.52661],[16.504324,43.52661],[16.504324,43.526613],[16.504349,43.526612]]]}},{"type":"Feature","properties":{"krov":"ROOF_FLAT","visina":3.3825,"kota_vrha":56.76547969},"geometry":{"type":"Polygon","coordinates":[[[16.501338,43.526639],[16.501342,43.526628],[16.501327,43.526631],[16.501338,43.526639]]]}},{"type":"Feature","properties":{"krov":"ROOF_FLAT","visina":2.7555,"kota_vrha":40.15147969},"geometry":{"type":"Polygon","coordinates":[[[16.495344,43.526646],[16.495348,43.526642],[16.495355,43.526643],[16.495355,43.526637],[16.495367,43.526637],[16.495367,43.526628],[16.495367,43.526619],[16.495367,43.52661],[16.495367,43.526601],[16.495355,43.526601],[16.495342,43.526601],[16.495342,43.52661],[16.49533,43.52661],[16.49533,43.526619],[16.49533,43.526628],[16.495318,43.526628],[16.495318,43.526637],[16.495318,43.526646],[16.49533,43.526646],[16.495342,43.526646],[16.495344,43.526646]]]}},{"type":"Feature","properties":{"krov":"ROOF_NOT_FLAT","visina":10.9948,"kota_vrha":66.38177969},"geometry":{"type":"MultiPolygon","coordinates":[[[[16.50154,43.526612],[16.50154,43.52661],[16.501528,43.52661],[16.501516,43.52661],[16.501503,43.52661],[16.501503,43.526616],[16.501505,43.526618],[16.501511,43.526613],[16.50154,43.526612]]],[[[16.501553,43.526629],[16.501553,43.526628],[16.501542,43.526628],[16.501542,43.526636],[16.501553,43.526629]]]]}},{"type":"Feature","properties":{"krov":"ROOF_NOT_FLAT","visina":11.7709,"kota_vrha":66.59887969},"geometry":{"type":"Polygon","coordinates":[[[16.501553,43.526629],[16.501542,43.526636],[16.50153,43.526645],[16.501529,43.526646],[16.50154,43.526646],[16.501553,43.526646],[16.501553,43.526637],[16.501553,43.526629]]]}},{"type":"Feature","properties":{"krov":"ROOF_NOT_FLAT","visina":9.7134,"kota_vrha":65.14037969},"geometry":{"type":"Polygon","coordinates":[[[16.501542,43.526636],[16.501542,43.526628],[16.50154,43.526628],[16.50154,43.526619],[16.50154,43.526612],[16.501511,43.526613],[16.501505,43.526618],[16.501503,43.526619],[16.501503,43.526619],[16.501516,43.526619],[16.501516,43.526628],[16.501528,43.526628],[16.501528,43.526637],[16.501528,43.526644],[16.50153,43.526645],[16.501542,43.526636]]]}},{"type":"Feature","properties":{"krov":"ROOF_NOT_FLAT","visina":10.614,"kota_vrha":66.09297969},"geometry":{"type":"Polygon","coordinates":[[[16.501664,43.526596],[16.501649,43.526607],[16.501628,43.526624],[16.50163,43.526625],[16.501657,43.526646],[16.501664,43.526646],[16.501664,43.526637],[16.501652,43.526637],[16.501652,43.526628],[16.501652,43.526619],[16.501664,43.526619],[16.501676,43.526619],[16.501689,43.526619],[16.501689,43.52661],[16.501689,43.526601],[16.501689,43.526592],[16.501676,43.526592],[16.50167,43.526592],[16.501664,43.526596]]]}},{"type":"Feature","properties":{"krov":"ROOF_NOT_FLAT","visina":10.9948,"kota_vrha":66.38177969},"geometry":{"type":"Polygon","coordinates":[[[16.501627,43.526577],[16.501627,43.526574],[16.501615,43.526574],[16.501615,43.526565],[16.501602,43.526565],[16.501602,43.526556],[16.50159,43.526556],[16.50159,43.526547],[16.501578,43.526547],[16.501578,43.526538],[16.501565,43.526538],[16.501553,43.526525],[16.50154,43.526538],[16.501528,43.526538],[16.501528,43.526547],[16.501516,43.526547],[16.501516,43.526556],[16.501503,43.526556],[16.501503,43.526565],[16.501503,43.52657],[16.501504,43.52657],[16.501503,43.526571],[16.501503,43.526574],[16.501503,43.526583],[16.501491,43.526583],[16.501491,43.526592],[16.501491,43.526601],[16.501503,43.526601],[16.501516,43.526601],[16.501516,43.526592],[16.501528,43.526592],[16.50154,43.526592],[16.501553,43.526592],[16.501553,43.526601],[16.501565,43.526601],[16.501565,43.52661],[16.501565,43.526619],[16.501567,43.526619],[16.501581,43.526609],[16.501627,43.526577]]]}},{"type":"Feature","properties":{"krov":"ROOF_NOT_FLAT","visina":11.7709,"kota_vrha":66.59887969},"geometry":{"type":"Polygon","coordinates":[[[16.501657,43.526646],[16.50163,43.526625],[16.501628,43.526624],[16.501649,43.526607],[16.501664,43.526596],[16.501659,43.526592],[16.501652,43.526592],[16.501639,43.526592],[16.501639,43.526583],[16.501627,43.526583],[16.501627,43.526577],[16.501581,43.526609],[16.501567,43.526619],[16.501578,43.526619],[16.501578,43.526628],[16.50159,43.526628],[16.50159,43.526637],[16.501602,43.526637],[16.501602,43.526646],[16.501615,43.526646],[16.501615,43.526655],[16.501627,43.526655],[16.501639,43.526655],[16.501652,43.526655],[16.501652,43.526646],[16.501657,43.526646]]]}},{"type":"Feature","properties":{"krov":"ROOF_FLAT","visina":2.2614,"kota_vrha":24.02937969},"geometry":{"type":"Polygon","coordinates":[[[16.491322,43.526664],[16.491337,43.52666],[16.491326,43.526653],[16.491322,43.526664]]]}},{"type":"Feature","properties":{"krov":"ROOF_FLAT","visina":2.5724,"kota_vrha":27.96037969},"geometry":{"type":"Polygon","coordinates":[[[16.492268,43.526641],[16.492235,43.526615],[16.4922,43.526646],[16.49217,43.526652],[16.4922,43.526673],[16.492213,43.526673],[16.492213,43.526664],[16.492268,43.526641]]]}},{"type":"Feature","properties":{"krov":"ROOF_NOT_FLAT","visina":5.5594,"kota_vrha":42.79937969},"geometry":{"type":"Polygon","coordinates":[[[16.495194,43.526655],[16.495231,43.526659],[16.495231,43.526655],[16.495231,43.526646],[16.495243,43.526646],[16.495243,43.526637],[16.495231,43.526637],[16.495219,43.526637],[16.495206,43.526637],[16.495194,43.526637],[16.495194,43.526646],[16.495194,43.526655],[16.495194,43.526655]]]}},{"type":"Feature","properties":{"krov":"ROOF_NOT_FLAT","visina":6.0258,"kota_vrha":43.08977969},"geometry":{"type":"Polygon","coordinates":[[[16.495231,43.526659],[16.495194,43.526655],[16.495194,43.526664],[16.495206,43.526664],[16.495206,43.526673],[16.495219,43.526673],[16.495231,43.526673],[16.495231,43.526664],[16.495231,43.526659]]]}},{"type":"Feature","properties":{"krov":"ROOF_NOT_FLAT","visina":2.9633,"kota_vrha":44.94827969},"geometry":{"type":"Polygon","coordinates":[[[16.499528,43.526668],[16.499499,43.526664],[16.49947,43.526668],[16.499499,43.526673],[16.499528,43.526668]]]}},{"type":"Feature","properties":{"krov":"ROOF_NOT_FLAT","visina":10.0036,"kota_vrha":64.77557969},"geometry":{"type":"Polygon","coordinates":[[[16.501664,43.526673],[16.50168,43.526668],[16.501664,43.526664],[16.501664,43.526673]]]}},{"type":"Feature","properties":{"krov":"ROOF_FLAT","visina":4.327,"kota_vrha":59.70897969},"geometry":{"type":"Polygon","coordinates":[[[16.503916,43.526616],[16.503916,43.52661],[16.503928,43.52661],[16.503928,43.526612],[16.50394,43.526607],[16.50394,43.526601],[16.503953,43.526601],[16.503953,43.526603],[16.503965,43.526599],[16.503965,43.526592],[16.503978,43.526592],[16.503978,43.526595],[16.50399,43.52659],[16.50399,43.526583],[16.50399,43.526574],[16.503978,43.526574],[16.503965,43.526574],[16.503965,43.526583],[16.503953,43.526583],[16.50394,43.526583],[16.50394,43.526592],[16.503928,43.526592],[16.503916,43.526592],[16.503904,43.526592],[16.503903,43.526592],[16.503903,43.526601],[16.503891,43.526601],[16.503879,43.526601],[16.503866,43.526601],[16.503854,43.526601],[16.503854,43.52661],[16.503866,43.52661],[16.503866,43.526614],[16.503879,43.526609],[16.503879,43.52661],[16.503891,43.52661],[16.503891,43.526619],[16.503903,43.526619],[16.503903,43.52662],[16.503916,43.526616]]]}},{"type":"Feature","properties":{"krov":"ROOF_NOT_FLAT","visina":10.1978,"kota_vrha":65.05477969},"geometry":{"type":"Polygon","coordinates":[[[16.50399,43.52659],[16.503978,43.526595],[16.503978,43.526601],[16.503965,43.526601],[16.503965,43.526599],[16.503953,43.526603],[16.503953,43.52661],[16.50394,43.52661],[16.50394,43.526607],[16.503928,43.526612],[16.503928,43.526619],[16.503916,43.526619],[16.503916,43.526616],[16.503903,43.52662],[16.503903,43.526628],[16.503892,43.526628],[16.503912,43.526657],[16.503917,43.526663],[16.503916,43.526664],[16.503928,43.526664],[16.50394,43.526664],[16.50394,43.526655],[16.503953,43.526655],[16.503965,43.526655],[16.503965,43.526646],[16.503978,43.526646],[16.50399,43.526646],[16.504002,43.526646],[16.504002,43.526637],[16.504015,43.526637],[16.504027,43.526637],[16.504027,43.526628],[16.504015,43.526628],[16.504015,43.526619],[16.504015,43.52661],[16.504015,43.526601],[16.504002,43.526601],[16.504002,43.526592],[16.50399,43.526592],[16.50399,43.52659]]]}},{"type":"Feature","properties":{"krov":"ROOF_NOT_FLAT","visina":10.3977,"kota_vrha":65.51567969},"geometry":{"type":"Polygon","coordinates":[[[16.503916,43.526664],[16.503917,43.526663],[16.503912,43.526657],[16.503892,43.526628],[16.503891,43.526628],[16.503879,43.526628],[16.503879,43.526619],[16.503879,43.52661],[16.503879,43.52661],[16.503879,43.526609],[16.503866,43.526614],[16.503866,43.526619],[16.503854,43.526619],[16.503854,43.526628],[16.503854,43.526637],[16.503866,43.526637],[16.503866,43.526646],[16.503866,43.526655],[16.503879,43.526655],[16.503879,43.526664],[16.503879,43.526673],[16.503891,43.526673],[16.503891,43.526664],[16.503903,43.526664],[16.503916,43.526664],[16.503916,43.526664]]]}},{"type":"Feature","properties":{"krov":"ROOF_FLAT","visina":2.2614,"kota_vrha":24.02937969},"geometry":{"type":"Polygon","coordinates":[[[16.491322,43.526664],[16.491307,43.526667],[16.491318,43.526674],[16.491322,43.526664]]]}},{"type":"Feature","properties":{"krov":"ROOF_NOT_FLAT","visina":3.251,"kota_vrha":36.29597969},"geometry":{"type":"Polygon","coordinates":[[[16.49298,43.526664],[16.492967,43.526664],[16.492967,43.526673],[16.492967,43.526682],[16.49298,43.526682],[16.49298,43.526673],[16.49298,43.526664]]]}},{"type":"Feature","properties":{"krov":"ROOF_NOT_FLAT","visina":10.0036,"kota_vrha":64.77557969},"geometry":{"type":"Polygon","coordinates":[[[16.501664,43.526673],[16.501652,43.526673],[16.501652,43.526682],[16.501663,43.526682],[16.501664,43.526681],[16.501664,43.526673]]]}},{"type":"Feature","properties":{"krov":"ROOF_FLAT","visina":6.5176,"kota_vrha":27.60757969},"geometry":{"type":"Polygon","coordinates":[[[16.489813,43.526629],[16.489813,43.526627],[16.489813,43.526618],[16.489813,43.526609],[16.489806,43.526609],[16.489809,43.52663],[16.489813,43.526629]]]}},{"type":"Feature","properties":{"krov":"ROOF_FLAT","visina":5.6978,"kota_vrha":25.19577969},"geometry":{"type":"Polygon","coordinates":[[[16.489689,43.52664],[16.489689,43.526636],[16.489701,43.526636],[16.489701,43.526639],[16.489712,43.526638],[16.489728,43.526636],[16.489726,43.526636],[16.489714,43.526636],[16.489714,43.526627],[16.489701,43.526627],[16.489701,43.526618],[16.489689,43.526618],[16.489676,43.526618],[16.489676,43.526627],[16.489676,43.526636],[16.489676,43.526645],[16.489682,43.526645],[16.489681,43.526641],[16.489689,43.52664]]]}},{"type":"Feature","properties":{"krov":"ROOF_NOT_FLAT","visina":8.876,"kota_vrha":28.62597969},"geometry":{"type":"Polygon","coordinates":[[[16.489718,43.526672],[16.489726,43.526672],[16.489726,43.526681],[16.489738,43.526681],[16.489738,43.52669],[16.489749,43.52669],[16.489743,43.526663],[16.489717,43.526666],[16.489718,43.526672]]]}},{"type":"Feature","properties":{"krov":"ROOF_NOT_FLAT","visina":9.1169,"kota_vrha":28.72687969},"geometry":{"type":"MultiPolygon","coordinates":[[[[16.489689,43.526645],[16.489689,43.52664],[16.489681,43.526641],[16.489682,43.526645],[16.489689,43.526645]]],[[[16.489689,43.526645],[16.489689,43.526654],[16.489701,43.526654],[16.489701,43.526663],[16.489701,43.526672],[16.489714,43.526672],[16.489718,43.526672],[16.489717,43.526666],[16.489743,43.526663],[16.489749,43.52669],[16.489751,43.52669],[16.489751,43.526681],[16.489751,43.526672],[16.489751,43.526663],[16.489763,43.526663],[16.489775,43.526663],[16.4898,43.526663],[16.489813,43.526663],[16.489813,43.526654],[16.489813,43.526645],[16.489813,43.526636],[16.489813,43.526629],[16.489809,43.52663],[16.489806,43.526609],[16.4898,43.526609],[16.489788,43.526609],[16.489775,43.526609],[16.489763,43.526609],[16.489751,43.526609],[16.489751,43.526618],[16.489738,43.526618],[16.489738,43.526627],[16.489738,43.526636],[16.489728,43.526636],[16.489712,43.526638],[16.489701,43.526639],[16.489701,43.526645],[16.489689,43.526645]]]]}},{"type":"Feature","properties":{"krov":"ROOF_NOT_FLAT","visina":4.5368,"kota_vrha":43.34177969},"geometry":{"type":"Polygon","coordinates":[[[16.498472,43.526673],[16.498435,43.526673],[16.498435,43.526682],[16.498435,43.526691],[16.498448,43.526691],[16.49846,43.526691],[16.498472,43.526691],[16.498472,43.526682],[16.498472,43.526673]]]}},{"type":"Feature","properties":{"krov":"ROOF_NOT_FLAT","visina":5.041,"kota_vrha":59.34597969},"geometry":{"type":"Polygon","coordinates":[[[16.504076,43.526682],[16.504064,43.526682],[16.50407,43.526693],[16.504076,43.526682]]]}},{"type":"Feature","properties":{"krov":"ROOF_NOT_FLAT","visina":18.5829,"kota_vrha":49.27987969},"geometry":{"type":"Polygon","coordinates":[[[16.497829,43.526361],[16.497507,43.526357],[16.497507,43.526358],[16.497507,43.526367],[16.497507,43.526376],[16.497503,43.526391],[16.497495,43.526403],[16.497483,43.526403],[16.497483,43.526412],[16.49747,43.526412],[16.497458,43.526412],[16.497433,43.526412],[16.497396,43.526412],[16.497396,43.526439],[16.497391,43.526498],[16.497384,43.526529],[16.497384,43.526538],[16.497384,43.526547],[16.497384,43.526637],[16.497384,43.526682],[16.497495,43.526682],[16.497557,43.526682],[16.497569,43.526682],[16.497656,43.526682],[16.49784,43.526695],[16.497972,43.526687],[16.497978,43.526682],[16.497978,43.526556],[16.497978,43.526547],[16.497978,43.526538],[16.497978,43.526484],[16.497994,43.526478],[16.497986,43.526424],[16.497945,43.526418],[16.497928,43.526412],[16.497916,43.526412],[16.497879,43.526412],[16.497841,43.526412],[16.497841,43.526403],[16.497829,43.526403],[16.497829,43.526394],[16.497829,43.526376],[16.497829,43.526367],[16.497829,43.526361]]]}},{"type":"Feature","properties":{"krov":"ROOF_NOT_FLAT","visina":14.0201,"kota_vrha":44.71707969},"geometry":{"type":"Polygon","coordinates":[[[16.497507,43.526357],[16.497829,43.526361],[16.497829,43.526358],[16.497829,43.526349],[16.497829,43.52634],[16.497829,43.526331],[16.497829,43.526322],[16.497841,43.526322],[16.497841,43.526286],[16.497841,43.526277],[16.497841,43.526268],[16.497817,43.526268],[16.497804,43.526268],[16.497792,43.526268],[16.49773,43.526268],[16.497718,43.526268],[16.497705,43.526268],[16.497705,43.526259],[16.497668,43.526259],[16.497643,43.526259],[16.497569,43.526259],[16.497545,43.526259],[16.49752,43.526259],[16.497507,43.526259],[16.497507,43.526268],[16.497507,43.526277],[16.497507,43.526286],[16.497507,43.526295],[16.497507,43.526304],[16.497507,43.526313],[16.497507,43.526322],[16.497507,43.526331],[16.497507,43.52634],[16.497507,43.526349],[16.497507,43.526357]]]}},{"type":"Feature","properties":{"krov":"ROOF_NOT_FLAT","visina":8.876,"kota_vrha":28.62597969},"geometry":{"type":"Polygon","coordinates":[[[16.489738,43.52669],[16.489726,43.52669],[16.489726,43.526699],[16.489738,43.526699],[16.489738,43.52669]]]}},{"type":"Feature","properties":{"krov":"ROOF_NOT_FLAT","visina":3.0962,"kota_vrha":41.81717969},"geometry":{"type":"Polygon","coordinates":[[[16.498769,43.526673],[16.49867,43.526673],[16.49867,43.526682],[16.49867,43.526691],[16.49867,43.5267],[16.498695,43.5267],[16.49872,43.5267],[16.498732,43.5267],[16.498745,43.5267],[16.498769,43.5267],[16.498785,43.526695],[16.498769,43.526691],[16.498769,43.526682],[16.498769,43.526673]]]}},{"type":"Feature","properties":{"krov":"ROOF_FLAT","visina":6.6931,"kota_vrha":61.91407969},"geometry":{"type":"Polygon","coordinates":[[[16.502011,43.526682],[16.502007,43.526676],[16.502038,43.526665],[16.502048,43.526677],[16.502048,43.526673],[16.502048,43.526664],[16.502035,43.526664],[16.502035,43.526655],[16.502023,43.526655],[16.502023,43.526646],[16.502023,43.526637],[16.502023,43.526628],[16.502023,43.526619],[16.502023,43.52661],[16.502023,43.526601],[16.502035,43.526601],[16.502035,43.526592],[16.502035,43.526583],[16.502023,43.526583],[16.502012,43.526583],[16.502011,43.526583],[16.502011,43.526592],[16.502011,43.526601],[16.502002,43.526601],[16.502002,43.526601],[16.501998,43.526603],[16.501998,43.52661],[16.501986,43.52661],[16.501986,43.526619],[16.501973,43.526619],[16.501961,43.526619],[16.501949,43.526619],[16.501949,43.52661],[16.501936,43.52661],[16.501924,43.52661],[16.501924,43.526619],[16.501907,43.526628],[16.501924,43.526637],[16.501924,43.526646],[16.501924,43.526651],[16.501927,43.526655],[16.501936,43.526655],[16.501936,43.526664],[16.501936,43.526673],[16.501936,43.526682],[16.501936,43.526691],[16.501949,43.526691],[16.501949,43.526699],[16.501957,43.526696],[16.501961,43.5267],[16.501961,43.5267],[16.501973,43.5267],[16.501986,43.5267],[16.501998,43.5267],[16.501998,43.526691],[16.501998,43.526682],[16.502011,43.526682],[16.502011,43.526682]]]}},{"type":"Feature","properties":{"krov":"ROOF_NOT_FLAT","visina":8.0828,"kota_vrha":63.27277969},"geometry":{"type":"Polygon","coordinates":[[[16.502048,43.526677],[16.502038,43.526665],[16.502007,43.526676],[16.502011,43.526682],[16.502023,43.526682],[16.502035,43.526682],[16.502048,43.526682],[16.502048,43.526677]]]}},{"type":"Feature","properties":{"krov":"ROOF_FLAT","visina":5.8124,"kota_vrha":42.79037969},"geometry":{"type":"MultiPolygon","coordinates":[[[[16.498138,43.526304],[16.498138,43.526313],[16.498144,43.526313],[16.498145,43.526304],[16.498138,43.526304]]],[[[16.498138,43.526304],[16.498138,43.526295],[16.498138,43.526286],[16.498138,43.526277],[16.498126,43.526277],[16.498114,43.526277],[16.498101,43.526277],[16.498101,43.526286],[16.498101,43.526295],[16.498101,43.526304],[16.498101,43.526313],[16.498101,43.526322],[16.498101,43.526331],[16.498114,43.526331],[16.498114,43.526333],[16.498144,43.526334],[16.498144,43.526322],[16.498138,43.526322],[16.498138,43.526331],[16.498126,43.526331],[16.498126,43.526322],[16.498126,43.526313],[16.498126,43.526304],[16.498138,43.526304]]]]}},{"type":"Feature","properties":{"krov":"ROOF_NOT_FLAT","visina":9.7609,"kota_vrha":47.59587969},"geometry":{"type":"Polygon","coordinates":[[[16.498237,43.526453],[16.498151,43.526451],[16.498151,43.526457],[16.498138,43.526457],[16.498138,43.526451],[16.498114,43.526451],[16.498114,43.526457],[16.498101,43.526457],[16.498089,43.526457],[16.498076,43.526457],[16.498064,43.526457],[16.498052,43.526457],[16.498052,43.526466],[16.498052,43.526475],[16.498052,43.526484],[16.498052,43.526493],[16.498052,43.526502],[16.498052,43.526511],[16.498052,43.52652],[16.498052,43.526529],[16.498052,43.526538],[16.498052,43.526547],[16.498052,43.526556],[16.498052,43.526565],[16.498052,43.526574],[16.498052,43.526583],[16.498052,43.526592],[16.498039,43.526592],[16.498039,43.526601],[16.498039,43.52661],[16.498039,43.526619],[16.498039,43.526628],[16.498039,43.526637],[16.498039,43.526646],[16.498039,43.526655],[16.498039,43.526664],[16.498039,43.526673],[16.498039,43.526682],[16.498039,43.526691],[16.498039,43.5267],[16.498039,43.526709],[16.498052,43.526709],[16.498064,43.526709],[16.498076,43.526709],[16.498089,43.526709],[16.498114,43.526709],[16.498126,43.526709],[16.498138,43.526709],[16.498151,43.526709],[16.498163,43.526709],[16.498225,43.526709],[16.498225,43.526646],[16.498237,43.526646],[16.498237,43.526466],[16.498237,43.526457],[16.498237,43.526453]]]}},{"type":"Feature","properties":{"krov":"ROOF_NOT_FLAT","visina":7.4191,"kota_vrha":44.46507969},"geometry":{"type":"Polygon","coordinates":[[[16.498142,43.526448],[16.498144,43.526334],[16.498114,43.526333],[16.498114,43.52634],[16.498126,43.52634],[16.498126,43.526349],[16.498126,43.526367],[16.498126,43.526376],[16.498126,43.526385],[16.498126,43.526394],[16.498126,43.526403],[16.498126,43.526412],[16.498126,43.526421],[16.498126,43.52643],[16.498126,43.526439],[16.498126,43.526448],[16.498114,43.526448],[16.498114,43.526451],[16.498138,43.526451],[16.498138,43.526448],[16.498142,43.526448]]]}},{"type":"Feature","properties":{"krov":"ROOF_NOT_FLAT","visina":7.7631,"kota_vrha":44.46507969},"geometry":{"type":"Polygon","coordinates":[[[16.498145,43.526304],[16.498144,43.526313],[16.498151,43.526313],[16.498151,43.526322],[16.498144,43.526322],[16.498144,43.526334],[16.498142,43.526448],[16.498151,43.526448],[16.498151,43.526451],[16.498237,43.526453],[16.498237,43.526448],[16.498237,43.526439],[16.498237,43.52643],[16.498237,43.526421],[16.498237,43.526412],[16.498237,43.526403],[16.498237,43.526394],[16.498237,43.526376],[16.498237,43.526367],[16.498237,43.526358],[16.498237,43.526322],[16.498237,43.526277],[16.498225,43.526277],[16.498213,43.526277],[16.498175,43.526277],[16.498163,43.526277],[16.498163,43.526295],[16.498151,43.526295],[16.498151,43.526304],[16.498145,43.526304]]]}},{"type":"Feature","properties":{"krov":"ROOF_FLAT","visina":3.3825,"kota_vrha":56.76547969},"geometry":{"type":"Polygon","coordinates":[[[16.501342,43.526646],[16.501331,43.526646],[16.501332,43.526649],[16.50133,43.526649],[16.50133,43.526655],[16.50133,43.526664],[16.50133,43.526682],[16.50133,43.526691],[16.501342,43.526691],[16.501342,43.5267],[16.501342,43.526709],[16.501355,43.526709],[16.501367,43.526709],[16.501367,43.526691],[16.501367,43.526682],[16.501367,43.526673],[16.501355,43.526673],[16.501355,43.526664],[16.501355,43.526655],[16.501355,43.526646],[16.501342,43.526646]]]}},{"type":"Feature","properties":{"krov":"ROOF_FLAT","visina":6.2048,"kota_vrha":43.14777969},"geometry":{"type":"Polygon","coordinates":[[[16.495021,43.526712],[16.495033,43.5267],[16.495046,43.5267],[16.495046,43.526691],[16.495046,43.526682],[16.495021,43.526682],[16.495021,43.526664],[16.495033,43.526664],[16.495033,43.526655],[16.495043,43.526637],[16.495038,43.526614],[16.495044,43.526588],[16.495014,43.526596],[16.494998,43.52661],[16.494998,43.526612],[16.494996,43.526612],[16.494995,43.526613],[16.49497,43.526616],[16.494895,43.526603],[16.494885,43.526646],[16.494872,43.526646],[16.494872,43.526655],[16.494872,43.526682],[16.494885,43.526682],[16.494897,43.526682],[16.494897,43.526691],[16.494959,43.526691],[16.494959,43.5267],[16.495008,43.5267],[16.49502,43.526711],[16.495021,43.526712]]]}},{"type":"Feature","properties":{"krov":"ROOF_FLAT","visina":2.9431,"kota_vrha":57.68607969},"geometry":{"type":"Polygon","coordinates":[[[16.50174,43.526718],[16.501738,43.526716],[16.501738,43.526718],[16.50174,43.526718]]]}},{"type":"Feature","properties":{"krov":"ROOF_FLAT","visina":2.9946,"kota_vrha":57.75257969},"geometry":{"type":"Polygon","coordinates":[[[16.501738,43.526716],[16.50174,43.526718],[16.501751,43.526718],[16.501763,43.526718],[16.501767,43.526718],[16.501775,43.526715],[16.501775,43.526709],[16.501775,43.5267],[16.501775,43.526691],[16.501763,43.526691],[16.501751,43.526691],[16.501751,43.5267],[16.501751,43.526709],[16.501738,43.526709],[16.501738,43.526716]]]}},{"type":"Feature","properties":{"krov":"ROOF_FLAT","visina":2.3004,"kota_vrha":35.12137969},"geometry":{"type":"Polygon","coordinates":[[[16.493029,43.526726],[16.493028,43.526727],[16.493029,43.526727],[16.493029,43.526726]]]}},{"type":"Feature","properties":{"krov":"ROOF_NOT_FLAT","visina":2.7876,"kota_vrha":35.74357969},"geometry":{"type":"Polygon","coordinates":[[[16.493028,43.526727],[16.493029,43.526726],[16.493029,43.526718],[16.493017,43.526718],[16.493017,43.526727],[16.493028,43.526727]]]}},{"type":"Feature","properties":{"krov":"ROOF_FLAT","visina":2.9431,"kota_vrha":57.68607969},"geometry":{"type":"Polygon","coordinates":[[[16.501726,43.526718],[16.501714,43.526718],[16.501714,43.526727],[16.501726,43.526727],[16.501726,43.526718]]]}},{"type":"Feature","properties":{"krov":"ROOF_NOT_FLAT","visina":3.4023,"kota_vrha":37.91227969},"geometry":{"type":"Polygon","coordinates":[[[16.494241,43.526727],[16.494229,43.526727],[16.494229,43.526736],[16.494241,43.526736],[16.494241,43.526727]]]}},{"type":"Feature","properties":{"krov":"ROOF_NOT_FLAT","visina":5.8816,"kota_vrha":58.62657969},"geometry":{"type":"Polygon","coordinates":[[[16.50107,43.526628],[16.501058,43.526615],[16.501046,43.526628],[16.501025,43.526631],[16.501008,43.526637],[16.500961,43.526665],[16.501022,43.526738],[16.501077,43.526714],[16.501083,43.526709],[16.501115,43.526703],[16.501123,43.526699],[16.501127,43.526686],[16.501107,43.526664],[16.501107,43.526655],[16.501095,43.526655],[16.501095,43.526646],[16.501095,43.526637],[16.501083,43.526637],[16.501083,43.526628],[16.50107,43.526628]]]}},{"type":"Feature","properties":{"krov":"ROOF_NOT_FLAT","visina":6.0291,"kota_vrha":45.51107969},"geometry":{"type":"Polygon","coordinates":[[[16.498101,43.526736],[16.498089,43.526736],[16.498089,43.526744],[16.498092,43.526745],[16.498101,43.526745],[16.498114,43.526745],[16.498126,43.526745],[16.498126,43.526736],[16.498114,43.526736],[16.498101,43.526736]]]}},{"type":"Feature","properties":{"krov":"ROOF_FLAT","visina":2.3004,"kota_vrha":35.12137969},"geometry":{"type":"Polygon","coordinates":[[[16.493029,43.526727],[16.493029,43.526736],[16.493029,43.526745],[16.493041,43.526745],[16.493048,43.526756],[16.493054,43.526745],[16.493066,43.526745],[16.493066,43.526736],[16.493082,43.526731],[16.493066,43.526727],[16.493066,43.526718],[16.493054,43.526718],[16.493041,43.526718],[16.493041,43.526727],[16.493029,43.526727]]]}},{"type":"Feature","properties":{"krov":"ROOF_FLAT","visina":3.6048,"kota_vrha":38.29877969},"geometry":{"type":"Polygon","coordinates":[[[16.494674,43.526781],[16.494674,43.526772],[16.494687,43.526772],[16.494687,43.526763],[16.494687,43.526754],[16.494687,43.526745],[16.494687,43.526736],[16.494699,43.526736],[16.494699,43.526727],[16.494699,43.526709],[16.494699,43.5267],[16.494712,43.5267],[16.494712,43.526682],[16.494712,43.526664],[16.494712,43.526655],[16.494724,43.526655],[16.494724,43.526637],[16.494724,43.526619],[16.494736,43.526619],[16.494736,43.52661],[16.494736,43.526592],[16.494736,43.526583],[16.494749,43.526583],[16.494749,43.526574],[16.494749,43.526565],[16.494736,43.526565],[16.494724,43.526565],[16.494699,43.526565],[16.494699,43.526556],[16.494687,43.526556],[16.49465,43.526556],[16.494618,43.526544],[16.494613,43.526565],[16.4946,43.526565],[16.4946,43.526583],[16.494593,43.526604],[16.494588,43.526637],[16.494588,43.526646],[16.494575,43.526646],[16.494575,43.526673],[16.494567,43.526685],[16.494563,43.5267],[16.494563,43.526709],[16.494563,43.526718],[16.494551,43.526718],[16.494551,43.526727],[16.494551,43.526736],[16.494551,43.526745],[16.494551,43.526754],[16.494535,43.526758],[16.494551,43.526763],[16.494563,43.526763],[16.494563,43.526772],[16.494575,43.526772],[16.494588,43.526772],[16.4946,43.526772],[16.494613,43.526772],[16.494613,43.526781],[16.494625,43.526781],[16.49465,43.526781],[16.494662,43.526781],[16.494674,43.526781]]]}},{"type":"Feature","properties":{"krov":"ROOF_FLAT","visina":3.8585,"kota_vrha":37.09547969},"geometry":{"type":"Polygon","coordinates":[[[16.493623,43.526781],[16.49361,43.526781],[16.493595,43.526785],[16.49361,43.52679],[16.493623,43.52679],[16.493623,43.526781]]]}},{"type":"Feature","properties":{"krov":"ROOF_NOT_FLAT","visina":4.5487,"kota_vrha":55.91967969},"geometry":{"type":"Polygon","coordinates":[[[16.502555,43.526781],[16.502542,43.526781],[16.502542,43.52679],[16.502555,43.52679],[16.502555,43.526781]]]}},{"type":"Feature","properties":{"krov":"ROOF_FLAT","visina":10.2965,"kota_vrha":63.73347969},"geometry":{"type":"Polygon","coordinates":[[[16.503742,43.526779],[16.503741,43.52678],[16.503741,43.526781],[16.503742,43.526781],[16.503742,43.526779]]]}},{"type":"Feature","properties":{"krov":"ROOF_NOT_FLAT","visina":11.44,"kota_vrha":64.81697969},"geometry":{"type":"Polygon","coordinates":[[[16.503741,43.52678],[16.503742,43.526779],[16.503742,43.526772],[16.503755,43.526772],[16.503755,43.526763],[16.503767,43.526763],[16.50378,43.526763],[16.503803,43.526763],[16.503804,43.526763],[16.503804,43.526745],[16.503804,43.526727],[16.503792,43.526727],[16.503792,43.526718],[16.503792,43.526709],[16.503792,43.5267],[16.50378,43.5267],[16.50378,43.526691],[16.503767,43.526691],[16.503755,43.526691],[16.503742,43.526691],[16.50373,43.526691],[16.50373,43.526688],[16.503726,43.526689],[16.503725,43.526686],[16.503681,43.526698],[16.503681,43.5267],[16.503681,43.526709],[16.503681,43.526718],[16.503681,43.526727],[16.503681,43.526736],[16.503693,43.526736],[16.503693,43.526745],[16.503683,43.526745],[16.503687,43.526752],[16.503681,43.526754],[16.503681,43.526763],[16.503668,43.526763],[16.503656,43.526763],[16.503656,43.526772],[16.503656,43.52678],[16.503656,43.526781],[16.503668,43.526781],[16.503668,43.52679],[16.503681,43.52679],[16.503704,43.52679],[16.503705,43.52679],[16.503705,43.526781],[16.503718,43.526781],[16.50373,43.526781],[16.503737,43.526781],[16.503741,43.52678]]]}},{"type":"Feature","properties":{"krov":"ROOF_NOT_FLAT","visina":10.392,"kota_vrha":65.25697969},"geometry":{"type":"Polygon","coordinates":[[[16.50373,43.526688],[16.50373,43.526682],[16.503742,43.526682],[16.503742,43.526673],[16.503767,43.526673],[16.50378,43.526673],[16.50378,43.526664],[16.50378,43.526655],[16.50378,43.526646],[16.503767,43.526646],[16.503767,43.526619],[16.503755,43.526619],[16.503755,43.526592],[16.503743,43.526592],[16.50372,43.526598],[16.503701,43.526603],[16.503644,43.526618],[16.503644,43.526619],[16.503656,43.526619],[16.503656,43.526628],[16.503656,43.526637],[16.503664,43.526649],[16.503668,43.526664],[16.503668,43.526673],[16.503681,43.526673],[16.503681,43.526682],[16.503681,43.526691],[16.503681,43.526698],[16.503725,43.526686],[16.503726,43.526689],[16.50373,43.526688]]]}},{"type":"Feature","properties":{"krov":"ROOF_NOT_FLAT","visina":9.2514,"kota_vrha":64.68337969},"geometry":{"type":"Polygon","coordinates":[[[16.503743,43.526592],[16.503742,43.526592],[16.503742,43.526583],[16.503742,43.526574],[16.50373,43.526574],[16.503718,43.526574],[16.503718,43.526583],[16.503705,43.526583],[16.503693,43.526583],[16.503693,43.526592],[16.503681,43.526592],[16.503681,43.526601],[16.503668,43.526601],[16.503668,43.526592],[16.503656,43.526592],[16.503656,43.526601],[16.503656,43.52661],[16.503644,43.52661],[16.503644,43.526618],[16.503701,43.526603],[16.50372,43.526598],[16.503743,43.526592]]]}},{"type":"Feature","properties":{"krov":"ROOF_NOT_FLAT","visina":13.1787,"kota_vrha":48.87567969},"geometry":{"type":"Polygon","coordinates":[[[16.494798,43.526808],[16.494794,43.526807],[16.494794,43.526808],[16.494798,43.526808],[16.494798,43.526808]]]}},{"type":"Feature","properties":{"krov":"ROOF_NOT_FLAT","visina":3.8997,"kota_vrha":38.90767969},"geometry":{"type":"Polygon","coordinates":[[[16.494794,43.526808],[16.494794,43.526807],[16.494802,43.526781],[16.494798,43.526781],[16.494786,43.526781],[16.494773,43.526781],[16.494773,43.52679],[16.494773,43.526799],[16.494773,43.526808],[16.494761,43.526808],[16.494761,43.526817],[16.494773,43.526817],[16.494786,43.526817],[16.494786,43.526808],[16.494794,43.526808]]]}},{"type":"Feature","properties":{"krov":"ROOF_NOT_FLAT","visina":3.0684,"kota_vrha":38.83037969},"geometry":{"type":"Polygon","coordinates":[[[16.494802,43.526781],[16.494794,43.526807],[16.494798,43.526808],[16.494798,43.526799],[16.49481,43.526799],[16.494823,43.526799],[16.494835,43.526799],[16.494835,43.526808],[16.494848,43.526808],[16.49486,43.526808],[16.494872,43.526808],[16.494885,43.526808],[16.494897,43.526808],[16.494897,43.526799],[16.494885,43.526799],[16.494872,43.526799],[16.49486,43.526799],[16.494848,43.526799],[16.494848,43.52679],[16.494835,43.52679],[16.494823,43.52679],[16.49481,43.52679],[16.49481,43.526781],[16.494802,43.526781]]]}},{"type":"Feature","properties":{"krov":"ROOF_FLAT","visina":7.3035,"kota_vrha":60.96747969},"geometry":{"type":"Polygon","coordinates":[[[16.503428,43.526817],[16.503507,43.526808],[16.50352,43.526808],[16.50352,43.526799],[16.503545,43.526799],[16.503557,43.526799],[16.503557,43.52679],[16.503557,43.526781],[16.503545,43.526781],[16.503545,43.526772],[16.503545,43.526763],[16.503545,43.526754],[16.503545,43.526745],[16.503532,43.526745],[16.503523,43.52668],[16.503483,43.526691],[16.503446,43.526691],[16.503446,43.5267],[16.503408,43.5267],[16.503396,43.5267],[16.503396,43.526736],[16.503404,43.526748],[16.503408,43.526763],[16.503428,43.526817]]]}},{"type":"Feature","properties":{"krov":"ROOF_NOT_FLAT","visina":1.9145,"kota_vrha":35.15147969},"geometry":{"type":"Polygon","coordinates":[[[16.49366,43.526799],[16.493648,43.526799],[16.493648,43.526808],[16.49366,43.526808],[16.49366,43.526817],[16.493672,43.526817],[16.493678,43.526827],[16.493679,43.526828],[16.493687,43.526812],[16.493672,43.526808],[16.493672,43.526799],[16.49366,43.526799]]]}},{"type":"Feature","properties":{"krov":"ROOF_FLAT","visina":5.2636,"kota_vrha":39.96457969},"geometry":{"type":"Polygon","coordinates":[[[16.494204,43.526744],[16.494204,43.526736],[16.494192,43.526736],[16.49418,43.526736],[16.49418,43.526745],[16.494167,43.526745],[16.494155,43.526745],[16.494149,43.526745],[16.49415,43.526751],[16.494204,43.526744]]]}},{"type":"Feature","properties":{"krov":"ROOF_NOT_FLAT","visina":9.122,"kota_vrha":43.28797969},"geometry":{"type":"Polygon","coordinates":[[[16.494204,43.526744],[16.49415,43.526751],[16.494149,43.526745],[16.494142,43.526745],[16.49413,43.526745],[16.49413,43.526754],[16.49413,43.526772],[16.49413,43.526781],[16.49413,43.52679],[16.494142,43.52679],[16.494142,43.526791],[16.494152,43.52679],[16.494155,43.526799],[16.494155,43.526799],[16.494167,43.526799],[16.494167,43.526808],[16.49418,43.526808],[16.494192,43.526808],[16.494192,43.526799],[16.494204,43.526799],[16.494217,43.526799],[16.494229,43.526799],[16.494241,43.526799],[16.494254,43.526799],[16.494254,43.526808],[16.494254,43.526817],[16.494254,43.526826],[16.494266,43.526826],[16.494266,43.526835],[16.494279,43.526835],[16.494291,43.526835],[16.494303,43.526835],[16.494303,43.526826],[16.494303,43.526817],[16.494291,43.526817],[16.494291,43.526808],[16.494303,43.526808],[16.494303,43.526799],[16.494303,43.52679],[16.494291,43.52679],[16.494291,43.526781],[16.494291,43.526772],[16.494291,43.526763],[16.494291,43.526754],[16.494291,43.526745],[16.494279,43.526745],[16.494266,43.526745],[16.494266,43.526736],[16.494254,43.526738],[16.494254,43.526745],[16.494241,43.526745],[16.494229,43.526745],[16.494217,43.526745],[16.494204,43.526745],[16.494204,43.526744]]]}},{"type":"Feature","properties":{"krov":"ROOF_NOT_FLAT","visina":8.522,"kota_vrha":42.89297969},"geometry":{"type":"Polygon","coordinates":[[[16.494155,43.526799],[16.494152,43.52679],[16.494142,43.526791],[16.494142,43.526799],[16.494155,43.526799]]]}},{"type":"Feature","properties":{"krov":"ROOF_FLAT","visina":4.4114,"kota_vrha":56.24837969},"geometry":{"type":"MultiPolygon","coordinates":[[[[16.504262,43.526808],[16.504274,43.526808],[16.504284,43.526801],[16.504306,43.526817],[16.50431,43.526817],[16.504312,43.526816],[16.504312,43.526808],[16.504323,43.526808],[16.504324,43.526807],[16.504324,43.526799],[16.504336,43.526799],[16.504336,43.52679],[16.504352,43.526785],[16.504336,43.526781],[16.504336,43.526772],[16.504324,43.526772],[16.504312,43.526772],[16.504299,43.526772],[16.504299,43.526763],[16.504287,43.526763],[16.504279,43.526751],[16.504262,43.526745],[16.504262,43.526736],[16.504262,43.526727],[16.504262,43.526718],[16.504256,43.526706],[16.50425,43.526718],[16.504237,43.526718],[16.504237,43.526727],[16.504225,43.526727],[16.504225,43.526736],[16.504213,43.526736],[16.504213,43.526745],[16.5042,43.526745],[16.50419,43.526745],[16.504188,43.526746],[16.504188,43.526754],[16.504175,43.526754],[16.504175,43.526763],[16.504163,43.526763],[16.504163,43.526772],[16.504151,43.526772],[16.504151,43.526781],[16.504151,43.52679],[16.504163,43.52679],[16.504163,43.526799],[16.504175,43.526799],[16.504175,43.526808],[16.504188,43.526808],[16.5042,43.526808],[16.5042,43.526815],[16.504202,43.526817],[16.504213,43.526817],[16.504213,43.526825],[16.504214,43.526826],[16.504225,43.526826],[16.504225,43.526834],[16.504226,43.526835],[16.504237,43.526835],[16.504237,43.526826],[16.504249,43.526826],[16.50425,43.526826],[16.50425,43.526817],[16.504262,43.526817],[16.504262,43.526808]]]]}},{"type":"Feature","properties":{"krov":"ROOF_NOT_FLAT","visina":7.3515,"kota_vrha":59.16347969},"geometry":{"type":"MultiPolygon","coordinates":[[[[16.504284,43.526801],[16.504274,43.526808],[16.504274,43.526817],[16.504262,43.526817],[16.504262,43.526826],[16.504262,43.526835],[16.504262,43.526844],[16.504274,43.526844],[16.504274,43.526835],[16.504287,43.526835],[16.504287,43.526826],[16.504299,43.526826],[16.504299,43.526817],[16.504306,43.526817],[16.504284,43.526801]]]]}},{"type":"Feature","properties":{"krov":"ROOF_NOT_FLAT","visina":9.122,"kota_vrha":43.28797969},"geometry":{"type":"Polygon","coordinates":[[[16.494311,43.526855],[16.494316,43.526844],[16.494301,43.526847],[16.494311,43.526855]]]}},{"type":"Feature","properties":{"krov":"ROOF_NOT_FLAT","visina":9.122,"kota_vrha":43.28797969},"geometry":{"type":"Polygon","coordinates":[[[16.494254,43.52688],[16.494254,43.526871],[16.494266,43.526871],[16.494266,43.526862],[16.494254,43.526862],[16.494248,43.52685],[16.494241,43.526862],[16.494241,43.526871],[16.494241,43.52688],[16.494254,43.52688]]]}},{"type":"Feature","properties":{"krov":"ROOF_FLAT","visina":3.0179,"kota_vrha":39.78787969},"geometry":{"type":"MultiPolygon","coordinates":[[[[16.495222,43.526804],[16.495261,43.526808],[16.495268,43.526808],[16.495268,43.526799],[16.495256,43.526799],[16.495243,43.526799],[16.495231,43.526799],[16.495223,43.526799],[16.495222,43.526804]]],[[[16.495281,43.526809],[16.49535,43.526815],[16.49535,43.526817],[16.495355,43.526817],[16.495367,43.526817],[16.495367,43.526808],[16.495355,43.526808],[16.495342,43.526808],[16.49533,43.526808],[16.495318,43.526808],[16.495305,43.526808],[16.495293,43.526808],[16.495281,43.526808],[16.495281,43.526809]]]]}},{"type":"Feature","properties":{"krov":"ROOF_FLAT","visina":2.9489,"kota_vrha":39.78787969},"geometry":{"type":"Polygon","coordinates":[[[16.495167,43.5268],[16.495182,43.526801],[16.495182,43.526799],[16.495194,43.526799],[16.495194,43.52679],[16.495182,43.52679],[16.495169,43.52679],[16.495169,43.526799],[16.495167,43.526799],[16.495167,43.5268]]]}},{"type":"Feature","properties":{"krov":"ROOF_FLAT","visina":5.8564,"kota_vrha":42.59737969},"geometry":{"type":"MultiPolygon","coordinates":[[[[16.495182,43.526801],[16.495167,43.5268],[16.495157,43.526799],[16.495157,43.526808],[16.495152,43.526808],[16.495194,43.526811],[16.495194,43.526808],[16.495182,43.526808],[16.495182,43.526801]]],[[[16.495261,43.526808],[16.495222,43.526804],[16.495219,43.526804],[16.495219,43.526808],[16.495219,43.526814],[16.49522,43.526814],[16.495231,43.526815],[16.495231,43.526808],[16.495243,43.526808],[16.495256,43.526808],[16.495261,43.526808]]],[[[16.49535,43.526817],[16.49535,43.526815],[16.495281,43.526809],[16.495281,43.526817],[16.495268,43.526817],[16.495256,43.526817],[16.495293,43.52682],[16.495293,43.526817],[16.495305,43.526817],[16.495305,43.526821],[16.495332,43.526823],[16.495332,43.526826],[16.495342,43.526826],[16.495342,43.526817],[16.49535,43.526817]]]]}},{"type":"Feature","properties":{"krov":"ROOF_NOT_FLAT","visina":9.2656,"kota_vrha":45.90757969},"geometry":{"type":"Polygon","coordinates":[[[16.495327,43.526853],[16.495325,43.526871],[16.49533,43.526871],[16.495342,43.526871],[16.495342,43.52688],[16.495355,43.52688],[16.495367,43.52688],[16.495367,43.526871],[16.495367,43.526862],[16.495355,43.526862],[16.495342,43.526862],[16.49533,43.526862],[16.49533,43.526853],[16.495327,43.526853]]]}},{"type":"Feature","properties":{"krov":"ROOF_NOT_FLAT","visina":10.3368,"kota_vrha":46.96977969},"geometry":{"type":"Polygon","coordinates":[[[16.495325,43.526871],[16.495327,43.526853],[16.495318,43.526853],[16.495318,43.526844],[16.495318,43.526835],[16.49533,43.526835],[16.49533,43.526826],[16.495332,43.526826],[16.495332,43.526823],[16.495305,43.526821],[16.495305,43.526826],[16.495293,43.526826],[16.495293,43.52682],[16.495256,43.526817],[16.495256,43.526817],[16.495243,43.526817],[16.495231,43.526817],[16.495231,43.526815],[16.49522,43.526814],[16.495212,43.526863],[16.495211,43.526871],[16.495219,43.526871],[16.495231,43.526871],[16.495243,43.526871],[16.495256,43.526871],[16.495268,43.526871],[16.495281,43.526871],[16.495293,43.526871],[16.495299,43.526882],[16.495305,43.526871],[16.495318,43.526871],[16.495325,43.526871]]]}},{"type":"Feature","properties":{"krov":"ROOF_NOT_FLAT","visina":9.7521,"kota_vrha":46.24307969},"geometry":{"type":"Polygon","coordinates":[[[16.49522,43.526814],[16.495219,43.526814],[16.495219,43.526817],[16.495206,43.526817],[16.495194,43.526817],[16.495194,43.526811],[16.495152,43.526808],[16.495144,43.526808],[16.495132,43.526808],[16.49512,43.526808],[16.495107,43.526808],[16.495107,43.526808],[16.4951,43.526853],[16.495107,43.526853],[16.495107,43.526862],[16.49512,43.526862],[16.495132,43.526862],[16.495144,43.526862],[16.495157,43.526862],[16.495169,43.526862],[16.495182,43.526862],[16.495182,43.526871],[16.495194,43.526871],[16.495206,43.526871],[16.495211,43.526871],[16.495212,43.526863],[16.49522,43.526814]]]}},{"type":"Feature","properties":{"krov":"ROOF_NOT_FLAT","visina":9.2098,"kota_vrha":45.73277969},"geometry":{"type":"Polygon","coordinates":[[[16.4951,43.526853],[16.495107,43.526808],[16.495095,43.526808],[16.495095,43.526817],[16.495095,43.526826],[16.495095,43.526835],[16.495083,43.526835],[16.495083,43.526844],[16.495083,43.526853],[16.495095,43.526853],[16.4951,43.526853]]]}},{"type":"Feature","properties":{"krov":"ROOF_NOT_FLAT","visina":9.7521,"kota_vrha":46.24307969},"geometry":{"type":"Polygon","coordinates":[[[16.495132,43.526889],[16.495126,43.526877],[16.49512,43.526889],[16.495132,43.526889]]]}},{"type":"Feature","properties":{"krov":"ROOF_NOT_FLAT","visina":13.1787,"kota_vrha":48.87567969},"geometry":{"type":"Polygon","coordinates":[[[16.494863,43.526871],[16.494864,43.52687],[16.494866,43.526861],[16.494875,43.526835],[16.494872,43.526835],[16.49486,43.526835],[16.49486,43.526826],[16.494848,43.526826],[16.494835,43.526826],[16.494823,43.526826],[16.494823,43.526817],[16.49481,43.526817],[16.494798,43.526817],[16.494798,43.526826],[16.494798,43.526835],[16.494798,43.526853],[16.494782,43.526857],[16.494798,43.526862],[16.494798,43.526871],[16.49481,43.526871],[16.494823,43.526871],[16.494835,43.526871],[16.494848,43.526871],[16.49486,43.526871],[16.494863,43.526871]]]}},{"type":"Feature","properties":{"krov":"ROOF_NOT_FLAT","visina":13.1447,"kota_vrha":48.83767969},"geometry":{"type":"Polygon","coordinates":[[[16.494929,43.526835],[16.494923,43.526852],[16.494918,43.52687],[16.494915,43.526878],[16.494912,43.526889],[16.494922,43.526889],[16.494934,43.526889],[16.494947,43.526889],[16.494959,43.526889],[16.494971,43.526889],[16.494971,43.526898],[16.494984,43.526898],[16.494984,43.526889],[16.494984,43.52688],[16.494996,43.52688],[16.494996,43.526862],[16.494996,43.526853],[16.494996,43.526844],[16.494984,43.526844],[16.494971,43.526844],[16.494959,43.526844],[16.494947,43.526844],[16.494934,43.526844],[16.494934,43.526835],[16.494929,43.526835]]]}},{"type":"Feature","properties":{"krov":"ROOF_NOT_FLAT","visina":12.6865,"kota_vrha":48.45747969},"geometry":{"type":"Polygon","coordinates":[[[16.494912,43.526889],[16.494915,43.526878],[16.494918,43.52687],[16.494923,43.526852],[16.494929,43.526835],[16.494922,43.526835],[16.494909,43.526835],[16.494897,43.526835],[16.494885,43.526835],[16.494875,43.526835],[16.494866,43.526861],[16.494864,43.52687],[16.494863,43.526871],[16.494872,43.526871],[16.494885,43.526871],[16.494897,43.526871],[16.494897,43.52688],[16.494909,43.52688],[16.494909,43.526889],[16.494912,43.526889]]]}},{"type":"Feature","properties":{"krov":"ROOF_NOT_FLAT","visina":12.6865,"kota_vrha":48.45747969},"geometry":{"type":"Polygon","coordinates":[[[16.494897,43.526907],[16.494885,43.526907],[16.494885,43.526913],[16.494897,43.526915],[16.494897,43.526907]]]}},{"type":"Feature","properties":{"krov":"ROOF_NOT_FLAT","visina":10.2451,"kota_vrha":61.24607969},"geometry":{"type":"Polygon","coordinates":[[[16.504101,43.52687],[16.504092,43.526875],[16.504076,43.526862],[16.504064,43.526862],[16.504064,43.526853],[16.504064,43.526852],[16.504056,43.526845],[16.504064,43.52684],[16.504064,43.526835],[16.504052,43.526835],[16.504052,43.526826],[16.504039,43.526826],[16.504033,43.526814],[16.504027,43.526826],[16.504015,43.526826],[16.504015,43.526835],[16.504002,43.526835],[16.50399,43.526835],[16.50399,43.526844],[16.503978,43.526844],[16.503978,43.526853],[16.503965,43.526853],[16.503965,43.526862],[16.503953,43.526862],[16.503953,43.526871],[16.50394,43.526871],[16.50394,43.52688],[16.50394,43.526888],[16.503942,43.526889],[16.503953,43.526889],[16.503953,43.526898],[16.503953,43.526898],[16.503965,43.526898],[16.503965,43.526907],[16.503978,43.526907],[16.503978,43.526916],[16.50399,43.526916],[16.504002,43.526916],[16.504002,43.526907],[16.504015,43.526907],[16.504015,43.526898],[16.504027,43.526898],[16.504027,43.526889],[16.504039,43.526889],[16.504039,43.52688],[16.504052,43.52688],[16.504052,43.526871],[16.504064,43.526871],[16.504064,43.52688],[16.504077,43.52688],[16.504089,43.52688],[16.504101,43.52688],[16.504101,43.526871],[16.504101,43.52687]]]}},{"type":"Feature","properties":{"krov":"ROOF_NOT_FLAT","visina":7.935,"kota_vrha":59.52097969},"geometry":{"type":"MultiPolygon","coordinates":[[[[16.504064,43.52684],[16.504056,43.526845],[16.504064,43.526852],[16.504064,43.526844],[16.504064,43.52684]]],[[[16.504101,43.52687],[16.504101,43.526862],[16.504101,43.526853],[16.504089,43.526853],[16.504077,43.526853],[16.504077,43.526862],[16.504076,43.526862],[16.504092,43.526875],[16.504101,43.52687]]]]}},{"type":"Feature","properties":{"krov":"ROOF_FLAT","visina":2.2675,"kota_vrha":52.29447969},"geometry":{"type":"Polygon","coordinates":[[[16.500843,43.52693],[16.500848,43.526916],[16.500781,43.52692],[16.500792,43.526943],[16.500843,43.52693]]]}},{"type":"Feature","properties":{"krov":"ROOF_NOT_FLAT","visina":2.6426,"kota_vrha":28.73957969},"geometry":{"type":"Polygon","coordinates":[[[16.492547,43.526952],[16.492534,43.526952],[16.492534,43.526961],[16.492547,43.526961],[16.492547,43.526952]]]}},{"type":"Feature","properties":{"krov":"ROOF_FLAT","visina":2.5905,"kota_vrha":58.28847969},"geometry":{"type":"Polygon","coordinates":[[[16.505838,43.526973],[16.505846,43.526943],[16.505804,43.526951],[16.505804,43.526952],[16.505838,43.526973]]]}},{"type":"Feature","properties":{"krov":"ROOF_NOT_FLAT","visina":3.1858,"kota_vrha":54.77177969},"geometry":{"type":"Polygon","coordinates":[[[16.503446,43.526979],[16.503446,43.52697],[16.503458,43.52697],[16.50347,43.52697],[16.50347,43.526961],[16.50347,43.526952],[16.50347,43.526943],[16.50347,43.526934],[16.50347,43.526925],[16.503458,43.526925],[16.503458,43.526916],[16.503458,43.526907],[16.503446,43.526907],[16.503433,43.526907],[16.503433,43.526916],[16.503421,43.526916],[16.503408,43.526916],[16.503396,43.526916],[16.503384,43.526916],[16.503371,43.526916],[16.503371,43.526925],[16.503371,43.526934],[16.503371,43.526943],[16.503371,43.526952],[16.503371,43.526961],[16.503371,43.52697],[16.503371,43.526979],[16.503384,43.526979],[16.503396,43.526979],[16.503408,43.526979],[16.503421,43.526979],[16.503433,43.526979],[16.503446,43.526979]]]}},{"type":"Feature","properties":{"krov":"ROOF_FLAT","visina":13.1009,"kota_vrha":63.46587969},"geometry":{"type":"Polygon","coordinates":[[[16.503827,43.526943],[16.503829,43.526941],[16.503829,43.526934],[16.50384,43.526934],[16.503841,43.526933],[16.503841,43.526925],[16.503829,43.526925],[16.503809,43.526904],[16.50378,43.526889],[16.50378,43.52688],[16.503777,43.52688],[16.503776,43.52688],[16.50373,43.526911],[16.50373,43.526916],[16.503718,43.526934],[16.503705,43.526934],[16.503705,43.526943],[16.503718,43.526943],[16.503718,43.526952],[16.50373,43.526952],[16.50373,43.526961],[16.503742,43.526961],[16.503742,43.52697],[16.503755,43.52697],[16.503761,43.526981],[16.503767,43.52697],[16.50378,43.52697],[16.50378,43.526961],[16.503792,43.526961],[16.503792,43.526952],[16.503804,43.526952],[16.503804,43.526943],[16.503817,43.526943],[16.503827,43.526943]]]}},{"type":"Feature","properties":{"krov":"ROOF_FLAT","visina":11.4136,"kota_vrha":63.01057969},"geometry":{"type":"Polygon","coordinates":[[[16.503776,43.52688],[16.503776,43.52688],[16.503767,43.52688],[16.503755,43.52688],[16.503742,43.52688],[16.503742,43.526889],[16.50373,43.526889],[16.50373,43.526898],[16.50373,43.526907],[16.50373,43.526911],[16.503776,43.52688]]]}},{"type":"Feature","properties":{"krov":"ROOF_FLAT","visina":13.687,"kota_vrha":62.95997969},"geometry":{"type":"MultiPolygon","coordinates":[[[[16.503841,43.526933],[16.50384,43.526934],[16.503841,43.526934],[16.503841,43.526933]]],[[[16.503829,43.526941],[16.503827,43.526943],[16.503829,43.526943],[16.503829,43.526941]]]]}},{"type":"Feature","properties":{"krov":"ROOF_FLAT","visina":8.8884,"kota_vrha":43.61837969},"geometry":{"type":"MultiPolygon","coordinates":[[[[16.494551,43.52689],[16.494547,43.526907],[16.494551,43.526907],[16.494551,43.526898],[16.494551,43.52689]]],[[[16.494569,43.52688],[16.494563,43.52688],[16.494563,43.526889],[16.494563,43.526898],[16.494563,43.526907],[16.494563,43.526907],[16.494569,43.52688]]],[[[16.494553,43.526952],[16.494559,43.526925],[16.494551,43.526925],[16.494543,43.526925],[16.494541,43.526934],[16.494551,43.526934],[16.494551,43.526943],[16.494551,43.526952],[16.494553,43.526952]]],[[[16.494538,43.526948],[16.494534,43.52697],[16.494538,43.52697],[16.494538,43.526961],[16.494538,43.526952],[16.494538,43.526948]]],[[[16.4946,43.526965],[16.494575,43.526963],[16.494575,43.52697],[16.494563,43.52697],[16.494547,43.526974],[16.494563,43.526979],[16.494563,43.526988],[16.494575,43.526988],[16.494588,43.526988],[16.4946,43.526988],[16.494613,43.526988],[16.494613,43.526979],[16.494613,43.52697],[16.4946,43.52697],[16.4946,43.526965]]]]}},{"type":"Feature","properties":{"krov":"ROOF_NOT_FLAT","visina":10.0323,"kota_vrha":44.73227969},"geometry":{"type":"Polygon","coordinates":[[[16.494569,43.52688],[16.494563,43.526907],[16.494563,43.526916],[16.494563,43.526925],[16.494559,43.526925],[16.494553,43.526952],[16.494563,43.526952],[16.494575,43.526952],[16.494588,43.526952],[16.494588,43.526961],[16.494575,43.526961],[16.494575,43.526963],[16.4946,43.526965],[16.4946,43.526961],[16.4946,43.526952],[16.4946,43.526943],[16.4946,43.526934],[16.4946,43.526916],[16.494613,43.526916],[16.494613,43.526907],[16.494613,43.526889],[16.494613,43.52688],[16.4946,43.52688],[16.494588,43.52688],[16.494575,43.52688],[16.494569,43.52688]]]}},{"type":"Feature","properties":{"krov":"ROOF_NOT_FLAT","visina":10.032,"kota_vrha":44.60397969},"geometry":{"type":"Polygon","coordinates":[[[16.494534,43.52697],[16.494538,43.526948],[16.494538,43.526943],[16.494538,43.526934],[16.494541,43.526934],[16.494543,43.526925],[16.494538,43.526925],[16.494538,43.526916],[16.494538,43.526907],[16.494547,43.526907],[16.494551,43.52689],[16.494551,43.526889],[16.494551,43.52688],[16.494551,43.526871],[16.494538,43.526871],[16.494501,43.526871],[16.494489,43.526871],[16.494489,43.526898],[16.494489,43.526916],[16.494476,43.526916],[16.494476,43.526934],[16.494476,43.526961],[16.494461,43.526965],[16.494476,43.52697],[16.494476,43.526979],[16.494489,43.526979],[16.494514,43.526979],[16.494526,43.526979],[16.494526,43.52697],[16.494534,43.52697]]]}},{"type":"Feature","properties":{"krov":"ROOF_FLAT","visina":4.8155,"kota_vrha":60.42447969},"geometry":{"type":"Polygon","coordinates":[[[16.502864,43.5267],[16.502815,43.5267],[16.502815,43.5267],[16.502802,43.5267],[16.502802,43.526709],[16.502778,43.526709],[16.502765,43.526709],[16.502753,43.526709],[16.50274,43.526709],[16.502716,43.526709],[16.502703,43.526709],[16.502703,43.526718],[16.502694,43.526718],[16.502694,43.526719],[16.502876,43.52672],[16.502876,43.526718],[16.502864,43.526718],[16.502864,43.526709],[16.502864,43.5267]]]}},{"type":"Feature","properties":{"krov":"ROOF_FLAT","visina":9.1567,"kota_vrha":60.65567969},"geometry":{"type":"Polygon","coordinates":[[[16.502876,43.52672],[16.502694,43.526719],[16.502691,43.526721],[16.502691,43.526727],[16.502691,43.526736],[16.502674,43.526742],[16.502666,43.526754],[16.502654,43.526754],[16.502654,43.526763],[16.502641,43.526763],[16.502641,43.526772],[16.502641,43.526781],[16.502641,43.526799],[16.502641,43.526808],[16.502641,43.526826],[16.502641,43.526835],[16.502641,43.526844],[16.502641,43.526862],[16.502641,43.526871],[16.502641,43.52688],[16.502641,43.526889],[16.502641,43.526898],[16.502641,43.526925],[16.502641,43.526943],[16.502641,43.526961],[16.502654,43.526961],[16.502654,43.52697],[16.502666,43.52697],[16.502666,43.526979],[16.502679,43.526979],[16.502679,43.526988],[16.502691,43.526988],[16.502703,43.526988],[16.502716,43.526988],[16.502728,43.526988],[16.50274,43.526988],[16.502753,43.526988],[16.502765,43.526988],[16.502778,43.526988],[16.502815,43.526988],[16.502877,43.526988],[16.502889,43.526988],[16.502889,43.526979],[16.502932,43.526955],[16.502938,43.526907],[16.502938,43.526844],[16.502938,43.52679],[16.502938,43.526781],[16.502938,43.526772],[16.502926,43.526772],[16.502926,43.526763],[16.502926,43.526754],[16.502914,43.526754],[16.502914,43.526745],[16.502901,43.526745],[16.502901,43.526736],[16.502889,43.526736],[16.502889,43.526727],[16.502876,43.526727],[16.502876,43.52672]]]}},{"type":"Feature","properties":{"krov":"ROOF_NOT_FLAT","visina":4.6963,"kota_vrha":60.32127969},"geometry":{"type":"Polygon","coordinates":[[[16.502815,43.5267],[16.502864,43.5267],[16.502864,43.5267],[16.502864,43.526691],[16.502864,43.526682],[16.502852,43.526682],[16.502839,43.526682],[16.502827,43.526682],[16.502827,43.526691],[16.502815,43.526691],[16.502815,43.5267]]]}},{"type":"Feature","properties":{"krov":"ROOF_FLAT","visina":13.687,"kota_vrha":62.95997969},"geometry":{"type":"Polygon","coordinates":[[[16.503854,43.52697],[16.503879,43.526953],[16.503879,43.526952],[16.503866,43.526952],[16.503854,43.526952],[16.503854,43.526961],[16.503838,43.526965],[16.503854,43.52697],[16.503854,43.52697]]]}},{"type":"Feature","properties":{"krov":"ROOF_FLAT","visina":11.8923,"kota_vrha":61.18627969},"geometry":{"type":"Polygon","coordinates":[[[16.503879,43.526953],[16.503854,43.52697],[16.503866,43.52697],[16.503866,43.526979],[16.503879,43.526979],[16.503879,43.526988],[16.503891,43.526988],[16.503903,43.526988],[16.503903,43.526979],[16.503891,43.526979],[16.503891,43.52697],[16.503879,43.52697],[16.503879,43.526961],[16.503879,43.526953]]]}},{"type":"Feature","properties":{"krov":"ROOF_FLAT","visina":17.2413,"kota_vrha":68.57327969},"geometry":{"type":"Polygon","coordinates":[[[16.502444,43.526997],[16.502468,43.526997],[16.502468,43.526988],[16.502481,43.526988],[16.502493,43.526988],[16.502493,43.526979],[16.502505,43.526979],[16.502505,43.52697],[16.502505,43.526961],[16.502518,43.526961],[16.502518,43.526952],[16.502518,43.526943],[16.502518,43.526934],[16.50253,43.526934],[16.50253,43.526907],[16.50253,43.526889],[16.50253,43.526871],[16.502518,43.526871],[16.502518,43.526844],[16.502511,43.52684],[16.5025,43.52683],[16.502461,43.526813],[16.502285,43.526804],[16.502207,43.526844],[16.502196,43.526925],[16.502196,43.526934],[16.502208,43.526934],[16.502212,43.526959],[16.502249,43.526986],[16.50227,43.526988],[16.50227,43.526997],[16.502283,43.526997],[16.502295,43.526997],[16.502307,43.526997],[16.50232,43.526997],[16.502332,43.526997],[16.502345,43.526997],[16.502357,43.526997],[16.502369,43.526997],[16.502382,43.526997],[16.502394,43.526997],[16.502406,43.526997],[16.502419,43.526997],[16.502431,43.526997],[16.502444,43.526997]],[[16.502419,43.526952],[16.502419,43.526961],[16.502431,43.526961],[16.502444,43.526961],[16.502456,43.526961],[16.502456,43.526952],[16.502456,43.526943],[16.502481,43.526943],[16.502493,43.526943],[16.502493,43.526952],[16.502493,43.526961],[16.502481,43.526961],[16.502468,43.526961],[16.502456,43.526961],[16.502456,43.52697],[16.502456,43.526979],[16.502431,43.526979],[16.502419,43.526979],[16.502419,43.52697],[16.502419,43.526961],[16.502406,43.526961],[16.502394,43.526961],[16.502382,43.526961],[16.502369,43.526961],[16.502369,43.52697],[16.502369,43.526979],[16.502357,43.526979],[16.502345,43.526979],[16.502332,43.526979],[16.50232,43.526979],[16.50232,43.52697],[16.50232,43.526961],[16.50232,43.526952],[16.502332,43.526952],[16.502332,43.526961],[16.502345,43.526961],[16.502357,43.526961],[16.502357,43.526952],[16.502369,43.526952],[16.502369,43.526943],[16.502382,43.526943],[16.502394,43.526943],[16.502406,43.526943],[16.502419,43.526943],[16.502419,43.526952]],[[16.50227,43.526925],[16.50227,43.526916],[16.502283,43.526916],[16.502295,43.526916],[16.502307,43.526916],[16.502332,43.526916],[16.502332,43.526925],[16.502332,43.526934],[16.50232,43.526934],[16.502307,43.526934],[16.502295,43.526934],[16.502283,43.526934],[16.50227,43.526934],[16.50227,43.526925]]]}},{"type":"Feature","properties":{"krov":"ROOF_FLAT","visina":4.6326,"kota_vrha":60.64857969},"geometry":{"type":"Polygon","coordinates":[[[16.503077,43.526631],[16.503198,43.526631],[16.503198,43.526628],[16.503198,43.526619],[16.503186,43.526619],[16.503173,43.526619],[16.503161,43.526619],[16.503149,43.526619],[16.503136,43.526619],[16.503124,43.526619],[16.503112,43.526619],[16.503099,43.526619],[16.503087,43.526619],[16.503087,43.526628],[16.503077,43.526628],[16.503077,43.526631]]]}},{"type":"Feature","properties":{"krov":"ROOF_FLAT","visina":9.8087,"kota_vrha":61.18567969},"geometry":{"type":"Polygon","coordinates":[[[16.503198,43.526631],[16.503077,43.526631],[16.503074,43.526632],[16.503074,43.526637],[16.503074,43.526646],[16.503062,43.526646],[16.503062,43.526655],[16.50305,43.526655],[16.50305,43.526664],[16.503037,43.526664],[16.503037,43.526673],[16.503025,43.526673],[16.503025,43.526682],[16.503025,43.526691],[16.503025,43.5267],[16.503025,43.526709],[16.503025,43.526727],[16.503025,43.526754],[16.503025,43.526763],[16.503025,43.526817],[16.503025,43.526853],[16.503025,43.526862],[16.503025,43.52688],[16.503025,43.526889],[16.503025,43.526907],[16.503025,43.526916],[16.503025,43.526925],[16.503028,43.52695],[16.503047,43.526963],[16.50305,43.526979],[16.503066,43.526985],[16.503074,43.526997],[16.503149,43.526997],[16.503203,43.526987],[16.503211,43.526979],[16.503253,43.526951],[16.50326,43.526871],[16.50326,43.526781],[16.50326,43.526763],[16.50326,43.526754],[16.50326,43.526745],[16.50326,43.526718],[16.50326,43.526709],[16.50326,43.526691],[16.50326,43.526682],[16.50326,43.526673],[16.503248,43.526673],[16.503248,43.526664],[16.503235,43.526664],[16.503235,43.526655],[16.503223,43.526655],[16.503223,43.526646],[16.503211,43.526646],[16.503211,43.526637],[16.503198,43.526637],[16.503198,43.526631]]]}},{"type":"Feature","properties":{"krov":"ROOF_FLAT","visina":2.3405,"kota_vrha":51.54747969},"geometry":{"type":"Polygon","coordinates":[[[16.500686,43.526943],[16.500687,43.526955],[16.500696,43.526955],[16.500696,43.526977],[16.500696,43.526979],[16.500699,43.526979],[16.500699,43.52697],[16.500712,43.52697],[16.500712,43.526979],[16.500712,43.526988],[16.500712,43.526997],[16.500699,43.526997],[16.500699,43.527006],[16.500712,43.527006],[16.500724,43.527006],[16.500736,43.527006],[16.500736,43.526997],[16.500736,43.526988],[16.500736,43.52697],[16.500736,43.526961],[16.500724,43.526961],[16.500724,43.526952],[16.500724,43.526943],[16.500712,43.526943],[16.500699,43.526943],[16.500687,43.526943],[16.500686,43.526943]]]}},{"type":"Feature","properties":{"krov":"ROOF_NOT_FLAT","visina":4.0099,"kota_vrha":53.15487969},"geometry":{"type":"Polygon","coordinates":[[[16.500696,43.526979],[16.500696,43.526977],[16.500696,43.526955],[16.500687,43.526955],[16.5006,43.526959],[16.5006,43.526961],[16.5006,43.52697],[16.5006,43.526979],[16.5006,43.526988],[16.500613,43.526988],[16.500625,43.526988],[16.500637,43.526988],[16.50065,43.526988],[16.500662,43.526988],[16.500662,43.526979],[16.500674,43.526979],[16.500687,43.526979],[16.500696,43.526979]]]}},{"type":"Feature","properties":{"krov":"ROOF_NOT_FLAT","visina":2.5329,"kota_vrha":51.67787969},"geometry":{"type":"Polygon","coordinates":[[[16.500687,43.526955],[16.500686,43.526943],[16.500674,43.526943],[16.500674,43.526952],[16.500662,43.526952],[16.50065,43.526952],[16.500637,43.526952],[16.500625,43.526952],[16.500613,43.526952],[16.5006,43.526952],[16.5006,43.526959],[16.500687,43.526955]]]}},{"type":"Feature","properties":{"krov":"ROOF_NOT_FLAT","visina":2.3935,"kota_vrha":51.76847969},"geometry":{"type":"Polygon","coordinates":[[[16.500922,43.526979],[16.500916,43.526967],[16.500909,43.526979],[16.500909,43.526988],[16.500909,43.527006],[16.500922,43.527006],[16.500934,43.527006],[16.500934,43.526997],[16.500934,43.526979],[16.500922,43.526979]]]}},{"type":"Feature","properties":{"krov":"ROOF_NOT_FLAT","visina":7.8781,"kota_vrha":40.88207969},"geometry":{"type":"Polygon","coordinates":[[[16.493864,43.52697],[16.493866,43.526961],[16.493858,43.526961],[16.493858,43.526958],[16.493845,43.526956],[16.493845,43.526961],[16.493833,43.526961],[16.493833,43.526954],[16.493796,43.526948],[16.493796,43.526952],[16.493784,43.526952],[16.493784,43.526946],[16.493779,43.526946],[16.49377,43.526983],[16.493767,43.526997],[16.493771,43.526997],[16.493771,43.526988],[16.493784,43.526988],[16.493796,43.526988],[16.493796,43.526997],[16.493808,43.526997],[16.493821,43.526997],[16.493833,43.526997],[16.493845,43.526997],[16.493845,43.526988],[16.493845,43.52697],[16.493858,43.52697],[16.493864,43.52697]]]}},{"type":"Feature","properties":{"krov":"ROOF_NOT_FLAT","visina":8.5942,"kota_vrha":41.57317969},"geometry":{"type":"Polygon","coordinates":[[[16.493767,43.526997],[16.49377,43.526983],[16.493779,43.526946],[16.493734,43.526939],[16.493734,43.526943],[16.493722,43.526943],[16.493722,43.526937],[16.493702,43.526934],[16.493697,43.526934],[16.493697,43.526943],[16.493697,43.52697],[16.493697,43.526979],[16.493685,43.526979],[16.493685,43.526988],[16.493685,43.526997],[16.493697,43.526997],[16.493709,43.526997],[16.493722,43.526997],[16.493734,43.526997],[16.49374,43.527008],[16.493747,43.526997],[16.493759,43.526997],[16.493767,43.526997]]]}},{"type":"Feature","properties":{"krov":"ROOF_NOT_FLAT","visina":5.9835,"kota_vrha":39.22747969},"geometry":{"type":"Polygon","coordinates":[[[16.493878,43.52697],[16.493883,43.52697],[16.493889,43.526981],[16.493895,43.52697],[16.493907,43.52697],[16.493907,43.526961],[16.493907,43.526952],[16.49392,43.526952],[16.49392,43.526943],[16.493907,43.526943],[16.493895,43.526943],[16.493895,43.526952],[16.493884,43.526952],[16.493883,43.526953],[16.493883,43.526961],[16.49388,43.526961],[16.493878,43.52697]]]}},{"type":"Feature","properties":{"krov":"ROOF_NOT_FLAT","visina":5.5092,"kota_vrha":38.64517969},"geometry":{"type":"Polygon","coordinates":[[[16.493878,43.526961],[16.493875,43.526961],[16.49387,43.526961],[16.493866,43.526961],[16.493864,43.52697],[16.49387,43.52697],[16.493878,43.52697],[16.49388,43.526961],[16.493878,43.526961]]]}},{"type":"Feature","properties":{"krov":"ROOF_NOT_FLAT","visina":3.9032,"kota_vrha":36.86717969},"geometry":{"type":"Polygon","coordinates":[[[16.493702,43.526934],[16.493722,43.526937],[16.493722,43.526934],[16.493734,43.526934],[16.493734,43.526939],[16.493779,43.526946],[16.493784,43.526946],[16.493784,43.526943],[16.493796,43.526943],[16.493796,43.526948],[16.493833,43.526954],[16.493833,43.526952],[16.493845,43.526952],[16.493845,43.526956],[16.493858,43.526958],[16.493858,43.526952],[16.493874,43.526947],[16.493858,43.526943],[16.493858,43.526934],[16.493845,43.526934],[16.493833,43.526934],[16.493821,43.526934],[16.493808,43.526934],[16.493796,43.526934],[16.493784,43.526934],[16.493771,43.526934],[16.493771,43.526925],[16.493734,43.526925],[16.493722,43.526925],[16.493709,43.526925],[16.493709,43.526934],[16.493702,43.526934]]]}},{"type":"Feature","properties":{"krov":"ROOF_NOT_FLAT","visina":10.8154,"kota_vrha":44.83137969},"geometry":{"type":"Polygon","coordinates":[[[16.494101,43.526952],[16.494101,43.526952],[16.494093,43.526952],[16.494093,43.52695],[16.494065,43.526945],[16.494037,43.526939],[16.494025,43.526971],[16.494019,43.526987],[16.494019,43.526988],[16.494019,43.526997],[16.494019,43.527006],[16.494011,43.527008],[16.494009,43.527012],[16.494019,43.527015],[16.494019,43.527024],[16.494031,43.527024],[16.494048,43.52703],[16.494068,43.527033],[16.494081,43.527033],[16.494093,43.527033],[16.494093,43.527024],[16.494093,43.527015],[16.494093,43.527006],[16.494105,43.527006],[16.494118,43.527006],[16.494118,43.526997],[16.494118,43.526988],[16.494116,43.526988],[16.494105,43.526988],[16.494105,43.526979],[16.494105,43.52697],[16.494121,43.526965],[16.494105,43.526961],[16.494105,43.526953],[16.494101,43.526952]]]}},{"type":"Feature","properties":{"krov":"ROOF_NOT_FLAT","visina":9.1681,"kota_vrha":43.34207969},"geometry":{"type":"MultiPolygon","coordinates":[[[[16.494037,43.526939],[16.494065,43.526945],[16.494093,43.52695],[16.494093,43.526943],[16.494093,43.526934],[16.494081,43.526934],[16.494081,43.526925],[16.494068,43.526925],[16.494056,43.526925],[16.494056,43.526934],[16.494043,43.526934],[16.494032,43.526934],[16.494031,43.526935],[16.494031,43.526938],[16.494037,43.526939]]]]}},{"type":"Feature","properties":{"krov":"ROOF_NOT_FLAT","visina":10.342,"kota_vrha":44.51697969},"geometry":{"type":"MultiPolygon","coordinates":[[[[16.494025,43.526971],[16.49397,43.52696],[16.493969,43.526962],[16.493969,43.52697],[16.493982,43.52697],[16.493982,43.526979],[16.493994,43.526979],[16.494006,43.526979],[16.494019,43.526979],[16.494019,43.526987],[16.494025,43.526971]]],[[[16.494011,43.527008],[16.494003,43.52701],[16.494009,43.527012],[16.494011,43.527008]]]]}},{"type":"Feature","properties":{"krov":"ROOF_NOT_FLAT","visina":9.8552,"kota_vrha":44.04517969},"geometry":{"type":"Polygon","coordinates":[[[16.494037,43.526939],[16.494031,43.526938],[16.494031,43.526943],[16.494019,43.526943],[16.494006,43.526943],[16.493994,43.526943],[16.493988,43.526931],[16.493982,43.526943],[16.493969,43.526943],[16.493969,43.526952],[16.493969,43.526961],[16.493969,43.526962],[16.49397,43.52696],[16.494025,43.526971],[16.494037,43.526939]]]}},{"type":"Feature","properties":{"krov":"ROOF_NOT_FLAT","visina":3.4039,"kota_vrha":54.88087969},"geometry":{"type":"Polygon","coordinates":[[[16.503619,43.527033],[16.503631,43.527033],[16.503625,43.527021],[16.503619,43.527033]]]}},{"type":"Feature","properties":{"krov":"ROOF_NOT_FLAT","visina":8.8995,"kota_vrha":34.33247969},"geometry":{"type":"Polygon","coordinates":[[[16.492456,43.527006],[16.49246,43.527004],[16.49246,43.526997],[16.492472,43.526997],[16.492472,43.526999],[16.49248,43.526996],[16.492497,43.526989],[16.492497,43.526988],[16.492497,43.526979],[16.492509,43.526979],[16.492509,43.52697],[16.492525,43.526965],[16.492509,43.526961],[16.492509,43.526952],[16.492509,43.526943],[16.492497,43.526943],[16.492497,43.526934],[16.492497,43.526925],[16.492485,43.526925],[16.492472,43.526925],[16.492472,43.526934],[16.49246,43.526934],[16.49246,43.526943],[16.492448,43.526943],[16.492448,43.526943],[16.492448,43.526944],[16.492448,43.526944],[16.492448,43.526952],[16.492435,43.526952],[16.492435,43.526961],[16.49241,43.526961],[16.49241,43.52697],[16.49241,43.526997],[16.49241,43.527005],[16.492411,43.527006],[16.492423,43.527006],[16.492435,43.527006],[16.492448,43.527006],[16.492456,43.527006]]]}},{"type":"Feature","properties":{"krov":"ROOF_NOT_FLAT","visina":8.5663,"kota_vrha":34.18627969},"geometry":{"type":"MultiPolygon","coordinates":[[[[16.49246,43.527004],[16.492456,43.527006],[16.49246,43.527006],[16.49246,43.527004]]],[[[16.492497,43.526989],[16.49248,43.526996],[16.492472,43.526999],[16.492472,43.527006],[16.492485,43.527006],[16.492485,43.527015],[16.492485,43.527024],[16.492491,43.527035],[16.492497,43.527024],[16.492509,43.527024],[16.492522,43.527024],[16.492534,43.527024],[16.492534,43.527015],[16.492547,43.527015],[16.492559,43.527015],[16.492559,43.527006],[16.492547,43.527006],[16.492547,43.526997],[16.492547,43.526988],[16.492534,43.526988],[16.492522,43.526988],[16.492522,43.526997],[16.492509,43.526997],[16.492497,43.526997],[16.492497,43.526989]]]]}},{"type":"Feature","properties":{"krov":"ROOF_FLAT","visina":6.8966,"kota_vrha":43.09157969},"geometry":{"type":"Polygon","coordinates":[[[16.495256,43.52697],[16.495243,43.52697],[16.495243,43.526979],[16.495243,43.526997],[16.495243,43.527015],[16.495281,43.527015],[16.495305,43.527015],[16.495305,43.527042],[16.49533,43.527042],[16.495342,43.527042],[16.495355,43.527042],[16.495355,43.527006],[16.495355,43.526988],[16.495355,43.526979],[16.495355,43.52697],[16.49533,43.52697],[16.495293,43.52697],[16.495256,43.52697]]]}},{"type":"Feature","properties":{"krov":"ROOF_FLAT","visina":2.6164,"kota_vrha":50.82937969},"geometry":{"type":"Polygon","coordinates":[[[16.501111,43.527042],[16.501107,43.527034],[16.501107,43.527042],[16.501111,43.527042]]]}},{"type":"Feature","properties":{"krov":"ROOF_NOT_FLAT","visina":3.604,"kota_vrha":51.84097969},"geometry":{"type":"Polygon","coordinates":[[[16.50112,43.527042],[16.50112,43.527033],[16.501132,43.527033],[16.501145,43.527033],[16.501157,43.527033],[16.501169,43.527033],[16.501169,43.527024],[16.501182,43.527024],[16.501194,43.527024],[16.501206,43.527024],[16.501206,43.527015],[16.501206,43.526997],[16.501194,43.526997],[16.501169,43.526997],[16.501169,43.527006],[16.501157,43.527006],[16.501145,43.527006],[16.501132,43.527006],[16.501132,43.527015],[16.50112,43.527015],[16.50112,43.527024],[16.501107,43.527024],[16.501107,43.527027],[16.501114,43.527042],[16.50112,43.527042]]]}},{"type":"Feature","properties":{"krov":"ROOF_NOT_FLAT","visina":3.4039,"kota_vrha":54.88087969},"geometry":{"type":"Polygon","coordinates":[[[16.503619,43.527033],[16.503606,43.527033],[16.503606,43.527042],[16.503619,43.527042],[16.503619,43.527033]]]}},{"type":"Feature","properties":{"krov":"ROOF_FLAT","visina":2.983,"kota_vrha":29.10397969},"geometry":{"type":"Polygon","coordinates":[[[16.492596,43.527015],[16.492596,43.527015],[16.492596,43.527006],[16.492584,43.527006],[16.492584,43.527015],[16.492584,43.52702],[16.492596,43.527015]]]}},{"type":"Feature","properties":{"krov":"ROOF_NOT_FLAT","visina":5.4891,"kota_vrha":31.67307969},"geometry":{"type":"Polygon","coordinates":[[[16.492596,43.527015],[16.492584,43.52702],[16.492584,43.527024],[16.492577,43.527024],[16.492584,43.527033],[16.492596,43.527033],[16.492596,43.527024],[16.492596,43.527015]]]}},{"type":"Feature","properties":{"krov":"ROOF_NOT_FLAT","visina":5.9642,"kota_vrha":32.02717969},"geometry":{"type":"Polygon","coordinates":[[[16.492584,43.527033],[16.492577,43.527024],[16.492571,43.527024],[16.492559,43.527024],[16.492559,43.527033],[16.492559,43.527042],[16.492547,43.527042],[16.492547,43.527051],[16.492559,43.527051],[16.492564,43.527051],[16.492571,43.527048],[16.492571,43.527042],[16.492571,43.527033],[16.492584,43.527033],[16.492584,43.527033]]]}},{"type":"Feature","properties":{"krov":"ROOF_NOT_FLAT","visina":7.8781,"kota_vrha":40.88207969},"geometry":{"type":"Polygon","coordinates":[[[16.493796,43.527042],[16.493796,43.527033],[16.493808,43.527033],[16.493808,43.527024],[16.493796,43.527024],[16.493796,43.527015],[16.49379,43.527003],[16.493784,43.527015],[16.493771,43.527015],[16.493771,43.527024],[16.493771,43.527033],[16.493759,43.527033],[16.493759,43.527042],[16.493771,43.527042],[16.493771,43.527051],[16.493784,43.527051],[16.493796,43.527051],[16.493796,43.527042]]]}},{"type":"Feature","properties":{"krov":"ROOF_NOT_FLAT","visina":3.4039,"kota_vrha":54.88087969},"geometry":{"type":"Polygon","coordinates":[[[16.503606,43.527042],[16.503594,43.527042],[16.503594,43.527051],[16.503606,43.527051],[16.503606,43.527042]]]}},{"type":"Feature","properties":{"krov":"ROOF_NOT_FLAT","visina":5.9642,"kota_vrha":32.02717969},"geometry":{"type":"Polygon","coordinates":[[[16.492547,43.527051],[16.492534,43.527051],[16.492534,43.52706],[16.492541,43.52706],[16.492547,43.527058],[16.492547,43.527051]]]}},{"type":"Feature","properties":{"krov":"ROOF_NOT_FLAT","visina":4.2202,"kota_vrha":30.50517969},"geometry":{"type":"Polygon","coordinates":[[[16.492621,43.527042],[16.492608,43.527042],[16.492608,43.527051],[16.492608,43.52706],[16.492621,43.52706],[16.492633,43.52706],[16.492633,43.527051],[16.492621,43.527051],[16.492621,43.527042]]]}},{"type":"Feature","properties":{"krov":"ROOF_FLAT","visina":5.2376,"kota_vrha":52.91557969},"geometry":{"type":"Polygon","coordinates":[[[16.501008,43.52706],[16.500996,43.52706],[16.500996,43.527064],[16.501008,43.527061],[16.501008,43.52706]]]}},{"type":"Feature","properties":{"krov":"ROOF_NOT_FLAT","visina":7.9645,"kota_vrha":55.61447969},"geometry":{"type":"Polygon","coordinates":[[[16.501008,43.52706],[16.501008,43.527061],[16.500996,43.527064],[16.500996,43.527069],[16.501008,43.527069],[16.501021,43.527069],[16.501021,43.52706],[16.501033,43.52706],[16.501046,43.52706],[16.501058,43.52706],[16.50107,43.52706],[16.50107,43.527069],[16.501083,43.527069],[16.501083,43.52706],[16.501083,43.527051],[16.50107,43.527051],[16.50107,43.527042],[16.50107,43.527033],[16.50107,43.527024],[16.501058,43.527024],[16.501046,43.527024],[16.501046,43.527033],[16.501033,43.527033],[16.501008,43.527033],[16.501008,43.527042],[16.501008,43.527051],[16.501008,43.52706],[16.501008,43.52706]]]}},{"type":"Feature","properties":{"krov":"ROOF_NOT_FLAT","visina":3.4039,"kota_vrha":54.88087969},"geometry":{"type":"Polygon","coordinates":[[[16.503594,43.527051],[16.503582,43.527051],[16.503569,43.527051],[16.503569,43.52706],[16.503553,43.527064],[16.503569,43.527069],[16.503582,43.527069],[16.503582,43.52706],[16.503594,43.52706],[16.503594,43.527051]]]}},{"type":"Feature","properties":{"krov":"ROOF_NOT_FLAT","visina":6.917,"kota_vrha":39.56097969},"geometry":{"type":"Polygon","coordinates":[[[16.493675,43.527033],[16.493677,43.527024],[16.493672,43.527024],[16.49366,43.527024],[16.49366,43.527015],[16.493648,43.527015],[16.493648,43.527024],[16.493648,43.527033],[16.493635,43.527033],[16.493635,43.527042],[16.493635,43.527051],[16.493635,43.52706],[16.493635,43.527069],[16.493648,43.527069],[16.493648,43.527078],[16.49366,43.527078],[16.493672,43.527078],[16.493672,43.527069],[16.493672,43.52706],[16.49366,43.52706],[16.49366,43.527051],[16.49366,43.527042],[16.49366,43.527033],[16.493672,43.527033],[16.493675,43.527033]]]}},{"type":"Feature","properties":{"krov":"ROOF_NOT_FLAT","visina":7.9809,"kota_vrha":40.95587969},"geometry":{"type":"Polygon","coordinates":[[[16.493722,43.527015],[16.493722,43.527015],[16.493709,43.527015],[16.493697,43.527015],[16.493697,43.527024],[16.493685,43.527024],[16.493677,43.527024],[16.493675,43.527033],[16.493685,43.527033],[16.493685,43.527042],[16.493685,43.527051],[16.493697,43.527051],[16.493709,43.527051],[16.493709,43.527042],[16.493709,43.527033],[16.493722,43.527033],[16.493722,43.527024],[16.493722,43.527015]]]}},{"type":"Feature","properties":{"krov":"ROOF_FLAT","visina":11.8923,"kota_vrha":61.18627969},"geometry":{"type":"Polygon","coordinates":[[[16.503944,43.527073],[16.503982,43.52704],[16.503965,43.527033],[16.503965,43.527024],[16.503953,43.527024],[16.503953,43.527015],[16.50394,43.527015],[16.50394,43.527006],[16.503928,43.527006],[16.503916,43.527006],[16.503916,43.527015],[16.503903,43.527015],[16.503891,43.527015],[16.503879,43.527015],[16.503879,43.527006],[16.503866,43.527006],[16.503866,43.526997],[16.503854,43.526997],[16.503841,43.526997],[16.503841,43.527006],[16.503829,43.527006],[16.503829,43.527015],[16.503817,43.527015],[16.503804,43.527015],[16.503804,43.527024],[16.503804,43.527032],[16.503805,43.527033],[16.503817,43.527033],[16.503817,43.527042],[16.503817,43.527042],[16.503829,43.527042],[16.503829,43.527051],[16.503854,43.527051],[16.503854,43.52706],[16.503855,43.52706],[16.503858,43.527059],[16.503859,43.52706],[16.503866,43.52706],[16.503879,43.52706],[16.503879,43.527069],[16.503891,43.527069],[16.503901,43.527081],[16.503944,43.527073]]]}},{"type":"Feature","properties":{"krov":"ROOF_FLAT","visina":1.8894,"kota_vrha":28.59537969},"geometry":{"type":"Polygon","coordinates":[[[16.492645,43.527087],[16.492645,43.527078],[16.492633,43.527078],[16.492621,43.527078],[16.492621,43.527085],[16.492632,43.527082],[16.492635,43.527087],[16.492645,43.527087]]]}},{"type":"Feature","properties":{"krov":"ROOF_FLAT","visina":7.4397,"kota_vrha":42.73967969},"geometry":{"type":"Polygon","coordinates":[[[16.494842,43.527006],[16.494835,43.527006],[16.494835,43.526997],[16.494823,43.526997],[16.49481,43.526997],[16.494798,43.526997],[16.494786,43.526997],[16.494773,43.526997],[16.494773,43.527006],[16.494773,43.527015],[16.494786,43.527015],[16.494787,43.527015],[16.494792,43.527002],[16.49484,43.52701],[16.494842,43.527006]]]}},{"type":"Feature","properties":{"krov":"ROOF_NOT_FLAT","visina":13.277,"kota_vrha":47.07697969},"geometry":{"type":"Polygon","coordinates":[[[16.494842,43.527006],[16.49484,43.52701],[16.494792,43.527002],[16.494787,43.527015],[16.494798,43.527015],[16.494798,43.527024],[16.494798,43.527033],[16.494786,43.527033],[16.494786,43.527042],[16.494773,43.527042],[16.494773,43.527051],[16.494773,43.52706],[16.494786,43.52706],[16.494798,43.52706],[16.49481,43.52706],[16.49481,43.527069],[16.494823,43.527069],[16.494835,43.527069],[16.494848,43.527069],[16.49486,43.527069],[16.49486,43.527078],[16.494872,43.527078],[16.494885,43.527078],[16.494897,43.527078],[16.494897,43.527087],[16.494909,43.527087],[16.494922,43.527087],[16.494934,43.527087],[16.494934,43.527078],[16.494934,43.527069],[16.494934,43.52706],[16.494934,43.527051],[16.494947,43.527051],[16.494947,43.527042],[16.494947,43.527033],[16.494947,43.527024],[16.494934,43.527024],[16.494934,43.527015],[16.494922,43.527015],[16.494909,43.527015],[16.494897,43.527015],[16.494885,43.527015],[16.494885,43.527006],[16.49486,43.527006],[16.494848,43.527006],[16.494842,43.527006]]]}},{"type":"Feature","properties":{"krov":"ROOF_NOT_FLAT","visina":3.3755,"kota_vrha":36.36447969},"geometry":{"type":"Polygon","coordinates":[[[16.494202,43.527105],[16.494203,43.527104],[16.494206,43.527096],[16.494204,43.527096],[16.494192,43.527096],[16.49418,43.527096],[16.49418,43.527105],[16.494192,43.527105],[16.494202,43.527105]]]}},{"type":"Feature","properties":{"krov":"ROOF_NOT_FLAT","visina":3.6411,"kota_vrha":36.68207969},"geometry":{"type":"Polygon","coordinates":[[[16.494206,43.527096],[16.494203,43.527104],[16.494202,43.527105],[16.494204,43.527105],[16.494204,43.527114],[16.494217,43.527114],[16.494229,43.527114],[16.494241,43.527114],[16.494241,43.527105],[16.494229,43.527105],[16.494229,43.527096],[16.494217,43.527096],[16.494206,43.527096]]]}},{"type":"Feature","properties":{"krov":"ROOF_NOT_FLAT","visina":10.2533,"kota_vrha":45.82027969},"geometry":{"type":"Polygon","coordinates":[[[16.495144,43.527096],[16.495144,43.527078],[16.495157,43.527078],[16.495157,43.527051],[16.495157,43.527042],[16.495132,43.527042],[16.49512,43.527042],[16.495107,43.527042],[16.495107,43.527033],[16.495095,43.527033],[16.495083,43.527033],[16.49507,43.527033],[16.495058,43.527033],[16.495058,43.527042],[16.495058,43.527051],[16.495058,43.527069],[16.495058,43.527087],[16.495058,43.527096],[16.495045,43.527096],[16.495045,43.527105],[16.495045,43.527114],[16.495058,43.527114],[16.495058,43.527123],[16.49507,43.527123],[16.495083,43.527123],[16.495095,43.527123],[16.495107,43.527123],[16.49512,43.527123],[16.495144,43.527123],[16.495144,43.527114],[16.495144,43.527096]]]}},{"type":"Feature","properties":{"krov":"ROOF_FLAT","visina":5.3548,"kota_vrha":41.44277969},"geometry":{"type":"Polygon","coordinates":[[[16.495281,43.52706],[16.495281,43.527051],[16.495268,43.527051],[16.495256,43.527051],[16.495256,43.52706],[16.495243,43.52706],[16.495231,43.52706],[16.495231,43.527069],[16.495231,43.527078],[16.495231,43.527087],[16.495231,43.527096],[16.495231,43.527105],[16.495231,43.527114],[16.495231,43.527123],[16.495243,43.527123],[16.495256,43.527123],[16.495268,43.527123],[16.495281,43.527123],[16.495293,43.527123],[16.495305,43.527123],[16.495318,43.527123],[16.495318,43.527114],[16.495318,43.527105],[16.495318,43.527096],[16.495318,43.527087],[16.495318,43.527078],[16.495318,43.527069],[16.495305,43.527069],[16.495305,43.52706],[16.495293,43.52706],[16.495281,43.52706]]]}},{"type":"Feature","properties":{"krov":"ROOF_NOT_FLAT","visina":7.0878,"kota_vrha":42.43777969},"geometry":{"type":"Polygon","coordinates":[[[16.495831,43.526947],[16.495707,43.526946],[16.495701,43.526997],[16.495701,43.527015],[16.495701,43.527024],[16.495701,43.527033],[16.495693,43.527045],[16.495689,43.52706],[16.495689,43.527105],[16.495689,43.527114],[16.495701,43.527114],[16.495726,43.527114],[16.495825,43.527114],[16.495837,43.527114],[16.496277,43.527118],[16.496481,43.527123],[16.496555,43.527123],[16.496716,43.527123],[16.49674,43.527123],[16.496753,43.527123],[16.496765,43.527123],[16.496864,43.527123],[16.496864,43.527051],[16.496864,43.527042],[16.496864,43.527033],[16.496864,43.526961],[16.496827,43.526961],[16.496703,43.526961],[16.496512,43.526956],[16.495831,43.526947]]]}},{"type":"Feature","properties":{"krov":"ROOF_NOT_FLAT","visina":4.2925,"kota_vrha":40.24347969},"geometry":{"type":"Polygon","coordinates":[[[16.495366,43.52712],[16.495356,43.52712],[16.495355,43.527123],[16.495339,43.527127],[16.495355,43.527132],[16.495367,43.527132],[16.495367,43.527123],[16.495366,43.52712]]]}},{"type":"Feature","properties":{"krov":"ROOF_NOT_FLAT","visina":2.5851,"kota_vrha":38.67807969},"geometry":{"type":"Polygon","coordinates":[[[16.495356,43.52712],[16.495366,43.52712],[16.495361,43.527111],[16.495356,43.52712]]]}},{"type":"Feature","properties":{"krov":"ROOF_FLAT","visina":5.2089,"kota_vrha":37.89887969},"geometry":{"type":"Polygon","coordinates":[[[16.49404,43.527105],[16.494031,43.527105],[16.494019,43.527105],[16.494006,43.527105],[16.493994,43.527105],[16.493982,43.527105],[16.493982,43.527114],[16.493982,43.527123],[16.493982,43.527128],[16.494032,43.527136],[16.49404,43.527105]]]}},{"type":"Feature","properties":{"krov":"ROOF_NOT_FLAT","visina":6.9615,"kota_vrha":39.66247969},"geometry":{"type":"Polygon","coordinates":[[[16.49404,43.527105],[16.494032,43.527136],[16.493982,43.527128],[16.493982,43.527132],[16.493982,43.527141],[16.493969,43.527141],[16.493969,43.52715],[16.493969,43.527159],[16.493982,43.527159],[16.493994,43.527159],[16.494006,43.527159],[16.494019,43.527159],[16.494031,43.527159],[16.494031,43.527168],[16.494043,43.527168],[16.494056,43.527168],[16.494056,43.527159],[16.494068,43.527159],[16.494068,43.52715],[16.494068,43.527141],[16.494068,43.527132],[16.494081,43.527132],[16.494081,43.527123],[16.494081,43.527114],[16.494081,43.527105],[16.494093,43.527105],[16.494093,43.527096],[16.494093,43.527087],[16.494081,43.527087],[16.494068,43.527087],[16.494056,43.527087],[16.494056,43.527096],[16.494056,43.527105],[16.494056,43.527114],[16.494043,43.527114],[16.494043,43.527105],[16.49404,43.527105]]]}},{"type":"Feature","properties":{"krov":"ROOF_NOT_FLAT","visina":8.8982,"kota_vrha":42.10917969},"geometry":{"type":"Polygon","coordinates":[[[16.494625,43.527186],[16.494637,43.527186],[16.494637,43.527177],[16.494625,43.527177],[16.494625,43.527186]]]}},{"type":"Feature","properties":{"krov":"ROOF_FLAT","visina":5.8197,"kota_vrha":39.21367969},"geometry":{"type":"MultiPolygon","coordinates":[[[[16.494446,43.527137],[16.49447,43.527142],[16.494476,43.527143],[16.494476,43.527141],[16.494476,43.527132],[16.494464,43.527132],[16.494452,43.527132],[16.494439,43.527132],[16.494439,43.527136],[16.494446,43.527137]]]]}},{"type":"Feature","properties":{"krov":"ROOF_NOT_FLAT","visina":9.9564,"kota_vrha":43.03537969},"geometry":{"type":"Polygon","coordinates":[[[16.494476,43.527143],[16.49447,43.527142],[16.494446,43.527137],[16.494439,43.527136],[16.494439,43.527141],[16.494427,43.527141],[16.494415,43.527141],[16.494415,43.527132],[16.494413,43.527132],[16.494413,43.527132],[16.494402,43.527132],[16.49439,43.527132],[16.494381,43.527132],[16.494369,43.527172],[16.494369,43.527173],[16.494367,43.527177],[16.494377,43.527177],[16.49439,43.527177],[16.49439,43.527186],[16.494402,43.527186],[16.494415,43.527186],[16.494427,43.527186],[16.494439,43.527186],[16.494439,43.527195],[16.494452,43.527195],[16.494464,43.527195],[16.494476,43.527195],[16.494476,43.527186],[16.494476,43.527177],[16.494476,43.527168],[16.494492,43.527163],[16.494476,43.527159],[16.494476,43.52715],[16.494476,43.527143]]]}},{"type":"Feature","properties":{"krov":"ROOF_NOT_FLAT","visina":9.4062,"kota_vrha":42.51517969},"geometry":{"type":"Polygon","coordinates":[[[16.494367,43.527177],[16.494369,43.527173],[16.494369,43.527172],[16.494381,43.527132],[16.494377,43.527132],[16.494365,43.527132],[16.494365,43.527141],[16.494353,43.527141],[16.494353,43.527159],[16.494353,43.527168],[16.494353,43.527177],[16.494365,43.527177],[16.494367,43.527177]]]}},{"type":"Feature","properties":{"krov":"ROOF_FLAT","visina":11.0816,"kota_vrha":72.08157969},"geometry":{"type":"MultiPolygon","coordinates":[[[[16.507169,43.527123],[16.507169,43.527132],[16.507169,43.527141],[16.507169,43.527145],[16.507174,43.527145],[16.507171,43.527114],[16.507169,43.527114],[16.507157,43.527114],[16.507157,43.527123],[16.507169,43.527123]]],[[[16.507145,43.527123],[16.507132,43.527123],[16.50712,43.527123],[16.507107,43.527123],[16.507106,43.527123],[16.507107,43.527132],[16.50712,43.527132],[16.50712,43.527141],[16.50712,43.527149],[16.507157,43.527146],[16.507157,43.527141],[16.507145,43.527141],[16.507145,43.527132],[16.507157,43.527132],[16.507157,43.527123],[16.507145,43.527123]]]]}},{"type":"Feature","properties":{"krov":"ROOF_NOT_FLAT","visina":15.2419,"kota_vrha":75.24187969},"geometry":{"type":"Polygon","coordinates":[[[16.507051,43.527177],[16.507045,43.527132],[16.507033,43.527132],[16.507033,43.527141],[16.507021,43.527141],[16.507009,43.527141],[16.506996,43.527141],[16.506984,43.527141],[16.506963,43.527144],[16.506947,43.52715],[16.506922,43.52715],[16.50691,43.52715],[16.506908,43.52715],[16.506912,43.527185],[16.506884,43.527187],[16.506879,43.52715],[16.506872,43.52715],[16.50686,43.52715],[16.50686,43.527159],[16.50686,43.527168],[16.50686,43.527186],[16.50686,43.527195],[16.506872,43.527195],[16.506885,43.527195],[16.506897,43.527195],[16.50691,43.527195],[16.506922,43.527195],[16.506934,43.527195],[16.506947,43.527195],[16.506959,43.527195],[16.506959,43.527186],[16.506971,43.527186],[16.506984,43.527186],[16.506996,43.527186],[16.507009,43.527186],[16.507021,43.527186],[16.507033,43.527186],[16.507033,43.527177],[16.507046,43.527177],[16.507051,43.527177]]]}},{"type":"Feature","properties":{"krov":"ROOF_NOT_FLAT","visina":15.5138,"kota_vrha":76.51377969},"geometry":{"type":"Polygon","coordinates":[[[16.507171,43.527114],[16.507174,43.527145],[16.507169,43.527145],[16.507169,43.52715],[16.507157,43.52715],[16.507157,43.527146],[16.50712,43.527149],[16.50712,43.52715],[16.507114,43.52715],[16.50711,43.52715],[16.50711,43.52715],[16.507107,43.52715],[16.507107,43.527141],[16.507107,43.527133],[16.507106,43.527123],[16.507095,43.527123],[16.507083,43.527123],[16.50707,43.527123],[16.507058,43.527123],[16.507046,43.527123],[16.507046,43.527132],[16.507045,43.527132],[16.507051,43.527177],[16.507058,43.527177],[16.507058,43.527186],[16.50707,43.527186],[16.507083,43.527186],[16.507095,43.527186],[16.507107,43.527186],[16.50712,43.527186],[16.507132,43.527186],[16.507145,43.527186],[16.507157,43.527186],[16.507157,43.527177],[16.507169,43.527177],[16.507182,43.527177],[16.507194,43.527177],[16.507206,43.527177],[16.507219,43.527177],[16.507231,43.527177],[16.507231,43.527168],[16.507231,43.527159],[16.507231,43.52715],[16.507219,43.52715],[16.507219,43.527123],[16.507219,43.527114],[16.507206,43.527114],[16.507194,43.527114],[16.507182,43.527114],[16.507171,43.527114]]]}},{"type":"Feature","properties":{"krov":"ROOF_NOT_FLAT","visina":13.8764,"kota_vrha":73.87637969},"geometry":{"type":"Polygon","coordinates":[[[16.506908,43.52715],[16.506897,43.52715],[16.506885,43.52715],[16.506879,43.52715],[16.506884,43.527187],[16.506912,43.527185],[16.506908,43.52715]]]}},{"type":"Feature","properties":{"krov":"ROOF_NOT_FLAT","visina":11.5292,"kota_vrha":44.67217969},"geometry":{"type":"Polygon","coordinates":[[[16.494625,43.527189],[16.494613,43.527188],[16.494612,43.52719],[16.494611,43.527195],[16.494612,43.527195],[16.494612,43.527204],[16.494625,43.527204],[16.494625,43.527195],[16.494625,43.527189]]]}},{"type":"Feature","properties":{"krov":"ROOF_NOT_FLAT","visina":11.8645,"kota_vrha":44.99047969},"geometry":{"type":"Polygon","coordinates":[[[16.494611,43.527195],[16.494612,43.52719],[16.494613,43.527188],[16.494614,43.527186],[16.494612,43.527186],[16.4946,43.527186],[16.4946,43.527177],[16.4946,43.527168],[16.494612,43.527168],[16.494612,43.527159],[16.494612,43.52715],[16.4946,43.52715],[16.494588,43.52715],[16.494588,43.527141],[16.494575,43.527141],[16.494574,43.527141],[16.494563,43.527176],[16.494562,43.527182],[16.49456,43.527186],[16.494563,43.527186],[16.494575,43.527186],[16.494588,43.527186],[16.494588,43.527195],[16.4946,43.527195],[16.494611,43.527195]]]}},{"type":"Feature","properties":{"krov":"ROOF_NOT_FLAT","visina":12.1752,"kota_vrha":45.34517969},"geometry":{"type":"Polygon","coordinates":[[[16.49456,43.527186],[16.494562,43.527182],[16.494563,43.527176],[16.494574,43.527141],[16.494563,43.527141],[16.494563,43.527132],[16.494526,43.527132],[16.494514,43.527132],[16.494514,43.527141],[16.494514,43.52715],[16.494514,43.527159],[16.494514,43.527168],[16.494498,43.527172],[16.494514,43.527177],[16.494526,43.527177],[16.494538,43.527177],[16.494551,43.527177],[16.494551,43.527186],[16.49456,43.527186]]]}},{"type":"Feature","properties":{"krov":"ROOF_NOT_FLAT","visina":8.8982,"kota_vrha":42.10917969},"geometry":{"type":"Polygon","coordinates":[[[16.494625,43.527186],[16.494614,43.527186],[16.494613,43.527188],[16.494625,43.527189],[16.494625,43.527186]]]}},{"type":"Feature","properties":{"krov":"ROOF_NOT_FLAT","visina":15.5138,"kota_vrha":76.51377969},"geometry":{"type":"Polygon","coordinates":[[[16.507103,43.527215],[16.507108,43.527204],[16.507092,43.527207],[16.507103,43.527215]]]}},{"type":"Feature","properties":{"krov":"ROOF_NOT_FLAT","visina":15.5138,"kota_vrha":76.51377969},"geometry":{"type":"Polygon","coordinates":[[[16.50719,43.527215],[16.507194,43.527204],[16.507179,43.527207],[16.50719,43.527215]]]}},{"type":"Feature","properties":{"krov":"ROOF_FLAT","visina":6.327,"kota_vrha":51.50597969},"geometry":{"type":"Polygon","coordinates":[[[16.501158,43.52724],[16.501153,43.527212],[16.501182,43.527209],[16.501182,43.527204],[16.501194,43.527204],[16.501206,43.527204],[16.501231,43.527204],[16.501231,43.52715],[16.501231,43.527132],[16.501182,43.527132],[16.501157,43.527132],[16.501145,43.527132],[16.501132,43.527132],[16.50112,43.527132],[16.50112,43.527141],[16.501107,43.527141],[16.501095,43.527141],[16.501083,43.527141],[16.50107,43.527141],[16.50107,43.52715],[16.50107,43.527159],[16.50107,43.527168],[16.50107,43.527177],[16.501058,43.527177],[16.50106,43.527186],[16.501058,43.527186],[16.501058,43.527195],[16.501064,43.527229],[16.501066,43.527229],[16.501067,43.527235],[16.501132,43.52724],[16.501145,43.52724],[16.501157,43.52724],[16.501158,43.52724]]]}},{"type":"Feature","properties":{"krov":"ROOF_NOT_FLAT","visina":7.0066,"kota_vrha":52.21757969},"geometry":{"type":"Polygon","coordinates":[[[16.501182,43.527209],[16.501153,43.527212],[16.501158,43.52724],[16.501169,43.52724],[16.501182,43.52724],[16.501182,43.527231],[16.501182,43.527222],[16.501182,43.527213],[16.501182,43.527209]]]}},{"type":"Feature","properties":{"krov":"ROOF_NOT_FLAT","visina":11.0513,"kota_vrha":73.02727969},"geometry":{"type":"Polygon","coordinates":[[[16.507244,43.527231],[16.507231,43.527231],[16.507231,43.52724],[16.507244,43.52724],[16.507244,43.527231]]]}},{"type":"Feature","properties":{"krov":"ROOF_NOT_FLAT","visina":2.5302,"kota_vrha":45.27017969},"geometry":{"type":"Polygon","coordinates":[[[16.500303,43.527258],[16.500303,43.527249],[16.500316,43.527249],[16.500316,43.52724],[16.500303,43.52724],[16.500291,43.52724],[16.500291,43.527249],[16.500291,43.527258],[16.500303,43.527258]]]}},{"type":"Feature","properties":{"krov":"ROOF_NOT_FLAT","visina":12.6645,"kota_vrha":45.71547969},"geometry":{"type":"Polygon","coordinates":[[[16.494724,43.527215],[16.494731,43.527195],[16.494737,43.527177],[16.494736,43.527177],[16.494724,43.527177],[16.494711,43.527177],[16.494711,43.527186],[16.494711,43.527195],[16.494711,43.527204],[16.494699,43.527204],[16.494699,43.527213],[16.494699,43.527222],[16.494699,43.527231],[16.494711,43.527231],[16.494711,43.527222],[16.494711,43.527213],[16.494724,43.527213],[16.494724,43.527215]]]}},{"type":"Feature","properties":{"krov":"ROOF_NOT_FLAT","visina":14.4806,"kota_vrha":47.30457969},"geometry":{"type":"Polygon","coordinates":[[[16.494793,43.527195],[16.494776,43.52724],[16.494774,43.527244],[16.494773,43.527249],[16.494773,43.527249],[16.494786,43.527249],[16.494798,43.527249],[16.494798,43.527258],[16.49481,43.527258],[16.494823,43.527258],[16.494835,43.527258],[16.494848,43.527258],[16.494848,43.527267],[16.49486,43.527267],[16.49486,43.527258],[16.49486,43.527249],[16.494872,43.527249],[16.494872,43.52724],[16.494872,43.527231],[16.494872,43.527222],[16.494872,43.527213],[16.494848,43.527213],[16.494848,43.527204],[16.494823,43.527204],[16.49481,43.527204],[16.49481,43.527195],[16.494798,43.527195],[16.494793,43.527195]]]}},{"type":"Feature","properties":{"krov":"ROOF_NOT_FLAT","visina":14.8118,"kota_vrha":47.63577969},"geometry":{"type":"Polygon","coordinates":[[[16.494773,43.527249],[16.494774,43.527244],[16.494776,43.52724],[16.494793,43.527195],[16.494786,43.527195],[16.494786,43.527186],[16.494773,43.527186],[16.494761,43.527186],[16.494749,43.527186],[16.494749,43.527177],[16.494737,43.527177],[16.494731,43.527195],[16.494724,43.527215],[16.494724,43.527222],[16.494724,43.527231],[16.494724,43.52724],[16.494736,43.52724],[16.494749,43.52724],[16.494761,43.52724],[16.494761,43.527249],[16.494773,43.527249]]]}},{"type":"Feature","properties":{"krov":"ROOF_NOT_FLAT","visina":12.6645,"kota_vrha":45.71547969},"geometry":{"type":"Polygon","coordinates":[[[16.494707,43.527267],[16.494699,43.527267],[16.494699,43.52727],[16.494705,43.527272],[16.494707,43.527267]]]}},{"type":"Feature","properties":{"krov":"ROOF_NOT_FLAT","visina":14.8118,"kota_vrha":47.63577969},"geometry":{"type":"Polygon","coordinates":[[[16.494707,43.527267],[16.494705,43.527272],[16.494704,43.527276],[16.494711,43.527276],[16.494711,43.527267],[16.494707,43.527267]]]}},{"type":"Feature","properties":{"krov":"ROOF_NOT_FLAT","visina":3.1615,"kota_vrha":51.81247969},"geometry":{"type":"Polygon","coordinates":[[[16.502357,43.527276],[16.502357,43.527267],[16.502369,43.527267],[16.502382,43.527267],[16.502394,43.527267],[16.502444,43.527267],[16.502456,43.527267],[16.502481,43.527267],[16.502493,43.527267],[16.502493,43.527258],[16.502509,43.527253],[16.502493,43.527249],[16.502493,43.52724],[16.502493,43.527231],[16.502481,43.527231],[16.502456,43.527231],[16.502444,43.527231],[16.502444,43.52724],[16.502431,43.52724],[16.502369,43.52724],[16.502357,43.52724],[16.502345,43.52724],[16.50232,43.52724],[16.50232,43.527249],[16.502295,43.527249],[16.502295,43.527258],[16.502295,43.527267],[16.502295,43.527276],[16.502307,43.527276],[16.502345,43.527276],[16.502357,43.527276]]]}},{"type":"Feature","properties":{"krov":"ROOF_NOT_FLAT","visina":3.3897,"kota_vrha":54.36667969},"geometry":{"type":"Polygon","coordinates":[[[16.503347,43.527283],[16.503347,43.527276],[16.503359,43.527276],[16.503368,43.527276],[16.503371,43.527275],[16.503371,43.527267],[16.503384,43.527267],[16.503393,43.527267],[16.503396,43.527266],[16.503396,43.527258],[16.503419,43.527258],[16.503421,43.527257],[16.503421,43.527249],[16.503445,43.527249],[16.503446,43.527249],[16.503446,43.52724],[16.503485,43.527233],[16.503495,43.527222],[16.503523,43.527222],[16.503532,43.527219],[16.503532,43.527213],[16.503549,43.527213],[16.503557,43.52721],[16.503557,43.527204],[16.503569,43.527204],[16.503569,43.527195],[16.503569,43.527186],[16.503557,43.527168],[16.503557,43.527159],[16.503545,43.527159],[16.503538,43.527147],[16.503532,43.527159],[16.50352,43.527159],[16.503507,43.527159],[16.503507,43.527168],[16.503495,43.527168],[16.503483,43.527168],[16.503483,43.527177],[16.503458,43.527177],[16.503458,43.527186],[16.503433,43.527186],[16.503433,43.527195],[16.503379,43.527205],[16.503371,43.527213],[16.503325,43.527223],[16.503292,43.527241],[16.50331,43.527276],[16.50331,43.527281],[16.503312,43.527285],[16.503322,43.527285],[16.503334,43.527285],[16.503342,43.527285],[16.503347,43.527283]]]}},{"type":"Feature","properties":{"krov":"ROOF_NOT_FLAT","visina":4.2522,"kota_vrha":39.49317969},"geometry":{"type":"Polygon","coordinates":[[[16.495177,43.527287],[16.495182,43.527276],[16.495166,43.527279],[16.495177,43.527287]]]}},{"type":"Feature","properties":{"krov":"ROOF_FLAT","visina":4.964,"kota_vrha":40.29597969},"geometry":{"type":"Polygon","coordinates":[[[16.495062,43.527229],[16.495072,43.527229],[16.495107,43.52723],[16.495107,43.527222],[16.495095,43.527222],[16.495083,43.527222],[16.49507,43.527222],[16.495063,43.527222],[16.495062,43.527229]]]}},{"type":"Feature","properties":{"krov":"ROOF_NOT_FLAT","visina":8.8569,"kota_vrha":43.84187969},"geometry":{"type":"Polygon","coordinates":[[[16.495107,43.52723],[16.495072,43.527229],[16.495062,43.527229],[16.495058,43.527229],[16.495058,43.527231],[16.495045,43.527231],[16.495045,43.52724],[16.495033,43.52724],[16.495021,43.52724],[16.495021,43.527243],[16.495066,43.527243],[16.495063,43.527293],[16.495045,43.527292],[16.495045,43.527294],[16.495058,43.527294],[16.495058,43.527303],[16.49507,43.527303],[16.495083,43.527303],[16.495107,43.527303],[16.49512,43.527303],[16.49512,43.527258],[16.49512,43.52724],[16.49512,43.527231],[16.495107,43.527231],[16.495107,43.52723]]]}},{"type":"Feature","properties":{"krov":"ROOF_NOT_FLAT","visina":8.8132,"kota_vrha":43.69117969},"geometry":{"type":"Polygon","coordinates":[[[16.495021,43.527243],[16.495021,43.527249],[16.495021,43.527258],[16.495021,43.527267],[16.495008,43.527267],[16.495008,43.527285],[16.495021,43.527285],[16.495033,43.527285],[16.495045,43.527285],[16.495045,43.527292],[16.495063,43.527293],[16.495066,43.527243],[16.495021,43.527243]]]}},{"type":"Feature","properties":{"krov":"ROOF_NOT_FLAT","visina":9.3499,"kota_vrha":41.66987969},"geometry":{"type":"Polygon","coordinates":[[[16.494093,43.527269],[16.494082,43.527266],[16.494053,43.52726],[16.494056,43.527254],[16.494056,43.527249],[16.494058,43.527249],[16.49406,43.527244],[16.494066,43.527246],[16.494068,43.527242],[16.494068,43.52724],[16.494069,43.52724],[16.494082,43.527212],[16.494089,43.527197],[16.494084,43.527196],[16.494081,43.527195],[16.494081,43.527195],[16.494068,43.527195],[16.494056,43.527195],[16.494043,43.527195],[16.494043,43.527187],[16.49404,43.527186],[16.494031,43.527186],[16.494031,43.527195],[16.494019,43.527195],[16.494019,43.527204],[16.494019,43.527213],[16.494019,43.527222],[16.494019,43.527231],[16.494006,43.527231],[16.494006,43.52724],[16.494006,43.527249],[16.493994,43.527249],[16.493994,43.527258],[16.493994,43.527267],[16.493994,43.527276],[16.493994,43.527284],[16.493996,43.527285],[16.494006,43.527285],[16.494019,43.527285],[16.494031,43.527285],[16.494031,43.527294],[16.494043,43.527294],[16.494056,43.527294],[16.494068,43.527294],[16.494074,43.527305],[16.494074,43.527305],[16.494081,43.527294],[16.494093,43.527294],[16.494093,43.527285],[16.494093,43.527276],[16.494093,43.527269]]]}},{"type":"Feature","properties":{"krov":"ROOF_NOT_FLAT","visina":9.2989,"kota_vrha":41.86187969},"geometry":{"type":"MultiPolygon","coordinates":[[[[16.494068,43.527242],[16.494066,43.527246],[16.494068,43.527246],[16.494068,43.527242]]],[[[16.494138,43.527185],[16.494142,43.527177],[16.49413,43.527177],[16.494118,43.527177],[16.494105,43.527177],[16.494105,43.527186],[16.494093,43.527186],[16.494093,43.527195],[16.494085,43.527195],[16.494084,43.527196],[16.494089,43.527197],[16.494082,43.527212],[16.494069,43.52724],[16.494081,43.52724],[16.494081,43.527231],[16.494093,43.527231],[16.494105,43.527231],[16.494105,43.52724],[16.494105,43.527249],[16.494109,43.527249],[16.494121,43.527222],[16.494138,43.527185]]]]}},{"type":"Feature","properties":{"krov":"ROOF_NOT_FLAT","visina":8.7014,"kota_vrha":41.06737969},"geometry":{"type":"MultiPolygon","coordinates":[[[[16.494068,43.527246],[16.494066,43.527246],[16.49406,43.527244],[16.494058,43.527249],[16.494068,43.527249],[16.494068,43.527246]]],[[[16.494056,43.527254],[16.494053,43.52726],[16.494082,43.527266],[16.494093,43.527269],[16.494093,43.527267],[16.494093,43.527258],[16.494081,43.527258],[16.494068,43.527258],[16.494056,43.527258],[16.494056,43.527254]]]]}},{"type":"Feature","properties":{"krov":"ROOF_NOT_FLAT","visina":8.311,"kota_vrha":41.18497969},"geometry":{"type":"Polygon","coordinates":[[[16.494142,43.527177],[16.494138,43.527185],[16.494192,43.527199],[16.494192,43.527195],[16.494192,43.527186],[16.494192,43.527177],[16.494167,43.527177],[16.494155,43.527177],[16.494142,43.527177],[16.494142,43.527177]]]}},{"type":"Feature","properties":{"krov":"ROOF_NOT_FLAT","visina":9.3646,"kota_vrha":41.83057969},"geometry":{"type":"Polygon","coordinates":[[[16.494192,43.527199],[16.494138,43.527185],[16.494121,43.527222],[16.494109,43.527249],[16.494118,43.527249],[16.494118,43.527258],[16.49413,43.527258],[16.494142,43.527258],[16.494155,43.527258],[16.494167,43.527258],[16.494167,43.527249],[16.494167,43.52724],[16.494167,43.527231],[16.494167,43.527222],[16.494179,43.527222],[16.494179,43.527213],[16.494192,43.527213],[16.494192,43.527204],[16.494192,43.527199]]]}},{"type":"Feature","properties":{"krov":"ROOF_FLAT","visina":2.3187,"kota_vrha":37.09267969},"geometry":{"type":"Polygon","coordinates":[[[16.49538,43.527312],[16.495392,43.527312],[16.495392,43.527303],[16.495392,43.527294],[16.495392,43.527285],[16.49538,43.527285],[16.49538,43.527294],[16.49538,43.527303],[16.49538,43.527312]]]}},{"type":"Feature","properties":{"krov":"ROOF_NOT_FLAT","visina":8.8569,"kota_vrha":43.84187969},"geometry":{"type":"Polygon","coordinates":[[[16.495022,43.527306],[16.495048,43.527307],[16.495033,43.527303],[16.495021,43.527303],[16.495021,43.527306],[16.495022,43.527306]]]}},{"type":"Feature","properties":{"krov":"ROOF_NOT_FLAT","visina":8.2424,"kota_vrha":42.86237969},"geometry":{"type":"Polygon","coordinates":[[[16.495048,43.527307],[16.495022,43.527306],[16.495022,43.527321],[16.495033,43.527321],[16.495033,43.527312],[16.495049,43.527307],[16.495048,43.527307]]]}},{"type":"Feature","properties":{"krov":"ROOF_FLAT","visina":2.3187,"kota_vrha":37.09267969},"geometry":{"type":"Polygon","coordinates":[[[16.49538,43.527312],[16.495373,43.527312],[16.495374,43.52732],[16.49538,43.52732],[16.49538,43.527312]]]}},{"type":"Feature","properties":{"krov":"ROOF_FLAT","visina":3.4278,"kota_vrha":38.06477969},"geometry":{"type":"Polygon","coordinates":[[[16.495374,43.52732],[16.495373,43.527312],[16.495367,43.527312],[16.495355,43.527312],[16.495342,43.527312],[16.49533,43.527312],[16.495318,43.527312],[16.495305,43.527312],[16.495305,43.527321],[16.495293,43.527321],[16.495268,43.527321],[16.495257,43.527321],[16.495258,43.52733],[16.495268,43.52733],[16.495293,43.52733],[16.495305,43.52733],[16.495318,43.52733],[16.49533,43.52733],[16.495342,43.52733],[16.495355,43.52733],[16.495367,43.52733],[16.495367,43.527321],[16.495374,43.527321],[16.495374,43.52732]]]}},{"type":"Feature","properties":{"krov":"ROOF_FLAT","visina":3.0033,"kota_vrha":37.39327969},"geometry":{"type":"Polygon","coordinates":[[[16.49524,43.52733],[16.495236,43.527296],[16.495219,43.527295],[16.495219,43.527303],[16.495206,43.527303],[16.495206,43.527312],[16.495194,43.527312],[16.495194,43.527321],[16.495182,43.527321],[16.495182,43.52733],[16.495169,43.52733],[16.495169,43.527339],[16.495182,43.527339],[16.495194,43.527339],[16.495206,43.527339],[16.495219,43.527339],[16.495231,43.527339],[16.495231,43.52733],[16.49524,43.52733]]]}},{"type":"Feature","properties":{"krov":"ROOF_NOT_FLAT","visina":4.2522,"kota_vrha":39.49317969},"geometry":{"type":"Polygon","coordinates":[[[16.495208,43.527267],[16.495206,43.527267],[16.495206,43.527273],[16.495208,43.527267]]]}},{"type":"Feature","properties":{"krov":"ROOF_NOT_FLAT","visina":2.5181,"kota_vrha":37.87607969},"geometry":{"type":"Polygon","coordinates":[[[16.49529,43.527241],[16.495281,43.527241],[16.495281,43.527249],[16.495268,43.527249],[16.495256,43.527249],[16.495256,43.527258],[16.495248,43.527258],[16.495248,43.527262],[16.49525,43.527269],[16.495293,43.527266],[16.49529,43.527241]]]}},{"type":"Feature","properties":{"krov":"ROOF_NOT_FLAT","visina":4.886,"kota_vrha":39.85797969},"geometry":{"type":"Polygon","coordinates":[[[16.49529,43.52724],[16.49529,43.527241],[16.495293,43.527266],[16.49525,43.527269],[16.495251,43.527276],[16.495256,43.527276],[16.495256,43.527285],[16.495268,43.527285],[16.495268,43.527294],[16.495281,43.527294],[16.495293,43.527294],[16.495305,43.527294],[16.495318,43.527294],[16.495318,43.527285],[16.49533,43.527285],[16.495342,43.527285],[16.495355,43.527285],[16.495355,43.527276],[16.495355,43.527267],[16.495355,43.527258],[16.495355,43.527249],[16.495355,43.52724],[16.495342,43.52724],[16.49533,43.52724],[16.495318,43.52724],[16.495305,43.52724],[16.495293,43.52724],[16.49529,43.52724]],[[16.495305,43.527249],[16.495305,43.527258],[16.495318,43.527258],[16.495318,43.527267],[16.495305,43.527267],[16.495305,43.527258],[16.495293,43.527258],[16.495293,43.527249],[16.495305,43.527249]]]}},{"type":"Feature","properties":{"krov":"ROOF_NOT_FLAT","visina":3.1301,"kota_vrha":37.82907969},"geometry":{"type":"Polygon","coordinates":[[[16.495258,43.52733],[16.495257,43.527321],[16.495256,43.527321],[16.495243,43.527321],[16.495243,43.527312],[16.495243,43.527303],[16.495243,43.527285],[16.495243,43.527276],[16.495251,43.527276],[16.49525,43.527269],[16.495248,43.527262],[16.495243,43.527261],[16.495243,43.527267],[16.495232,43.527267],[16.495236,43.527296],[16.49524,43.52733],[16.495243,43.52733],[16.495256,43.52733],[16.495258,43.52733]]]}},{"type":"Feature","properties":{"krov":"ROOF_NOT_FLAT","visina":2.6149,"kota_vrha":37.75787969},"geometry":{"type":"Polygon","coordinates":[[[16.495232,43.527267],[16.495231,43.527267],[16.495219,43.527267],[16.495208,43.527267],[16.495206,43.527273],[16.495206,43.527276],[16.495206,43.527285],[16.495219,43.527285],[16.495219,43.527294],[16.495219,43.527295],[16.495236,43.527296],[16.495232,43.527267]]]}},{"type":"Feature","properties":{"krov":"ROOF_FLAT","visina":2.6748,"kota_vrha":35.39777969},"geometry":{"type":"Polygon","coordinates":[[[16.494452,43.527348],[16.494464,43.527348],[16.494476,43.527348],[16.494476,43.527339],[16.49447,43.527327],[16.494464,43.527339],[16.494452,43.527339],[16.494452,43.527348]]]}},{"type":"Feature","properties":{"krov":"ROOF_FLAT","visina":2.6748,"kota_vrha":35.39777969},"geometry":{"type":"Polygon","coordinates":[[[16.494501,43.527348],[16.494501,43.527339],[16.494489,43.527339],[16.494489,43.527348],[16.494501,43.527348]]]}},{"type":"Feature","properties":{"krov":"ROOF_FLAT","visina":2.6748,"kota_vrha":35.39777969},"geometry":{"type":"Polygon","coordinates":[[[16.494501,43.527348],[16.494501,43.527357],[16.494514,43.527357],[16.494514,43.527348],[16.494501,43.527348]]]}},{"type":"Feature","properties":{"krov":"ROOF_NOT_FLAT","visina":3.421,"kota_vrha":21.58697969},"geometry":{"type":"Polygon","coordinates":[[[16.489363,43.527356],[16.489365,43.527338],[16.489355,43.527338],[16.489342,43.527338],[16.489342,43.527329],[16.48933,43.527329],[16.489256,43.527329],[16.489243,43.527329],[16.489243,43.527338],[16.489231,43.527338],[16.489231,43.527347],[16.489224,43.527347],[16.489223,43.52735],[16.489355,43.527361],[16.489355,43.527356],[16.489363,43.527356]]]}},{"type":"Feature","properties":{"krov":"ROOF_NOT_FLAT","visina":3.3082,"kota_vrha":21.56317969},"geometry":{"type":"Polygon","coordinates":[[[16.489365,43.527338],[16.489363,43.527356],[16.489367,43.527356],[16.489379,43.527356],[16.489392,43.527356],[16.489404,43.527356],[16.489404,43.527347],[16.489392,43.527347],[16.489392,43.527338],[16.489379,43.527338],[16.489367,43.527338],[16.489365,43.527338]]]}},{"type":"Feature","properties":{"krov":"ROOF_NOT_FLAT","visina":6.6071,"kota_vrha":23.08507969},"geometry":{"type":"Polygon","coordinates":[[[16.489355,43.527361],[16.489223,43.52735],[16.489219,43.527349],[16.489219,43.527356],[16.489219,43.527365],[16.489219,43.527374],[16.489231,43.527374],[16.489231,43.527383],[16.489243,43.527383],[16.489256,43.527383],[16.489268,43.527383],[16.48928,43.527383],[16.489293,43.527383],[16.489305,43.527383],[16.489318,43.527383],[16.48933,43.527383],[16.489342,43.527383],[16.489342,43.527374],[16.489355,43.527374],[16.489355,43.527365],[16.489355,43.527361]]]}},{"type":"Feature","properties":{"krov":"ROOF_FLAT","visina":2.8944,"kota_vrha":45.45037969},"geometry":{"type":"Polygon","coordinates":[[[16.500365,43.527375],[16.500359,43.527354],[16.500353,43.527375],[16.500359,43.527387],[16.500365,43.527375]]]}},{"type":"Feature","properties":{"krov":"ROOF_NOT_FLAT","visina":7.0593,"kota_vrha":42.57827969},"geometry":{"type":"Polygon","coordinates":[[[16.495565,43.527303],[16.495528,43.527303],[16.495528,43.52733],[16.495528,43.527375],[16.495519,43.527406],[16.495546,43.527407],[16.49624,43.527415],[16.496357,43.52742],[16.496431,43.52742],[16.496468,43.52742],[16.496468,43.527357],[16.496464,43.527315],[16.495916,43.527309],[16.495899,43.527303],[16.495825,43.527303],[16.495788,43.527303],[16.495676,43.527303],[16.495565,43.527303]]]}},{"type":"Feature","properties":{"krov":"ROOF_FLAT","visina":3.357,"kota_vrha":29.23297969},"geometry":{"type":"Polygon","coordinates":[[[16.492636,43.527265],[16.492629,43.527231],[16.492621,43.527231],[16.492608,43.527231],[16.492596,43.527231],[16.492596,43.52724],[16.492596,43.527249],[16.492596,43.527258],[16.492608,43.527258],[16.492621,43.527258],[16.492621,43.527267],[16.492625,43.527267],[16.492636,43.527265]]]}},{"type":"Feature","properties":{"krov":"ROOF_NOT_FLAT","visina":9.7239,"kota_vrha":35.29487969},"geometry":{"type":"Polygon","coordinates":[[[16.492695,43.527317],[16.492683,43.527318],[16.49265,43.527323],[16.492645,43.527324],[16.492645,43.52733],[16.492633,43.52733],[16.492633,43.527339],[16.492621,43.527339],[16.492608,43.527339],[16.492596,43.527339],[16.492596,43.527348],[16.492608,43.527348],[16.492608,43.527357],[16.492621,43.527357],[16.492621,43.527366],[16.492633,43.527366],[16.492633,43.527375],[16.492645,43.527375],[16.492645,43.527384],[16.492658,43.527384],[16.492658,43.527393],[16.492658,43.527402],[16.49267,43.527402],[16.49267,43.527411],[16.492683,43.527411],[16.492695,43.527411],[16.492695,43.52742],[16.492707,43.52742],[16.49272,43.52742],[16.49272,43.527429],[16.492732,43.527429],[16.492732,43.52742],[16.492725,43.527389],[16.49272,43.527348],[16.49272,43.527339],[16.492707,43.527339],[16.492707,43.52733],[16.492707,43.527321],[16.492695,43.527321],[16.492695,43.527317]]]}},{"type":"Feature","properties":{"krov":"ROOF_NOT_FLAT","visina":5.0269,"kota_vrha":30.79987969},"geometry":{"type":"Polygon","coordinates":[[[16.492695,43.527317],[16.492695,43.527312],[16.492707,43.527312],[16.492707,43.527303],[16.492707,43.527294],[16.492707,43.527285],[16.492695,43.527285],[16.492695,43.527276],[16.492695,43.527258],[16.492695,43.527249],[16.492695,43.52724],[16.492695,43.527231],[16.492683,43.527231],[16.49267,43.527231],[16.492658,43.527231],[16.492645,43.527231],[16.492633,43.527231],[16.492629,43.527231],[16.492636,43.527265],[16.492637,43.527267],[16.492645,43.527267],[16.492645,43.527249],[16.492658,43.527249],[16.492658,43.527258],[16.492658,43.527267],[16.492658,43.527276],[16.49267,43.527276],[16.49267,43.527285],[16.49267,43.527294],[16.49267,43.527303],[16.49267,43.527312],[16.492658,43.527312],[16.492658,43.527321],[16.492649,43.527321],[16.49265,43.527323],[16.492683,43.527318],[16.492695,43.527317]]]}},{"type":"Feature","properties":{"krov":"ROOF_NOT_FLAT","visina":5.661,"kota_vrha":37.27497969},"geometry":{"type":"Polygon","coordinates":[[[16.493709,43.527411],[16.493697,43.527411],[16.493697,43.52742],[16.493697,43.527429],[16.493709,43.527429],[16.493709,43.527438],[16.493722,43.527438],[16.493734,43.527438],[16.493734,43.527447],[16.493746,43.527447],[16.493759,43.527447],[16.493759,43.527438],[16.493759,43.527429],[16.493775,43.527424],[16.493759,43.52742],[16.493746,43.52742],[16.493746,43.527411],[16.493722,43.527411],[16.493709,43.527411]]]}},{"type":"Feature","properties":{"krov":"ROOF_FLAT","visina":3.959,"kota_vrha":18.73697969},"geometry":{"type":"Polygon","coordinates":[[[16.489503,43.527392],[16.489491,43.527392],[16.489491,43.527401],[16.489491,43.527411],[16.489491,43.52742],[16.489491,43.527429],[16.489491,43.527438],[16.489491,43.527447],[16.489503,43.527447],[16.489503,43.527456],[16.489515,43.527456],[16.489528,43.527456],[16.48954,43.527456],[16.489553,43.527456],[16.489565,43.527456],[16.489577,43.527456],[16.489577,43.527447],[16.489565,43.527447],[16.489565,43.527438],[16.489565,43.527429],[16.489565,43.52742],[16.489565,43.527411],[16.489565,43.527402],[16.489553,43.527402],[16.489553,43.527393],[16.48954,43.527393],[16.489528,43.527393],[16.489515,43.527393],[16.489503,43.527392]]]}},{"type":"Feature","properties":{"krov":"ROOF_FLAT","visina":2.6748,"kota_vrha":35.39777969},"geometry":{"type":"MultiPolygon","coordinates":[[[[16.494452,43.527348],[16.49444,43.527348],[16.494439,43.527349],[16.494439,43.52735],[16.494452,43.527352],[16.494452,43.527348]]],[[[16.494479,43.527357],[16.494489,43.527358],[16.494489,43.527357],[16.494479,43.527357]]]]}},{"type":"Feature","properties":{"krov":"ROOF_NOT_FLAT","visina":6.5212,"kota_vrha":39.15117969},"geometry":{"type":"Polygon","coordinates":[[[16.494489,43.527358],[16.494479,43.527357],[16.494476,43.527357],[16.494464,43.527357],[16.494452,43.527357],[16.494452,43.527352],[16.494439,43.52735],[16.494439,43.527357],[16.494439,43.527366],[16.494426,43.527374],[16.494415,43.527438],[16.494415,43.527447],[16.494439,43.527447],[16.494452,43.527447],[16.494452,43.527456],[16.494453,43.527456],[16.494464,43.527456],[16.494476,43.527456],[16.494489,43.527456],[16.494501,43.527456],[16.494501,43.527447],[16.494513,43.527447],[16.494514,43.527429],[16.494514,43.52742],[16.494514,43.527411],[16.494526,43.527411],[16.494526,43.527402],[16.494526,43.527393],[16.494526,43.527384],[16.494526,43.527375],[16.494542,43.52737],[16.494526,43.527366],[16.494514,43.527366],[16.494501,43.527366],[16.494489,43.527366],[16.494489,43.527358]]]}},{"type":"Feature","properties":{"krov":"ROOF_FLAT","visina":2.5049,"kota_vrha":34.75287969},"geometry":{"type":"Polygon","coordinates":[[[16.494204,43.527407],[16.494205,43.527407],[16.494217,43.527413],[16.494217,43.527411],[16.494229,43.527411],[16.494229,43.527419],[16.494241,43.527426],[16.494241,43.52742],[16.494254,43.52742],[16.494266,43.52742],[16.494266,43.527411],[16.494254,43.527411],[16.494254,43.527402],[16.494241,43.527402],[16.494241,43.527393],[16.494229,43.527393],[16.494217,43.527393],[16.494204,43.527393],[16.494204,43.527402],[16.494204,43.527407]]]}},{"type":"Feature","properties":{"krov":"ROOF_NOT_FLAT","visina":6.8607,"kota_vrha":39.13767969},"geometry":{"type":"Polygon","coordinates":[[[16.494241,43.527426],[16.494229,43.527419],[16.494229,43.52742],[16.494217,43.52742],[16.494217,43.527413],[16.494205,43.527407],[16.494204,43.527407],[16.494204,43.527411],[16.494204,43.52742],[16.494192,43.52742],[16.494192,43.527429],[16.494192,43.527438],[16.494179,43.527438],[16.494179,43.527447],[16.494179,43.527456],[16.494192,43.527456],[16.494204,43.527456],[16.494217,43.527456],[16.494229,43.527456],[16.494229,43.527465],[16.494241,43.527465],[16.494241,43.527474],[16.494254,43.527474],[16.494266,43.527474],[16.494278,43.527474],[16.494278,43.527465],[16.494291,43.527465],[16.494291,43.527456],[16.494303,43.527456],[16.494316,43.527456],[16.494316,43.527447],[16.494328,43.527447],[16.494328,43.527438],[16.494316,43.527438],[16.494316,43.527429],[16.494303,43.527429],[16.494291,43.527429],[16.494291,43.52742],[16.494278,43.52742],[16.494278,43.527429],[16.494278,43.527438],[16.494266,43.527438],[16.494254,43.527438],[16.494241,43.527438],[16.494241,43.527429],[16.494241,43.527426]]]}},{"type":"Feature","properties":{"krov":"ROOF_FLAT","visina":2.578,"kota_vrha":35.19697969},"geometry":{"type":"Polygon","coordinates":[[[16.494365,43.527483],[16.494377,43.527483],[16.494377,43.527474],[16.494377,43.527465],[16.494365,43.527465],[16.494365,43.527474],[16.494365,43.527483]]]}},{"type":"Feature","properties":{"krov":"ROOF_FLAT","visina":5.6399,"kota_vrha":37.74787969},"geometry":{"type":"Polygon","coordinates":[[[16.494798,43.527426],[16.494798,43.52742],[16.494786,43.52742],[16.494773,43.52742],[16.494761,43.52742],[16.494749,43.52742],[16.494736,43.52742],[16.494736,43.527429],[16.494736,43.527432],[16.494798,43.527426]]]}},{"type":"Feature","properties":{"krov":"ROOF_NOT_FLAT","visina":9.4394,"kota_vrha":41.52837969},"geometry":{"type":"Polygon","coordinates":[[[16.494798,43.527426],[16.494736,43.527432],[16.494736,43.527438],[16.494736,43.527447],[16.494736,43.527456],[16.494736,43.527465],[16.494749,43.527465],[16.494749,43.527474],[16.494749,43.527483],[16.494761,43.527483],[16.494773,43.527483],[16.494786,43.527483],[16.494798,43.527483],[16.49481,43.527483],[16.494823,43.527483],[16.494823,43.527474],[16.494835,43.527474],[16.494848,43.527474],[16.49486,43.527474],[16.494872,43.527474],[16.494885,43.527474],[16.494885,43.527465],[16.494885,43.527447],[16.494872,43.527447],[16.494872,43.527438],[16.494872,43.527429],[16.49486,43.527429],[16.494848,43.527429],[16.494835,43.527429],[16.494823,43.527429],[16.49481,43.527429],[16.494798,43.527429],[16.494798,43.527426]]]}},{"type":"Feature","properties":{"krov":"ROOF_FLAT","visina":2.578,"kota_vrha":35.19697969},"geometry":{"type":"Polygon","coordinates":[[[16.494365,43.527483],[16.494353,43.527483],[16.494353,43.527492],[16.494365,43.527492],[16.494365,43.527483]]]}},{"type":"Feature","properties":{"krov":"ROOF_NOT_FLAT","visina":9.4394,"kota_vrha":41.52837969},"geometry":{"type":"Polygon","coordinates":[[[16.494806,43.527521],[16.49481,43.52751],[16.494795,43.527513],[16.494806,43.527521]]]}},{"type":"Feature","properties":{"krov":"ROOF_FLAT","visina":3.028,"kota_vrha":30.96497969},"geometry":{"type":"Polygon","coordinates":[[[16.492843,43.527483],[16.492806,43.527483],[16.492806,43.52751],[16.492816,43.527524],[16.492868,43.527528],[16.49288,43.527528],[16.49288,43.527519],[16.492895,43.527513],[16.492876,43.527486],[16.492843,43.527483]]]}},{"type":"Feature","properties":{"krov":"ROOF_NOT_FLAT","visina":2.3639,"kota_vrha":34.79087969},"geometry":{"type":"Polygon","coordinates":[[[16.494452,43.527528],[16.494439,43.527528],[16.494439,43.527537],[16.494452,43.527537],[16.494452,43.527528]]]}},{"type":"Feature","properties":{"krov":"ROOF_FLAT","visina":6.3478,"kota_vrha":57.01677969},"geometry":{"type":"Polygon","coordinates":[[[16.503928,43.527483],[16.503912,43.527437],[16.503879,43.527447],[16.503817,43.527465],[16.503792,43.527465],[16.503792,43.527474],[16.503767,43.527474],[16.503755,43.527474],[16.503755,43.527483],[16.503743,43.527483],[16.50373,43.527483],[16.503718,43.527483],[16.503718,43.527492],[16.503705,43.527492],[16.503693,43.527492],[16.503681,43.527492],[16.503681,43.527501],[16.503693,43.527501],[16.503693,43.52751],[16.503705,43.52751],[16.503705,43.527519],[16.503693,43.527519],[16.503693,43.527528],[16.503705,43.527528],[16.503705,43.527537],[16.503718,43.527537],[16.50373,43.527537],[16.50373,43.527528],[16.503743,43.527528],[16.503755,43.527528],[16.503767,43.527528],[16.503767,43.527519],[16.50378,43.527519],[16.503792,43.527519],[16.503792,43.52751],[16.503817,43.52751],[16.503829,43.52751],[16.503829,43.527501],[16.503841,43.527501],[16.503854,43.527501],[16.503866,43.527501],[16.503866,43.527492],[16.503891,43.527492],[16.503903,43.527492],[16.503903,43.527483],[16.503916,43.527483],[16.503928,43.527483]]]}},{"type":"Feature","properties":{"krov":"ROOF_NOT_FLAT","visina":2.8873,"kota_vrha":54.25627969},"geometry":{"type":"Polygon","coordinates":[[[16.504349,43.527528],[16.504349,43.527519],[16.504361,43.527519],[16.504361,43.52751],[16.504361,43.527492],[16.504373,43.527492],[16.504373,43.527465],[16.504386,43.527465],[16.504386,43.527447],[16.504397,43.527441],[16.504411,43.527402],[16.504407,43.527382],[16.504389,43.527395],[16.504386,43.527411],[16.504374,43.527411],[16.504373,43.527412],[16.504373,43.52742],[16.504361,43.52742],[16.504308,43.52741],[16.504299,43.52742],[16.504299,43.527429],[16.504288,43.527434],[16.504274,43.527474],[16.50426,43.527482],[16.504252,43.527521],[16.504312,43.527528],[16.504312,43.527537],[16.504312,43.527537],[16.504324,43.527537],[16.504349,43.527537],[16.504349,43.527528]]]}},{"type":"Feature","properties":{"krov":"ROOF_FLAT","visina":5.8583,"kota_vrha":22.01127969},"geometry":{"type":"MultiPolygon","coordinates":[[[[16.489768,43.527483],[16.489812,43.527485],[16.489812,43.527483],[16.4898,43.527483],[16.489788,43.527483],[16.489775,43.527483],[16.489768,43.527483]]],[[[16.489684,43.527546],[16.489691,43.527478],[16.489738,43.527481],[16.489738,43.527474],[16.489726,43.527474],[16.489713,43.527474],[16.489701,43.527474],[16.489689,43.527474],[16.489676,43.527474],[16.489676,43.527474],[16.489672,43.527504],[16.489668,43.527504],[16.489664,43.52753],[16.489664,43.527537],[16.489664,43.527546],[16.489664,43.527555],[16.489676,43.527555],[16.489676,43.527546],[16.489684,43.527546]]]]}},{"type":"Feature","properties":{"krov":"ROOF_NOT_FLAT","visina":8.721,"kota_vrha":24.76797969},"geometry":{"type":"Polygon","coordinates":[[[16.489812,43.527485],[16.489768,43.527483],[16.489763,43.527483],[16.489751,43.527483],[16.489738,43.527483],[16.489738,43.527481],[16.489691,43.527478],[16.489684,43.527546],[16.489689,43.527546],[16.489689,43.527537],[16.489689,43.527528],[16.489689,43.527519],[16.489689,43.52751],[16.489689,43.527501],[16.489701,43.527501],[16.489701,43.52751],[16.489713,43.52751],[16.489713,43.527519],[16.489713,43.527528],[16.489726,43.527528],[16.489738,43.527528],[16.489751,43.527528],[16.489763,43.527528],[16.489775,43.527528],[16.489775,43.527519],[16.489788,43.527519],[16.489788,43.52751],[16.4898,43.52751],[16.4898,43.527501],[16.489812,43.527501],[16.489812,43.527492],[16.489812,43.527485]]]}},{"type":"Feature","properties":{"krov":"ROOF_NOT_FLAT","visina":5.8178,"kota_vrha":21.96977969},"geometry":{"type":"Polygon","coordinates":[[[16.489676,43.527474],[16.489664,43.527474],[16.489664,43.527483],[16.489664,43.527492],[16.489664,43.527501],[16.489664,43.52751],[16.489664,43.527519],[16.489664,43.527528],[16.489664,43.52753],[16.489668,43.527504],[16.489672,43.527504],[16.489676,43.527474]]]}},{"type":"Feature","properties":{"krov":"ROOF_FLAT","visina":2.4,"kota_vrha":28.15497969},"geometry":{"type":"Polygon","coordinates":[[[16.492683,43.527528],[16.49267,43.527528],[16.492654,43.527532],[16.49267,43.527537],[16.49267,43.527546],[16.49267,43.527555],[16.492683,43.527555],[16.492695,43.527555],[16.492707,43.527555],[16.49272,43.527555],[16.49272,43.527546],[16.492707,43.527546],[16.492707,43.527537],[16.492707,43.527528],[16.492695,43.527528],[16.492683,43.527528]]]}},{"type":"Feature","properties":{"krov":"ROOF_NOT_FLAT","visina":8.721,"kota_vrha":24.76797969},"geometry":{"type":"Polygon","coordinates":[[[16.489738,43.527555],[16.489732,43.527543],[16.489726,43.527555],[16.489726,43.527564],[16.489738,43.527564],[16.489754,43.527559],[16.489738,43.527555]]]}},{"type":"Feature","properties":{"krov":"ROOF_FLAT","visina":2.6944,"kota_vrha":32.32837969},"geometry":{"type":"Polygon","coordinates":[[[16.493093,43.527528],[16.493091,43.527528],[16.493078,43.527528],[16.493066,43.527528],[16.493066,43.527537],[16.493066,43.527546],[16.493066,43.527555],[16.493066,43.527564],[16.493078,43.527564],[16.493078,43.527555],[16.493078,43.527546],[16.493078,43.527537],[16.493091,43.527537],[16.493091,43.527541],[16.493093,43.527528]]]}},{"type":"Feature","properties":{"krov":"ROOF_NOT_FLAT","visina":4.1447,"kota_vrha":33.89167969},"geometry":{"type":"Polygon","coordinates":[[[16.493093,43.527528],[16.493091,43.527541],[16.493091,43.527543],[16.493091,43.527546],[16.493103,43.527546],[16.493103,43.527555],[16.493116,43.527555],[16.493128,43.527555],[16.49314,43.527555],[16.493153,43.527555],[16.493165,43.527555],[16.493177,43.527555],[16.493177,43.527546],[16.493177,43.527537],[16.493165,43.527537],[16.493153,43.527537],[16.49314,43.527537],[16.493128,43.527537],[16.493116,43.527537],[16.493103,43.527537],[16.493103,43.527528],[16.493093,43.527528]]]}},{"type":"Feature","properties":{"krov":"ROOF_NOT_FLAT","visina":2.3698,"kota_vrha":34.52277969},"geometry":{"type":"Polygon","coordinates":[[[16.494452,43.527555],[16.494439,43.527555],[16.494423,43.527559],[16.494439,43.527564],[16.494452,43.527564],[16.494452,43.527555]]]}},{"type":"Feature","properties":{"krov":"ROOF_FLAT","visina":3.8797,"kota_vrha":29.88167969},"geometry":{"type":"Polygon","coordinates":[[[16.492757,43.52751],[16.492744,43.52751],[16.492744,43.527519],[16.492744,43.527528],[16.492744,43.527537],[16.492744,43.527546],[16.492744,43.527555],[16.492757,43.527555],[16.492769,43.527555],[16.492775,43.527566],[16.492781,43.527555],[16.492781,43.527546],[16.492781,43.527537],[16.492782,43.527528],[16.492782,43.527519],[16.492782,43.52751],[16.492769,43.52751],[16.492757,43.52751]]]}},{"type":"Feature","properties":{"krov":"ROOF_NOT_FLAT","visina":3.0787,"kota_vrha":31.08167969},"geometry":{"type":"Polygon","coordinates":[[[16.49293,43.527546],[16.492918,43.527546],[16.4929,43.527557],[16.49293,43.527564],[16.49293,43.527573],[16.492955,43.527573],[16.492967,43.527573],[16.492979,43.527573],[16.492992,43.527573],[16.493004,43.527573],[16.493004,43.527564],[16.493004,43.527555],[16.493004,43.527546],[16.492992,43.527546],[16.492979,43.527546],[16.492967,43.527546],[16.492955,43.527546],[16.492942,43.527546],[16.49293,43.527546]]]}},{"type":"Feature","properties":{"krov":"ROOF_NOT_FLAT","visina":9.1751,"kota_vrha":41.12607969},"geometry":{"type":"Polygon","coordinates":[[[16.494575,43.527564],[16.494575,43.527555],[16.494588,43.527555],[16.494588,43.527546],[16.494588,43.527537],[16.494588,43.527528],[16.4946,43.527528],[16.4946,43.527519],[16.4946,43.52751],[16.4946,43.527501],[16.4946,43.527492],[16.494598,43.527492],[16.494588,43.527492],[16.494588,43.527474],[16.494575,43.527474],[16.494563,43.527474],[16.494551,43.527474],[16.494551,43.527483],[16.494538,43.527483],[16.494538,43.52751],[16.494526,43.52751],[16.494526,43.527519],[16.494521,43.527542],[16.494513,43.527564],[16.494526,43.527564],[16.494538,43.527564],[16.494538,43.527573],[16.494551,43.527573],[16.494563,43.527573],[16.494575,43.527573],[16.494575,43.527564]]]}},{"type":"Feature","properties":{"krov":"ROOF_NOT_FLAT","visina":5.3712,"kota_vrha":56.78917969},"geometry":{"type":"Polygon","coordinates":[[[16.5042,43.527573],[16.504188,43.527573],[16.504188,43.527582],[16.5042,43.527582],[16.5042,43.527591],[16.5042,43.5276],[16.5042,43.527609],[16.504213,43.527609],[16.504225,43.527609],[16.504225,43.5276],[16.504225,43.527591],[16.504225,43.527582],[16.504213,43.527582],[16.504213,43.527573],[16.5042,43.527573]]]}},{"type":"Feature","properties":{"krov":"ROOF_FLAT","visina":3.4038,"kota_vrha":35.23677969},"geometry":{"type":"Polygon","coordinates":[[[16.494161,43.527564],[16.494171,43.527555],[16.494204,43.527573],[16.494204,43.527564],[16.494217,43.527564],[16.494217,43.527555],[16.494229,43.527555],[16.494229,43.527546],[16.494245,43.527541],[16.494229,43.527537],[16.494229,43.527528],[16.494217,43.527528],[16.494217,43.527519],[16.494204,43.527519],[16.494192,43.527519],[16.494192,43.52751],[16.494179,43.52751],[16.494179,43.527501],[16.494167,43.527501],[16.494155,43.527501],[16.494155,43.527492],[16.494142,43.527492],[16.49413,43.527492],[16.49413,43.527501],[16.49413,43.52751],[16.494118,43.52751],[16.494118,43.527519],[16.494118,43.527528],[16.494108,43.527528],[16.494105,43.527531],[16.494105,43.527537],[16.494099,43.527537],[16.494098,43.527539],[16.494094,43.527537],[16.494093,43.527537],[16.494093,43.527546],[16.49408,43.527546],[16.49408,43.527555],[16.494068,43.527555],[16.494068,43.527573],[16.494068,43.527582],[16.49408,43.527582],[16.49408,43.527589],[16.494085,43.527591],[16.494093,43.527591],[16.494105,43.527591],[16.494105,43.5276],[16.494118,43.5276],[16.494118,43.527609],[16.49413,43.527609],[16.49413,43.527618],[16.494131,43.527618],[16.494142,43.527618],[16.494155,43.527618],[16.494155,43.527609],[16.494155,43.5276],[16.494155,43.527591],[16.494142,43.527591],[16.494142,43.527582],[16.494142,43.527573],[16.494142,43.527564],[16.494155,43.527564],[16.494161,43.527564]]]}},{"type":"Feature","properties":{"krov":"ROOF_NOT_FLAT","visina":5.6168,"kota_vrha":37.70677969},"geometry":{"type":"Polygon","coordinates":[[[16.494161,43.527564],[16.494167,43.527564],[16.494167,43.527573],[16.494179,43.527573],[16.494192,43.527573],[16.494204,43.527573],[16.494171,43.527555],[16.494161,43.527564]]]}},{"type":"Feature","properties":{"krov":"ROOF_NOT_FLAT","visina":5.0564,"kota_vrha":36.88737969},"geometry":{"type":"Polygon","coordinates":[[[16.494517,43.527613],[16.494501,43.527609],[16.494501,43.527618],[16.494517,43.527613]]]}},{"type":"Feature","properties":{"krov":"ROOF_FLAT","visina":10.5906,"kota_vrha":24.89757969},"geometry":{"type":"Polygon","coordinates":[[[16.489602,43.527474],[16.489528,43.527474],[16.489533,43.527587],[16.489609,43.527624],[16.489614,43.527618],[16.489614,43.527555],[16.489614,43.527483],[16.489614,43.527474],[16.489602,43.527474]]]}},{"type":"Feature","properties":{"krov":"ROOF_NOT_FLAT","visina":6.3768,"kota_vrha":37.93177969},"geometry":{"type":"Polygon","coordinates":[[[16.493723,43.527591],[16.493833,43.527625],[16.493833,43.527618],[16.493845,43.527618],[16.493845,43.527609],[16.493845,43.5276],[16.493845,43.527591],[16.493845,43.527582],[16.493833,43.527582],[16.493821,43.527582],[16.493821,43.527573],[16.493821,43.527564],[16.493808,43.527564],[16.493796,43.527564],[16.493784,43.527564],[16.493784,43.527573],[16.493771,43.527573],[16.493771,43.527582],[16.49376,43.527582],[16.493759,43.527584],[16.493759,43.527591],[16.493746,43.527591],[16.493734,43.527591],[16.493723,43.527591],[16.493723,43.527591]]]}},{"type":"Feature","properties":{"krov":"ROOF_NOT_FLAT","visina":7.4038,"kota_vrha":38.96177969},"geometry":{"type":"Polygon","coordinates":[[[16.493833,43.527625],[16.493723,43.527591],[16.493722,43.527591],[16.493722,43.5276],[16.493722,43.527609],[16.493734,43.527609],[16.493746,43.527609],[16.493746,43.527618],[16.493759,43.527618],[16.493771,43.527618],[16.493784,43.527618],[16.493784,43.527627],[16.493796,43.527627],[16.493808,43.527627],[16.493808,43.527636],[16.493821,43.527636],[16.493833,43.527636],[16.493833,43.527627],[16.493833,43.527625]]]}},{"type":"Feature","properties":{"krov":"ROOF_NOT_FLAT","visina":5.0564,"kota_vrha":36.88737969},"geometry":{"type":"Polygon","coordinates":[[[16.494551,43.527618],[16.494544,43.527606],[16.494538,43.527618],[16.494522,43.527622],[16.494538,43.527627],[16.494538,43.527636],[16.494551,43.527636],[16.494551,43.527627],[16.494551,43.527618]]]}},{"type":"Feature","properties":{"krov":"ROOF_NOT_FLAT","visina":2.9303,"kota_vrha":35.65527969},"geometry":{"type":"Polygon","coordinates":[[[16.495982,43.527616],[16.49597,43.527573],[16.495961,43.527573],[16.495961,43.527582],[16.495949,43.527582],[16.495949,43.527591],[16.495949,43.5276],[16.495949,43.527609],[16.495961,43.527609],[16.495973,43.527609],[16.495973,43.527617],[16.495982,43.527616]]]}},{"type":"Feature","properties":{"krov":"ROOF_NOT_FLAT","visina":3.3257,"kota_vrha":36.16467969},"geometry":{"type":"Polygon","coordinates":[[[16.49597,43.527573],[16.495982,43.527616],[16.495983,43.527618],[16.495986,43.527618],[16.495986,43.527627],[16.495998,43.527627],[16.496004,43.527638],[16.496004,43.527638],[16.49601,43.527627],[16.496023,43.527627],[16.496035,43.527627],[16.496048,43.527627],[16.496072,43.527627],[16.496072,43.527618],[16.496097,43.527618],[16.496122,43.527618],[16.496122,43.527609],[16.496184,43.527609],[16.496184,43.5276],[16.496221,43.5276],[16.496233,43.5276],[16.496233,43.527591],[16.496233,43.527582],[16.496233,43.527573],[16.496233,43.527564],[16.496233,43.527555],[16.496233,43.527546],[16.496221,43.527546],[16.496221,43.527537],[16.496208,43.527537],[16.496196,43.527537],[16.496184,43.527537],[16.496184,43.527546],[16.496171,43.527546],[16.496159,43.527546],[16.496147,43.527546],[16.496134,43.527546],[16.496122,43.527546],[16.496122,43.527555],[16.496097,43.527555],[16.496072,43.527555],[16.496072,43.527564],[16.496035,43.527564],[16.49601,43.527564],[16.49601,43.527573],[16.495986,43.527573],[16.495973,43.527573],[16.49597,43.527573]]]}},{"type":"Feature","properties":{"krov":"ROOF_NOT_FLAT","visina":4.1025,"kota_vrha":55.89147969},"geometry":{"type":"Polygon","coordinates":[[[16.504225,43.527627],[16.504213,43.527627],[16.504213,43.527636],[16.504213,43.527645],[16.504225,43.527645],[16.504237,43.527645],[16.504237,43.527636],[16.504237,43.527627],[16.504225,43.527627]]]}},{"type":"Feature","properties":{"krov":"ROOF_FLAT","visina":6.3478,"kota_vrha":57.01677969},"geometry":{"type":"Polygon","coordinates":[[[16.503945,43.527485],[16.503944,43.527483],[16.50394,43.527483],[16.503928,43.527483],[16.503928,43.527489],[16.503945,43.527485]]]}},{"type":"Feature","properties":{"krov":"ROOF_NOT_FLAT","visina":6.4313,"kota_vrha":57.06627969},"geometry":{"type":"Polygon","coordinates":[[[16.503945,43.527485],[16.503928,43.527489],[16.503928,43.527492],[16.503928,43.527501],[16.503916,43.527501],[16.503903,43.527501],[16.503891,43.527501],[16.503891,43.52751],[16.503879,43.52751],[16.503866,43.52751],[16.503854,43.52751],[16.503854,43.527519],[16.503841,43.527519],[16.503829,43.527519],[16.503829,43.527528],[16.503817,43.527528],[16.503804,43.527528],[16.503792,43.527528],[16.503792,43.527537],[16.50378,43.527537],[16.503767,43.527537],[16.503767,43.527546],[16.503755,43.527546],[16.503743,43.527546],[16.50373,43.527546],[16.50373,43.527555],[16.503714,43.527559],[16.50373,43.527564],[16.50373,43.527573],[16.503718,43.527573],[16.503718,43.527582],[16.50373,43.527582],[16.50373,43.527591],[16.50373,43.5276],[16.503743,43.5276],[16.503755,43.5276],[16.503755,43.527609],[16.503755,43.527618],[16.503767,43.527618],[16.503767,43.527627],[16.503767,43.527636],[16.503767,43.527645],[16.50378,43.527645],[16.50378,43.527654],[16.503792,43.527654],[16.503804,43.527654],[16.503848,43.527641],[16.503854,43.527636],[16.503866,43.527636],[16.503886,43.527636],[16.503891,43.527635],[16.503891,43.527627],[16.503903,43.527627],[16.503916,43.527627],[16.503916,43.527618],[16.50394,43.527618],[16.503953,43.527618],[16.503953,43.527609],[16.503965,43.527609],[16.503978,43.527609],[16.50399,43.527609],[16.50399,43.5276],[16.504006,43.527595],[16.50399,43.527591],[16.50399,43.527582],[16.50399,43.527573],[16.50399,43.527564],[16.503978,43.527564],[16.503978,43.527555],[16.503978,43.527546],[16.503978,43.527537],[16.503965,43.527537],[16.503965,43.52751],[16.503953,43.52751],[16.503953,43.527501],[16.503953,43.527492],[16.503953,43.527483],[16.503952,43.527483],[16.503945,43.527485]]]}},{"type":"Feature","properties":{"krov":"ROOF_NOT_FLAT","visina":3.1857,"kota_vrha":53.77667969},"geometry":{"type":"Polygon","coordinates":[[[16.50399,43.527645],[16.503978,43.527645],[16.503978,43.527654],[16.50399,43.527654],[16.504002,43.527654],[16.504015,43.527654],[16.504031,43.527649],[16.504015,43.527645],[16.504002,43.527645],[16.50399,43.527645]]]}},{"type":"Feature","properties":{"krov":"ROOF_FLAT","visina":6.3478,"kota_vrha":57.01677969},"geometry":{"type":"MultiPolygon","coordinates":[[[[16.503681,43.527501],[16.503674,43.527501],[16.503678,43.52751],[16.503681,43.52751],[16.503681,43.527501]]],[[[16.503693,43.527528],[16.503687,43.527528],[16.503691,43.527537],[16.503693,43.527537],[16.503693,43.527528]]]]}},{"type":"Feature","properties":{"krov":"ROOF_FLAT","visina":8.6686,"kota_vrha":58.96657969},"geometry":{"type":"Polygon","coordinates":[[[16.503717,43.527591],[16.503713,43.527582],[16.503705,43.527582],[16.503705,43.527573],[16.503693,43.527573],[16.503693,43.527564],[16.503693,43.527555],[16.503681,43.527555],[16.503681,43.527537],[16.503691,43.527537],[16.503687,43.527528],[16.503681,43.527528],[16.503681,43.527519],[16.503668,43.527519],[16.503668,43.52751],[16.503678,43.52751],[16.503674,43.527501],[16.503668,43.527501],[16.503668,43.527492],[16.503656,43.527492],[16.50364,43.527452],[16.503625,43.527451],[16.503535,43.527476],[16.503458,43.527492],[16.503366,43.527522],[16.503399,43.527607],[16.503441,43.527681],[16.503495,43.527672],[16.503495,43.527663],[16.503507,43.527663],[16.503551,43.527649],[16.503705,43.527609],[16.503721,43.527604],[16.503705,43.5276],[16.503705,43.527591],[16.503717,43.527591]]]}},{"type":"Feature","properties":{"krov":"ROOF_NOT_FLAT","visina":6.4313,"kota_vrha":57.06627969},"geometry":{"type":"Polygon","coordinates":[[[16.503718,43.527582],[16.503713,43.527582],[16.503717,43.527591],[16.503718,43.527591],[16.503718,43.527582]]]}},{"type":"Feature","properties":{"krov":"ROOF_NOT_FLAT","visina":13.7338,"kota_vrha":61.72177969},"geometry":{"type":"Polygon","coordinates":[[[16.502852,43.527681],[16.502852,43.527672],[16.502864,43.527672],[16.502877,43.527672],[16.502877,43.527654],[16.502877,43.527645],[16.502877,43.527636],[16.502877,43.527627],[16.502877,43.527618],[16.502886,43.527618],[16.502886,43.527618],[16.502901,43.527617],[16.502901,43.527609],[16.502917,43.527604],[16.502901,43.5276],[16.502901,43.527591],[16.502901,43.527582],[16.502901,43.527573],[16.502889,43.527573],[16.502877,43.527573],[16.502864,43.527573],[16.502827,43.527573],[16.502815,43.527573],[16.502802,43.527573],[16.50279,43.527573],[16.502747,43.527581],[16.50274,43.5276],[16.50274,43.527609],[16.50274,43.527627],[16.502745,43.527669],[16.502753,43.527681],[16.502802,43.527681],[16.502815,43.527681],[16.502827,43.527681],[16.502852,43.527681]]]}},{"type":"Feature","properties":{"krov":"ROOF_FLAT","visina":2.6185,"kota_vrha":30.95847969},"geometry":{"type":"Polygon","coordinates":[[[16.493045,43.527685],[16.493029,43.527681],[16.493,43.527685],[16.493029,43.52769],[16.493045,43.527685]]]}},{"type":"Feature","properties":{"krov":"ROOF_NOT_FLAT","visina":4.0507,"kota_vrha":33.17667969},"geometry":{"type":"Polygon","coordinates":[[[16.493227,43.52769],[16.493229,43.52769],[16.493239,43.52769],[16.493239,43.527681],[16.493252,43.527681],[16.493252,43.527663],[16.493252,43.527654],[16.493227,43.527654],[16.49319,43.527654],[16.49319,43.527672],[16.49319,43.527681],[16.493202,43.527681],[16.493227,43.527681],[16.493227,43.52769]]]}},{"type":"Feature","properties":{"krov":"ROOF_NOT_FLAT","visina":10.3938,"kota_vrha":34.16577969},"geometry":{"type":"Polygon","coordinates":[[[16.492718,43.527699],[16.492719,43.527697],[16.49272,43.52769],[16.49272,43.52769],[16.49272,43.527681],[16.492707,43.527681],[16.492707,43.527663],[16.492695,43.527663],[16.492695,43.527654],[16.492683,43.527654],[16.49267,43.527654],[16.49267,43.527645],[16.492658,43.527645],[16.492645,43.527645],[16.492639,43.527633],[16.492633,43.527645],[16.492633,43.527654],[16.492621,43.527654],[16.492621,43.527663],[16.492621,43.527672],[16.492621,43.527681],[16.492621,43.52769],[16.492633,43.52769],[16.492633,43.527699],[16.492645,43.527699],[16.492658,43.527699],[16.49267,43.527699],[16.492683,43.527699],[16.492695,43.527699],[16.492707,43.527699],[16.492718,43.527699]]]}},{"type":"Feature","properties":{"krov":"ROOF_NOT_FLAT","visina":7.1211,"kota_vrha":33.08507969},"geometry":{"type":"Polygon","coordinates":[[[16.492744,43.527682],[16.492733,43.527681],[16.492732,43.527681],[16.492732,43.52769],[16.49272,43.52769],[16.492719,43.527697],[16.492718,43.527699],[16.49272,43.527699],[16.49272,43.527708],[16.492732,43.527708],[16.492732,43.527699],[16.492744,43.527699],[16.492744,43.52769],[16.492744,43.527682]]]}},{"type":"Feature","properties":{"krov":"ROOF_NOT_FLAT","visina":2.9793,"kota_vrha":29.02327969},"geometry":{"type":"Polygon","coordinates":[[[16.492733,43.527681],[16.492744,43.527682],[16.492744,43.527681],[16.492733,43.527681]]]}},{"type":"Feature","properties":{"krov":"ROOF_NOT_FLAT","visina":3.8031,"kota_vrha":52.67607969},"geometry":{"type":"Polygon","coordinates":[[[16.503,43.527681],[16.502988,43.527681],[16.502988,43.52769],[16.502988,43.527699],[16.502988,43.527708],[16.502988,43.527717],[16.502988,43.527726],[16.503,43.527726],[16.503013,43.527726],[16.503025,43.527726],[16.503025,43.527717],[16.503025,43.527699],[16.503013,43.527699],[16.503013,43.52769],[16.503013,43.527681],[16.503,43.527681]]]}},{"type":"Feature","properties":{"krov":"ROOF_NOT_FLAT","visina":10.2002,"kota_vrha":57.81117969},"geometry":{"type":"Polygon","coordinates":[[[16.502468,43.527733],[16.502468,43.527726],[16.502468,43.527717],[16.502468,43.527708],[16.502468,43.52769],[16.502444,43.52769],[16.502431,43.52769],[16.502419,43.52769],[16.502406,43.52769],[16.502394,43.52769],[16.502382,43.52769],[16.502369,43.52769],[16.502357,43.52769],[16.502345,43.52769],[16.502332,43.52769],[16.502332,43.527717],[16.502332,43.527726],[16.502332,43.527733],[16.502404,43.527733],[16.502468,43.527733]]]}},{"type":"Feature","properties":{"krov":"ROOF_NOT_FLAT","visina":10.6962,"kota_vrha":57.69017969},"geometry":{"type":"Polygon","coordinates":[[[16.502468,43.527733],[16.502404,43.527733],[16.502332,43.527733],[16.502332,43.527735],[16.502332,43.527744],[16.502345,43.527744],[16.502357,43.527744],[16.502369,43.527744],[16.502382,43.527744],[16.502394,43.527744],[16.502406,43.527744],[16.502419,43.527744],[16.502431,43.527744],[16.502444,43.527744],[16.502456,43.527744],[16.502468,43.527744],[16.502468,43.527735],[16.502468,43.527733]]]}},{"type":"Feature","properties":{"krov":"ROOF_FLAT","visina":2.3521,"kota_vrha":33.05107969},"geometry":{"type":"Polygon","coordinates":[[[16.49408,43.527736],[16.494078,43.527753],[16.49408,43.527753],[16.49408,43.527736]]]}},{"type":"Feature","properties":{"krov":"ROOF_FLAT","visina":2.9765,"kota_vrha":33.96647969},"geometry":{"type":"Polygon","coordinates":[[[16.494019,43.52766],[16.49408,43.527664],[16.49408,43.527663],[16.49408,43.527645],[16.494031,43.527645],[16.494031,43.527654],[16.494019,43.527654],[16.494019,43.52766]]]}},{"type":"Feature","properties":{"krov":"ROOF_FLAT","visina":3.2815,"kota_vrha":33.96647969},"geometry":{"type":"Polygon","coordinates":[[[16.494078,43.527753],[16.49408,43.527736],[16.49408,43.527735],[16.494068,43.527735],[16.494068,43.527726],[16.494068,43.527717],[16.494068,43.527699],[16.494068,43.52769],[16.49408,43.52769],[16.49408,43.527672],[16.49408,43.527664],[16.494019,43.52766],[16.494019,43.527663],[16.494006,43.527663],[16.494006,43.527672],[16.49399,43.527678],[16.493982,43.52769],[16.493969,43.52769],[16.493969,43.527699],[16.493969,43.527708],[16.493969,43.527717],[16.493969,43.527744],[16.493994,43.527744],[16.494014,43.527747],[16.494031,43.527753],[16.494068,43.527753],[16.494078,43.527753]]]}},{"type":"Feature","properties":{"krov":"ROOF_NOT_FLAT","visina":3.7184,"kota_vrha":50.04237969},"geometry":{"type":"Polygon","coordinates":[[[16.502258,43.527657],[16.502221,43.527658],[16.50216,43.52766],[16.502159,43.52766],[16.502159,43.527663],[16.502147,43.527663],[16.502147,43.527672],[16.502147,43.527681],[16.502147,43.52769],[16.502159,43.52769],[16.502159,43.527699],[16.502171,43.527699],[16.502171,43.527708],[16.502184,43.527708],[16.502184,43.527717],[16.502168,43.527722],[16.502184,43.527726],[16.502184,43.527735],[16.502196,43.527735],[16.502196,43.527744],[16.502196,43.527753],[16.502208,43.527753],[16.502221,43.527753],[16.502233,43.527753],[16.502233,43.527744],[16.502233,43.527735],[16.502233,43.527726],[16.502233,43.527717],[16.502233,43.527708],[16.502246,43.527708],[16.502246,43.52769],[16.502258,43.52769],[16.502258,43.527681],[16.502258,43.527672],[16.502258,43.527663],[16.502258,43.527657]]]}},{"type":"Feature","properties":{"krov":"ROOF_NOT_FLAT","visina":2.6055,"kota_vrha":48.77747969},"geometry":{"type":"Polygon","coordinates":[[[16.502258,43.527657],[16.502258,43.527654],[16.502258,43.527645],[16.502258,43.527636],[16.502246,43.527636],[16.502233,43.527636],[16.502221,43.527636],[16.502208,43.527636],[16.502196,43.527636],[16.502184,43.527636],[16.502171,43.527636],[16.502171,43.527645],[16.502171,43.527654],[16.50216,43.527654],[16.50216,43.52766],[16.502221,43.527658],[16.502258,43.527657]]]}},{"type":"Feature","properties":{"krov":"ROOF_FLAT","visina":2.4171,"kota_vrha":33.05107969},"geometry":{"type":"Polygon","coordinates":[[[16.494119,43.527744],[16.494117,43.527761],[16.494121,43.527762],[16.49413,43.527762],[16.494142,43.527762],[16.494142,43.527753],[16.494158,43.527748],[16.494142,43.527744],[16.49413,43.527744],[16.494119,43.527744]]]}},{"type":"Feature","properties":{"krov":"ROOF_FLAT","visina":2.3521,"kota_vrha":33.05107969},"geometry":{"type":"Polygon","coordinates":[[[16.494119,43.527744],[16.494118,43.527744],[16.494105,43.527744],[16.494093,43.527744],[16.494093,43.527753],[16.494105,43.527753],[16.494105,43.527761],[16.494117,43.527761],[16.494119,43.527744]]]}},{"type":"Feature","properties":{"krov":"ROOF_NOT_FLAT","visina":10.3938,"kota_vrha":34.16577969},"geometry":{"type":"Polygon","coordinates":[[[16.492658,43.527762],[16.492645,43.527749],[16.492633,43.527762],[16.492633,43.527771],[16.492645,43.527771],[16.492658,43.527771],[16.492658,43.527762]]]}},{"type":"Feature","properties":{"krov":"ROOF_FLAT","visina":3.7892,"kota_vrha":48.18417969},"geometry":{"type":"Polygon","coordinates":[[[16.501083,43.527762],[16.501077,43.527751],[16.50107,43.527762],[16.501058,43.527762],[16.501058,43.527771],[16.501058,43.52778],[16.50107,43.52778],[16.501083,43.52778],[16.501095,43.52778],[16.501107,43.52778],[16.501107,43.527771],[16.501123,43.527767],[16.501107,43.527762],[16.501095,43.527762],[16.501083,43.527762]]]}},{"type":"Feature","properties":{"krov":"ROOF_NOT_FLAT","visina":1.5165,"kota_vrha":31.28847969},"geometry":{"type":"Polygon","coordinates":[[[16.494303,43.527762],[16.494278,43.527762],[16.494278,43.527771],[16.494278,43.52778],[16.494316,43.52778],[16.494316,43.527789],[16.494328,43.527789],[16.49434,43.527789],[16.49434,43.52778],[16.494356,43.527774],[16.494316,43.527771],[16.494316,43.527762],[16.494303,43.527762]]]}},{"type":"Feature","properties":{"krov":"ROOF_NOT_FLAT","visina":3.1006,"kota_vrha":53.16757969},"geometry":{"type":"Polygon","coordinates":[[[16.503087,43.527753],[16.503074,43.527753],[16.503059,43.527758],[16.503074,43.527762],[16.503074,43.527771],[16.503074,43.52778],[16.503074,43.527789],[16.503099,43.527789],[16.503112,43.527789],[16.503136,43.527789],[16.503136,43.52778],[16.503136,43.527753],[16.503112,43.527753],[16.503099,43.527753],[16.503087,43.527753]]]}},{"type":"Feature","properties":{"krov":"ROOF_FLAT","visina":4.0529,"kota_vrha":55.86187969},"geometry":{"type":"Polygon","coordinates":[[[16.504176,43.527726],[16.504169,43.527714],[16.504163,43.527726],[16.504163,43.527735],[16.504163,43.527744],[16.504163,43.527753],[16.504163,43.527762],[16.504163,43.527771],[16.504163,43.52778],[16.504169,43.527792],[16.504176,43.52778],[16.504176,43.527771],[16.504176,43.527762],[16.504176,43.527753],[16.504176,43.527744],[16.504176,43.527735],[16.504176,43.527726]]]}},{"type":"Feature","properties":{"krov":"ROOF_NOT_FLAT","visina":10.6962,"kota_vrha":57.69017969},"geometry":{"type":"Polygon","coordinates":[[[16.502419,43.52778],[16.502406,43.52778],[16.502391,43.527785],[16.502406,43.527789],[16.502406,43.527798],[16.502419,43.527798],[16.502431,43.527798],[16.502431,43.527789],[16.502447,43.527785],[16.502431,43.52778],[16.502419,43.52778]]]}},{"type":"Feature","properties":{"krov":"ROOF_NOT_FLAT","visina":10.2799,"kota_vrha":58.35487969},"geometry":{"type":"Polygon","coordinates":[[[16.502765,43.527717],[16.502753,43.527717],[16.502753,43.527726],[16.502753,43.527735],[16.502753,43.527744],[16.502753,43.527753],[16.502753,43.527762],[16.502753,43.527771],[16.502753,43.52778],[16.502765,43.52778],[16.502765,43.527789],[16.502765,43.527807],[16.502778,43.527807],[16.50279,43.527807],[16.502815,43.527807],[16.502827,43.527807],[16.502839,43.527807],[16.502852,43.527807],[16.502864,43.527807],[16.502889,43.527807],[16.502889,43.527789],[16.502889,43.52778],[16.502889,43.527771],[16.502889,43.527762],[16.502889,43.527753],[16.502889,43.527744],[16.502889,43.527735],[16.502889,43.527726],[16.502889,43.527717],[16.502877,43.527717],[16.502864,43.527717],[16.502852,43.527717],[16.502839,43.527717],[16.502827,43.527717],[16.502815,43.527717],[16.502802,43.527717],[16.50279,43.527717],[16.502778,43.527717],[16.502765,43.527717]]]}},{"type":"Feature","properties":{"krov":"ROOF_FLAT","visina":9.14,"kota_vrha":54.92797969},"geometry":{"type":"Polygon","coordinates":[[[16.50154,43.527585],[16.50154,43.527582],[16.501553,43.527582],[16.501553,43.527585],[16.501936,43.527577],[16.501936,43.527573],[16.501936,43.527564],[16.501936,43.527555],[16.501924,43.527555],[16.501912,43.527555],[16.501899,43.527555],[16.501887,43.527555],[16.50185,43.527555],[16.5018,43.527555],[16.5018,43.527564],[16.501652,43.527564],[16.501615,43.527564],[16.501602,43.527564],[16.50159,43.527564],[16.501578,43.527564],[16.501565,43.527564],[16.501553,43.527564],[16.50154,43.527564],[16.501528,43.527564],[16.501516,43.527564],[16.501503,43.527564],[16.501491,43.527564],[16.501479,43.527564],[16.501466,43.527564],[16.501454,43.527564],[16.501454,43.527573],[16.501454,43.527582],[16.501454,43.527587],[16.50154,43.527585]]]}},{"type":"Feature","properties":{"krov":"ROOF_FLAT","visina":12.0043,"kota_vrha":58.55727969},"geometry":{"type":"Polygon","coordinates":[[[16.501763,43.527613],[16.501763,43.527609],[16.501775,43.527609],[16.501775,43.527612],[16.501927,43.527609],[16.501924,43.527609],[16.501924,43.5276],[16.501924,43.527591],[16.501924,43.527582],[16.501936,43.527582],[16.501936,43.527577],[16.501553,43.527585],[16.501553,43.527591],[16.50154,43.527591],[16.50154,43.527585],[16.501454,43.527587],[16.501454,43.527591],[16.501454,43.5276],[16.501466,43.5276],[16.501466,43.527609],[16.501454,43.527609],[16.501454,43.527618],[16.501454,43.52762],[16.501763,43.527613]]]}},{"type":"Feature","properties":{"krov":"ROOF_FLAT","visina":15.2694,"kota_vrha":61.89137969},"geometry":{"type":"Polygon","coordinates":[[[16.501491,43.527648],[16.501491,43.527645],[16.501503,43.527645],[16.501503,43.527648],[16.501924,43.527639],[16.501924,43.527636],[16.501936,43.527636],[16.501936,43.527627],[16.501936,43.527618],[16.501936,43.527609],[16.501927,43.527609],[16.501775,43.527612],[16.501775,43.527618],[16.501763,43.527618],[16.501763,43.527613],[16.501454,43.52762],[16.501454,43.527627],[16.501454,43.527636],[16.501466,43.527636],[16.501466,43.527645],[16.501466,43.527649],[16.501491,43.527648]]]}},{"type":"Feature","properties":{"krov":"ROOF_FLAT","visina":19.6107,"kota_vrha":66.31067969},"geometry":{"type":"Polygon","coordinates":[[[16.501924,43.527751],[16.501924,43.527744],[16.501936,43.527744],[16.501936,43.527726],[16.501936,43.527717],[16.501936,43.527708],[16.501924,43.527708],[16.501912,43.527708],[16.501912,43.527703],[16.501909,43.527703],[16.501911,43.527751],[16.501924,43.527751]]]}},{"type":"Feature","properties":{"krov":"ROOF_FLAT","visina":19.7241,"kota_vrha":66.49807969},"geometry":{"type":"Polygon","coordinates":[[[16.501936,43.527809],[16.501882,43.527809],[16.501881,43.527816],[16.501887,43.527816],[16.501899,43.527816],[16.501936,43.527816],[16.501936,43.527809]]]}},{"type":"Feature","properties":{"krov":"ROOF_FLAT","visina":19.8399,"kota_vrha":66.38687969},"geometry":{"type":"Polygon","coordinates":[[[16.501491,43.527717],[16.501479,43.527717],[16.501466,43.527717],[16.501466,43.527726],[16.501466,43.527735],[16.501466,43.527753],[16.501466,43.527762],[16.501503,43.527762],[16.501503,43.527771],[16.501516,43.527771],[16.501522,43.527771],[16.501521,43.527745],[16.501492,43.527746],[16.501491,43.527717]]]}},{"type":"Feature","properties":{"krov":"ROOF_FLAT","visina":21.4975,"kota_vrha":68.07847969},"geometry":{"type":"Polygon","coordinates":[[[16.501489,43.527681],[16.501489,43.527667],[16.501466,43.527668],[16.501466,43.527672],[16.501466,43.527681],[16.501479,43.527681],[16.501489,43.527681]]]}},{"type":"Feature","properties":{"krov":"ROOF_FLAT","visina":21.4615,"kota_vrha":68.10347969},"geometry":{"type":"Polygon","coordinates":[[[16.501936,43.527658],[16.501907,43.527658],[16.501908,43.527663],[16.501912,43.527663],[16.501912,43.527672],[16.501924,43.527672],[16.501936,43.527672],[16.501936,43.527663],[16.501936,43.527658]]]}},{"type":"Feature","properties":{"krov":"ROOF_FLAT","visina":19.2935,"kota_vrha":65.86747969},"geometry":{"type":"Polygon","coordinates":[[[16.501936,43.527809],[16.501936,43.527807],[16.501936,43.527798],[16.501936,43.527789],[16.501936,43.527771],[16.501936,43.527762],[16.501924,43.527762],[16.501924,43.527753],[16.501924,43.527751],[16.501911,43.527751],[16.501909,43.527703],[16.501909,43.527699],[16.501899,43.527699],[16.501899,43.52769],[16.501899,43.527681],[16.501899,43.527672],[16.501899,43.527663],[16.501908,43.527663],[16.501907,43.527658],[16.501936,43.527658],[16.501936,43.527654],[16.501936,43.527645],[16.501924,43.527645],[16.501924,43.527639],[16.501503,43.527648],[16.501503,43.527654],[16.501491,43.527654],[16.501491,43.527648],[16.501466,43.527649],[16.501466,43.527654],[16.501466,43.527663],[16.501466,43.527668],[16.501489,43.527667],[16.501489,43.527681],[16.501491,43.527681],[16.501491,43.527672],[16.501503,43.527672],[16.501503,43.527681],[16.501516,43.527681],[16.501516,43.52769],[16.501503,43.52769],[16.501503,43.527699],[16.501503,43.527708],[16.501491,43.527708],[16.501491,43.527717],[16.501491,43.527717],[16.501492,43.527746],[16.501521,43.527745],[16.501522,43.527771],[16.501528,43.527771],[16.50154,43.527771],[16.501553,43.527771],[16.501565,43.527771],[16.501582,43.527777],[16.501627,43.52778],[16.501662,43.527786],[16.501806,43.527803],[16.501825,43.527807],[16.501862,43.527807],[16.501862,43.527816],[16.501874,43.527816],[16.501881,43.527816],[16.501882,43.527809],[16.501936,43.527809]]]}},{"type":"Feature","properties":{"krov":"ROOF_NOT_FLAT","visina":21.4505,"kota_vrha":68.10347969},"geometry":{"type":"Polygon","coordinates":[[[16.501912,43.527703],[16.501912,43.527699],[16.501909,43.527699],[16.501909,43.527703],[16.501912,43.527703]]]}},{"type":"Feature","properties":{"krov":"ROOF_NOT_FLAT","visina":10.9488,"kota_vrha":62.78777969},"geometry":{"type":"Polygon","coordinates":[[[16.50407,43.527755],[16.504078,43.527779],[16.504078,43.52778],[16.504089,43.52778],[16.504089,43.527771],[16.504089,43.527762],[16.504077,43.527762],[16.504077,43.527754],[16.50407,43.527755]]]}},{"type":"Feature","properties":{"krov":"ROOF_NOT_FLAT","visina":11.6358,"kota_vrha":63.13077969},"geometry":{"type":"Polygon","coordinates":[[[16.504078,43.52778],[16.504078,43.527779],[16.50407,43.527755],[16.504069,43.527753],[16.504064,43.527753],[16.504052,43.527753],[16.504052,43.527744],[16.504052,43.527735],[16.504052,43.527726],[16.504039,43.527726],[16.504029,43.527726],[16.504048,43.527783],[16.50405,43.527789],[16.504052,43.527789],[16.504064,43.527789],[16.504077,43.527789],[16.504077,43.52778],[16.504078,43.52778]]]}},{"type":"Feature","properties":{"krov":"ROOF_NOT_FLAT","visina":12.3681,"kota_vrha":63.85107969},"geometry":{"type":"Polygon","coordinates":[[[16.50405,43.527789],[16.504048,43.527783],[16.504029,43.527726],[16.504027,43.527726],[16.504015,43.527726],[16.503978,43.527726],[16.503966,43.527726],[16.503967,43.527727],[16.503991,43.527794],[16.503992,43.527797],[16.503992,43.527798],[16.504002,43.527798],[16.504015,43.527798],[16.504027,43.527798],[16.504027,43.527789],[16.504039,43.527789],[16.50405,43.527789]]]}},{"type":"Feature","properties":{"krov":"ROOF_NOT_FLAT","visina":12.5171,"kota_vrha":63.85107969},"geometry":{"type":"Polygon","coordinates":[[[16.503992,43.527798],[16.503992,43.527797],[16.503991,43.527794],[16.503967,43.527727],[16.503965,43.527727],[16.503965,43.527735],[16.503953,43.527735],[16.503928,43.527744],[16.503916,43.527744],[16.503915,43.527744],[16.503936,43.527807],[16.50394,43.527807],[16.503953,43.527807],[16.503965,43.527807],[16.503978,43.527807],[16.50399,43.527807],[16.50399,43.527798],[16.503992,43.527798]]]}},{"type":"Feature","properties":{"krov":"ROOF_NOT_FLAT","visina":11.7555,"kota_vrha":63.09647969},"geometry":{"type":"Polygon","coordinates":[[[16.503936,43.527807],[16.503915,43.527744],[16.503903,43.527744],[16.503903,43.527753],[16.503888,43.527757],[16.503903,43.527762],[16.503903,43.527771],[16.503903,43.52778],[16.503903,43.527789],[16.503898,43.527789],[16.503898,43.52779],[16.503906,43.527813],[16.503907,43.527816],[16.503916,43.527816],[16.503928,43.527816],[16.503928,43.527807],[16.503936,43.527807]]]}},{"type":"Feature","properties":{"krov":"ROOF_NOT_FLAT","visina":11.526,"kota_vrha":62.92497969},"geometry":{"type":"Polygon","coordinates":[[[16.503907,43.527816],[16.503906,43.527813],[16.503898,43.52779],[16.503891,43.527791],[16.503891,43.527798],[16.503891,43.527807],[16.503875,43.527811],[16.503875,43.527812],[16.503891,43.527816],[16.503891,43.527825],[16.503903,43.527825],[16.503903,43.527816],[16.503907,43.527816]]]}},{"type":"Feature","properties":{"krov":"ROOF_NOT_FLAT","visina":3.1831,"kota_vrha":29.11807969},"geometry":{"type":"Polygon","coordinates":[[[16.492886,43.527825],[16.492886,43.527824],[16.492883,43.527809],[16.49288,43.52781],[16.49288,43.527816],[16.492868,43.527816],[16.492868,43.527825],[16.492856,43.527825],[16.492843,43.527825],[16.492827,43.527829],[16.492843,43.527834],[16.492856,43.527834],[16.492868,43.527834],[16.49288,43.527834],[16.49288,43.527825],[16.492886,43.527825]]]}},{"type":"Feature","properties":{"krov":"ROOF_NOT_FLAT","visina":2.9937,"kota_vrha":29.94167969},"geometry":{"type":"Polygon","coordinates":[[[16.492883,43.527809],[16.492886,43.527824],[16.492886,43.527825],[16.492893,43.527825],[16.492905,43.527825],[16.492918,43.527825],[16.49293,43.527825],[16.49293,43.527816],[16.49293,43.527807],[16.49293,43.527798],[16.492918,43.527798],[16.492905,43.527798],[16.492893,43.527798],[16.492893,43.527807],[16.492882,43.527807],[16.492883,43.527809]]]}},{"type":"Feature","properties":{"krov":"ROOF_FLAT","visina":7.2961,"kota_vrha":34.78107969},"geometry":{"type":"MultiPolygon","coordinates":[[[[16.493073,43.527843],[16.493073,43.527852],[16.493078,43.527852],[16.493078,43.527843],[16.493073,43.527843]]],[[[16.49314,43.527848],[16.49314,43.527843],[16.493128,43.527843],[16.493115,43.527843],[16.493103,43.527843],[16.493091,43.527843],[16.493091,43.527852],[16.493102,43.527852],[16.493102,43.527847],[16.49314,43.527848]]],[[[16.4931,43.52787],[16.493091,43.52787],[16.493078,43.52787],[16.493071,43.52787],[16.493071,43.527872],[16.493099,43.527872],[16.4931,43.52787]]]]}},{"type":"Feature","properties":{"krov":"ROOF_NOT_FLAT","visina":11.6131,"kota_vrha":38.31607969},"geometry":{"type":"Polygon","coordinates":[[[16.49314,43.527848],[16.493102,43.527847],[16.493102,43.527852],[16.493103,43.527852],[16.493103,43.527861],[16.493103,43.52787],[16.4931,43.52787],[16.493099,43.527872],[16.493071,43.527872],[16.493071,43.52787],[16.493066,43.52787],[16.493066,43.527861],[16.493066,43.527852],[16.493073,43.527852],[16.493073,43.527843],[16.493066,43.527843],[16.493054,43.527843],[16.493041,43.527843],[16.493041,43.527852],[16.493041,43.527879],[16.493041,43.527888],[16.493041,43.527897],[16.493054,43.527897],[16.493066,43.527897],[16.493078,43.527897],[16.493091,43.527897],[16.493103,43.527897],[16.493115,43.527897],[16.493128,43.527897],[16.49314,43.527897],[16.493153,43.527897],[16.493165,43.527897],[16.493165,43.527888],[16.493165,43.527879],[16.493165,43.527861],[16.493165,43.527852],[16.49314,43.527852],[16.49314,43.527848]]]}},{"type":"Feature","properties":{"krov":"ROOF_NOT_FLAT","visina":9.6864,"kota_vrha":38.11337969},"geometry":{"type":"Polygon","coordinates":[[[16.493633,43.527852],[16.493638,43.527813],[16.493635,43.527813],[16.493635,43.527816],[16.493623,43.527816],[16.493623,43.527825],[16.49361,43.527825],[16.49361,43.527816],[16.493598,43.527816],[16.493593,43.527816],[16.493588,43.527852],[16.493598,43.527852],[16.49361,43.527852],[16.493623,43.527852],[16.493633,43.527852]]]}},{"type":"Feature","properties":{"krov":"ROOF_NOT_FLAT","visina":9.086,"kota_vrha":37.51297969},"geometry":{"type":"Polygon","coordinates":[[[16.493638,43.527813],[16.493633,43.527852],[16.493635,43.527852],[16.493647,43.527852],[16.49366,43.527852],[16.49366,43.527843],[16.49366,43.527825],[16.49366,43.527816],[16.49366,43.527807],[16.493647,43.527807],[16.493639,43.527807],[16.493638,43.527813]]]}},{"type":"Feature","properties":{"krov":"ROOF_NOT_FLAT","visina":9.1901,"kota_vrha":37.63107969},"geometry":{"type":"Polygon","coordinates":[[[16.493588,43.527852],[16.493593,43.527816],[16.493586,43.527816],[16.493586,43.527807],[16.493561,43.527807],[16.493561,43.527834],[16.493548,43.527834],[16.493548,43.527843],[16.493548,43.527852],[16.493553,43.527852],[16.493561,43.527852],[16.493561,43.527852],[16.493586,43.527854],[16.493586,43.527852],[16.493588,43.527852]]]}},{"type":"Feature","properties":{"krov":"ROOF_NOT_FLAT","visina":9.1909,"kota_vrha":37.40887969},"geometry":{"type":"MultiPolygon","coordinates":[[[[16.493595,43.527897],[16.493583,43.527896],[16.493582,43.527906],[16.493586,43.527906],[16.493586,43.527897],[16.493595,43.527897]]],[[[16.493647,43.5279],[16.493598,43.527897],[16.493598,43.527906],[16.49361,43.527906],[16.493623,43.527906],[16.493635,43.527906],[16.493647,43.527906],[16.493647,43.5279]]]]}},{"type":"Feature","properties":{"krov":"ROOF_NOT_FLAT","visina":9.2438,"kota_vrha":37.56677969},"geometry":{"type":"MultiPolygon","coordinates":[[[[16.493598,43.527897],[16.493647,43.5279],[16.493647,43.527897],[16.493647,43.527888],[16.493647,43.527879],[16.493647,43.52787],[16.493635,43.52787],[16.493623,43.52787],[16.49361,43.52787],[16.493598,43.52787],[16.493598,43.527861],[16.493586,43.527861],[16.493586,43.527854],[16.493561,43.527852],[16.493561,43.527861],[16.493548,43.527861],[16.493548,43.52787],[16.493548,43.527879],[16.493548,43.527888],[16.493548,43.527897],[16.493548,43.527906],[16.493561,43.527906],[16.493573,43.527906],[16.493582,43.527906],[16.493583,43.527896],[16.493595,43.527897],[16.493598,43.527897]]]]}},{"type":"Feature","properties":{"krov":"ROOF_NOT_FLAT","visina":8.2974,"kota_vrha":33.87437969},"geometry":{"type":"Polygon","coordinates":[[[16.492905,43.527933],[16.492905,43.527924],[16.492918,43.527924],[16.49293,43.527924],[16.492942,43.527924],[16.492955,43.527924],[16.492971,43.527919],[16.492955,43.527915],[16.492955,43.527906],[16.492955,43.527897],[16.492942,43.527897],[16.49293,43.527897],[16.49293,43.527906],[16.492918,43.527906],[16.492893,43.527906],[16.492893,43.527915],[16.492893,43.527924],[16.492893,43.527933],[16.492905,43.527933]]]}},{"type":"Feature","properties":{"krov":"ROOF_FLAT","visina":3.4021,"kota_vrha":31.19107969},"geometry":{"type":"MultiPolygon","coordinates":[[[[16.493276,43.527861],[16.493289,43.527861],[16.493289,43.527852],[16.493301,43.527852],[16.493302,43.527846],[16.493313,43.527847],[16.493313,43.527843],[16.493301,43.527843],[16.493289,43.527843],[16.493276,43.527843],[16.493264,43.527843],[16.493252,43.527843],[16.493239,43.527843],[16.493239,43.527852],[16.493239,43.527861],[16.493252,43.527861],[16.493252,43.52787],[16.493264,43.52787],[16.493267,43.52787],[16.493268,43.527865],[16.493276,43.527866],[16.493276,43.527861]]]]}},{"type":"Feature","properties":{"krov":"ROOF_FLAT","visina":6.5561,"kota_vrha":34.25607969},"geometry":{"type":"MultiPolygon","coordinates":[[[[16.493276,43.52787],[16.493276,43.527866],[16.493268,43.527865],[16.493267,43.52787],[16.493276,43.52787]]],[[[16.493276,43.52787],[16.493276,43.527879],[16.493276,43.527888],[16.493276,43.527897],[16.493276,43.527906],[16.493264,43.527906],[16.493264,43.527915],[16.493264,43.527924],[16.493264,43.527933],[16.493276,43.527933],[16.49328,43.527933],[16.493296,43.52787],[16.493289,43.52787],[16.493276,43.52787]]]]}},{"type":"Feature","properties":{"krov":"ROOF_NOT_FLAT","visina":11.0998,"kota_vrha":38.92777969},"geometry":{"type":"Polygon","coordinates":[[[16.493369,43.527879],[16.493367,43.527888],[16.493375,43.527888],[16.493375,43.527897],[16.493375,43.527906],[16.493375,43.527915],[16.493388,43.527915],[16.4934,43.527915],[16.493412,43.527915],[16.493425,43.527915],[16.493437,43.527915],[16.493437,43.527924],[16.49345,43.527924],[16.493462,43.527924],[16.493474,43.527924],[16.493487,43.527924],[16.493487,43.527915],[16.493487,43.527906],[16.493491,43.527882],[16.493499,43.52787],[16.493499,43.527861],[16.493487,43.527861],[16.493462,43.527861],[16.493432,43.527856],[16.493388,43.527852],[16.493388,43.52787],[16.493375,43.52787],[16.493375,43.527879],[16.493369,43.527879]]]}},{"type":"Feature","properties":{"krov":"ROOF_NOT_FLAT","visina":9.4211,"kota_vrha":37.12107969},"geometry":{"type":"Polygon","coordinates":[[[16.493367,43.527888],[16.493369,43.527879],[16.493363,43.527879],[16.493363,43.52787],[16.493363,43.527861],[16.493351,43.527861],[16.493351,43.527852],[16.493348,43.527852],[16.493338,43.527852],[16.493326,43.527852],[16.493313,43.527852],[16.493313,43.527847],[16.493302,43.527846],[16.493301,43.527852],[16.493301,43.527852],[16.493301,43.527861],[16.493301,43.52787],[16.493296,43.52787],[16.49328,43.527933],[16.493289,43.527933],[16.493301,43.527933],[16.493301,43.527924],[16.493313,43.527924],[16.493313,43.527915],[16.493326,43.527915],[16.493326,43.527906],[16.493338,43.527906],[16.493351,43.527906],[16.493351,43.527897],[16.493351,43.527888],[16.493363,43.527888],[16.493367,43.527888]]]}},{"type":"Feature","properties":{"krov":"ROOF_NOT_FLAT","visina":11.0998,"kota_vrha":38.92777969},"geometry":{"type":"Polygon","coordinates":[[[16.493371,43.527935],[16.493375,43.527924],[16.49336,43.527927],[16.493371,43.527935]]]}},{"type":"Feature","properties":{"krov":"ROOF_NOT_FLAT","visina":8.3375,"kota_vrha":33.51547969},"geometry":{"type":"Polygon","coordinates":[[[16.492979,43.527958],[16.492936,43.527958],[16.492936,43.527953],[16.492934,43.527953],[16.492881,43.527954],[16.49288,43.527954],[16.49288,43.52796],[16.492893,43.52796],[16.492905,43.52796],[16.492918,43.52796],[16.49293,43.52796],[16.49293,43.527969],[16.492942,43.527969],[16.492955,43.527969],[16.492967,43.527969],[16.492979,43.527969],[16.492992,43.527969],[16.492992,43.52796],[16.492979,43.52796],[16.492979,43.527958]]]}},{"type":"Feature","properties":{"krov":"ROOF_NOT_FLAT","visina":7.9324,"kota_vrha":33.47437969},"geometry":{"type":"Polygon","coordinates":[[[16.492881,43.527954],[16.492934,43.527953],[16.492936,43.527953],[16.492936,43.527958],[16.492979,43.527958],[16.492979,43.527951],[16.492979,43.527942],[16.492967,43.527942],[16.492955,43.527942],[16.492942,43.527942],[16.49293,43.527942],[16.492918,43.527942],[16.492905,43.527942],[16.492893,43.527942],[16.49288,43.527942],[16.492881,43.527954]]]}},{"type":"Feature","properties":{"krov":"ROOF_FLAT","visina":3.4781,"kota_vrha":53.69507969},"geometry":{"type":"Polygon","coordinates":[[[16.503074,43.527888],[16.503074,43.527881],[16.503064,43.52788],[16.503064,43.527879],[16.50305,43.527879],[16.50305,43.52787],[16.503013,43.52787],[16.503003,43.52787],[16.503003,43.52787],[16.503001,43.52787],[16.503,43.52787],[16.502988,43.52787],[16.502988,43.527879],[16.502976,43.527879],[16.502976,43.527888],[16.502963,43.527888],[16.502963,43.527897],[16.502963,43.527915],[16.502963,43.527924],[16.502963,43.527951],[16.502968,43.527965],[16.503081,43.527982],[16.503087,43.527924],[16.503087,43.527888],[16.503074,43.527888]]]}},{"type":"Feature","properties":{"krov":"ROOF_NOT_FLAT","visina":3.5991,"kota_vrha":31.08007969},"geometry":{"type":"Polygon","coordinates":[[[16.493548,43.528023],[16.493548,43.528014],[16.493536,43.528014],[16.493524,43.528014],[16.493524,43.528023],[16.493511,43.528023],[16.493511,43.528032],[16.493524,43.528032],[16.493536,43.528032],[16.493548,43.528032],[16.493548,43.528023]]]}},{"type":"Feature","properties":{"krov":"ROOF_FLAT","visina":2.762,"kota_vrha":29.99997969},"geometry":{"type":"Polygon","coordinates":[[[16.493858,43.52801],[16.493858,43.528005],[16.493845,43.528005],[16.493845,43.527996],[16.493858,43.527996],[16.493858,43.527987],[16.49387,43.527987],[16.49387,43.527978],[16.49387,43.527969],[16.493858,43.527969],[16.493845,43.527969],[16.493821,43.527969],[16.493821,43.527978],[16.493821,43.527987],[16.493821,43.527996],[16.493821,43.528005],[16.493821,43.52801],[16.493858,43.52801]]]}},{"type":"Feature","properties":{"krov":"ROOF_NOT_FLAT","visina":8.3631,"kota_vrha":35.13107969},"geometry":{"type":"Polygon","coordinates":[[[16.493897,43.528014],[16.493898,43.528034],[16.493898,43.528041],[16.493907,43.528041],[16.493907,43.52805],[16.49392,43.52805],[16.493932,43.52805],[16.493944,43.52805],[16.493957,43.52805],[16.493969,43.52805],[16.493969,43.528041],[16.493969,43.528032],[16.493969,43.528023],[16.493969,43.528014],[16.493969,43.528005],[16.493969,43.527996],[16.493944,43.527996],[16.493932,43.527996],[16.493907,43.527996],[16.493895,43.527996],[16.493895,43.528005],[16.493907,43.528005],[16.493907,43.528014],[16.493897,43.528014]]]}},{"type":"Feature","properties":{"krov":"ROOF_NOT_FLAT","visina":7.2581,"kota_vrha":34.33107969},"geometry":{"type":"Polygon","coordinates":[[[16.493898,43.528041],[16.493898,43.528034],[16.493897,43.528014],[16.493895,43.528014],[16.493883,43.528014],[16.49387,43.528014],[16.493858,43.528014],[16.493858,43.52801],[16.493821,43.52801],[16.493821,43.528014],[16.493821,43.528023],[16.493821,43.528032],[16.493821,43.528041],[16.493833,43.528041],[16.493845,43.528041],[16.493858,43.528041],[16.49387,43.528041],[16.493882,43.528041],[16.493895,43.528041],[16.493898,43.528041]]]}},{"type":"Feature","properties":{"krov":"ROOF_FLAT","visina":2.1885,"kota_vrha":53.55347969},"geometry":{"type":"Polygon","coordinates":[[[16.5034,43.52805],[16.5034,43.528047],[16.5034,43.528045],[16.503396,43.528045],[16.503396,43.52805],[16.5034,43.52805]]]}},{"type":"Feature","properties":{"krov":"ROOF_NOT_FLAT","visina":3.9221,"kota_vrha":55.12207969},"geometry":{"type":"Polygon","coordinates":[[[16.5034,43.528045],[16.5034,43.528047],[16.5034,43.52805],[16.503409,43.52805],[16.503421,43.52805],[16.503433,43.52805],[16.503446,43.52805],[16.503458,43.52805],[16.503458,43.528041],[16.503446,43.528041],[16.503433,43.528041],[16.503421,43.528041],[16.503409,43.528041],[16.5034,43.528041],[16.5034,43.528045]]]}},{"type":"Feature","properties":{"krov":"ROOF_FLAT","visina":3.1073,"kota_vrha":30.41027969},"geometry":{"type":"Polygon","coordinates":[[[16.493501,43.528095],[16.493502,43.528092],[16.493511,43.528093],[16.493511,43.528086],[16.493524,43.528086],[16.493524,43.528077],[16.493524,43.528068],[16.493524,43.528059],[16.493511,43.528059],[16.493499,43.528059],[16.493474,43.528059],[16.493462,43.528059],[16.493462,43.528068],[16.493462,43.528077],[16.493462,43.528086],[16.493462,43.528091],[16.493476,43.528092],[16.493476,43.528095],[16.493487,43.528095],[16.493499,43.528095],[16.493501,43.528095]]]}},{"type":"Feature","properties":{"krov":"ROOF_NOT_FLAT","visina":9.6562,"kota_vrha":61.73017969},"geometry":{"type":"Polygon","coordinates":[[[16.503941,43.528095],[16.503941,43.528086],[16.503953,43.528086],[16.503965,43.528086],[16.503978,43.528086],[16.50399,43.528086],[16.504002,43.528086],[16.504015,43.528086],[16.504027,43.528086],[16.504039,43.528086],[16.504052,43.528086],[16.504064,43.528086],[16.504064,43.528077],[16.504064,43.528068],[16.504064,43.528059],[16.504064,43.52805],[16.504064,43.528041],[16.504052,43.528041],[16.504039,43.528041],[16.504015,43.528041],[16.503978,43.528041],[16.503978,43.52805],[16.503953,43.52805],[16.503953,43.528059],[16.503953,43.528068],[16.503941,43.528068],[16.503941,43.528077],[16.503928,43.528077],[16.503928,43.528086],[16.503916,43.528086],[16.503916,43.528095],[16.503928,43.528095],[16.503941,43.528095]]]}},{"type":"Feature","properties":{"krov":"ROOF_NOT_FLAT","visina":10.0031,"kota_vrha":36.43107969},"geometry":{"type":"Polygon","coordinates":[[[16.493907,43.528095],[16.493905,43.528068],[16.493895,43.528068],[16.493895,43.52806],[16.493808,43.528061],[16.493808,43.528068],[16.493805,43.528068],[16.493805,43.528069],[16.493796,43.528069],[16.493796,43.528077],[16.493796,43.528086],[16.493796,43.528095],[16.493784,43.528095],[16.493784,43.528104],[16.493784,43.528113],[16.493784,43.528122],[16.493796,43.528122],[16.493808,43.528122],[16.493821,43.528122],[16.493833,43.528122],[16.493833,43.528131],[16.493845,43.528131],[16.493858,43.528131],[16.49387,43.528131],[16.493882,43.528131],[16.493895,43.528131],[16.493895,43.528122],[16.493895,43.528113],[16.493895,43.528095],[16.493907,43.528095]]]}},{"type":"Feature","properties":{"krov":"ROOF_NOT_FLAT","visina":8.3631,"kota_vrha":35.13107969},"geometry":{"type":"Polygon","coordinates":[[[16.493905,43.528068],[16.493907,43.528095],[16.493907,43.528095],[16.493907,43.528086],[16.493907,43.528077],[16.493907,43.528068],[16.493905,43.528068]]]}},{"type":"Feature","properties":{"krov":"ROOF_NOT_FLAT","visina":7.2581,"kota_vrha":34.33107969},"geometry":{"type":"Polygon","coordinates":[[[16.493895,43.52806],[16.493895,43.528059],[16.493882,43.528059],[16.49387,43.528059],[16.493858,43.528059],[16.493845,43.528059],[16.493833,43.528059],[16.493821,43.528059],[16.493808,43.528059],[16.493808,43.528061],[16.493895,43.52806]]]}},{"type":"Feature","properties":{"krov":"ROOF_NOT_FLAT","visina":8.5799,"kota_vrha":50.39087969},"geometry":{"type":"Polygon","coordinates":[[[16.499326,43.528176],[16.499326,43.528167],[16.499338,43.528167],[16.499338,43.528149],[16.499338,43.52814],[16.499338,43.528131],[16.499338,43.528122],[16.499338,43.528113],[16.499338,43.528104],[16.499338,43.528095],[16.499354,43.528091],[16.499338,43.528086],[16.499326,43.528086],[16.499314,43.528086],[16.499301,43.528086],[16.499294,43.528086],[16.499294,43.528088],[16.499276,43.528086],[16.499276,43.528095],[16.499264,43.528095],[16.499252,43.528095],[16.499239,43.528095],[16.499239,43.528104],[16.499239,43.528113],[16.499227,43.528113],[16.499227,43.528149],[16.499227,43.528158],[16.499227,43.528167],[16.499239,43.528167],[16.499239,43.528158],[16.499252,43.528158],[16.499264,43.528158],[16.499264,43.528149],[16.499276,43.528149],[16.499289,43.528149],[16.499301,43.528149],[16.499301,43.528158],[16.499314,43.528158],[16.499314,43.528167],[16.499298,43.528172],[16.499314,43.528176],[16.499326,43.528176]]]}},{"type":"Feature","properties":{"krov":"ROOF_NOT_FLAT","visina":10.4159,"kota_vrha":54.48887969},"geometry":{"type":"Polygon","coordinates":[[[16.499753,43.528239],[16.499761,43.528212],[16.499759,43.528212],[16.499759,43.528203],[16.499764,43.528203],[16.499774,43.528167],[16.499771,43.528167],[16.499771,43.528158],[16.499777,43.528158],[16.499785,43.528131],[16.499784,43.528131],[16.499771,43.528131],[16.499759,43.528131],[16.499734,43.528131],[16.499728,43.52812],[16.499722,43.528131],[16.499722,43.52814],[16.499709,43.52814],[16.499709,43.528167],[16.499698,43.528167],[16.499697,43.528171],[16.499697,43.528176],[16.499697,43.528185],[16.499697,43.528194],[16.499697,43.528212],[16.499697,43.528221],[16.499685,43.528221],[16.499685,43.52823],[16.499685,43.528239],[16.499697,43.528239],[16.499709,43.528239],[16.499722,43.528239],[16.499734,43.528239],[16.499734,43.528248],[16.499747,43.528248],[16.499747,43.528239],[16.499753,43.528239]]]}},{"type":"Feature","properties":{"krov":"ROOF_NOT_FLAT","visina":9.8066,"kota_vrha":53.94557969},"geometry":{"type":"Polygon","coordinates":[[[16.499771,43.528203],[16.499771,43.528194],[16.499784,43.528194],[16.499784,43.528203],[16.499771,43.528203],[16.499771,43.528212],[16.499761,43.528212],[16.499753,43.528239],[16.499759,43.528239],[16.499759,43.528248],[16.499771,43.528248],[16.499784,43.528248],[16.499796,43.528248],[16.499796,43.52823],[16.499808,43.52823],[16.499808,43.528212],[16.499808,43.528194],[16.499808,43.528185],[16.499821,43.528185],[16.499821,43.528167],[16.499821,43.528158],[16.499821,43.528149],[16.499821,43.52814],[16.499808,43.52814],[16.499796,43.52814],[16.499796,43.528131],[16.499785,43.528131],[16.499777,43.528158],[16.499784,43.528158],[16.499784,43.528149],[16.499796,43.528149],[16.499796,43.528158],[16.499784,43.528158],[16.499784,43.528167],[16.499774,43.528167],[16.499764,43.528203],[16.499771,43.528203]]]}},{"type":"Feature","properties":{"krov":"ROOF_NOT_FLAT","visina":7.1996,"kota_vrha":49.33657969},"geometry":{"type":"Polygon","coordinates":[[[16.499252,43.528181],[16.499245,43.528181],[16.499227,43.528179],[16.499227,43.528185],[16.499215,43.528185],[16.499215,43.528194],[16.499215,43.528203],[16.499215,43.528212],[16.499215,43.52823],[16.499215,43.528239],[16.499215,43.528248],[16.499215,43.528257],[16.499215,43.528266],[16.499227,43.528266],[16.499239,43.528266],[16.499252,43.528266],[16.499252,43.528257],[16.499252,43.528248],[16.499252,43.528239],[16.499252,43.52823],[16.499264,43.52823],[16.499264,43.528221],[16.499264,43.528212],[16.499264,43.528203],[16.499264,43.528194],[16.499264,43.528185],[16.499252,43.528185],[16.499252,43.528181]]]}},{"type":"Feature","properties":{"krov":"ROOF_NOT_FLAT","visina":8.5799,"kota_vrha":50.39087969},"geometry":{"type":"Polygon","coordinates":[[[16.499227,43.528179],[16.499245,43.528181],[16.499252,43.528181],[16.499252,43.528176],[16.499239,43.528176],[16.499227,43.528176],[16.499227,43.528179]]]}},{"type":"Feature","properties":{"krov":"ROOF_FLAT","visina":8.617,"kota_vrha":49.59697969},"geometry":{"type":"Polygon","coordinates":[[[16.499536,43.528176],[16.499561,43.528178],[16.499561,43.528176],[16.499561,43.528167],[16.499561,43.528158],[16.499573,43.528158],[16.499586,43.528158],[16.499586,43.528149],[16.499598,43.528149],[16.499598,43.52814],[16.499598,43.528134],[16.499581,43.528132],[16.499581,43.528131],[16.499573,43.528131],[16.499573,43.528122],[16.499573,43.528113],[16.499573,43.528104],[16.499573,43.528095],[16.499573,43.528086],[16.499561,43.528086],[16.499536,43.528086],[16.499524,43.528086],[16.499512,43.528086],[16.499487,43.528086],[16.499462,43.528086],[16.499462,43.528095],[16.499462,43.528104],[16.499462,43.528113],[16.499462,43.528122],[16.499462,43.528131],[16.499462,43.52814],[16.499462,43.528149],[16.499462,43.528158],[16.499462,43.528167],[16.499474,43.528167],[16.499487,43.528167],[16.499499,43.528167],[16.499512,43.528167],[16.499524,43.528167],[16.499536,43.528167],[16.499536,43.528176]]]}},{"type":"Feature","properties":{"krov":"ROOF_NOT_FLAT","visina":12.6254,"kota_vrha":55.21437969},"geometry":{"type":"Polygon","coordinates":[[[16.499561,43.528178],[16.499536,43.528176],[16.499536,43.528176],[16.499524,43.528176],[16.499524,43.528185],[16.499512,43.528185],[16.499499,43.528185],[16.499499,43.528176],[16.499487,43.528176],[16.499474,43.528176],[16.499462,43.528176],[16.49945,43.528176],[16.49945,43.528185],[16.499437,43.528185],[16.499437,43.528257],[16.49945,43.528257],[16.499474,43.528257],[16.499487,43.528257],[16.499487,43.528266],[16.499499,43.528266],[16.499512,43.528266],[16.499524,43.528266],[16.499549,43.528266],[16.499549,43.528221],[16.499561,43.528221],[16.499561,43.528203],[16.499561,43.528185],[16.499561,43.528178]]]}},{"type":"Feature","properties":{"krov":"ROOF_NOT_FLAT","visina":2.9893,"kota_vrha":42.17427969},"geometry":{"type":"Polygon","coordinates":[[[16.497408,43.528248],[16.497371,43.528248],[16.497217,43.528252],[16.49723,43.528263],[16.497359,43.528275],[16.497371,43.528275],[16.497384,43.528275],[16.497408,43.528275],[16.497408,43.528248]]]}},{"type":"Feature","properties":{"krov":"ROOF_NOT_FLAT","visina":4.2961,"kota_vrha":46.36207969},"geometry":{"type":"Polygon","coordinates":[[[16.499314,43.528248],[16.499301,43.528248],[16.499285,43.528253],[16.499301,43.528257],[16.499301,43.528266],[16.499301,43.528275],[16.499314,43.528275],[16.499314,43.528266],[16.499314,43.528257],[16.499314,43.528248]]]}},{"type":"Feature","properties":{"krov":"ROOF_NOT_FLAT","visina":2.3344,"kota_vrha":44.16237969},"geometry":{"type":"Polygon","coordinates":[[[16.498955,43.528221],[16.498955,43.528212],[16.498967,43.528212],[16.498967,43.528203],[16.498967,43.528194],[16.498955,43.528194],[16.498942,43.528194],[16.498936,43.528183],[16.49893,43.528194],[16.49893,43.528203],[16.49893,43.528223],[16.498934,43.528224],[16.498932,43.52823],[16.498942,43.52823],[16.498942,43.528248],[16.498942,43.528257],[16.498949,43.528278],[16.498955,43.528257],[16.498955,43.528248],[16.498955,43.528221]]]}},{"type":"Feature","properties":{"krov":"ROOF_NOT_FLAT","visina":2.4759,"kota_vrha":41.41387969},"geometry":{"type":"Polygon","coordinates":[[[16.497173,43.528266],[16.497161,43.528266],[16.497145,43.528271],[16.497161,43.528275],[16.497161,43.528277],[16.497163,43.528277],[16.497163,43.528284],[16.497173,43.528284],[16.49718,43.528296],[16.497188,43.528271],[16.497173,43.528266]]]}},{"type":"Feature","properties":{"krov":"ROOF_FLAT","visina":6.92,"kota_vrha":32.69997969},"geometry":{"type":"Polygon","coordinates":[[[16.493338,43.528202],[16.493338,43.528194],[16.493338,43.528185],[16.493338,43.528176],[16.493338,43.528167],[16.493326,43.528167],[16.493313,43.528167],[16.493301,43.528167],[16.493289,43.528167],[16.49328,43.528167],[16.493281,43.528204],[16.493338,43.528202]]]}},{"type":"Feature","properties":{"krov":"ROOF_NOT_FLAT","visina":7.0598,"kota_vrha":32.90077969},"geometry":{"type":"Polygon","coordinates":[[[16.493281,43.528204],[16.49328,43.528167],[16.493276,43.528167],[16.493276,43.528176],[16.493276,43.528185],[16.493276,43.528194],[16.493264,43.528194],[16.493264,43.528203],[16.493262,43.528203],[16.493262,43.528204],[16.493277,43.528204],[16.493281,43.528204]]]}},{"type":"Feature","properties":{"krov":"ROOF_NOT_FLAT","visina":11.7734,"kota_vrha":35.89837969},"geometry":{"type":"Polygon","coordinates":[[[16.493338,43.528202],[16.493281,43.528204],[16.493277,43.528204],[16.493262,43.528204],[16.493252,43.528205],[16.493252,43.528212],[16.493239,43.528212],[16.493227,43.528212],[16.493227,43.528257],[16.493227,43.528266],[16.493227,43.528275],[16.493227,43.528284],[16.493227,43.528302],[16.493227,43.528311],[16.493227,43.52832],[16.493239,43.52832],[16.493239,43.528311],[16.493239,43.528302],[16.493252,43.528302],[16.493252,43.528293],[16.493252,43.528284],[16.493252,43.528275],[16.493264,43.528275],[16.493264,43.528284],[16.493276,43.528284],[16.493276,43.528293],[16.493289,43.528293],[16.493301,43.528293],[16.493301,43.528302],[16.493313,43.528302],[16.493326,43.528302],[16.493326,43.528311],[16.493338,43.528311],[16.493338,43.528302],[16.493338,43.528284],[16.493338,43.528257],[16.493338,43.52823],[16.493338,43.528221],[16.493338,43.528212],[16.493338,43.528203],[16.493338,43.528202]],[[16.493264,43.528248],[16.493264,43.528257],[16.493252,43.528257],[16.493252,43.528248],[16.493264,43.528248]]]}},{"type":"Feature","properties":{"krov":"ROOF_FLAT","visina":5.2143,"kota_vrha":52.12627969},"geometry":{"type":"Polygon","coordinates":[[[16.500449,43.528275],[16.500446,43.528292],[16.500446,43.528297],[16.500405,43.528324],[16.500402,43.528324],[16.500402,43.528329],[16.500415,43.528329],[16.500427,43.528329],[16.500501,43.528329],[16.500501,43.528266],[16.500464,43.528266],[16.500452,43.528266],[16.500452,43.528275],[16.500449,43.528275]]]}},{"type":"Feature","properties":{"krov":"ROOF_NOT_FLAT","visina":4.6248,"kota_vrha":51.82977969},"geometry":{"type":"Polygon","coordinates":[[[16.500449,43.528275],[16.500439,43.528275],[16.500439,43.528284],[16.500427,43.528284],[16.500415,43.528284],[16.500415,43.528288],[16.500446,43.528292],[16.500449,43.528275]]]}},{"type":"Feature","properties":{"krov":"ROOF_NOT_FLAT","visina":3.0336,"kota_vrha":51.92857969},"geometry":{"type":"Polygon","coordinates":[[[16.500446,43.528292],[16.500415,43.528295],[16.500415,43.528302],[16.500415,43.528311],[16.500402,43.528311],[16.500402,43.52832],[16.500402,43.528324],[16.500405,43.528324],[16.500446,43.528297],[16.500446,43.528292]]]}},{"type":"Feature","properties":{"krov":"ROOF_FLAT","visina":4.1278,"kota_vrha":44.12977969},"geometry":{"type":"Polygon","coordinates":[[[16.497718,43.528347],[16.497705,43.528347],[16.497689,43.528352],[16.497705,43.528356],[16.497718,43.528356],[16.497718,43.528347]]]}},{"type":"Feature","properties":{"krov":"ROOF_NOT_FLAT","visina":2.9492,"kota_vrha":42.49717969},"geometry":{"type":"Polygon","coordinates":[[[16.497285,43.528338],[16.497223,43.528338],[16.497223,43.528347],[16.497223,43.528356],[16.497223,43.528365],[16.497235,43.528365],[16.497248,43.528365],[16.49726,43.528365],[16.497272,43.528365],[16.497285,43.528365],[16.497297,43.528365],[16.497346,43.528365],[16.497359,43.528365],[16.497371,43.528365],[16.497396,43.528365],[16.497408,43.528365],[16.497408,43.528356],[16.497408,43.528338],[16.497396,43.528338],[16.497384,43.528338],[16.497334,43.528338],[16.497309,43.528338],[16.497285,43.528338]]]}},{"type":"Feature","properties":{"krov":"ROOF_NOT_FLAT","visina":2.0196,"kota_vrha":45.45157969},"geometry":{"type":"Polygon","coordinates":[[[16.499259,43.528338],[16.49926,43.528365],[16.499264,43.528365],[16.499276,43.528365],[16.499276,43.528356],[16.499289,43.528356],[16.499289,43.528347],[16.499289,43.528338],[16.499276,43.528338],[16.499264,43.528338],[16.499259,43.528338]]]}},{"type":"Feature","properties":{"krov":"ROOF_NOT_FLAT","visina":2.4119,"kota_vrha":45.84387969},"geometry":{"type":"Polygon","coordinates":[[[16.49926,43.528365],[16.499259,43.528338],[16.499252,43.528338],[16.499252,43.528347],[16.499252,43.528356],[16.499252,43.528365],[16.49926,43.528365]]]}},{"type":"Feature","properties":{"krov":"ROOF_NOT_FLAT","visina":3.2581,"kota_vrha":45.61107969},"geometry":{"type":"Polygon","coordinates":[[[16.498819,43.528347],[16.498806,43.528347],[16.498777,43.528365],[16.498819,43.528374],[16.498819,43.528383],[16.498831,43.528383],[16.498848,43.528377],[16.498837,43.528354],[16.498819,43.528347]]]}},{"type":"Feature","properties":{"krov":"ROOF_NOT_FLAT","visina":11.93,"kota_vrha":50.18497969},"geometry":{"type":"Polygon","coordinates":[[[16.497062,43.528383],[16.497062,43.528365],[16.49705,43.528365],[16.497037,43.528365],[16.497025,43.528365],[16.497025,43.528374],[16.497021,43.528374],[16.497021,43.528375],[16.497012,43.528375],[16.497012,43.528383],[16.497,43.528383],[16.496988,43.528383],[16.496975,43.528383],[16.496963,43.528383],[16.496963,43.528375],[16.496946,43.528375],[16.496946,43.528374],[16.496938,43.528374],[16.496926,43.528374],[16.496901,43.528374],[16.496889,43.528374],[16.496876,43.528374],[16.496864,43.528374],[16.496852,43.528374],[16.496839,43.528374],[16.496827,43.528374],[16.496815,43.528374],[16.496815,43.528383],[16.496802,43.528383],[16.49679,43.528383],[16.496753,43.528383],[16.496753,43.528374],[16.49674,43.528374],[16.496728,43.528374],[16.496728,43.528365],[16.496716,43.528365],[16.496703,43.528365],[16.496691,43.528365],[16.496691,43.528374],[16.496691,43.528392],[16.496691,43.528401],[16.496691,43.52841],[16.496691,43.528419],[16.496691,43.528428],[16.496703,43.528428],[16.496716,43.528428],[16.496728,43.528428],[16.49674,43.528428],[16.496753,43.528428],[16.496765,43.528428],[16.496777,43.528428],[16.49679,43.528428],[16.496802,43.528428],[16.496815,43.528428],[16.496827,43.528428],[16.496839,43.528428],[16.496852,43.528428],[16.496864,43.528428],[16.496876,43.528428],[16.496889,43.528428],[16.496901,43.528428],[16.496913,43.528428],[16.496926,43.528428],[16.496938,43.528428],[16.496951,43.528428],[16.496963,43.528428],[16.496975,43.528428],[16.496988,43.528428],[16.497,43.528428],[16.497012,43.528428],[16.497025,43.528428],[16.497037,43.528428],[16.49705,43.528428],[16.497062,43.528428],[16.497062,43.528419],[16.497062,43.52841],[16.497062,43.528401],[16.497062,43.528392],[16.497062,43.528383]]]}},{"type":"Feature","properties":{"krov":"ROOF_NOT_FLAT","visina":2.9475,"kota_vrha":42.77247969},"geometry":{"type":"Polygon","coordinates":[[[16.497235,43.528401],[16.497223,43.528401],[16.497223,43.528419],[16.497223,43.528428],[16.497235,43.528428],[16.497248,43.528428],[16.49726,43.528428],[16.497272,43.528428],[16.497285,43.528428],[16.497297,43.528428],[16.497309,43.528428],[16.497322,43.528428],[16.497346,43.528428],[16.497408,43.528428],[16.497408,43.528401],[16.497384,43.528401],[16.497371,43.528401],[16.497359,43.528401],[16.497346,43.528401],[16.497334,43.528401],[16.497322,43.528401],[16.497309,43.528401],[16.497297,43.528401],[16.497285,43.528401],[16.497272,43.528401],[16.49726,43.528401],[16.497248,43.528401],[16.497235,43.528401]]]}},{"type":"Feature","properties":{"krov":"ROOF_NOT_FLAT","visina":9.5256,"kota_vrha":54.80757969},"geometry":{"type":"Polygon","coordinates":[[[16.499747,43.528394],[16.499747,43.528392],[16.499747,43.528383],[16.499747,43.528374],[16.499759,43.528374],[16.499759,43.528365],[16.499759,43.528347],[16.499734,43.528347],[16.499734,43.528338],[16.499709,43.528338],[16.499697,43.528338],[16.499685,43.528338],[16.499672,43.528338],[16.49966,43.528338],[16.499654,43.528327],[16.499648,43.528338],[16.499635,43.528338],[16.499635,43.528347],[16.499635,43.528365],[16.499635,43.528383],[16.499635,43.528392],[16.499623,43.528392],[16.499623,43.528401],[16.499623,43.528402],[16.499679,43.528408],[16.499684,43.528387],[16.499689,43.528387],[16.499747,43.528394]]]}},{"type":"Feature","properties":{"krov":"ROOF_NOT_FLAT","visina":10.1206,"kota_vrha":55.40357969},"geometry":{"type":"Polygon","coordinates":[[[16.499747,43.528394],[16.499689,43.528387],[16.499684,43.528387],[16.499679,43.528408],[16.499623,43.528402],[16.499623,43.52841],[16.499623,43.528419],[16.499623,43.528428],[16.49961,43.528428],[16.49961,43.528437],[16.49961,43.528446],[16.49961,43.528455],[16.499635,43.528455],[16.499648,43.528455],[16.499648,43.528464],[16.49966,43.528464],[16.499672,43.528464],[16.499685,43.528464],[16.499697,43.528464],[16.499698,43.528464],[16.499699,43.528462],[16.499709,43.528464],[16.499709,43.528455],[16.499722,43.528455],[16.499734,43.528455],[16.499747,43.528455],[16.499747,43.528446],[16.499747,43.528437],[16.499747,43.528428],[16.499747,43.528419],[16.499747,43.52841],[16.499747,43.528401],[16.499747,43.528394]]]}},{"type":"Feature","properties":{"krov":"ROOF_NOT_FLAT","visina":3.1782,"kota_vrha":43.26417969},"geometry":{"type":"Polygon","coordinates":[[[16.498398,43.528293],[16.498386,43.528293],[16.498386,43.528302],[16.498386,43.52832],[16.498386,43.528329],[16.498386,43.528365],[16.498398,43.528365],[16.498398,43.528374],[16.498398,43.528428],[16.498398,43.528446],[16.498398,43.528455],[16.49841,43.528455],[16.498423,43.528455],[16.498435,43.528455],[16.498448,43.528455],[16.49846,43.528455],[16.498467,43.528467],[16.498472,43.528446],[16.498472,43.528428],[16.498472,43.528383],[16.498472,43.528338],[16.498472,43.528311],[16.498472,43.528293],[16.49846,43.528293],[16.498448,43.528293],[16.498435,43.528293],[16.498423,43.528293],[16.49841,43.528293],[16.498398,43.528293]]]}},{"type":"Feature","properties":{"krov":"ROOF_NOT_FLAT","visina":3.0078,"kota_vrha":43.04777969},"geometry":{"type":"Polygon","coordinates":[[[16.497235,43.528491],[16.497223,43.528491],[16.497223,43.528509],[16.497223,43.528518],[16.497235,43.528518],[16.497235,43.528527],[16.497248,43.528527],[16.49726,43.528527],[16.497285,43.528527],[16.497297,43.528527],[16.497309,43.528527],[16.497334,43.528527],[16.497346,43.528527],[16.497359,43.528527],[16.497371,43.528527],[16.497384,43.528527],[16.497396,43.528527],[16.497408,43.528527],[16.497408,43.5285],[16.497384,43.5285],[16.497371,43.5285],[16.497334,43.5285],[16.497322,43.5285],[16.497322,43.528491],[16.497297,43.528491],[16.497285,43.528491],[16.497272,43.528491],[16.49726,43.528491],[16.497248,43.528491],[16.497235,43.528491]]]}},{"type":"Feature","properties":{"krov":"ROOF_NOT_FLAT","visina":9.3813,"kota_vrha":54.32227969},"geometry":{"type":"Polygon","coordinates":[[[16.49945,43.528464],[16.49945,43.528455],[16.499462,43.528455],[16.499462,43.528446],[16.499462,43.528437],[16.499462,43.528428],[16.499462,43.528419],[16.499462,43.52841],[16.49945,43.52841],[16.499437,43.52841],[16.499397,43.528415],[16.499373,43.528522],[16.499413,43.528527],[16.499413,43.528536],[16.499425,43.528536],[16.499437,43.528536],[16.499462,43.528536],[16.499454,43.528524],[16.49945,43.5285],[16.49945,43.528491],[16.49945,43.528482],[16.49945,43.528473],[16.49945,43.528464]]]}},{"type":"Feature","properties":{"krov":"ROOF_NOT_FLAT","visina":8.3809,"kota_vrha":52.38087969},"geometry":{"type":"Polygon","coordinates":[[[16.49914,43.528455],[16.499128,43.528455],[16.499128,43.528464],[16.499128,43.528473],[16.499128,43.528482],[16.499128,43.528491],[16.499128,43.5285],[16.499128,43.528509],[16.499128,43.528518],[16.499128,43.528527],[16.499128,43.528554],[16.499153,43.528554],[16.499165,43.528554],[16.499177,43.528554],[16.49919,43.528554],[16.499202,43.528554],[16.499215,43.528554],[16.499215,43.528545],[16.499215,43.528536],[16.499215,43.528527],[16.499215,43.528509],[16.499215,43.5285],[16.499215,43.528491],[16.499215,43.528464],[16.499215,43.528455],[16.499202,43.528455],[16.49919,43.528455],[16.499177,43.528455],[16.499165,43.528455],[16.49914,43.528455]]]}},{"type":"Feature","properties":{"krov":"ROOF_FLAT","visina":8.2396,"kota_vrha":51.23857969},"geometry":{"type":"Polygon","coordinates":[[[16.501553,43.528563],[16.501553,43.528554],[16.501565,43.528554],[16.501565,43.528545],[16.501578,43.528545],[16.501578,43.528536],[16.50159,43.528536],[16.50159,43.528527],[16.501602,43.528527],[16.501602,43.528518],[16.501602,43.528509],[16.50159,43.528509],[16.501578,43.528509],[16.501565,43.528509],[16.501553,43.528509],[16.50154,43.528509],[16.501528,43.528509],[16.501516,43.528509],[16.501503,43.528509],[16.501491,43.528509],[16.501479,43.528509],[16.501479,43.528518],[16.501479,43.528527],[16.501479,43.528545],[16.501479,43.528563],[16.501479,43.528572],[16.501491,43.528572],[16.501503,43.528572],[16.501516,43.528572],[16.501528,43.528572],[16.501528,43.528581],[16.50154,43.528581],[16.50154,43.52859],[16.501553,43.52859],[16.501553,43.528581],[16.501553,43.528572],[16.501553,43.528563]]]}},{"type":"Feature","properties":{"krov":"ROOF_FLAT","visina":14.3421,"kota_vrha":57.34207969},"geometry":{"type":"Polygon","coordinates":[[[16.502077,43.528595],[16.502066,43.528523],[16.501657,43.528531],[16.501627,43.528536],[16.501627,43.528599],[16.502077,43.528595]]]}},{"type":"Feature","properties":{"krov":"ROOF_NOT_FLAT","visina":12.5476,"kota_vrha":52.14757969},"geometry":{"type":"Polygon","coordinates":[[[16.497804,43.528266],[16.497874,43.528374],[16.497878,43.528374],[16.497891,43.528374],[16.49794,43.528374],[16.4982,43.528374],[16.498213,43.528374],[16.498213,43.528383],[16.498213,43.528392],[16.498213,43.528401],[16.498213,43.528464],[16.498213,43.528482],[16.498212,43.528554],[16.498212,43.528563],[16.498207,43.528563],[16.498278,43.528617],[16.498287,43.528617],[16.498287,43.528608],[16.498287,43.528599],[16.498287,43.5285],[16.498287,43.528473],[16.498287,43.528311],[16.498287,43.528302],[16.498287,43.528293],[16.498287,43.528284],[16.498287,43.528275],[16.498287,43.528266],[16.498274,43.528266],[16.497971,43.528262],[16.497817,43.528257],[16.497804,43.528257],[16.497804,43.528266]]]}},{"type":"Feature","properties":{"krov":"ROOF_NOT_FLAT","visina":12.5476,"kota_vrha":52.14757969},"geometry":{"type":"Polygon","coordinates":[[[16.498207,43.528563],[16.4982,43.528563],[16.4982,43.528572],[16.498015,43.528572],[16.498002,43.528572],[16.49799,43.528572],[16.497965,43.528572],[16.497953,43.528572],[16.49794,43.528572],[16.497928,43.528572],[16.497866,43.528572],[16.497866,43.528563],[16.497854,43.528563],[16.497854,43.528554],[16.497854,43.528527],[16.497854,43.5285],[16.497866,43.5285],[16.497866,43.528383],[16.497866,43.528374],[16.497874,43.528374],[16.497804,43.528266],[16.497804,43.528266],[16.497804,43.528275],[16.497804,43.528284],[16.497804,43.528293],[16.497804,43.528302],[16.497804,43.528329],[16.497804,43.528365],[16.497804,43.528383],[16.497798,43.528523],[16.497792,43.528599],[16.497792,43.528608],[16.497792,43.528617],[16.497804,43.528617],[16.497817,43.528617],[16.497841,43.528617],[16.497903,43.528617],[16.498151,43.528617],[16.498163,43.528617],[16.498175,43.528617],[16.498188,43.528617],[16.4982,43.528617],[16.498225,43.528617],[16.498237,43.528617],[16.49825,43.528617],[16.498262,43.528617],[16.498274,43.528617],[16.498278,43.528617],[16.498207,43.528563]]]}},{"type":"Feature","properties":{"krov":"ROOF_NOT_FLAT","visina":4.2982,"kota_vrha":28.43917969},"geometry":{"type":"Polygon","coordinates":[[[16.49392,43.528671],[16.493907,43.528671],[16.493907,43.52868],[16.493907,43.528689],[16.49392,43.528689],[16.493932,43.528689],[16.493944,43.528689],[16.493944,43.52868],[16.493944,43.528671],[16.493932,43.528671],[16.49392,43.528671]]]}},{"type":"Feature","properties":{"krov":"ROOF_FLAT","visina":1.5279,"kota_vrha":26.47487969},"geometry":{"type":"Polygon","coordinates":[[[16.494241,43.528695],[16.494241,43.528698],[16.494243,43.528698],[16.494241,43.528695]]]}},{"type":"Feature","properties":{"krov":"ROOF_NOT_FLAT","visina":2.0957,"kota_vrha":27.12967969},"geometry":{"type":"Polygon","coordinates":[[[16.494241,43.528695],[16.494243,43.528698],[16.494254,43.528698],[16.494254,43.528689],[16.494278,43.528689],[16.494288,43.528689],[16.494291,43.528688],[16.494291,43.52868],[16.494303,43.52868],[16.494315,43.52868],[16.494315,43.528671],[16.494328,43.528671],[16.49434,43.528671],[16.494352,43.528671],[16.494353,43.528671],[16.494353,43.528662],[16.494365,43.528662],[16.494365,43.528653],[16.494359,43.528642],[16.494353,43.528653],[16.49434,43.528653],[16.494328,43.528653],[16.494315,43.528653],[16.494315,43.528662],[16.494303,43.528662],[16.494291,43.528662],[16.494278,43.528662],[16.494278,43.528671],[16.494254,43.528671],[16.494241,43.528671],[16.494241,43.52868],[16.494241,43.528689],[16.494241,43.528695]]]}},{"type":"Feature","properties":{"krov":"ROOF_NOT_FLAT","visina":4.0705,"kota_vrha":37.95247969},"geometry":{"type":"Polygon","coordinates":[[[16.495924,43.528698],[16.495924,43.528671],[16.495924,43.528644],[16.495918,43.528633],[16.495911,43.528644],[16.495899,43.528644],[16.495899,43.528653],[16.495887,43.528653],[16.495887,43.528662],[16.495874,43.528662],[16.495874,43.528671],[16.495862,43.528671],[16.495862,43.52868],[16.49585,43.52868],[16.49585,43.528689],[16.49585,43.528698],[16.495862,43.528698],[16.495862,43.528707],[16.495887,43.528707],[16.495899,43.528707],[16.495911,43.528707],[16.495924,43.528707],[16.495924,43.528698]]]}},{"type":"Feature","properties":{"krov":"ROOF_FLAT","visina":1.5279,"kota_vrha":26.47487969},"geometry":{"type":"Polygon","coordinates":[[[16.494206,43.52868],[16.494213,43.528696],[16.494214,43.528698],[16.494216,43.528698],[16.494216,43.528689],[16.494229,43.528689],[16.494229,43.52868],[16.494216,43.52868],[16.494206,43.52868]]]}},{"type":"Feature","properties":{"krov":"ROOF_NOT_FLAT","visina":2.4457,"kota_vrha":27.12967969},"geometry":{"type":"Polygon","coordinates":[[[16.494191,43.528679],[16.494186,43.528669],[16.494179,43.52868],[16.494167,43.52868],[16.494155,43.52868],[16.494155,43.528686],[16.494191,43.528679]]]}},{"type":"Feature","properties":{"krov":"ROOF_NOT_FLAT","visina":4.1106,"kota_vrha":28.75357969},"geometry":{"type":"Polygon","coordinates":[[[16.494214,43.528698],[16.494213,43.528696],[16.494206,43.52868],[16.494204,43.52868],[16.494192,43.52868],[16.494191,43.528679],[16.494155,43.528686],[16.494155,43.528689],[16.494155,43.528698],[16.494155,43.528707],[16.494155,43.528716],[16.494155,43.528716],[16.494167,43.528716],[16.494167,43.528707],[16.494179,43.528707],[16.494192,43.528707],[16.494204,43.528707],[16.494204,43.528698],[16.494214,43.528698]]]}},{"type":"Feature","properties":{"krov":"ROOF_NOT_FLAT","visina":1.5966,"kota_vrha":18.94657969},"geometry":{"type":"Polygon","coordinates":[[[16.49109,43.52872],[16.491074,43.528716],[16.491033,43.52872],[16.491074,43.528725],[16.49109,43.52872]]]}},{"type":"Feature","properties":{"krov":"ROOF_FLAT","visina":3.5692,"kota_vrha":47.93417969},"geometry":{"type":"Polygon","coordinates":[[[16.499171,43.528638],[16.49914,43.528637],[16.49914,43.528644],[16.499128,43.528644],[16.499128,43.528653],[16.499116,43.528653],[16.499103,43.528653],[16.499091,43.528653],[16.499091,43.528662],[16.499079,43.528662],[16.499079,43.528671],[16.499066,43.528671],[16.499066,43.52868],[16.499054,43.52868],[16.499041,43.52868],[16.499041,43.528734],[16.499116,43.528734],[16.499145,43.528729],[16.499153,43.528707],[16.499153,43.528698],[16.499177,43.528698],[16.499177,43.528689],[16.499177,43.52868],[16.499177,43.528671],[16.499177,43.528662],[16.499177,43.528653],[16.499177,43.528644],[16.499177,43.528638],[16.499171,43.528638]]]}},{"type":"Feature","properties":{"krov":"ROOF_NOT_FLAT","visina":4.964,"kota_vrha":49.23097969},"geometry":{"type":"Polygon","coordinates":[[[16.499116,43.528601],[16.499111,43.528601],[16.49911,43.528564],[16.49911,43.528563],[16.499103,43.528563],[16.499091,43.528563],[16.499091,43.528561],[16.499057,43.52856],[16.499054,43.52856],[16.499054,43.528563],[16.499054,43.528572],[16.499054,43.528581],[16.499054,43.52859],[16.499054,43.528599],[16.499054,43.528608],[16.499054,43.528617],[16.499054,43.528626],[16.499054,43.528635],[16.499066,43.528635],[16.499091,43.528635],[16.499103,43.528635],[16.499116,43.528635],[16.499128,43.528635],[16.49914,43.528635],[16.49914,43.528637],[16.499171,43.528638],[16.499171,43.528635],[16.499165,43.528635],[16.499153,43.528635],[16.499153,43.528626],[16.49914,43.528626],[16.499128,43.528626],[16.499128,43.528617],[16.499116,43.528617],[16.499116,43.528608],[16.499116,43.528601]]]}},{"type":"Feature","properties":{"krov":"ROOF_NOT_FLAT","visina":6.7871,"kota_vrha":51.36707969},"geometry":{"type":"Polygon","coordinates":[[[16.499116,43.528601],[16.499116,43.528599],[16.499116,43.52859],[16.499128,43.52859],[16.49914,43.52859],[16.499153,43.52859],[16.499165,43.52859],[16.499177,43.52859],[16.49919,43.52859],[16.499202,43.52859],[16.499202,43.528581],[16.499202,43.528572],[16.49919,43.528572],[16.499177,43.528572],[16.499165,43.528572],[16.49914,43.528572],[16.499128,43.528572],[16.499116,43.528572],[16.499116,43.528564],[16.49911,43.528564],[16.499111,43.528601],[16.499116,43.528601]]]}},{"type":"Feature","properties":{"krov":"ROOF_NOT_FLAT","visina":8.3809,"kota_vrha":52.38087969},"geometry":{"type":"Polygon","coordinates":[[[16.49911,43.528563],[16.49911,43.528564],[16.499116,43.528564],[16.499116,43.528563],[16.49911,43.528563]]]}},{"type":"Feature","properties":{"krov":"ROOF_NOT_FLAT","visina":3.1302,"kota_vrha":47.28217969},"geometry":{"type":"Polygon","coordinates":[[[16.499057,43.52856],[16.499091,43.528561],[16.499091,43.528554],[16.499079,43.528554],[16.499079,43.528545],[16.499066,43.528545],[16.499066,43.528554],[16.499058,43.528554],[16.499057,43.52856]]]}},{"type":"Feature","properties":{"krov":"ROOF_FLAT","visina":2.8759,"kota_vrha":43.46887969},"geometry":{"type":"Polygon","coordinates":[[[16.497533,43.528752],[16.497532,43.528752],[16.497528,43.528752],[16.497528,43.528769],[16.49752,43.528769],[16.49752,43.52877],[16.49752,43.528779],[16.497532,43.528779],[16.497532,43.528779],[16.497533,43.528752]]]}},{"type":"Feature","properties":{"krov":"ROOF_FLAT","visina":2.9765,"kota_vrha":43.71047969},"geometry":{"type":"Polygon","coordinates":[[[16.497566,43.528779],[16.497566,43.528761],[16.497557,43.528761],[16.497544,43.528761],[16.497544,43.528752],[16.497533,43.528752],[16.497532,43.528779],[16.497544,43.528779],[16.497557,43.528779],[16.497566,43.528779]]]}},{"type":"Feature","properties":{"krov":"ROOF_FLAT","visina":2.6064,"kota_vrha":43.57137969},"geometry":{"type":"Polygon","coordinates":[[[16.497566,43.528761],[16.497566,43.528779],[16.497569,43.528779],[16.497586,43.52877],[16.497569,43.528761],[16.497566,43.528761]]]}},{"type":"Feature","properties":{"krov":"ROOF_NOT_FLAT","visina":3.7362,"kota_vrha":44.43717969},"geometry":{"type":"Polygon","coordinates":[[[16.497528,43.528752],[16.49752,43.528752],[16.49752,43.528743],[16.497507,43.528743],[16.497495,43.528743],[16.497495,43.528752],[16.497495,43.528761],[16.497507,43.528761],[16.49752,43.528761],[16.49752,43.528769],[16.497528,43.528769],[16.497528,43.528752]]]}},{"type":"Feature","properties":{"krov":"ROOF_FLAT","visina":3.8515,"kota_vrha":44.44547969},"geometry":{"type":"Polygon","coordinates":[[[16.497779,43.528689],[16.497767,43.528689],[16.497767,43.528698],[16.497767,43.528707],[16.497767,43.528716],[16.497767,43.528725],[16.497767,43.528734],[16.497767,43.528743],[16.497767,43.528752],[16.497767,43.528761],[16.497767,43.52877],[16.497767,43.528779],[16.497767,43.528788],[16.497779,43.528788],[16.497829,43.528788],[16.497854,43.528788],[16.497866,43.528788],[16.497866,43.528779],[16.497866,43.52877],[16.497866,43.528761],[16.497866,43.528752],[16.497866,43.528743],[16.497866,43.528734],[16.497866,43.528725],[16.497866,43.528716],[16.497866,43.528707],[16.497866,43.528698],[16.497866,43.528689],[16.497841,43.528689],[16.497817,43.528689],[16.497804,43.528689],[16.497792,43.528689],[16.497779,43.528689]]]}},{"type":"Feature","properties":{"krov":"ROOF_FLAT","visina":4.4904,"kota_vrha":21.69237969},"geometry":{"type":"Polygon","coordinates":[[[16.490752,43.528797],[16.490752,43.528788],[16.49074,43.528788],[16.49074,43.528797],[16.49075,43.528797],[16.490752,43.528797]]]}},{"type":"Feature","properties":{"krov":"ROOF_FLAT","visina":2.429,"kota_vrha":47.32297969},"geometry":{"type":"Polygon","coordinates":[[[16.500891,43.528671],[16.500885,43.528671],[16.500872,43.528671],[16.500848,43.528671],[16.500848,43.528675],[16.500891,43.528671]]]}},{"type":"Feature","properties":{"krov":"ROOF_FLAT","visina":6.458,"kota_vrha":51.37897969},"geometry":{"type":"MultiPolygon","coordinates":[[[[16.500934,43.52868],[16.500934,43.528684],[16.500984,43.52868],[16.500984,43.528671],[16.500971,43.528671],[16.500959,43.528671],[16.500947,43.528671],[16.500947,43.52868],[16.500934,43.52868]]],[[[16.500934,43.52868],[16.500934,43.528671],[16.500922,43.528671],[16.50091,43.528671],[16.500897,43.528671],[16.500891,43.528671],[16.500848,43.528675],[16.500848,43.52868],[16.500835,43.52868],[16.500835,43.528689],[16.500823,43.528689],[16.500811,43.528689],[16.500798,43.528689],[16.500786,43.528689],[16.500773,43.528689],[16.500761,43.528689],[16.500749,43.528689],[16.500736,43.528689],[16.500736,43.528698],[16.500736,43.528701],[16.500922,43.528685],[16.500922,43.52868],[16.500934,43.52868]]],[[[16.500687,43.528705],[16.500724,43.528702],[16.500724,43.528698],[16.500712,43.528698],[16.500687,43.528698],[16.500687,43.528705]]]]}},{"type":"Feature","properties":{"krov":"ROOF_FLAT","visina":13.4187,"kota_vrha":54.41867969},"geometry":{"type":"Polygon","coordinates":[[[16.501061,43.528673],[16.501021,43.528676],[16.501021,43.52868],[16.501008,43.52868],[16.500996,43.52868],[16.500984,43.52868],[16.500984,43.52868],[16.500934,43.528684],[16.500934,43.528689],[16.500922,43.528689],[16.500922,43.528685],[16.500736,43.528701],[16.500736,43.528707],[16.500724,43.528707],[16.500724,43.528702],[16.500687,43.528705],[16.500687,43.528707],[16.500674,43.528707],[16.500666,43.528707],[16.500666,43.528709],[16.500654,43.52871],[16.500669,43.528806],[16.500674,43.528806],[16.500687,43.528806],[16.500687,43.528815],[16.500712,43.528815],[16.501079,43.528781],[16.501076,43.528703],[16.50107,43.528689],[16.50107,43.52868],[16.50107,43.528672],[16.501061,43.528673]]]}},{"type":"Feature","properties":{"krov":"ROOF_FLAT","visina":10.0387,"kota_vrha":54.66167969},"geometry":{"type":"Polygon","coordinates":[[[16.501061,43.528673],[16.501061,43.528671],[16.501046,43.528671],[16.501039,43.52866],[16.501033,43.528671],[16.501021,43.528671],[16.501021,43.528676],[16.501061,43.528673]]]}},{"type":"Feature","properties":{"krov":"ROOF_FLAT","visina":12.0039,"kota_vrha":55.00387969},"geometry":{"type":"Polygon","coordinates":[[[16.500666,43.528707],[16.500662,43.528707],[16.50065,43.528707],[16.500637,43.528707],[16.500545,43.528733],[16.500558,43.52878],[16.500606,43.528793],[16.50065,43.528797],[16.500662,43.528797],[16.500662,43.528806],[16.500669,43.528806],[16.500654,43.52871],[16.500666,43.528709],[16.500666,43.528707]]]}},{"type":"Feature","properties":{"krov":"ROOF_NOT_FLAT","visina":7.1962,"kota_vrha":33.36617969},"geometry":{"type":"Polygon","coordinates":[[[16.494216,43.528842],[16.494216,43.528833],[16.494229,43.528833],[16.494241,43.528833],[16.494241,43.528824],[16.494254,43.528824],[16.494266,43.528824],[16.494278,43.528824],[16.494278,43.528815],[16.494291,43.528815],[16.494303,43.528815],[16.494303,43.528806],[16.494303,43.528797],[16.494291,43.528797],[16.494291,43.528779],[16.494266,43.528779],[16.494254,43.528779],[16.494254,43.528788],[16.494199,43.528795],[16.494192,43.528815],[16.494192,43.528824],[16.494204,43.528824],[16.494204,43.528833],[16.494204,43.528842],[16.494216,43.528842]]]}},{"type":"Feature","properties":{"krov":"ROOF_FLAT","visina":6.6693,"kota_vrha":40.34927969},"geometry":{"type":"Polygon","coordinates":[[[16.495602,43.52886],[16.49559,43.52886],[16.49559,43.528869],[16.495602,43.528869],[16.495602,43.52886]]]}},{"type":"Feature","properties":{"krov":"ROOF_FLAT","visina":6.6693,"kota_vrha":40.34927969},"geometry":{"type":"Polygon","coordinates":[[[16.49559,43.528869],[16.495577,43.528869],[16.495577,43.528878],[16.49559,43.528878],[16.49559,43.528869]]]}},{"type":"Feature","properties":{"krov":"ROOF_NOT_FLAT","visina":5.3416,"kota_vrha":24.62257969},"geometry":{"type":"Polygon","coordinates":[[[16.491829,43.528847],[16.491742,43.528849],[16.491742,43.528851],[16.491742,43.52886],[16.491742,43.528869],[16.491742,43.528878],[16.491742,43.528887],[16.491754,43.528887],[16.491792,43.528887],[16.491804,43.528887],[16.491816,43.528887],[16.491829,43.528887],[16.491829,43.528878],[16.491829,43.528869],[16.491829,43.528851],[16.491829,43.528847]]]}},{"type":"Feature","properties":{"krov":"ROOF_NOT_FLAT","visina":2.8738,"kota_vrha":21.92777969},"geometry":{"type":"Polygon","coordinates":[[[16.491829,43.528847],[16.491829,43.528842],[16.491792,43.528842],[16.491779,43.528842],[16.491767,43.528842],[16.491754,43.528842],[16.491742,43.528842],[16.491742,43.528849],[16.491829,43.528847]]]}},{"type":"Feature","properties":{"krov":"ROOF_FLAT","visina":4.0442,"kota_vrha":29.74617969},"geometry":{"type":"Polygon","coordinates":[[[16.493816,43.528827],[16.493816,43.52882],[16.493684,43.528824],[16.493684,43.528824],[16.493684,43.528831],[16.493816,43.528827]]]}},{"type":"Feature","properties":{"krov":"ROOF_NOT_FLAT","visina":3.7262,"kota_vrha":29.44617969},"geometry":{"type":"Polygon","coordinates":[[[16.493837,43.528827],[16.493837,43.528815],[16.493833,43.528815],[16.493821,43.528815],[16.493808,43.528815],[16.493796,43.528815],[16.493783,43.528815],[16.493771,43.528815],[16.493759,43.528815],[16.493746,43.528815],[16.493734,43.528815],[16.493722,43.528815],[16.493709,43.528815],[16.493697,43.528815],[16.493684,43.528815],[16.493684,43.528824],[16.493816,43.52882],[16.493816,43.528827],[16.493837,43.528827]]]}},{"type":"Feature","properties":{"krov":"ROOF_NOT_FLAT","visina":8.9339,"kota_vrha":34.61887969},"geometry":{"type":"Polygon","coordinates":[[[16.493882,43.528835],[16.493882,43.528826],[16.493877,43.528826],[16.493837,43.528827],[16.493816,43.528827],[16.493684,43.528831],[16.493684,43.528833],[16.493684,43.528842],[16.493697,43.528842],[16.493697,43.528869],[16.493697,43.528878],[16.493697,43.528887],[16.493709,43.528887],[16.493722,43.528887],[16.493734,43.528887],[16.493746,43.528887],[16.493759,43.528887],[16.493771,43.528887],[16.493783,43.528887],[16.493796,43.528887],[16.493808,43.528887],[16.493821,43.528887],[16.493833,43.528887],[16.493845,43.528887],[16.493858,43.528887],[16.49387,43.528887],[16.49387,43.528878],[16.49387,43.528869],[16.49387,43.528842],[16.493882,43.528842],[16.493882,43.528835]]]}},{"type":"Feature","properties":{"krov":"ROOF_NOT_FLAT","visina":5.243,"kota_vrha":31.18797969},"geometry":{"type":"Polygon","coordinates":[[[16.493837,43.528827],[16.493877,43.528826],[16.493882,43.528826],[16.493882,43.528824],[16.49387,43.528824],[16.493858,43.528824],[16.493858,43.528815],[16.493845,43.528815],[16.493837,43.528815],[16.493837,43.528827]]]}},{"type":"Feature","properties":{"krov":"ROOF_FLAT","visina":6.6693,"kota_vrha":40.34927969},"geometry":{"type":"Polygon","coordinates":[[[16.495577,43.528878],[16.495565,43.528878],[16.495565,43.528887],[16.495577,43.528887],[16.495577,43.528878]]]}},{"type":"Feature","properties":{"krov":"ROOF_FLAT","visina":11.0838,"kota_vrha":28.47177969},"geometry":{"type":"Polygon","coordinates":[[[16.490827,43.528833],[16.490827,43.528806],[16.49079,43.528806],[16.490752,43.528806],[16.49074,43.528806],[16.49074,43.528815],[16.490728,43.528815],[16.490728,43.528824],[16.490715,43.528824],[16.490715,43.528833],[16.490715,43.528878],[16.490715,43.528896],[16.490752,43.528896],[16.490827,43.528896],[16.490827,43.528833]]]}},{"type":"Feature","properties":{"krov":"ROOF_NOT_FLAT","visina":3.942,"kota_vrha":29.96297969},"geometry":{"type":"Polygon","coordinates":[[[16.493944,43.528842],[16.493938,43.528831],[16.493932,43.528842],[16.49392,43.528842],[16.49392,43.528851],[16.49392,43.52886],[16.49392,43.528869],[16.49392,43.528878],[16.493932,43.528878],[16.493932,43.528887],[16.493932,43.528896],[16.493944,43.528896],[16.493957,43.528896],[16.493957,43.528887],[16.493957,43.528878],[16.493944,43.528878],[16.493944,43.528869],[16.493944,43.52886],[16.493944,43.528851],[16.493944,43.528842]]]}},{"type":"Feature","properties":{"krov":"ROOF_FLAT","visina":6.6693,"kota_vrha":40.34927969},"geometry":{"type":"Polygon","coordinates":[[[16.495565,43.528887],[16.495553,43.528887],[16.495553,43.528896],[16.495565,43.528896],[16.495565,43.528887]]]}},{"type":"Feature","properties":{"krov":"ROOF_FLAT","visina":6.6693,"kota_vrha":40.34927969},"geometry":{"type":"Polygon","coordinates":[[[16.495553,43.528896],[16.49554,43.528896],[16.49554,43.528905],[16.495553,43.528905],[16.495553,43.528896]]]}},{"type":"Feature","properties":{"krov":"ROOF_FLAT","visina":6.6693,"kota_vrha":40.34927969},"geometry":{"type":"Polygon","coordinates":[[[16.49554,43.528905],[16.495528,43.528905],[16.495528,43.528914],[16.49554,43.528914],[16.49554,43.528905]]]}},{"type":"Feature","properties":{"krov":"ROOF_FLAT","visina":6.6693,"kota_vrha":40.34927969},"geometry":{"type":"Polygon","coordinates":[[[16.495528,43.528914],[16.495515,43.528914],[16.495515,43.528923],[16.495528,43.528923],[16.495528,43.528914]]]}},{"type":"Feature","properties":{"krov":"ROOF_FLAT","visina":6.6693,"kota_vrha":40.34927969},"geometry":{"type":"Polygon","coordinates":[[[16.495515,43.528923],[16.4955,43.528926],[16.495511,43.528934],[16.495515,43.528923]]]}},{"type":"Feature","properties":{"krov":"ROOF_NOT_FLAT","visina":9.449,"kota_vrha":22.14097969},"geometry":{"type":"Polygon","coordinates":[[[16.489045,43.528833],[16.489045,43.528734],[16.489045,43.528725],[16.489045,43.528716],[16.489052,43.528694],[16.489058,43.528626],[16.489058,43.528617],[16.489058,43.528608],[16.489058,43.528527],[16.489058,43.528509],[16.48907,43.528509],[16.48907,43.5285],[16.48907,43.528437],[16.48907,43.528401],[16.48907,43.528392],[16.48907,43.528383],[16.48907,43.52832],[16.489074,43.528305],[16.489082,43.528293],[16.48904,43.528288],[16.488823,43.528284],[16.488785,43.528284],[16.488779,43.528279],[16.488357,43.528264],[16.488167,43.528257],[16.488117,43.528257],[16.488093,43.528257],[16.48808,43.528257],[16.488068,43.528257],[16.488055,43.528257],[16.488043,43.528257],[16.488031,43.528257],[16.488018,43.528257],[16.488018,43.528248],[16.488006,43.528247],[16.487994,43.528247],[16.487981,43.528247],[16.487981,43.528256],[16.487981,43.528266],[16.487981,43.528275],[16.487981,43.528284],[16.487981,43.528293],[16.487981,43.528302],[16.487981,43.528311],[16.487981,43.52832],[16.487981,43.528329],[16.487981,43.528338],[16.487981,43.528347],[16.487994,43.528347],[16.487994,43.528356],[16.487994,43.528365],[16.487994,43.528374],[16.487994,43.528392],[16.487994,43.528419],[16.487994,43.528437],[16.487994,43.528446],[16.487994,43.528455],[16.487994,43.528464],[16.487981,43.528464],[16.487981,43.528473],[16.487981,43.528482],[16.487981,43.528491],[16.487981,43.5285],[16.487981,43.528509],[16.487981,43.528518],[16.487969,43.528518],[16.487969,43.528527],[16.487969,43.528536],[16.487969,43.528545],[16.487969,43.528554],[16.487969,43.528563],[16.487969,43.528572],[16.487969,43.528581],[16.487981,43.528581],[16.487981,43.52859],[16.487981,43.528599],[16.487981,43.528626],[16.487981,43.528635],[16.487981,43.528662],[16.487981,43.52868],[16.487981,43.528689],[16.487969,43.528689],[16.487969,43.528698],[16.487969,43.528707],[16.487969,43.528716],[16.487969,43.528725],[16.487969,43.528761],[16.487969,43.52877],[16.487956,43.52877],[16.487956,43.528779],[16.487956,43.528788],[16.487956,43.528797],[16.487956,43.528806],[16.487969,43.528806],[16.487969,43.528815],[16.487969,43.528824],[16.487969,43.528851],[16.487969,43.528878],[16.487969,43.528887],[16.487969,43.528896],[16.487969,43.528905],[16.487981,43.528905],[16.487994,43.528905],[16.488006,43.528905],[16.488018,43.528905],[16.488031,43.528905],[16.488043,43.528905],[16.488068,43.528905],[16.488092,43.528905],[16.488092,43.528914],[16.488105,43.528914],[16.488154,43.528914],[16.488216,43.528914],[16.488371,43.528918],[16.488439,43.528923],[16.488608,43.528926],[16.488624,43.528932],[16.489032,43.528939],[16.489045,43.528851],[16.489045,43.528842],[16.489045,43.528833]]]}},{"type":"Feature","properties":{"krov":"ROOF_FLAT","visina":6.6693,"kota_vrha":40.34927969},"geometry":{"type":"Polygon","coordinates":[[[16.495478,43.528941],[16.495493,43.528938],[16.495483,43.52893],[16.495478,43.528941]]]}},{"type":"Feature","properties":{"krov":"ROOF_FLAT","visina":2.9281,"kota_vrha":22.21007969},"geometry":{"type":"Polygon","coordinates":[[[16.491705,43.528932],[16.491693,43.528932],[16.491693,43.528941],[16.491693,43.52895],[16.491705,43.52895],[16.491717,43.52895],[16.49173,43.52895],[16.491742,43.52895],[16.491754,43.52895],[16.491767,43.52895],[16.491779,43.52895],[16.491792,43.52895],[16.491804,43.52895],[16.491816,43.52895],[16.491829,43.52895],[16.491841,43.52895],[16.491853,43.52895],[16.491853,43.528941],[16.491853,43.528932],[16.491841,43.528932],[16.491829,43.528932],[16.491816,43.528932],[16.491804,43.528932],[16.491792,43.528932],[16.491779,43.528932],[16.491767,43.528932],[16.491754,43.528932],[16.491742,43.528932],[16.49173,43.528932],[16.491717,43.528932],[16.491705,43.528932]]]}},{"type":"Feature","properties":{"krov":"ROOF_FLAT","visina":6.6693,"kota_vrha":40.34927969},"geometry":{"type":"Polygon","coordinates":[[[16.495478,43.528941],[16.495466,43.528941],[16.495466,43.52895],[16.495478,43.52895],[16.495478,43.528941]]]}},{"type":"Feature","properties":{"krov":"ROOF_FLAT","visina":6.6693,"kota_vrha":40.34927969},"geometry":{"type":"Polygon","coordinates":[[[16.495466,43.52895],[16.495454,43.52895],[16.495454,43.528959],[16.495466,43.528959],[16.495466,43.52895]]]}},{"type":"Feature","properties":{"krov":"ROOF_FLAT","visina":6.6693,"kota_vrha":40.34927969},"geometry":{"type":"Polygon","coordinates":[[[16.495454,43.528959],[16.495441,43.528959],[16.495441,43.528968],[16.495454,43.528968],[16.495454,43.528959]]]}},{"type":"Feature","properties":{"krov":"ROOF_NOT_FLAT","visina":4.0079,"kota_vrha":23.66687969},"geometry":{"type":"Polygon","coordinates":[[[16.491334,43.528959],[16.491321,43.528959],[16.491321,43.528968],[16.491321,43.528977],[16.491334,43.528977],[16.491334,43.528968],[16.491334,43.528959]]]}},{"type":"Feature","properties":{"krov":"ROOF_FLAT","visina":2.623,"kota_vrha":32.57797969},"geometry":{"type":"Polygon","coordinates":[[[16.494765,43.528973],[16.494778,43.528945],[16.494742,43.528942],[16.494736,43.52895],[16.494711,43.52895],[16.494711,43.528977],[16.494724,43.528977],[16.494765,43.528973]]]}},{"type":"Feature","properties":{"krov":"ROOF_FLAT","visina":6.6693,"kota_vrha":40.34927969},"geometry":{"type":"Polygon","coordinates":[[[16.495602,43.52886],[16.495614,43.52886],[16.495614,43.528851],[16.495627,43.528851],[16.495627,43.528842],[16.495639,43.528842],[16.495639,43.528833],[16.495652,43.528833],[16.495663,43.528833],[16.495664,43.528833],[16.495664,43.528824],[16.495676,43.528824],[16.495676,43.528815],[16.495676,43.528806],[16.495664,43.528806],[16.495664,43.528797],[16.495652,43.528797],[16.495645,43.528786],[16.495639,43.528797],[16.495627,43.528797],[16.495627,43.528806],[16.495614,43.528806],[16.495614,43.528815],[16.495602,43.528815],[16.495602,43.528824],[16.49559,43.528824],[16.49559,43.528833],[16.495577,43.528833],[16.495577,43.528842],[16.495565,43.528842],[16.495565,43.528851],[16.495553,43.528851],[16.49554,43.528851],[16.49554,43.52886],[16.495528,43.52886],[16.495528,43.528869],[16.495515,43.528869],[16.495515,43.528878],[16.495503,43.528878],[16.495503,43.528887],[16.495491,43.528887],[16.495491,43.528896],[16.495478,43.528896],[16.495478,43.528905],[16.495466,43.528905],[16.495466,43.528914],[16.495454,43.528914],[16.495454,43.528923],[16.495441,43.528923],[16.495441,43.528932],[16.495429,43.528932],[16.495429,43.528941],[16.495416,43.528941],[16.495416,43.52895],[16.495404,43.52895],[16.495392,43.52895],[16.495392,43.528959],[16.495376,43.528964],[16.495392,43.528968],[16.495392,43.528977],[16.495404,43.528977],[16.495404,43.528968],[16.495416,43.528968],[16.495416,43.528959],[16.495429,43.528959],[16.495429,43.52895],[16.495441,43.52895],[16.495441,43.528941],[16.495454,43.528941],[16.495454,43.528932],[16.495466,43.528932],[16.495466,43.528923],[16.495478,43.528923],[16.495478,43.528914],[16.495491,43.528914],[16.495491,43.528905],[16.495503,43.528905],[16.495503,43.528896],[16.495515,43.528896],[16.495515,43.528887],[16.495528,43.528887],[16.495528,43.528878],[16.49554,43.528878],[16.49554,43.528869],[16.495553,43.528869],[16.495565,43.528869],[16.495565,43.52886],[16.495577,43.52886],[16.495577,43.528851],[16.49559,43.528851],[16.495602,43.528851],[16.495602,43.52886]]]}},{"type":"Feature","properties":{"krov":"ROOF_FLAT","visina":6.6693,"kota_vrha":40.34927969},"geometry":{"type":"Polygon","coordinates":[[[16.495441,43.528968],[16.495429,43.528968],[16.495429,43.528977],[16.495441,43.528977],[16.495441,43.528968]]]}},{"type":"Feature","properties":{"krov":"ROOF_FLAT","visina":6.6693,"kota_vrha":40.34927969},"geometry":{"type":"Polygon","coordinates":[[[16.495429,43.528977],[16.495416,43.528977],[16.495416,43.528986],[16.495429,43.528986],[16.495429,43.528977]]]}},{"type":"Feature","properties":{"krov":"ROOF_FLAT","visina":4.9788,"kota_vrha":40.48777969},"geometry":{"type":"Polygon","coordinates":[[[16.498621,43.528995],[16.498621,43.528986],[16.498633,43.528986],[16.498645,43.528986],[16.498645,43.528977],[16.498658,43.528977],[16.49867,43.528977],[16.49867,43.528968],[16.49867,43.528959],[16.49867,43.52895],[16.498658,43.52895],[16.498633,43.52895],[16.498621,43.52895],[16.498596,43.52895],[16.498584,43.52895],[16.498571,43.52895],[16.498559,43.52895],[16.498547,43.52895],[16.498534,43.52895],[16.498509,43.52895],[16.498485,43.52895],[16.498472,43.52895],[16.49846,43.52895],[16.498448,43.52895],[16.498435,43.52895],[16.498398,43.52895],[16.498398,43.528959],[16.498398,43.528968],[16.498398,43.528977],[16.49841,43.528977],[16.498423,43.528977],[16.498435,43.528977],[16.498435,43.528986],[16.498448,43.528986],[16.498448,43.528995],[16.49846,43.528995],[16.49846,43.529004],[16.498472,43.529004],[16.498485,43.529004],[16.498497,43.529004],[16.498509,43.529004],[16.498534,43.529004],[16.498547,43.529004],[16.498584,43.529004],[16.498596,43.529004],[16.498608,43.529004],[16.498621,43.529004],[16.498621,43.528995]]]}},{"type":"Feature","properties":{"krov":"ROOF_FLAT","visina":1.5357,"kota_vrha":21.32167969},"geometry":{"type":"Polygon","coordinates":[[[16.491334,43.529004],[16.491321,43.529004],[16.491328,43.529015],[16.491334,43.529004]]]}},{"type":"Feature","properties":{"krov":"ROOF_NOT_FLAT","visina":4.2841,"kota_vrha":16.95407969},"geometry":{"type":"Polygon","coordinates":[[[16.489218,43.529013],[16.489218,43.529004],[16.489231,43.529004],[16.489231,43.528995],[16.489231,43.528986],[16.489243,43.528986],[16.489243,43.528977],[16.489243,43.528968],[16.489255,43.528968],[16.489255,43.528959],[16.489255,43.52895],[16.489268,43.52895],[16.489268,43.528932],[16.48928,43.528932],[16.48928,43.528923],[16.48928,43.528914],[16.489302,43.528905],[16.489322,43.528867],[16.489305,43.52886],[16.489293,43.52886],[16.489286,43.528848],[16.48928,43.52886],[16.489268,43.52886],[16.489268,43.528869],[16.489255,43.528869],[16.489255,43.528878],[16.489255,43.528887],[16.489243,43.528887],[16.489243,43.528896],[16.489232,43.528896],[16.489231,43.528897],[16.489231,43.528905],[16.489231,43.528914],[16.489218,43.528914],[16.489218,43.528914],[16.489218,43.528923],[16.489218,43.528932],[16.489206,43.528932],[16.489206,43.528941],[16.489206,43.52895],[16.489194,43.52895],[16.489194,43.528959],[16.489194,43.528968],[16.489181,43.528968],[16.489181,43.528977],[16.489181,43.528986],[16.489169,43.528986],[16.489169,43.528995],[16.489157,43.528995],[16.489156,43.528996],[16.489156,43.529004],[16.489169,43.529004],[16.489181,43.529004],[16.489181,43.529013],[16.489194,43.529013],[16.489206,43.529013],[16.489206,43.529022],[16.489218,43.529022],[16.489218,43.529013]]]}},{"type":"Feature","properties":{"krov":"ROOF_FLAT","visina":14.7094,"kota_vrha":48.58437969},"geometry":{"type":"Polygon","coordinates":[[[16.495738,43.528982],[16.495699,43.529004],[16.495702,43.529013],[16.495713,43.529013],[16.495726,43.529013],[16.495738,43.529013],[16.495738,43.529004],[16.495738,43.528995],[16.495738,43.528986],[16.495738,43.528982]]]}},{"type":"Feature","properties":{"krov":"ROOF_NOT_FLAT","visina":13.5766,"kota_vrha":47.30757969},"geometry":{"type":"Polygon","coordinates":[[[16.495702,43.529013],[16.495699,43.529004],[16.495738,43.528982],[16.495738,43.528977],[16.495738,43.528968],[16.495726,43.528968],[16.495726,43.528959],[16.495726,43.52895],[16.495726,43.528941],[16.495726,43.528923],[16.495713,43.528923],[16.495713,43.528914],[16.495713,43.528905],[16.495713,43.528896],[16.495701,43.528896],[16.495676,43.52886],[16.495652,43.528851],[16.495639,43.528851],[16.495639,43.52886],[16.495627,43.52886],[16.495627,43.528869],[16.495614,43.528869],[16.495614,43.528878],[16.495602,43.528878],[16.495602,43.528887],[16.49559,43.528887],[16.49559,43.528896],[16.495577,43.528896],[16.495577,43.528905],[16.495565,43.528905],[16.495565,43.528914],[16.495553,43.528914],[16.495553,43.528923],[16.49554,43.528923],[16.49554,43.528932],[16.495528,43.528932],[16.495528,43.528941],[16.495515,43.528941],[16.495515,43.52895],[16.495503,43.52895],[16.495491,43.52895],[16.495491,43.528959],[16.495478,43.528959],[16.495478,43.528968],[16.495466,43.528968],[16.495466,43.528977],[16.495454,43.528977],[16.495454,43.528986],[16.495441,43.528986],[16.495441,43.528995],[16.495429,43.528995],[16.495441,43.529013],[16.495466,43.529022],[16.495474,43.529034],[16.495491,43.52904],[16.495491,43.529049],[16.495503,43.529049],[16.495515,43.529049],[16.495515,43.52904],[16.495528,43.52904],[16.49554,43.52904],[16.495553,43.52904],[16.495565,43.52904],[16.495577,43.52904],[16.49559,43.52904],[16.49559,43.529031],[16.495602,43.529031],[16.495614,43.529031],[16.495627,43.529031],[16.495639,43.529031],[16.495652,43.529031],[16.495652,43.529022],[16.495664,43.529022],[16.495676,43.529022],[16.495689,43.529022],[16.495689,43.529013],[16.495701,43.529013],[16.495702,43.529013]]]}},{"type":"Feature","properties":{"krov":"ROOF_NOT_FLAT","visina":13.2055,"kota_vrha":48.03147969},"geometry":{"type":"Polygon","coordinates":[[[16.498027,43.52905],[16.498027,43.529049],[16.498027,43.52904],[16.498027,43.529031],[16.498027,43.529022],[16.498015,43.529022],[16.498002,43.529022],[16.49799,43.529022],[16.497977,43.529022],[16.497965,43.529022],[16.497953,43.529022],[16.49794,43.529022],[16.497928,43.529022],[16.497928,43.529031],[16.497928,43.52904],[16.497928,43.529049],[16.497928,43.52905],[16.498027,43.52905]]]}},{"type":"Feature","properties":{"krov":"ROOF_NOT_FLAT","visina":14.9604,"kota_vrha":48.74137969},"geometry":{"type":"Polygon","coordinates":[[[16.498027,43.52905],[16.497928,43.52905],[16.497928,43.529058],[16.497953,43.529058],[16.497965,43.529058],[16.497977,43.529058],[16.49799,43.529058],[16.498002,43.529058],[16.498027,43.529058],[16.498027,43.52905]]]}},{"type":"Feature","properties":{"krov":"ROOF_NOT_FLAT","visina":15.0482,"kota_vrha":49.53817969},"geometry":{"type":"Polygon","coordinates":[[[16.498175,43.529013],[16.498163,43.529013],[16.498163,43.529031],[16.498163,43.52904],[16.498163,43.529049],[16.498163,43.529058],[16.498299,43.529058],[16.498311,43.529058],[16.498311,43.529049],[16.498311,43.529022],[16.498311,43.529013],[16.498287,43.529013],[16.498175,43.529013]]]}},{"type":"Feature","properties":{"krov":"ROOF_NOT_FLAT","visina":12.9471,"kota_vrha":46.14607969},"geometry":{"type":"Polygon","coordinates":[[[16.497321,43.529031],[16.497322,43.529046],[16.497322,43.529067],[16.497334,43.529067],[16.497334,43.529076],[16.497346,43.529076],[16.497359,43.529076],[16.497371,43.529076],[16.497384,43.529076],[16.497396,43.529076],[16.497408,43.529076],[16.497408,43.529067],[16.497408,43.529058],[16.497408,43.529031],[16.497408,43.529022],[16.497351,43.529025],[16.497334,43.529031],[16.497322,43.529031],[16.497321,43.529031]]]}},{"type":"Feature","properties":{"krov":"ROOF_NOT_FLAT","visina":11.6995,"kota_vrha":45.38547969},"geometry":{"type":"Polygon","coordinates":[[[16.497309,43.529031],[16.497309,43.52904],[16.497309,43.529049],[16.497309,43.529058],[16.497322,43.529058],[16.497322,43.529046],[16.497321,43.529031],[16.497309,43.529031]]]}},{"type":"Feature","properties":{"krov":"ROOF_NOT_FLAT","visina":12.231,"kota_vrha":46.07397969},"geometry":{"type":"Polygon","coordinates":[[[16.497495,43.529048],[16.497496,43.529066],[16.497496,43.529067],[16.497507,43.529067],[16.497507,43.529076],[16.49752,43.529076],[16.497532,43.529076],[16.497544,43.529076],[16.497557,43.529076],[16.497569,43.529076],[16.497582,43.529076],[16.497594,43.529076],[16.497606,43.529076],[16.497606,43.529067],[16.497606,43.529058],[16.497606,43.529049],[16.497606,43.52904],[16.497606,43.529031],[16.497606,43.529022],[16.497594,43.529022],[16.497582,43.529022],[16.497569,43.529022],[16.497557,43.529022],[16.497544,43.529022],[16.497532,43.529022],[16.49752,43.529022],[16.497507,43.529022],[16.497507,43.529031],[16.497507,43.52904],[16.497495,43.52904],[16.497495,43.529048]]]}},{"type":"Feature","properties":{"krov":"ROOF_NOT_FLAT","visina":11.1827,"kota_vrha":45.09167969},"geometry":{"type":"Polygon","coordinates":[[[16.497496,43.529067],[16.497496,43.529066],[16.497495,43.529048],[16.497495,43.529048],[16.497495,43.529049],[16.497495,43.529058],[16.497495,43.529067],[16.497496,43.529067]]]}},{"type":"Feature","properties":{"krov":"ROOF_NOT_FLAT","visina":14.6615,"kota_vrha":48.96247969},"geometry":{"type":"Polygon","coordinates":[[[16.497695,43.529076],[16.497695,43.529071],[16.497695,43.529071],[16.497694,43.529049],[16.497693,43.529049],[16.497693,43.529058],[16.497693,43.529067],[16.497693,43.529076],[16.497695,43.529076]]]}},{"type":"Feature","properties":{"krov":"ROOF_NOT_FLAT","visina":17.1872,"kota_vrha":49.54817969},"geometry":{"type":"Polygon","coordinates":[[[16.497694,43.529049],[16.497695,43.529071],[16.497695,43.529071],[16.497695,43.529076],[16.497705,43.529076],[16.497718,43.529076],[16.49773,43.529076],[16.497742,43.529076],[16.497755,43.529076],[16.497767,43.529076],[16.497779,43.529076],[16.497792,43.529076],[16.497804,43.529076],[16.497817,43.529076],[16.497817,43.529067],[16.497817,43.529058],[16.497817,43.529049],[16.497817,43.52904],[16.497817,43.529031],[16.497804,43.529031],[16.497804,43.529022],[16.497792,43.529022],[16.497779,43.529022],[16.497767,43.529022],[16.497755,43.529022],[16.497742,43.529022],[16.497742,43.529031],[16.49773,43.529031],[16.497718,43.529031],[16.497705,43.529031],[16.497705,43.52904],[16.497694,43.52904],[16.497694,43.529049]]]}},{"type":"Feature","properties":{"krov":"ROOF_FLAT","visina":5.6478,"kota_vrha":41.09577969},"geometry":{"type":"Polygon","coordinates":[[[16.498744,43.52901],[16.498744,43.529004],[16.498757,43.529004],[16.498757,43.52901],[16.498843,43.529009],[16.498843,43.529004],[16.498831,43.529004],[16.498831,43.528995],[16.498831,43.528986],[16.498819,43.528986],[16.498806,43.528986],[16.498794,43.528986],[16.498782,43.528986],[16.498769,43.528986],[16.498757,43.528986],[16.498744,43.528986],[16.498744,43.528995],[16.498732,43.528995],[16.49872,43.528995],[16.49872,43.529004],[16.49872,43.529007],[16.498743,43.529007],[16.498744,43.52901],[16.498744,43.52901]]]}},{"type":"Feature","properties":{"krov":"ROOF_NOT_FLAT","visina":17.2899,"kota_vrha":48.16287969},"geometry":{"type":"Polygon","coordinates":[[[16.498843,43.529009],[16.498757,43.52901],[16.498757,43.529013],[16.498744,43.529013],[16.498744,43.52901],[16.498744,43.52901],[16.498743,43.529007],[16.49872,43.529007],[16.49872,43.529013],[16.49872,43.529022],[16.49872,43.52904],[16.49872,43.529058],[16.49872,43.529067],[16.49872,43.529076],[16.498732,43.529076],[16.498744,43.529076],[16.498769,43.529076],[16.498782,43.529076],[16.498794,43.529076],[16.498806,43.529076],[16.498819,43.529076],[16.498831,43.529076],[16.498843,43.529076],[16.498843,43.529067],[16.498843,43.529049],[16.498843,43.52904],[16.498843,43.529031],[16.498831,43.529031],[16.498819,43.529031],[16.498806,43.529031],[16.498806,43.529022],[16.498819,43.529022],[16.498831,43.529022],[16.498843,43.529022],[16.498843,43.529013],[16.498843,43.529009]]]}},{"type":"Feature","properties":{"krov":"ROOF_NOT_FLAT","visina":14.3174,"kota_vrha":47.32137969},"geometry":{"type":"Polygon","coordinates":[[[16.497156,43.529076],[16.497155,43.529073],[16.497154,43.529066],[16.497153,43.529062],[16.497148,43.529031],[16.497124,43.529031],[16.497041,43.529041],[16.497045,43.529069],[16.497046,43.529074],[16.497046,43.529076],[16.49705,43.529076],[16.49705,43.529085],[16.497062,43.529085],[16.497074,43.529085],[16.497087,43.529085],[16.497099,43.529085],[16.497111,43.529085],[16.497124,43.529085],[16.497124,43.529076],[16.497136,43.529076],[16.497149,43.529076],[16.497156,43.529076]]]}},{"type":"Feature","properties":{"krov":"ROOF_NOT_FLAT","visina":13.0594,"kota_vrha":46.21837969},"geometry":{"type":"Polygon","coordinates":[[[16.497046,43.529076],[16.497046,43.529074],[16.497037,43.529075],[16.497037,43.529076],[16.497046,43.529076]]]}},{"type":"Feature","properties":{"krov":"ROOF_NOT_FLAT","visina":13.5428,"kota_vrha":46.92277969},"geometry":{"type":"Polygon","coordinates":[[[16.497046,43.529074],[16.497045,43.529069],[16.497041,43.529041],[16.497006,43.529044],[16.497,43.529067],[16.497025,43.529067],[16.497037,43.529067],[16.497037,43.529075],[16.497046,43.529074]]]}},{"type":"Feature","properties":{"krov":"ROOF_NOT_FLAT","visina":12.3872,"kota_vrha":46.52317969},"geometry":{"type":"Polygon","coordinates":[[[16.497173,43.529065],[16.497154,43.529066],[16.497155,43.529073],[16.497156,43.529076],[16.497161,43.529076],[16.497161,43.529067],[16.497173,43.529067],[16.497173,43.529065]]]}},{"type":"Feature","properties":{"krov":"ROOF_NOT_FLAT","visina":12.1908,"kota_vrha":46.92277969},"geometry":{"type":"Polygon","coordinates":[[[16.497173,43.529065],[16.497173,43.529058],[16.497186,43.529058],[16.497198,43.529058],[16.497198,43.529049],[16.497198,43.529031],[16.497161,43.529031],[16.497148,43.529031],[16.497153,43.529062],[16.497154,43.529066],[16.497173,43.529065]]]}},{"type":"Feature","properties":{"krov":"ROOF_NOT_FLAT","visina":14.3174,"kota_vrha":47.32137969},"geometry":{"type":"Polygon","coordinates":[[[16.497186,43.529081],[16.497161,43.529082],[16.497161,43.529085],[16.497145,43.52909],[16.497161,43.529094],[16.497173,43.529094],[16.497186,43.529094],[16.497186,43.529085],[16.497186,43.529081]]]}},{"type":"Feature","properties":{"krov":"ROOF_NOT_FLAT","visina":12.3872,"kota_vrha":46.52317969},"geometry":{"type":"Polygon","coordinates":[[[16.497186,43.529081],[16.497186,43.529076],[16.497161,43.529076],[16.497161,43.529082],[16.497186,43.529081]]]}},{"type":"Feature","properties":{"krov":"ROOF_NOT_FLAT","visina":12.9471,"kota_vrha":46.14607969},"geometry":{"type":"Polygon","coordinates":[[[16.497421,43.529094],[16.497421,43.529085],[16.497405,43.52909],[16.497421,43.529094]]]}},{"type":"Feature","properties":{"krov":"ROOF_NOT_FLAT","visina":15.0482,"kota_vrha":49.53817969},"geometry":{"type":"Polygon","coordinates":[[[16.498225,43.529076],[16.498212,43.529076],[16.498212,43.529085],[16.498212,43.529094],[16.498225,43.529094],[16.49825,43.529094],[16.498262,43.529094],[16.498262,43.529085],[16.498262,43.529076],[16.498225,43.529076]]]}},{"type":"Feature","properties":{"krov":"ROOF_FLAT","visina":5.7541,"kota_vrha":42.22707969},"geometry":{"type":"Polygon","coordinates":[[[16.496855,43.529049],[16.496855,43.529049],[16.496852,43.529049],[16.496839,43.529049],[16.496827,43.529049],[16.496814,43.529049],[16.496802,43.529049],[16.49679,43.529049],[16.49679,43.529056],[16.496855,43.529049]]]}},{"type":"Feature","properties":{"krov":"ROOF_NOT_FLAT","visina":13.7682,"kota_vrha":45.99117969},"geometry":{"type":"Polygon","coordinates":[[[16.496855,43.529049],[16.49679,43.529056],[16.49679,43.529058],[16.49679,43.529067],[16.49679,43.529076],[16.49679,43.529085],[16.49679,43.529094],[16.496802,43.529094],[16.496814,43.529094],[16.496827,43.529094],[16.496839,43.529094],[16.496852,43.529094],[16.496852,43.529103],[16.496864,43.529103],[16.496876,43.529103],[16.496876,43.529094],[16.496889,43.529094],[16.496889,43.529085],[16.496889,43.529076],[16.496889,43.529067],[16.496889,43.529058],[16.496876,43.529058],[16.496864,43.529058],[16.496864,43.529049],[16.496857,43.529049],[16.496855,43.529049]]]}},{"type":"Feature","properties":{"krov":"ROOF_NOT_FLAT","visina":14.3174,"kota_vrha":47.32137969},"geometry":{"type":"Polygon","coordinates":[[[16.49705,43.529085],[16.497047,43.529085],[16.497048,43.529088],[16.497037,43.529089],[16.497037,43.529094],[16.497025,43.529094],[16.497012,43.529094],[16.497002,43.529094],[16.497003,43.529096],[16.497003,43.529103],[16.497012,43.529103],[16.497025,43.529103],[16.497037,43.529103],[16.49705,43.529103],[16.49705,43.529094],[16.49705,43.529085]]]}},{"type":"Feature","properties":{"krov":"ROOF_NOT_FLAT","visina":13.0594,"kota_vrha":46.21837969},"geometry":{"type":"MultiPolygon","coordinates":[[[[16.497047,43.529085],[16.497037,43.529085],[16.497037,43.529089],[16.497048,43.529088],[16.497047,43.529085]]],[[[16.497003,43.529096],[16.497002,43.529094],[16.497,43.529094],[16.497,43.529096],[16.497003,43.529096]]]]}},{"type":"Feature","properties":{"krov":"ROOF_NOT_FLAT","visina":3.8201,"kota_vrha":16.51207969},"geometry":{"type":"Polygon","coordinates":[[[16.489169,43.529074],[16.489119,43.529054],[16.489119,43.529058],[16.489107,43.529058],[16.489107,43.529067],[16.489107,43.529076],[16.489095,43.529076],[16.489095,43.529094],[16.489095,43.529103],[16.489107,43.529103],[16.489107,43.529111],[16.48911,43.529112],[16.489119,43.529112],[16.489132,43.529112],[16.489144,43.529112],[16.489144,43.529103],[16.489156,43.529103],[16.489156,43.529085],[16.489169,43.529085],[16.489169,43.529076],[16.489169,43.529074]]]}},{"type":"Feature","properties":{"krov":"ROOF_NOT_FLAT","visina":3.2453,"kota_vrha":15.89627969},"geometry":{"type":"Polygon","coordinates":[[[16.489119,43.529054],[16.489169,43.529074],[16.489169,43.529067],[16.489181,43.529067],[16.489181,43.529049],[16.489194,43.529049],[16.489194,43.52904],[16.489194,43.529031],[16.489181,43.529031],[16.489169,43.529031],[16.489169,43.529022],[16.489156,43.529022],[16.489156,43.529013],[16.489144,43.529013],[16.489144,43.529022],[16.489132,43.529022],[16.489132,43.529022],[16.489132,43.529031],[16.489132,43.52904],[16.489119,43.52904],[16.489119,43.529049],[16.489119,43.529054]]]}},{"type":"Feature","properties":{"krov":"ROOF_NOT_FLAT","visina":13.7682,"kota_vrha":45.99117969},"geometry":{"type":"Polygon","coordinates":[[[16.496876,43.529103],[16.496876,43.529112],[16.496889,43.529112],[16.496889,43.529103],[16.496876,43.529103]]]}},{"type":"Feature","properties":{"krov":"ROOF_NOT_FLAT","visina":12.231,"kota_vrha":46.07397969},"geometry":{"type":"Polygon","coordinates":[[[16.497557,43.529085],[16.497544,43.529085],[16.497544,43.529094],[16.497529,43.529099],[16.497544,43.529103],[16.497544,43.529112],[16.497557,43.529112],[16.497569,43.529112],[16.497569,43.529103],[16.497569,43.529094],[16.497569,43.529085],[16.497557,43.529085]]]}},{"type":"Feature","properties":{"krov":"ROOF_NOT_FLAT","visina":17.1872,"kota_vrha":49.54817969},"geometry":{"type":"Polygon","coordinates":[[[16.497742,43.529085],[16.49773,43.529085],[16.49773,43.529094],[16.49773,43.529103],[16.497742,43.529103],[16.497742,43.529112],[16.497755,43.529112],[16.497767,43.529112],[16.497767,43.529103],[16.497783,43.529099],[16.497767,43.529094],[16.497767,43.529085],[16.497755,43.529085],[16.497742,43.529085]]]}},{"type":"Feature","properties":{"krov":"ROOF_NOT_FLAT","visina":14.9604,"kota_vrha":48.74137969},"geometry":{"type":"Polygon","coordinates":[[[16.498027,43.529094],[16.498027,43.529085],[16.498027,43.529076],[16.498015,43.529076],[16.498002,43.529076],[16.49799,43.529076],[16.497977,43.529076],[16.497965,43.529076],[16.497953,43.529076],[16.49794,43.529076],[16.497928,43.529076],[16.497928,43.529085],[16.497928,43.529094],[16.497928,43.529103],[16.497928,43.529112],[16.49794,43.529112],[16.497953,43.529112],[16.497953,43.529103],[16.497953,43.529094],[16.497965,43.529094],[16.497965,43.529103],[16.497965,43.529112],[16.497977,43.529112],[16.49799,43.529112],[16.49799,43.529103],[16.49799,43.529094],[16.498002,43.529094],[16.498002,43.529103],[16.498002,43.529112],[16.498015,43.529112],[16.498027,43.529112],[16.498027,43.529103],[16.498027,43.529094]]]}},{"type":"Feature","properties":{"krov":"ROOF_FLAT","visina":14.3675,"kota_vrha":46.36747969},"geometry":{"type":"Polygon","coordinates":[[[16.498534,43.529022],[16.49846,43.529022],[16.49846,43.529031],[16.49846,43.529076],[16.49846,43.529112],[16.498522,43.529112],[16.498584,43.529112],[16.498621,43.529112],[16.498621,43.529085],[16.498621,43.529076],[16.498621,43.529067],[16.498621,43.529058],[16.498621,43.529022],[16.498608,43.529022],[16.498534,43.529022]]]}},{"type":"Feature","properties":{"krov":"ROOF_FLAT","visina":18.9687,"kota_vrha":35.29467969},"geometry":{"type":"Polygon","coordinates":[[[16.490315,43.529114],[16.490319,43.529103],[16.490304,43.529106],[16.490315,43.529114]]]}},{"type":"Feature","properties":{"krov":"ROOF_NOT_FLAT","visina":13.7682,"kota_vrha":45.99117969},"geometry":{"type":"Polygon","coordinates":[[[16.496843,43.529117],[16.496827,43.529112],[16.496811,43.529117],[16.496827,43.529121],[16.496843,43.529117]]]}},{"type":"Feature","properties":{"krov":"ROOF_FLAT","visina":11.5143,"kota_vrha":34.04327969},"geometry":{"type":"Polygon","coordinates":[[[16.491742,43.529148],[16.491742,43.529112],[16.491742,43.529103],[16.491742,43.529094],[16.491742,43.529085],[16.491742,43.529076],[16.491742,43.529067],[16.491742,43.529058],[16.491742,43.529049],[16.491742,43.52904],[16.491754,43.52904],[16.491754,43.529031],[16.491754,43.529022],[16.491754,43.529013],[16.49173,43.529013],[16.491668,43.529013],[16.491495,43.529013],[16.491482,43.529013],[16.491482,43.529004],[16.491445,43.529004],[16.491433,43.529004],[16.491433,43.529013],[16.491433,43.529031],[16.491433,43.52904],[16.491433,43.529049],[16.491433,43.529058],[16.491433,43.529067],[16.491433,43.529076],[16.491433,43.529085],[16.491433,43.529094],[16.491433,43.529103],[16.491433,43.529112],[16.491433,43.529121],[16.491433,43.52913],[16.491433,43.529139],[16.491433,43.529148],[16.491445,43.529148],[16.491458,43.529148],[16.491458,43.529139],[16.491458,43.52913],[16.49147,43.52913],[16.491482,43.52913],[16.491482,43.529139],[16.491495,43.529139],[16.491495,43.529148],[16.491507,43.529148],[16.491519,43.529148],[16.49168,43.529148],[16.491742,43.529148]],[[16.491544,43.529103],[16.491544,43.529094],[16.491557,43.529094],[16.491557,43.529103],[16.491544,43.529103]],[[16.491507,43.529094],[16.491507,43.529103],[16.491495,43.529103],[16.491495,43.529094],[16.491507,43.529094]]]}},{"type":"Feature","properties":{"krov":"ROOF_FLAT","visina":7.5655,"kota_vrha":24.86047969},"geometry":{"type":"Polygon","coordinates":[[[16.490839,43.528907],[16.490938,43.528907],[16.490938,43.528905],[16.490938,43.528896],[16.490938,43.528887],[16.490938,43.528878],[16.490938,43.528869],[16.490938,43.528851],[16.490938,43.528842],[16.490938,43.528824],[16.490926,43.528824],[16.490913,43.528824],[16.490901,43.528824],[16.490888,43.528824],[16.490876,43.528824],[16.490876,43.528833],[16.490876,43.528842],[16.490876,43.528851],[16.490876,43.52886],[16.490876,43.528878],[16.490888,43.528878],[16.490888,43.528887],[16.490888,43.528896],[16.490876,43.528896],[16.490864,43.528896],[16.490864,43.528905],[16.490851,43.528905],[16.490839,43.528905],[16.490839,43.528907]]]}},{"type":"Feature","properties":{"krov":"ROOF_FLAT","visina":10.489,"kota_vrha":27.95197969},"geometry":{"type":"Polygon","coordinates":[[[16.490938,43.528907],[16.490839,43.528907],[16.490839,43.528914],[16.490839,43.528923],[16.490827,43.528923],[16.490814,43.528923],[16.490802,43.528923],[16.490789,43.528923],[16.490765,43.528923],[16.490752,43.528923],[16.49074,43.528923],[16.490728,43.528923],[16.490715,43.528923],[16.490703,43.528923],[16.490697,43.528911],[16.490691,43.528923],[16.490691,43.528932],[16.490691,43.528941],[16.490691,43.52895],[16.490691,43.528959],[16.490691,43.528968],[16.490691,43.528977],[16.490691,43.528986],[16.490691,43.529004],[16.490703,43.529004],[16.490715,43.529004],[16.490728,43.529004],[16.490728,43.528995],[16.490728,43.528986],[16.49074,43.528986],[16.490752,43.528986],[16.490752,43.528995],[16.490752,43.529004],[16.490752,43.529013],[16.490752,43.529022],[16.49074,43.529022],[16.490728,43.529022],[16.490715,43.529022],[16.490703,43.529022],[16.490691,43.529022],[16.490691,43.529031],[16.490691,43.52904],[16.490691,43.529049],[16.490691,43.529058],[16.490691,43.529067],[16.490691,43.529076],[16.49069,43.529094],[16.49069,43.529103],[16.49069,43.529121],[16.49069,43.52913],[16.49069,43.529139],[16.49069,43.529148],[16.490703,43.529148],[16.490715,43.529148],[16.490728,43.529148],[16.490728,43.529157],[16.49074,43.529157],[16.490752,43.529157],[16.490765,43.529157],[16.490777,43.529157],[16.490789,43.529157],[16.490802,43.529157],[16.490814,43.529157],[16.490839,43.529157],[16.490888,43.529157],[16.490938,43.529157],[16.490938,43.529139],[16.490938,43.529103],[16.490938,43.529094],[16.490938,43.529085],[16.490938,43.529076],[16.490938,43.528995],[16.490938,43.528932],[16.490938,43.528914],[16.490938,43.528907]]]}},{"type":"Feature","properties":{"krov":"ROOF_NOT_FLAT","visina":16.6939,"kota_vrha":48.54287969},"geometry":{"type":"Polygon","coordinates":[[[16.496638,43.529085],[16.496642,43.5291],[16.496625,43.529126],[16.496595,43.529106],[16.496593,43.529094],[16.496592,43.529094],[16.496592,43.529091],[16.49659,43.529085],[16.496579,43.529085],[16.496579,43.529094],[16.496567,43.529094],[16.496567,43.529103],[16.496567,43.529112],[16.496579,43.529112],[16.496579,43.529121],[16.496579,43.52913],[16.496579,43.529139],[16.496592,43.529139],[16.496604,43.529139],[16.496604,43.52913],[16.496617,43.52913],[16.496629,43.52913],[16.496641,43.52913],[16.496641,43.529139],[16.496641,43.529148],[16.496647,43.52916],[16.496654,43.529148],[16.496669,43.529144],[16.496654,43.529139],[16.496654,43.52913],[16.496666,43.52913],[16.496678,43.52913],[16.496678,43.529121],[16.496678,43.529112],[16.496678,43.529103],[16.496678,43.529094],[16.496678,43.529076],[16.496666,43.529076],[16.496654,43.529076],[16.496654,43.529085],[16.496641,43.529085],[16.496638,43.529085]]]}},{"type":"Feature","properties":{"krov":"ROOF_NOT_FLAT","visina":13.9831,"kota_vrha":48.58907969},"geometry":{"type":"MultiPolygon","coordinates":[[[[16.49659,43.529085],[16.496592,43.529091],[16.496592,43.529085],[16.49659,43.529085]]],[[[16.496638,43.529085],[16.496629,43.529085],[16.496617,43.529085],[16.496604,43.529085],[16.496604,43.529094],[16.496593,43.529094],[16.496595,43.529106],[16.496625,43.529126],[16.496642,43.5291],[16.496638,43.529085]]]]}},{"type":"Feature","properties":{"krov":"ROOF_NOT_FLAT","visina":13.0297,"kota_vrha":36.07267969},"geometry":{"type":"Polygon","coordinates":[[[16.493338,43.529157],[16.493265,43.529158],[16.493265,43.52916],[16.493265,43.529166],[16.493276,43.529166],[16.493289,43.529166],[16.493326,43.529166],[16.493338,43.529166],[16.493338,43.529157]]]}},{"type":"Feature","properties":{"krov":"ROOF_NOT_FLAT","visina":13.2207,"kota_vrha":35.42267969},"geometry":{"type":"Polygon","coordinates":[[[16.493388,43.529157],[16.493338,43.529157],[16.493338,43.529166],[16.493338,43.529166],[16.49335,43.529166],[16.493363,43.529166],[16.493388,43.529166],[16.493388,43.529157]]]}},{"type":"Feature","properties":{"krov":"ROOF_NOT_FLAT","visina":13.0145,"kota_vrha":35.18947969},"geometry":{"type":"Polygon","coordinates":[[[16.493338,43.529157],[16.493388,43.529157],[16.493388,43.529157],[16.493388,43.529148],[16.493388,43.529139],[16.493388,43.52913],[16.493388,43.529121],[16.493384,43.529121],[16.493384,43.529126],[16.493366,43.529139],[16.493345,43.529127],[16.493345,43.529121],[16.493338,43.529121],[16.493326,43.529121],[16.493313,43.529121],[16.493313,43.52913],[16.493301,43.52913],[16.493301,43.529121],[16.493289,43.529121],[16.493286,43.529121],[16.493286,43.529127],[16.493264,43.529141],[16.493251,43.529133],[16.493251,43.529139],[16.493251,43.529148],[16.493251,43.529157],[16.493264,43.529157],[16.493264,43.52916],[16.493265,43.52916],[16.493265,43.529158],[16.493338,43.529157]]]}},{"type":"Feature","properties":{"krov":"ROOF_NOT_FLAT","visina":11.1337,"kota_vrha":34.43367969},"geometry":{"type":"Polygon","coordinates":[[[16.493286,43.529121],[16.493286,43.529121],[16.493276,43.529121],[16.493264,43.529121],[16.493251,43.529121],[16.493251,43.52913],[16.493251,43.529133],[16.493264,43.529141],[16.493286,43.529127],[16.493286,43.529121]]]}},{"type":"Feature","properties":{"krov":"ROOF_NOT_FLAT","visina":11.8097,"kota_vrha":34.43367969},"geometry":{"type":"Polygon","coordinates":[[[16.493384,43.529121],[16.493375,43.529121],[16.493363,43.529121],[16.49335,43.529121],[16.493345,43.529121],[16.493345,43.529127],[16.493366,43.529139],[16.493384,43.529126],[16.493384,43.529121]]]}},{"type":"Feature","properties":{"krov":"ROOF_NOT_FLAT","visina":7.1266,"kota_vrha":19.93957969},"geometry":{"type":"Polygon","coordinates":[[[16.488417,43.529087],[16.48829,43.529083],[16.488163,43.529078],[16.488154,43.529078],[16.488154,43.529085],[16.48813,43.529085],[16.487948,43.529082],[16.487932,43.529076],[16.487907,43.529076],[16.487882,43.529076],[16.487808,43.529076],[16.487808,43.529121],[16.487808,43.52913],[16.487808,43.529139],[16.487944,43.529139],[16.487993,43.529139],[16.487993,43.529148],[16.488105,43.529148],[16.488241,43.529148],[16.488241,43.529157],[16.488266,43.529157],[16.488426,43.529157],[16.488501,43.529157],[16.488501,43.529166],[16.488575,43.529166],[16.488624,43.529166],[16.488662,43.529166],[16.488723,43.529166],[16.488753,43.529171],[16.488785,43.529175],[16.488835,43.529175],[16.489008,43.529175],[16.489014,43.529186],[16.48902,43.529175],[16.489013,43.529118],[16.48881,43.529112],[16.488716,43.529108],[16.488674,43.529103],[16.488501,43.529103],[16.488451,43.529103],[16.488451,43.529094],[16.488439,43.529094],[16.488426,43.529094],[16.488426,43.529087],[16.488417,43.529087]]]}},{"type":"Feature","properties":{"krov":"ROOF_FLAT","visina":5.1854,"kota_vrha":27.17737969},"geometry":{"type":"Polygon","coordinates":[[[16.492314,43.529202],[16.492314,43.529198],[16.492324,43.529198],[16.492324,43.529168],[16.49231,43.529168],[16.492311,43.529166],[16.492299,43.529166],[16.492292,43.529117],[16.492195,43.529128],[16.492187,43.529157],[16.492187,43.529166],[16.492192,43.52919],[16.4922,43.529202],[16.492262,43.529202],[16.492299,43.529202],[16.492314,43.529202]]]}},{"type":"Feature","properties":{"krov":"ROOF_FLAT","visina":7.489,"kota_vrha":39.22997969},"geometry":{"type":"Polygon","coordinates":[[[16.496393,43.529121],[16.496399,43.529148],[16.496361,43.529153],[16.496353,43.529121],[16.496346,43.529121],[16.496344,43.529121],[16.496344,43.52913],[16.496332,43.52913],[16.49632,43.52913],[16.49632,43.529139],[16.496307,43.529139],[16.496307,43.529148],[16.496307,43.529157],[16.496307,43.529166],[16.496307,43.529175],[16.496307,43.529184],[16.49632,43.529184],[16.49632,43.529193],[16.49632,43.529202],[16.496332,43.529202],[16.496344,43.529202],[16.496344,43.529193],[16.496357,43.529193],[16.496381,43.529193],[16.496394,43.529193],[16.496406,43.529193],[16.496419,43.529193],[16.496428,43.529193],[16.496428,43.529193],[16.496443,43.529191],[16.496443,43.529184],[16.496456,43.529184],[16.496456,43.529175],[16.496456,43.529166],[16.496456,43.529157],[16.496456,43.529148],[16.496456,43.529139],[16.496456,43.529134],[16.496451,43.529134],[16.49645,43.52913],[16.496443,43.52913],[16.496431,43.52913],[16.496431,43.529121],[16.496419,43.529121],[16.496406,43.529121],[16.496394,43.529121],[16.496393,43.529121]]]}},{"type":"Feature","properties":{"krov":"ROOF_NOT_FLAT","visina":5.9003,"kota_vrha":39.72027969},"geometry":{"type":"Polygon","coordinates":[[[16.496393,43.529121],[16.496381,43.529121],[16.496369,43.529121],[16.496357,43.529121],[16.496353,43.529121],[16.496361,43.529153],[16.496399,43.529148],[16.496393,43.529121]]]}},{"type":"Feature","properties":{"krov":"ROOF_NOT_FLAT","visina":8.0528,"kota_vrha":37.61777969},"geometry":{"type":"Polygon","coordinates":[[[16.494588,43.529175],[16.494588,43.529166],[16.494575,43.529166],[16.494563,43.529166],[16.494501,43.529166],[16.494489,43.529166],[16.494489,43.529175],[16.494476,43.529175],[16.494476,43.529184],[16.494489,43.529184],[16.494489,43.529193],[16.494501,43.529193],[16.494501,43.529202],[16.494513,43.529202],[16.494526,43.529202],[16.494538,43.529202],[16.49455,43.529202],[16.494563,43.529202],[16.494575,43.529202],[16.494588,43.529202],[16.494588,43.529211],[16.4946,43.529211],[16.4946,43.529202],[16.4946,43.529193],[16.4946,43.529184],[16.494588,43.529184],[16.494588,43.529175]]]}},{"type":"Feature","properties":{"krov":"ROOF_NOT_FLAT","visina":9.6172,"kota_vrha":33.15417969},"geometry":{"type":"Polygon","coordinates":[[[16.492521,43.529229],[16.492521,43.52922],[16.492534,43.52922],[16.492546,43.52922],[16.492546,43.529211],[16.492559,43.529211],[16.492583,43.529211],[16.492596,43.529211],[16.492608,43.529211],[16.49262,43.529211],[16.49262,43.52922],[16.492633,43.52922],[16.492633,43.529202],[16.492633,43.529193],[16.492633,43.529184],[16.492633,43.529175],[16.492633,43.529166],[16.49262,43.529166],[16.492608,43.529166],[16.492534,43.529166],[16.492521,43.529166],[16.492509,43.529166],[16.492509,43.529175],[16.492509,43.529184],[16.492509,43.52922],[16.492509,43.529229],[16.492521,43.529229]]]}},{"type":"Feature","properties":{"krov":"ROOF_FLAT","visina":8.0015,"kota_vrha":43.39447969},"geometry":{"type":"Polygon","coordinates":[[[16.496134,43.529163],[16.496134,43.529157],[16.496122,43.529157],[16.496109,43.529157],[16.496097,43.529157],[16.496097,43.529166],[16.496085,43.529166],[16.496085,43.52917],[16.496134,43.529163]]]}},{"type":"Feature","properties":{"krov":"ROOF_FLAT","visina":5.597,"kota_vrha":40.99997969},"geometry":{"type":"Polygon","coordinates":[[[16.496171,43.529153],[16.496171,43.529148],[16.496159,43.529148],[16.496146,43.529148],[16.496146,43.529156],[16.496171,43.529153]]]}},{"type":"Feature","properties":{"krov":"ROOF_FLAT","visina":5.662,"kota_vrha":40.99997969},"geometry":{"type":"MultiPolygon","coordinates":[[[[16.496072,43.529171],[16.496072,43.529166],[16.49606,43.529166],[16.496047,43.529166],[16.496035,43.529166],[16.496023,43.529166],[16.49601,43.529166],[16.49601,43.529175],[16.49603,43.529172],[16.49603,43.529177],[16.496072,43.529171]]],[[[16.49601,43.529175],[16.495998,43.529175],[16.495986,43.529179],[16.49601,43.529175]]]]}},{"type":"Feature","properties":{"krov":"ROOF_NOT_FLAT","visina":10.6703,"kota_vrha":44.67027969},"geometry":{"type":"Polygon","coordinates":[[[16.496171,43.529153],[16.496146,43.529156],[16.496146,43.529157],[16.496146,43.529166],[16.496134,43.529166],[16.496134,43.529163],[16.496085,43.52917],[16.496085,43.529175],[16.496072,43.529175],[16.496072,43.529171],[16.49603,43.529177],[16.49603,43.529172],[16.49601,43.529175],[16.49601,43.529175],[16.49601,43.529175],[16.495986,43.529179],[16.495982,43.52918],[16.495998,43.529184],[16.495998,43.529202],[16.495998,43.529211],[16.495998,43.52922],[16.495998,43.529229],[16.49601,43.529229],[16.496023,43.529229],[16.496023,43.52922],[16.496035,43.52922],[16.496047,43.52922],[16.49606,43.52922],[16.496072,43.52922],[16.496085,43.52922],[16.496097,43.52922],[16.496097,43.529211],[16.496109,43.529211],[16.496122,43.529211],[16.496134,43.529211],[16.496146,43.529211],[16.496159,43.529211],[16.496159,43.529202],[16.496171,43.529202],[16.496184,43.529202],[16.496184,43.529193],[16.496184,43.529184],[16.496171,43.529184],[16.496171,43.529175],[16.496171,43.529166],[16.496171,43.529157],[16.496171,43.529153]]]}},{"type":"Feature","properties":{"krov":"ROOF_NOT_FLAT","visina":8.8428,"kota_vrha":30.53677969},"geometry":{"type":"Polygon","coordinates":[[[16.491272,43.529229],[16.491272,43.529238],[16.491284,43.529238],[16.4913,43.529233],[16.491284,43.529229],[16.491272,43.529229]]]}},{"type":"Feature","properties":{"krov":"ROOF_NOT_FLAT","visina":2.1012,"kota_vrha":25.77117969},"geometry":{"type":"Polygon","coordinates":[[[16.492225,43.52922],[16.492212,43.52922],[16.492212,43.529229],[16.492212,43.529238],[16.492225,43.529238],[16.492237,43.529238],[16.492237,43.529229],[16.492225,43.529229],[16.492225,43.52922]]]}},{"type":"Feature","properties":{"krov":"ROOF_NOT_FLAT","visina":8.8428,"kota_vrha":30.53677969},"geometry":{"type":"MultiPolygon","coordinates":[[[[16.491132,43.529202],[16.491133,43.529211],[16.491136,43.529211],[16.491136,43.52922],[16.491148,43.52922],[16.491161,43.52922],[16.491185,43.52922],[16.491198,43.52922],[16.49121,43.52922],[16.491235,43.52922],[16.491247,43.52922],[16.491247,43.529229],[16.49126,43.529229],[16.491272,43.529229],[16.491272,43.52922],[16.491272,43.529211],[16.491272,43.529202],[16.49126,43.529202],[16.491247,43.529202],[16.491198,43.529202],[16.491148,43.529202],[16.491136,43.529202],[16.491132,43.529202]]],[[[16.491134,43.529238],[16.491134,43.529247],[16.491136,43.529247],[16.491136,43.529238],[16.491134,43.529238]]]]}},{"type":"Feature","properties":{"krov":"ROOF_NOT_FLAT","visina":7.3333,"kota_vrha":29.02727969},"geometry":{"type":"Polygon","coordinates":[[[16.491134,43.529247],[16.491134,43.529238],[16.491123,43.529238],[16.491123,43.529229],[16.491123,43.52922],[16.491123,43.529211],[16.491133,43.529211],[16.491132,43.529202],[16.491123,43.529202],[16.491111,43.529202],[16.491099,43.529202],[16.491086,43.529202],[16.491074,43.529202],[16.491074,43.529211],[16.491074,43.52922],[16.491074,43.529238],[16.491074,43.529247],[16.491074,43.529256],[16.491086,43.529256],[16.491099,43.529256],[16.491111,43.529256],[16.491123,43.529256],[16.491123,43.529247],[16.491134,43.529247]]]}},{"type":"Feature","properties":{"krov":"ROOF_FLAT","visina":3.3105,"kota_vrha":27.24247969},"geometry":{"type":"Polygon","coordinates":[[[16.492744,43.529229],[16.492738,43.529218],[16.492732,43.529229],[16.492732,43.529238],[16.492732,43.529247],[16.492732,43.529256],[16.492732,43.529265],[16.492732,43.529274],[16.492732,43.529283],[16.492744,43.529283],[16.492757,43.529283],[16.492781,43.529283],[16.492806,43.529283],[16.492806,43.529274],[16.492806,43.529256],[16.492806,43.529229],[16.492794,43.529229],[16.492781,43.529229],[16.492769,43.529229],[16.492757,43.529229],[16.492744,43.529229]]]}},{"type":"Feature","properties":{"krov":"ROOF_NOT_FLAT","visina":2.8583,"kota_vrha":26.01527969},"geometry":{"type":"Polygon","coordinates":[[[16.49194,43.529283],[16.491928,43.529283],[16.491912,43.529288],[16.491928,43.529292],[16.49194,43.529292],[16.491956,43.529288],[16.49194,43.529283]]]}},{"type":"Feature","properties":{"krov":"ROOF_FLAT","visina":18.9687,"kota_vrha":35.29467969},"geometry":{"type":"Polygon","coordinates":[[[16.490431,43.529319],[16.490443,43.529319],[16.490443,43.52931],[16.490443,43.529301],[16.490443,43.529292],[16.49045,43.529292],[16.49045,43.529291],[16.490468,43.529291],[16.490468,43.529283],[16.49048,43.529283],[16.490493,43.529283],[16.490493,43.529274],[16.490493,43.529265],[16.490493,43.529256],[16.490493,43.529247],[16.490493,43.529238],[16.490493,43.529229],[16.490493,43.52922],[16.490505,43.52922],[16.490505,43.529211],[16.490505,43.529193],[16.490505,43.529184],[16.490505,43.529175],[16.490505,43.529166],[16.490505,43.529157],[16.490505,43.529148],[16.490505,43.529139],[16.490505,43.52913],[16.490505,43.529121],[16.490493,43.529121],[16.490493,43.52913],[16.490493,43.529139],[16.490493,43.529148],[16.490493,43.529157],[16.490493,43.529166],[16.49048,43.529166],[16.49048,43.529175],[16.49048,43.529184],[16.49048,43.529193],[16.49048,43.529202],[16.49048,43.529211],[16.49048,43.52922],[16.49048,43.529229],[16.49048,43.529238],[16.490468,43.529238],[16.490468,43.529247],[16.490455,43.529247],[16.490455,43.529256],[16.490443,43.529256],[16.490431,43.529256],[16.490431,43.529265],[16.490418,43.529265],[16.490406,43.529265],[16.490406,43.529274],[16.490394,43.529274],[16.490394,43.529265],[16.490381,43.529265],[16.490369,43.529265],[16.490356,43.529265],[16.490341,43.529269],[16.490356,43.529274],[16.490356,43.529283],[16.490356,43.529292],[16.490356,43.529301],[16.490406,43.529301],[16.490406,43.529292],[16.490406,43.529283],[16.490418,43.529283],[16.490418,43.529274],[16.490431,43.529274],[16.490431,43.529283],[16.490431,43.529292],[16.490431,43.529301],[16.490431,43.52931],[16.490431,43.529319]]]}},{"type":"Feature","properties":{"krov":"ROOF_FLAT","visina":18.9687,"kota_vrha":35.29467969},"geometry":{"type":"Polygon","coordinates":[[[16.490431,43.529004],[16.490431,43.528995],[16.490443,43.528995],[16.490443,43.529004],[16.490431,43.529004],[16.490431,43.529013],[16.490443,43.529013],[16.490455,43.529013],[16.490455,43.529022],[16.490455,43.529058],[16.490505,43.529058],[16.490505,43.529022],[16.490505,43.529013],[16.490505,43.529004],[16.490505,43.528995],[16.490505,43.528986],[16.490505,43.528977],[16.490505,43.528968],[16.490505,43.528959],[16.490505,43.52895],[16.490505,43.528941],[16.490505,43.528932],[16.490505,43.528923],[16.490505,43.528905],[16.490517,43.528905],[16.490517,43.528896],[16.490505,43.528883],[16.490377,43.528891],[16.490369,43.528914],[16.490361,43.528917],[16.490344,43.528941],[16.490332,43.528941],[16.490332,43.528942],[16.490332,43.528959],[16.490319,43.528959],[16.490319,43.528968],[16.490319,43.528977],[16.490307,43.528977],[16.490307,43.528986],[16.490307,43.528995],[16.490295,43.528995],[16.490295,43.529004],[16.490282,43.529004],[16.490282,43.529013],[16.490282,43.529022],[16.49027,43.529022],[16.49027,43.529031],[16.49027,43.52904],[16.490257,43.52904],[16.490257,43.529049],[16.490246,43.529049],[16.490245,43.52905],[16.490245,43.529058],[16.490245,43.529067],[16.490233,43.529067],[16.490233,43.529076],[16.490233,43.529085],[16.49022,43.529085],[16.49022,43.529094],[16.49022,43.529103],[16.490208,43.529103],[16.490208,43.529112],[16.490196,43.529112],[16.490196,43.529112],[16.490196,43.52913],[16.490183,43.52913],[16.490183,43.529139],[16.490183,43.529148],[16.490171,43.529148],[16.490171,43.529157],[16.490171,43.529166],[16.490159,43.529166],[16.490159,43.529175],[16.490146,43.529175],[16.490146,43.529184],[16.490146,43.529193],[16.490134,43.529193],[16.490134,43.529211],[16.490121,43.529211],[16.490121,43.52922],[16.49011,43.52922],[16.490109,43.529221],[16.490109,43.529229],[16.490109,43.529238],[16.490097,43.529238],[16.490097,43.529247],[16.490097,43.529256],[16.490084,43.529256],[16.490084,43.529265],[16.490084,43.529274],[16.490097,43.529274],[16.490109,43.529274],[16.490109,43.529292],[16.490158,43.529292],[16.490158,43.529274],[16.490171,43.529274],[16.490183,43.529274],[16.490183,43.529283],[16.490183,43.529292],[16.490183,43.529301],[16.490183,43.52931],[16.490183,43.529319],[16.490171,43.529319],[16.490158,43.529319],[16.490146,43.529319],[16.490134,43.529319],[16.490121,43.529319],[16.490121,43.52931],[16.490109,43.52931],[16.490097,43.52931],[16.490084,43.52931],[16.490084,43.529319],[16.490084,43.529328],[16.490097,43.529328],[16.490109,43.529328],[16.490121,43.529328],[16.490134,43.529328],[16.490146,43.529328],[16.490158,43.529328],[16.490171,43.529328],[16.490183,43.529328],[16.490196,43.529328],[16.490208,43.529328],[16.49022,43.529328],[16.490233,43.529328],[16.490245,43.529328],[16.490257,43.529328],[16.49027,43.529328],[16.490282,43.529328],[16.490295,43.529328],[16.490307,43.529328],[16.490319,43.529328],[16.490332,43.529328],[16.490344,43.529328],[16.490356,43.529328],[16.490369,43.529328],[16.490381,43.529328],[16.490394,43.529328],[16.490406,43.529328],[16.490406,43.529337],[16.490418,43.529337],[16.490431,43.529337],[16.490431,43.529328],[16.490431,43.529319],[16.490418,43.529319],[16.490406,43.529319],[16.490394,43.529319],[16.490381,43.529319],[16.490369,43.529319],[16.490356,43.529319],[16.490344,43.529319],[16.490332,43.529319],[16.490332,43.52931],[16.490332,43.529301],[16.490326,43.529289],[16.490319,43.529301],[16.490307,43.529301],[16.490307,43.52931],[16.490307,43.529319],[16.490295,43.529319],[16.490282,43.529319],[16.49027,43.529319],[16.490257,43.529319],[16.490245,43.529319],[16.490233,43.529319],[16.49022,43.529319],[16.490208,43.529319],[16.490208,43.52931],[16.490208,43.529301],[16.490208,43.529292],[16.490208,43.529283],[16.490208,43.529274],[16.49022,43.529274],[16.490233,43.529274],[16.490233,43.529292],[16.490233,43.529301],[16.490245,43.529301],[16.490282,43.529301],[16.490282,43.529274],[16.490295,43.529274],[16.490295,43.529265],[16.490307,43.529265],[16.490313,43.529276],[16.490319,43.529265],[16.490319,43.529256],[16.490307,43.529256],[16.490307,43.529247],[16.490295,43.529247],[16.490295,43.529238],[16.490282,43.529238],[16.490282,43.529229],[16.49027,43.529229],[16.490257,43.529229],[16.490245,43.529229],[16.490245,43.52922],[16.490233,43.52922],[16.49022,43.52922],[16.490208,43.52922],[16.490208,43.529211],[16.490208,43.529202],[16.490208,43.529193],[16.490208,43.529184],[16.49022,43.529184],[16.490233,43.529184],[16.490233,43.529202],[16.490245,43.529202],[16.490257,43.529202],[16.49027,43.529202],[16.490282,43.529202],[16.490295,43.529202],[16.490295,43.529184],[16.490295,43.529175],[16.490295,43.529166],[16.490282,43.529166],[16.490282,43.529157],[16.490282,43.529148],[16.490282,43.529139],[16.490295,43.529139],[16.490295,43.52913],[16.490295,43.529121],[16.490295,43.529112],[16.490295,43.529103],[16.490295,43.529094],[16.490307,43.529094],[16.490307,43.529085],[16.490307,43.529076],[16.490307,43.529067],[16.490319,43.529067],[16.490319,43.529058],[16.490332,43.529058],[16.490332,43.529067],[16.490344,43.529067],[16.490344,43.529112],[16.490332,43.529112],[16.490332,43.529121],[16.490337,43.529233],[16.490425,43.529225],[16.490436,43.529152],[16.490443,43.529121],[16.490443,43.529103],[16.490443,43.529094],[16.490443,43.529085],[16.490443,43.529076],[16.490443,43.529067],[16.490443,43.529058],[16.490431,43.529058],[16.490418,43.529058],[16.490406,43.529058],[16.490394,43.529058],[16.490381,43.529058],[16.490369,43.529058],[16.490369,43.529049],[16.490356,43.529049],[16.490356,43.52904],[16.490344,43.52904],[16.490344,43.529031],[16.490344,43.529022],[16.490344,43.529013],[16.490344,43.529004],[16.490356,43.529004],[16.490369,43.529004],[16.490369,43.529013],[16.490369,43.529022],[16.490381,43.529022],[16.490394,43.529022],[16.490394,43.529031],[16.490406,43.529031],[16.490418,43.529031],[16.490418,43.529022],[16.490418,43.529013],[16.490418,43.529004],[16.490431,43.529004]]]}},{"type":"Feature","properties":{"krov":"ROOF_FLAT","visina":8.11,"kota_vrha":38.10997969},"geometry":{"type":"Polygon","coordinates":[[[16.495187,43.529274],[16.495183,43.529259],[16.495188,43.529258],[16.495187,43.529256],[16.495181,43.529256],[16.495169,43.529256],[16.495157,43.529256],[16.495144,43.529256],[16.495132,43.529256],[16.49512,43.529256],[16.495107,43.529256],[16.495107,43.529265],[16.495082,43.529265],[16.494941,43.529276],[16.494937,43.529313],[16.494946,43.529319],[16.494946,43.529337],[16.494951,43.52937],[16.494959,43.529391],[16.494965,43.529403],[16.494971,43.529391],[16.495077,43.529386],[16.495157,43.529373],[16.495181,43.529373],[16.495181,43.529346],[16.495181,43.529337],[16.495192,43.529337],[16.495206,43.529336],[16.495206,43.529328],[16.495219,43.529328],[16.495231,43.529328],[16.495231,43.529319],[16.495219,43.529319],[16.495206,43.529319],[16.495206,43.52931],[16.495194,43.52931],[16.495181,43.52931],[16.495181,43.529301],[16.495181,43.529292],[16.495169,43.529292],[16.495169,43.529283],[16.495169,43.529274],[16.495181,43.529274],[16.495187,43.529274]]]}},{"type":"Feature","properties":{"krov":"ROOF_NOT_FLAT","visina":7.3477,"kota_vrha":40.11667969},"geometry":{"type":"Polygon","coordinates":[[[16.495188,43.529258],[16.495183,43.529259],[16.495187,43.529274],[16.495194,43.529274],[16.495194,43.529283],[16.495206,43.529283],[16.495206,43.529292],[16.495219,43.529292],[16.495219,43.529274],[16.495219,43.529265],[16.495194,43.529265],[16.495194,43.529258],[16.495188,43.529258]]]}},{"type":"Feature","properties":{"krov":"ROOF_NOT_FLAT","visina":5.6435,"kota_vrha":23.64347969},"geometry":{"type":"Polygon","coordinates":[[[16.490542,43.529436],[16.49053,43.529436],[16.49053,43.529445],[16.49053,43.529454],[16.49053,43.529463],[16.49053,43.529472],[16.490542,43.529472],[16.490554,43.529472],[16.490567,43.529472],[16.490579,43.529472],[16.490579,43.529463],[16.490579,43.529454],[16.490579,43.529445],[16.490579,43.529436],[16.490567,43.529436],[16.490554,43.529436],[16.490542,43.529436]]]}},{"type":"Feature","properties":{"krov":"ROOF_NOT_FLAT","visina":9.8841,"kota_vrha":25.55507969},"geometry":{"type":"Polygon","coordinates":[[[16.487678,43.529238],[16.48767,43.529342],[16.487667,43.529384],[16.487662,43.529445],[16.487795,43.529445],[16.487795,43.529454],[16.488037,43.529458],[16.488179,43.529463],[16.488322,43.529467],[16.488426,43.529472],[16.488513,43.529472],[16.488575,43.529472],[16.488575,43.529481],[16.488587,43.529481],[16.488696,43.529477],[16.488711,43.529391],[16.488711,43.529382],[16.488711,43.529373],[16.488705,43.529275],[16.488061,43.529251],[16.487833,43.529247],[16.48782,43.529247],[16.48782,43.529238],[16.487771,43.529238],[16.487697,43.529238],[16.487684,43.529238],[16.487678,43.529238]]]}},{"type":"Feature","properties":{"krov":"ROOF_NOT_FLAT","visina":2.6251,"kota_vrha":31.93307969},"geometry":{"type":"Polygon","coordinates":[[[16.494165,43.529448],[16.494164,43.529445],[16.494155,43.529445],[16.494142,43.529445],[16.49413,43.529445],[16.494117,43.529445],[16.494105,43.529445],[16.494105,43.52945],[16.494106,43.529454],[16.494165,43.529448]]]}},{"type":"Feature","properties":{"krov":"ROOF_NOT_FLAT","visina":3.2331,"kota_vrha":32.23307969},"geometry":{"type":"Polygon","coordinates":[[[16.494165,43.529448],[16.494106,43.529454],[16.494093,43.529456],[16.494093,43.529463],[16.494093,43.529499],[16.494117,43.529499],[16.49417,43.529495],[16.494184,43.52947],[16.494167,43.529463],[16.494167,43.529454],[16.494167,43.529447],[16.494165,43.529448]]]}}]}