{"type":"FeatureCollection","name":"DTK_trasa_2022","crs":{"type":"name","properties":{"name":"urn:ogc:def:crs:OGC:1.3:CRS84"}},"xy_coordinate_resolution":0.000001,"features":[{"type":"Feature","properties":{"vrsta":"DTK trasa"},"geometry":{"type":"LineString","coordinates":[[16.490041,43.52382],[16.490008,43.523844]]}},{"type":"Feature","properties":{"vrsta":"DTK trasa"},"geometry":{"type":"LineString","coordinates":[[16.504533,43.526095],[16.504559,43.526083]]}},{"type":"Feature","properties":{"vrsta":"DTK trasa"},"geometry":{"type":"LineString","coordinates":[[16.504559,43.526083],[16.504594,43.526059]]}},{"type":"Feature","properties":{"vrsta":"DTK trasa"},"geometry":{"type":"LineString","coordinates":[[16.504594,43.526059],[16.504596,43.526082]]}},{"type":"Feature","properties":{"vrsta":"DTK trasa"},"geometry":{"type":"LineString","coordinates":[[16.504596,43.526082],[16.504602,43.5262]]}},{"type":"Feature","properties":{"vrsta":"DTK trasa"},"geometry":{"type":"LineString","coordinates":[[16.504602,43.5262],[16.504603,43.52622]]}},{"type":"Feature","properties":{"vrsta":"DTK trasa"},"geometry":{"type":"LineString","coordinates":[[16.504603,43.52622],[16.504571,43.5262]]}},{"type":"Feature","properties":{"vrsta":"DTK trasa"},"geometry":{"type":"LineString","coordinates":[[16.504571,43.5262],[16.504543,43.52618]]}},{"type":"Feature","properties":{"vrsta":"DTK trasa"},"geometry":{"type":"LineString","coordinates":[[16.50452,43.525272],[16.504484,43.525251]]}},{"type":"Feature","properties":{"vrsta":"DTK trasa"},"geometry":{"type":"LineString","coordinates":[[16.504484,43.525251],[16.504603,43.525412]]}},{"type":"Feature","properties":{"vrsta":"DTK trasa"},"geometry":{"type":"LineString","coordinates":[[16.504603,43.525412],[16.504621,43.525432]]}},{"type":"Feature","properties":{"vrsta":"DTK trasa"},"geometry":{"type":"LineString","coordinates":[[16.504621,43.525432],[16.504637,43.525469]]}},{"type":"Feature","properties":{"vrsta":"DTK trasa"},"geometry":{"type":"LineString","coordinates":[[16.504637,43.525469],[16.504666,43.525457]]}},{"type":"Feature","properties":{"vrsta":"DTK trasa"},"geometry":{"type":"LineString","coordinates":[[16.504666,43.525457],[16.504949,43.525338]]}},{"type":"Feature","properties":{"vrsta":"DTK trasa"},"geometry":{"type":"LineString","coordinates":[[16.504949,43.525338],[16.504909,43.525283]]}},{"type":"Feature","properties":{"vrsta":"DTK trasa"},"geometry":{"type":"LineString","coordinates":[[16.50455,43.525033],[16.504649,43.524955]]}},{"type":"Feature","properties":{"vrsta":"DTK trasa"},"geometry":{"type":"LineString","coordinates":[[16.504649,43.524955],[16.50467,43.525019]]}},{"type":"Feature","properties":{"vrsta":"DTK trasa"},"geometry":{"type":"LineString","coordinates":[[16.50467,43.525019],[16.504616,43.524981]]}},{"type":"Feature","properties":{"vrsta":"DTK trasa"},"geometry":{"type":"LineString","coordinates":[[16.505518,43.525068],[16.505569,43.525053]]}},{"type":"Feature","properties":{"vrsta":"DTK trasa"},"geometry":{"type":"LineString","coordinates":[[16.505569,43.525053],[16.50557,43.525017]]}},{"type":"Feature","properties":{"vrsta":"DTK trasa"},"geometry":{"type":"LineString","coordinates":[[16.50557,43.525017],[16.505573,43.524971]]}},{"type":"Feature","properties":{"vrsta":"DTK trasa"},"geometry":{"type":"LineString","coordinates":[[16.505573,43.524971],[16.505571,43.524954]]}},{"type":"Feature","properties":{"vrsta":"DTK trasa"},"geometry":{"type":"LineString","coordinates":[[16.505571,43.524954],[16.505564,43.524918]]}},{"type":"Feature","properties":{"vrsta":"DTK trasa"},"geometry":{"type":"LineString","coordinates":[[16.505564,43.524918],[16.505565,43.524912]]}},{"type":"Feature","properties":{"vrsta":"DTK trasa"},"geometry":{"type":"LineString","coordinates":[[16.505565,43.524912],[16.505637,43.524891]]}},{"type":"Feature","properties":{"vrsta":"DTK trasa"},"geometry":{"type":"LineString","coordinates":[[16.505637,43.524891],[16.505646,43.524886]]}},{"type":"Feature","properties":{"vrsta":"DTK trasa"},"geometry":{"type":"LineString","coordinates":[[16.505646,43.524886],[16.505666,43.52481]]}},{"type":"Feature","properties":{"vrsta":"DTK trasa"},"geometry":{"type":"LineString","coordinates":[[16.49046,43.523839],[16.490463,43.523848]]}},{"type":"Feature","properties":{"vrsta":"DTK trasa"},"geometry":{"type":"LineString","coordinates":[[16.490463,43.523848],[16.489684,43.524039]]}},{"type":"Feature","properties":{"vrsta":"DTK trasa"},"geometry":{"type":"LineString","coordinates":[[16.489684,43.524039],[16.489627,43.524056]]}},{"type":"Feature","properties":{"vrsta":"DTK trasa"},"geometry":{"type":"LineString","coordinates":[[16.489627,43.524056],[16.48944,43.524132]]}},{"type":"Feature","properties":{"vrsta":"DTK trasa"},"geometry":{"type":"LineString","coordinates":[[16.48944,43.524132],[16.489391,43.524138]]}},{"type":"Feature","properties":{"vrsta":"DTK trasa"},"geometry":{"type":"LineString","coordinates":[[16.489391,43.524138],[16.489354,43.524118]]}},{"type":"Feature","properties":{"vrsta":"DTK trasa"},"geometry":{"type":"LineString","coordinates":[[16.489354,43.524118],[16.489343,43.524115]]}},{"type":"Feature","properties":{"vrsta":"DTK trasa"},"geometry":{"type":"LineString","coordinates":[[16.489343,43.524115],[16.489324,43.524117]]}},{"type":"Feature","properties":{"vrsta":"DTK trasa"},"geometry":{"type":"LineString","coordinates":[[16.489324,43.524117],[16.489311,43.524127]]}},{"type":"Feature","properties":{"vrsta":"DTK trasa"},"geometry":{"type":"LineString","coordinates":[[16.489311,43.524127],[16.489281,43.524132]]}},{"type":"Feature","properties":{"vrsta":"DTK trasa"},"geometry":{"type":"LineString","coordinates":[[16.489281,43.524132],[16.489221,43.524137]]}},{"type":"Feature","properties":{"vrsta":"DTK trasa"},"geometry":{"type":"LineString","coordinates":[[16.489221,43.524137],[16.489163,43.524147]]}},{"type":"Feature","properties":{"vrsta":"DTK trasa"},"geometry":{"type":"LineString","coordinates":[[16.489163,43.524147],[16.489008,43.524163]]}},{"type":"Feature","properties":{"vrsta":"DTK trasa"},"geometry":{"type":"LineString","coordinates":[[16.489008,43.524163],[16.488686,43.524201]]}},{"type":"Feature","properties":{"vrsta":"DTK trasa"},"geometry":{"type":"LineString","coordinates":[[16.488686,43.524201],[16.48862,43.524209]]}},{"type":"Feature","properties":{"vrsta":"DTK trasa"},"geometry":{"type":"LineString","coordinates":[[16.48862,43.524209],[16.488562,43.524219]]}},{"type":"Feature","properties":{"vrsta":"DTK trasa"},"geometry":{"type":"LineString","coordinates":[[16.488562,43.524219],[16.488496,43.524231]]}},{"type":"Feature","properties":{"vrsta":"DTK trasa"},"geometry":{"type":"LineString","coordinates":[[16.488496,43.524231],[16.488415,43.524246]]}},{"type":"Feature","properties":{"vrsta":"DTK trasa"},"geometry":{"type":"LineString","coordinates":[[16.488415,43.524246],[16.488403,43.52424]]}},{"type":"Feature","properties":{"vrsta":"DTK trasa"},"geometry":{"type":"LineString","coordinates":[[16.488403,43.52424],[16.488384,43.524242]]}},{"type":"Feature","properties":{"vrsta":"DTK trasa"},"geometry":{"type":"LineString","coordinates":[[16.488384,43.524242],[16.488376,43.524249]]}},{"type":"Feature","properties":{"vrsta":"DTK trasa"},"geometry":{"type":"LineString","coordinates":[[16.488376,43.524249],[16.488368,43.524259]]}},{"type":"Feature","properties":{"vrsta":"DTK trasa"},"geometry":{"type":"LineString","coordinates":[[16.488368,43.524259],[16.488344,43.524264]]}},{"type":"Feature","properties":{"vrsta":"DTK trasa"},"geometry":{"type":"LineString","coordinates":[[16.488344,43.524264],[16.488277,43.524286]]}},{"type":"Feature","properties":{"vrsta":"DTK trasa"},"geometry":{"type":"LineString","coordinates":[[16.488277,43.524286],[16.488212,43.524313]]}},{"type":"Feature","properties":{"vrsta":"DTK trasa"},"geometry":{"type":"LineString","coordinates":[[16.488212,43.524313],[16.488162,43.524344]]}},{"type":"Feature","properties":{"vrsta":"DTK trasa"},"geometry":{"type":"LineString","coordinates":[[16.488162,43.524344],[16.488109,43.524383]]}},{"type":"Feature","properties":{"vrsta":"DTK trasa"},"geometry":{"type":"LineString","coordinates":[[16.488109,43.524383],[16.488037,43.524445]]}},{"type":"Feature","properties":{"vrsta":"DTK trasa"},"geometry":{"type":"LineString","coordinates":[[16.488037,43.524445],[16.488006,43.524471]]}},{"type":"Feature","properties":{"vrsta":"DTK trasa"},"geometry":{"type":"LineString","coordinates":[[16.488006,43.524471],[16.487942,43.524527]]}},{"type":"Feature","properties":{"vrsta":"DTK trasa"},"geometry":{"type":"LineString","coordinates":[[16.487942,43.524527],[16.487891,43.524573]]}},{"type":"Feature","properties":{"vrsta":"DTK trasa"},"geometry":{"type":"LineString","coordinates":[[16.487891,43.524573],[16.48784,43.524624]]}},{"type":"Feature","properties":{"vrsta":"DTK trasa"},"geometry":{"type":"LineString","coordinates":[[16.48784,43.524624],[16.487785,43.524691]]}},{"type":"Feature","properties":{"vrsta":"DTK trasa"},"geometry":{"type":"LineString","coordinates":[[16.487785,43.524691],[16.487725,43.524785]]}},{"type":"Feature","properties":{"vrsta":"DTK trasa"},"geometry":{"type":"LineString","coordinates":[[16.487725,43.524785],[16.487692,43.524844]]}},{"type":"Feature","properties":{"vrsta":"DTK trasa"},"geometry":{"type":"LineString","coordinates":[[16.487692,43.524844],[16.487655,43.524894]]}},{"type":"Feature","properties":{"vrsta":"DTK trasa"},"geometry":{"type":"LineString","coordinates":[[16.487655,43.524894],[16.487627,43.524922]]}},{"type":"Feature","properties":{"vrsta":"DTK trasa"},"geometry":{"type":"LineString","coordinates":[[16.487627,43.524922],[16.487573,43.524965]]}},{"type":"Feature","properties":{"vrsta":"DTK trasa"},"geometry":{"type":"LineString","coordinates":[[16.487573,43.524965],[16.487533,43.524985]]}},{"type":"Feature","properties":{"vrsta":"DTK trasa"},"geometry":{"type":"LineString","coordinates":[[16.487533,43.524985],[16.487522,43.524986]]}},{"type":"Feature","properties":{"vrsta":"DTK trasa"},"geometry":{"type":"LineString","coordinates":[[16.487522,43.524986],[16.487509,43.524984]]}},{"type":"Feature","properties":{"vrsta":"DTK trasa"},"geometry":{"type":"LineString","coordinates":[[16.487509,43.524984],[16.48749,43.524993]]}},{"type":"Feature","properties":{"vrsta":"DTK trasa"},"geometry":{"type":"LineString","coordinates":[[16.48749,43.524993],[16.487487,43.524998]]}},{"type":"Feature","properties":{"vrsta":"DTK trasa"},"geometry":{"type":"LineString","coordinates":[[16.487487,43.524998],[16.487486,43.525007]]}},{"type":"Feature","properties":{"vrsta":"DTK trasa"},"geometry":{"type":"LineString","coordinates":[[16.487486,43.525007],[16.487458,43.525021]]}},{"type":"Feature","properties":{"vrsta":"DTK trasa"},"geometry":{"type":"LineString","coordinates":[[16.487458,43.525021],[16.487412,43.525033]]}},{"type":"Feature","properties":{"vrsta":"DTK trasa"},"geometry":{"type":"LineString","coordinates":[[16.502301,43.527497],[16.502313,43.527484]]}},{"type":"Feature","properties":{"vrsta":"DTK trasa"},"geometry":{"type":"LineString","coordinates":[[16.502313,43.527484],[16.502203,43.527475]]}},{"type":"Feature","properties":{"vrsta":"DTK trasa"},"geometry":{"type":"LineString","coordinates":[[16.502203,43.527475],[16.502042,43.527465]]}},{"type":"Feature","properties":{"vrsta":"DTK trasa"},"geometry":{"type":"LineString","coordinates":[[16.502042,43.527465],[16.501987,43.527462]]}},{"type":"Feature","properties":{"vrsta":"DTK trasa"},"geometry":{"type":"LineString","coordinates":[[16.501987,43.527462],[16.501979,43.52748]]}},{"type":"Feature","properties":{"vrsta":"DTK trasa"},"geometry":{"type":"LineString","coordinates":[[16.502364,43.5277],[16.502363,43.527683]]}},{"type":"Feature","properties":{"vrsta":"DTK trasa"},"geometry":{"type":"LineString","coordinates":[[16.502363,43.527683],[16.502347,43.527604]]}},{"type":"Feature","properties":{"vrsta":"DTK trasa"},"geometry":{"type":"LineString","coordinates":[[16.502347,43.527604],[16.502341,43.527535]]}},{"type":"Feature","properties":{"vrsta":"DTK trasa"},"geometry":{"type":"LineString","coordinates":[[16.502341,43.527535],[16.502371,43.527515]]}},{"type":"Feature","properties":{"vrsta":"DTK trasa"},"geometry":{"type":"LineString","coordinates":[[16.502371,43.527515],[16.502391,43.527494]]}},{"type":"Feature","properties":{"vrsta":"DTK trasa"},"geometry":{"type":"LineString","coordinates":[[16.502391,43.527494],[16.502383,43.527491]]}},{"type":"Feature","properties":{"vrsta":"DTK trasa"},"geometry":{"type":"LineString","coordinates":[[16.502383,43.527491],[16.502313,43.527484]]}},{"type":"Feature","properties":{"vrsta":"DTK trasa"},"geometry":{"type":"LineString","coordinates":[[16.502676,43.526146],[16.502738,43.52616]]}},{"type":"Feature","properties":{"vrsta":"DTK trasa"},"geometry":{"type":"LineString","coordinates":[[16.502738,43.52616],[16.502762,43.526172]]}},{"type":"Feature","properties":{"vrsta":"DTK trasa"},"geometry":{"type":"LineString","coordinates":[[16.502762,43.526172],[16.50289,43.526169]]}},{"type":"Feature","properties":{"vrsta":"DTK trasa"},"geometry":{"type":"LineString","coordinates":[[16.50289,43.526169],[16.502946,43.526164]]}},{"type":"Feature","properties":{"vrsta":"DTK trasa"},"geometry":{"type":"LineString","coordinates":[[16.502946,43.526164],[16.502994,43.526156]]}},{"type":"Feature","properties":{"vrsta":"DTK trasa"},"geometry":{"type":"LineString","coordinates":[[16.502994,43.526156],[16.503012,43.526134]]}},{"type":"Feature","properties":{"vrsta":"DTK trasa"},"geometry":{"type":"LineString","coordinates":[[16.503012,43.526134],[16.502964,43.526031]]}},{"type":"Feature","properties":{"vrsta":"DTK trasa"},"geometry":{"type":"LineString","coordinates":[[16.502964,43.526031],[16.502949,43.525994]]}},{"type":"Feature","properties":{"vrsta":"DTK trasa"},"geometry":{"type":"LineString","coordinates":[[16.502949,43.525994],[16.50294,43.525995]]}},{"type":"Feature","properties":{"vrsta":"DTK trasa"},"geometry":{"type":"LineString","coordinates":[[16.50294,43.525995],[16.502895,43.526003]]}},{"type":"Feature","properties":{"vrsta":"DTK trasa"},"geometry":{"type":"LineString","coordinates":[[16.501473,43.526903],[16.501436,43.526939]]}},{"type":"Feature","properties":{"vrsta":"DTK trasa"},"geometry":{"type":"LineString","coordinates":[[16.501436,43.526939],[16.50138,43.526993]]}},{"type":"Feature","properties":{"vrsta":"DTK trasa"},"geometry":{"type":"LineString","coordinates":[[16.50138,43.526993],[16.501316,43.52705]]}},{"type":"Feature","properties":{"vrsta":"DTK trasa"},"geometry":{"type":"LineString","coordinates":[[16.501316,43.52705],[16.501305,43.527184]]}},{"type":"Feature","properties":{"vrsta":"DTK trasa"},"geometry":{"type":"LineString","coordinates":[[16.501305,43.527184],[16.501307,43.527241]]}},{"type":"Feature","properties":{"vrsta":"DTK trasa"},"geometry":{"type":"LineString","coordinates":[[16.501307,43.527241],[16.501306,43.527247]]}},{"type":"Feature","properties":{"vrsta":"DTK trasa"},"geometry":{"type":"LineString","coordinates":[[16.501306,43.527247],[16.501469,43.527069]]}},{"type":"Feature","properties":{"vrsta":"DTK trasa"},"geometry":{"type":"LineString","coordinates":[[16.501469,43.527069],[16.501473,43.526903]]}},{"type":"Feature","properties":{"vrsta":"DTK trasa"},"geometry":{"type":"LineString","coordinates":[[16.501473,43.526903],[16.501436,43.526848]]}},{"type":"Feature","properties":{"vrsta":"DTK trasa"},"geometry":{"type":"LineString","coordinates":[[16.501436,43.526848],[16.501455,43.526843]]}},{"type":"Feature","properties":{"vrsta":"DTK trasa"},"geometry":{"type":"LineString","coordinates":[[16.501455,43.526843],[16.501544,43.526828]]}},{"type":"Feature","properties":{"vrsta":"DTK trasa"},"geometry":{"type":"LineString","coordinates":[[16.501544,43.526828],[16.501605,43.526815]]}},{"type":"Feature","properties":{"vrsta":"DTK trasa"},"geometry":{"type":"LineString","coordinates":[[16.501605,43.526815],[16.501755,43.526772]]}},{"type":"Feature","properties":{"vrsta":"DTK trasa"},"geometry":{"type":"LineString","coordinates":[[16.501755,43.526772],[16.50189,43.52676]]}},{"type":"Feature","properties":{"vrsta":"DTK trasa"},"geometry":{"type":"LineString","coordinates":[[16.50189,43.52676],[16.501907,43.526795]]}},{"type":"Feature","properties":{"vrsta":"DTK trasa"},"geometry":{"type":"LineString","coordinates":[[16.501907,43.526795],[16.501919,43.526811]]}},{"type":"Feature","properties":{"vrsta":"DTK trasa"},"geometry":{"type":"LineString","coordinates":[[16.501919,43.526811],[16.501955,43.526836]]}},{"type":"Feature","properties":{"vrsta":"DTK trasa"},"geometry":{"type":"LineString","coordinates":[[16.500659,43.527426],[16.500682,43.527417]]}},{"type":"Feature","properties":{"vrsta":"DTK trasa"},"geometry":{"type":"LineString","coordinates":[[16.500682,43.527417],[16.500689,43.527414]]}},{"type":"Feature","properties":{"vrsta":"DTK trasa"},"geometry":{"type":"LineString","coordinates":[[16.500689,43.527414],[16.500684,43.527409]]}},{"type":"Feature","properties":{"vrsta":"DTK trasa"},"geometry":{"type":"LineString","coordinates":[[16.500684,43.527409],[16.500579,43.527341]]}},{"type":"Feature","properties":{"vrsta":"DTK trasa"},"geometry":{"type":"LineString","coordinates":[[16.500579,43.527341],[16.500443,43.527203]]}},{"type":"Feature","properties":{"vrsta":"DTK trasa"},"geometry":{"type":"LineString","coordinates":[[16.500443,43.527203],[16.500321,43.52708]]}},{"type":"Feature","properties":{"vrsta":"DTK trasa"},"geometry":{"type":"LineString","coordinates":[[16.500321,43.52708],[16.500251,43.52703]]}},{"type":"Feature","properties":{"vrsta":"DTK trasa"},"geometry":{"type":"LineString","coordinates":[[16.500251,43.52703],[16.500246,43.527026]]}},{"type":"Feature","properties":{"vrsta":"DTK trasa"},"geometry":{"type":"LineString","coordinates":[[16.500246,43.527026],[16.500249,43.527031]]}},{"type":"Feature","properties":{"vrsta":"DTK trasa"},"geometry":{"type":"LineString","coordinates":[[16.500249,43.527031],[16.500455,43.527358]]}},{"type":"Feature","properties":{"vrsta":"DTK trasa"},"geometry":{"type":"LineString","coordinates":[[16.500455,43.527358],[16.500459,43.527362]]}},{"type":"Feature","properties":{"vrsta":"DTK trasa"},"geometry":{"type":"LineString","coordinates":[[16.500942,43.528137],[16.500942,43.528085]]}},{"type":"Feature","properties":{"vrsta":"DTK trasa"},"geometry":{"type":"LineString","coordinates":[[16.500942,43.528085],[16.500937,43.527757]]}},{"type":"Feature","properties":{"vrsta":"DTK trasa"},"geometry":{"type":"LineString","coordinates":[[16.500937,43.527757],[16.500904,43.527685]]}},{"type":"Feature","properties":{"vrsta":"DTK trasa"},"geometry":{"type":"LineString","coordinates":[[16.500904,43.527685],[16.500876,43.527626]]}},{"type":"Feature","properties":{"vrsta":"DTK trasa"},"geometry":{"type":"LineString","coordinates":[[16.500876,43.527626],[16.500835,43.527558]]}},{"type":"Feature","properties":{"vrsta":"DTK trasa"},"geometry":{"type":"LineString","coordinates":[[16.500835,43.527558],[16.50081,43.52752]]}},{"type":"Feature","properties":{"vrsta":"DTK trasa"},"geometry":{"type":"LineString","coordinates":[[16.50081,43.52752],[16.500794,43.527497]]}},{"type":"Feature","properties":{"vrsta":"DTK trasa"},"geometry":{"type":"LineString","coordinates":[[16.500794,43.527497],[16.500769,43.52746]]}},{"type":"Feature","properties":{"vrsta":"DTK trasa"},"geometry":{"type":"LineString","coordinates":[[16.500769,43.52746],[16.500693,43.527417]]}},{"type":"Feature","properties":{"vrsta":"DTK trasa"},"geometry":{"type":"LineString","coordinates":[[16.500693,43.527417],[16.500689,43.527414]]}},{"type":"Feature","properties":{"vrsta":"DTK trasa"},"geometry":{"type":"LineString","coordinates":[[16.497393,43.528952],[16.496881,43.528973]]}},{"type":"Feature","properties":{"vrsta":"DTK trasa"},"geometry":{"type":"LineString","coordinates":[[16.496881,43.528973],[16.496204,43.529058]]}},{"type":"Feature","properties":{"vrsta":"DTK trasa"},"geometry":{"type":"LineString","coordinates":[[16.496204,43.529058],[16.495815,43.52911]]}},{"type":"Feature","properties":{"vrsta":"DTK trasa"},"geometry":{"type":"LineString","coordinates":[[16.495815,43.52911],[16.49567,43.529138]]}},{"type":"Feature","properties":{"vrsta":"DTK trasa"},"geometry":{"type":"LineString","coordinates":[[16.49567,43.529138],[16.4956,43.529159]]}},{"type":"Feature","properties":{"vrsta":"DTK trasa"},"geometry":{"type":"LineString","coordinates":[[16.4956,43.529159],[16.495519,43.529188]]}},{"type":"Feature","properties":{"vrsta":"DTK trasa"},"geometry":{"type":"LineString","coordinates":[[16.495519,43.529188],[16.495466,43.529218]]}},{"type":"Feature","properties":{"vrsta":"DTK trasa"},"geometry":{"type":"LineString","coordinates":[[16.495466,43.529218],[16.495418,43.529262]]}},{"type":"Feature","properties":{"vrsta":"DTK trasa"},"geometry":{"type":"LineString","coordinates":[[16.495418,43.529262],[16.495377,43.529329]]}},{"type":"Feature","properties":{"vrsta":"DTK trasa"},"geometry":{"type":"LineString","coordinates":[[16.495377,43.529329],[16.495351,43.529387]]}},{"type":"Feature","properties":{"vrsta":"DTK trasa"},"geometry":{"type":"LineString","coordinates":[[16.495351,43.529387],[16.495336,43.529435]]}},{"type":"Feature","properties":{"vrsta":"DTK trasa"},"geometry":{"type":"LineString","coordinates":[[16.495336,43.529435],[16.495332,43.52947]]}},{"type":"Feature","properties":{"vrsta":"DTK trasa"},"geometry":{"type":"LineString","coordinates":[[16.495332,43.52947],[16.495331,43.529532]]}},{"type":"Feature","properties":{"vrsta":"DTK trasa"},"geometry":{"type":"LineString","coordinates":[[16.495331,43.529532],[16.49534,43.529593]]}},{"type":"Feature","properties":{"vrsta":"DTK trasa"},"geometry":{"type":"LineString","coordinates":[[16.49534,43.529593],[16.495418,43.529909]]}},{"type":"Feature","properties":{"vrsta":"DTK trasa"},"geometry":{"type":"LineString","coordinates":[[16.495418,43.529909],[16.495499,43.530219]]}},{"type":"Feature","properties":{"vrsta":"DTK trasa"},"geometry":{"type":"LineString","coordinates":[[16.495499,43.530219],[16.49554,43.530373]]}},{"type":"Feature","properties":{"vrsta":"DTK trasa"},"geometry":{"type":"LineString","coordinates":[[16.491443,43.52917],[16.491439,43.52926]]}},{"type":"Feature","properties":{"vrsta":"DTK trasa"},"geometry":{"type":"LineString","coordinates":[[16.491439,43.52926],[16.491553,43.529263]]}},{"type":"Feature","properties":{"vrsta":"DTK trasa"},"geometry":{"type":"LineString","coordinates":[[16.491553,43.529263],[16.491629,43.529264]]}},{"type":"Feature","properties":{"vrsta":"DTK trasa"},"geometry":{"type":"LineString","coordinates":[[16.491629,43.529264],[16.491684,43.529263]]}},{"type":"Feature","properties":{"vrsta":"DTK trasa"},"geometry":{"type":"LineString","coordinates":[[16.491684,43.529263],[16.491766,43.529363]]}},{"type":"Feature","properties":{"vrsta":"DTK trasa"},"geometry":{"type":"LineString","coordinates":[[16.491766,43.529363],[16.491832,43.529365]]}},{"type":"Feature","properties":{"vrsta":"DTK trasa"},"geometry":{"type":"LineString","coordinates":[[16.491832,43.529365],[16.491883,43.529366]]}},{"type":"Feature","properties":{"vrsta":"DTK trasa"},"geometry":{"type":"LineString","coordinates":[[16.489219,43.530181],[16.48912,43.530388]]}},{"type":"Feature","properties":{"vrsta":"DTK trasa"},"geometry":{"type":"LineString","coordinates":[[16.488772,43.530054],[16.489127,43.530144]]}},{"type":"Feature","properties":{"vrsta":"DTK trasa"},"geometry":{"type":"LineString","coordinates":[[16.490889,43.526662],[16.490901,43.526674]]}},{"type":"Feature","properties":{"vrsta":"DTK trasa"},"geometry":{"type":"LineString","coordinates":[[16.490901,43.526674],[16.490828,43.526717]]}},{"type":"Feature","properties":{"vrsta":"DTK trasa"},"geometry":{"type":"LineString","coordinates":[[16.490828,43.526717],[16.490639,43.526827]]}},{"type":"Feature","properties":{"vrsta":"DTK trasa"},"geometry":{"type":"LineString","coordinates":[[16.490639,43.526827],[16.490496,43.526876]]}},{"type":"Feature","properties":{"vrsta":"DTK trasa"},"geometry":{"type":"LineString","coordinates":[[16.490496,43.526876],[16.490326,43.526934]]}},{"type":"Feature","properties":{"vrsta":"DTK trasa"},"geometry":{"type":"LineString","coordinates":[[16.490326,43.526934],[16.490305,43.526938]]}},{"type":"Feature","properties":{"vrsta":"DTK trasa"},"geometry":{"type":"LineString","coordinates":[[16.490305,43.526938],[16.490169,43.526941]]}},{"type":"Feature","properties":{"vrsta":"DTK trasa"},"geometry":{"type":"LineString","coordinates":[[16.490169,43.526941],[16.490171,43.526953]]}},{"type":"Feature","properties":{"vrsta":"DTK trasa"},"geometry":{"type":"LineString","coordinates":[[16.490171,43.526953],[16.490166,43.527012]]}},{"type":"Feature","properties":{"vrsta":"DTK trasa"},"geometry":{"type":"LineString","coordinates":[[16.490166,43.527012],[16.490156,43.527064]]}},{"type":"Feature","properties":{"vrsta":"DTK trasa"},"geometry":{"type":"LineString","coordinates":[[16.490156,43.527064],[16.490131,43.527123]]}},{"type":"Feature","properties":{"vrsta":"DTK trasa"},"geometry":{"type":"LineString","coordinates":[[16.490131,43.527123],[16.490106,43.527175]]}},{"type":"Feature","properties":{"vrsta":"DTK trasa"},"geometry":{"type":"LineString","coordinates":[[16.490106,43.527175],[16.490043,43.527254]]}},{"type":"Feature","properties":{"vrsta":"DTK trasa"},"geometry":{"type":"LineString","coordinates":[[16.490043,43.527254],[16.48997,43.527355]]}},{"type":"Feature","properties":{"vrsta":"DTK trasa"},"geometry":{"type":"LineString","coordinates":[[16.48997,43.527355],[16.489897,43.527494]]}},{"type":"Feature","properties":{"vrsta":"DTK trasa"},"geometry":{"type":"LineString","coordinates":[[16.489897,43.527494],[16.48986,43.527629]]}},{"type":"Feature","properties":{"vrsta":"DTK trasa"},"geometry":{"type":"LineString","coordinates":[[16.48986,43.527629],[16.489846,43.527715]]}},{"type":"Feature","properties":{"vrsta":"DTK trasa"},"geometry":{"type":"LineString","coordinates":[[16.489846,43.527715],[16.489848,43.527773]]}},{"type":"Feature","properties":{"vrsta":"DTK trasa"},"geometry":{"type":"LineString","coordinates":[[16.489848,43.527773],[16.489854,43.52784]]}},{"type":"Feature","properties":{"vrsta":"DTK trasa"},"geometry":{"type":"LineString","coordinates":[[16.489854,43.52784],[16.489862,43.527875]]}},{"type":"Feature","properties":{"vrsta":"DTK trasa"},"geometry":{"type":"LineString","coordinates":[[16.489862,43.527875],[16.489891,43.527978]]}},{"type":"Feature","properties":{"vrsta":"DTK trasa"},"geometry":{"type":"LineString","coordinates":[[16.489891,43.527978],[16.489905,43.528029]]}},{"type":"Feature","properties":{"vrsta":"DTK trasa"},"geometry":{"type":"LineString","coordinates":[[16.489905,43.528029],[16.489917,43.528092]]}},{"type":"Feature","properties":{"vrsta":"DTK trasa"},"geometry":{"type":"LineString","coordinates":[[16.489917,43.528092],[16.489919,43.528143]]}},{"type":"Feature","properties":{"vrsta":"DTK trasa"},"geometry":{"type":"LineString","coordinates":[[16.489919,43.528143],[16.489909,43.528207]]}},{"type":"Feature","properties":{"vrsta":"DTK trasa"},"geometry":{"type":"LineString","coordinates":[[16.489909,43.528207],[16.489891,43.528262]]}},{"type":"Feature","properties":{"vrsta":"DTK trasa"},"geometry":{"type":"LineString","coordinates":[[16.489891,43.528262],[16.489844,43.528367]]}},{"type":"Feature","properties":{"vrsta":"DTK trasa"},"geometry":{"type":"LineString","coordinates":[[16.489844,43.528367],[16.489811,43.528424]]}},{"type":"Feature","properties":{"vrsta":"DTK trasa"},"geometry":{"type":"LineString","coordinates":[[16.489811,43.528424],[16.489759,43.528501]]}},{"type":"Feature","properties":{"vrsta":"DTK trasa"},"geometry":{"type":"LineString","coordinates":[[16.489759,43.528501],[16.489726,43.528549]]}},{"type":"Feature","properties":{"vrsta":"DTK trasa"},"geometry":{"type":"LineString","coordinates":[[16.489726,43.528549],[16.489631,43.52869]]}},{"type":"Feature","properties":{"vrsta":"DTK trasa"},"geometry":{"type":"LineString","coordinates":[[16.489631,43.52869],[16.489568,43.528783]]}},{"type":"Feature","properties":{"vrsta":"DTK trasa"},"geometry":{"type":"LineString","coordinates":[[16.489568,43.528783],[16.489454,43.528947]]}},{"type":"Feature","properties":{"vrsta":"DTK trasa"},"geometry":{"type":"LineString","coordinates":[[16.489454,43.528947],[16.489344,43.529107]]}},{"type":"Feature","properties":{"vrsta":"DTK trasa"},"geometry":{"type":"LineString","coordinates":[[16.489344,43.529107],[16.489215,43.529306]]}},{"type":"Feature","properties":{"vrsta":"DTK trasa"},"geometry":{"type":"LineString","coordinates":[[16.489215,43.529306],[16.489064,43.529558]]}},{"type":"Feature","properties":{"vrsta":"DTK trasa"},"geometry":{"type":"LineString","coordinates":[[16.489064,43.529558],[16.489016,43.529639]]}},{"type":"Feature","properties":{"vrsta":"DTK trasa"},"geometry":{"type":"LineString","coordinates":[[16.489016,43.529639],[16.48893,43.529783]]}},{"type":"Feature","properties":{"vrsta":"DTK trasa"},"geometry":{"type":"LineString","coordinates":[[16.48893,43.529783],[16.488862,43.5299]]}},{"type":"Feature","properties":{"vrsta":"DTK trasa"},"geometry":{"type":"LineString","coordinates":[[16.488862,43.5299],[16.488772,43.530054]]}},{"type":"Feature","properties":{"vrsta":"DTK trasa"},"geometry":{"type":"LineString","coordinates":[[16.486975858925536,43.523735687235884],[16.487101,43.523832]]}},{"type":"Feature","properties":{"vrsta":"DTK trasa"},"geometry":{"type":"LineString","coordinates":[[16.487101,43.523832],[16.487327,43.524005]]}},{"type":"Feature","properties":{"vrsta":"DTK trasa"},"geometry":{"type":"LineString","coordinates":[[16.487327,43.524005],[16.487551,43.524178]]}},{"type":"Feature","properties":{"vrsta":"DTK trasa"},"geometry":{"type":"LineString","coordinates":[[16.487551,43.524178],[16.487765,43.52434]]}},{"type":"Feature","properties":{"vrsta":"DTK trasa"},"geometry":{"type":"LineString","coordinates":[[16.487765,43.52434],[16.487975,43.524499]]}},{"type":"Feature","properties":{"vrsta":"DTK trasa"},"geometry":{"type":"LineString","coordinates":[[16.487975,43.524499],[16.488484,43.524887]]}},{"type":"Feature","properties":{"vrsta":"DTK trasa"},"geometry":{"type":"LineString","coordinates":[[16.488484,43.524887],[16.488938,43.525237]]}},{"type":"Feature","properties":{"vrsta":"DTK trasa"},"geometry":{"type":"LineString","coordinates":[[16.488938,43.525237],[16.489258,43.525485]]}},{"type":"Feature","properties":{"vrsta":"DTK trasa"},"geometry":{"type":"LineString","coordinates":[[16.489258,43.525485],[16.489391,43.525595]]}},{"type":"Feature","properties":{"vrsta":"DTK trasa"},"geometry":{"type":"LineString","coordinates":[[16.489391,43.525595],[16.489492,43.525684]]}},{"type":"Feature","properties":{"vrsta":"DTK trasa"},"geometry":{"type":"LineString","coordinates":[[16.489492,43.525684],[16.48966,43.525851]]}},{"type":"Feature","properties":{"vrsta":"DTK trasa"},"geometry":{"type":"LineString","coordinates":[[16.48966,43.525851],[16.489771,43.525988]]}},{"type":"Feature","properties":{"vrsta":"DTK trasa"},"geometry":{"type":"LineString","coordinates":[[16.489771,43.525988],[16.489851,43.526097]]}},{"type":"Feature","properties":{"vrsta":"DTK trasa"},"geometry":{"type":"LineString","coordinates":[[16.489851,43.526097],[16.489936,43.526237]]}},{"type":"Feature","properties":{"vrsta":"DTK trasa"},"geometry":{"type":"LineString","coordinates":[[16.489936,43.526237],[16.490029,43.52642]]}},{"type":"Feature","properties":{"vrsta":"DTK trasa"},"geometry":{"type":"LineString","coordinates":[[16.490029,43.52642],[16.490071,43.526517]]}},{"type":"Feature","properties":{"vrsta":"DTK trasa"},"geometry":{"type":"LineString","coordinates":[[16.490071,43.526517],[16.490111,43.526638]]}},{"type":"Feature","properties":{"vrsta":"DTK trasa"},"geometry":{"type":"LineString","coordinates":[[16.490111,43.526638],[16.490133,43.526716]]}},{"type":"Feature","properties":{"vrsta":"DTK trasa"},"geometry":{"type":"LineString","coordinates":[[16.490133,43.526716],[16.490156,43.526816]]}},{"type":"Feature","properties":{"vrsta":"DTK trasa"},"geometry":{"type":"LineString","coordinates":[[16.490156,43.526816],[16.490169,43.526902]]}},{"type":"Feature","properties":{"vrsta":"DTK trasa"},"geometry":{"type":"LineString","coordinates":[[16.490169,43.526902],[16.490169,43.526941]]}},{"type":"Feature","properties":{"vrsta":"DTK trasa"},"geometry":{"type":"LineString","coordinates":[[16.493682,43.526065],[16.493717,43.525994]]}},{"type":"Feature","properties":{"vrsta":"DTK trasa"},"geometry":{"type":"LineString","coordinates":[[16.493717,43.525994],[16.493739,43.525952]]}},{"type":"Feature","properties":{"vrsta":"DTK trasa"},"geometry":{"type":"LineString","coordinates":[[16.493739,43.525952],[16.493793,43.525844]]}},{"type":"Feature","properties":{"vrsta":"DTK trasa"},"geometry":{"type":"LineString","coordinates":[[16.493793,43.525844],[16.493797,43.52583]]}},{"type":"Feature","properties":{"vrsta":"DTK trasa"},"geometry":{"type":"LineString","coordinates":[[16.493797,43.52583],[16.493941,43.525896]]}},{"type":"Feature","properties":{"vrsta":"DTK trasa"},"geometry":{"type":"LineString","coordinates":[[16.493941,43.525896],[16.494124,43.52598]]}},{"type":"Feature","properties":{"vrsta":"DTK trasa"},"geometry":{"type":"LineString","coordinates":[[16.494124,43.52598],[16.494171,43.526]]}},{"type":"Feature","properties":{"vrsta":"DTK trasa"},"geometry":{"type":"LineString","coordinates":[[16.494171,43.526],[16.494535,43.526154]]}},{"type":"Feature","properties":{"vrsta":"DTK trasa"},"geometry":{"type":"LineString","coordinates":[[16.494535,43.526154],[16.494635,43.526207]]}},{"type":"Feature","properties":{"vrsta":"DTK trasa"},"geometry":{"type":"LineString","coordinates":[[16.494635,43.526207],[16.494851,43.526239]]}},{"type":"Feature","properties":{"vrsta":"DTK trasa"},"geometry":{"type":"LineString","coordinates":[[16.494851,43.526239],[16.495132,43.526309]]}},{"type":"Feature","properties":{"vrsta":"DTK trasa"},"geometry":{"type":"LineString","coordinates":[[16.495132,43.526309],[16.495306,43.526356]]}},{"type":"Feature","properties":{"vrsta":"DTK trasa"},"geometry":{"type":"LineString","coordinates":[[16.495306,43.526356],[16.495282,43.526448]]}},{"type":"Feature","properties":{"vrsta":"DTK trasa"},"geometry":{"type":"LineString","coordinates":[[16.493716,43.525994],[16.493717,43.525994]]}},{"type":"Feature","properties":{"vrsta":"DTK trasa"},"geometry":{"type":"LineString","coordinates":[[16.493717,43.525994],[16.493722,43.525995]]}},{"type":"Feature","properties":{"vrsta":"DTK trasa"},"geometry":{"type":"LineString","coordinates":[[16.493157,43.526538],[16.493263,43.526442]]}},{"type":"Feature","properties":{"vrsta":"DTK trasa"},"geometry":{"type":"LineString","coordinates":[[16.493263,43.526442],[16.493331,43.526313]]}},{"type":"Feature","properties":{"vrsta":"DTK trasa"},"geometry":{"type":"LineString","coordinates":[[16.493331,43.526313],[16.49344,43.526137]]}},{"type":"Feature","properties":{"vrsta":"DTK trasa"},"geometry":{"type":"LineString","coordinates":[[16.49344,43.526137],[16.493471,43.526054]]}},{"type":"Feature","properties":{"vrsta":"DTK trasa"},"geometry":{"type":"LineString","coordinates":[[16.493471,43.526054],[16.493539,43.525924]]}},{"type":"Feature","properties":{"vrsta":"DTK trasa"},"geometry":{"type":"LineString","coordinates":[[16.493539,43.525924],[16.493588,43.525831]]}},{"type":"Feature","properties":{"vrsta":"DTK trasa"},"geometry":{"type":"LineString","coordinates":[[16.493588,43.525831],[16.493645,43.525779]]}},{"type":"Feature","properties":{"vrsta":"DTK trasa"},"geometry":{"type":"LineString","coordinates":[[16.493645,43.525779],[16.493707,43.525789]]}},{"type":"Feature","properties":{"vrsta":"DTK trasa"},"geometry":{"type":"LineString","coordinates":[[16.493707,43.525789],[16.493797,43.52583]]}},{"type":"Feature","properties":{"vrsta":"DTK trasa"},"geometry":{"type":"LineString","coordinates":[[16.493272,43.526444],[16.493263,43.526442]]}},{"type":"Feature","properties":{"vrsta":"DTK trasa"},"geometry":{"type":"LineString","coordinates":[[16.493263,43.526442],[16.493202,43.526442]]}},{"type":"Feature","properties":{"vrsta":"DTK trasa"},"geometry":{"type":"LineString","coordinates":[[16.493046,43.525536],[16.493045,43.525501]]}},{"type":"Feature","properties":{"vrsta":"DTK trasa"},"geometry":{"type":"LineString","coordinates":[[16.493045,43.525501],[16.493087,43.525498]]}},{"type":"Feature","properties":{"vrsta":"DTK trasa"},"geometry":{"type":"LineString","coordinates":[[16.493087,43.525498],[16.493196,43.525504]]}},{"type":"Feature","properties":{"vrsta":"DTK trasa"},"geometry":{"type":"LineString","coordinates":[[16.493196,43.525504],[16.493273,43.525516]]}},{"type":"Feature","properties":{"vrsta":"DTK trasa"},"geometry":{"type":"LineString","coordinates":[[16.493273,43.525516],[16.493318,43.525537]]}},{"type":"Feature","properties":{"vrsta":"DTK trasa"},"geometry":{"type":"LineString","coordinates":[[16.493318,43.525537],[16.493531,43.525669]]}},{"type":"Feature","properties":{"vrsta":"DTK trasa"},"geometry":{"type":"LineString","coordinates":[[16.493531,43.525669],[16.49368,43.525773]]}},{"type":"Feature","properties":{"vrsta":"DTK trasa"},"geometry":{"type":"LineString","coordinates":[[16.49368,43.525773],[16.493707,43.525789]]}},{"type":"Feature","properties":{"vrsta":"DTK trasa"},"geometry":{"type":"LineString","coordinates":[[16.492654,43.525772],[16.492559,43.525534]]}},{"type":"Feature","properties":{"vrsta":"DTK trasa"},"geometry":{"type":"LineString","coordinates":[[16.492559,43.525534],[16.4926,43.525521]]}},{"type":"Feature","properties":{"vrsta":"DTK trasa"},"geometry":{"type":"LineString","coordinates":[[16.4926,43.525521],[16.492752,43.525515]]}},{"type":"Feature","properties":{"vrsta":"DTK trasa"},"geometry":{"type":"LineString","coordinates":[[16.492752,43.525515],[16.493045,43.525501]]}},{"type":"Feature","properties":{"vrsta":"DTK trasa"},"geometry":{"type":"LineString","coordinates":[[16.492188,43.525521],[16.492225,43.525528]]}},{"type":"Feature","properties":{"vrsta":"DTK trasa"},"geometry":{"type":"LineString","coordinates":[[16.492225,43.525528],[16.492226,43.525505]]}},{"type":"Feature","properties":{"vrsta":"DTK trasa"},"geometry":{"type":"LineString","coordinates":[[16.492226,43.525505],[16.492437,43.525521]]}},{"type":"Feature","properties":{"vrsta":"DTK trasa"},"geometry":{"type":"LineString","coordinates":[[16.492437,43.525521],[16.4926,43.525521]]}},{"type":"Feature","properties":{"vrsta":"DTK trasa"},"geometry":{"type":"LineString","coordinates":[[16.49129,43.525619],[16.491362,43.52551]]}},{"type":"Feature","properties":{"vrsta":"DTK trasa"},"geometry":{"type":"LineString","coordinates":[[16.491362,43.52551],[16.49137,43.525456]]}},{"type":"Feature","properties":{"vrsta":"DTK trasa"},"geometry":{"type":"LineString","coordinates":[[16.49137,43.525456],[16.491439,43.525425]]}},{"type":"Feature","properties":{"vrsta":"DTK trasa"},"geometry":{"type":"LineString","coordinates":[[16.491439,43.525425],[16.491568,43.525429]]}},{"type":"Feature","properties":{"vrsta":"DTK trasa"},"geometry":{"type":"LineString","coordinates":[[16.491568,43.525429],[16.491841,43.525463]]}},{"type":"Feature","properties":{"vrsta":"DTK trasa"},"geometry":{"type":"LineString","coordinates":[[16.491841,43.525463],[16.491929,43.525473]]}},{"type":"Feature","properties":{"vrsta":"DTK trasa"},"geometry":{"type":"LineString","coordinates":[[16.491929,43.525473],[16.492141,43.525498]]}},{"type":"Feature","properties":{"vrsta":"DTK trasa"},"geometry":{"type":"LineString","coordinates":[[16.492141,43.525498],[16.492226,43.525505]]}},{"type":"Feature","properties":{"vrsta":"DTK trasa"},"geometry":{"type":"LineString","coordinates":[[16.491076,43.525082],[16.491,43.525126]]}},{"type":"Feature","properties":{"vrsta":"DTK trasa"},"geometry":{"type":"LineString","coordinates":[[16.491,43.525126],[16.491096,43.525195]]}},{"type":"Feature","properties":{"vrsta":"DTK trasa"},"geometry":{"type":"LineString","coordinates":[[16.491096,43.525195],[16.49122,43.525287]]}},{"type":"Feature","properties":{"vrsta":"DTK trasa"},"geometry":{"type":"LineString","coordinates":[[16.49122,43.525287],[16.491314,43.525368]]}},{"type":"Feature","properties":{"vrsta":"DTK trasa"},"geometry":{"type":"LineString","coordinates":[[16.491314,43.525368],[16.491346,43.525393]]}},{"type":"Feature","properties":{"vrsta":"DTK trasa"},"geometry":{"type":"LineString","coordinates":[[16.491346,43.525393],[16.491393,43.525414]]}},{"type":"Feature","properties":{"vrsta":"DTK trasa"},"geometry":{"type":"LineString","coordinates":[[16.491393,43.525414],[16.491439,43.525425]]}},{"type":"Feature","properties":{"vrsta":"DTK trasa"},"geometry":{"type":"LineString","coordinates":[[16.493362,43.524674],[16.493342,43.524653]]}},{"type":"Feature","properties":{"vrsta":"DTK trasa"},"geometry":{"type":"LineString","coordinates":[[16.493342,43.524653],[16.493285,43.524649]]}},{"type":"Feature","properties":{"vrsta":"DTK trasa"},"geometry":{"type":"LineString","coordinates":[[16.493285,43.524649],[16.493277,43.524649]]}},{"type":"Feature","properties":{"vrsta":"DTK trasa"},"geometry":{"type":"LineString","coordinates":[[16.493277,43.524649],[16.493028,43.524637]]}},{"type":"Feature","properties":{"vrsta":"DTK trasa"},"geometry":{"type":"LineString","coordinates":[[16.493028,43.524637],[16.492835,43.52464]]}},{"type":"Feature","properties":{"vrsta":"DTK trasa"},"geometry":{"type":"LineString","coordinates":[[16.492773,43.524641],[16.492684,43.52465]]}},{"type":"Feature","properties":{"vrsta":"DTK trasa"},"geometry":{"type":"LineString","coordinates":[[16.492684,43.52465],[16.492589,43.524665]]}},{"type":"Feature","properties":{"vrsta":"DTK trasa"},"geometry":{"type":"LineString","coordinates":[[16.492589,43.524665],[16.492564,43.524672]]}},{"type":"Feature","properties":{"vrsta":"DTK trasa"},"geometry":{"type":"LineString","coordinates":[[16.492564,43.524672],[16.492459,43.524701]]}},{"type":"Feature","properties":{"vrsta":"DTK trasa"},"geometry":{"type":"LineString","coordinates":[[16.492459,43.524701],[16.492046,43.524783]]}},{"type":"Feature","properties":{"vrsta":"DTK trasa"},"geometry":{"type":"LineString","coordinates":[[16.492046,43.524783],[16.491946,43.524797]]}},{"type":"Feature","properties":{"vrsta":"DTK trasa"},"geometry":{"type":"LineString","coordinates":[[16.491946,43.524797],[16.491849,43.524812]]}},{"type":"Feature","properties":{"vrsta":"DTK trasa"},"geometry":{"type":"LineString","coordinates":[[16.491849,43.524812],[16.491819,43.524829]]}},{"type":"Feature","properties":{"vrsta":"DTK trasa"},"geometry":{"type":"LineString","coordinates":[[16.491819,43.524829],[16.491796,43.524871]]}},{"type":"Feature","properties":{"vrsta":"DTK trasa"},"geometry":{"type":"LineString","coordinates":[[16.491796,43.524871],[16.491761,43.524914]]}},{"type":"Feature","properties":{"vrsta":"DTK trasa"},"geometry":{"type":"LineString","coordinates":[[16.491761,43.524914],[16.491721,43.524915]]}},{"type":"Feature","properties":{"vrsta":"DTK trasa"},"geometry":{"type":"LineString","coordinates":[[16.491721,43.524915],[16.491537,43.524912]]}},{"type":"Feature","properties":{"vrsta":"DTK trasa"},"geometry":{"type":"LineString","coordinates":[[16.491537,43.524912],[16.491231,43.524886]]}},{"type":"Feature","properties":{"vrsta":"DTK trasa"},"geometry":{"type":"LineString","coordinates":[[16.491231,43.524886],[16.490932,43.524832]]}},{"type":"Feature","properties":{"vrsta":"DTK trasa"},"geometry":{"type":"LineString","coordinates":[[16.490932,43.524832],[16.490696,43.524788]]}},{"type":"Feature","properties":{"vrsta":"DTK trasa"},"geometry":{"type":"LineString","coordinates":[[16.490696,43.524788],[16.490587,43.524763]]}},{"type":"Feature","properties":{"vrsta":"DTK trasa"},"geometry":{"type":"LineString","coordinates":[[16.490587,43.524763],[16.490529,43.524788]]}},{"type":"Feature","properties":{"vrsta":"DTK trasa"},"geometry":{"type":"LineString","coordinates":[[16.490529,43.524788],[16.490562,43.524816]]}},{"type":"Feature","properties":{"vrsta":"DTK trasa"},"geometry":{"type":"LineString","coordinates":[[16.490562,43.524816],[16.490707,43.524919]]}},{"type":"Feature","properties":{"vrsta":"DTK trasa"},"geometry":{"type":"LineString","coordinates":[[16.490707,43.524919],[16.490835,43.52501]]}},{"type":"Feature","properties":{"vrsta":"DTK trasa"},"geometry":{"type":"LineString","coordinates":[[16.490835,43.52501],[16.490944,43.525085]]}},{"type":"Feature","properties":{"vrsta":"DTK trasa"},"geometry":{"type":"LineString","coordinates":[[16.490944,43.525085],[16.491,43.525126]]}},{"type":"Feature","properties":{"vrsta":"DTK trasa"},"geometry":{"type":"LineString","coordinates":[[16.493342,43.524653],[16.49348,43.524647]]}},{"type":"Feature","properties":{"vrsta":"DTK trasa"},"geometry":{"type":"LineString","coordinates":[[16.49348,43.524647],[16.493514,43.524659]]}},{"type":"Feature","properties":{"vrsta":"DTK trasa"},"geometry":{"type":"LineString","coordinates":[[16.492622,43.524681],[16.492589,43.524665]]}},{"type":"Feature","properties":{"vrsta":"DTK trasa"},"geometry":{"type":"LineString","coordinates":[[16.492589,43.524665],[16.492585,43.524631]]}},{"type":"Feature","properties":{"vrsta":"DTK trasa"},"geometry":{"type":"LineString","coordinates":[[16.490377,43.524575],[16.490243,43.524538]]}},{"type":"Feature","properties":{"vrsta":"DTK trasa"},"geometry":{"type":"LineString","coordinates":[[16.490243,43.524538],[16.490114,43.524493]]}},{"type":"Feature","properties":{"vrsta":"DTK trasa"},"geometry":{"type":"LineString","coordinates":[[16.490114,43.524493],[16.490109,43.524495]]}},{"type":"Feature","properties":{"vrsta":"DTK trasa"},"geometry":{"type":"LineString","coordinates":[[16.490109,43.524495],[16.490369,43.524682]]}},{"type":"Feature","properties":{"vrsta":"DTK trasa"},"geometry":{"type":"LineString","coordinates":[[16.490369,43.524682],[16.490493,43.52476]]}},{"type":"Feature","properties":{"vrsta":"DTK trasa"},"geometry":{"type":"LineString","coordinates":[[16.490493,43.52476],[16.490529,43.524788]]}},{"type":"Feature","properties":{"vrsta":"DTK trasa"},"geometry":{"type":"LineString","coordinates":[[16.489632,43.524535],[16.489675,43.52452]]}},{"type":"Feature","properties":{"vrsta":"DTK trasa"},"geometry":{"type":"LineString","coordinates":[[16.489675,43.52452],[16.489728,43.524497]]}},{"type":"Feature","properties":{"vrsta":"DTK trasa"},"geometry":{"type":"LineString","coordinates":[[16.489728,43.524497],[16.489833,43.524434]]}},{"type":"Feature","properties":{"vrsta":"DTK trasa"},"geometry":{"type":"LineString","coordinates":[[16.489833,43.524434],[16.489932,43.52437]]}},{"type":"Feature","properties":{"vrsta":"DTK trasa"},"geometry":{"type":"LineString","coordinates":[[16.489932,43.52437],[16.489968,43.524396]]}},{"type":"Feature","properties":{"vrsta":"DTK trasa"},"geometry":{"type":"LineString","coordinates":[[16.489968,43.524396],[16.490109,43.524495]]}},{"type":"Feature","properties":{"vrsta":"DTK trasa"},"geometry":{"type":"LineString","coordinates":[[16.489567,43.524162],[16.489555,43.524138]]}},{"type":"Feature","properties":{"vrsta":"DTK trasa"},"geometry":{"type":"LineString","coordinates":[[16.489555,43.524138],[16.489522,43.52411]]}},{"type":"Feature","properties":{"vrsta":"DTK trasa"},"geometry":{"type":"LineString","coordinates":[[16.489522,43.52411],[16.489596,43.524131]]}},{"type":"Feature","properties":{"vrsta":"DTK trasa"},"geometry":{"type":"LineString","coordinates":[[16.489596,43.524131],[16.489761,43.524256]]}},{"type":"Feature","properties":{"vrsta":"DTK trasa"},"geometry":{"type":"LineString","coordinates":[[16.489761,43.524256],[16.489932,43.52437]]}},{"type":"Feature","properties":{"vrsta":"DTK trasa"},"geometry":{"type":"LineString","coordinates":[[16.489932,43.52437],[16.489997,43.524378]]}},{"type":"Feature","properties":{"vrsta":"DTK trasa"},"geometry":{"type":"LineString","coordinates":[[16.489422,43.523968],[16.489441,43.524019]]}},{"type":"Feature","properties":{"vrsta":"DTK trasa"},"geometry":{"type":"LineString","coordinates":[[16.489441,43.524019],[16.489522,43.52411]]}},{"type":"Feature","properties":{"vrsta":"DTK trasa"},"geometry":{"type":"LineString","coordinates":[[16.489522,43.52411],[16.489418,43.524112]]}},{"type":"Feature","properties":{"vrsta":"DTK trasa"},"geometry":{"type":"LineString","coordinates":[[16.490388,43.523093],[16.49041,43.523177]]}},{"type":"Feature","properties":{"vrsta":"DTK trasa"},"geometry":{"type":"LineString","coordinates":[[16.49041,43.523177],[16.490453,43.523332]]}},{"type":"Feature","properties":{"vrsta":"DTK trasa"},"geometry":{"type":"LineString","coordinates":[[16.490453,43.523332],[16.490475,43.523443]]}},{"type":"Feature","properties":{"vrsta":"DTK trasa"},"geometry":{"type":"LineString","coordinates":[[16.490475,43.523443],[16.490489,43.523513]]}},{"type":"Feature","properties":{"vrsta":"DTK trasa"},"geometry":{"type":"LineString","coordinates":[[16.490489,43.523513],[16.490519,43.523612]]}},{"type":"Feature","properties":{"vrsta":"DTK trasa"},"geometry":{"type":"LineString","coordinates":[[16.490519,43.523612],[16.490331,43.523649]]}},{"type":"Feature","properties":{"vrsta":"DTK trasa"},"geometry":{"type":"LineString","coordinates":[[16.490331,43.523649],[16.490211,43.523696]]}},{"type":"Feature","properties":{"vrsta":"DTK trasa"},"geometry":{"type":"LineString","coordinates":[[16.490008,43.523844],[16.489943,43.523905]]}},{"type":"Feature","properties":{"vrsta":"DTK trasa"},"geometry":{"type":"LineString","coordinates":[[16.489943,43.523905],[16.489587,43.52408]]}},{"type":"Feature","properties":{"vrsta":"DTK trasa"},"geometry":{"type":"LineString","coordinates":[[16.489587,43.52408],[16.489522,43.52411]]}},{"type":"Feature","properties":{"vrsta":"DTK trasa"},"geometry":{"type":"LineString","coordinates":[[16.490544,43.523392],[16.490538,43.52343]]}},{"type":"Feature","properties":{"vrsta":"DTK trasa"},"geometry":{"type":"LineString","coordinates":[[16.490538,43.52343],[16.490628,43.523427]]}},{"type":"Feature","properties":{"vrsta":"DTK trasa"},"geometry":{"type":"LineString","coordinates":[[16.490628,43.523427],[16.490683,43.523488]]}},{"type":"Feature","properties":{"vrsta":"DTK trasa"},"geometry":{"type":"LineString","coordinates":[[16.490508,43.523449],[16.490475,43.523443]]}},{"type":"Feature","properties":{"vrsta":"DTK trasa"},"geometry":{"type":"LineString","coordinates":[[16.490475,43.523443],[16.490538,43.52343]]}},{"type":"Feature","properties":{"vrsta":"DTK trasa"},"geometry":{"type":"LineString","coordinates":[[16.491133,43.523524],[16.491018,43.523542]]}},{"type":"Feature","properties":{"vrsta":"DTK trasa"},"geometry":{"type":"LineString","coordinates":[[16.491018,43.523542],[16.49076,43.523574]]}},{"type":"Feature","properties":{"vrsta":"DTK trasa"},"geometry":{"type":"LineString","coordinates":[[16.49076,43.523574],[16.490559,43.523601]]}},{"type":"Feature","properties":{"vrsta":"DTK trasa"},"geometry":{"type":"LineString","coordinates":[[16.490559,43.523601],[16.490519,43.523612]]}},{"type":"Feature","properties":{"vrsta":"DTK trasa"},"geometry":{"type":"LineString","coordinates":[[16.491872,43.523022],[16.491831,43.523041]]}},{"type":"Feature","properties":{"vrsta":"DTK trasa"},"geometry":{"type":"LineString","coordinates":[[16.491819,43.523077],[16.491805,43.52312]]}},{"type":"Feature","properties":{"vrsta":"DTK trasa"},"geometry":{"type":"LineString","coordinates":[[16.491805,43.52312],[16.491809,43.523128]]}},{"type":"Feature","properties":{"vrsta":"DTK trasa"},"geometry":{"type":"LineString","coordinates":[[16.491809,43.523128],[16.491794,43.523139]]}},{"type":"Feature","properties":{"vrsta":"DTK trasa"},"geometry":{"type":"LineString","coordinates":[[16.491794,43.523139],[16.491714,43.52318]]}},{"type":"Feature","properties":{"vrsta":"DTK trasa"},"geometry":{"type":"LineString","coordinates":[[16.491714,43.52318],[16.491635,43.523232]]}},{"type":"Feature","properties":{"vrsta":"DTK trasa"},"geometry":{"type":"LineString","coordinates":[[16.491635,43.523232],[16.491631,43.523275]]}},{"type":"Feature","properties":{"vrsta":"DTK trasa"},"geometry":{"type":"LineString","coordinates":[[16.491631,43.523275],[16.491649,43.523301]]}},{"type":"Feature","properties":{"vrsta":"DTK trasa"},"geometry":{"type":"LineString","coordinates":[[16.491649,43.523301],[16.491664,43.523305]]}},{"type":"Feature","properties":{"vrsta":"DTK trasa"},"geometry":{"type":"LineString","coordinates":[[16.491664,43.523305],[16.491707,43.523306]]}},{"type":"Feature","properties":{"vrsta":"DTK trasa"},"geometry":{"type":"LineString","coordinates":[[16.491707,43.523306],[16.49181,43.523276]]}},{"type":"Feature","properties":{"vrsta":"DTK trasa"},"geometry":{"type":"LineString","coordinates":[[16.49181,43.523276],[16.491865,43.523267]]}},{"type":"Feature","properties":{"vrsta":"DTK trasa"},"geometry":{"type":"LineString","coordinates":[[16.491865,43.523267],[16.491905,43.523316]]}},{"type":"Feature","properties":{"vrsta":"DTK trasa"},"geometry":{"type":"LineString","coordinates":[[16.491905,43.523316],[16.491807,43.523365]]}},{"type":"Feature","properties":{"vrsta":"DTK trasa"},"geometry":{"type":"LineString","coordinates":[[16.491807,43.523365],[16.491616,43.523427]]}},{"type":"Feature","properties":{"vrsta":"DTK trasa"},"geometry":{"type":"LineString","coordinates":[[16.491616,43.523427],[16.491359,43.5235]]}},{"type":"Feature","properties":{"vrsta":"DTK trasa"},"geometry":{"type":"LineString","coordinates":[[16.491359,43.5235],[16.491225,43.523514]]}},{"type":"Feature","properties":{"vrsta":"DTK trasa"},"geometry":{"type":"LineString","coordinates":[[16.491225,43.523514],[16.491133,43.523524]]}},{"type":"Feature","properties":{"vrsta":"DTK trasa"},"geometry":{"type":"LineString","coordinates":[[16.491133,43.523524],[16.491128,43.523489]]}},{"type":"Feature","properties":{"vrsta":"DTK trasa"},"geometry":{"type":"LineString","coordinates":[[16.491128,43.523489],[16.491115,43.523455]]}},{"type":"Feature","properties":{"vrsta":"DTK trasa"},"geometry":{"type":"LineString","coordinates":[[16.491115,43.523455],[16.491086,43.523379]]}},{"type":"Feature","properties":{"vrsta":"DTK trasa"},"geometry":{"type":"LineString","coordinates":[[16.491086,43.523379],[16.490966,43.523198]]}},{"type":"Feature","properties":{"vrsta":"DTK trasa"},"geometry":{"type":"LineString","coordinates":[[16.490966,43.523198],[16.490951,43.523163]]}},{"type":"Feature","properties":{"vrsta":"DTK trasa"},"geometry":{"type":"LineString","coordinates":[[16.490951,43.523163],[16.490991,43.523139]]}},{"type":"Feature","properties":{"vrsta":"DTK trasa"},"geometry":{"type":"LineString","coordinates":[[16.490991,43.523139],[16.491274,43.523043]]}},{"type":"Feature","properties":{"vrsta":"DTK trasa"},"geometry":{"type":"LineString","coordinates":[[16.491274,43.523043],[16.491499,43.522968]]}},{"type":"Feature","properties":{"vrsta":"DTK trasa"},"geometry":{"type":"LineString","coordinates":[[16.491499,43.522968],[16.491512,43.522963]]}},{"type":"Feature","properties":{"vrsta":"DTK trasa"},"geometry":{"type":"LineString","coordinates":[[16.491512,43.522963],[16.491515,43.522927]]}},{"type":"Feature","properties":{"vrsta":"DTK trasa"},"geometry":{"type":"LineString","coordinates":[[16.491515,43.522927],[16.491518,43.522895]]}},{"type":"Feature","properties":{"vrsta":"DTK trasa"},"geometry":{"type":"LineString","coordinates":[[16.491819,43.523077],[16.491826,43.523078]]}},{"type":"Feature","properties":{"vrsta":"DTK trasa"},"geometry":{"type":"LineString","coordinates":[[16.491826,43.523078],[16.491884,43.523077]]}},{"type":"Feature","properties":{"vrsta":"DTK trasa"},"geometry":{"type":"LineString","coordinates":[[16.493227,43.521999],[16.49332,43.522135]]}},{"type":"Feature","properties":{"vrsta":"DTK trasa"},"geometry":{"type":"LineString","coordinates":[[16.49332,43.522135],[16.493389,43.522301]]}},{"type":"Feature","properties":{"vrsta":"DTK trasa"},"geometry":{"type":"LineString","coordinates":[[16.493389,43.522301],[16.493444,43.52248]]}},{"type":"Feature","properties":{"vrsta":"DTK trasa"},"geometry":{"type":"LineString","coordinates":[[16.493444,43.52248],[16.493389,43.522515]]}},{"type":"Feature","properties":{"vrsta":"DTK trasa"},"geometry":{"type":"LineString","coordinates":[[16.493389,43.522515],[16.49333,43.522599]]}},{"type":"Feature","properties":{"vrsta":"DTK trasa"},"geometry":{"type":"LineString","coordinates":[[16.49333,43.522599],[16.493298,43.522686]]}},{"type":"Feature","properties":{"vrsta":"DTK trasa"},"geometry":{"type":"LineString","coordinates":[[16.493298,43.522686],[16.493287,43.522765]]}},{"type":"Feature","properties":{"vrsta":"DTK trasa"},"geometry":{"type":"LineString","coordinates":[[16.493287,43.522765],[16.493282,43.522818]]}},{"type":"Feature","properties":{"vrsta":"DTK trasa"},"geometry":{"type":"LineString","coordinates":[[16.493282,43.522818],[16.493278,43.522842]]}},{"type":"Feature","properties":{"vrsta":"DTK trasa"},"geometry":{"type":"LineString","coordinates":[[16.493278,43.522842],[16.493135,43.522882]]}},{"type":"Feature","properties":{"vrsta":"DTK trasa"},"geometry":{"type":"LineString","coordinates":[[16.493135,43.522882],[16.49284,43.522993]]}},{"type":"Feature","properties":{"vrsta":"DTK trasa"},"geometry":{"type":"LineString","coordinates":[[16.49284,43.522993],[16.492552,43.523104]]}},{"type":"Feature","properties":{"vrsta":"DTK trasa"},"geometry":{"type":"LineString","coordinates":[[16.492552,43.523104],[16.492279,43.523188]]}},{"type":"Feature","properties":{"vrsta":"DTK trasa"},"geometry":{"type":"LineString","coordinates":[[16.492279,43.523188],[16.492058,43.523258]]}},{"type":"Feature","properties":{"vrsta":"DTK trasa"},"geometry":{"type":"LineString","coordinates":[[16.492058,43.523258],[16.491905,43.523316]]}},{"type":"Feature","properties":{"vrsta":"DTK trasa"},"geometry":{"type":"LineString","coordinates":[[16.493305,43.52293],[16.493278,43.522842]]}},{"type":"Feature","properties":{"vrsta":"DTK trasa"},"geometry":{"type":"LineString","coordinates":[[16.493278,43.522842],[16.493291,43.522848]]}},{"type":"Feature","properties":{"vrsta":"DTK trasa"},"geometry":{"type":"LineString","coordinates":[[16.493291,43.522848],[16.493396,43.522822]]}},{"type":"Feature","properties":{"vrsta":"DTK trasa"},"geometry":{"type":"LineString","coordinates":[[16.493789,43.522766],[16.49376,43.522707]]}},{"type":"Feature","properties":{"vrsta":"DTK trasa"},"geometry":{"type":"LineString","coordinates":[[16.49376,43.522707],[16.493338,43.522824]]}},{"type":"Feature","properties":{"vrsta":"DTK trasa"},"geometry":{"type":"LineString","coordinates":[[16.493338,43.522824],[16.493278,43.522842]]}},{"type":"Feature","properties":{"vrsta":"DTK trasa"},"geometry":{"type":"LineString","coordinates":[[16.493832,43.522758],[16.4938,43.522696]]}},{"type":"Feature","properties":{"vrsta":"DTK trasa"},"geometry":{"type":"LineString","coordinates":[[16.4938,43.522696],[16.49376,43.522707]]}},{"type":"Feature","properties":{"vrsta":"DTK trasa"},"geometry":{"type":"LineString","coordinates":[[16.494111,43.52265],[16.494113,43.522642]]}},{"type":"Feature","properties":{"vrsta":"DTK trasa"},"geometry":{"type":"LineString","coordinates":[[16.494113,43.522642],[16.493954,43.522666]]}},{"type":"Feature","properties":{"vrsta":"DTK trasa"},"geometry":{"type":"LineString","coordinates":[[16.493954,43.522666],[16.49388,43.522674]]}},{"type":"Feature","properties":{"vrsta":"DTK trasa"},"geometry":{"type":"LineString","coordinates":[[16.49388,43.522674],[16.4938,43.522696]]}},{"type":"Feature","properties":{"vrsta":"DTK trasa"},"geometry":{"type":"LineString","coordinates":[[16.494072,43.522597],[16.494113,43.522642]]}},{"type":"Feature","properties":{"vrsta":"DTK trasa"},"geometry":{"type":"LineString","coordinates":[[16.494113,43.522642],[16.494277,43.522619]]}},{"type":"Feature","properties":{"vrsta":"DTK trasa"},"geometry":{"type":"LineString","coordinates":[[16.494277,43.522619],[16.49428,43.522692]]}},{"type":"Feature","properties":{"vrsta":"DTK trasa"},"geometry":{"type":"LineString","coordinates":[[16.49428,43.522692],[16.494339,43.522685]]}},{"type":"Feature","properties":{"vrsta":"DTK trasa"},"geometry":{"type":"LineString","coordinates":[[16.495652,43.52261],[16.495613,43.522626]]}},{"type":"Feature","properties":{"vrsta":"DTK trasa"},"geometry":{"type":"LineString","coordinates":[[16.495613,43.522626],[16.495482,43.522585]]}},{"type":"Feature","properties":{"vrsta":"DTK trasa"},"geometry":{"type":"LineString","coordinates":[[16.495482,43.522585],[16.495244,43.522567]]}},{"type":"Feature","properties":{"vrsta":"DTK trasa"},"geometry":{"type":"LineString","coordinates":[[16.495244,43.522567],[16.494956,43.522558]]}},{"type":"Feature","properties":{"vrsta":"DTK trasa"},"geometry":{"type":"LineString","coordinates":[[16.494956,43.522558],[16.494758,43.522568]]}},{"type":"Feature","properties":{"vrsta":"DTK trasa"},"geometry":{"type":"LineString","coordinates":[[16.494758,43.522568],[16.494604,43.522574]]}},{"type":"Feature","properties":{"vrsta":"DTK trasa"},"geometry":{"type":"LineString","coordinates":[[16.494604,43.522574],[16.494361,43.522608]]}},{"type":"Feature","properties":{"vrsta":"DTK trasa"},"geometry":{"type":"LineString","coordinates":[[16.494361,43.522608],[16.494277,43.522619]]}},{"type":"Feature","properties":{"vrsta":"DTK trasa"},"geometry":{"type":"LineString","coordinates":[[16.493235,43.52824],[16.493199,43.528241]]}},{"type":"Feature","properties":{"vrsta":"DTK trasa"},"geometry":{"type":"LineString","coordinates":[[16.493199,43.528241],[16.493154,43.528232]]}},{"type":"Feature","properties":{"vrsta":"DTK trasa"},"geometry":{"type":"LineString","coordinates":[[16.493154,43.528232],[16.493025,43.527881]]}},{"type":"Feature","properties":{"vrsta":"DTK trasa"},"geometry":{"type":"LineString","coordinates":[[16.493025,43.527881],[16.492995,43.527884]]}},{"type":"Feature","properties":{"vrsta":"DTK trasa"},"geometry":{"type":"LineString","coordinates":[[16.493025,43.527881],[16.493018,43.527863]]}},{"type":"Feature","properties":{"vrsta":"DTK trasa"},"geometry":{"type":"LineString","coordinates":[[16.493018,43.527863],[16.493002,43.527828]]}},{"type":"Feature","properties":{"vrsta":"DTK trasa"},"geometry":{"type":"LineString","coordinates":[[16.493002,43.527828],[16.493018,43.527839]]}},{"type":"Feature","properties":{"vrsta":"DTK trasa"},"geometry":{"type":"LineString","coordinates":[[16.49264,43.527633],[16.492652,43.527576]]}},{"type":"Feature","properties":{"vrsta":"DTK trasa"},"geometry":{"type":"LineString","coordinates":[[16.492652,43.527576],[16.492854,43.527596]]}},{"type":"Feature","properties":{"vrsta":"DTK trasa"},"geometry":{"type":"LineString","coordinates":[[16.492854,43.527596],[16.492852,43.527602]]}},{"type":"Feature","properties":{"vrsta":"DTK trasa"},"geometry":{"type":"LineString","coordinates":[[16.492852,43.527602],[16.492865,43.527621]]}},{"type":"Feature","properties":{"vrsta":"DTK trasa"},"geometry":{"type":"LineString","coordinates":[[16.492865,43.527621],[16.492993,43.52781]]}},{"type":"Feature","properties":{"vrsta":"DTK trasa"},"geometry":{"type":"LineString","coordinates":[[16.492993,43.52781],[16.493002,43.527828]]}},{"type":"Feature","properties":{"vrsta":"DTK trasa"},"geometry":{"type":"LineString","coordinates":[[16.493002,43.527828],[16.493015,43.527824]]}},{"type":"Feature","properties":{"vrsta":"DTK trasa"},"geometry":{"type":"LineString","coordinates":[[16.493015,43.527824],[16.493237,43.527832]]}},{"type":"Feature","properties":{"vrsta":"DTK trasa"},"geometry":{"type":"LineString","coordinates":[[16.493237,43.527832],[16.493314,43.527859]]}},{"type":"Feature","properties":{"vrsta":"DTK trasa"},"geometry":{"type":"LineString","coordinates":[[16.492652,43.527576],[16.492647,43.527527]]}},{"type":"Feature","properties":{"vrsta":"DTK trasa"},"geometry":{"type":"LineString","coordinates":[[16.492647,43.527527],[16.492613,43.527374]]}},{"type":"Feature","properties":{"vrsta":"DTK trasa"},"geometry":{"type":"LineString","coordinates":[[16.492613,43.527374],[16.492625,43.527364]]}},{"type":"Feature","properties":{"vrsta":"DTK trasa"},"geometry":{"type":"LineString","coordinates":[[16.492854,43.527596],[16.493155,43.527623]]}},{"type":"Feature","properties":{"vrsta":"DTK trasa"},"geometry":{"type":"LineString","coordinates":[[16.493155,43.527623],[16.493441,43.527663]]}},{"type":"Feature","properties":{"vrsta":"DTK trasa"},"geometry":{"type":"LineString","coordinates":[[16.493441,43.527663],[16.493521,43.527676]]}},{"type":"Feature","properties":{"vrsta":"DTK trasa"},"geometry":{"type":"LineString","coordinates":[[16.493521,43.527676],[16.493616,43.527515]]}},{"type":"Feature","properties":{"vrsta":"DTK trasa"},"geometry":{"type":"LineString","coordinates":[[16.493616,43.527515],[16.493697,43.527375]]}},{"type":"Feature","properties":{"vrsta":"DTK trasa"},"geometry":{"type":"LineString","coordinates":[[16.493697,43.527375],[16.493765,43.527205]]}},{"type":"Feature","properties":{"vrsta":"DTK trasa"},"geometry":{"type":"LineString","coordinates":[[16.493765,43.527205],[16.493761,43.527171]]}},{"type":"Feature","properties":{"vrsta":"DTK trasa"},"geometry":{"type":"LineString","coordinates":[[16.493761,43.527171],[16.493743,43.527123]]}},{"type":"Feature","properties":{"vrsta":"DTK trasa"},"geometry":{"type":"LineString","coordinates":[[16.493743,43.527123],[16.493776,43.527048]]}},{"type":"Feature","properties":{"vrsta":"DTK trasa"},"geometry":{"type":"LineString","coordinates":[[16.493521,43.527676],[16.493597,43.527688]]}},{"type":"Feature","properties":{"vrsta":"DTK trasa"},"geometry":{"type":"LineString","coordinates":[[16.493597,43.527688],[16.493677,43.527724]]}},{"type":"Feature","properties":{"vrsta":"DTK trasa"},"geometry":{"type":"LineString","coordinates":[[16.493677,43.527724],[16.493748,43.527781]]}},{"type":"Feature","properties":{"vrsta":"DTK trasa"},"geometry":{"type":"LineString","coordinates":[[16.493748,43.527781],[16.493749,43.527801]]}},{"type":"Feature","properties":{"vrsta":"DTK trasa"},"geometry":{"type":"LineString","coordinates":[[16.49368,43.52792],[16.493748,43.527926]]}},{"type":"Feature","properties":{"vrsta":"DTK trasa"},"geometry":{"type":"LineString","coordinates":[[16.493748,43.527926],[16.493807,43.527924]]}},{"type":"Feature","properties":{"vrsta":"DTK trasa"},"geometry":{"type":"LineString","coordinates":[[16.493807,43.527924],[16.493789,43.527813]]}},{"type":"Feature","properties":{"vrsta":"DTK trasa"},"geometry":{"type":"LineString","coordinates":[[16.493789,43.527813],[16.493774,43.527802]]}},{"type":"Feature","properties":{"vrsta":"DTK trasa"},"geometry":{"type":"LineString","coordinates":[[16.493774,43.527802],[16.493748,43.527781]]}},{"type":"Feature","properties":{"vrsta":"DTK trasa"},"geometry":{"type":"LineString","coordinates":[[16.493748,43.527781],[16.493781,43.52775]]}},{"type":"Feature","properties":{"vrsta":"DTK trasa"},"geometry":{"type":"LineString","coordinates":[[16.493781,43.52775],[16.493803,43.527746]]}},{"type":"Feature","properties":{"vrsta":"DTK trasa"},"geometry":{"type":"LineString","coordinates":[[16.493803,43.527746],[16.493822,43.527747]]}},{"type":"Feature","properties":{"vrsta":"DTK trasa"},"geometry":{"type":"LineString","coordinates":[[16.493822,43.527747],[16.493879,43.527764]]}},{"type":"Feature","properties":{"vrsta":"DTK trasa"},"geometry":{"type":"LineString","coordinates":[[16.493879,43.527764],[16.493902,43.527732]]}},{"type":"Feature","properties":{"vrsta":"DTK trasa"},"geometry":{"type":"LineString","coordinates":[[16.493902,43.527732],[16.493859,43.527716]]}},{"type":"Feature","properties":{"vrsta":"DTK trasa"},"geometry":{"type":"LineString","coordinates":[[16.493859,43.527716],[16.493714,43.527652]]}},{"type":"Feature","properties":{"vrsta":"DTK trasa"},"geometry":{"type":"LineString","coordinates":[[16.493714,43.527652],[16.493756,43.527603]]}},{"type":"Feature","properties":{"vrsta":"DTK trasa"},"geometry":{"type":"LineString","coordinates":[[16.49392,43.527706],[16.494074,43.527484]]}},{"type":"Feature","properties":{"vrsta":"DTK trasa"},"geometry":{"type":"LineString","coordinates":[[16.494074,43.527484],[16.494126,43.527409]]}},{"type":"Feature","properties":{"vrsta":"DTK trasa"},"geometry":{"type":"LineString","coordinates":[[16.494126,43.527409],[16.494171,43.527348]]}},{"type":"Feature","properties":{"vrsta":"DTK trasa"},"geometry":{"type":"LineString","coordinates":[[16.494171,43.527348],[16.494294,43.527405]]}},{"type":"Feature","properties":{"vrsta":"DTK trasa"},"geometry":{"type":"LineString","coordinates":[[16.494294,43.527405],[16.494267,43.527444]]}},{"type":"Feature","properties":{"vrsta":"DTK trasa"},"geometry":{"type":"LineString","coordinates":[[16.494171,43.527348],[16.494266,43.52722]]}},{"type":"Feature","properties":{"vrsta":"DTK trasa"},"geometry":{"type":"LineString","coordinates":[[16.494266,43.52722],[16.494212,43.527197]]}},{"type":"Feature","properties":{"vrsta":"DTK trasa"},"geometry":{"type":"LineString","coordinates":[[16.494371,43.526857],[16.494439,43.526866]]}},{"type":"Feature","properties":{"vrsta":"DTK trasa"},"geometry":{"type":"LineString","coordinates":[[16.494439,43.526866],[16.494417,43.526938]]}},{"type":"Feature","properties":{"vrsta":"DTK trasa"},"geometry":{"type":"LineString","coordinates":[[16.494417,43.526938],[16.49439,43.527022]]}},{"type":"Feature","properties":{"vrsta":"DTK trasa"},"geometry":{"type":"LineString","coordinates":[[16.49439,43.527022],[16.494347,43.527097]]}},{"type":"Feature","properties":{"vrsta":"DTK trasa"},"geometry":{"type":"LineString","coordinates":[[16.494347,43.527097],[16.494266,43.52722]]}},{"type":"Feature","properties":{"vrsta":"DTK trasa"},"geometry":{"type":"LineString","coordinates":[[16.494266,43.52722],[16.494452,43.527264]]}},{"type":"Feature","properties":{"vrsta":"DTK trasa"},"geometry":{"type":"LineString","coordinates":[[16.494452,43.527264],[16.49447,43.527218]]}},{"type":"Feature","properties":{"vrsta":"DTK trasa"},"geometry":{"type":"LineString","coordinates":[[16.494848,43.527418],[16.494841,43.527373]]}},{"type":"Feature","properties":{"vrsta":"DTK trasa"},"geometry":{"type":"LineString","coordinates":[[16.494841,43.527373],[16.494834,43.527373]]}},{"type":"Feature","properties":{"vrsta":"DTK trasa"},"geometry":{"type":"LineString","coordinates":[[16.494834,43.527373],[16.49461,43.527335]]}},{"type":"Feature","properties":{"vrsta":"DTK trasa"},"geometry":{"type":"LineString","coordinates":[[16.49461,43.527335],[16.49445,43.527271]]}},{"type":"Feature","properties":{"vrsta":"DTK trasa"},"geometry":{"type":"LineString","coordinates":[[16.49445,43.527271],[16.494452,43.527264]]}},{"type":"Feature","properties":{"vrsta":"DTK trasa"},"geometry":{"type":"LineString","coordinates":[[16.494452,43.527264],[16.494443,43.527275]]}},{"type":"Feature","properties":{"vrsta":"DTK trasa"},"geometry":{"type":"LineString","coordinates":[[16.494443,43.527275],[16.494435,43.527335]]}},{"type":"Feature","properties":{"vrsta":"DTK trasa"},"geometry":{"type":"LineString","coordinates":[[16.494435,43.527335],[16.494446,43.527347]]}},{"type":"Feature","properties":{"vrsta":"DTK trasa"},"geometry":{"type":"LineString","coordinates":[[16.494446,43.527347],[16.49443,43.527391]]}},{"type":"Feature","properties":{"vrsta":"DTK trasa"},"geometry":{"type":"LineString","coordinates":[[16.49443,43.527391],[16.494433,43.527392]]}},{"type":"Feature","properties":{"vrsta":"DTK trasa"},"geometry":{"type":"LineString","coordinates":[[16.494841,43.527373],[16.494924,43.527375]]}},{"type":"Feature","properties":{"vrsta":"DTK trasa"},"geometry":{"type":"LineString","coordinates":[[16.494924,43.527375],[16.495004,43.527376]]}},{"type":"Feature","properties":{"vrsta":"DTK trasa"},"geometry":{"type":"LineString","coordinates":[[16.495004,43.527376],[16.495004,43.527371]]}},{"type":"Feature","properties":{"vrsta":"DTK trasa"},"geometry":{"type":"LineString","coordinates":[[16.495004,43.527371],[16.495009,43.52727]]}},{"type":"Feature","properties":{"vrsta":"DTK trasa"},"geometry":{"type":"LineString","coordinates":[[16.495009,43.52727],[16.495038,43.52727]]}},{"type":"Feature","properties":{"vrsta":"DTK trasa"},"geometry":{"type":"LineString","coordinates":[[16.495004,43.527376],[16.495151,43.527365]]}},{"type":"Feature","properties":{"vrsta":"DTK trasa"},"geometry":{"type":"LineString","coordinates":[[16.495151,43.527365],[16.49534,43.52736]]}},{"type":"Feature","properties":{"vrsta":"DTK trasa"},"geometry":{"type":"LineString","coordinates":[[16.49534,43.52736],[16.495417,43.527377]]}},{"type":"Feature","properties":{"vrsta":"DTK trasa"},"geometry":{"type":"LineString","coordinates":[[16.495417,43.527377],[16.495423,43.527389]]}},{"type":"Feature","properties":{"vrsta":"DTK trasa"},"geometry":{"type":"LineString","coordinates":[[16.495417,43.527377],[16.495422,43.527404]]}},{"type":"Feature","properties":{"vrsta":"DTK trasa"},"geometry":{"type":"LineString","coordinates":[[16.495422,43.527404],[16.495418,43.527571]]}},{"type":"Feature","properties":{"vrsta":"DTK trasa"},"geometry":{"type":"LineString","coordinates":[[16.495418,43.527571],[16.495408,43.527707]]}},{"type":"Feature","properties":{"vrsta":"DTK trasa"},"geometry":{"type":"LineString","coordinates":[[16.495408,43.527707],[16.495413,43.52772]]}},{"type":"Feature","properties":{"vrsta":"DTK trasa"},"geometry":{"type":"LineString","coordinates":[[16.495413,43.52772],[16.495455,43.527729]]}},{"type":"Feature","properties":{"vrsta":"DTK trasa"},"geometry":{"type":"LineString","coordinates":[[16.495455,43.527729],[16.495523,43.52772]]}},{"type":"Feature","properties":{"vrsta":"DTK trasa"},"geometry":{"type":"LineString","coordinates":[[16.495523,43.52772],[16.49561,43.527749]]}},{"type":"Feature","properties":{"vrsta":"DTK trasa"},"geometry":{"type":"LineString","coordinates":[[16.49561,43.527749],[16.495745,43.527783]]}},{"type":"Feature","properties":{"vrsta":"DTK trasa"},"geometry":{"type":"LineString","coordinates":[[16.495745,43.527783],[16.495768,43.527783]]}},{"type":"Feature","properties":{"vrsta":"DTK trasa"},"geometry":{"type":"LineString","coordinates":[[16.495768,43.527783],[16.496087,43.527956]]}},{"type":"Feature","properties":{"vrsta":"DTK trasa"},"geometry":{"type":"LineString","coordinates":[[16.496087,43.527956],[16.4961,43.528278]]}},{"type":"Feature","properties":{"vrsta":"DTK trasa"},"geometry":{"type":"LineString","coordinates":[[16.4961,43.528278],[16.496074,43.528483]]}},{"type":"Feature","properties":{"vrsta":"DTK trasa"},"geometry":{"type":"LineString","coordinates":[[16.49387,43.527956],[16.493801,43.527956]]}},{"type":"Feature","properties":{"vrsta":"DTK trasa"},"geometry":{"type":"LineString","coordinates":[[16.493801,43.527956],[16.493807,43.527924]]}},{"type":"Feature","properties":{"vrsta":"DTK trasa"},"geometry":{"type":"LineString","coordinates":[[16.493807,43.527924],[16.49369,43.527937]]}},{"type":"Feature","properties":{"vrsta":"DTK trasa"},"geometry":{"type":"LineString","coordinates":[[16.49369,43.527937],[16.493602,43.527938]]}},{"type":"Feature","properties":{"vrsta":"DTK trasa"},"geometry":{"type":"LineString","coordinates":[[16.493602,43.527938],[16.493478,43.527902]]}},{"type":"Feature","properties":{"vrsta":"DTK trasa"},"geometry":{"type":"LineString","coordinates":[[16.493798,43.527999],[16.4938,43.527999]]}},{"type":"Feature","properties":{"vrsta":"DTK trasa"},"geometry":{"type":"LineString","coordinates":[[16.4938,43.527999],[16.493821,43.527998]]}},{"type":"Feature","properties":{"vrsta":"DTK trasa"},"geometry":{"type":"LineString","coordinates":[[16.493801,43.527956],[16.493798,43.527972]]}},{"type":"Feature","properties":{"vrsta":"DTK trasa"},"geometry":{"type":"LineString","coordinates":[[16.493798,43.527972],[16.493798,43.527991]]}},{"type":"Feature","properties":{"vrsta":"DTK trasa"},"geometry":{"type":"LineString","coordinates":[[16.493798,43.527999],[16.493798,43.528044]]}},{"type":"Feature","properties":{"vrsta":"DTK trasa"},"geometry":{"type":"LineString","coordinates":[[16.493798,43.528044],[16.493806,43.528044]]}},{"type":"Feature","properties":{"vrsta":"DTK trasa"},"geometry":{"type":"LineString","coordinates":[[16.494667,43.526176],[16.494635,43.526207]]}},{"type":"Feature","properties":{"vrsta":"DTK trasa"},"geometry":{"type":"LineString","coordinates":[[16.494635,43.526207],[16.494581,43.526371]]}},{"type":"Feature","properties":{"vrsta":"DTK trasa"},"geometry":{"type":"LineString","coordinates":[[16.494581,43.526371],[16.494555,43.526526]]}},{"type":"Feature","properties":{"vrsta":"DTK trasa"},"geometry":{"type":"LineString","coordinates":[[16.494555,43.526526],[16.494439,43.526866]]}},{"type":"Feature","properties":{"vrsta":"DTK trasa"},"geometry":{"type":"LineString","coordinates":[[16.494439,43.526866],[16.494506,43.526857]]}},{"type":"Feature","properties":{"vrsta":"DTK trasa"},"geometry":{"type":"LineString","coordinates":[[16.495306,43.526356],[16.495381,43.526377]]}},{"type":"Feature","properties":{"vrsta":"DTK trasa"},"geometry":{"type":"LineString","coordinates":[[16.495381,43.526377],[16.495439,43.526389]]}},{"type":"Feature","properties":{"vrsta":"DTK trasa"},"geometry":{"type":"LineString","coordinates":[[16.495439,43.526389],[16.495427,43.526521]]}},{"type":"Feature","properties":{"vrsta":"DTK trasa"},"geometry":{"type":"LineString","coordinates":[[16.495427,43.526521],[16.495426,43.526533]]}},{"type":"Feature","properties":{"vrsta":"DTK trasa"},"geometry":{"type":"LineString","coordinates":[[16.495426,43.526533],[16.495417,43.526581]]}},{"type":"Feature","properties":{"vrsta":"DTK trasa"},"geometry":{"type":"LineString","coordinates":[[16.495417,43.526581],[16.495274,43.526567]]}},{"type":"Feature","properties":{"vrsta":"DTK trasa"},"geometry":{"type":"LineString","coordinates":[[16.495274,43.526567],[16.495271,43.526582]]}},{"type":"Feature","properties":{"vrsta":"DTK trasa"},"geometry":{"type":"LineString","coordinates":[[16.495417,43.526581],[16.495412,43.526607]]}},{"type":"Feature","properties":{"vrsta":"DTK trasa"},"geometry":{"type":"LineString","coordinates":[[16.495412,43.526607],[16.495405,43.526711]]}},{"type":"Feature","properties":{"vrsta":"DTK trasa"},"geometry":{"type":"LineString","coordinates":[[16.495405,43.526711],[16.495403,43.526797]]}},{"type":"Feature","properties":{"vrsta":"DTK trasa"},"geometry":{"type":"LineString","coordinates":[[16.495403,43.526797],[16.4954,43.526856]]}},{"type":"Feature","properties":{"vrsta":"DTK trasa"},"geometry":{"type":"LineString","coordinates":[[16.4954,43.526856],[16.495341,43.526849]]}},{"type":"Feature","properties":{"vrsta":"DTK trasa"},"geometry":{"type":"LineString","coordinates":[[16.4954,43.526856],[16.495407,43.526947]]}},{"type":"Feature","properties":{"vrsta":"DTK trasa"},"geometry":{"type":"LineString","coordinates":[[16.495407,43.526947],[16.495391,43.526917]]}},{"type":"Feature","properties":{"vrsta":"DTK trasa"},"geometry":{"type":"LineString","coordinates":[[16.495407,43.526947],[16.495337,43.526938]]}},{"type":"Feature","properties":{"vrsta":"DTK trasa"},"geometry":{"type":"LineString","coordinates":[[16.495337,43.526938],[16.495234,43.526925]]}},{"type":"Feature","properties":{"vrsta":"DTK trasa"},"geometry":{"type":"LineString","coordinates":[[16.495234,43.526925],[16.495212,43.526921]]}},{"type":"Feature","properties":{"vrsta":"DTK trasa"},"geometry":{"type":"LineString","coordinates":[[16.495212,43.526921],[16.495219,43.526897]]}},{"type":"Feature","properties":{"vrsta":"DTK trasa"},"geometry":{"type":"LineString","coordinates":[[16.495181,43.52703],[16.495194,43.52702]]}},{"type":"Feature","properties":{"vrsta":"DTK trasa"},"geometry":{"type":"LineString","coordinates":[[16.495194,43.52702],[16.4952,43.527023]]}},{"type":"Feature","properties":{"vrsta":"DTK trasa"},"geometry":{"type":"LineString","coordinates":[[16.4952,43.527023],[16.495212,43.526921]]}},{"type":"Feature","properties":{"vrsta":"DTK trasa"},"geometry":{"type":"LineString","coordinates":[[16.495212,43.526921],[16.495141,43.52689]]}},{"type":"Feature","properties":{"vrsta":"DTK trasa"},"geometry":{"type":"LineString","coordinates":[[16.494635,43.526207],[16.494644,43.526165]]}},{"type":"Feature","properties":{"vrsta":"DTK trasa"},"geometry":{"type":"LineString","coordinates":[[16.494644,43.526165],[16.494661,43.526003]]}},{"type":"Feature","properties":{"vrsta":"DTK trasa"},"geometry":{"type":"LineString","coordinates":[[16.494661,43.526003],[16.494691,43.52589]]}},{"type":"Feature","properties":{"vrsta":"DTK trasa"},"geometry":{"type":"LineString","coordinates":[[16.494691,43.52589],[16.494718,43.525832]]}},{"type":"Feature","properties":{"vrsta":"DTK trasa"},"geometry":{"type":"LineString","coordinates":[[16.494718,43.525832],[16.49475,43.525744]]}},{"type":"Feature","properties":{"vrsta":"DTK trasa"},"geometry":{"type":"LineString","coordinates":[[16.49475,43.525744],[16.49481,43.525571]]}},{"type":"Feature","properties":{"vrsta":"DTK trasa"},"geometry":{"type":"LineString","coordinates":[[16.49481,43.525571],[16.494861,43.525429]]}},{"type":"Feature","properties":{"vrsta":"DTK trasa"},"geometry":{"type":"LineString","coordinates":[[16.494861,43.525429],[16.494872,43.525394]]}},{"type":"Feature","properties":{"vrsta":"DTK trasa"},"geometry":{"type":"LineString","coordinates":[[16.494872,43.525394],[16.494938,43.525405]]}},{"type":"Feature","properties":{"vrsta":"DTK trasa"},"geometry":{"type":"LineString","coordinates":[[16.494938,43.525405],[16.494933,43.525424]]}},{"type":"Feature","properties":{"vrsta":"DTK trasa"},"geometry":{"type":"LineString","coordinates":[[16.494933,43.525424],[16.494964,43.525442]]}},{"type":"Feature","properties":{"vrsta":"DTK trasa"},"geometry":{"type":"LineString","coordinates":[[16.494964,43.525442],[16.494961,43.52548]]}},{"type":"Feature","properties":{"vrsta":"DTK trasa"},"geometry":{"type":"LineString","coordinates":[[16.494933,43.525424],[16.494865,43.525612]]}},{"type":"Feature","properties":{"vrsta":"DTK trasa"},"geometry":{"type":"LineString","coordinates":[[16.494865,43.525612],[16.494888,43.525644]]}},{"type":"Feature","properties":{"vrsta":"DTK trasa"},"geometry":{"type":"LineString","coordinates":[[16.494888,43.525644],[16.494991,43.525659]]}},{"type":"Feature","properties":{"vrsta":"DTK trasa"},"geometry":{"type":"LineString","coordinates":[[16.494872,43.525394],[16.494881,43.525368]]}},{"type":"Feature","properties":{"vrsta":"DTK trasa"},"geometry":{"type":"LineString","coordinates":[[16.494881,43.525368],[16.494925,43.525185]]}},{"type":"Feature","properties":{"vrsta":"DTK trasa"},"geometry":{"type":"LineString","coordinates":[[16.494925,43.525185],[16.494931,43.525113]]}},{"type":"Feature","properties":{"vrsta":"DTK trasa"},"geometry":{"type":"LineString","coordinates":[[16.494931,43.525113],[16.494937,43.525113]]}},{"type":"Feature","properties":{"vrsta":"DTK trasa"},"geometry":{"type":"LineString","coordinates":[[16.494937,43.525113],[16.495065,43.525113]]}},{"type":"Feature","properties":{"vrsta":"DTK trasa"},"geometry":{"type":"LineString","coordinates":[[16.494938,43.525405],[16.494952,43.525346]]}},{"type":"Feature","properties":{"vrsta":"DTK trasa"},"geometry":{"type":"LineString","coordinates":[[16.494952,43.525346],[16.495022,43.525342]]}},{"type":"Feature","properties":{"vrsta":"DTK trasa"},"geometry":{"type":"LineString","coordinates":[[16.494952,43.525346],[16.494973,43.525264]]}},{"type":"Feature","properties":{"vrsta":"DTK trasa"},"geometry":{"type":"LineString","coordinates":[[16.494973,43.525264],[16.495039,43.525276]]}},{"type":"Feature","properties":{"vrsta":"DTK trasa"},"geometry":{"type":"LineString","coordinates":[[16.494973,43.525264],[16.494974,43.52526]]}},{"type":"Feature","properties":{"vrsta":"DTK trasa"},"geometry":{"type":"LineString","coordinates":[[16.494974,43.52526],[16.495047,43.525222]]}},{"type":"Feature","properties":{"vrsta":"DTK trasa"},"geometry":{"type":"LineString","coordinates":[[16.495047,43.525222],[16.495108,43.525233]]}},{"type":"Feature","properties":{"vrsta":"DTK trasa"},"geometry":{"type":"LineString","coordinates":[[16.494931,43.525113],[16.494931,43.524994]]}},{"type":"Feature","properties":{"vrsta":"DTK trasa"},"geometry":{"type":"LineString","coordinates":[[16.494931,43.524994],[16.494931,43.524972]]}},{"type":"Feature","properties":{"vrsta":"DTK trasa"},"geometry":{"type":"LineString","coordinates":[[16.494931,43.524972],[16.494932,43.524956]]}},{"type":"Feature","properties":{"vrsta":"DTK trasa"},"geometry":{"type":"LineString","coordinates":[[16.494932,43.524956],[16.494908,43.524964]]}},{"type":"Feature","properties":{"vrsta":"DTK trasa"},"geometry":{"type":"LineString","coordinates":[[16.494735,43.524993],[16.494727,43.52492]]}},{"type":"Feature","properties":{"vrsta":"DTK trasa"},"geometry":{"type":"LineString","coordinates":[[16.494727,43.52492],[16.494812,43.524919]]}},{"type":"Feature","properties":{"vrsta":"DTK trasa"},"geometry":{"type":"LineString","coordinates":[[16.494812,43.524919],[16.494837,43.524917]]}},{"type":"Feature","properties":{"vrsta":"DTK trasa"},"geometry":{"type":"LineString","coordinates":[[16.494837,43.524917],[16.494932,43.524956]]}},{"type":"Feature","properties":{"vrsta":"DTK trasa"},"geometry":{"type":"LineString","coordinates":[[16.494932,43.524956],[16.495011,43.524942]]}},{"type":"Feature","properties":{"vrsta":"DTK trasa"},"geometry":{"type":"LineString","coordinates":[[16.495011,43.524942],[16.4951,43.524917]]}},{"type":"Feature","properties":{"vrsta":"DTK trasa"},"geometry":{"type":"LineString","coordinates":[[16.4951,43.524917],[16.49521,43.524898]]}},{"type":"Feature","properties":{"vrsta":"DTK trasa"},"geometry":{"type":"LineString","coordinates":[[16.49521,43.524898],[16.495431,43.52489]]}},{"type":"Feature","properties":{"vrsta":"DTK trasa"},"geometry":{"type":"LineString","coordinates":[[16.495431,43.52489],[16.495632,43.524885]]}},{"type":"Feature","properties":{"vrsta":"DTK trasa"},"geometry":{"type":"LineString","coordinates":[[16.495632,43.524885],[16.495704,43.524869]]}},{"type":"Feature","properties":{"vrsta":"DTK trasa"},"geometry":{"type":"LineString","coordinates":[[16.495704,43.524869],[16.495896,43.524806]]}},{"type":"Feature","properties":{"vrsta":"DTK trasa"},"geometry":{"type":"LineString","coordinates":[[16.495896,43.524806],[16.496153,43.524734]]}},{"type":"Feature","properties":{"vrsta":"DTK trasa"},"geometry":{"type":"LineString","coordinates":[[16.496153,43.524734],[16.49624,43.52469]]}},{"type":"Feature","properties":{"vrsta":"DTK trasa"},"geometry":{"type":"LineString","coordinates":[[16.49624,43.52469],[16.496222,43.524602]]}},{"type":"Feature","properties":{"vrsta":"DTK trasa"},"geometry":{"type":"LineString","coordinates":[[16.495011,43.524942],[16.495106,43.524931]]}},{"type":"Feature","properties":{"vrsta":"DTK trasa"},"geometry":{"type":"LineString","coordinates":[[16.495106,43.524931],[16.495249,43.52492]]}},{"type":"Feature","properties":{"vrsta":"DTK trasa"},"geometry":{"type":"LineString","coordinates":[[16.495249,43.52492],[16.495482,43.524923]]}},{"type":"Feature","properties":{"vrsta":"DTK trasa"},"geometry":{"type":"LineString","coordinates":[[16.495482,43.524923],[16.495631,43.524919]]}},{"type":"Feature","properties":{"vrsta":"DTK trasa"},"geometry":{"type":"LineString","coordinates":[[16.495631,43.524919],[16.495804,43.5249]]}},{"type":"Feature","properties":{"vrsta":"DTK trasa"},"geometry":{"type":"LineString","coordinates":[[16.495804,43.5249],[16.49597,43.524841]]}},{"type":"Feature","properties":{"vrsta":"DTK trasa"},"geometry":{"type":"LineString","coordinates":[[16.49597,43.524841],[16.496156,43.524784]]}},{"type":"Feature","properties":{"vrsta":"DTK trasa"},"geometry":{"type":"LineString","coordinates":[[16.496156,43.524784],[16.496235,43.524788]]}},{"type":"Feature","properties":{"vrsta":"DTK trasa"},"geometry":{"type":"LineString","coordinates":[[16.496235,43.524788],[16.496382,43.524747]]}},{"type":"Feature","properties":{"vrsta":"DTK trasa"},"geometry":{"type":"LineString","coordinates":[[16.496382,43.524747],[16.496434,43.524744]]}},{"type":"Feature","properties":{"vrsta":"DTK trasa"},"geometry":{"type":"LineString","coordinates":[[16.496434,43.524744],[16.496587,43.524702]]}},{"type":"Feature","properties":{"vrsta":"DTK trasa"},"geometry":{"type":"LineString","coordinates":[[16.496587,43.524702],[16.496625,43.524692]]}},{"type":"Feature","properties":{"vrsta":"DTK trasa"},"geometry":{"type":"LineString","coordinates":[[16.496625,43.524692],[16.496933,43.524595]]}},{"type":"Feature","properties":{"vrsta":"DTK trasa"},"geometry":{"type":"LineString","coordinates":[[16.496933,43.524595],[16.496985,43.524571]]}},{"type":"Feature","properties":{"vrsta":"DTK trasa"},"geometry":{"type":"LineString","coordinates":[[16.496985,43.524571],[16.497011,43.52456]]}},{"type":"Feature","properties":{"vrsta":"DTK trasa"},"geometry":{"type":"LineString","coordinates":[[16.497011,43.52456],[16.497084,43.524536]]}},{"type":"Feature","properties":{"vrsta":"DTK trasa"},"geometry":{"type":"LineString","coordinates":[[16.497084,43.524536],[16.49714,43.524503]]}},{"type":"Feature","properties":{"vrsta":"DTK trasa"},"geometry":{"type":"LineString","coordinates":[[16.49714,43.524503],[16.497159,43.524472]]}},{"type":"Feature","properties":{"vrsta":"DTK trasa"},"geometry":{"type":"LineString","coordinates":[[16.497159,43.524472],[16.497146,43.524438]]}},{"type":"Feature","properties":{"vrsta":"DTK trasa"},"geometry":{"type":"LineString","coordinates":[[16.497146,43.524438],[16.497085,43.524405]]}},{"type":"Feature","properties":{"vrsta":"DTK trasa"},"geometry":{"type":"LineString","coordinates":[[16.497085,43.524405],[16.497062,43.524382]]}},{"type":"Feature","properties":{"vrsta":"DTK trasa"},"geometry":{"type":"LineString","coordinates":[[16.497062,43.524382],[16.496935,43.524356]]}},{"type":"Feature","properties":{"vrsta":"DTK trasa"},"geometry":{"type":"LineString","coordinates":[[16.494837,43.524917],[16.494691,43.524898]]}},{"type":"Feature","properties":{"vrsta":"DTK trasa"},"geometry":{"type":"LineString","coordinates":[[16.494691,43.524898],[16.494656,43.524897]]}},{"type":"Feature","properties":{"vrsta":"DTK trasa"},"geometry":{"type":"LineString","coordinates":[[16.494656,43.524897],[16.494525,43.524839]]}},{"type":"Feature","properties":{"vrsta":"DTK trasa"},"geometry":{"type":"LineString","coordinates":[[16.494525,43.524839],[16.494483,43.524823]]}},{"type":"Feature","properties":{"vrsta":"DTK trasa"},"geometry":{"type":"LineString","coordinates":[[16.494483,43.524823],[16.494434,43.524805]]}},{"type":"Feature","properties":{"vrsta":"DTK trasa"},"geometry":{"type":"LineString","coordinates":[[16.494434,43.524805],[16.49434,43.524805]]}},{"type":"Feature","properties":{"vrsta":"DTK trasa"},"geometry":{"type":"LineString","coordinates":[[16.49434,43.524805],[16.494207,43.524806]]}},{"type":"Feature","properties":{"vrsta":"DTK trasa"},"geometry":{"type":"LineString","coordinates":[[16.494207,43.524806],[16.494102,43.524812]]}},{"type":"Feature","properties":{"vrsta":"DTK trasa"},"geometry":{"type":"LineString","coordinates":[[16.494102,43.524812],[16.494084,43.52483]]}},{"type":"Feature","properties":{"vrsta":"DTK trasa"},"geometry":{"type":"LineString","coordinates":[[16.494932,43.524956],[16.494999,43.524871]]}},{"type":"Feature","properties":{"vrsta":"DTK trasa"},"geometry":{"type":"LineString","coordinates":[[16.494999,43.524871],[16.495015,43.524819]]}},{"type":"Feature","properties":{"vrsta":"DTK trasa"},"geometry":{"type":"LineString","coordinates":[[16.495015,43.524819],[16.495042,43.524711]]}},{"type":"Feature","properties":{"vrsta":"DTK trasa"},"geometry":{"type":"LineString","coordinates":[[16.495042,43.524711],[16.495066,43.524631]]}},{"type":"Feature","properties":{"vrsta":"DTK trasa"},"geometry":{"type":"LineString","coordinates":[[16.495066,43.524631],[16.495084,43.524522]]}},{"type":"Feature","properties":{"vrsta":"DTK trasa"},"geometry":{"type":"LineString","coordinates":[[16.495084,43.524522],[16.495102,43.524449]]}},{"type":"Feature","properties":{"vrsta":"DTK trasa"},"geometry":{"type":"LineString","coordinates":[[16.495102,43.524449],[16.495124,43.524343]]}},{"type":"Feature","properties":{"vrsta":"DTK trasa"},"geometry":{"type":"LineString","coordinates":[[16.495124,43.524343],[16.495179,43.524224]]}},{"type":"Feature","properties":{"vrsta":"DTK trasa"},"geometry":{"type":"LineString","coordinates":[[16.495179,43.524224],[16.495242,43.524126]]}},{"type":"Feature","properties":{"vrsta":"DTK trasa"},"geometry":{"type":"LineString","coordinates":[[16.495242,43.524126],[16.495276,43.524051]]}},{"type":"Feature","properties":{"vrsta":"DTK trasa"},"geometry":{"type":"LineString","coordinates":[[16.495276,43.524051],[16.495276,43.524009]]}},{"type":"Feature","properties":{"vrsta":"DTK trasa"},"geometry":{"type":"LineString","coordinates":[[16.495276,43.524009],[16.495277,43.523983]]}},{"type":"Feature","properties":{"vrsta":"DTK trasa"},"geometry":{"type":"LineString","coordinates":[[16.495277,43.523983],[16.49537,43.523775]]}},{"type":"Feature","properties":{"vrsta":"DTK trasa"},"geometry":{"type":"LineString","coordinates":[[16.49537,43.523775],[16.495396,43.523716]]}},{"type":"Feature","properties":{"vrsta":"DTK trasa"},"geometry":{"type":"LineString","coordinates":[[16.495396,43.523716],[16.495415,43.523643]]}},{"type":"Feature","properties":{"vrsta":"DTK trasa"},"geometry":{"type":"LineString","coordinates":[[16.495415,43.523643],[16.495366,43.523642]]}},{"type":"Feature","properties":{"vrsta":"DTK trasa"},"geometry":{"type":"LineString","coordinates":[[16.495366,43.523642],[16.495311,43.523643]]}},{"type":"Feature","properties":{"vrsta":"DTK trasa"},"geometry":{"type":"LineString","coordinates":[[16.495415,43.523643],[16.495418,43.523543]]}},{"type":"Feature","properties":{"vrsta":"DTK trasa"},"geometry":{"type":"LineString","coordinates":[[16.495418,43.523543],[16.495421,43.523512]]}},{"type":"Feature","properties":{"vrsta":"DTK trasa"},"geometry":{"type":"LineString","coordinates":[[16.495421,43.523512],[16.495425,43.523468]]}},{"type":"Feature","properties":{"vrsta":"DTK trasa"},"geometry":{"type":"LineString","coordinates":[[16.495425,43.523468],[16.49544,43.523371]]}},{"type":"Feature","properties":{"vrsta":"DTK trasa"},"geometry":{"type":"LineString","coordinates":[[16.49544,43.523371],[16.495494,43.523199]]}},{"type":"Feature","properties":{"vrsta":"DTK trasa"},"geometry":{"type":"LineString","coordinates":[[16.495494,43.523199],[16.495549,43.523032]]}},{"type":"Feature","properties":{"vrsta":"DTK trasa"},"geometry":{"type":"LineString","coordinates":[[16.495549,43.523032],[16.495619,43.522819]]}},{"type":"Feature","properties":{"vrsta":"DTK trasa"},"geometry":{"type":"LineString","coordinates":[[16.495619,43.522819],[16.495624,43.522714]]}},{"type":"Feature","properties":{"vrsta":"DTK trasa"},"geometry":{"type":"LineString","coordinates":[[16.495624,43.522714],[16.495613,43.522626]]}},{"type":"Feature","properties":{"vrsta":"DTK trasa"},"geometry":{"type":"LineString","coordinates":[[16.495613,43.522626],[16.495641,43.522591]]}},{"type":"Feature","properties":{"vrsta":"DTK trasa"},"geometry":{"type":"LineString","coordinates":[[16.495641,43.522591],[16.495715,43.522592]]}},{"type":"Feature","properties":{"vrsta":"DTK trasa"},"geometry":{"type":"LineString","coordinates":[[16.495715,43.522592],[16.495983,43.522575]]}},{"type":"Feature","properties":{"vrsta":"DTK trasa"},"geometry":{"type":"LineString","coordinates":[[16.495983,43.522575],[16.496126,43.522551]]}},{"type":"Feature","properties":{"vrsta":"DTK trasa"},"geometry":{"type":"LineString","coordinates":[[16.496126,43.522551],[16.496642,43.522502]]}},{"type":"Feature","properties":{"vrsta":"DTK trasa"},"geometry":{"type":"LineString","coordinates":[[16.496642,43.522502],[16.4969,43.522477]]}},{"type":"Feature","properties":{"vrsta":"DTK trasa"},"geometry":{"type":"LineString","coordinates":[[16.4969,43.522477],[16.496893,43.522454]]}},{"type":"Feature","properties":{"vrsta":"DTK trasa"},"geometry":{"type":"LineString","coordinates":[[16.496126,43.522551],[16.496285,43.522519]]}},{"type":"Feature","properties":{"vrsta":"DTK trasa"},"geometry":{"type":"LineString","coordinates":[[16.496285,43.522519],[16.496369,43.522501]]}},{"type":"Feature","properties":{"vrsta":"DTK trasa"},"geometry":{"type":"LineString","coordinates":[[16.496369,43.522501],[16.496448,43.522479]]}},{"type":"Feature","properties":{"vrsta":"DTK trasa"},"geometry":{"type":"LineString","coordinates":[[16.496448,43.522479],[16.496521,43.522458]]}},{"type":"Feature","properties":{"vrsta":"DTK trasa"},"geometry":{"type":"LineString","coordinates":[[16.496521,43.522458],[16.496595,43.522437]]}},{"type":"Feature","properties":{"vrsta":"DTK trasa"},"geometry":{"type":"LineString","coordinates":[[16.496595,43.522437],[16.496644,43.522417]]}},{"type":"Feature","properties":{"vrsta":"DTK trasa"},"geometry":{"type":"LineString","coordinates":[[16.496644,43.522417],[16.496678,43.522403]]}},{"type":"Feature","properties":{"vrsta":"DTK trasa"},"geometry":{"type":"LineString","coordinates":[[16.496678,43.522403],[16.496809,43.522323]]}},{"type":"Feature","properties":{"vrsta":"DTK trasa"},"geometry":{"type":"LineString","coordinates":[[16.496809,43.522323],[16.49687,43.522278]]}},{"type":"Feature","properties":{"vrsta":"DTK trasa"},"geometry":{"type":"LineString","coordinates":[[16.49687,43.522278],[16.496924,43.522236]]}},{"type":"Feature","properties":{"vrsta":"DTK trasa"},"geometry":{"type":"LineString","coordinates":[[16.496924,43.522236],[16.496987,43.522171]]}},{"type":"Feature","properties":{"vrsta":"DTK trasa"},"geometry":{"type":"LineString","coordinates":[[16.496987,43.522171],[16.497106,43.522064]]}},{"type":"Feature","properties":{"vrsta":"DTK trasa"},"geometry":{"type":"LineString","coordinates":[[16.497106,43.522064],[16.497175,43.522023]]}},{"type":"Feature","properties":{"vrsta":"DTK trasa"},"geometry":{"type":"LineString","coordinates":[[16.497175,43.522023],[16.497247,43.521989]]}},{"type":"Feature","properties":{"vrsta":"DTK trasa"},"geometry":{"type":"LineString","coordinates":[[16.497247,43.521989],[16.497398,43.521935]]}},{"type":"Feature","properties":{"vrsta":"DTK trasa"},"geometry":{"type":"LineString","coordinates":[[16.497398,43.521935],[16.497564,43.521882]]}},{"type":"Feature","properties":{"vrsta":"DTK trasa"},"geometry":{"type":"LineString","coordinates":[[16.497564,43.521882],[16.497711,43.521851]]}},{"type":"Feature","properties":{"vrsta":"DTK trasa"},"geometry":{"type":"LineString","coordinates":[[16.497711,43.521851],[16.497963,43.521766]]}},{"type":"Feature","properties":{"vrsta":"DTK trasa"},"geometry":{"type":"LineString","coordinates":[[16.497963,43.521766],[16.498118,43.521714]]}},{"type":"Feature","properties":{"vrsta":"DTK trasa"},"geometry":{"type":"LineString","coordinates":[[16.498118,43.521714],[16.498252,43.521666]]}},{"type":"Feature","properties":{"vrsta":"DTK trasa"},"geometry":{"type":"LineString","coordinates":[[16.498252,43.521666],[16.498648,43.521524]]}},{"type":"Feature","properties":{"vrsta":"DTK trasa"},"geometry":{"type":"LineString","coordinates":[[16.498648,43.521524],[16.498748,43.521497]]}},{"type":"Feature","properties":{"vrsta":"DTK trasa"},"geometry":{"type":"LineString","coordinates":[[16.498748,43.521497],[16.498927,43.521444]]}},{"type":"Feature","properties":{"vrsta":"DTK trasa"},"geometry":{"type":"LineString","coordinates":[[16.498927,43.521444],[16.499099,43.521388]]}},{"type":"Feature","properties":{"vrsta":"DTK trasa"},"geometry":{"type":"LineString","coordinates":[[16.499099,43.521388],[16.499333,43.521321]]}},{"type":"Feature","properties":{"vrsta":"DTK trasa"},"geometry":{"type":"LineString","coordinates":[[16.499333,43.521321],[16.499552,43.521256]]}},{"type":"Feature","properties":{"vrsta":"DTK trasa"},"geometry":{"type":"LineString","coordinates":[[16.499552,43.521256],[16.499591,43.521245]]}},{"type":"Feature","properties":{"vrsta":"DTK trasa"},"geometry":{"type":"LineString","coordinates":[[16.499591,43.521245],[16.499643,43.521228]]}},{"type":"Feature","properties":{"vrsta":"DTK trasa"},"geometry":{"type":"LineString","coordinates":[[16.499643,43.521228],[16.499726,43.521203]]}},{"type":"Feature","properties":{"vrsta":"DTK trasa"},"geometry":{"type":"LineString","coordinates":[[16.499726,43.521203],[16.499934,43.521144]]}},{"type":"Feature","properties":{"vrsta":"DTK trasa"},"geometry":{"type":"LineString","coordinates":[[16.499934,43.521144],[16.500134,43.521088]]}},{"type":"Feature","properties":{"vrsta":"DTK trasa"},"geometry":{"type":"LineString","coordinates":[[16.500134,43.521088],[16.500219,43.521067]]}},{"type":"Feature","properties":{"vrsta":"DTK trasa"},"geometry":{"type":"LineString","coordinates":[[16.500219,43.521067],[16.500234,43.521098]]}},{"type":"Feature","properties":{"vrsta":"DTK trasa"},"geometry":{"type":"LineString","coordinates":[[16.500234,43.521098],[16.500249,43.521129]]}},{"type":"Feature","properties":{"vrsta":"DTK trasa"},"geometry":{"type":"LineString","coordinates":[[16.500249,43.521129],[16.500251,43.521148]]}},{"type":"Feature","properties":{"vrsta":"DTK trasa"},"geometry":{"type":"LineString","coordinates":[[16.505185,43.520262],[16.504957,43.520345]]}},{"type":"Feature","properties":{"vrsta":"DTK trasa"},"geometry":{"type":"LineString","coordinates":[[16.504957,43.520345],[16.504878,43.520387]]}},{"type":"Feature","properties":{"vrsta":"DTK trasa"},"geometry":{"type":"LineString","coordinates":[[16.504878,43.520387],[16.504755,43.520438]]}},{"type":"Feature","properties":{"vrsta":"DTK trasa"},"geometry":{"type":"LineString","coordinates":[[16.504755,43.520438],[16.504589,43.520486]]}},{"type":"Feature","properties":{"vrsta":"DTK trasa"},"geometry":{"type":"LineString","coordinates":[[16.504589,43.520486],[16.504527,43.520501]]}},{"type":"Feature","properties":{"vrsta":"DTK trasa"},"geometry":{"type":"LineString","coordinates":[[16.504527,43.520501],[16.504548,43.52056]]}},{"type":"Feature","properties":{"vrsta":"DTK trasa"},"geometry":{"type":"LineString","coordinates":[[16.504548,43.52056],[16.50445,43.520584]]}},{"type":"Feature","properties":{"vrsta":"DTK trasa"},"geometry":{"type":"LineString","coordinates":[[16.50445,43.520584],[16.504211,43.52063]]}},{"type":"Feature","properties":{"vrsta":"DTK trasa"},"geometry":{"type":"LineString","coordinates":[[16.504211,43.52063],[16.50405,43.520653]]}},{"type":"Feature","properties":{"vrsta":"DTK trasa"},"geometry":{"type":"LineString","coordinates":[[16.50405,43.520653],[16.503794,43.520674]]}},{"type":"Feature","properties":{"vrsta":"DTK trasa"},"geometry":{"type":"LineString","coordinates":[[16.503794,43.520674],[16.503539,43.52069]]}},{"type":"Feature","properties":{"vrsta":"DTK trasa"},"geometry":{"type":"LineString","coordinates":[[16.503539,43.52069],[16.503286,43.520683]]}},{"type":"Feature","properties":{"vrsta":"DTK trasa"},"geometry":{"type":"LineString","coordinates":[[16.503286,43.520683],[16.503099,43.520672]]}},{"type":"Feature","properties":{"vrsta":"DTK trasa"},"geometry":{"type":"LineString","coordinates":[[16.503099,43.520672],[16.502673,43.520621]]}},{"type":"Feature","properties":{"vrsta":"DTK trasa"},"geometry":{"type":"LineString","coordinates":[[16.502673,43.520621],[16.502459,43.520608]]}},{"type":"Feature","properties":{"vrsta":"DTK trasa"},"geometry":{"type":"LineString","coordinates":[[16.502459,43.520608],[16.502351,43.520599]]}},{"type":"Feature","properties":{"vrsta":"DTK trasa"},"geometry":{"type":"LineString","coordinates":[[16.502351,43.520599],[16.50218,43.520607]]}},{"type":"Feature","properties":{"vrsta":"DTK trasa"},"geometry":{"type":"LineString","coordinates":[[16.50218,43.520607],[16.501844,43.520645]]}},{"type":"Feature","properties":{"vrsta":"DTK trasa"},"geometry":{"type":"LineString","coordinates":[[16.501844,43.520645],[16.501571,43.520703]]}},{"type":"Feature","properties":{"vrsta":"DTK trasa"},"geometry":{"type":"LineString","coordinates":[[16.501571,43.520703],[16.501324,43.520771]]}},{"type":"Feature","properties":{"vrsta":"DTK trasa"},"geometry":{"type":"LineString","coordinates":[[16.501324,43.520771],[16.50102,43.520854]]}},{"type":"Feature","properties":{"vrsta":"DTK trasa"},"geometry":{"type":"LineString","coordinates":[[16.50102,43.520854],[16.500926,43.520875]]}},{"type":"Feature","properties":{"vrsta":"DTK trasa"},"geometry":{"type":"LineString","coordinates":[[16.500926,43.520875],[16.500471,43.520995]]}},{"type":"Feature","properties":{"vrsta":"DTK trasa"},"geometry":{"type":"LineString","coordinates":[[16.500471,43.520995],[16.500272,43.521048]]}},{"type":"Feature","properties":{"vrsta":"DTK trasa"},"geometry":{"type":"LineString","coordinates":[[16.500272,43.521048],[16.500219,43.521067]]}},{"type":"Feature","properties":{"vrsta":"DTK trasa"},"geometry":{"type":"LineString","coordinates":[[16.500219,43.521067],[16.50025,43.521092]]}},{"type":"Feature","properties":{"vrsta":"DTK trasa"},"geometry":{"type":"LineString","coordinates":[[16.50025,43.521092],[16.500278,43.521109]]}},{"type":"Feature","properties":{"vrsta":"DTK trasa"},"geometry":{"type":"LineString","coordinates":[[16.500278,43.521109],[16.500387,43.521285]]}},{"type":"Feature","properties":{"vrsta":"DTK trasa"},"geometry":{"type":"LineString","coordinates":[[16.500387,43.521285],[16.500432,43.521368]]}},{"type":"Feature","properties":{"vrsta":"DTK trasa"},"geometry":{"type":"LineString","coordinates":[[16.500432,43.521368],[16.500436,43.521374]]}},{"type":"Feature","properties":{"vrsta":"DTK trasa"},"geometry":{"type":"LineString","coordinates":[[16.500436,43.521374],[16.500501,43.521582]]}},{"type":"Feature","properties":{"vrsta":"DTK trasa"},"geometry":{"type":"LineString","coordinates":[[16.500501,43.521582],[16.50053,43.521691]]}},{"type":"Feature","properties":{"vrsta":"DTK trasa"},"geometry":{"type":"LineString","coordinates":[[16.50053,43.521691],[16.500538,43.521724]]}},{"type":"Feature","properties":{"vrsta":"DTK trasa"},"geometry":{"type":"LineString","coordinates":[[16.500538,43.521724],[16.500541,43.521737]]}},{"type":"Feature","properties":{"vrsta":"DTK trasa"},"geometry":{"type":"LineString","coordinates":[[16.500541,43.521737],[16.500536,43.521743]]}},{"type":"Feature","properties":{"vrsta":"DTK trasa"},"geometry":{"type":"LineString","coordinates":[[16.500536,43.521743],[16.500498,43.521749]]}},{"type":"Feature","properties":{"vrsta":"DTK trasa"},"geometry":{"type":"LineString","coordinates":[[16.500498,43.521749],[16.500468,43.521754]]}},{"type":"Feature","properties":{"vrsta":"DTK trasa"},"geometry":{"type":"LineString","coordinates":[[16.500468,43.521754],[16.500457,43.52176]]}},{"type":"Feature","properties":{"vrsta":"DTK trasa"},"geometry":{"type":"LineString","coordinates":[[16.500457,43.52176],[16.500476,43.521807]]}},{"type":"Feature","properties":{"vrsta":"DTK trasa"},"geometry":{"type":"LineString","coordinates":[[16.500476,43.521807],[16.50049,43.521832]]}},{"type":"Feature","properties":{"vrsta":"DTK trasa"},"geometry":{"type":"LineString","coordinates":[[16.50049,43.521832],[16.500555,43.521892]]}},{"type":"Feature","properties":{"vrsta":"DTK trasa"},"geometry":{"type":"LineString","coordinates":[[16.500555,43.521892],[16.500688,43.521986]]}},{"type":"Feature","properties":{"vrsta":"DTK trasa"},"geometry":{"type":"LineString","coordinates":[[16.500688,43.521986],[16.500689,43.521994]]}},{"type":"Feature","properties":{"vrsta":"DTK trasa"},"geometry":{"type":"LineString","coordinates":[[16.498189,43.521216],[16.498192,43.521174]]}},{"type":"Feature","properties":{"vrsta":"DTK trasa"},"geometry":{"type":"LineString","coordinates":[[16.498192,43.521174],[16.498281,43.521093]]}},{"type":"Feature","properties":{"vrsta":"DTK trasa"},"geometry":{"type":"LineString","coordinates":[[16.498281,43.521093],[16.498403,43.521063]]}},{"type":"Feature","properties":{"vrsta":"DTK trasa"},"geometry":{"type":"LineString","coordinates":[[16.498403,43.521063],[16.498566,43.521037]]}},{"type":"Feature","properties":{"vrsta":"DTK trasa"},"geometry":{"type":"LineString","coordinates":[[16.498566,43.521037],[16.498486,43.521096]]}},{"type":"Feature","properties":{"vrsta":"DTK trasa"},"geometry":{"type":"LineString","coordinates":[[16.498486,43.521096],[16.498442,43.521118]]}},{"type":"Feature","properties":{"vrsta":"DTK trasa"},"geometry":{"type":"LineString","coordinates":[[16.498748,43.521497],[16.498713,43.521435]]}},{"type":"Feature","properties":{"vrsta":"DTK trasa"},"geometry":{"type":"LineString","coordinates":[[16.498713,43.521435],[16.498657,43.521304]]}},{"type":"Feature","properties":{"vrsta":"DTK trasa"},"geometry":{"type":"LineString","coordinates":[[16.498657,43.521304],[16.498611,43.521183]]}},{"type":"Feature","properties":{"vrsta":"DTK trasa"},"geometry":{"type":"LineString","coordinates":[[16.498611,43.521183],[16.498599,43.52115]]}},{"type":"Feature","properties":{"vrsta":"DTK trasa"},"geometry":{"type":"LineString","coordinates":[[16.498599,43.52115],[16.498578,43.521074]]}},{"type":"Feature","properties":{"vrsta":"DTK trasa"},"geometry":{"type":"LineString","coordinates":[[16.498578,43.521074],[16.498566,43.521037]]}},{"type":"Feature","properties":{"vrsta":"DTK trasa"},"geometry":{"type":"LineString","coordinates":[[16.498566,43.521037],[16.498585,43.521031]]}},{"type":"Feature","properties":{"vrsta":"DTK trasa"},"geometry":{"type":"LineString","coordinates":[[16.504957,43.520345],[16.50493,43.520316]]}},{"type":"Feature","properties":{"vrsta":"DTK trasa"},"geometry":{"type":"LineString","coordinates":[[16.50493,43.520316],[16.504896,43.520268]]}},{"type":"Feature","properties":{"vrsta":"DTK trasa"},"geometry":{"type":"LineString","coordinates":[[16.504896,43.520268],[16.504729,43.520148]]}},{"type":"Feature","properties":{"vrsta":"DTK trasa"},"geometry":{"type":"LineString","coordinates":[[16.504729,43.520148],[16.504683,43.520094]]}},{"type":"Feature","properties":{"vrsta":"DTK trasa"},"geometry":{"type":"LineString","coordinates":[[16.504683,43.520094],[16.504771,43.520069]]}},{"type":"Feature","properties":{"vrsta":"DTK trasa"},"geometry":{"type":"LineString","coordinates":[[16.504771,43.520069],[16.504991,43.520012]]}},{"type":"Feature","properties":{"vrsta":"DTK trasa"},"geometry":{"type":"LineString","coordinates":[[16.504683,43.520094],[16.504629,43.52003]]}},{"type":"Feature","properties":{"vrsta":"DTK trasa"},"geometry":{"type":"LineString","coordinates":[[16.504629,43.52003],[16.504602,43.519973]]}},{"type":"Feature","properties":{"vrsta":"DTK trasa"},"geometry":{"type":"LineString","coordinates":[[16.504602,43.519973],[16.504565,43.519907]]}},{"type":"Feature","properties":{"vrsta":"DTK trasa"},"geometry":{"type":"LineString","coordinates":[[16.504565,43.519907],[16.504588,43.519903]]}},{"type":"Feature","properties":{"vrsta":"DTK trasa"},"geometry":{"type":"LineString","coordinates":[[16.504565,43.519907],[16.504565,43.519905]]}},{"type":"Feature","properties":{"vrsta":"DTK trasa"},"geometry":{"type":"LineString","coordinates":[[16.504565,43.519905],[16.504561,43.519842]]}},{"type":"Feature","properties":{"vrsta":"DTK trasa"},"geometry":{"type":"LineString","coordinates":[[16.504561,43.519842],[16.504562,43.519707]]}},{"type":"Feature","properties":{"vrsta":"DTK trasa"},"geometry":{"type":"LineString","coordinates":[[16.504562,43.519707],[16.504561,43.519608]]}},{"type":"Feature","properties":{"vrsta":"DTK trasa"},"geometry":{"type":"LineString","coordinates":[[16.504548,43.52056],[16.504623,43.520532]]}},{"type":"Feature","properties":{"vrsta":"DTK trasa"},"geometry":{"type":"LineString","coordinates":[[16.504623,43.520532],[16.50491,43.520481]]}},{"type":"Feature","properties":{"vrsta":"DTK trasa"},"geometry":{"type":"LineString","coordinates":[[16.50491,43.520481],[16.505025,43.520467]]}},{"type":"Feature","properties":{"vrsta":"DTK trasa"},"geometry":{"type":"LineString","coordinates":[[16.505025,43.520467],[16.505062,43.520471]]}},{"type":"Feature","properties":{"vrsta":"DTK trasa"},"geometry":{"type":"LineString","coordinates":[[16.505062,43.520471],[16.505147,43.520481]]}},{"type":"Feature","properties":{"vrsta":"DTK trasa"},"geometry":{"type":"LineString","coordinates":[[16.505147,43.520481],[16.505325,43.52054]]}},{"type":"Feature","properties":{"vrsta":"DTK trasa"},"geometry":{"type":"LineString","coordinates":[[16.505325,43.52054],[16.505477,43.520595]]}},{"type":"Feature","properties":{"vrsta":"DTK trasa"},"geometry":{"type":"LineString","coordinates":[[16.505477,43.520595],[16.505482,43.520597]]}},{"type":"Feature","properties":{"vrsta":"DTK trasa"},"geometry":{"type":"LineString","coordinates":[[16.505482,43.520597],[16.505488,43.520598]]}},{"type":"Feature","properties":{"vrsta":"DTK trasa"},"geometry":{"type":"LineString","coordinates":[[16.505488,43.520598],[16.505794,43.5207]]}},{"type":"Feature","properties":{"vrsta":"DTK trasa"},"geometry":{"type":"LineString","coordinates":[[16.505794,43.5207],[16.506113,43.520805]]}},{"type":"Feature","properties":{"vrsta":"DTK trasa"},"geometry":{"type":"LineString","coordinates":[[16.506113,43.520805],[16.506154,43.520841]]}},{"type":"Feature","properties":{"vrsta":"DTK trasa"},"geometry":{"type":"LineString","coordinates":[[16.506154,43.520841],[16.506132,43.520852]]}},{"type":"Feature","properties":{"vrsta":"DTK trasa"},"geometry":{"type":"LineString","coordinates":[[16.506386,43.519841],[16.506393,43.519876]]}},{"type":"Feature","properties":{"vrsta":"DTK trasa"},"geometry":{"type":"LineString","coordinates":[[16.506393,43.519876],[16.50675,43.51985]]}},{"type":"Feature","properties":{"vrsta":"DTK trasa"},"geometry":{"type":"LineString","coordinates":[[16.506794,43.519984],[16.50688,43.520377]]}},{"type":"Feature","properties":{"vrsta":"DTK trasa"},"geometry":{"type":"LineString","coordinates":[[16.50688,43.520377],[16.506925,43.520491]]}},{"type":"Feature","properties":{"vrsta":"DTK trasa"},"geometry":{"type":"LineString","coordinates":[[16.506925,43.520491],[16.50693,43.520525]]}},{"type":"Feature","properties":{"vrsta":"DTK trasa"},"geometry":{"type":"LineString","coordinates":[[16.50693,43.520525],[16.506925,43.52053]]}},{"type":"Feature","properties":{"vrsta":"DTK trasa"},"geometry":{"type":"LineString","coordinates":[[16.506925,43.52053],[16.506901,43.520561]]}},{"type":"Feature","properties":{"vrsta":"DTK trasa"},"geometry":{"type":"LineString","coordinates":[[16.506901,43.520561],[16.506835,43.520612]]}},{"type":"Feature","properties":{"vrsta":"DTK trasa"},"geometry":{"type":"LineString","coordinates":[[16.506835,43.520612],[16.50672,43.520677]]}},{"type":"Feature","properties":{"vrsta":"DTK trasa"},"geometry":{"type":"LineString","coordinates":[[16.50672,43.520677],[16.506354,43.520779]]}},{"type":"Feature","properties":{"vrsta":"DTK trasa"},"geometry":{"type":"LineString","coordinates":[[16.506354,43.520779],[16.506154,43.520841]]}},{"type":"Feature","properties":{"vrsta":"DTK trasa"},"geometry":{"type":"LineString","coordinates":[[16.506154,43.520841],[16.506184,43.520866]]}},{"type":"Feature","properties":{"vrsta":"DTK trasa"},"geometry":{"type":"LineString","coordinates":[[16.506184,43.520866],[16.506172,43.521036]]}},{"type":"Feature","properties":{"vrsta":"DTK trasa"},"geometry":{"type":"LineString","coordinates":[[16.506172,43.521036],[16.506125,43.521221]]}},{"type":"Feature","properties":{"vrsta":"DTK trasa"},"geometry":{"type":"LineString","coordinates":[[16.506125,43.521221],[16.506043,43.5214]]}},{"type":"Feature","properties":{"vrsta":"DTK trasa"},"geometry":{"type":"LineString","coordinates":[[16.506043,43.5214],[16.506041,43.521406]]}},{"type":"Feature","properties":{"vrsta":"DTK trasa"},"geometry":{"type":"LineString","coordinates":[[16.506041,43.521406],[16.505943,43.521563]]}},{"type":"Feature","properties":{"vrsta":"DTK trasa"},"geometry":{"type":"LineString","coordinates":[[16.505943,43.521563],[16.505867,43.521685]]}},{"type":"Feature","properties":{"vrsta":"DTK trasa"},"geometry":{"type":"LineString","coordinates":[[16.505867,43.521685],[16.505843,43.521744]]}},{"type":"Feature","properties":{"vrsta":"DTK trasa"},"geometry":{"type":"LineString","coordinates":[[16.505843,43.521744],[16.505803,43.521861]]}},{"type":"Feature","properties":{"vrsta":"DTK trasa"},"geometry":{"type":"LineString","coordinates":[[16.505803,43.521861],[16.505754,43.52204]]}},{"type":"Feature","properties":{"vrsta":"DTK trasa"},"geometry":{"type":"LineString","coordinates":[[16.505754,43.52204],[16.505704,43.522248]]}},{"type":"Feature","properties":{"vrsta":"DTK trasa"},"geometry":{"type":"LineString","coordinates":[[16.505704,43.522248],[16.505703,43.522254]]}},{"type":"Feature","properties":{"vrsta":"DTK trasa"},"geometry":{"type":"LineString","coordinates":[[16.505703,43.522254],[16.50562,43.522313]]}},{"type":"Feature","properties":{"vrsta":"DTK trasa"},"geometry":{"type":"LineString","coordinates":[[16.50562,43.522313],[16.505655,43.522247]]}},{"type":"Feature","properties":{"vrsta":"DTK trasa"},"geometry":{"type":"LineString","coordinates":[[16.50562,43.522313],[16.505696,43.522337]]}},{"type":"Feature","properties":{"vrsta":"DTK trasa"},"geometry":{"type":"LineString","coordinates":[[16.505696,43.522337],[16.505735,43.522489]]}},{"type":"Feature","properties":{"vrsta":"DTK trasa"},"geometry":{"type":"LineString","coordinates":[[16.505735,43.522489],[16.505766,43.522687]]}},{"type":"Feature","properties":{"vrsta":"DTK trasa"},"geometry":{"type":"LineString","coordinates":[[16.505766,43.522687],[16.505771,43.522808]]}},{"type":"Feature","properties":{"vrsta":"DTK trasa"},"geometry":{"type":"LineString","coordinates":[[16.505771,43.522808],[16.505771,43.522814]]}},{"type":"Feature","properties":{"vrsta":"DTK trasa"},"geometry":{"type":"LineString","coordinates":[[16.505771,43.522814],[16.505763,43.522879]]}},{"type":"Feature","properties":{"vrsta":"DTK trasa"},"geometry":{"type":"LineString","coordinates":[[16.505763,43.522879],[16.505747,43.522956]]}},{"type":"Feature","properties":{"vrsta":"DTK trasa"},"geometry":{"type":"LineString","coordinates":[[16.505747,43.522956],[16.505754,43.522986]]}},{"type":"Feature","properties":{"vrsta":"DTK trasa"},"geometry":{"type":"LineString","coordinates":[[16.505754,43.522986],[16.505774,43.523077]]}},{"type":"Feature","properties":{"vrsta":"DTK trasa"},"geometry":{"type":"LineString","coordinates":[[16.505774,43.523077],[16.505806,43.52325]]}},{"type":"Feature","properties":{"vrsta":"DTK trasa"},"geometry":{"type":"LineString","coordinates":[[16.505806,43.52325],[16.50583,43.523383]]}},{"type":"Feature","properties":{"vrsta":"DTK trasa"},"geometry":{"type":"LineString","coordinates":[[16.50583,43.523383],[16.505852,43.523502]]}},{"type":"Feature","properties":{"vrsta":"DTK trasa"},"geometry":{"type":"LineString","coordinates":[[16.505852,43.523502],[16.506126,43.523464]]}},{"type":"Feature","properties":{"vrsta":"DTK trasa"},"geometry":{"type":"LineString","coordinates":[[16.506126,43.523464],[16.506274,43.523447]]}},{"type":"Feature","properties":{"vrsta":"DTK trasa"},"geometry":{"type":"LineString","coordinates":[[16.506274,43.523447],[16.506388,43.523436]]}},{"type":"Feature","properties":{"vrsta":"DTK trasa"},"geometry":{"type":"LineString","coordinates":[[16.506388,43.523436],[16.506447,43.523431]]}},{"type":"Feature","properties":{"vrsta":"DTK trasa"},"geometry":{"type":"LineString","coordinates":[[16.506447,43.523431],[16.506513,43.523439]]}},{"type":"Feature","properties":{"vrsta":"DTK trasa"},"geometry":{"type":"LineString","coordinates":[[16.506513,43.523439],[16.506605,43.523478]]}},{"type":"Feature","properties":{"vrsta":"DTK trasa"},"geometry":{"type":"LineString","coordinates":[[16.506605,43.523478],[16.506651,43.523523]]}},{"type":"Feature","properties":{"vrsta":"DTK trasa"},"geometry":{"type":"LineString","coordinates":[[16.506651,43.523523],[16.506686,43.523592]]}},{"type":"Feature","properties":{"vrsta":"DTK trasa"},"geometry":{"type":"LineString","coordinates":[[16.505852,43.523502],[16.505959,43.523886]]}},{"type":"Feature","properties":{"vrsta":"DTK trasa"},"geometry":{"type":"LineString","coordinates":[[16.505959,43.523886],[16.505971,43.523981]]}},{"type":"Feature","properties":{"vrsta":"DTK trasa"},"geometry":{"type":"LineString","coordinates":[[16.505971,43.523981],[16.505895,43.523997]]}},{"type":"Feature","properties":{"vrsta":"DTK trasa"},"geometry":{"type":"LineString","coordinates":[[16.505895,43.523997],[16.505662,43.524022]]}},{"type":"Feature","properties":{"vrsta":"DTK trasa"},"geometry":{"type":"LineString","coordinates":[[16.505662,43.524022],[16.505577,43.524051]]}},{"type":"Feature","properties":{"vrsta":"DTK trasa"},"geometry":{"type":"LineString","coordinates":[[16.505577,43.524051],[16.505447,43.524103]]}},{"type":"Feature","properties":{"vrsta":"DTK trasa"},"geometry":{"type":"LineString","coordinates":[[16.505447,43.524103],[16.505394,43.524111]]}},{"type":"Feature","properties":{"vrsta":"DTK trasa"},"geometry":{"type":"LineString","coordinates":[[16.505394,43.524111],[16.5054,43.524255]]}},{"type":"Feature","properties":{"vrsta":"DTK trasa"},"geometry":{"type":"LineString","coordinates":[[16.505394,43.524111],[16.505235,43.524134]]}},{"type":"Feature","properties":{"vrsta":"DTK trasa"},"geometry":{"type":"LineString","coordinates":[[16.505235,43.524134],[16.505171,43.524136]]}},{"type":"Feature","properties":{"vrsta":"DTK trasa"},"geometry":{"type":"LineString","coordinates":[[16.505171,43.524136],[16.505161,43.524072]]}},{"type":"Feature","properties":{"vrsta":"DTK trasa"},"geometry":{"type":"LineString","coordinates":[[16.505171,43.524136],[16.505007,43.524142]]}},{"type":"Feature","properties":{"vrsta":"DTK trasa"},"geometry":{"type":"LineString","coordinates":[[16.505007,43.524142],[16.504889,43.524168]]}},{"type":"Feature","properties":{"vrsta":"DTK trasa"},"geometry":{"type":"LineString","coordinates":[[16.504889,43.524168],[16.504832,43.524183]]}},{"type":"Feature","properties":{"vrsta":"DTK trasa"},"geometry":{"type":"LineString","coordinates":[[16.504832,43.524183],[16.504637,43.52418]]}},{"type":"Feature","properties":{"vrsta":"DTK trasa"},"geometry":{"type":"LineString","coordinates":[[16.504637,43.52418],[16.504612,43.524066]]}},{"type":"Feature","properties":{"vrsta":"DTK trasa"},"geometry":{"type":"LineString","coordinates":[[16.5037,43.524033],[16.503683,43.524134]]}},{"type":"Feature","properties":{"vrsta":"DTK trasa"},"geometry":{"type":"LineString","coordinates":[[16.503683,43.524134],[16.503841,43.524132]]}},{"type":"Feature","properties":{"vrsta":"DTK trasa"},"geometry":{"type":"LineString","coordinates":[[16.503841,43.524132],[16.504387,43.524175]]}},{"type":"Feature","properties":{"vrsta":"DTK trasa"},"geometry":{"type":"LineString","coordinates":[[16.504387,43.524175],[16.504603,43.524175]]}},{"type":"Feature","properties":{"vrsta":"DTK trasa"},"geometry":{"type":"LineString","coordinates":[[16.504603,43.524175],[16.504637,43.52418]]}},{"type":"Feature","properties":{"vrsta":"DTK trasa"},"geometry":{"type":"LineString","coordinates":[[16.504637,43.52418],[16.504651,43.524362]]}},{"type":"Feature","properties":{"vrsta":"DTK trasa"},"geometry":{"type":"LineString","coordinates":[[16.503683,43.524134],[16.503657,43.524134]]}},{"type":"Feature","properties":{"vrsta":"DTK trasa"},"geometry":{"type":"LineString","coordinates":[[16.503657,43.524134],[16.503569,43.524143]]}},{"type":"Feature","properties":{"vrsta":"DTK trasa"},"geometry":{"type":"LineString","coordinates":[[16.503569,43.524143],[16.503562,43.524103]]}},{"type":"Feature","properties":{"vrsta":"DTK trasa"},"geometry":{"type":"LineString","coordinates":[[16.503527,43.524148],[16.503338,43.524168]]}},{"type":"Feature","properties":{"vrsta":"DTK trasa"},"geometry":{"type":"LineString","coordinates":[[16.503338,43.524168],[16.503186,43.524191]]}},{"type":"Feature","properties":{"vrsta":"DTK trasa"},"geometry":{"type":"LineString","coordinates":[[16.503186,43.524191],[16.50297,43.524239]]}},{"type":"Feature","properties":{"vrsta":"DTK trasa"},"geometry":{"type":"LineString","coordinates":[[16.50297,43.524239],[16.50286,43.524245]]}},{"type":"Feature","properties":{"vrsta":"DTK trasa"},"geometry":{"type":"LineString","coordinates":[[16.50286,43.524245],[16.502868,43.524216]]}},{"type":"Feature","properties":{"vrsta":"DTK trasa"},"geometry":{"type":"LineString","coordinates":[[16.50286,43.524245],[16.502788,43.524249]]}},{"type":"Feature","properties":{"vrsta":"DTK trasa"},"geometry":{"type":"LineString","coordinates":[[16.502788,43.524249],[16.502669,43.524259]]}},{"type":"Feature","properties":{"vrsta":"DTK trasa"},"geometry":{"type":"LineString","coordinates":[[16.502669,43.524259],[16.502688,43.524279]]}},{"type":"Feature","properties":{"vrsta":"DTK trasa"},"geometry":{"type":"LineString","coordinates":[[16.502729,43.523212],[16.502719,43.523205]]}},{"type":"Feature","properties":{"vrsta":"DTK trasa"},"geometry":{"type":"LineString","coordinates":[[16.502719,43.523205],[16.502565,43.523206]]}},{"type":"Feature","properties":{"vrsta":"DTK trasa"},"geometry":{"type":"LineString","coordinates":[[16.502565,43.523206],[16.502605,43.523229]]}},{"type":"Feature","properties":{"vrsta":"DTK trasa"},"geometry":{"type":"LineString","coordinates":[[16.502565,43.523206],[16.50245,43.523206]]}},{"type":"Feature","properties":{"vrsta":"DTK trasa"},"geometry":{"type":"LineString","coordinates":[[16.50245,43.523206],[16.502438,43.52321]]}},{"type":"Feature","properties":{"vrsta":"DTK trasa"},"geometry":{"type":"LineString","coordinates":[[16.502438,43.52321],[16.502346,43.52321]]}},{"type":"Feature","properties":{"vrsta":"DTK trasa"},"geometry":{"type":"LineString","coordinates":[[16.502346,43.52321],[16.502343,43.523224]]}},{"type":"Feature","properties":{"vrsta":"DTK trasa"},"geometry":{"type":"LineString","coordinates":[[16.502438,43.52321],[16.502443,43.523241]]}},{"type":"Feature","properties":{"vrsta":"DTK trasa"},"geometry":{"type":"LineString","coordinates":[[16.502443,43.523241],[16.502446,43.523268]]}},{"type":"Feature","properties":{"vrsta":"DTK trasa"},"geometry":{"type":"LineString","coordinates":[[16.502446,43.523268],[16.502464,43.523348]]}},{"type":"Feature","properties":{"vrsta":"DTK trasa"},"geometry":{"type":"LineString","coordinates":[[16.502464,43.523348],[16.502496,43.523406]]}},{"type":"Feature","properties":{"vrsta":"DTK trasa"},"geometry":{"type":"LineString","coordinates":[[16.502496,43.523406],[16.502341,43.523438]]}},{"type":"Feature","properties":{"vrsta":"DTK trasa"},"geometry":{"type":"LineString","coordinates":[[16.502341,43.523438],[16.502349,43.523456]]}},{"type":"Feature","properties":{"vrsta":"DTK trasa"},"geometry":{"type":"LineString","coordinates":[[16.502496,43.523406],[16.502556,43.523605]]}},{"type":"Feature","properties":{"vrsta":"DTK trasa"},"geometry":{"type":"LineString","coordinates":[[16.502556,43.523605],[16.502559,43.523615]]}},{"type":"Feature","properties":{"vrsta":"DTK trasa"},"geometry":{"type":"LineString","coordinates":[[16.502559,43.523615],[16.502526,43.523617]]}},{"type":"Feature","properties":{"vrsta":"DTK trasa"},"geometry":{"type":"LineString","coordinates":[[16.502559,43.523615],[16.502565,43.523672]]}},{"type":"Feature","properties":{"vrsta":"DTK trasa"},"geometry":{"type":"LineString","coordinates":[[16.502565,43.523672],[16.502574,43.523777]]}},{"type":"Feature","properties":{"vrsta":"DTK trasa"},"geometry":{"type":"LineString","coordinates":[[16.502574,43.523777],[16.502597,43.523956]]}},{"type":"Feature","properties":{"vrsta":"DTK trasa"},"geometry":{"type":"LineString","coordinates":[[16.502597,43.523956],[16.502608,43.524087]]}},{"type":"Feature","properties":{"vrsta":"DTK trasa"},"geometry":{"type":"LineString","coordinates":[[16.502608,43.524087],[16.502609,43.524099]]}},{"type":"Feature","properties":{"vrsta":"DTK trasa"},"geometry":{"type":"LineString","coordinates":[[16.502609,43.524099],[16.502554,43.524114]]}},{"type":"Feature","properties":{"vrsta":"DTK trasa"},"geometry":{"type":"LineString","coordinates":[[16.502554,43.524114],[16.502519,43.524145]]}},{"type":"Feature","properties":{"vrsta":"DTK trasa"},"geometry":{"type":"LineString","coordinates":[[16.502609,43.524099],[16.502655,43.524179]]}},{"type":"Feature","properties":{"vrsta":"DTK trasa"},"geometry":{"type":"LineString","coordinates":[[16.502655,43.524179],[16.502669,43.524259]]}},{"type":"Feature","properties":{"vrsta":"DTK trasa"},"geometry":{"type":"LineString","coordinates":[[16.502669,43.524259],[16.502671,43.524303]]}},{"type":"Feature","properties":{"vrsta":"DTK trasa"},"geometry":{"type":"LineString","coordinates":[[16.502671,43.524303],[16.502679,43.524364]]}},{"type":"Feature","properties":{"vrsta":"DTK trasa"},"geometry":{"type":"LineString","coordinates":[[16.502679,43.524364],[16.502625,43.524358]]}},{"type":"Feature","properties":{"vrsta":"DTK trasa"},"geometry":{"type":"LineString","coordinates":[[16.502625,43.524358],[16.502621,43.524372]]}},{"type":"Feature","properties":{"vrsta":"DTK trasa"},"geometry":{"type":"LineString","coordinates":[[16.502621,43.524372],[16.502575,43.524378]]}},{"type":"Feature","properties":{"vrsta":"DTK trasa"},"geometry":{"type":"LineString","coordinates":[[16.502625,43.524358],[16.502568,43.524352]]}},{"type":"Feature","properties":{"vrsta":"DTK trasa"},"geometry":{"type":"LineString","coordinates":[[16.502568,43.524352],[16.502152,43.52442]]}},{"type":"Feature","properties":{"vrsta":"DTK trasa"},"geometry":{"type":"LineString","coordinates":[[16.502152,43.52442],[16.502129,43.524456]]}},{"type":"Feature","properties":{"vrsta":"DTK trasa"},"geometry":{"type":"LineString","coordinates":[[16.502129,43.524456],[16.502196,43.524448]]}},{"type":"Feature","properties":{"vrsta":"DTK trasa"},"geometry":{"type":"LineString","coordinates":[[16.502411,43.524524],[16.502339,43.524539]]}},{"type":"Feature","properties":{"vrsta":"DTK trasa"},"geometry":{"type":"LineString","coordinates":[[16.502339,43.524539],[16.502208,43.524568]]}},{"type":"Feature","properties":{"vrsta":"DTK trasa"},"geometry":{"type":"LineString","coordinates":[[16.502208,43.524568],[16.502185,43.524565]]}},{"type":"Feature","properties":{"vrsta":"DTK trasa"},"geometry":{"type":"LineString","coordinates":[[16.502185,43.524565],[16.502177,43.524552]]}},{"type":"Feature","properties":{"vrsta":"DTK trasa"},"geometry":{"type":"LineString","coordinates":[[16.502177,43.524552],[16.502129,43.524456]]}},{"type":"Feature","properties":{"vrsta":"DTK trasa"},"geometry":{"type":"LineString","coordinates":[[16.502129,43.524456],[16.5021,43.524325]]}},{"type":"Feature","properties":{"vrsta":"DTK trasa"},"geometry":{"type":"LineString","coordinates":[[16.502129,43.524456],[16.50209,43.5245]]}},{"type":"Feature","properties":{"vrsta":"DTK trasa"},"geometry":{"type":"LineString","coordinates":[[16.50209,43.5245],[16.502052,43.524482]]}},{"type":"Feature","properties":{"vrsta":"DTK trasa"},"geometry":{"type":"LineString","coordinates":[[16.503527,43.524016],[16.503505,43.52402]]}},{"type":"Feature","properties":{"vrsta":"DTK trasa"},"geometry":{"type":"LineString","coordinates":[[16.503505,43.52402],[16.503513,43.524105]]}},{"type":"Feature","properties":{"vrsta":"DTK trasa"},"geometry":{"type":"LineString","coordinates":[[16.503513,43.524105],[16.503527,43.524148]]}},{"type":"Feature","properties":{"vrsta":"DTK trasa"},"geometry":{"type":"LineString","coordinates":[[16.503527,43.524148],[16.503564,43.524295]]}},{"type":"Feature","properties":{"vrsta":"DTK trasa"},"geometry":{"type":"LineString","coordinates":[[16.503564,43.524295],[16.503535,43.524298]]}},{"type":"Feature","properties":{"vrsta":"DTK trasa"},"geometry":{"type":"LineString","coordinates":[[16.503564,43.524295],[16.503589,43.524391]]}},{"type":"Feature","properties":{"vrsta":"DTK trasa"},"geometry":{"type":"LineString","coordinates":[[16.503589,43.524391],[16.503548,43.524447]]}},{"type":"Feature","properties":{"vrsta":"DTK trasa"},"geometry":{"type":"LineString","coordinates":[[16.505971,43.523981],[16.505998,43.524094]]}},{"type":"Feature","properties":{"vrsta":"DTK trasa"},"geometry":{"type":"LineString","coordinates":[[16.505998,43.524094],[16.505977,43.524241]]}},{"type":"Feature","properties":{"vrsta":"DTK trasa"},"geometry":{"type":"LineString","coordinates":[[16.505977,43.524241],[16.505929,43.524386]]}},{"type":"Feature","properties":{"vrsta":"DTK trasa"},"geometry":{"type":"LineString","coordinates":[[16.505929,43.524386],[16.505925,43.524414]]}},{"type":"Feature","properties":{"vrsta":"DTK trasa"},"geometry":{"type":"LineString","coordinates":[[16.505925,43.524414],[16.505865,43.524406]]}},{"type":"Feature","properties":{"vrsta":"DTK trasa"},"geometry":{"type":"LineString","coordinates":[[16.505925,43.524414],[16.505921,43.524444]]}},{"type":"Feature","properties":{"vrsta":"DTK trasa"},"geometry":{"type":"LineString","coordinates":[[16.505921,43.524444],[16.505951,43.524445]]}},{"type":"Feature","properties":{"vrsta":"DTK trasa"},"geometry":{"type":"LineString","coordinates":[[16.505951,43.524445],[16.505992,43.524453]]}},{"type":"Feature","properties":{"vrsta":"DTK trasa"},"geometry":{"type":"LineString","coordinates":[[16.505992,43.524453],[16.506044,43.524395]]}},{"type":"Feature","properties":{"vrsta":"DTK trasa"},"geometry":{"type":"LineString","coordinates":[[16.506275,43.525212],[16.506444,43.525218]]}},{"type":"Feature","properties":{"vrsta":"DTK trasa"},"geometry":{"type":"LineString","coordinates":[[16.506444,43.525218],[16.506418,43.525153]]}},{"type":"Feature","properties":{"vrsta":"DTK trasa"},"geometry":{"type":"LineString","coordinates":[[16.506418,43.525153],[16.506385,43.525075]]}},{"type":"Feature","properties":{"vrsta":"DTK trasa"},"geometry":{"type":"LineString","coordinates":[[16.506385,43.525075],[16.50636,43.525023]]}},{"type":"Feature","properties":{"vrsta":"DTK trasa"},"geometry":{"type":"LineString","coordinates":[[16.50636,43.525023],[16.506359,43.524991]]}},{"type":"Feature","properties":{"vrsta":"DTK trasa"},"geometry":{"type":"LineString","coordinates":[[16.506359,43.524991],[16.506384,43.524864]]}},{"type":"Feature","properties":{"vrsta":"DTK trasa"},"geometry":{"type":"LineString","coordinates":[[16.506384,43.524864],[16.5064,43.5247]]}},{"type":"Feature","properties":{"vrsta":"DTK trasa"},"geometry":{"type":"LineString","coordinates":[[16.5064,43.5247],[16.506408,43.52459]]}},{"type":"Feature","properties":{"vrsta":"DTK trasa"},"geometry":{"type":"LineString","coordinates":[[16.506408,43.52459],[16.50642,43.524493]]}},{"type":"Feature","properties":{"vrsta":"DTK trasa"},"geometry":{"type":"LineString","coordinates":[[16.50642,43.524493],[16.506197,43.524472]]}},{"type":"Feature","properties":{"vrsta":"DTK trasa"},"geometry":{"type":"LineString","coordinates":[[16.505992,43.524453],[16.506018,43.524462]]}},{"type":"Feature","properties":{"vrsta":"DTK trasa"},"geometry":{"type":"LineString","coordinates":[[16.506018,43.524462],[16.50605,43.524477]]}},{"type":"Feature","properties":{"vrsta":"DTK trasa"},"geometry":{"type":"LineString","coordinates":[[16.50605,43.524477],[16.50605,43.524524]]}},{"type":"Feature","properties":{"vrsta":"DTK trasa"},"geometry":{"type":"LineString","coordinates":[[16.505921,43.524444],[16.5059,43.524458]]}},{"type":"Feature","properties":{"vrsta":"DTK trasa"},"geometry":{"type":"LineString","coordinates":[[16.5059,43.524458],[16.505888,43.524483]]}},{"type":"Feature","properties":{"vrsta":"DTK trasa"},"geometry":{"type":"LineString","coordinates":[[16.505888,43.524483],[16.505886,43.524481]]}},{"type":"Feature","properties":{"vrsta":"DTK trasa"},"geometry":{"type":"LineString","coordinates":[[16.505886,43.524481],[16.505818,43.524474]]}},{"type":"Feature","properties":{"vrsta":"DTK trasa"},"geometry":{"type":"LineString","coordinates":[[16.505888,43.524483],[16.50587,43.52452]]}},{"type":"Feature","properties":{"vrsta":"DTK trasa"},"geometry":{"type":"LineString","coordinates":[[16.50587,43.52452],[16.505711,43.524844]]}},{"type":"Feature","properties":{"vrsta":"DTK trasa"},"geometry":{"type":"LineString","coordinates":[[16.505711,43.524844],[16.505658,43.524888]]}},{"type":"Feature","properties":{"vrsta":"DTK trasa"},"geometry":{"type":"LineString","coordinates":[[16.505658,43.524888],[16.505564,43.524918]]}},{"type":"Feature","properties":{"vrsta":"DTK trasa"},"geometry":{"type":"LineString","coordinates":[[16.505564,43.524918],[16.505154,43.524998]]}},{"type":"Feature","properties":{"vrsta":"DTK trasa"},"geometry":{"type":"LineString","coordinates":[[16.505154,43.524998],[16.505106,43.524995]]}},{"type":"Feature","properties":{"vrsta":"DTK trasa"},"geometry":{"type":"LineString","coordinates":[[16.505106,43.524995],[16.504911,43.524991]]}},{"type":"Feature","properties":{"vrsta":"DTK trasa"},"geometry":{"type":"LineString","coordinates":[[16.504911,43.524991],[16.504911,43.524778]]}},{"type":"Feature","properties":{"vrsta":"DTK trasa"},"geometry":{"type":"LineString","coordinates":[[16.504911,43.524778],[16.504911,43.524702]]}},{"type":"Feature","properties":{"vrsta":"DTK trasa"},"geometry":{"type":"LineString","coordinates":[[16.504911,43.524702],[16.504918,43.524702]]}},{"type":"Feature","properties":{"vrsta":"DTK trasa"},"geometry":{"type":"LineString","coordinates":[[16.505569,43.525053],[16.505568,43.525098]]}},{"type":"Feature","properties":{"vrsta":"DTK trasa"},"geometry":{"type":"LineString","coordinates":[[16.505568,43.525098],[16.505562,43.52519]]}},{"type":"Feature","properties":{"vrsta":"DTK trasa"},"geometry":{"type":"LineString","coordinates":[[16.505562,43.52519],[16.505552,43.525272]]}},{"type":"Feature","properties":{"vrsta":"DTK trasa"},"geometry":{"type":"LineString","coordinates":[[16.505552,43.525272],[16.505542,43.525264]]}},{"type":"Feature","properties":{"vrsta":"DTK trasa"},"geometry":{"type":"LineString","coordinates":[[16.505542,43.525264],[16.505487,43.525246]]}},{"type":"Feature","properties":{"vrsta":"DTK trasa"},"geometry":{"type":"LineString","coordinates":[[16.505487,43.525246],[16.505381,43.525269]]}},{"type":"Feature","properties":{"vrsta":"DTK trasa"},"geometry":{"type":"LineString","coordinates":[[16.505381,43.525269],[16.505388,43.525288]]}},{"type":"Feature","properties":{"vrsta":"DTK trasa"},"geometry":{"type":"LineString","coordinates":[[16.505381,43.525269],[16.50534,43.525279]]}},{"type":"Feature","properties":{"vrsta":"DTK trasa"},"geometry":{"type":"LineString","coordinates":[[16.50534,43.525279],[16.505344,43.525287]]}},{"type":"Feature","properties":{"vrsta":"DTK trasa"},"geometry":{"type":"LineString","coordinates":[[16.504911,43.524991],[16.504876,43.524991]]}},{"type":"Feature","properties":{"vrsta":"DTK trasa"},"geometry":{"type":"LineString","coordinates":[[16.504876,43.524991],[16.504744,43.524964]]}},{"type":"Feature","properties":{"vrsta":"DTK trasa"},"geometry":{"type":"LineString","coordinates":[[16.504744,43.524964],[16.504649,43.524955]]}},{"type":"Feature","properties":{"vrsta":"DTK trasa"},"geometry":{"type":"LineString","coordinates":[[16.504649,43.524955],[16.504502,43.524945]]}},{"type":"Feature","properties":{"vrsta":"DTK trasa"},"geometry":{"type":"LineString","coordinates":[[16.504502,43.524945],[16.504444,43.524948]]}},{"type":"Feature","properties":{"vrsta":"DTK trasa"},"geometry":{"type":"LineString","coordinates":[[16.504444,43.524948],[16.504336,43.524965]]}},{"type":"Feature","properties":{"vrsta":"DTK trasa"},"geometry":{"type":"LineString","coordinates":[[16.504336,43.524965],[16.504139,43.525009]]}},{"type":"Feature","properties":{"vrsta":"DTK trasa"},"geometry":{"type":"LineString","coordinates":[[16.504139,43.525009],[16.50399,43.525041]]}},{"type":"Feature","properties":{"vrsta":"DTK trasa"},"geometry":{"type":"LineString","coordinates":[[16.50399,43.525041],[16.504038,43.525099]]}},{"type":"Feature","properties":{"vrsta":"DTK trasa"},"geometry":{"type":"LineString","coordinates":[[16.50399,43.525041],[16.503959,43.525048]]}},{"type":"Feature","properties":{"vrsta":"DTK trasa"},"geometry":{"type":"LineString","coordinates":[[16.503959,43.525048],[16.5039,43.525053]]}},{"type":"Feature","properties":{"vrsta":"DTK trasa"},"geometry":{"type":"LineString","coordinates":[[16.5039,43.525053],[16.503886,43.525054]]}},{"type":"Feature","properties":{"vrsta":"DTK trasa"},"geometry":{"type":"LineString","coordinates":[[16.503886,43.525054],[16.503793,43.525039]]}},{"type":"Feature","properties":{"vrsta":"DTK trasa"},"geometry":{"type":"LineString","coordinates":[[16.503793,43.525039],[16.503709,43.525025]]}},{"type":"Feature","properties":{"vrsta":"DTK trasa"},"geometry":{"type":"LineString","coordinates":[[16.503709,43.525025],[16.503669,43.525039]]}},{"type":"Feature","properties":{"vrsta":"DTK trasa"},"geometry":{"type":"LineString","coordinates":[[16.503669,43.525039],[16.503617,43.52506]]}},{"type":"Feature","properties":{"vrsta":"DTK trasa"},"geometry":{"type":"LineString","coordinates":[[16.503617,43.52506],[16.503471,43.525119]]}},{"type":"Feature","properties":{"vrsta":"DTK trasa"},"geometry":{"type":"LineString","coordinates":[[16.503471,43.525119],[16.503374,43.525157]]}},{"type":"Feature","properties":{"vrsta":"DTK trasa"},"geometry":{"type":"LineString","coordinates":[[16.503374,43.525157],[16.503324,43.52518]]}},{"type":"Feature","properties":{"vrsta":"DTK trasa"},"geometry":{"type":"LineString","coordinates":[[16.503324,43.52518],[16.503278,43.525204]]}},{"type":"Feature","properties":{"vrsta":"DTK trasa"},"geometry":{"type":"LineString","coordinates":[[16.503278,43.525204],[16.503209,43.525286]]}},{"type":"Feature","properties":{"vrsta":"DTK trasa"},"geometry":{"type":"LineString","coordinates":[[16.505154,43.524998],[16.50515,43.525068]]}},{"type":"Feature","properties":{"vrsta":"DTK trasa"},"geometry":{"type":"LineString","coordinates":[[16.50515,43.525068],[16.505097,43.525068]]}},{"type":"Feature","properties":{"vrsta":"DTK trasa"},"geometry":{"type":"LineString","coordinates":[[16.50515,43.525068],[16.505144,43.525167]]}},{"type":"Feature","properties":{"vrsta":"DTK trasa"},"geometry":{"type":"LineString","coordinates":[[16.505144,43.525167],[16.505116,43.525217]]}},{"type":"Feature","properties":{"vrsta":"DTK trasa"},"geometry":{"type":"LineString","coordinates":[[16.505116,43.525217],[16.505086,43.525246]]}},{"type":"Feature","properties":{"vrsta":"DTK trasa"},"geometry":{"type":"LineString","coordinates":[[16.505086,43.525246],[16.505018,43.525304]]}},{"type":"Feature","properties":{"vrsta":"DTK trasa"},"geometry":{"type":"LineString","coordinates":[[16.505018,43.525304],[16.504949,43.525338]]}},{"type":"Feature","properties":{"vrsta":"DTK trasa"},"geometry":{"type":"LineString","coordinates":[[16.504261,43.525711],[16.50423,43.525686]]}},{"type":"Feature","properties":{"vrsta":"DTK trasa"},"geometry":{"type":"LineString","coordinates":[[16.50423,43.525686],[16.504198,43.52567]]}},{"type":"Feature","properties":{"vrsta":"DTK trasa"},"geometry":{"type":"LineString","coordinates":[[16.504198,43.52567],[16.504184,43.525644]]}},{"type":"Feature","properties":{"vrsta":"DTK trasa"},"geometry":{"type":"LineString","coordinates":[[16.504184,43.525644],[16.504288,43.525613]]}},{"type":"Feature","properties":{"vrsta":"DTK trasa"},"geometry":{"type":"LineString","coordinates":[[16.504288,43.525613],[16.504409,43.525563]]}},{"type":"Feature","properties":{"vrsta":"DTK trasa"},"geometry":{"type":"LineString","coordinates":[[16.504409,43.525563],[16.504511,43.525517]]}},{"type":"Feature","properties":{"vrsta":"DTK trasa"},"geometry":{"type":"LineString","coordinates":[[16.504511,43.525517],[16.504569,43.525492]]}},{"type":"Feature","properties":{"vrsta":"DTK trasa"},"geometry":{"type":"LineString","coordinates":[[16.504569,43.525492],[16.504637,43.525469]]}},{"type":"Feature","properties":{"vrsta":"DTK trasa"},"geometry":{"type":"LineString","coordinates":[[16.504637,43.525469],[16.504679,43.525593]]}},{"type":"Feature","properties":{"vrsta":"DTK trasa"},"geometry":{"type":"LineString","coordinates":[[16.504679,43.525593],[16.504667,43.525715]]}},{"type":"Feature","properties":{"vrsta":"DTK trasa"},"geometry":{"type":"LineString","coordinates":[[16.504667,43.525715],[16.504638,43.525817]]}},{"type":"Feature","properties":{"vrsta":"DTK trasa"},"geometry":{"type":"LineString","coordinates":[[16.504638,43.525817],[16.50462,43.525883]]}},{"type":"Feature","properties":{"vrsta":"DTK trasa"},"geometry":{"type":"LineString","coordinates":[[16.50462,43.525883],[16.504604,43.525945]]}},{"type":"Feature","properties":{"vrsta":"DTK trasa"},"geometry":{"type":"LineString","coordinates":[[16.504604,43.525945],[16.504524,43.525947]]}},{"type":"Feature","properties":{"vrsta":"DTK trasa"},"geometry":{"type":"LineString","coordinates":[[16.500459,43.527362],[16.500937,43.527757]]}},{"type":"Feature","properties":{"vrsta":"DTK trasa"},"geometry":{"type":"LineString","coordinates":[[16.500937,43.527757],[16.501019,43.527747]]}},{"type":"Feature","properties":{"vrsta":"DTK trasa"},"geometry":{"type":"LineString","coordinates":[[16.501019,43.527747],[16.501057,43.52774]]}},{"type":"Feature","properties":{"vrsta":"DTK trasa"},"geometry":{"type":"LineString","coordinates":[[16.501057,43.52774],[16.501065,43.52774]]}},{"type":"Feature","properties":{"vrsta":"DTK trasa"},"geometry":{"type":"LineString","coordinates":[[16.501065,43.52774],[16.501039,43.527677]]}},{"type":"Feature","properties":{"vrsta":"DTK trasa"},"geometry":{"type":"LineString","coordinates":[[16.501039,43.527677],[16.500987,43.527554]]}},{"type":"Feature","properties":{"vrsta":"DTK trasa"},"geometry":{"type":"LineString","coordinates":[[16.500987,43.527554],[16.500947,43.527481]]}},{"type":"Feature","properties":{"vrsta":"DTK trasa"},"geometry":{"type":"LineString","coordinates":[[16.500947,43.527481],[16.50091,43.527412]]}},{"type":"Feature","properties":{"vrsta":"DTK trasa"},"geometry":{"type":"LineString","coordinates":[[16.50091,43.527412],[16.500917,43.527407]]}},{"type":"Feature","properties":{"vrsta":"DTK trasa"},"geometry":{"type":"LineString","coordinates":[[16.500917,43.527407],[16.500965,43.527373]]}},{"type":"Feature","properties":{"vrsta":"DTK trasa"},"geometry":{"type":"LineString","coordinates":[[16.500965,43.527373],[16.500957,43.527371]]}},{"type":"Feature","properties":{"vrsta":"DTK trasa"},"geometry":{"type":"LineString","coordinates":[[16.500957,43.527371],[16.500935,43.527365]]}},{"type":"Feature","properties":{"vrsta":"DTK trasa"},"geometry":{"type":"LineString","coordinates":[[16.500935,43.527365],[16.500877,43.527344]]}},{"type":"Feature","properties":{"vrsta":"DTK trasa"},"geometry":{"type":"LineString","coordinates":[[16.500877,43.527344],[16.500863,43.527329]]}},{"type":"Feature","properties":{"vrsta":"DTK trasa"},"geometry":{"type":"LineString","coordinates":[[16.500863,43.527329],[16.500849,43.527306]]}},{"type":"Feature","properties":{"vrsta":"DTK trasa"},"geometry":{"type":"LineString","coordinates":[[16.501088,43.527228],[16.501087,43.52724]]}},{"type":"Feature","properties":{"vrsta":"DTK trasa"},"geometry":{"type":"LineString","coordinates":[[16.501087,43.52724],[16.501092,43.527273]]}},{"type":"Feature","properties":{"vrsta":"DTK trasa"},"geometry":{"type":"LineString","coordinates":[[16.501092,43.527273],[16.50111,43.527319]]}},{"type":"Feature","properties":{"vrsta":"DTK trasa"},"geometry":{"type":"LineString","coordinates":[[16.50111,43.527319],[16.501032,43.527345]]}},{"type":"Feature","properties":{"vrsta":"DTK trasa"},"geometry":{"type":"LineString","coordinates":[[16.501032,43.527345],[16.50098,43.527366]]}},{"type":"Feature","properties":{"vrsta":"DTK trasa"},"geometry":{"type":"LineString","coordinates":[[16.50098,43.527366],[16.500965,43.527373]]}},{"type":"Feature","properties":{"vrsta":"DTK trasa"},"geometry":{"type":"LineString","coordinates":[[16.500965,43.527373],[16.50105,43.527389]]}},{"type":"Feature","properties":{"vrsta":"DTK trasa"},"geometry":{"type":"LineString","coordinates":[[16.50105,43.527389],[16.50116,43.527397]]}},{"type":"Feature","properties":{"vrsta":"DTK trasa"},"geometry":{"type":"LineString","coordinates":[[16.50116,43.527397],[16.501299,43.527397]]}},{"type":"Feature","properties":{"vrsta":"DTK trasa"},"geometry":{"type":"LineString","coordinates":[[16.501299,43.527397],[16.501331,43.5274]]}},{"type":"Feature","properties":{"vrsta":"DTK trasa"},"geometry":{"type":"LineString","coordinates":[[16.501331,43.5274],[16.501432,43.527402]]}},{"type":"Feature","properties":{"vrsta":"DTK trasa"},"geometry":{"type":"LineString","coordinates":[[16.501432,43.527402],[16.501609,43.527402]]}},{"type":"Feature","properties":{"vrsta":"DTK trasa"},"geometry":{"type":"LineString","coordinates":[[16.501609,43.527402],[16.501912,43.527395]]}},{"type":"Feature","properties":{"vrsta":"DTK trasa"},"geometry":{"type":"LineString","coordinates":[[16.501912,43.527395],[16.501958,43.527392]]}},{"type":"Feature","properties":{"vrsta":"DTK trasa"},"geometry":{"type":"LineString","coordinates":[[16.501958,43.527392],[16.502222,43.527415]]}},{"type":"Feature","properties":{"vrsta":"DTK trasa"},"geometry":{"type":"LineString","coordinates":[[16.502222,43.527415],[16.502399,43.527425]]}},{"type":"Feature","properties":{"vrsta":"DTK trasa"},"geometry":{"type":"LineString","coordinates":[[16.502399,43.527425],[16.5024,43.527403]]}},{"type":"Feature","properties":{"vrsta":"DTK trasa"},"geometry":{"type":"LineString","coordinates":[[16.504384,43.527894],[16.504395,43.527911]]}},{"type":"Feature","properties":{"vrsta":"DTK trasa"},"geometry":{"type":"LineString","coordinates":[[16.504395,43.527911],[16.504536,43.527828]]}},{"type":"Feature","properties":{"vrsta":"DTK trasa"},"geometry":{"type":"LineString","coordinates":[[16.504536,43.527828],[16.504637,43.527793]]}},{"type":"Feature","properties":{"vrsta":"DTK trasa"},"geometry":{"type":"LineString","coordinates":[[16.504637,43.527793],[16.504723,43.527751]]}},{"type":"Feature","properties":{"vrsta":"DTK trasa"},"geometry":{"type":"LineString","coordinates":[[16.504723,43.527751],[16.504747,43.527732]]}},{"type":"Feature","properties":{"vrsta":"DTK trasa"},"geometry":{"type":"LineString","coordinates":[[16.504747,43.527732],[16.504762,43.527717]]}},{"type":"Feature","properties":{"vrsta":"DTK trasa"},"geometry":{"type":"LineString","coordinates":[[16.504762,43.527717],[16.504845,43.527703]]}},{"type":"Feature","properties":{"vrsta":"DTK trasa"},"geometry":{"type":"LineString","coordinates":[[16.504845,43.527703],[16.504976,43.527652]]}},{"type":"Feature","properties":{"vrsta":"DTK trasa"},"geometry":{"type":"LineString","coordinates":[[16.504976,43.527652],[16.504998,43.527631]]}},{"type":"Feature","properties":{"vrsta":"DTK trasa"},"geometry":{"type":"LineString","coordinates":[[16.504998,43.527631],[16.504954,43.527611]]}},{"type":"Feature","properties":{"vrsta":"DTK trasa"},"geometry":{"type":"LineString","coordinates":[[16.504954,43.527611],[16.504899,43.527555]]}},{"type":"Feature","properties":{"vrsta":"DTK trasa"},"geometry":{"type":"LineString","coordinates":[[16.504899,43.527555],[16.504843,43.527472]]}},{"type":"Feature","properties":{"vrsta":"DTK trasa"},"geometry":{"type":"LineString","coordinates":[[16.504843,43.527472],[16.504762,43.527388]]}},{"type":"Feature","properties":{"vrsta":"DTK trasa"},"geometry":{"type":"LineString","coordinates":[[16.504762,43.527388],[16.50465,43.527306]]}},{"type":"Feature","properties":{"vrsta":"DTK trasa"},"geometry":{"type":"LineString","coordinates":[[16.50465,43.527306],[16.504534,43.527237]]}},{"type":"Feature","properties":{"vrsta":"DTK trasa"},"geometry":{"type":"LineString","coordinates":[[16.504534,43.527237],[16.50438,43.52719]]}},{"type":"Feature","properties":{"vrsta":"DTK trasa"},"geometry":{"type":"LineString","coordinates":[[16.50438,43.52719],[16.50429,43.527168]]}},{"type":"Feature","properties":{"vrsta":"DTK trasa"},"geometry":{"type":"LineString","coordinates":[[16.50429,43.527168],[16.504239,43.527159]]}},{"type":"Feature","properties":{"vrsta":"DTK trasa"},"geometry":{"type":"LineString","coordinates":[[16.504239,43.527159],[16.504206,43.527157]]}},{"type":"Feature","properties":{"vrsta":"DTK trasa"},"geometry":{"type":"LineString","coordinates":[[16.504206,43.527157],[16.504165,43.52716]]}},{"type":"Feature","properties":{"vrsta":"DTK trasa"},"geometry":{"type":"LineString","coordinates":[[16.504165,43.52716],[16.504089,43.527159]]}},{"type":"Feature","properties":{"vrsta":"DTK trasa"},"geometry":{"type":"LineString","coordinates":[[16.504089,43.527159],[16.503963,43.527155]]}},{"type":"Feature","properties":{"vrsta":"DTK trasa"},"geometry":{"type":"LineString","coordinates":[[16.503963,43.527155],[16.503853,43.527165]]}},{"type":"Feature","properties":{"vrsta":"DTK trasa"},"geometry":{"type":"LineString","coordinates":[[16.503853,43.527165],[16.503739,43.527186]]}},{"type":"Feature","properties":{"vrsta":"DTK trasa"},"geometry":{"type":"LineString","coordinates":[[16.503739,43.527186],[16.503469,43.52728]]}},{"type":"Feature","properties":{"vrsta":"DTK trasa"},"geometry":{"type":"LineString","coordinates":[[16.503469,43.52728],[16.503375,43.527311]]}},{"type":"Feature","properties":{"vrsta":"DTK trasa"},"geometry":{"type":"LineString","coordinates":[[16.503375,43.527311],[16.50322,43.52736]]}},{"type":"Feature","properties":{"vrsta":"DTK trasa"},"geometry":{"type":"LineString","coordinates":[[16.50322,43.52736],[16.503118,43.527391]]}},{"type":"Feature","properties":{"vrsta":"DTK trasa"},"geometry":{"type":"LineString","coordinates":[[16.503118,43.527391],[16.503029,43.527408]]}},{"type":"Feature","properties":{"vrsta":"DTK trasa"},"geometry":{"type":"LineString","coordinates":[[16.503029,43.527408],[16.502859,43.52743]]}},{"type":"Feature","properties":{"vrsta":"DTK trasa"},"geometry":{"type":"LineString","coordinates":[[16.502859,43.52743],[16.502829,43.527435]]}},{"type":"Feature","properties":{"vrsta":"DTK trasa"},"geometry":{"type":"LineString","coordinates":[[16.502829,43.527435],[16.502739,43.527436]]}},{"type":"Feature","properties":{"vrsta":"DTK trasa"},"geometry":{"type":"LineString","coordinates":[[16.502739,43.527436],[16.502656,43.527436]]}},{"type":"Feature","properties":{"vrsta":"DTK trasa"},"geometry":{"type":"LineString","coordinates":[[16.502656,43.527436],[16.502527,43.527431]]}},{"type":"Feature","properties":{"vrsta":"DTK trasa"},"geometry":{"type":"LineString","coordinates":[[16.502527,43.527431],[16.502399,43.527425]]}},{"type":"Feature","properties":{"vrsta":"DTK trasa"},"geometry":{"type":"LineString","coordinates":[[16.502399,43.527425],[16.502391,43.527494]]}},{"type":"Feature","properties":{"vrsta":"DTK trasa"},"geometry":{"type":"LineString","coordinates":[[16.504177,43.528278],[16.504194,43.528197]]}},{"type":"Feature","properties":{"vrsta":"DTK trasa"},"geometry":{"type":"LineString","coordinates":[[16.504194,43.528197],[16.504243,43.528128]]}},{"type":"Feature","properties":{"vrsta":"DTK trasa"},"geometry":{"type":"LineString","coordinates":[[16.504243,43.528128],[16.50434,43.527988]]}},{"type":"Feature","properties":{"vrsta":"DTK trasa"},"geometry":{"type":"LineString","coordinates":[[16.50434,43.527988],[16.504395,43.527911]]}},{"type":"Feature","properties":{"vrsta":"DTK trasa"},"geometry":{"type":"LineString","coordinates":[[16.504395,43.527911],[16.50435,43.527891]]}},{"type":"Feature","properties":{"vrsta":"DTK trasa"},"geometry":{"type":"LineString","coordinates":[[16.50435,43.527891],[16.504335,43.527906]]}},{"type":"Feature","properties":{"vrsta":"DTK trasa"},"geometry":{"type":"LineString","coordinates":[[16.504335,43.527906],[16.504282,43.527948]]}},{"type":"Feature","properties":{"vrsta":"DTK trasa"},"geometry":{"type":"LineString","coordinates":[[16.504282,43.527948],[16.504229,43.528024]]}},{"type":"Feature","properties":{"vrsta":"DTK trasa"},"geometry":{"type":"LineString","coordinates":[[16.504229,43.528024],[16.504144,43.528127]]}},{"type":"Feature","properties":{"vrsta":"DTK trasa"},"geometry":{"type":"LineString","coordinates":[[16.504144,43.528127],[16.504099,43.528167]]}},{"type":"Feature","properties":{"vrsta":"DTK trasa"},"geometry":{"type":"LineString","coordinates":[[16.504099,43.528167],[16.504076,43.52818]]}},{"type":"Feature","properties":{"vrsta":"DTK trasa"},"geometry":{"type":"LineString","coordinates":[[16.504076,43.52818],[16.503978,43.528188]]}},{"type":"Feature","properties":{"vrsta":"DTK trasa"},"geometry":{"type":"LineString","coordinates":[[16.503978,43.528188],[16.503988,43.52817]]}},{"type":"Feature","properties":{"vrsta":"DTK trasa"},"geometry":{"type":"LineString","coordinates":[[16.503988,43.52817],[16.504002,43.52815]]}},{"type":"Feature","properties":{"vrsta":"DTK trasa"},"geometry":{"type":"LineString","coordinates":[[16.504002,43.52815],[16.504007,43.528142]]}},{"type":"Feature","properties":{"vrsta":"DTK trasa"},"geometry":{"type":"LineString","coordinates":[[16.504007,43.528142],[16.504016,43.528125]]}},{"type":"Feature","properties":{"vrsta":"DTK trasa"},"geometry":{"type":"LineString","coordinates":[[16.503978,43.528188],[16.503876,43.528193]]}},{"type":"Feature","properties":{"vrsta":"DTK trasa"},"geometry":{"type":"LineString","coordinates":[[16.503876,43.528193],[16.503771,43.528187]]}},{"type":"Feature","properties":{"vrsta":"DTK trasa"},"geometry":{"type":"LineString","coordinates":[[16.503771,43.528187],[16.503773,43.528146]]}},{"type":"Feature","properties":{"vrsta":"DTK trasa"},"geometry":{"type":"LineString","coordinates":[[16.503948,43.527883],[16.504031,43.527871]]}},{"type":"Feature","properties":{"vrsta":"DTK trasa"},"geometry":{"type":"LineString","coordinates":[[16.504031,43.527871],[16.504129,43.52786]]}},{"type":"Feature","properties":{"vrsta":"DTK trasa"},"geometry":{"type":"LineString","coordinates":[[16.504129,43.52786],[16.504221,43.527868]]}},{"type":"Feature","properties":{"vrsta":"DTK trasa"},"geometry":{"type":"LineString","coordinates":[[16.504221,43.527868],[16.504347,43.52789]]}},{"type":"Feature","properties":{"vrsta":"DTK trasa"},"geometry":{"type":"LineString","coordinates":[[16.504347,43.52789],[16.50435,43.527891]]}},{"type":"Feature","properties":{"vrsta":"DTK trasa"},"geometry":{"type":"LineString","coordinates":[[16.504998,43.527631],[16.505033,43.527643]]}},{"type":"Feature","properties":{"vrsta":"DTK trasa"},"geometry":{"type":"LineString","coordinates":[[16.505033,43.527643],[16.505068,43.527649]]}},{"type":"Feature","properties":{"vrsta":"DTK trasa"},"geometry":{"type":"LineString","coordinates":[[16.505068,43.527649],[16.505088,43.527649]]}},{"type":"Feature","properties":{"vrsta":"DTK trasa"},"geometry":{"type":"LineString","coordinates":[[16.505088,43.527649],[16.505146,43.527649]]}},{"type":"Feature","properties":{"vrsta":"DTK trasa"},"geometry":{"type":"LineString","coordinates":[[16.505146,43.527649],[16.505189,43.52765]]}},{"type":"Feature","properties":{"vrsta":"DTK trasa"},"geometry":{"type":"LineString","coordinates":[[16.505189,43.52765],[16.505328,43.527621]]}},{"type":"Feature","properties":{"vrsta":"DTK trasa"},"geometry":{"type":"LineString","coordinates":[[16.505328,43.527621],[16.505489,43.52758]]}},{"type":"Feature","properties":{"vrsta":"DTK trasa"},"geometry":{"type":"LineString","coordinates":[[16.505489,43.52758],[16.505622,43.52754]]}},{"type":"Feature","properties":{"vrsta":"DTK trasa"},"geometry":{"type":"LineString","coordinates":[[16.505622,43.52754],[16.505634,43.527561]]}},{"type":"Feature","properties":{"vrsta":"DTK trasa"},"geometry":{"type":"LineString","coordinates":[[16.505634,43.527561],[16.505658,43.527634]]}},{"type":"Feature","properties":{"vrsta":"DTK trasa"},"geometry":{"type":"LineString","coordinates":[[16.505622,43.52754],[16.50577,43.527496]]}},{"type":"Feature","properties":{"vrsta":"DTK trasa"},"geometry":{"type":"LineString","coordinates":[[16.50577,43.527496],[16.505815,43.527482]]}},{"type":"Feature","properties":{"vrsta":"DTK trasa"},"geometry":{"type":"LineString","coordinates":[[16.505815,43.527482],[16.505983,43.527409]]}},{"type":"Feature","properties":{"vrsta":"DTK trasa"},"geometry":{"type":"LineString","coordinates":[[16.505983,43.527409],[16.506159,43.527319]]}},{"type":"Feature","properties":{"vrsta":"DTK trasa"},"geometry":{"type":"LineString","coordinates":[[16.506159,43.527319],[16.506385,43.527193]]}},{"type":"Feature","properties":{"vrsta":"DTK trasa"},"geometry":{"type":"LineString","coordinates":[[16.506385,43.527193],[16.50642,43.527125]]}},{"type":"Feature","properties":{"vrsta":"DTK trasa"},"geometry":{"type":"LineString","coordinates":[[16.500379,43.526379],[16.500422,43.52648]]}},{"type":"Feature","properties":{"vrsta":"DTK trasa"},"geometry":{"type":"LineString","coordinates":[[16.500422,43.52648],[16.500444,43.526561]]}},{"type":"Feature","properties":{"vrsta":"DTK trasa"},"geometry":{"type":"LineString","coordinates":[[16.500444,43.526561],[16.500454,43.526675]]}},{"type":"Feature","properties":{"vrsta":"DTK trasa"},"geometry":{"type":"LineString","coordinates":[[16.500454,43.526675],[16.500492,43.526731]]}},{"type":"Feature","properties":{"vrsta":"DTK trasa"},"geometry":{"type":"LineString","coordinates":[[16.500492,43.526731],[16.500558,43.526814]]}},{"type":"Feature","properties":{"vrsta":"DTK trasa"},"geometry":{"type":"LineString","coordinates":[[16.500558,43.526814],[16.500612,43.526875]]}},{"type":"Feature","properties":{"vrsta":"DTK trasa"},"geometry":{"type":"LineString","coordinates":[[16.500612,43.526875],[16.500711,43.526869]]}},{"type":"Feature","properties":{"vrsta":"DTK trasa"},"geometry":{"type":"LineString","coordinates":[[16.500711,43.526869],[16.500768,43.52686]]}},{"type":"Feature","properties":{"vrsta":"DTK trasa"},"geometry":{"type":"LineString","coordinates":[[16.500768,43.52686],[16.500766,43.526888]]}},{"type":"Feature","properties":{"vrsta":"DTK trasa"},"geometry":{"type":"LineString","coordinates":[[16.500766,43.526888],[16.500747,43.526947]]}},{"type":"Feature","properties":{"vrsta":"DTK trasa"},"geometry":{"type":"LineString","coordinates":[[16.500768,43.52686],[16.500974,43.52682]]}},{"type":"Feature","properties":{"vrsta":"DTK trasa"},"geometry":{"type":"LineString","coordinates":[[16.500974,43.52682],[16.501098,43.526796]]}},{"type":"Feature","properties":{"vrsta":"DTK trasa"},"geometry":{"type":"LineString","coordinates":[[16.501098,43.526796],[16.501164,43.526783]]}},{"type":"Feature","properties":{"vrsta":"DTK trasa"},"geometry":{"type":"LineString","coordinates":[[16.501164,43.526783],[16.501179,43.526767]]}},{"type":"Feature","properties":{"vrsta":"DTK trasa"},"geometry":{"type":"LineString","coordinates":[[16.501179,43.526767],[16.501233,43.526746]]}},{"type":"Feature","properties":{"vrsta":"DTK trasa"},"geometry":{"type":"LineString","coordinates":[[16.501233,43.526746],[16.501264,43.526722]]}},{"type":"Feature","properties":{"vrsta":"DTK trasa"},"geometry":{"type":"LineString","coordinates":[[16.501264,43.526722],[16.501234,43.526739]]}},{"type":"Feature","properties":{"vrsta":"DTK trasa"},"geometry":{"type":"LineString","coordinates":[[16.501436,43.526848],[16.50142,43.526831]]}},{"type":"Feature","properties":{"vrsta":"DTK trasa"},"geometry":{"type":"LineString","coordinates":[[16.50142,43.526831],[16.501392,43.526798]]}},{"type":"Feature","properties":{"vrsta":"DTK trasa"},"geometry":{"type":"LineString","coordinates":[[16.501392,43.526798],[16.501349,43.526761]]}},{"type":"Feature","properties":{"vrsta":"DTK trasa"},"geometry":{"type":"LineString","coordinates":[[16.501349,43.526761],[16.501304,43.526738]]}},{"type":"Feature","properties":{"vrsta":"DTK trasa"},"geometry":{"type":"LineString","coordinates":[[16.501304,43.526738],[16.501264,43.526722]]}},{"type":"Feature","properties":{"vrsta":"DTK trasa"},"geometry":{"type":"LineString","coordinates":[[16.501264,43.526722],[16.501267,43.526652]]}},{"type":"Feature","properties":{"vrsta":"DTK trasa"},"geometry":{"type":"LineString","coordinates":[[16.501267,43.526652],[16.501266,43.526629]]}},{"type":"Feature","properties":{"vrsta":"DTK trasa"},"geometry":{"type":"LineString","coordinates":[[16.501266,43.526629],[16.501282,43.526588]]}},{"type":"Feature","properties":{"vrsta":"DTK trasa"},"geometry":{"type":"LineString","coordinates":[[16.501282,43.526588],[16.501303,43.526569]]}},{"type":"Feature","properties":{"vrsta":"DTK trasa"},"geometry":{"type":"LineString","coordinates":[[16.501303,43.526569],[16.501377,43.526525]]}},{"type":"Feature","properties":{"vrsta":"DTK trasa"},"geometry":{"type":"LineString","coordinates":[[16.501377,43.526525],[16.50145,43.526486]]}},{"type":"Feature","properties":{"vrsta":"DTK trasa"},"geometry":{"type":"LineString","coordinates":[[16.50145,43.526486],[16.501424,43.526476]]}},{"type":"Feature","properties":{"vrsta":"DTK trasa"},"geometry":{"type":"LineString","coordinates":[[16.501424,43.526476],[16.501401,43.526472]]}},{"type":"Feature","properties":{"vrsta":"DTK trasa"},"geometry":{"type":"LineString","coordinates":[[16.501401,43.526472],[16.501392,43.526471]]}},{"type":"Feature","properties":{"vrsta":"DTK trasa"},"geometry":{"type":"LineString","coordinates":[[16.50154,43.526556],[16.501524,43.526534]]}},{"type":"Feature","properties":{"vrsta":"DTK trasa"},"geometry":{"type":"LineString","coordinates":[[16.501524,43.526534],[16.501495,43.526502]]}},{"type":"Feature","properties":{"vrsta":"DTK trasa"},"geometry":{"type":"LineString","coordinates":[[16.501495,43.526502],[16.50145,43.526486]]}},{"type":"Feature","properties":{"vrsta":"DTK trasa"},"geometry":{"type":"LineString","coordinates":[[16.50145,43.526486],[16.501574,43.526419]]}},{"type":"Feature","properties":{"vrsta":"DTK trasa"},"geometry":{"type":"LineString","coordinates":[[16.501574,43.526419],[16.501635,43.526385]]}},{"type":"Feature","properties":{"vrsta":"DTK trasa"},"geometry":{"type":"LineString","coordinates":[[16.501635,43.526385],[16.501782,43.526304]]}},{"type":"Feature","properties":{"vrsta":"DTK trasa"},"geometry":{"type":"LineString","coordinates":[[16.501782,43.526304],[16.50189,43.526237]]}},{"type":"Feature","properties":{"vrsta":"DTK trasa"},"geometry":{"type":"LineString","coordinates":[[16.50189,43.526237],[16.501926,43.526251]]}},{"type":"Feature","properties":{"vrsta":"DTK trasa"},"geometry":{"type":"LineString","coordinates":[[16.50189,43.526237],[16.502066,43.526095]]}},{"type":"Feature","properties":{"vrsta":"DTK trasa"},"geometry":{"type":"LineString","coordinates":[[16.502066,43.526095],[16.502102,43.526067]]}},{"type":"Feature","properties":{"vrsta":"DTK trasa"},"geometry":{"type":"LineString","coordinates":[[16.502102,43.526067],[16.502105,43.526065]]}},{"type":"Feature","properties":{"vrsta":"DTK trasa"},"geometry":{"type":"LineString","coordinates":[[16.502105,43.526065],[16.502093,43.526]]}},{"type":"Feature","properties":{"vrsta":"DTK trasa"},"geometry":{"type":"LineString","coordinates":[[16.502093,43.526],[16.502074,43.525893]]}},{"type":"Feature","properties":{"vrsta":"DTK trasa"},"geometry":{"type":"LineString","coordinates":[[16.501082,43.526392],[16.50112,43.526447]]}},{"type":"Feature","properties":{"vrsta":"DTK trasa"},"geometry":{"type":"LineString","coordinates":[[16.50112,43.526447],[16.501147,43.526493]]}},{"type":"Feature","properties":{"vrsta":"DTK trasa"},"geometry":{"type":"LineString","coordinates":[[16.501147,43.526493],[16.501194,43.526602]]}},{"type":"Feature","properties":{"vrsta":"DTK trasa"},"geometry":{"type":"LineString","coordinates":[[16.501194,43.526602],[16.501211,43.526645]]}},{"type":"Feature","properties":{"vrsta":"DTK trasa"},"geometry":{"type":"LineString","coordinates":[[16.501211,43.526645],[16.501264,43.526722]]}},{"type":"Feature","properties":{"vrsta":"DTK trasa"},"geometry":{"type":"LineString","coordinates":[[16.50189,43.52676],[16.501987,43.526757]]}},{"type":"Feature","properties":{"vrsta":"DTK trasa"},"geometry":{"type":"LineString","coordinates":[[16.501987,43.526757],[16.501984,43.526727]]}},{"type":"Feature","properties":{"vrsta":"DTK trasa"},"geometry":{"type":"LineString","coordinates":[[16.501984,43.526727],[16.502043,43.5267]]}},{"type":"Feature","properties":{"vrsta":"DTK trasa"},"geometry":{"type":"LineString","coordinates":[[16.501987,43.526757],[16.502078,43.526753]]}},{"type":"Feature","properties":{"vrsta":"DTK trasa"},"geometry":{"type":"LineString","coordinates":[[16.502078,43.526753],[16.502519,43.526655]]}},{"type":"Feature","properties":{"vrsta":"DTK trasa"},"geometry":{"type":"LineString","coordinates":[[16.502519,43.526655],[16.502535,43.526651]]}},{"type":"Feature","properties":{"vrsta":"DTK trasa"},"geometry":{"type":"LineString","coordinates":[[16.502535,43.526651],[16.502531,43.526619]]}},{"type":"Feature","properties":{"vrsta":"DTK trasa"},"geometry":{"type":"LineString","coordinates":[[16.502531,43.526619],[16.502519,43.5266]]}},{"type":"Feature","properties":{"vrsta":"DTK trasa"},"geometry":{"type":"LineString","coordinates":[[16.502535,43.526651],[16.502771,43.526616]]}},{"type":"Feature","properties":{"vrsta":"DTK trasa"},"geometry":{"type":"LineString","coordinates":[[16.502771,43.526616],[16.502842,43.526603]]}},{"type":"Feature","properties":{"vrsta":"DTK trasa"},"geometry":{"type":"LineString","coordinates":[[16.502842,43.526603],[16.502831,43.526581]]}},{"type":"Feature","properties":{"vrsta":"DTK trasa"},"geometry":{"type":"LineString","coordinates":[[16.502831,43.526581],[16.502777,43.526561]]}},{"type":"Feature","properties":{"vrsta":"DTK trasa"},"geometry":{"type":"LineString","coordinates":[[16.502777,43.526561],[16.502738,43.526541]]}},{"type":"Feature","properties":{"vrsta":"DTK trasa"},"geometry":{"type":"LineString","coordinates":[[16.502842,43.526603],[16.50287,43.526598]]}},{"type":"Feature","properties":{"vrsta":"DTK trasa"},"geometry":{"type":"LineString","coordinates":[[16.50287,43.526598],[16.50286,43.526658]]}},{"type":"Feature","properties":{"vrsta":"DTK trasa"},"geometry":{"type":"LineString","coordinates":[[16.50286,43.526658],[16.502854,43.526696]]}},{"type":"Feature","properties":{"vrsta":"DTK trasa"},"geometry":{"type":"LineString","coordinates":[[16.502854,43.526696],[16.50286,43.526723]]}},{"type":"Feature","properties":{"vrsta":"DTK trasa"},"geometry":{"type":"LineString","coordinates":[[16.50286,43.526658],[16.502871,43.526659]]}},{"type":"Feature","properties":{"vrsta":"DTK trasa"},"geometry":{"type":"LineString","coordinates":[[16.502871,43.526659],[16.50297,43.526665]]}},{"type":"Feature","properties":{"vrsta":"DTK trasa"},"geometry":{"type":"LineString","coordinates":[[16.50297,43.526665],[16.502966,43.526726]]}},{"type":"Feature","properties":{"vrsta":"DTK trasa"},"geometry":{"type":"LineString","coordinates":[[16.502966,43.526726],[16.503018,43.526726]]}},{"type":"Feature","properties":{"vrsta":"DTK trasa"},"geometry":{"type":"LineString","coordinates":[[16.502981,43.526515],[16.5029,43.526537]]}},{"type":"Feature","properties":{"vrsta":"DTK trasa"},"geometry":{"type":"LineString","coordinates":[[16.5029,43.526537],[16.502866,43.526549]]}},{"type":"Feature","properties":{"vrsta":"DTK trasa"},"geometry":{"type":"LineString","coordinates":[[16.502866,43.526549],[16.502849,43.526553]]}},{"type":"Feature","properties":{"vrsta":"DTK trasa"},"geometry":{"type":"LineString","coordinates":[[16.502849,43.526553],[16.502867,43.526592]]}},{"type":"Feature","properties":{"vrsta":"DTK trasa"},"geometry":{"type":"LineString","coordinates":[[16.502867,43.526592],[16.50287,43.526598]]}},{"type":"Feature","properties":{"vrsta":"DTK trasa"},"geometry":{"type":"LineString","coordinates":[[16.50287,43.526598],[16.502878,43.526597]]}},{"type":"Feature","properties":{"vrsta":"DTK trasa"},"geometry":{"type":"LineString","coordinates":[[16.502878,43.526597],[16.502984,43.526569]]}},{"type":"Feature","properties":{"vrsta":"DTK trasa"},"geometry":{"type":"LineString","coordinates":[[16.502984,43.526569],[16.503121,43.52652]]}},{"type":"Feature","properties":{"vrsta":"DTK trasa"},"geometry":{"type":"LineString","coordinates":[[16.503121,43.52652],[16.503152,43.526504]]}},{"type":"Feature","properties":{"vrsta":"DTK trasa"},"geometry":{"type":"LineString","coordinates":[[16.503152,43.526504],[16.503161,43.5265]]}},{"type":"Feature","properties":{"vrsta":"DTK trasa"},"geometry":{"type":"LineString","coordinates":[[16.503161,43.5265],[16.503263,43.526486]]}},{"type":"Feature","properties":{"vrsta":"DTK trasa"},"geometry":{"type":"LineString","coordinates":[[16.503263,43.526486],[16.503256,43.526471]]}},{"type":"Feature","properties":{"vrsta":"DTK trasa"},"geometry":{"type":"LineString","coordinates":[[16.503256,43.526471],[16.503231,43.526431]]}},{"type":"Feature","properties":{"vrsta":"DTK trasa"},"geometry":{"type":"LineString","coordinates":[[16.503263,43.526486],[16.503316,43.526478]]}},{"type":"Feature","properties":{"vrsta":"DTK trasa"},"geometry":{"type":"LineString","coordinates":[[16.503316,43.526478],[16.503339,43.526403]]}},{"type":"Feature","properties":{"vrsta":"DTK trasa"},"geometry":{"type":"LineString","coordinates":[[16.503339,43.526403],[16.50335,43.52643]]}},{"type":"Feature","properties":{"vrsta":"DTK trasa"},"geometry":{"type":"LineString","coordinates":[[16.503339,43.526403],[16.503388,43.526207]]}},{"type":"Feature","properties":{"vrsta":"DTK trasa"},"geometry":{"type":"LineString","coordinates":[[16.503388,43.526207],[16.503419,43.52612]]}},{"type":"Feature","properties":{"vrsta":"DTK trasa"},"geometry":{"type":"LineString","coordinates":[[16.503419,43.52612],[16.503434,43.526055]]}},{"type":"Feature","properties":{"vrsta":"DTK trasa"},"geometry":{"type":"LineString","coordinates":[[16.503434,43.526055],[16.503447,43.526037]]}},{"type":"Feature","properties":{"vrsta":"DTK trasa"},"geometry":{"type":"LineString","coordinates":[[16.503447,43.526037],[16.503469,43.526018]]}},{"type":"Feature","properties":{"vrsta":"DTK trasa"},"geometry":{"type":"LineString","coordinates":[[16.503469,43.526018],[16.503587,43.525932]]}},{"type":"Feature","properties":{"vrsta":"DTK trasa"},"geometry":{"type":"LineString","coordinates":[[16.503587,43.525932],[16.503621,43.525939]]}},{"type":"Feature","properties":{"vrsta":"DTK trasa"},"geometry":{"type":"LineString","coordinates":[[16.50111,43.527319],[16.501162,43.527303]]}},{"type":"Feature","properties":{"vrsta":"DTK trasa"},"geometry":{"type":"LineString","coordinates":[[16.501162,43.527303],[16.501268,43.527269]]}},{"type":"Feature","properties":{"vrsta":"DTK trasa"},"geometry":{"type":"LineString","coordinates":[[16.501268,43.527269],[16.501302,43.527256]]}},{"type":"Feature","properties":{"vrsta":"DTK trasa"},"geometry":{"type":"LineString","coordinates":[[16.501302,43.527256],[16.501306,43.527247]]}},{"type":"Feature","properties":{"vrsta":"DTK trasa"},"geometry":{"type":"LineString","coordinates":[[16.502849,43.526553],[16.502819,43.526486]]}},{"type":"Feature","properties":{"vrsta":"DTK trasa"},"geometry":{"type":"LineString","coordinates":[[16.502819,43.526486],[16.502796,43.526423]]}},{"type":"Feature","properties":{"vrsta":"DTK trasa"},"geometry":{"type":"LineString","coordinates":[[16.502796,43.526423],[16.502789,43.526402]]}},{"type":"Feature","properties":{"vrsta":"DTK trasa"},"geometry":{"type":"LineString","coordinates":[[16.502789,43.526402],[16.502779,43.526376]]}},{"type":"Feature","properties":{"vrsta":"DTK trasa"},"geometry":{"type":"LineString","coordinates":[[16.502779,43.526376],[16.502833,43.526355]]}},{"type":"Feature","properties":{"vrsta":"DTK trasa"},"geometry":{"type":"LineString","coordinates":[[16.502833,43.526355],[16.50289,43.526333]]}},{"type":"Feature","properties":{"vrsta":"DTK trasa"},"geometry":{"type":"LineString","coordinates":[[16.50289,43.526333],[16.502919,43.526312]]}},{"type":"Feature","properties":{"vrsta":"DTK trasa"},"geometry":{"type":"LineString","coordinates":[[16.502599,43.526334],[16.502652,43.526359]]}},{"type":"Feature","properties":{"vrsta":"DTK trasa"},"geometry":{"type":"LineString","coordinates":[[16.502652,43.526359],[16.502716,43.526367]]}},{"type":"Feature","properties":{"vrsta":"DTK trasa"},"geometry":{"type":"LineString","coordinates":[[16.502716,43.526367],[16.502731,43.526326]]}},{"type":"Feature","properties":{"vrsta":"DTK trasa"},"geometry":{"type":"LineString","coordinates":[[16.503316,43.526478],[16.503389,43.526565]]}},{"type":"Feature","properties":{"vrsta":"DTK trasa"},"geometry":{"type":"LineString","coordinates":[[16.503389,43.526565],[16.503393,43.526531]]}},{"type":"Feature","properties":{"vrsta":"DTK trasa"},"geometry":{"type":"LineString","coordinates":[[16.503677,43.526694],[16.503675,43.526694]]}},{"type":"Feature","properties":{"vrsta":"DTK trasa"},"geometry":{"type":"LineString","coordinates":[[16.503675,43.526694],[16.503627,43.526586]]}},{"type":"Feature","properties":{"vrsta":"DTK trasa"},"geometry":{"type":"LineString","coordinates":[[16.503627,43.526586],[16.503589,43.526572]]}},{"type":"Feature","properties":{"vrsta":"DTK trasa"},"geometry":{"type":"LineString","coordinates":[[16.503589,43.526572],[16.503595,43.526548]]}},{"type":"Feature","properties":{"vrsta":"DTK trasa"},"geometry":{"type":"LineString","coordinates":[[16.503595,43.526548],[16.503595,43.52654]]}},{"type":"Feature","properties":{"vrsta":"DTK trasa"},"geometry":{"type":"LineString","coordinates":[[16.503595,43.52654],[16.503528,43.52655]]}},{"type":"Feature","properties":{"vrsta":"DTK trasa"},"geometry":{"type":"LineString","coordinates":[[16.503528,43.52655],[16.503389,43.526565]]}},{"type":"Feature","properties":{"vrsta":"DTK trasa"},"geometry":{"type":"LineString","coordinates":[[16.503389,43.526565],[16.503458,43.52668]]}},{"type":"Feature","properties":{"vrsta":"DTK trasa"},"geometry":{"type":"LineString","coordinates":[[16.503675,43.526694],[16.503679,43.526705]]}},{"type":"Feature","properties":{"vrsta":"DTK trasa"},"geometry":{"type":"LineString","coordinates":[[16.503679,43.526705],[16.503689,43.526704]]}},{"type":"Feature","properties":{"vrsta":"DTK trasa"},"geometry":{"type":"LineString","coordinates":[[16.503595,43.52654],[16.503699,43.526526]]}},{"type":"Feature","properties":{"vrsta":"DTK trasa"},"geometry":{"type":"LineString","coordinates":[[16.503699,43.526526],[16.503724,43.526595]]}},{"type":"Feature","properties":{"vrsta":"DTK trasa"},"geometry":{"type":"LineString","coordinates":[[16.503699,43.526526],[16.503744,43.526519]]}},{"type":"Feature","properties":{"vrsta":"DTK trasa"},"geometry":{"type":"LineString","coordinates":[[16.503744,43.526519],[16.503781,43.526513]]}},{"type":"Feature","properties":{"vrsta":"DTK trasa"},"geometry":{"type":"LineString","coordinates":[[16.503781,43.526513],[16.503784,43.526521]]}},{"type":"Feature","properties":{"vrsta":"DTK trasa"},"geometry":{"type":"LineString","coordinates":[[16.503784,43.526521],[16.503863,43.526653]]}},{"type":"Feature","properties":{"vrsta":"DTK trasa"},"geometry":{"type":"LineString","coordinates":[[16.503863,43.526653],[16.503877,43.526648]]}},{"type":"Feature","properties":{"vrsta":"DTK trasa"},"geometry":{"type":"LineString","coordinates":[[16.503781,43.526513],[16.503816,43.526508]]}},{"type":"Feature","properties":{"vrsta":"DTK trasa"},"geometry":{"type":"LineString","coordinates":[[16.503816,43.526508],[16.503806,43.526474]]}},{"type":"Feature","properties":{"vrsta":"DTK trasa"},"geometry":{"type":"LineString","coordinates":[[16.503816,43.526508],[16.503949,43.526487]]}},{"type":"Feature","properties":{"vrsta":"DTK trasa"},"geometry":{"type":"LineString","coordinates":[[16.503949,43.526487],[16.504051,43.526468]]}},{"type":"Feature","properties":{"vrsta":"DTK trasa"},"geometry":{"type":"LineString","coordinates":[[16.504051,43.526468],[16.504048,43.526459]]}},{"type":"Feature","properties":{"vrsta":"DTK trasa"},"geometry":{"type":"LineString","coordinates":[[16.504048,43.526459],[16.504007,43.526372]]}},{"type":"Feature","properties":{"vrsta":"DTK trasa"},"geometry":{"type":"LineString","coordinates":[[16.504051,43.526468],[16.504188,43.526442]]}},{"type":"Feature","properties":{"vrsta":"DTK trasa"},"geometry":{"type":"LineString","coordinates":[[16.504188,43.526442],[16.504178,43.526438]]}},{"type":"Feature","properties":{"vrsta":"DTK trasa"},"geometry":{"type":"LineString","coordinates":[[16.504178,43.526438],[16.504164,43.52644]]}},{"type":"Feature","properties":{"vrsta":"DTK trasa"},"geometry":{"type":"LineString","coordinates":[[16.504188,43.526442],[16.504221,43.526403]]}},{"type":"Feature","properties":{"vrsta":"DTK trasa"},"geometry":{"type":"LineString","coordinates":[[16.504221,43.526403],[16.504254,43.526336]]}},{"type":"Feature","properties":{"vrsta":"DTK trasa"},"geometry":{"type":"LineString","coordinates":[[16.502858,43.525623],[16.502866,43.525727]]}},{"type":"Feature","properties":{"vrsta":"DTK trasa"},"geometry":{"type":"LineString","coordinates":[[16.502866,43.525727],[16.502799,43.525714]]}},{"type":"Feature","properties":{"vrsta":"DTK trasa"},"geometry":{"type":"LineString","coordinates":[[16.502799,43.525714],[16.502781,43.5257]]}},{"type":"Feature","properties":{"vrsta":"DTK trasa"},"geometry":{"type":"LineString","coordinates":[[16.502866,43.525727],[16.502879,43.525818]]}},{"type":"Feature","properties":{"vrsta":"DTK trasa"},"geometry":{"type":"LineString","coordinates":[[16.502879,43.525818],[16.502895,43.52586]]}},{"type":"Feature","properties":{"vrsta":"DTK trasa"},"geometry":{"type":"LineString","coordinates":[[16.502895,43.52586],[16.502908,43.525893]]}},{"type":"Feature","properties":{"vrsta":"DTK trasa"},"geometry":{"type":"LineString","coordinates":[[16.502908,43.525893],[16.5029,43.525894]]}},{"type":"Feature","properties":{"vrsta":"DTK trasa"},"geometry":{"type":"LineString","coordinates":[[16.5029,43.525894],[16.502836,43.525906]]}},{"type":"Feature","properties":{"vrsta":"DTK trasa"},"geometry":{"type":"LineString","coordinates":[[16.502908,43.525893],[16.502912,43.525905]]}},{"type":"Feature","properties":{"vrsta":"DTK trasa"},"geometry":{"type":"LineString","coordinates":[[16.502912,43.525905],[16.502949,43.525994]]}},{"type":"Feature","properties":{"vrsta":"DTK trasa"},"geometry":{"type":"LineString","coordinates":[[16.503012,43.526134],[16.503054,43.526126]]}},{"type":"Feature","properties":{"vrsta":"DTK trasa"},"geometry":{"type":"LineString","coordinates":[[16.503054,43.526126],[16.503122,43.52611]]}},{"type":"Feature","properties":{"vrsta":"DTK trasa"},"geometry":{"type":"LineString","coordinates":[[16.503122,43.52611],[16.503119,43.526103]]}},{"type":"Feature","properties":{"vrsta":"DTK trasa"},"geometry":{"type":"LineString","coordinates":[[16.503119,43.526103],[16.5031,43.526047]]}},{"type":"Feature","properties":{"vrsta":"DTK trasa"},"geometry":{"type":"LineString","coordinates":[[16.503122,43.52611],[16.503127,43.526109]]}},{"type":"Feature","properties":{"vrsta":"DTK trasa"},"geometry":{"type":"LineString","coordinates":[[16.503127,43.526109],[16.503303,43.526077]]}},{"type":"Feature","properties":{"vrsta":"DTK trasa"},"geometry":{"type":"LineString","coordinates":[[16.503303,43.526077],[16.50335,43.52609]]}},{"type":"Feature","properties":{"vrsta":"DTK trasa"},"geometry":{"type":"LineString","coordinates":[[16.50335,43.52609],[16.503419,43.52612]]}},{"type":"Feature","properties":{"vrsta":"DTK trasa"},"geometry":{"type":"LineString","coordinates":[[16.503419,43.52612],[16.503478,43.526116]]}},{"type":"Feature","properties":{"vrsta":"DTK trasa"},"geometry":{"type":"LineString","coordinates":[[16.503478,43.526116],[16.503801,43.52607]]}},{"type":"Feature","properties":{"vrsta":"DTK trasa"},"geometry":{"type":"LineString","coordinates":[[16.503801,43.52607],[16.503849,43.526062]]}},{"type":"Feature","properties":{"vrsta":"DTK trasa"},"geometry":{"type":"LineString","coordinates":[[16.503849,43.526062],[16.503872,43.526124]]}},{"type":"Feature","properties":{"vrsta":"DTK trasa"},"geometry":{"type":"LineString","coordinates":[[16.503795,43.525622],[16.503828,43.525589]]}},{"type":"Feature","properties":{"vrsta":"DTK trasa"},"geometry":{"type":"LineString","coordinates":[[16.503828,43.525589],[16.50386,43.525638]]}},{"type":"Feature","properties":{"vrsta":"DTK trasa"},"geometry":{"type":"LineString","coordinates":[[16.50386,43.525638],[16.503928,43.525739]]}},{"type":"Feature","properties":{"vrsta":"DTK trasa"},"geometry":{"type":"LineString","coordinates":[[16.503928,43.525739],[16.503878,43.525759]]}},{"type":"Feature","properties":{"vrsta":"DTK trasa"},"geometry":{"type":"LineString","coordinates":[[16.503878,43.525759],[16.503799,43.525796]]}},{"type":"Feature","properties":{"vrsta":"DTK trasa"},"geometry":{"type":"LineString","coordinates":[[16.503799,43.525796],[16.503749,43.525825]]}},{"type":"Feature","properties":{"vrsta":"DTK trasa"},"geometry":{"type":"LineString","coordinates":[[16.503749,43.525825],[16.503587,43.525932]]}},{"type":"Feature","properties":{"vrsta":"DTK trasa"},"geometry":{"type":"LineString","coordinates":[[16.503587,43.525932],[16.503565,43.525891]]}},{"type":"Feature","properties":{"vrsta":"DTK trasa"},"geometry":{"type":"LineString","coordinates":[[16.503565,43.525891],[16.503555,43.525869]]}},{"type":"Feature","properties":{"vrsta":"DTK trasa"},"geometry":{"type":"LineString","coordinates":[[16.503555,43.525869],[16.503543,43.525844]]}},{"type":"Feature","properties":{"vrsta":"DTK trasa"},"geometry":{"type":"LineString","coordinates":[[16.503543,43.525844],[16.503509,43.525794]]}},{"type":"Feature","properties":{"vrsta":"DTK trasa"},"geometry":{"type":"LineString","coordinates":[[16.503509,43.525794],[16.503427,43.525696]]}},{"type":"Feature","properties":{"vrsta":"DTK trasa"},"geometry":{"type":"LineString","coordinates":[[16.503427,43.525696],[16.503489,43.525668]]}},{"type":"Feature","properties":{"vrsta":"DTK trasa"},"geometry":{"type":"LineString","coordinates":[[16.503427,43.525696],[16.503407,43.525662]]}},{"type":"Feature","properties":{"vrsta":"DTK trasa"},"geometry":{"type":"LineString","coordinates":[[16.503407,43.525662],[16.503404,43.525658]]}},{"type":"Feature","properties":{"vrsta":"DTK trasa"},"geometry":{"type":"LineString","coordinates":[[16.503404,43.525658],[16.50335,43.525621]]}},{"type":"Feature","properties":{"vrsta":"DTK trasa"},"geometry":{"type":"LineString","coordinates":[[16.503404,43.525658],[16.503402,43.525617]]}},{"type":"Feature","properties":{"vrsta":"DTK trasa"},"geometry":{"type":"LineString","coordinates":[[16.503402,43.525617],[16.50343,43.525585]]}},{"type":"Feature","properties":{"vrsta":"DTK trasa"},"geometry":{"type":"LineString","coordinates":[[16.50343,43.525585],[16.503416,43.525565]]}},{"type":"Feature","properties":{"vrsta":"DTK trasa"},"geometry":{"type":"LineString","coordinates":[[16.503849,43.526062],[16.503964,43.526045]]}},{"type":"Feature","properties":{"vrsta":"DTK trasa"},"geometry":{"type":"LineString","coordinates":[[16.503964,43.526045],[16.504015,43.526043]]}},{"type":"Feature","properties":{"vrsta":"DTK trasa"},"geometry":{"type":"LineString","coordinates":[[16.504015,43.526043],[16.504059,43.526122]]}},{"type":"Feature","properties":{"vrsta":"DTK trasa"},"geometry":{"type":"LineString","coordinates":[[16.504059,43.526122],[16.504096,43.526154]]}},{"type":"Feature","properties":{"vrsta":"DTK trasa"},"geometry":{"type":"LineString","coordinates":[[16.504096,43.526154],[16.504132,43.526167]]}},{"type":"Feature","properties":{"vrsta":"DTK trasa"},"geometry":{"type":"LineString","coordinates":[[16.503841,43.52552],[16.503834,43.525548]]}},{"type":"Feature","properties":{"vrsta":"DTK trasa"},"geometry":{"type":"LineString","coordinates":[[16.503834,43.525548],[16.503828,43.525589]]}},{"type":"Feature","properties":{"vrsta":"DTK trasa"},"geometry":{"type":"LineString","coordinates":[[16.503828,43.525589],[16.503766,43.525562]]}},{"type":"Feature","properties":{"vrsta":"DTK trasa"},"geometry":{"type":"LineString","coordinates":[[16.503766,43.525562],[16.503718,43.525555]]}},{"type":"Feature","properties":{"vrsta":"DTK trasa"},"geometry":{"type":"LineString","coordinates":[[16.503928,43.525739],[16.50397,43.525725]]}},{"type":"Feature","properties":{"vrsta":"DTK trasa"},"geometry":{"type":"LineString","coordinates":[[16.50397,43.525725],[16.50393,43.52566]]}},{"type":"Feature","properties":{"vrsta":"DTK trasa"},"geometry":{"type":"LineString","coordinates":[[16.50397,43.525725],[16.504018,43.525708]]}},{"type":"Feature","properties":{"vrsta":"DTK trasa"},"geometry":{"type":"LineString","coordinates":[[16.504018,43.525708],[16.504146,43.525656]]}},{"type":"Feature","properties":{"vrsta":"DTK trasa"},"geometry":{"type":"LineString","coordinates":[[16.504146,43.525656],[16.504132,43.525638]]}},{"type":"Feature","properties":{"vrsta":"DTK trasa"},"geometry":{"type":"LineString","coordinates":[[16.504132,43.525638],[16.504107,43.525614]]}},{"type":"Feature","properties":{"vrsta":"DTK trasa"},"geometry":{"type":"LineString","coordinates":[[16.504107,43.525614],[16.504129,43.525609]]}},{"type":"Feature","properties":{"vrsta":"DTK trasa"},"geometry":{"type":"LineString","coordinates":[[16.504129,43.525609],[16.50413,43.525591]]}},{"type":"Feature","properties":{"vrsta":"DTK trasa"},"geometry":{"type":"LineString","coordinates":[[16.504107,43.525614],[16.504099,43.525602]]}},{"type":"Feature","properties":{"vrsta":"DTK trasa"},"geometry":{"type":"LineString","coordinates":[[16.504099,43.525602],[16.504044,43.525531]]}},{"type":"Feature","properties":{"vrsta":"DTK trasa"},"geometry":{"type":"LineString","coordinates":[[16.504044,43.525531],[16.504029,43.525506]]}},{"type":"Feature","properties":{"vrsta":"DTK trasa"},"geometry":{"type":"LineString","coordinates":[[16.504029,43.525506],[16.50395,43.52541]]}},{"type":"Feature","properties":{"vrsta":"DTK trasa"},"geometry":{"type":"LineString","coordinates":[[16.50395,43.52541],[16.503935,43.525387]]}},{"type":"Feature","properties":{"vrsta":"DTK trasa"},"geometry":{"type":"LineString","coordinates":[[16.503935,43.525387],[16.503966,43.525375]]}},{"type":"Feature","properties":{"vrsta":"DTK trasa"},"geometry":{"type":"LineString","coordinates":[[16.503935,43.525387],[16.503915,43.525357]]}},{"type":"Feature","properties":{"vrsta":"DTK trasa"},"geometry":{"type":"LineString","coordinates":[[16.503915,43.525357],[16.503975,43.525312]]}},{"type":"Feature","properties":{"vrsta":"DTK trasa"},"geometry":{"type":"LineString","coordinates":[[16.503975,43.525312],[16.503999,43.525299]]}},{"type":"Feature","properties":{"vrsta":"DTK trasa"},"geometry":{"type":"LineString","coordinates":[[16.503766,43.525374],[16.503773,43.525391]]}},{"type":"Feature","properties":{"vrsta":"DTK trasa"},"geometry":{"type":"LineString","coordinates":[[16.503773,43.525391],[16.503785,43.525387]]}},{"type":"Feature","properties":{"vrsta":"DTK trasa"},"geometry":{"type":"LineString","coordinates":[[16.503785,43.525387],[16.503873,43.525353]]}},{"type":"Feature","properties":{"vrsta":"DTK trasa"},"geometry":{"type":"LineString","coordinates":[[16.503873,43.525353],[16.503915,43.525357]]}},{"type":"Feature","properties":{"vrsta":"DTK trasa"},"geometry":{"type":"LineString","coordinates":[[16.503915,43.525357],[16.503893,43.525353]]}},{"type":"Feature","properties":{"vrsta":"DTK trasa"},"geometry":{"type":"LineString","coordinates":[[16.503773,43.525391],[16.503692,43.525423]]}},{"type":"Feature","properties":{"vrsta":"DTK trasa"},"geometry":{"type":"LineString","coordinates":[[16.503692,43.525423],[16.503686,43.52542]]}},{"type":"Feature","properties":{"vrsta":"DTK trasa"},"geometry":{"type":"LineString","coordinates":[[16.504603,43.52622],[16.504601,43.526229]]}},{"type":"Feature","properties":{"vrsta":"DTK trasa"},"geometry":{"type":"LineString","coordinates":[[16.504601,43.526229],[16.504605,43.526308]]}},{"type":"Feature","properties":{"vrsta":"DTK trasa"},"geometry":{"type":"LineString","coordinates":[[16.504605,43.526308],[16.504582,43.526358]]}},{"type":"Feature","properties":{"vrsta":"DTK trasa"},"geometry":{"type":"LineString","coordinates":[[16.504582,43.526358],[16.504556,43.52638]]}},{"type":"Feature","properties":{"vrsta":"DTK trasa"},"geometry":{"type":"LineString","coordinates":[[16.504604,43.525945],[16.504597,43.526033]]}},{"type":"Feature","properties":{"vrsta":"DTK trasa"},"geometry":{"type":"LineString","coordinates":[[16.504597,43.526033],[16.504594,43.526059]]}},{"type":"Feature","properties":{"vrsta":"DTK trasa"},"geometry":{"type":"LineString","coordinates":[[16.506393,43.519876],[16.505983,43.519907]]}},{"type":"Feature","properties":{"vrsta":"DTK trasa"},"geometry":{"type":"LineString","coordinates":[[16.505983,43.519907],[16.50595,43.51991]]}},{"type":"Feature","properties":{"vrsta":"DTK trasa"},"geometry":{"type":"LineString","coordinates":[[16.504146,43.525656],[16.504184,43.525644]]}},{"type":"Feature","properties":{"vrsta":"DTK trasa"},"geometry":{"type":"LineString","coordinates":[[16.502716,43.526367],[16.502779,43.526376]]}},{"type":"Feature","properties":{"vrsta":"DTK trasa"},"geometry":{"type":"LineString","coordinates":[[16.50289,43.526333],[16.502874,43.526309]]}},{"type":"Feature","properties":{"vrsta":"DTK trasa"},"geometry":{"type":"LineString","coordinates":[[16.50642,43.524493],[16.506649,43.524559]]}},{"type":"Feature","properties":{"vrsta":"DTK trasa"},"geometry":{"type":"LineString","coordinates":[[16.50209,43.5245],[16.50183,43.524793]]}},{"type":"Feature","properties":{"vrsta":"DTK trasa"},"geometry":{"type":"LineString","coordinates":[[16.502559,43.523615],[16.50282,43.523628]]}},{"type":"Feature","properties":{"vrsta":"DTK trasa"},"geometry":{"type":"LineString","coordinates":[[16.494102,43.524812],[16.493769,43.524839]]}},{"type":"Feature","properties":{"vrsta":"DTK trasa"},"geometry":{"type":"LineString","coordinates":[[16.4952,43.527023],[16.495258,43.527042]]}},{"type":"Feature","properties":{"vrsta":"DTK trasa"},"geometry":{"type":"LineString","coordinates":[[16.491865,43.523267],[16.491862,43.523259]]}},{"type":"Feature","properties":{"vrsta":"DTK trasa"},"geometry":{"type":"LineString","coordinates":[[16.490696,43.524788],[16.490792,43.52476]]}},{"type":"Feature","properties":{"vrsta":"DTK trasa"},"geometry":{"type":"LineString","coordinates":[[16.492835,43.52464],[16.492835,43.524631]]}},{"type":"Feature","properties":{"vrsta":"DTK trasa"},"geometry":{"type":"LineString","coordinates":[[16.493739,43.525952],[16.493748,43.525954]]}},{"type":"Feature","properties":{"vrsta":"DTK trasa"},"geometry":{"type":"LineString","coordinates":[[16.506208,43.524613],[16.506197,43.524472]]}},{"type":"Feature","properties":{"vrsta":"DTK trasa"},"geometry":{"type":"LineString","coordinates":[[16.49392,43.527706],[16.493982,43.527721]]}},{"type":"Feature","properties":{"vrsta":"DTK trasa"},"geometry":{"type":"LineString","coordinates":[[16.490211,43.523696],[16.490041,43.52382]]}},{"type":"Feature","properties":{"vrsta":"DTK trasa"},"geometry":{"type":"LineString","coordinates":[[16.491819,43.523077],[16.491831,43.523041]]}},{"type":"Feature","properties":{"vrsta":"DTK trasa"},"geometry":{"type":"LineString","coordinates":[[16.49392,43.527706],[16.493902,43.527732]]}},{"type":"Feature","properties":{"vrsta":"DTK trasa"},"geometry":{"type":"LineString","coordinates":[[16.503527,43.524148],[16.503569,43.524143]]}},{"type":"Feature","properties":{"vrsta":"DTK trasa"},"geometry":{"type":"LineString","coordinates":[[16.506197,43.524472],[16.505992,43.524453]]}},{"type":"Feature","properties":{"vrsta":"DTK trasa"},"geometry":{"type":"LineString","coordinates":[[16.492835,43.52464],[16.492773,43.524641]]}},{"type":"Feature","properties":{"vrsta":"DTK trasa"},"geometry":{"type":"LineString","coordinates":[[16.493798,43.527999],[16.493798,43.527991]]}}]}