{"type":"FeatureCollection","name":"Split_HT_podzemne_trase","crs":{"type":"name","properties":{"name":"urn:ogc:def:crs:OGC:1.3:CRS84"}},"xy_coordinate_resolution":0.000001,"features":[{"type":"Feature","properties":{"oznaka":"21_V40_360"},"geometry":{"type":"LineString","coordinates":[[16.501423,43.526853],[16.501442,43.526848]]}},{"type":"Feature","properties":{"oznaka":"021_J40_120"},"geometry":{"type":"LineString","coordinates":[[16.496118,43.52901],[16.496101,43.528999]]}},{"type":"Feature","properties":{"oznaka":"21_V40_2445"},"geometry":{"type":"LineString","coordinates":[[16.501433,43.526494],[16.501433,43.526494],[16.501437,43.526492]]}},{"type":"Feature","properties":{"oznaka":"21_V40_1171"},"geometry":{"type":"LineString","coordinates":[[16.496227,43.524696],[16.496219,43.524656],[16.496209,43.524607]]}},{"type":"Feature","properties":{"oznaka":"21_V40_1170"},"geometry":{"type":"LineString","coordinates":[[16.494426,43.526871],[16.494449,43.526868],[16.494494,43.526862]]}},{"type":"Feature","properties":{"oznaka":"21_V40_"},"geometry":{"type":"LineString","coordinates":[[16.495732,43.527756],[16.495702,43.527711],[16.495701,43.527711]]}},{"type":"Feature","properties":{"oznaka":"021_J40_122"},"geometry":{"type":"LineString","coordinates":[[16.496648,43.528932],[16.496638,43.528934],[16.496555,43.528946],[16.496477,43.528958],[16.49643,43.528977],[16.496357,43.528988]]}},{"type":"Feature","properties":{"oznaka":"021_J40_99"},"geometry":{"type":"LineString","coordinates":[[16.497408,43.528737],[16.49741,43.528661]]}},{"type":"Feature","properties":{"oznaka":"021_J40_161"},"geometry":{"type":"LineString","coordinates":[[16.495802,43.529047],[16.495759,43.52905],[16.495616,43.529069],[16.495461,43.529091]]}},{"type":"Feature","properties":{"oznaka":"21_V40_985"},"geometry":{"type":"LineString","coordinates":[[16.495025,43.527275],[16.494996,43.527275],[16.494992,43.527353],[16.494991,43.527377],[16.494992,43.527381]]}},{"type":"Feature","properties":{"oznaka":"21_V40_1552"},"geometry":{"type":"LineString","coordinates":[[16.495293,43.526362],[16.49534,43.526375],[16.495368,43.526382],[16.495418,43.526392],[16.495426,43.526395]]}},{"type":"Feature","properties":{"oznaka":"21_V40_2423"},"geometry":{"type":"LineString","coordinates":[[16.494622,43.526212],[16.494623,43.526208],[16.494623,43.526208]]}},{"type":"Feature","properties":{"oznaka":"021_J40_111"},"geometry":{"type":"LineString","coordinates":[[16.496196,43.529064],[16.496365,43.529045],[16.496504,43.529026],[16.496634,43.529006],[16.49677,43.52899],[16.496869,43.528978]]}},{"type":"Feature","properties":{"oznaka":"21_V40_1515"},"geometry":{"type":"LineString","coordinates":[[16.493776,43.522772],[16.493776,43.52276],[16.493779,43.522712]]}},{"type":"Feature","properties":{"oznaka":"21_V40_1278"},"geometry":{"type":"LineString","coordinates":[[16.502595,43.524105],[16.502541,43.524119],[16.502511,43.524146],[16.502506,43.52415]]}},{"type":"Feature","properties":{"oznaka":"21_V40_615"},"geometry":{"type":"LineString","coordinates":[[16.491893,43.523321],[16.491889,43.523317],[16.491861,43.523283],[16.491856,43.523277],[16.491852,43.523272]]}},{"type":"Feature","properties":{"oznaka":"21_V40_1280"},"geometry":{"type":"LineString","coordinates":[[16.505874,43.524488],[16.505873,43.524486],[16.505817,43.524481],[16.505804,43.524479]]}},{"type":"Feature","properties":{"oznaka":"21_V40_2419"},"geometry":{"type":"LineString","coordinates":[[16.492581,43.525527],[16.492577,43.52553],[16.492546,43.52554],[16.492568,43.525593],[16.492642,43.525777]]}},{"type":"Feature","properties":{"oznaka":"21_V40_1516"},"geometry":{"type":"LineString","coordinates":[[16.494264,43.522625],[16.494264,43.522629],[16.494266,43.522697],[16.494276,43.522696],[16.494326,43.522691]]}},{"type":"Feature","properties":{"oznaka":"21_V40_332"},"geometry":{"type":"LineString","coordinates":[[16.493763,43.527053],[16.49373,43.527129],[16.493749,43.527177],[16.493752,43.527211],[16.493685,43.527381],[16.493604,43.52752],[16.493583,43.527556],[16.493537,43.527637],[16.493512,43.527675],[16.493509,43.527681]]}},{"type":"Feature","properties":{"oznaka":"21_V40_346"},"geometry":{"type":"LineString","coordinates":[[16.502387,43.527431],[16.502378,43.52743],[16.502361,43.527429]]}},{"type":"Feature","properties":{"oznaka":"21_V40_1277"},"geometry":{"type":"LineString","coordinates":[[16.492213,43.525534],[16.492177,43.525527],[16.492175,43.525526]]}},{"type":"Feature","properties":{"oznaka":"21_V40_677"},"geometry":{"type":"LineString","coordinates":[[16.492523,43.524685],[16.492447,43.524707],[16.492206,43.524754],[16.492034,43.524788],[16.491837,43.524817],[16.491806,43.524834]]}},{"type":"Feature","properties":{"oznaka":"21_V40_1112"},"geometry":{"type":"LineString","coordinates":[[16.503391,43.525664],[16.503388,43.525622],[16.503393,43.525617],[16.503417,43.525591],[16.503402,43.52557]]}},{"type":"Feature","properties":{"oznaka":"21_V40_1554"},"geometry":{"type":"LineString","coordinates":[[16.495392,43.526862],[16.49539,43.526802],[16.495392,43.526717],[16.495393,43.526697],[16.495399,43.526612],[16.495404,43.526587]]}},{"type":"Feature","properties":{"oznaka":"21_V40_2093"},"geometry":{"type":"LineString","coordinates":[[16.504208,43.527164],[16.504165,43.527159],[16.504076,43.527158],[16.50405,43.527157],[16.503951,43.527153]]}},{"type":"Feature","properties":{"oznaka":"21_V40_1121"},"geometry":{"type":"LineString","coordinates":[[16.500235,43.521135],[16.500237,43.521138],[16.500238,43.521138]]}},{"type":"Feature","properties":{"oznaka":"21_V40_707"},"geometry":{"type":"LineString","coordinates":[[16.504383,43.527916],[16.504381,43.527919],[16.504322,43.527988],[16.504262,43.528076],[16.504223,43.528149],[16.504213,43.52818],[16.504179,43.52824],[16.504162,43.528282],[16.504153,43.52832],[16.504145,43.528372]]}},{"type":"Feature","properties":{"oznaka":"21_V40_363"},"geometry":{"type":"LineString","coordinates":[[16.501251,43.526727],[16.501198,43.526651],[16.501181,43.526607],[16.501152,43.526541],[16.501133,43.526498],[16.501107,43.526452],[16.501069,43.526397]]}},{"type":"Feature","properties":{"oznaka":"21_V40_2111"},"geometry":{"type":"LineString","coordinates":[[16.49359,43.527943],[16.493508,43.52792],[16.493465,43.527908]]}},{"type":"Feature","properties":{"oznaka":"021_J40_111"},"geometry":{"type":"LineString","coordinates":[[16.496869,43.528978],[16.49687,43.528988]]}},{"type":"Feature","properties":{"oznaka":"21_V40_280"},"geometry":{"type":"LineString","coordinates":[[16.490376,43.523098],[16.490397,43.523183],[16.49042,43.523266],[16.49044,43.523338],[16.490461,43.523443],[16.490462,43.523449]]}},{"type":"Feature","properties":{"oznaka":"21_V40_1234"},"geometry":{"type":"LineString","coordinates":[[16.503953,43.52538],[16.50393,43.525372],[16.503908,43.525365],[16.503903,43.525365]]}},{"type":"Feature","properties":{"oznaka":"21_V40_346"},"geometry":{"type":"LineString","coordinates":[[16.502361,43.527429],[16.50235,43.527428],[16.502337,43.527427],[16.502324,43.527426],[16.5023,43.527424],[16.502282,43.527423],[16.502202,43.527417],[16.50217,43.527414],[16.502122,43.527409],[16.502064,43.527403],[16.502033,43.527403],[16.501974,43.527402],[16.501941,43.527401],[16.501919,43.527401],[16.501824,43.5274],[16.501742,43.5274]]}},{"type":"Feature","properties":{"oznaka":"21_V40_1490"},"geometry":{"type":"LineString","coordinates":[[16.503915,43.525744],[16.504004,43.525714],[16.504019,43.525708],[16.504127,43.525663],[16.504133,43.525661]]}},{"type":"Feature","properties":{"oznaka":"21_V40_369"},"geometry":{"type":"LineString","coordinates":[[16.503303,43.526483],[16.503292,43.526486],[16.503259,43.52649],[16.503249,43.526491]]}},{"type":"Feature","properties":{"oznaka":"21_V40_1477"},"geometry":{"type":"LineString","coordinates":[[16.50555,43.524923],[16.505645,43.524893],[16.505698,43.524849],[16.505772,43.524698],[16.505874,43.524488]]}},{"type":"Feature","properties":{"oznaka":"21_V40_388"},"geometry":{"type":"LineString","coordinates":[[16.505839,43.523507],[16.505902,43.523499],[16.505924,43.523495],[16.505963,43.52349],[16.506113,43.52347],[16.50626,43.523453],[16.506374,43.523441],[16.506433,43.523436]]}},{"type":"Feature","properties":{"oznaka":"21_V40_577"},"geometry":{"type":"LineString","coordinates":[[16.493261,43.525522],[16.493184,43.525509],[16.493084,43.525504],[16.493074,43.525504],[16.493032,43.525506]]}},{"type":"Feature","properties":{"oznaka":"21_V40_576"},"geometry":{"type":"LineString","coordinates":[[16.49378,43.522704],[16.493514,43.522777],[16.493325,43.52283],[16.493265,43.522847]]}},{"type":"Feature","properties":{"oznaka":"21_V40_1557"},"geometry":{"type":"LineString","coordinates":[[16.495246,43.527047],[16.495196,43.527031],[16.495187,43.527028],[16.495188,43.527021]]}},{"type":"Feature","properties":{"oznaka":"21_V40_1236"},"geometry":{"type":"LineString","coordinates":[[16.504174,43.526447],[16.504208,43.526408],[16.50421,43.526403],[16.504241,43.526342]]}},{"type":"Feature","properties":{"oznaka":"21_V40_389"},"geometry":{"type":"LineString","coordinates":[[16.505829,43.521749],[16.505828,43.521754],[16.505789,43.521866],[16.50574,43.522045],[16.505724,43.522111],[16.505689,43.522259],[16.505612,43.522314]]}},{"type":"Feature","properties":{"oznaka":"021_J40_112"},"geometry":{"type":"LineString","coordinates":[[16.49741,43.528661],[16.497431,43.528319],[16.497537,43.528323],[16.497786,43.528313]]}},{"type":"Feature","properties":{"oznaka":"21_V40_1008"},"geometry":{"type":"LineString","coordinates":[[16.489984,43.524384],[16.489942,43.524378],[16.489931,43.524377],[16.489925,43.524379]]}},{"type":"Feature","properties":{"oznaka":"21_V40_1540"},"geometry":{"type":"LineString","coordinates":[[16.493785,43.528004],[16.493785,43.528018],[16.493785,43.528049],[16.493793,43.528049]]}},{"type":"Feature","properties":{"oznaka":"21_V40_2420"},"geometry":{"type":"LineString","coordinates":[[16.492588,43.525527],[16.492582,43.525527],[16.492581,43.525527]]}},{"type":"Feature","properties":{"oznaka":"21_V40_2408"},"geometry":{"type":"LineString","coordinates":[[16.494089,43.524815],[16.494089,43.524816],[16.494088,43.524817]]}},{"type":"Feature","properties":{"oznaka":"021_J40_161"},"geometry":{"type":"LineString","coordinates":[[16.495192,43.529178],[16.495312,43.529141],[16.495371,43.52911],[16.495461,43.529091]]}},{"type":"Feature","properties":{"oznaka":"21_V40_676"},"geometry":{"type":"LineString","coordinates":[[16.491749,43.52492],[16.491759,43.524907],[16.491783,43.524877],[16.491806,43.524834]]}},{"type":"Feature","properties":{"oznaka":"21_V40_713"},"geometry":{"type":"LineString","coordinates":[[16.488732,43.524129],[16.488603,43.52414],[16.488269,43.524169],[16.488276,43.52411],[16.488283,43.523833]]}},{"type":"Feature","properties":{"oznaka":"21_V40_"},"geometry":{"type":"LineString","coordinates":[[16.492448,43.528493],[16.492493,43.528501],[16.492654,43.528522],[16.492724,43.528524],[16.492796,43.528522],[16.492873,43.528515],[16.493144,43.528468],[16.493261,43.52844],[16.493348,43.528417],[16.493544,43.528359],[16.493666,43.528318]]}},{"type":"Feature","properties":{"oznaka":"21_V40_1122"},"geometry":{"type":"LineString","coordinates":[[16.498572,43.521037],[16.498565,43.521039],[16.498552,43.521042]]}},{"type":"Feature","properties":{"oznaka":"21_V40_1553"},"geometry":{"type":"LineString","coordinates":[[16.495258,43.526587],[16.495262,43.526573],[16.495325,43.526579],[16.495395,43.526586],[16.495404,43.526587]]}},{"type":"Feature","properties":{"oznaka":"21_V40_1508"},"geometry":{"type":"LineString","coordinates":[[16.503109,43.526115],[16.503057,43.526127],[16.50304,43.526131],[16.502999,43.526139]]}},{"type":"Feature","properties":{"oznaka":"21_V40_1471"},"geometry":{"type":"LineString","coordinates":[[16.502846,43.52425],[16.502956,43.524244],[16.503069,43.524219],[16.503172,43.524197],[16.503324,43.524173],[16.503513,43.524153]]}},{"type":"Feature","properties":{"oznaka":"21_V40_1479"},"geometry":{"type":"LineString","coordinates":[[16.505331,43.525292],[16.505327,43.525284],[16.505332,43.525283],[16.505369,43.525274]]}},{"type":"Feature","properties":{"oznaka":"21_V40_947"},"geometry":{"type":"LineString","coordinates":[[16.502183,43.524454],[16.502163,43.524456],[16.502123,43.524461],[16.502119,43.524461]]}},{"type":"Feature","properties":{"oznaka":"21_V40_2534"},"geometry":{"type":"LineString","coordinates":[[16.495478,43.524894],[16.495477,43.524928]]}},{"type":"Feature","properties":{"oznaka":"21_V40_1521"},"geometry":{"type":"LineString","coordinates":[[16.504583,43.526088],[16.504546,43.526089],[16.504519,43.5261]]}},{"type":"Feature","properties":{"oznaka":"21_V40_1118"},"geometry":{"type":"LineString","coordinates":[[16.505612,43.522314],[16.50561,43.522311],[16.505619,43.522294],[16.505643,43.522249]]}},{"type":"Feature","properties":{"oznaka":"21_V40_61"},"geometry":{"type":"LineString","coordinates":[[16.503265,43.525209],[16.503311,43.525186],[16.503361,43.525163],[16.503458,43.525124],[16.503516,43.525101],[16.503604,43.525065],[16.503656,43.525044],[16.503696,43.52503],[16.503873,43.525059],[16.503938,43.525055],[16.503946,43.525054]]}},{"type":"Feature","properties":{"oznaka":"21_V40_2338"},"geometry":{"type":"LineString","coordinates":[[16.502995,43.52614],[16.502996,43.52614],[16.502999,43.526139]]}},{"type":"Feature","properties":{"oznaka":"21_V40_1124"},"geometry":{"type":"LineString","coordinates":[[16.498552,43.521042],[16.498429,43.521062],[16.498389,43.521068],[16.498267,43.521098],[16.498179,43.521179],[16.498176,43.521221]]}},{"type":"Feature","properties":{"oznaka":"21_V40_1858"},"geometry":{"type":"LineString","coordinates":[[16.49378,43.522704],[16.493867,43.522679],[16.493941,43.522671],[16.493949,43.52267],[16.4941,43.522648]]}},{"type":"Feature","properties":{"oznaka":"21_V40_2417"},"geometry":{"type":"LineString","coordinates":[[16.490935,43.525093],[16.490935,43.525093],[16.490932,43.525091]]}},{"type":"Feature","properties":{"oznaka":"21_V40_1241"},"geometry":{"type":"LineString","coordinates":[[16.495392,43.526862],[16.495387,43.526861],[16.495337,43.526855],[16.495328,43.526854]]}},{"type":"Feature","properties":{"oznaka":"21_V40_405"},"geometry":{"type":"LineString","coordinates":[[16.500205,43.521073],[16.500197,43.521075],[16.500121,43.521093],[16.49992,43.521149],[16.499826,43.521176],[16.499712,43.521209],[16.499578,43.52125]]}},{"type":"Feature","properties":{"oznaka":"21_V40_563"},"geometry":{"type":"LineString","coordinates":[[16.493907,43.527711],[16.49397,43.527621],[16.494062,43.527489],[16.494086,43.527454]]}},{"type":"Feature","properties":{"oznaka":"21_V40_1491"},"geometry":{"type":"LineString","coordinates":[[16.504473,43.525259],[16.504479,43.525261],[16.504488,43.525267],[16.504506,43.525277]]}},{"type":"Feature","properties":{"oznaka":"21_V40_2158"},"geometry":{"type":"LineString","coordinates":[[16.503325,43.526408],[16.503352,43.526302],[16.503374,43.526212],[16.5034,43.526139]]}},{"type":"Feature","properties":{"oznaka":"21_V40_63"},"geometry":{"type":"LineString","coordinates":[[16.502424,43.523215],[16.50243,43.523246],[16.502432,43.523273],[16.502437,43.523296],[16.50245,43.523353],[16.502478,43.523403],[16.502482,43.523412]]}},{"type":"Feature","properties":{"oznaka":"21_V40_"},"geometry":{"type":"LineString","coordinates":[[16.500484,43.521755],[16.500502,43.521752]]}},{"type":"Feature","properties":{"oznaka":"021_J40_121"},"geometry":{"type":"LineString","coordinates":[[16.49595,43.529022],[16.496118,43.52901]]}},{"type":"Feature","properties":{"oznaka":"21_V40_1231"},"geometry":{"type":"LineString","coordinates":[[16.502424,43.523215],[16.502356,43.523215],[16.502332,43.523215],[16.502329,43.523229]]}},{"type":"Feature","properties":{"oznaka":"21_V40_1518"},"geometry":{"type":"LineString","coordinates":[[16.495402,43.523649],[16.495402,43.523628],[16.495404,43.523548]]}},{"type":"Feature","properties":{"oznaka":"21_V40_"},"geometry":{"type":"LineString","coordinates":[[16.488623221807128,43.53040109856765],[16.488635,43.530381],[16.488737,43.530153],[16.488877,43.529851],[16.489048,43.52958],[16.489301,43.529187],[16.489509,43.528864],[16.489734,43.528526],[16.489949,43.528165],[16.490103,43.527766],[16.49019,43.52737],[16.490187,43.527101],[16.490134,43.526784],[16.490137,43.52673]]}},{"type":"Feature","properties":{"oznaka":"21_V40_999"},"geometry":{"type":"LineString","coordinates":[[16.495188,43.527021],[16.495191,43.526993],[16.495199,43.526926]]}},{"type":"Feature","properties":{"oznaka":"21_V40_1098"},"geometry":{"type":"LineString","coordinates":[[16.500441,43.52668],[16.500431,43.526566],[16.500415,43.526507],[16.500409,43.526485],[16.500365,43.526385]]}},{"type":"Feature","properties":{"oznaka":"21_V40_2340"},"geometry":{"type":"LineString","coordinates":[[16.504169,43.526449],[16.50417,43.526448],[16.504174,43.526447]]}},{"type":"Feature","properties":{"oznaka":"21_V40_2414"},"geometry":{"type":"LineString","coordinates":[[16.488049,43.524368],[16.488043,43.52437],[16.488041,43.52437]]}},{"type":"Feature","properties":{"oznaka":"21_V40_1228"},"geometry":{"type":"LineString","coordinates":[[16.502087,43.52433],[16.502101,43.524395],[16.502102,43.524402]]}},{"type":"Feature","properties":{"oznaka":"21_V40_1524"},"geometry":{"type":"LineString","coordinates":[[16.503686,43.526531],[16.503707,43.526528],[16.503723,43.526526],[16.503731,43.526525]]}},{"type":"Feature","properties":{"oznaka":"21_V40_2148"},"geometry":{"type":"LineString","coordinates":[[16.506672,43.523597],[16.506637,43.523529],[16.506602,43.523493],[16.506591,43.523483],[16.506499,43.523444],[16.506433,43.523436]]}},{"type":"Feature","properties":{"oznaka":"21_V40_12710"},"geometry":{"type":"LineString","coordinates":[[16.504636,43.52496],[16.504625,43.524926]]}},{"type":"Feature","properties":{"oznaka":"21_V40_2101"},"geometry":{"type":"LineString","coordinates":[[16.495663,43.524881],[16.495619,43.524891],[16.495543,43.524893],[16.495478,43.524894]]}},{"type":"Feature","properties":{"oznaka":"21_V40_2317"},"geometry":{"type":"LineString","coordinates":[[16.502119,43.524461],[16.502119,43.524461],[16.502115,43.524462]]}},{"type":"Feature","properties":{"oznaka":"21_V40_2318"},"geometry":{"type":"LineString","coordinates":[[16.502666,43.524369],[16.502663,43.524369],[16.502661,43.524368]]}},{"type":"Feature","properties":{"oznaka":"21_V40_2320"},"geometry":{"type":"LineString","coordinates":[[16.505908,43.52445],[16.505913,43.52445],[16.505915,43.52445]]}},{"type":"Feature","properties":{"oznaka":"21_V40_"},"geometry":{"type":"LineString","coordinates":[[16.499067,43.527704],[16.499137,43.527707],[16.499272,43.527712],[16.499614,43.527725],[16.500184,43.527822],[16.50098,43.527915],[16.50126,43.527954],[16.501434,43.527979],[16.501577,43.527999],[16.501983,43.528058],[16.502335,43.528108],[16.502879,43.528193],[16.503144,43.528234],[16.503527,43.528293],[16.503802,43.528336],[16.503853,43.528343],[16.504065,43.528376],[16.504366,43.528423],[16.504521,43.528447],[16.504576,43.528455]]}},{"type":"Feature","properties":{"oznaka":"21_V40_371"},"geometry":{"type":"LineString","coordinates":[[16.503581,43.526546],[16.503514,43.526555],[16.503436,43.526563],[16.503376,43.52657]]}},{"type":"Feature","properties":{"oznaka":"021_J40_897"},"geometry":{"type":"LineString","coordinates":[[16.499563,43.5284],[16.499619,43.528407]]}},{"type":"Feature","properties":{"oznaka":"21_V40_1942"},"geometry":{"type":"LineString","coordinates":[[16.492523,43.524685],[16.492518,43.524677],[16.492517,43.524675]]}},{"type":"Feature","properties":{"oznaka":"21_V40_708"},"geometry":{"type":"LineString","coordinates":[[16.500925,43.527764],[16.500927,43.527943],[16.50093,43.528143]]}},{"type":"Feature","properties":{"oznaka":"21_V40_986"},"geometry":{"type":"LineString","coordinates":[[16.494253,43.527225],[16.494204,43.527204],[16.494199,43.527202]]}},{"type":"Feature","properties":{"oznaka":"21_V40_385"},"geometry":{"type":"LineString","coordinates":[[16.504589,43.525417],[16.504591,43.525415]]}},{"type":"Feature","properties":{"oznaka":"21_V40_265"},"geometry":{"type":"LineString","coordinates":[[16.494911,43.52738],[16.49487,43.527379],[16.494828,43.527378]]}},{"type":"Feature","properties":{"oznaka":"21_V40_1281"},"geometry":{"type":"LineString","coordinates":[[16.503902,43.525362],[16.50386,43.525358],[16.503801,43.525381],[16.50376,43.525397]]}},{"type":"Feature","properties":{"oznaka":"21_V40_391"},"geometry":{"type":"LineString","coordinates":[[16.505468,43.520603],[16.505474,43.520604],[16.50578,43.520705],[16.505842,43.520726],[16.506099,43.520811],[16.50614,43.520847]]}},{"type":"Feature","properties":{"oznaka":"21_V40_394"},"geometry":{"type":"LineString","coordinates":[[16.504513,43.520507],[16.504519,43.520502],[16.504575,43.520491],[16.504741,43.520444],[16.504763,43.520435],[16.504864,43.520393],[16.504939,43.520353],[16.504943,43.520351]]}},{"type":"Feature","properties":{"oznaka":"21_V40_2405"},"geometry":{"type":"LineString","coordinates":[[16.496112,43.522557],[16.496126,43.522554],[16.496129,43.522554]]}},{"type":"Feature","properties":{"oznaka":"21_V40_2152"},"geometry":{"type":"LineString","coordinates":[[16.502192,43.525204],[16.50222,43.525204]]}},{"type":"Feature","properties":{"oznaka":"21_V40_1228"},"geometry":{"type":"LineString","coordinates":[[16.502087,43.52433],[16.502104,43.52433]]}},{"type":"Feature","properties":{"oznaka":"21_V40_1555"},"geometry":{"type":"LineString","coordinates":[[16.495392,43.526862],[16.495392,43.526865],[16.495394,43.526946]]}},{"type":"Feature","properties":{"oznaka":"21_V40_2437"},"geometry":{"type":"LineString","coordinates":[[16.503951,43.527153],[16.503951,43.527151]]}},{"type":"Feature","properties":{"oznaka":"21_V40_2322"},"geometry":{"type":"LineString","coordinates":[[16.50555,43.524923],[16.50555,43.524925],[16.505551,43.524929]]}},{"type":"Feature","properties":{"oznaka":"21_V40_1498"},"geometry":{"type":"LineString","coordinates":[[16.503676,43.526709],[16.503671,43.52671],[16.503666,43.52671],[16.503662,43.5267]]}},{"type":"Feature","properties":{"oznaka":"21_V40_404"},"geometry":{"type":"LineString","coordinates":[[16.500208,43.521078],[16.500214,43.521091],[16.50022,43.521103],[16.500235,43.521135]]}},{"type":"Feature","properties":{"oznaka":"21_V40_2109"},"geometry":{"type":"LineString","coordinates":[[16.493743,43.527608],[16.493715,43.527642],[16.493702,43.527658]]}},{"type":"Feature","properties":{"oznaka":"21_V40_1525"},"geometry":{"type":"LineString","coordinates":[[16.504368,43.52791],[16.504358,43.527906],[16.504334,43.527895]]}},{"type":"Feature","properties":{"oznaka":"21_V40_1109"},"geometry":{"type":"LineString","coordinates":[[16.503376,43.52657],[16.503403,43.526615],[16.503445,43.526686]]}},{"type":"Feature","properties":{"oznaka":"21_V40_1535"},"geometry":{"type":"LineString","coordinates":[[16.494828,43.527378],[16.494822,43.527378],[16.494711,43.52736],[16.494598,43.527341]]}},{"type":"Feature","properties":{"oznaka":"21_V40_2101"},"geometry":{"type":"LineString","coordinates":[[16.495691,43.524874],[16.495663,43.524881]]}},{"type":"Feature","properties":{"oznaka":"21_V40_375"},"geometry":{"type":"LineString","coordinates":[[16.502987,43.526167],[16.502989,43.526158],[16.502999,43.526139]]}},{"type":"Feature","properties":{"oznaka":"21_V40_2565"},"geometry":{"type":"LineString","coordinates":[[16.491796,43.523134],[16.491781,43.523144],[16.491702,43.523185],[16.491636,43.523228],[16.491622,43.523238],[16.491618,43.523281],[16.491636,43.523306]]}},{"type":"Feature","properties":{"oznaka":"21_V40_1470"},"geometry":{"type":"LineString","coordinates":[[16.503513,43.524153],[16.503529,43.524216],[16.503551,43.5243]]}},{"type":"Feature","properties":{"oznaka":"21_V40_622"},"geometry":{"type":"LineString","coordinates":[[16.495394,43.526952],[16.495383,43.52695],[16.49533,43.526944],[16.495324,43.526943],[16.495221,43.52693],[16.495199,43.526926]]}},{"type":"Feature","properties":{"oznaka":"21_V40_406"},"geometry":{"type":"LineString","coordinates":[[16.498735,43.521503],[16.49874,43.521501],[16.498913,43.521449],[16.499085,43.521394],[16.499181,43.521366],[16.499319,43.521326],[16.499538,43.521261],[16.499578,43.52125]]}},{"type":"Feature","properties":{"oznaka":"21_V40_562"},"geometry":{"type":"LineString","coordinates":[[16.493867,43.527769],[16.493814,43.527754],[16.493809,43.527753],[16.493791,43.527751],[16.493775,43.527753],[16.493769,43.527756]]}},{"type":"Feature","properties":{"oznaka":"21_V40_2330"},"geometry":{"type":"LineString","coordinates":[[16.504131,43.525656],[16.504131,43.525656],[16.504133,43.525661]]}},{"type":"Feature","properties":{"oznaka":"021_J40_145"},"geometry":{"type":"LineString","coordinates":[[16.493094,43.529326],[16.493094,43.529343],[16.493092,43.529427],[16.493092,43.529465]]}},{"type":"Feature","properties":{"oznaka":"21_V40_375"},"geometry":{"type":"LineString","coordinates":[[16.502663,43.526151],[16.502678,43.526155],[16.502725,43.526166],[16.502749,43.526177],[16.502804,43.526176],[16.502877,43.526174],[16.502932,43.526169],[16.502981,43.526161],[16.502987,43.526167]]}},{"type":"Feature","properties":{"oznaka":"21_V40_2553"},"geometry":{"type":"LineString","coordinates":[[16.505645,43.527639],[16.505642,43.527632],[16.505631,43.527597],[16.505621,43.527566],[16.505609,43.527545]]}},{"type":"Feature","properties":{"oznaka":"21_V40_68"},"geometry":{"type":"LineString","coordinates":[[16.505005,43.525309],[16.505073,43.525251],[16.505103,43.525222],[16.50513,43.525173],[16.505131,43.525156],[16.50514,43.525008]]}},{"type":"Feature","properties":{"oznaka":"21_V40_69"},"geometry":{"type":"LineString","coordinates":[[16.504665,43.525457],[16.504803,43.525399],[16.504936,43.525343]]}},{"type":"Feature","properties":{"oznaka":"21_V40_1519"},"geometry":{"type":"LineString","coordinates":[[16.505221,43.524139],[16.505177,43.524141],[16.505158,43.524142]]}},{"type":"Feature","properties":{"oznaka":"21_V40_721"},"geometry":{"type":"LineString","coordinates":[[16.495599,43.522631],[16.495621,43.522623],[16.495639,43.522615]]}},{"type":"Feature","properties":{"oznaka":"21_V40_1009"},"geometry":{"type":"LineString","coordinates":[[16.491849,43.523264],[16.49185,43.523267],[16.491852,43.523272]]}},{"type":"Feature","properties":{"oznaka":"21_V40_271"},"geometry":{"type":"LineString","coordinates":[[16.494992,43.527381],[16.495139,43.527371],[16.495191,43.527369],[16.495327,43.527366],[16.495399,43.527382]]}},{"type":"Feature","properties":{"oznaka":"21_V40_1233"},"geometry":{"type":"LineString","coordinates":[[16.50459,43.52595],[16.504511,43.525952]]}},{"type":"Feature","properties":{"oznaka":"21_V40_1262"},"geometry":{"type":"LineString","coordinates":[[16.493794,43.527929],[16.493802,43.527931],[16.493811,43.527936],[16.493857,43.527961]]}},{"type":"Feature","properties":{"oznaka":"21_V40_948"},"geometry":{"type":"LineString","coordinates":[[16.503534,43.524452],[16.503541,43.524443],[16.503575,43.524397]]}},{"type":"Feature","properties":{"oznaka":"21_V40_617"},"geometry":{"type":"LineString","coordinates":[[16.492822,43.524646],[16.49276,43.524647],[16.492677,43.524655],[16.492671,43.524656],[16.492582,43.52467]]}},{"type":"Feature","properties":{"oznaka":"21_V40_1474"},"geometry":{"type":"LineString","coordinates":[[16.506195,43.524618],[16.506186,43.524508],[16.506184,43.524482],[16.506184,43.524477]]}},{"type":"Feature","properties":{"oznaka":"21_V40_2563"},"geometry":{"type":"LineString","coordinates":[[16.505908,43.52445],[16.505915,43.524391],[16.505964,43.524247],[16.505967,43.524227],[16.505984,43.5241]]}},{"type":"Feature","properties":{"oznaka":"21_V40_669"},"geometry":{"type":"LineString","coordinates":[[16.497093,43.52207],[16.496974,43.522177],[16.496911,43.522242],[16.496856,43.522284],[16.49681,43.522318],[16.496796,43.522329],[16.496664,43.522408],[16.496582,43.522442],[16.496435,43.522485],[16.496356,43.522507],[16.496272,43.522525],[16.496129,43.522554]]}},{"type":"Feature","properties":{"oznaka":"021_J40_83"},"geometry":{"type":"LineString","coordinates":[[16.499549,43.528432],[16.499542,43.528432],[16.499499,43.528461]]}},{"type":"Feature","properties":{"oznaka":"21_V40_2342"},"geometry":{"type":"LineString","coordinates":[[16.502763,43.526381],[16.502764,43.526381],[16.502766,43.526381]]}},{"type":"Feature","properties":{"oznaka":"021_J40_84"},"geometry":{"type":"LineString","coordinates":[[16.499634,43.528217],[16.499599,43.528208],[16.499566,43.528205]]}},{"type":"Feature","properties":{"oznaka":"21_V40_1938"},"geometry":{"type":"LineString","coordinates":[[16.495374,43.527331],[16.495377,43.527336],[16.495399,43.527379],[16.495399,43.527382]]}},{"type":"Feature","properties":{"oznaka":"21_V40_2149"},"geometry":{"type":"LineString","coordinates":[[16.50222,43.525204],[16.502222,43.525218]]}},{"type":"Feature","properties":{"oznaka":"21_V40_273"},"geometry":{"type":"LineString","coordinates":[[16.49492,43.524961],[16.494947,43.524957],[16.494998,43.524947]]}},{"type":"Feature","properties":{"oznaka":"21_V40_1"},"geometry":{"type":"LineString","coordinates":[[16.494985,43.522565],[16.494943,43.522563],[16.494745,43.522574]]}},{"type":"Feature","properties":{"oznaka":"21_V40_1238"},"geometry":{"type":"LineString","coordinates":[[16.506371,43.527198],[16.50638,43.527182],[16.506407,43.52713]]}},{"type":"Feature","properties":{"oznaka":"21_V40_673"},"geometry":{"type":"LineString","coordinates":[[16.493265,43.522835],[16.493264,43.52284],[16.493265,43.522847]]}},{"type":"Feature","properties":{"oznaka":"21_V40_1168"},"geometry":{"type":"LineString","coordinates":[[16.495405,43.527388],[16.495408,43.52739],[16.49541,43.527393],[16.495411,43.527394]]}},{"type":"Feature","properties":{"oznaka":"21_V40_2426"},"geometry":{"type":"LineString","coordinates":[[16.495405,43.527383],[16.4954,43.527382],[16.495399,43.527382]]}},{"type":"Feature","properties":{"oznaka":"21_V40_623"},"geometry":{"type":"LineString","coordinates":[[16.49492,43.524961],[16.494918,43.524977],[16.494918,43.525],[16.494918,43.525023],[16.494918,43.525118]]}},{"type":"Feature","properties":{"oznaka":"21_V40_1503"},"geometry":{"type":"LineString","coordinates":[[16.502822,43.525911],[16.502836,43.525908],[16.502886,43.525899],[16.502894,43.525898]]}},{"type":"Feature","properties":{"oznaka":"21_V40_2552"},"geometry":{"type":"LineString","coordinates":[[16.501866,43.52625],[16.501867,43.526249],[16.501877,43.526242]]}},{"type":"Feature","properties":{"oznaka":"21_V40_"},"geometry":{"type":"LineString","coordinates":[[16.499067,43.527704],[16.499066,43.52772]]}},{"type":"Feature","properties":{"oznaka":"21_V40_575"},"geometry":{"type":"LineString","coordinates":[[16.491893,43.523321],[16.491902,43.523331]]}},{"type":"Feature","properties":{"oznaka":"21_V40_1520"},"geometry":{"type":"LineString","coordinates":[[16.503669,43.524139],[16.503644,43.52414],[16.503604,43.524144],[16.503556,43.524149],[16.503513,43.524153]]}},{"type":"Feature","properties":{"oznaka":"21_V40_395"},"geometry":{"type":"LineString","coordinates":[[16.504943,43.520351],[16.504947,43.520349],[16.505044,43.520314],[16.505171,43.520267]]}},{"type":"Feature","properties":{"oznaka":"21_V40_1476"},"geometry":{"type":"LineString","coordinates":[[16.506184,43.524477],[16.506073,43.524467],[16.505979,43.524459],[16.505938,43.524451],[16.505915,43.52445]]}},{"type":"Feature","properties":{"oznaka":"21_V40_2422"},"geometry":{"type":"LineString","coordinates":[[16.493434,43.526143],[16.493432,43.526143],[16.493428,43.526142]]}},{"type":"Feature","properties":{"oznaka":"21_V40_365"},"geometry":{"type":"LineString","coordinates":[[16.502506,43.526606],[16.50251,43.526613],[16.502518,43.526624],[16.502521,43.526657]]}},{"type":"Feature","properties":{"oznaka":"21_V40_402"},"geometry":{"type":"LineString","coordinates":[[16.500208,43.521078],[16.500213,43.521079],[16.500232,43.521095],[16.500233,43.521096],[16.500237,43.521098],[16.500264,43.521115],[16.500327,43.521216],[16.500374,43.521291],[16.500419,43.521373]]}},{"type":"Feature","properties":{"oznaka":"21_V40_2436"},"geometry":{"type":"LineString","coordinates":[[16.504377,43.527914],[16.504378,43.527915],[16.504383,43.527916]]}},{"type":"Feature","properties":{"oznaka":"21_V40_281"},"geometry":{"type":"LineString","coordinates":[[16.491121,43.52353],[16.491116,43.523494],[16.491073,43.523385],[16.491026,43.523313],[16.490953,43.523204],[16.49094,43.523172]]}},{"type":"Feature","properties":{"oznaka":"21_V40_2156"},"geometry":{"type":"LineString","coordinates":[[16.503325,43.526408],[16.503308,43.526467],[16.503303,43.526483]]}},{"type":"Feature","properties":{"oznaka":"21_V40_1114"},"geometry":{"type":"LineString","coordinates":[[16.503902,43.525362],[16.503929,43.525342],[16.503962,43.525317],[16.503985,43.525304]]}},{"type":"Feature","properties":{"oznaka":"21_V40_2442"},"geometry":{"type":"LineString","coordinates":[[16.501451,43.525132],[16.50145,43.525134],[16.501439,43.525158]]}},{"type":"Feature","properties":{"oznaka":"21_V40_1242"},"geometry":{"type":"LineString","coordinates":[[16.494088,43.524817],[16.493913,43.524832],[16.493756,43.524845]]}},{"type":"Feature","properties":{"oznaka":"21_V40_1480"},"geometry":{"type":"LineString","coordinates":[[16.505556,43.52506],[16.505547,43.525061],[16.505508,43.525072],[16.505505,43.525073]]}},{"type":"Feature","properties":{"oznaka":"21_V40_987"},"geometry":{"type":"LineString","coordinates":[[16.493142,43.528238],[16.493187,43.528246],[16.493199,43.528246],[16.493222,43.528246]]}},{"type":"Feature","properties":{"oznaka":"21_V40_2430"},"geometry":{"type":"LineString","coordinates":[[16.493739,43.52779],[16.493739,43.52779],[16.493736,43.527787]]}},{"type":"Feature","properties":{"oznaka":"21_V40_1861"},"geometry":{"type":"LineString","coordinates":[[16.502642,43.524184],[16.502595,43.524105]]}},{"type":"Feature","properties":{"oznaka":"21_V40_1227"},"geometry":{"type":"LineString","coordinates":[[16.502115,43.524462],[16.502048,43.524484],[16.502039,43.524487]]}},{"type":"Feature","properties":{"oznaka":"21_V40_1466"},"geometry":{"type":"LineString","coordinates":[[16.505381,43.524116],[16.505433,43.524108]]}},{"type":"Feature","properties":{"oznaka":"21_V40_1944"},"geometry":{"type":"LineString","coordinates":[[16.493272,43.524655],[16.493291,43.524656],[16.493329,43.524658]]}},{"type":"Feature","properties":{"oznaka":"021_J40_110"},"geometry":{"type":"LineString","coordinates":[[16.497395,43.528953],[16.497458,43.52894],[16.497497,43.528929],[16.497638,43.528928],[16.497867,43.528931],[16.498088,43.528933],[16.498306,43.528935],[16.49852,43.528933]]}},{"type":"Feature","properties":{"oznaka":"21_V40_355"},"geometry":{"type":"LineString","coordinates":[[16.501251,43.526727],[16.501291,43.526743],[16.501336,43.526766],[16.501344,43.526773],[16.501379,43.526803],[16.501407,43.526837],[16.501423,43.526853]]}},{"type":"Feature","properties":{"oznaka":"21_V40_1546"},"geometry":{"type":"LineString","coordinates":[[16.49496,43.525269],[16.494964,43.52527],[16.494986,43.525274],[16.495026,43.525281]]}},{"type":"Feature","properties":{"oznaka":"21_V40_955"},"geometry":{"type":"LineString","coordinates":[[16.50514,43.525008],[16.505135,43.52501],[16.505096,43.525059],[16.505084,43.525074]]}},{"type":"Feature","properties":{"oznaka":"21_V40_2100"},"geometry":{"type":"LineString","coordinates":[[16.495477,43.524928],[16.495473,43.525092],[16.495465,43.525416]]}},{"type":"Feature","properties":{"oznaka":"21_V40_1103"},"geometry":{"type":"LineString","coordinates":[[16.502763,43.526381],[16.50266,43.526367],[16.502639,43.526364],[16.502585,43.526339]]}},{"type":"Feature","properties":{"oznaka":"21_V40_1228"},"geometry":{"type":"LineString","coordinates":[[16.502102,43.524402],[16.502115,43.524459],[16.502115,43.524462]]}},{"type":"Feature","properties":{"oznaka":"21_V40_211"},"geometry":{"type":"LineString","coordinates":[[16.506736,43.519856],[16.506727,43.519857],[16.50667,43.519861],[16.50652,43.519871],[16.506379,43.519881]]}},{"type":"Feature","properties":{"oznaka":"21_V40_399"},"geometry":{"type":"LineString","coordinates":[[16.502338,43.520604],[16.502166,43.520612],[16.50183,43.520651]]}},{"type":"Feature","properties":{"oznaka":"21_V40_1116"},"geometry":{"type":"LineString","coordinates":[[16.504588,43.526234],[16.504557,43.526205],[16.50453,43.526185]]}},{"type":"Feature","properties":{"oznaka":"21_V40_1514"},"geometry":{"type":"LineString","coordinates":[[16.493779,43.522712],[16.493779,43.522709],[16.49378,43.522704]]}},{"type":"Feature","properties":{"oznaka":"21_V40_1533"},"geometry":{"type":"LineString","coordinates":[[16.493272,43.524655],[16.493264,43.524654],[16.493033,43.524644],[16.493015,43.524643],[16.492822,43.524646]]}},{"type":"Feature","properties":{"oznaka":"21_V40_1561"},"geometry":{"type":"LineString","coordinates":[[16.493694,43.525794],[16.493708,43.525801],[16.493728,43.52581],[16.493784,43.525836]]}},{"type":"Feature","properties":{"oznaka":"21_V40_1004"},"geometry":{"type":"LineString","coordinates":[[16.493329,43.524658],[16.493386,43.524656],[16.493467,43.524653],[16.493501,43.524664]]}},{"type":"Feature","properties":{"oznaka":"21_V40_719"},"geometry":{"type":"LineString","coordinates":[[16.495298,43.523648],[16.495307,43.523648],[16.495352,43.523647],[16.495402,43.523649]]}},{"type":"Feature","properties":{"oznaka":"21_V40_720"},"geometry":{"type":"LineString","coordinates":[[16.49688,43.52246],[16.496884,43.522472],[16.496887,43.522483]]}},{"type":"Feature","properties":{"oznaka":"21_V40_1478"},"geometry":{"type":"LineString","coordinates":[[16.505375,43.525293],[16.505372,43.525284],[16.505369,43.525274]]}},{"type":"Feature","properties":{"oznaka":"21_V40_1469"},"geometry":{"type":"LineString","coordinates":[[16.503551,43.5243],[16.503546,43.524301],[16.503526,43.524303],[16.503521,43.524303]]}},{"type":"Feature","properties":{"oznaka":"21_V40_65"},"geometry":{"type":"LineString","coordinates":[[16.505381,43.524116],[16.50533,43.524123],[16.505221,43.524139]]}},{"type":"Feature","properties":{"oznaka":"21_V40_"},"geometry":{"type":"LineString","coordinates":[[16.494906,43.527939],[16.49507,43.527904],[16.495268,43.527868],[16.495416,43.527844],[16.495451,43.527838]]}},{"type":"Feature","properties":{"oznaka":"021_J40_88"},"geometry":{"type":"LineString","coordinates":[[16.499634,43.528217],[16.499689,43.528205]]}},{"type":"Feature","properties":{"oznaka":"21_V40_353"},"geometry":{"type":"LineString","coordinates":[[16.501097,43.527324],[16.501104,43.527322],[16.50112,43.527317]]}},{"type":"Feature","properties":{"oznaka":"21_V40_1275"},"geometry":{"type":"LineString","coordinates":[[16.489398,43.523944],[16.489403,43.523957],[16.489428,43.524025]]}},{"type":"Feature","properties":{"oznaka":"21_V40_1543"},"geometry":{"type":"LineString","coordinates":[[16.495477,43.524928],[16.495618,43.524925],[16.495791,43.524905],[16.495956,43.524847],[16.496019,43.524828],[16.496143,43.52479],[16.496222,43.524794],[16.496369,43.524753],[16.496421,43.524749],[16.496612,43.524698],[16.49692,43.5246],[16.496972,43.524577],[16.496997,43.524566],[16.497071,43.524541],[16.497127,43.524509],[16.497146,43.524477]]}},{"type":"Feature","properties":{"oznaka":"21_V40_1937"},"geometry":{"type":"LineString","coordinates":[[16.502717,43.526331],[16.502724,43.526338],[16.502763,43.526379],[16.502763,43.526381]]}},{"type":"Feature","properties":{"oznaka":"21_V40_1294"},"geometry":{"type":"LineString","coordinates":[[16.506118,43.520858],[16.506122,43.520855],[16.50614,43.520847]]}},{"type":"Feature","properties":{"oznaka":"21_V40_407"},"geometry":{"type":"LineString","coordinates":[[16.498597,43.521189],[16.498651,43.521329],[16.498676,43.521387],[16.498699,43.521441],[16.498731,43.521496],[16.498735,43.521503]]}},{"type":"Feature","properties":{"oznaka":"21_V40_571"},"geometry":{"type":"LineString","coordinates":[[16.490932,43.525091],[16.490822,43.525015],[16.490753,43.524965],[16.490728,43.524947],[16.490694,43.524924],[16.49055,43.524821],[16.490517,43.524794]]}},{"type":"Feature","properties":{"oznaka":"21_V40_2151"},"geometry":{"type":"LineString","coordinates":[[16.502061,43.525898],[16.502134,43.525895],[16.502222,43.525891]]}},{"type":"Feature","properties":{"oznaka":"21_V40_1467"},"geometry":{"type":"LineString","coordinates":[[16.503687,43.524039],[16.503674,43.524112],[16.50367,43.524135],[16.503669,43.524139]]}},{"type":"Feature","properties":{"oznaka":"21_V40_2107"},"geometry":{"type":"LineString","coordinates":[[16.494319,43.527241],[16.494305,43.527237],[16.494253,43.527225]]}},{"type":"Feature","properties":{"oznaka":"21_V40_345"},"geometry":{"type":"LineString","coordinates":[[16.502387,43.527431],[16.502385,43.52744],[16.502382,43.527463],[16.502378,43.527494],[16.502379,43.527499]]}},{"type":"Feature","properties":{"oznaka":"21_V40_1172"},"geometry":{"type":"LineString","coordinates":[[16.493819,43.522764],[16.493796,43.522733],[16.493785,43.522718],[16.493779,43.522712]]}},{"type":"Feature","properties":{"oznaka":"21_V40_39500"},"geometry":{"type":"LineString","coordinates":[[16.505171,43.520267],[16.505161,43.520232]]}},{"type":"Feature","properties":{"oznaka":"21_V40_1935"},"geometry":{"type":"LineString","coordinates":[[16.50395,43.52605],[16.503953,43.526052],[16.503959,43.52605],[16.504002,43.526048],[16.504016,43.526074],[16.504045,43.526127],[16.504083,43.526159],[16.504119,43.526172]]}},{"type":"Feature","properties":{"oznaka":"21_V40_1237"},"geometry":{"type":"LineString","coordinates":[[16.502953,43.526731],[16.502956,43.52667],[16.502893,43.526666],[16.502858,43.526664],[16.502847,43.526663]]}},{"type":"Feature","properties":{"oznaka":"21_V40_946"},"geometry":{"type":"LineString","coordinates":[[16.502561,43.524384],[16.502571,43.524382],[16.502608,43.524377],[16.502655,43.524371],[16.502661,43.524368]]}},{"type":"Feature","properties":{"oznaka":"21_V40_1486"},"geometry":{"type":"LineString","coordinates":[[16.504024,43.525105],[16.503995,43.525069],[16.503977,43.525048],[16.503976,43.525047]]}},{"type":"Feature","properties":{"oznaka":"21_V40_1295"},"geometry":{"type":"LineString","coordinates":[[16.489555,43.524167],[16.489546,43.524151],[16.489543,43.524144],[16.489513,43.524119]]}},{"type":"Feature","properties":{"oznaka":"21_V40_264"},"geometry":{"type":"LineString","coordinates":[[16.495402,43.527621],[16.495395,43.527712],[16.495401,43.527725]]}},{"type":"Feature","properties":{"oznaka":"021_J40_120"},"geometry":{"type":"LineString","coordinates":[[16.496076,43.528583],[16.496058,43.528629],[16.496047,43.528677],[16.496043,43.528724],[16.496037,43.528797],[16.496034,43.528852],[16.496039,43.528886],[16.496045,43.528921],[16.496067,43.528959],[16.496101,43.528999]]}},{"type":"Feature","properties":{"oznaka":"21_V40_380"},"geometry":{"type":"LineString","coordinates":[[16.504133,43.525661],[16.504142,43.525659],[16.504157,43.525654],[16.504169,43.525651]]}},{"type":"Feature","properties":{"oznaka":"21_V40_1542"},"geometry":{"type":"LineString","coordinates":[[16.493142,43.528238],[16.493075,43.528058],[16.493012,43.527887]]}},{"type":"Feature","properties":{"oznaka":"21_V40_387"},"geometry":{"type":"LineString","coordinates":[[16.505816,43.523389],[16.505804,43.523343],[16.505792,43.523255],[16.505771,43.523139],[16.505761,43.523085],[16.50576,43.523083],[16.505741,43.522992],[16.505733,43.522961],[16.50575,43.522884],[16.505758,43.52282],[16.505757,43.522813]]}},{"type":"Feature","properties":{"oznaka":"21_V40_2091"},"geometry":{"type":"LineString","coordinates":[[16.503391,43.525664],[16.503453,43.52567],[16.503475,43.525673]]}},{"type":"Feature","properties":{"oznaka":"21_V40_560"},"geometry":{"type":"LineString","coordinates":[[16.493509,43.527681],[16.493524,43.527686],[16.493584,43.527693],[16.493602,43.527702],[16.493664,43.52773],[16.493711,43.527767],[16.493736,43.527787]]}},{"type":"Feature","properties":{"oznaka":"21_V40_1007"},"geometry":{"type":"LineString","coordinates":[[16.490365,43.52458],[16.49023,43.524544],[16.490183,43.524527],[16.490101,43.524498],[16.489925,43.524379]]}},{"type":"Feature","properties":{"oznaka":"21_V40_502"},"geometry":{"type":"LineString","coordinates":[[16.488049,43.524368],[16.487921,43.52453],[16.4879,43.524556],[16.487832,43.524617],[16.487807,43.524639],[16.48762,43.524896],[16.487571,43.524947],[16.487528,43.524971],[16.48747,43.524997],[16.487354,43.525026],[16.487268,43.525042],[16.487078,43.525076],[16.486975858925536,43.52509661562971]]}},{"type":"Feature","properties":{"oznaka":"21_M00_"},"geometry":{"type":"LineString","coordinates":[[16.489244,43.525478],[16.488454,43.524848]]}},{"type":"Feature","properties":{"oznaka":"21_V40_996"},"geometry":{"type":"LineString","coordinates":[[16.494654,43.526181],[16.494635,43.5262],[16.494628,43.526207],[16.494623,43.526208]]}},{"type":"Feature","properties":{"oznaka":"21_V40_620"},"geometry":{"type":"LineString","coordinates":[[16.495293,43.526362],[16.495119,43.526314],[16.495017,43.526288],[16.494981,43.526279],[16.494838,43.526244],[16.494622,43.526212]]}},{"type":"Feature","properties":{"oznaka":"21_V40_993"},"geometry":{"type":"LineString","coordinates":[[16.492628,43.527638],[16.49263,43.527628],[16.492639,43.527582]]}},{"type":"Feature","properties":{"oznaka":"021_J40_113"},"geometry":{"type":"LineString","coordinates":[[16.499358,43.528294],[16.49934,43.528287]]}},{"type":"Feature","properties":{"oznaka":"21_V40_1877"},"geometry":{"type":"LineString","coordinates":[[16.502389,43.52741],[16.502388,43.527418],[16.502387,43.527431]]}},{"type":"Feature","properties":{"oznaka":"021_J40_897"},"geometry":{"type":"LineString","coordinates":[[16.499548,43.528429],[16.499563,43.5284]]}},{"type":"Feature","properties":{"oznaka":"21_V40_492"},"geometry":{"type":"LineString","coordinates":[[16.497049,43.524387],[16.497052,43.524393],[16.497087,43.52442]]}},{"type":"Feature","properties":{"oznaka":"021_J40_100"},"geometry":{"type":"LineString","coordinates":[[16.497395,43.528953],[16.497335,43.528952],[16.497249,43.528954],[16.497169,43.528957]]}},{"type":"Feature","properties":{"oznaka":"21_V40_1488"},"geometry":{"type":"LineString","coordinates":[[16.50376,43.525397],[16.503759,43.525395],[16.503756,43.525388],[16.503752,43.525379]]}},{"type":"Feature","properties":{"oznaka":"21_V40_1110"},"geometry":{"type":"LineString","coordinates":[[16.502866,43.525823],[16.502856,43.525751],[16.502853,43.525733]]}},{"type":"Feature","properties":{"oznaka":"21_V40_66"},"geometry":{"type":"LineString","coordinates":[[16.506407,43.524499],[16.506403,43.524523],[16.506395,43.524595],[16.506386,43.524705],[16.50637,43.52487],[16.50635,43.524975],[16.506345,43.524996],[16.506346,43.525028]]}},{"type":"Feature","properties":{"oznaka":"21_V40_338"},"geometry":{"type":"LineString","coordinates":[[16.50475,43.527722],[16.504733,43.527738],[16.504709,43.527756],[16.504624,43.527798],[16.504533,43.52783],[16.504523,43.527834],[16.504387,43.527913],[16.504383,43.527916]]}},{"type":"Feature","properties":{"oznaka":"21_V40_2410"},"geometry":{"type":"LineString","coordinates":[[16.492576,43.524671],[16.492577,43.524674],[16.492577,43.524675]]}},{"type":"Feature","properties":{"oznaka":"21_V40_1002"},"geometry":{"type":"LineString","coordinates":[[16.493784,43.525836],[16.49378,43.525849],[16.493746,43.525917],[16.493726,43.525957]]}},{"type":"Feature","properties":{"oznaka":"21_V40_2310"},"geometry":{"type":"LineString","coordinates":[[16.498552,43.521042],[16.498553,43.521044],[16.498553,43.521044]]}},{"type":"Feature","properties":{"oznaka":"21_V40_1341"},"geometry":{"type":"LineString","coordinates":[[16.503109,43.526115],[16.503114,43.526114],[16.503169,43.526104],[16.50329,43.526082]]}},{"type":"Feature","properties":{"oznaka":"21_V40_1932"},"geometry":{"type":"LineString","coordinates":[[16.506736,43.519856],[16.50678,43.519989],[16.506822,43.520149],[16.506841,43.520225],[16.506866,43.520383],[16.506911,43.520496],[16.506915,43.52053],[16.506912,43.520535]]}},{"type":"Feature","properties":{"oznaka":"21_V40_354"},"geometry":{"type":"LineString","coordinates":[[16.501423,43.526853],[16.501453,43.526914],[16.501426,43.52694],[16.501423,43.526944],[16.501366,43.526998],[16.501319,43.527041],[16.501303,43.527055]]}},{"type":"Feature","properties":{"oznaka":"21_V40_951"},"geometry":{"type":"LineString","coordinates":[[16.505158,43.524142],[16.505152,43.524105],[16.505148,43.524081],[16.505148,43.524077]]}},{"type":"Feature","properties":{"oznaka":"21_V40_1550"},"geometry":{"type":"LineString","coordinates":[[16.494948,43.525486],[16.494949,43.52547],[16.494951,43.525448]]}},{"type":"Feature","properties":{"oznaka":"21_V40_2114"},"geometry":{"type":"LineString","coordinates":[[16.490274,43.523056],[16.490298,43.523066],[16.490376,43.523098]]}},{"type":"Feature","properties":{"oznaka":"21_V40_2443"},"geometry":{"type":"LineString","coordinates":[[16.501415,43.525126],[16.501448,43.525132],[16.501451,43.525132]]}},{"type":"Feature","properties":{"oznaka":"21_V40_670"},"geometry":{"type":"LineString","coordinates":[[16.496112,43.522557],[16.496104,43.522559],[16.49597,43.522581],[16.495842,43.522589],[16.495701,43.522598],[16.495628,43.522597]]}},{"type":"Feature","properties":{"oznaka":"21_M00_"},"geometry":{"type":"LineString","coordinates":[[16.489807,43.526112],[16.489671,43.525914],[16.489385,43.525605],[16.48925,43.525483],[16.489244,43.525478]]}},{"type":"Feature","properties":{"oznaka":"21_V40_2313"},"geometry":{"type":"LineString","coordinates":[[16.50024,43.521134],[16.500239,43.521134],[16.500235,43.521135]]}},{"type":"Feature","properties":{"oznaka":"21_V40_408"},"geometry":{"type":"LineString","coordinates":[[16.498553,43.521044],[16.498564,43.52108],[16.498572,43.521108],[16.498586,43.521155],[16.498597,43.521189]]}},{"type":"Feature","properties":{"oznaka":"21_V40_1497"},"geometry":{"type":"LineString","coordinates":[[16.503664,43.5267],[16.503663,43.5267],[16.503662,43.5267]]}},{"type":"Feature","properties":{"oznaka":"21_V40_1226"},"geometry":{"type":"LineString","coordinates":[[16.503514,43.524021],[16.503491,43.524026],[16.503494,43.524058],[16.5035,43.52411],[16.503513,43.524153]]}},{"type":"Feature","properties":{"oznaka":"21_V40_1861"},"geometry":{"type":"LineString","coordinates":[[16.502655,43.524264],[16.502651,43.524252],[16.502644,43.524198],[16.502642,43.524184]]}},{"type":"Feature","properties":{"oznaka":"21_V40_352"},"geometry":{"type":"LineString","coordinates":[[16.500953,43.527379],[16.500967,43.527371],[16.501019,43.52735],[16.501026,43.527347],[16.501075,43.527331]]}},{"type":"Feature","properties":{"oznaka":"21_V40_616"},"geometry":{"type":"LineString","coordinates":[[16.490507,43.523617],[16.490482,43.523537],[16.490476,43.523519],[16.490462,43.523449]]}},{"type":"Feature","properties":{"oznaka":"21_V40_1169"},"geometry":{"type":"LineString","coordinates":[[16.494358,43.526862],[16.494369,43.526864],[16.494426,43.526871]]}},{"type":"Feature","properties":{"oznaka":"21_V40_645"},"geometry":{"type":"LineString","coordinates":[[16.502659,43.524271],[16.502657,43.524308],[16.502658,43.52431],[16.502663,43.524362],[16.502666,43.524369]]}},{"type":"Feature","properties":{"oznaka":"21_V40_390"},"geometry":{"type":"LineString","coordinates":[[16.506027,43.521411],[16.506019,43.521429],[16.505928,43.521572],[16.505853,43.52169],[16.505829,43.521749]]}},{"type":"Feature","properties":{"oznaka":"21_V40_1482"},"geometry":{"type":"LineString","coordinates":[[16.505551,43.524929],[16.505556,43.524935],[16.50557,43.524967],[16.505574,43.524975],[16.505572,43.524975]]}},{"type":"Feature","properties":{"oznaka":"21_V40_401"},"geometry":{"type":"LineString","coordinates":[[16.500205,43.521073],[16.500211,43.52107],[16.500258,43.521053],[16.500345,43.521029],[16.500458,43.521],[16.500496,43.52099],[16.500912,43.520881],[16.500999,43.520862],[16.501007,43.52086]]}},{"type":"Feature","properties":{"oznaka":"21_V40_2555"},"geometry":{"type":"LineString","coordinates":[[16.492842,43.527601],[16.492839,43.527607],[16.492852,43.527627],[16.49291,43.527711],[16.49298,43.527815],[16.492989,43.527834]]}},{"type":"Feature","properties":{"oznaka":"21_V40_647"},"geometry":{"type":"LineString","coordinates":[[16.502546,43.52362],[16.502545,43.523618],[16.502514,43.523516],[16.502482,43.523412]]}},{"type":"Feature","properties":{"oznaka":"021_J40_116"},"geometry":{"type":"LineString","coordinates":[[16.496196,43.529064],[16.496188,43.529016],[16.496187,43.529005]]}},{"type":"Feature","properties":{"oznaka":"021_J40_121"},"geometry":{"type":"LineString","coordinates":[[16.496118,43.52901],[16.496187,43.529005]]}},{"type":"Feature","properties":{"oznaka":"21_M00_"},"geometry":{"type":"LineString","coordinates":[[16.490137,43.52673],[16.490025,43.526481],[16.489882,43.526224],[16.489844,43.526166],[16.489807,43.526112]]}},{"type":"Feature","properties":{"oznaka":"021_J40_115"},"geometry":{"type":"LineString","coordinates":[[16.496791,43.528604],[16.496756,43.528597]]}},{"type":"Feature","properties":{"oznaka":"21_V40_491"},"geometry":{"type":"LineString","coordinates":[[16.494859,43.5254],[16.494851,43.525423]]}},{"type":"Feature","properties":{"oznaka":"21_V40_1097"},"geometry":{"type":"LineString","coordinates":[[16.501097,43.527324],[16.501079,43.527278],[16.501074,43.527246],[16.501074,43.527245],[16.501075,43.527234]]}},{"type":"Feature","properties":{"oznaka":"21_V40_1544"},"geometry":{"type":"LineString","coordinates":[[16.494643,43.524903],[16.494606,43.524886],[16.494593,43.52488],[16.494513,43.524844],[16.494471,43.524828]]}},{"type":"Feature","properties":{"oznaka":"21_V40_710"},"geometry":{"type":"LineString","coordinates":[[16.495755,43.527789],[16.495901,43.527867],[16.496074,43.527961]]}},{"type":"Feature","properties":{"oznaka":"21_V40_335"},"geometry":{"type":"LineString","coordinates":[[16.50376,43.528151],[16.503759,43.528155],[16.503757,43.528179],[16.503757,43.528182],[16.503757,43.528188],[16.503758,43.528192]]}},{"type":"Feature","properties":{"oznaka":"21_V40_678"},"geometry":{"type":"LineString","coordinates":[[16.493428,43.526142],[16.493325,43.526308],[16.493318,43.526319],[16.49325,43.526447]]}},{"type":"Feature","properties":{"oznaka":"21_V40_337"},"geometry":{"type":"LineString","coordinates":[[16.504334,43.527895],[16.504208,43.527873],[16.504135,43.527867],[16.504115,43.527865],[16.504018,43.527877],[16.503938,43.527888],[16.503935,43.527888]]}},{"type":"Feature","properties":{"oznaka":"21_V40_574"},"geometry":{"type":"LineString","coordinates":[[16.490028,43.523825],[16.489995,43.523849],[16.48993,43.52391],[16.489752,43.523998],[16.489575,43.524085],[16.489509,43.524115]]}},{"type":"Feature","properties":{"oznaka":"21_V40_2336"},"geometry":{"type":"LineString","coordinates":[[16.503574,43.525937],[16.503579,43.525938],[16.503579,43.525938]]}},{"type":"Feature","properties":{"oznaka":"21_V40_672"},"geometry":{"type":"LineString","coordinates":[[16.495599,43.522631],[16.495599,43.522641],[16.495611,43.52272],[16.495606,43.522824],[16.495536,43.523037],[16.49551,43.523115],[16.495481,43.523204],[16.495427,43.523376]]}},{"type":"Feature","properties":{"oznaka":"21_V40_2312"},"geometry":{"type":"LineString","coordinates":[[16.500205,43.521073],[16.500207,43.521077],[16.500208,43.521078]]}},{"type":"Feature","properties":{"oznaka":"021_J40_1226"},"geometry":{"type":"LineString","coordinates":[[16.500812,43.52838],[16.500926,43.528146],[16.50093,43.528143]]}},{"type":"Feature","properties":{"oznaka":"21_V40_2311"},"geometry":{"type":"LineString","coordinates":[[16.498552,43.52104],[16.498552,43.521041],[16.498552,43.521042]]}},{"type":"Feature","properties":{"oznaka":"21_V40_2329"},"geometry":{"type":"LineString","coordinates":[[16.504124,43.52565],[16.504131,43.525656]]}},{"type":"Feature","properties":{"oznaka":"21_V40_256"},"geometry":{"type":"LineString","coordinates":[[16.503575,43.524397],[16.503577,43.524446],[16.503551,43.524449]]}},{"type":"Feature","properties":{"oznaka":"21_V40_400"},"geometry":{"type":"LineString","coordinates":[[16.502818,43.520646],[16.502801,43.520644],[16.502659,43.520627],[16.502445,43.520613],[16.502338,43.520604]]}},{"type":"Feature","properties":{"oznaka":"21_V40_1364"},"geometry":{"type":"LineString","coordinates":[[16.502999,43.526139],[16.502997,43.526134],[16.502957,43.526051],[16.50295,43.526036],[16.502935,43.525999]]}},{"type":"Feature","properties":{"oznaka":"21_V40_275"},"geometry":{"type":"LineString","coordinates":[[16.494986,43.524876],[16.49492,43.524961]]}},{"type":"Feature","properties":{"oznaka":"21_V40_711"},"geometry":{"type":"LineString","coordinates":[[16.496074,43.527961],[16.496087,43.528283],[16.496053,43.528549],[16.496076,43.528583]]}},{"type":"Feature","properties":{"oznaka":"21_V40_2427"},"geometry":{"type":"LineString","coordinates":[[16.494113,43.527415],[16.494117,43.527416],[16.494118,43.527417]]}},{"type":"Feature","properties":{"oznaka":"21_V40_266"},"geometry":{"type":"LineString","coordinates":[[16.494319,43.527241],[16.49434,43.527246],[16.494439,43.52727]]}},{"type":"Feature","properties":{"oznaka":"21_V40_2095"},"geometry":{"type":"LineString","coordinates":[[16.501527,43.526562],[16.501511,43.526539],[16.501488,43.526514],[16.501482,43.526508],[16.501437,43.526492]]}},{"type":"Feature","properties":{"oznaka":"21_V40_995"},"geometry":{"type":"LineString","coordinates":[[16.494071,43.524836],[16.494075,43.524832],[16.494089,43.524817]]}},{"type":"Feature","properties":{"oznaka":"21_V40_1502"},"geometry":{"type":"LineString","coordinates":[[16.502845,43.525628],[16.502846,43.52565],[16.502848,43.525667],[16.502853,43.525733]]}},{"type":"Feature","properties":{"oznaka":"21_V40_2333"},"geometry":{"type":"LineString","coordinates":[[16.503812,43.525595],[16.503812,43.525598],[16.503784,43.525625],[16.503781,43.525627]]}},{"type":"Feature","properties":{"oznaka":"21_V40_2416"},"geometry":{"type":"LineString","coordinates":[[16.48992,43.524375],[16.489924,43.524378],[16.489925,43.524379]]}},{"type":"Feature","properties":{"oznaka":"21_V40_1"},"geometry":{"type":"LineString","coordinates":[[16.495599,43.522631],[16.495468,43.522591],[16.495231,43.522573],[16.495151,43.52257],[16.494985,43.522565]]}},{"type":"Feature","properties":{"oznaka":"21_V40_269"},"geometry":{"type":"LineString","coordinates":[[16.493739,43.52779],[16.493761,43.527807],[16.493777,43.527819],[16.493782,43.527849],[16.493796,43.527925],[16.493794,43.527929]]}},{"type":"Feature","properties":{"oznaka":"21_V40_2418"},"geometry":{"type":"LineString","coordinates":[[16.492213,43.525534],[16.492213,43.525535],[16.492213,43.525536]]}},{"type":"Feature","properties":{"oznaka":"21_V40_1534"},"geometry":{"type":"LineString","coordinates":[[16.494911,43.52738],[16.494973,43.527381],[16.494992,43.527381]]}},{"type":"Feature","properties":{"oznaka":"21_V40_992"},"geometry":{"type":"LineString","coordinates":[[16.492991,43.527838],[16.492996,43.527838],[16.493002,43.527842],[16.493005,43.527844]]}},{"type":"Feature","properties":{"oznaka":"21_V40_2568"},"geometry":{"type":"LineString","coordinates":[[16.504589,43.525417],[16.504587,43.525414],[16.504523,43.525327],[16.504473,43.525259]]}},{"type":"Feature","properties":{"oznaka":"21_V40_2413"},"geometry":{"type":"LineString","coordinates":[[16.488283,43.523831],[16.488283,43.523831],[16.488283,43.523833]]}},{"type":"Feature","properties":{"oznaka":"21_V40_1517"},"geometry":{"type":"LineString","coordinates":[[16.494264,43.522625],[16.494348,43.522613],[16.494464,43.522597],[16.494591,43.522579],[16.494745,43.522574]]}},{"type":"Feature","properties":{"oznaka":"021_J40_99"},"geometry":{"type":"LineString","coordinates":[[16.497395,43.528953],[16.497394,43.528946],[16.497384,43.528887],[16.497387,43.528864],[16.497393,43.52884],[16.497404,43.528815],[16.497408,43.528737]]}},{"type":"Feature","properties":{"oznaka":"21_V40_1096"},"geometry":{"type":"LineString","coordinates":[[16.502351,43.527705],[16.50235,43.527688],[16.502335,43.527612],[16.502334,43.52761],[16.502328,43.52754],[16.502358,43.527521],[16.502379,43.527499]]}},{"type":"Feature","properties":{"oznaka":"21_V40_2563"},"geometry":{"type":"LineString","coordinates":[[16.505984,43.5241],[16.505959,43.523994],[16.505958,43.523986]]}},{"type":"Feature","properties":{"oznaka":"021_J40_121"},"geometry":{"type":"LineString","coordinates":[[16.495802,43.529047],[16.49595,43.529022]]}},{"type":"Feature","properties":{"oznaka":"21_V40_340"},"geometry":{"type":"LineString","coordinates":[[16.505592,43.52755],[16.505524,43.52757],[16.505476,43.527585],[16.505355,43.527615],[16.505315,43.527626],[16.505176,43.527655],[16.505133,43.527654],[16.505075,43.527654],[16.505055,43.527655],[16.505019,43.527648],[16.504991,43.527639],[16.504986,43.527636]]}},{"type":"Feature","properties":{"oznaka":"21_V40_274"},"geometry":{"type":"LineString","coordinates":[[16.494998,43.524947],[16.495087,43.524923],[16.495197,43.524903],[16.495248,43.524901],[16.495418,43.524895],[16.495478,43.524894]]}},{"type":"Feature","properties":{"oznaka":"21_V40_392"},"geometry":{"type":"LineString","coordinates":[[16.504535,43.520566],[16.504544,43.52056],[16.504609,43.520538],[16.504896,43.520487],[16.50493,43.520482],[16.505011,43.520472],[16.505048,43.520476],[16.505133,43.520487],[16.505311,43.520546],[16.505463,43.520601],[16.505468,43.520603]]}},{"type":"Feature","properties":{"oznaka":"21_V40_675"},"geometry":{"type":"LineString","coordinates":[[16.490507,43.523617],[16.490319,43.523654],[16.490245,43.523683],[16.490198,43.523702],[16.490028,43.523825]]}},{"type":"Feature","properties":{"oznaka":"21_V40_38800"},"geometry":{"type":"LineString","coordinates":[[16.505839,43.523507],[16.505797,43.523518]]}},{"type":"Feature","properties":{"oznaka":"21_V40_991"},"geometry":{"type":"LineString","coordinates":[[16.492989,43.527834],[16.493003,43.527829],[16.493059,43.527831],[16.493224,43.527837],[16.493302,43.527865]]}},{"type":"Feature","properties":{"oznaka":"021_J40_113"},"geometry":{"type":"LineString","coordinates":[[16.499336,43.528413],[16.499348,43.528348],[16.499358,43.528294]]}},{"type":"Feature","properties":{"oznaka":"021_J40_53"},"geometry":{"type":"LineString","coordinates":[[16.499553,43.528319],[16.499536,43.528309],[16.499523,43.528305],[16.499363,43.528295],[16.499358,43.528294]]}},{"type":"Feature","properties":{"oznaka":"21_M00_"},"geometry":{"type":"LineString","coordinates":[[16.487706,43.524273],[16.486975858925536,43.523727157819934]]}},{"type":"Feature","properties":{"oznaka":"21_V40_2155"},"geometry":{"type":"LineString","coordinates":[[16.501379,43.526476],[16.501407,43.52648],[16.501411,43.526481],[16.50143,43.526491],[16.501433,43.526494]]}},{"type":"Feature","properties":{"oznaka":"21_V40_1465"},"geometry":{"type":"LineString","coordinates":[[16.505387,43.52426],[16.505383,43.524175],[16.50538,43.524123],[16.505381,43.524116]]}},{"type":"Feature","properties":{"oznaka":"21_V40_1242"},"geometry":{"type":"LineString","coordinates":[[16.494089,43.524817],[16.494088,43.524817]]}},{"type":"Feature","properties":{"oznaka":"21_V40_952"},"geometry":{"type":"LineString","coordinates":[[16.505908,43.52445],[16.50586,43.524418],[16.505851,43.524412]]}},{"type":"Feature","properties":{"oznaka":"21_V40_"},"geometry":{"type":"LineString","coordinates":[[16.495975,43.527777],[16.495977,43.527793]]}},{"type":"Feature","properties":{"oznaka":"021_J40_145"},"geometry":{"type":"LineString","coordinates":[[16.493094,43.529326],[16.493231,43.529333],[16.493352,43.529336],[16.493509,43.52934],[16.493546,43.529339],[16.493655,43.52934]]}},{"type":"Feature","properties":{"oznaka":"21_V40_2315"},"geometry":{"type":"LineString","coordinates":[[16.504508,43.520508],[16.504509,43.520508],[16.504513,43.520507]]}},{"type":"Feature","properties":{"oznaka":"21_V40_1275"},"geometry":{"type":"LineString","coordinates":[[16.489428,43.524025],[16.489473,43.524015],[16.48945,43.52394]]}},{"type":"Feature","properties":{"oznaka":"21_V40_344"},"geometry":{"type":"LineString","coordinates":[[16.502387,43.527431],[16.502392,43.527431],[16.502393,43.527431],[16.502394,43.527431],[16.502396,43.527431],[16.502398,43.527432],[16.502399,43.527432],[16.502404,43.527432],[16.502407,43.527432],[16.502418,43.527433],[16.502428,43.527433],[16.502432,43.527434],[16.502465,43.527436],[16.502475,43.527436],[16.502516,43.527439],[16.502532,43.527439],[16.502544,43.527439],[16.502559,43.52744],[16.502575,43.52744],[16.502586,43.52744],[16.502597,43.52744],[16.502608,43.527441],[16.502616,43.527441],[16.502623,43.527441],[16.502633,43.527441],[16.502645,43.527441],[16.502653,43.527441],[16.502658,43.527441],[16.502663,43.527441],[16.502683,43.527442],[16.502699,43.527442],[16.502703,43.527442],[16.502725,43.527442],[16.502731,43.527442],[16.502737,43.527443],[16.502741,43.527442],[16.502747,43.527442],[16.502752,43.527442],[16.502763,43.527441],[16.502778,43.52744],[16.502783,43.52744],[16.502808,43.527438],[16.502832,43.527437],[16.502887,43.527433],[16.502918,43.527429],[16.502969,43.527422],[16.503004,43.527417],[16.503033,43.527413],[16.50306,43.527407],[16.503083,43.527402],[16.503095,43.5274],[16.503103,43.527398]]}},{"type":"Feature","properties":{"oznaka":"21_V40_"},"geometry":{"type":"LineString","coordinates":[[16.500484,43.521755],[16.500454,43.521759],[16.500444,43.521765],[16.500463,43.521812],[16.500477,43.521838],[16.500542,43.521898],[16.500608,43.521945],[16.500675,43.521991]]}},{"type":"Feature","properties":{"oznaka":"021_J40_143"},"geometry":{"type":"LineString","coordinates":[[16.491873,43.529371],[16.491874,43.529377],[16.491862,43.529384],[16.491807,43.52938],[16.491769,43.529373],[16.491765,43.529366],[16.491765,43.529365],[16.491759,43.529342],[16.49175,43.529302],[16.491722,43.529283],[16.491658,43.529269],[16.491618,43.529269],[16.491524,43.529268],[16.491428,43.529265]]}},{"type":"Feature","properties":{"oznaka":"21_V40_1506"},"geometry":{"type":"LineString","coordinates":[[16.502935,43.525999],[16.502902,43.525919],[16.502899,43.525911],[16.502894,43.525898]]}},{"type":"Feature","properties":{"oznaka":"21_V40_1510"},"geometry":{"type":"LineString","coordinates":[[16.503833,43.526068],[16.503855,43.526065],[16.503945,43.526051],[16.50395,43.52605]]}},{"type":"Feature","properties":{"oznaka":"21_V40_2"},"geometry":{"type":"LineString","coordinates":[[16.498104,43.521719],[16.498238,43.521671],[16.498382,43.52162],[16.498635,43.521529],[16.498735,43.521503]]}},{"type":"Feature","properties":{"oznaka":"21_V40_491"},"geometry":{"type":"LineString","coordinates":[[16.494851,43.525423],[16.494848,43.525434],[16.494797,43.525576],[16.494737,43.525749],[16.494712,43.525819],[16.494705,43.525837],[16.494678,43.525895],[16.494648,43.526008],[16.494631,43.52617]]}},{"type":"Feature","properties":{"oznaka":"21_V40_2406"},"geometry":{"type":"LineString","coordinates":[[16.496921,43.524365],[16.496921,43.524364],[16.496922,43.524362]]}},{"type":"Feature","properties":{"oznaka":"21_V40_"},"geometry":{"type":"LineString","coordinates":[[16.495401,43.527725],[16.495701,43.527711]]}},{"type":"Feature","properties":{"oznaka":"21_V40_1239"},"geometry":{"type":"LineString","coordinates":[[16.491806,43.523083],[16.491813,43.523083],[16.491824,43.523083],[16.491871,43.523082]]}},{"type":"Feature","properties":{"oznaka":"21_V40_377"},"geometry":{"type":"LineString","coordinates":[[16.503574,43.525937],[16.503578,43.525934],[16.503736,43.52583],[16.503742,43.525826],[16.503785,43.525801],[16.503865,43.525765],[16.503911,43.525746],[16.503915,43.525744]]}},{"type":"Feature","properties":{"oznaka":"21_V40_644"},"geometry":{"type":"LineString","coordinates":[[16.505158,43.524142],[16.504993,43.524148],[16.504903,43.524167],[16.504875,43.524173],[16.504818,43.524188],[16.504683,43.52419],[16.504636,43.524185],[16.504623,43.524185]]}},{"type":"Feature","properties":{"oznaka":"21_V40_670"},"geometry":{"type":"LineString","coordinates":[[16.495628,43.522597],[16.495599,43.522631]]}},{"type":"Feature","properties":{"oznaka":"21_V40_2337"},"geometry":{"type":"LineString","coordinates":[[16.50395,43.52605],[16.503952,43.52605],[16.503953,43.52605]]}},{"type":"Feature","properties":{"oznaka":"21_V40_1556"},"geometry":{"type":"LineString","coordinates":[[16.495188,43.527021],[16.495177,43.527029],[16.495168,43.527035]]}},{"type":"Feature","properties":{"oznaka":"21_V40_1549"},"geometry":{"type":"LineString","coordinates":[[16.494939,43.525352],[16.494932,43.525382],[16.494925,43.52541]]}},{"type":"Feature","properties":{"oznaka":"21_V40_256"},"geometry":{"type":"LineString","coordinates":[[16.503551,43.5243],[16.503553,43.524311],[16.503575,43.524397]]}},{"type":"Feature","properties":{"oznaka":"21_V40_1941"},"geometry":{"type":"LineString","coordinates":[[16.491063,43.525087],[16.490975,43.525089],[16.49094,43.52509],[16.490938,43.525091],[16.490935,43.525093]]}},{"type":"Feature","properties":{"oznaka":"21_V40_2314"},"geometry":{"type":"LineString","coordinates":[[16.500524,43.521732],[16.500524,43.521731],[16.500524,43.521729]]}},{"type":"Feature","properties":{"oznaka":"21_V40_989"},"geometry":{"type":"LineString","coordinates":[[16.493794,43.527929],[16.493787,43.527968],[16.493785,43.527977],[16.493785,43.528004]]}},{"type":"Feature","properties":{"oznaka":"21_V40_2323"},"geometry":{"type":"LineString","coordinates":[[16.505141,43.525004],[16.50514,43.525007],[16.50514,43.525008]]}},{"type":"Feature","properties":{},"geometry":{"type":"LineString","coordinates":[[16.490517,43.524794],[16.490495,43.524808]]}},{"type":"Feature","properties":{"oznaka":"21_V40_1505"},"geometry":{"type":"LineString","coordinates":[[16.502935,43.525999],[16.502927,43.526],[16.502895,43.526006],[16.502882,43.526009]]}},{"type":"Feature","properties":{"oznaka":"21_V40_1367"},"geometry":{"type":"LineString","coordinates":[[16.504334,43.527895],[16.504335,43.527899],[16.504321,43.527911],[16.504269,43.527954],[16.504216,43.52803],[16.504164,43.528092],[16.504129,43.528134],[16.504086,43.528172],[16.504063,43.528185],[16.504061,43.528185],[16.50397,43.528193],[16.503964,43.528193]]}},{"type":"Feature","properties":{"oznaka":"21_V40_341"},"geometry":{"type":"LineString","coordinates":[[16.505609,43.527545],[16.505617,43.527544],[16.505757,43.527501],[16.505801,43.527488],[16.50597,43.527414],[16.506002,43.527397],[16.506146,43.527325],[16.506366,43.527201],[16.506371,43.527198]]}},{"type":"Feature","properties":{"oznaka":"21_V40_569"},"geometry":{"type":"LineString","coordinates":[[16.491426,43.52543],[16.491427,43.52543],[16.491556,43.525435],[16.491828,43.525469],[16.491864,43.525473],[16.492129,43.525503],[16.492168,43.525507]]}},{"type":"Feature","properties":{"oznaka":"21_V40_"},"geometry":{"type":"LineString","coordinates":[[16.502953,43.526731],[16.502965,43.526881],[16.502894,43.52688],[16.502893,43.526907]]}},{"type":"Feature","properties":{"oznaka":"21_V40_1000"},"geometry":{"type":"LineString","coordinates":[[16.49325,43.526447],[16.493173,43.526517],[16.493144,43.526544]]}},{"type":"Feature","properties":{"oznaka":"21_V40_2088"},"geometry":{"type":"LineString","coordinates":[[16.50594,43.52444],[16.505932,43.524443],[16.505915,43.52445]]}},{"type":"Feature","properties":{"oznaka":"21_V40_1538"},"geometry":{"type":"LineString","coordinates":[[16.493867,43.527769],[16.493876,43.527756],[16.493899,43.527723],[16.493907,43.527711]]}},{"type":"Feature","properties":{"oznaka":"021_J40_164"},"geometry":{"type":"LineString","coordinates":[[16.496791,43.528604],[16.496799,43.528539],[16.496803,43.528489],[16.496804,43.52847]]}},{"type":"Feature","properties":{"oznaka":"21_V40_618"},"geometry":{"type":"LineString","coordinates":[[16.490684,43.524793],[16.490589,43.524772],[16.490575,43.524769],[16.490517,43.524794]]}},{"type":"Feature","properties":{"oznaka":"21_V40_257"},"geometry":{"type":"LineString","coordinates":[[16.505908,43.52445],[16.505887,43.524463],[16.50588,43.524477],[16.505874,43.524488]]}},{"type":"Feature","properties":{"oznaka":"21_V40_1545"},"geometry":{"type":"LineString","coordinates":[[16.494918,43.525118],[16.494924,43.525119],[16.494979,43.525119],[16.495052,43.525118]]}},{"type":"Feature","properties":{"oznaka":"21_V40_1107"},"geometry":{"type":"LineString","coordinates":[[16.502836,43.526558],[16.502853,43.526555],[16.502887,43.526542],[16.502904,43.526537],[16.502968,43.52652]]}},{"type":"Feature","properties":{"oznaka":"21_V40_567"},"geometry":{"type":"LineString","coordinates":[[16.492581,43.525527],[16.492434,43.525526],[16.492425,43.525526],[16.492214,43.525511]]}},{"type":"Feature","properties":{"oznaka":"21_V40_1548"},"geometry":{"type":"LineString","coordinates":[[16.495095,43.525238],[16.495045,43.525229],[16.495034,43.525227],[16.494961,43.525265],[16.49496,43.525269]]}},{"type":"Feature","properties":{"oznaka":"21_V40_383"},"geometry":{"type":"LineString","coordinates":[[16.504624,43.525474],[16.504621,43.525471],[16.504608,43.525438],[16.504603,43.525432],[16.504592,43.52542],[16.504589,43.525417]]}},{"type":"Feature","properties":{"oznaka":"21_V40_1943"},"geometry":{"type":"LineString","coordinates":[[16.492523,43.524685],[16.492534,43.524682],[16.492551,43.524677],[16.492576,43.524671]]}},{"type":"Feature","properties":{"oznaka":"21_V40_364"},"geometry":{"type":"LineString","coordinates":[[16.501912,43.526256],[16.501897,43.52625],[16.501877,43.526242]]}},{"type":"Feature","properties":{"oznaka":"21_V40_1522"},"geometry":{"type":"LineString","coordinates":[[16.504583,43.526088],[16.504588,43.526167],[16.504591,43.526225],[16.504588,43.526234]]}},{"type":"Feature","properties":{"oznaka":"21_V40_2551"},"geometry":{"type":"LineString","coordinates":[[16.50614,43.520847],[16.50634,43.520785],[16.50651,43.520737],[16.506706,43.520682],[16.506821,43.520618],[16.506887,43.520567],[16.506911,43.520541],[16.506912,43.520535]]}},{"type":"Feature","properties":{"oznaka":"21_V40_1093"},"geometry":{"type":"LineString","coordinates":[[16.505539,43.525278],[16.505528,43.525269],[16.505473,43.525251],[16.505411,43.525265],[16.505369,43.525274]]}},{"type":"Feature","properties":{"oznaka":"21_V40_1512"},"geometry":{"type":"LineString","coordinates":[[16.502847,43.526663],[16.502842,43.526694],[16.502841,43.526701],[16.502847,43.526728]]}},{"type":"Feature","properties":{"oznaka":"21_V40_1940"},"geometry":{"type":"LineString","coordinates":[[16.494113,43.527415],[16.494097,43.527438],[16.494086,43.527454]]}},{"type":"Feature","properties":{"oznaka":"21_V40_2327"},"geometry":{"type":"LineString","coordinates":[[16.504471,43.525256],[16.504473,43.525259],[16.504473,43.525259]]}},{"type":"Feature","properties":{"oznaka":"21_V40_1946"},"geometry":{"type":"LineString","coordinates":[[16.494631,43.52617],[16.494626,43.52619],[16.494625,43.526196],[16.494623,43.526206],[16.494623,43.526208]]}},{"type":"Feature","properties":{"oznaka":"21_V40_1507"},"geometry":{"type":"LineString","coordinates":[[16.503086,43.526052],[16.503092,43.526068],[16.503106,43.526108],[16.503109,43.526115]]}},{"type":"Feature","properties":{"oznaka":"21_V40_370"},"geometry":{"type":"LineString","coordinates":[[16.503365,43.526557],[16.503326,43.526511],[16.503303,43.526483]]}},{"type":"Feature","properties":{"oznaka":"21_V40_564"},"geometry":{"type":"LineString","coordinates":[[16.494543,43.526531],[16.494545,43.526519]]}},{"type":"Feature","properties":{"oznaka":"21_V40_278"},"geometry":{"type":"LineString","coordinates":[[16.48992,43.524375],[16.48982,43.524439],[16.48975,43.524481],[16.489715,43.524503],[16.489663,43.524525]]}},{"type":"Feature","properties":{"oznaka":"21_V40_492"},"geometry":{"type":"LineString","coordinates":[[16.497087,43.52442],[16.497093,43.524422],[16.497133,43.524444],[16.497146,43.524477]]}},{"type":"Feature","properties":{"oznaka":"21_V40_673"},"geometry":{"type":"LineString","coordinates":[[16.493431,43.522485],[16.493421,43.522491],[16.493379,43.522519],[16.493376,43.522521],[16.493317,43.522605],[16.493285,43.522692],[16.493274,43.522771],[16.493269,43.522823],[16.493265,43.522835]]}},{"type":"Feature","properties":{"oznaka":"21_V40_2104"},"geometry":{"type":"LineString","coordinates":[[16.494925,43.52541],[16.494921,43.525429],[16.494872,43.525563],[16.494852,43.525617],[16.494875,43.525649],[16.494978,43.525665]]}},{"type":"Feature","properties":{"oznaka":"21_V40_67"},"geometry":{"type":"LineString","coordinates":[[16.505305,43.524971],[16.50555,43.524923]]}},{"type":"Feature","properties":{"oznaka":"21_V40_384"},"geometry":{"type":"LineString","coordinates":[[16.503574,43.525937],[16.503571,43.525933],[16.503563,43.525917]]}},{"type":"Feature","properties":{"oznaka":"21_V40_1529"},"geometry":{"type":"LineString","coordinates":[[16.490684,43.524793],[16.490728,43.524781],[16.490779,43.524766]]}},{"type":"Feature","properties":{"oznaka":"21_V40_1559"},"geometry":{"type":"LineString","coordinates":[[16.492588,43.525527],[16.492739,43.525521],[16.492812,43.525517],[16.493032,43.525506]]}},{"type":"Feature","properties":{"oznaka":"21_V40_1276"},"geometry":{"type":"LineString","coordinates":[[16.489663,43.524525],[16.489633,43.524536],[16.48962,43.524541]]}},{"type":"Feature","properties":{"oznaka":"21_V40_2316"},"geometry":{"type":"LineString","coordinates":[[16.505612,43.522314],[16.505611,43.522315],[16.505606,43.522319]]}},{"type":"Feature","properties":{"oznaka":"21_V40_2424"},"geometry":{"type":"LineString","coordinates":[[16.495394,43.526952],[16.495394,43.526947],[16.495394,43.526946]]}},{"type":"Feature","properties":{"oznaka":"21_V40_1115"},"geometry":{"type":"LineString","coordinates":[[16.504247,43.525716],[16.504224,43.525697],[16.504216,43.525691],[16.504184,43.525675],[16.504169,43.525651]]}},{"type":"Feature","properties":{"oznaka":"21_V40_561"},"geometry":{"type":"LineString","coordinates":[[16.493769,43.527756],[16.493765,43.527761],[16.493751,43.527773]]}},{"type":"Feature","properties":{"oznaka":"21_V40_2102"},"geometry":{"type":"LineString","coordinates":[[16.494939,43.525352],[16.494947,43.525322],[16.494953,43.525299],[16.49496,43.525269]]}},{"type":"Feature","properties":{"oznaka":"21_V40_69"},"geometry":{"type":"LineString","coordinates":[[16.504624,43.525474],[16.504652,43.525463],[16.504665,43.525457]]}},{"type":"Feature","properties":{"oznaka":"21_V40_1544"},"geometry":{"type":"LineString","coordinates":[[16.49492,43.524961],[16.494824,43.524923],[16.494678,43.524903],[16.494643,43.524903]]}},{"type":"Feature","properties":{"oznaka":"21_V40_358"},"geometry":{"type":"LineString","coordinates":[[16.501251,43.526727],[16.501253,43.526718],[16.501254,43.526657],[16.501253,43.526634],[16.501268,43.526593],[16.50129,43.526574],[16.5013,43.526568],[16.501364,43.52653],[16.501401,43.526511]]}},{"type":"Feature","properties":{"oznaka":"021_J40_146"},"geometry":{"type":"LineString","coordinates":[[16.495191,43.529171],[16.495192,43.529178],[16.495192,43.529178]]}},{"type":"Feature","properties":{"oznaka":"21_V40_339"},"geometry":{"type":"LineString","coordinates":[[16.50475,43.527722],[16.504772,43.527719],[16.504887,43.527691],[16.504969,43.527647],[16.504986,43.527636]]}},{"type":"Feature","properties":{"oznaka":"21_V40_358"},"geometry":{"type":"LineString","coordinates":[[16.501401,43.526511],[16.50143,43.526496],[16.501433,43.526494]]}},{"type":"Feature","properties":{"oznaka":"21_V40_990"},"geometry":{"type":"LineString","coordinates":[[16.49359,43.527943],[16.493619,43.527943],[16.493678,43.527942],[16.493794,43.527929]]}},{"type":"Feature","properties":{"oznaka":"21_V40_2106"},"geometry":{"type":"LineString","coordinates":[[16.494319,43.527241],[16.494345,43.527224],[16.494366,43.52721]]}},{"type":"Feature","properties":{"oznaka":"21_V40_1523"},"geometry":{"type":"LineString","coordinates":[[16.50371,43.526599],[16.503691,43.526547],[16.503686,43.526531]]}},{"type":"Feature","properties":{"oznaka":"21_V40_1466"},"geometry":{"type":"LineString","coordinates":[[16.505433,43.524108],[16.505563,43.524057],[16.505648,43.524027],[16.505666,43.524025],[16.505731,43.524017],[16.505825,43.524008],[16.505881,43.524002],[16.505948,43.523989],[16.505958,43.523986]]}},{"type":"Feature","properties":{"oznaka":"21_V40_1006"},"geometry":{"type":"LineString","coordinates":[[16.492572,43.524637],[16.492574,43.524651],[16.492576,43.524671]]}},{"type":"Feature","properties":{"oznaka":"21_V40_2328"},"geometry":{"type":"LineString","coordinates":[[16.503903,43.525365],[16.503903,43.525364],[16.503902,43.525362]]}},{"type":"Feature","properties":{"oznaka":"21_V40_559"},"geometry":{"type":"LineString","coordinates":[[16.493509,43.527681],[16.493501,43.527681],[16.493429,43.527669],[16.493214,43.527639],[16.493143,43.527629],[16.49292,43.527609],[16.492852,43.527603],[16.492842,43.527601]]}},{"type":"Feature","properties":{"oznaka":"21_V40_2153"},"geometry":{"type":"LineString","coordinates":[[16.501803,43.525195],[16.501602,43.525159],[16.501451,43.525132]]}},{"type":"Feature","properties":{"oznaka":"21_V40_2105"},"geometry":{"type":"LineString","coordinates":[[16.494598,43.527341],[16.494533,43.527312],[16.49452,43.527306]]}},{"type":"Feature","properties":{"oznaka":"21_V40_621"},"geometry":{"type":"LineString","coordinates":[[16.495426,43.526395],[16.495425,43.526402],[16.495416,43.526502],[16.495414,43.526519],[16.495414,43.526527],[16.495413,43.526539],[16.495404,43.526587]]}},{"type":"Feature","properties":{"oznaka":"21_V40_378"},"geometry":{"type":"LineString","coordinates":[[16.503913,43.525741],[16.503858,43.52566],[16.503847,43.525643],[16.503844,43.525639],[16.503815,43.525595]]}},{"type":"Feature","properties":{"oznaka":"21_V40_1933"},"geometry":{"type":"LineString","coordinates":[[16.503917,43.525665],[16.503925,43.525678],[16.503951,43.525721],[16.503916,43.525739],[16.503913,43.525741]]}},{"type":"Feature","properties":{"oznaka":"21_V40_672"},"geometry":{"type":"LineString","coordinates":[[16.495427,43.523376],[16.495412,43.523473],[16.495404,43.523548]]}},{"type":"Feature","properties":{"oznaka":"21_V40_2090"},"geometry":{"type":"LineString","coordinates":[[16.503391,43.525664],[16.503387,43.525663],[16.503387,43.525661],[16.503341,43.525629],[16.503337,43.525627]]}},{"type":"Feature","properties":{"oznaka":"21_V40_1117"},"geometry":{"type":"LineString","coordinates":[[16.504588,43.526234],[16.504591,43.526313],[16.504569,43.526363],[16.504543,43.526386]]}},{"type":"Feature","properties":{"oznaka":"21_V40_709"},"geometry":{"type":"LineString","coordinates":[[16.500925,43.527764],[16.500781,43.527645],[16.500446,43.527367]]}},{"type":"Feature","properties":{"oznaka":"21_V40_353"},"geometry":{"type":"LineString","coordinates":[[16.50112,43.527317],[16.501171,43.527301],[16.501193,43.527294],[16.501255,43.527275],[16.501289,43.527262],[16.501292,43.52726],[16.501293,43.527252]]}},{"type":"Feature","properties":{"oznaka":"21_V40_1363"},"geometry":{"type":"LineString","coordinates":[[16.494859,43.5254],[16.494895,43.525405],[16.494925,43.52541]]}},{"type":"Feature","properties":{"oznaka":"21_V40_2415"},"geometry":{"type":"LineString","coordinates":[[16.490938,43.523168],[16.49094,43.523171],[16.49094,43.523172]]}},{"type":"Feature","properties":{"oznaka":"21_V40_387"},"geometry":{"type":"LineString","coordinates":[[16.505839,43.523507],[16.505816,43.523389]]}},{"type":"Feature","properties":{"oznaka":"21_V40_570"},"geometry":{"type":"LineString","coordinates":[[16.491426,43.52543],[16.49138,43.525419],[16.491333,43.525399],[16.491301,43.525374],[16.491208,43.525293],[16.491144,43.525245],[16.491084,43.5252],[16.490961,43.525112]]}},{"type":"Feature","properties":{"oznaka":"21_V40_1876"},"geometry":{"type":"LineString","coordinates":[[16.504624,43.525474],[16.504619,43.525475],[16.504604,43.52548]]}},{"type":"Feature","properties":{"oznaka":"21_V40_1500"},"geometry":{"type":"LineString","coordinates":[[16.503686,43.526531],[16.503631,43.526539],[16.503627,43.52654],[16.503581,43.526546]]}},{"type":"Feature","properties":{"oznaka":"21_V40_2439"},"geometry":{"type":"LineString","coordinates":[[16.501293,43.527252],[16.501298,43.527252],[16.5013,43.527252]]}},{"type":"Feature","properties":{"oznaka":"21_V40_564"},"geometry":{"type":"LineString","coordinates":[[16.494545,43.526519],[16.494547,43.526506]]}},{"type":"Feature","properties":{"oznaka":"21_V40_1446"},"geometry":{"type":"LineString","coordinates":[[16.504669,43.5201],[16.504615,43.520036],[16.504595,43.519993],[16.504588,43.519978],[16.504553,43.519918],[16.504551,43.519913]]}},{"type":"Feature","properties":{"oznaka":"21_V40_572"},"geometry":{"type":"LineString","coordinates":[[16.490517,43.524794],[16.49048,43.524765],[16.490357,43.524688],[16.490195,43.524571],[16.490132,43.524525],[16.489956,43.524402],[16.489925,43.524379]]}},{"type":"Feature","properties":{"oznaka":"21_V40_561"},"geometry":{"type":"LineString","coordinates":[[16.493751,43.527773],[16.493745,43.527779],[16.493739,43.527783],[16.493736,43.527787]]}},{"type":"Feature","properties":{"oznaka":"21_V40_1939"},"geometry":{"type":"LineString","coordinates":[[16.494086,43.527454],[16.494104,43.527462],[16.494145,43.527481]]}},{"type":"Feature","properties":{"oznaka":"21_V40_2158"},"geometry":{"type":"LineString","coordinates":[[16.5034,43.526139],[16.503405,43.526125]]}},{"type":"Feature","properties":{"oznaka":"21_V40_2496"},"geometry":{"type":"LineString","coordinates":[[16.495752,43.527793],[16.495752,43.527792],[16.495755,43.527789]]}},{"type":"Feature","properties":{"oznaka":"21_V40_1484"},"geometry":{"type":"LineString","coordinates":[[16.504905,43.524707],[16.504898,43.524707],[16.504897,43.524862],[16.504897,43.524994],[16.504897,43.524997]]}},{"type":"Feature","properties":{"oznaka":"21_V40_1530"},"geometry":{"type":"LineString","coordinates":[[16.490684,43.524793],[16.49092,43.524838],[16.491218,43.524891],[16.491269,43.524895],[16.491524,43.524917],[16.491708,43.52492],[16.491749,43.52492]]}},{"type":"Feature","properties":{"oznaka":"21_V40_1562"},"geometry":{"type":"LineString","coordinates":[[16.493726,43.525957],[16.493685,43.526038],[16.493669,43.52607]]}},{"type":"Feature","properties":{"oznaka":"21_V40_2440"},"geometry":{"type":"LineString","coordinates":[[16.500891,43.527419],[16.500892,43.527418],[16.500897,43.527417]]}},{"type":"Feature","properties":{"oznaka":"21_V40_67"},"geometry":{"type":"LineString","coordinates":[[16.505141,43.525004],[16.505305,43.524971]]}},{"type":"Feature","properties":{"oznaka":"21_V40_275"},"geometry":{"type":"LineString","coordinates":[[16.49507,43.524535],[16.495059,43.5246],[16.495053,43.524637],[16.495029,43.524716],[16.495002,43.524825],[16.494986,43.524876]]}},{"type":"Feature","properties":{"oznaka":"21_V40_2409"},"geometry":{"type":"LineString","coordinates":[[16.492582,43.52467],[16.492581,43.52467],[16.492576,43.524671]]}},{"type":"Feature","properties":{"oznaka":"21_V40_2147"},"geometry":{"type":"LineString","coordinates":[[16.506672,43.523597],[16.506672,43.5236],[16.506672,43.523601]]}},{"type":"Feature","properties":{"oznaka":"21_V40_1539"},"geometry":{"type":"LineString","coordinates":[[16.493808,43.528003],[16.493794,43.528004],[16.493787,43.528004],[16.493785,43.528004]]}},{"type":"Feature","properties":{"oznaka":"21_V40_493"},"geometry":{"type":"LineString","coordinates":[[16.496922,43.524362],[16.496965,43.52437],[16.497049,43.524387]]}},{"type":"Feature","properties":{"oznaka":"21_V40_2149"},"geometry":{"type":"LineString","coordinates":[[16.502222,43.525218],[16.502247,43.525385],[16.502213,43.525419],[16.502106,43.525423],[16.501967,43.525428],[16.501937,43.52544]]}},{"type":"Feature","properties":{"oznaka":"021_J40_90"},"geometry":{"type":"LineString","coordinates":[[16.500812,43.52838],[16.500676,43.528547],[16.500632,43.528615]]}},{"type":"Feature","properties":{"oznaka":"21_V40_1494"},"geometry":{"type":"LineString","coordinates":[[16.503802,43.526514],[16.503788,43.526516],[16.503768,43.52652]]}},{"type":"Feature","properties":{"oznaka":"21_V40_1342"},"geometry":{"type":"LineString","coordinates":[[16.492213,43.525534],[16.492213,43.525519],[16.492214,43.525511]]}},{"type":"Feature","properties":{"oznaka":"21_V40_2089"},"geometry":{"type":"LineString","coordinates":[[16.505141,43.525004],[16.505135,43.524971],[16.505135,43.52497]]}},{"type":"Feature","properties":{"oznaka":"21_V40_2105"},"geometry":{"type":"LineString","coordinates":[[16.49452,43.527306],[16.494439,43.52727]]}},{"type":"Feature","properties":{"oznaka":"021_J40_83"},"geometry":{"type":"LineString","coordinates":[[16.499548,43.528429],[16.499549,43.528432]]}},{"type":"Feature","properties":{"oznaka":"021_J40_113"},"geometry":{"type":"LineString","coordinates":[[16.499221,43.528446],[16.499221,43.528433],[16.499336,43.528413]]}},{"type":"Feature","properties":{"oznaka":"21_V40_1934"},"geometry":{"type":"LineString","coordinates":[[16.503827,43.525525],[16.503821,43.525553],[16.503818,43.525574],[16.503817,43.525576],[16.503817,43.525592],[16.503815,43.525595]]}},{"type":"Feature","properties":{"oznaka":"21_V40_351"},"geometry":{"type":"LineString","coordinates":[[16.500925,43.527764],[16.500931,43.527763],[16.500967,43.527758],[16.501006,43.527752],[16.501044,43.527746],[16.501052,43.527745]]}},{"type":"Feature","properties":{"oznaka":"21_V40_370"},"geometry":{"type":"LineString","coordinates":[[16.503375,43.526566],[16.503372,43.526566],[16.503365,43.526557]]}},{"type":"Feature","properties":{"oznaka":"21_V40_988"},"geometry":{"type":"LineString","coordinates":[[16.493969,43.527727],[16.493924,43.527715],[16.493915,43.527713],[16.493907,43.527711]]}},{"type":"Feature","properties":{"oznaka":"21_V40_575"},"geometry":{"type":"LineString","coordinates":[[16.491893,43.523321],[16.491794,43.52337],[16.491603,43.523432],[16.491512,43.523458],[16.491347,43.523505],[16.491212,43.523519],[16.491121,43.52353]]}},{"type":"Feature","properties":{"oznaka":"21_V40_270"},"geometry":{"type":"LineString","coordinates":[[16.495401,43.527725],[16.495442,43.527734],[16.49551,43.527725],[16.495525,43.52773],[16.495597,43.527754],[16.495732,43.527788],[16.495755,43.527789]]}},{"type":"Feature","properties":{"oznaka":"21_V40_272"},"geometry":{"type":"LineString","coordinates":[[16.494426,43.526871],[16.494423,43.526882],[16.494404,43.526944],[16.49438,43.527018],[16.494377,43.527028],[16.494334,43.527102],[16.494253,43.527225]]}},{"type":"Feature","properties":{"oznaka":"21_V40_346"},"geometry":{"type":"LineString","coordinates":[[16.501742,43.5274],[16.501743,43.527382]]}},{"type":"Feature","properties":{"oznaka":"021_J40_92"},"geometry":{"type":"LineString","coordinates":[[16.501116,43.528449],[16.501117,43.528457],[16.501138,43.528508]]}},{"type":"Feature","properties":{"oznaka":"21_V40_1271"},"geometry":{"type":"LineString","coordinates":[[16.504636,43.524962],[16.504646,43.524993],[16.504657,43.525024]]}},{"type":"Feature","properties":{"oznaka":"21_V40_275"},"geometry":{"type":"LineString","coordinates":[[16.495263,43.524057],[16.495229,43.524131],[16.495166,43.52423],[16.495111,43.524349]]}},{"type":"Feature","properties":{"oznaka":"21_V40_2435"},"geometry":{"type":"LineString","coordinates":[[16.50376,43.528151],[16.50376,43.52815],[16.50376,43.528149]]}},{"type":"Feature","properties":{"oznaka":"21_V40_1487"},"geometry":{"type":"LineString","coordinates":[[16.504636,43.52496],[16.504626,43.524959],[16.504489,43.52495],[16.50443,43.524954],[16.504323,43.524971],[16.504259,43.524985],[16.504126,43.525014],[16.503976,43.525047]]}},{"type":"Feature","properties":{"oznaka":"21_V40_556"},"geometry":{"type":"LineString","coordinates":[[16.4915,43.522968],[16.491486,43.522973],[16.491261,43.523049],[16.491215,43.523064],[16.490979,43.523144],[16.490938,43.523168]]}},{"type":"Feature","properties":{"oznaka":"21_V40_953"},"geometry":{"type":"LineString","coordinates":[[16.506431,43.525223],[16.506329,43.52522],[16.506262,43.525217]]}},{"type":"Feature","properties":{"oznaka":"21_V40_1167"},"geometry":{"type":"LineString","coordinates":[[16.494828,43.527378],[16.494828,43.527382],[16.494829,43.527391],[16.494835,43.527424]]}},{"type":"Feature","properties":{"oznaka":"21_V40_384"},"geometry":{"type":"LineString","coordinates":[[16.503563,43.525917],[16.503552,43.525896],[16.503529,43.525849],[16.503498,43.525803],[16.503496,43.525799],[16.503414,43.525701],[16.503394,43.525667],[16.503391,43.525664]]}},{"type":"Feature","properties":{"oznaka":"21_V40_950"},"geometry":{"type":"LineString","coordinates":[[16.504623,43.524185],[16.504604,43.524097],[16.504599,43.524072]]}},{"type":"Feature","properties":{"oznaka":"021_J40_138"},"geometry":{"type":"LineString","coordinates":[[16.490673,43.529157],[16.490676,43.529157]]}},{"type":"Feature","properties":{"oznaka":"21_V40_1526"},"geometry":{"type":"LineString","coordinates":[[16.504377,43.527914],[16.504378,43.52791],[16.504374,43.527905],[16.504371,43.5279]]}},{"type":"Feature","properties":{"oznaka":"21_V40_1100"},"geometry":{"type":"LineString","coordinates":[[16.501877,43.526765],[16.501894,43.5268],[16.501906,43.526816],[16.501941,43.526841]]}},{"type":"Feature","properties":{"oznaka":"21_V40_943"},"geometry":{"type":"LineString","coordinates":[[16.506371,43.519847],[16.506375,43.519864],[16.506379,43.519881]]}},{"type":"Feature","properties":{"oznaka":"21_V40_275"},"geometry":{"type":"LineString","coordinates":[[16.495111,43.524349],[16.495089,43.524455],[16.495071,43.524527],[16.49507,43.524535]]}},{"type":"Feature","properties":{"oznaka":"21_V40_808"},"geometry":{"type":"LineString","coordinates":[[16.505936,43.519915],[16.506223,43.519893],[16.506379,43.519881]]}},{"type":"Feature","properties":{"oznaka":"21_V40_1945"},"geometry":{"type":"LineString","coordinates":[[16.494697,43.526166],[16.494665,43.526168],[16.494631,43.52617]]}},{"type":"Feature","properties":{"oznaka":"21_V40_"},"geometry":{"type":"LineString","coordinates":[[16.495975,43.527777],[16.496171,43.527761],[16.496542,43.527732],[16.496782,43.52771],[16.497036,43.527687],[16.49746,43.527677],[16.497593,43.527678]]}},{"type":"Feature","properties":{"oznaka":"21_V40_"},"geometry":{"type":"LineString","coordinates":[[16.495975,43.527777],[16.495973,43.527761]]}},{"type":"Feature","properties":{"oznaka":"21_V40_944"},"geometry":{"type":"LineString","coordinates":[[16.502513,43.523622],[16.502518,43.523622],[16.502546,43.52362]]}},{"type":"Feature","properties":{"oznaka":"21_V40_398"},"geometry":{"type":"LineString","coordinates":[[16.503272,43.520689],[16.50328,43.520689],[16.503525,43.520695],[16.50378,43.520679],[16.503809,43.520677],[16.504036,43.520659],[16.504197,43.520635],[16.504436,43.52059],[16.504529,43.520568],[16.504535,43.520566]]}},{"type":"Feature","properties":{"oznaka":"21_V40_1495"},"geometry":{"type":"LineString","coordinates":[[16.503793,43.526479],[16.503794,43.526481],[16.503799,43.526501],[16.503802,43.526514]]}},{"type":"Feature","properties":{"oznaka":"21_V40_1101"},"geometry":{"type":"LineString","coordinates":[[16.502029,43.526705],[16.501985,43.526726],[16.501971,43.526733],[16.501887,43.526762],[16.501884,43.526764]]}},{"type":"Feature","properties":{"oznaka":"21_V40_362"},"geometry":{"type":"LineString","coordinates":[[16.502856,43.526604],[16.502845,43.526606],[16.502837,43.526607]]}},{"type":"Feature","properties":{"oznaka":"21_V40_2103"},"geometry":{"type":"LineString","coordinates":[[16.494925,43.52541],[16.49494,43.525414],[16.494942,43.525419],[16.494951,43.525448]]}},{"type":"Feature","properties":{"oznaka":"21_V40_1001"},"geometry":{"type":"LineString","coordinates":[[16.49325,43.526447],[16.493198,43.526448],[16.493189,43.526448]]}},{"type":"Feature","properties":{"oznaka":"21_V40_68"},"geometry":{"type":"LineString","coordinates":[[16.504936,43.525343],[16.505005,43.525309]]}},{"type":"Feature","properties":{"oznaka":"21_V40_1108"},"geometry":{"type":"LineString","coordinates":[[16.503249,43.526491],[16.503243,43.526476],[16.503224,43.526446],[16.503218,43.526437],[16.503215,43.526434]]}},{"type":"Feature","properties":{"oznaka":"21_V40_2110"},"geometry":{"type":"LineString","coordinates":[[16.49359,43.527943],[16.493584,43.527934],[16.493581,43.527931]]}},{"type":"Feature","properties":{"oznaka":"21_V40_"},"geometry":{"type":"LineString","coordinates":[[16.490137,43.52673],[16.49079,43.526769],[16.49115,43.526791]]}},{"type":"Feature","properties":{"oznaka":"21_V40_2334"},"geometry":{"type":"LineString","coordinates":[[16.503705,43.52556],[16.503752,43.525568],[16.503762,43.525572],[16.50381,43.525593],[16.503812,43.525595]]}},{"type":"Feature","properties":{"oznaka":"21_V40_282"},"geometry":{"type":"LineString","coordinates":[[16.491636,43.523306],[16.491651,43.52331],[16.491694,43.523311],[16.491729,43.523301],[16.491797,43.523282],[16.491852,43.523272]]}},{"type":"Feature","properties":{"oznaka":"021_J40_93"},"geometry":{"type":"LineString","coordinates":[[16.501793,43.528323],[16.501714,43.528328],[16.501558,43.528352]]}},{"type":"Feature","properties":{"oznaka":"021_J40_93"},"geometry":{"type":"LineString","coordinates":[[16.501116,43.528449],[16.501264,43.52841],[16.501398,43.528385],[16.501558,43.528352]]}},{"type":"Feature","properties":{"oznaka":"21_V40_343"},"geometry":{"type":"LineString","coordinates":[[16.503103,43.527398],[16.503229,43.527361],[16.503314,43.527333],[16.503408,43.527303],[16.503539,43.527258],[16.50367,43.527212],[16.50383,43.527173],[16.503974,43.527156],[16.504032,43.527163],[16.504094,43.527168],[16.50413,43.527168],[16.504157,43.527168],[16.504168,43.527168],[16.504171,43.527168],[16.504176,43.527167],[16.504184,43.527167],[16.504192,43.527166],[16.504201,43.527166],[16.504207,43.527166],[16.50421,43.527165],[16.504226,43.527164]]}},{"type":"Feature","properties":{"oznaka":"21_V40_357"},"geometry":{"type":"LineString","coordinates":[[16.500755,43.526865],[16.500698,43.526875],[16.500617,43.526879],[16.500599,43.52688],[16.500545,43.526819],[16.500479,43.526736],[16.500441,43.52668]]}},{"type":"Feature","properties":{"oznaka":"21_V40_1296"},"geometry":{"type":"LineString","coordinates":[[16.490462,43.523449],[16.490484,43.523452],[16.490495,43.523454]]}},{"type":"Feature","properties":{"oznaka":"21_V40_360"},"geometry":{"type":"LineString","coordinates":[[16.501442,43.526848],[16.501531,43.526833],[16.501592,43.52682],[16.501638,43.526807],[16.501742,43.526777],[16.501868,43.526767],[16.501877,43.526765]]}},{"type":"Feature","properties":{"oznaka":"21_V40_1475"},"geometry":{"type":"LineString","coordinates":[[16.506184,43.524477],[16.506261,43.524484],[16.506396,43.524496],[16.506407,43.524499]]}},{"type":"Feature","properties":{"oznaka":"21_V40_349"},"geometry":{"type":"LineString","coordinates":[[16.500953,43.527379],[16.500944,43.527376],[16.500922,43.52737],[16.500894,43.52736],[16.500887,43.527357],[16.500864,43.52735],[16.50085,43.527334]]}},{"type":"Feature","properties":{"oznaka":"21_V40_342"},"geometry":{"type":"LineString","coordinates":[[16.504226,43.527164],[16.504237,43.527167],[16.504249,43.527169],[16.504259,43.527171],[16.504266,43.527172],[16.50428,43.527175],[16.504336,43.527187],[16.50436,43.527192],[16.504452,43.527223],[16.50451,43.527243],[16.50456,43.527268],[16.504601,43.527288],[16.504613,43.527294],[16.504681,43.527345],[16.504735,43.527385],[16.504751,43.527401],[16.504787,43.527439],[16.504789,43.527441],[16.504792,43.527443],[16.504795,43.527446],[16.504797,43.527448],[16.5048,43.527452],[16.504801,43.527452],[16.504802,43.527454],[16.504805,43.527456],[16.504807,43.527458],[16.504808,43.52746],[16.504809,43.527461],[16.504812,43.527464],[16.504815,43.527467],[16.504816,43.527468],[16.504819,43.527471],[16.504821,43.527473],[16.504823,43.527475],[16.504825,43.527478],[16.504827,43.527479],[16.504828,43.52748],[16.50483,43.527482],[16.504831,43.527483],[16.504832,43.527484],[16.504832,43.527485],[16.504833,43.527485],[16.504833,43.527486],[16.504834,43.527487],[16.504835,43.527488],[16.504836,43.527488],[16.504836,43.527489],[16.504837,43.52749],[16.504838,43.527491],[16.504839,43.527492],[16.50484,43.527494],[16.50484,43.527495],[16.504841,43.527495],[16.504842,43.527497],[16.504842,43.527497],[16.504843,43.527499],[16.504844,43.5275],[16.504845,43.527501],[16.504846,43.527502],[16.504846,43.527503],[16.504847,43.527504],[16.504848,43.527506],[16.504849,43.527507],[16.50485,43.527508],[16.50485,43.527508],[16.504851,43.527509],[16.504851,43.52751],[16.504852,43.527511],[16.504852,43.527511],[16.504852,43.527511],[16.504853,43.527512],[16.504854,43.527513],[16.504856,43.527516],[16.504856,43.527516],[16.504857,43.527517],[16.504861,43.527523],[16.504862,43.527524],[16.504864,43.527528],[16.504872,43.527539],[16.504878,43.527546],[16.504883,43.527553],[16.504889,43.527562],[16.504893,43.527567],[16.5049,43.527573],[16.504921,43.527594],[16.504929,43.527602],[16.504933,43.527605],[16.504946,43.527613],[16.504964,43.527627],[16.50497,43.52763]]}},{"type":"Feature","properties":{"oznaka":"21_V40_347"},"geometry":{"type":"LineString","coordinates":[[16.501419,43.527408],[16.501414,43.527408],[16.501318,43.527406],[16.501286,43.527402],[16.501187,43.527402],[16.501148,43.527402],[16.501037,43.527395],[16.500964,43.527383],[16.500953,43.527379]]}},{"type":"Feature","properties":{"oznaka":"21_V40_276"},"geometry":{"type":"LineString","coordinates":[[16.494622,43.526212],[16.494609,43.526201],[16.494522,43.52616],[16.494403,43.526109],[16.494158,43.526005]]}},{"type":"Feature","properties":{"oznaka":"21_V40_279"},"geometry":{"type":"LineString","coordinates":[[16.489428,43.524025],[16.489456,43.524055],[16.489509,43.524115]]}},{"type":"Feature","properties":{"oznaka":"21_V40_2096"},"geometry":{"type":"LineString","coordinates":[[16.505757,43.522813],[16.505758,43.522807],[16.505753,43.522693],[16.505747,43.522613],[16.505726,43.522518],[16.505721,43.522494],[16.505683,43.522342],[16.505681,43.522342],[16.505611,43.522323],[16.505606,43.522319]]}},{"type":"Feature","properties":{"oznaka":"021_J40_"},"geometry":{"type":"LineString","coordinates":[[16.498061,43.528336],[16.498061,43.528317],[16.497786,43.528313]]}},{"type":"Feature","properties":{"oznaka":"21_V40_671"},"geometry":{"type":"LineString","coordinates":[[16.496887,43.522483],[16.496879,43.522484],[16.496864,43.522486]]}},{"type":"Feature","properties":{"oznaka":"21_V40_1532"},"geometry":{"type":"LineString","coordinates":[[16.492822,43.524636],[16.492822,43.524639],[16.492822,43.524641],[16.492822,43.524646]]}},{"type":"Feature","properties":{"oznaka":"21_V40_679"},"geometry":{"type":"LineString","coordinates":[[16.498104,43.521719],[16.498096,43.521721],[16.49795,43.521772],[16.497749,43.521839],[16.497697,43.521856],[16.49755,43.521888],[16.497384,43.52194],[16.497234,43.521995],[16.497162,43.522028],[16.497093,43.52207]]}},{"type":"Feature","properties":{"oznaka":"21_V40_403"},"geometry":{"type":"LineString","coordinates":[[16.500419,43.521373],[16.500422,43.52138],[16.500424,43.521385]]}},{"type":"Feature","properties":{"oznaka":"21_V40_2432"},"geometry":{"type":"LineString","coordinates":[[16.493142,43.528238],[16.493142,43.528239],[16.493142,43.528239]]}},{"type":"Feature","properties":{"oznaka":"21_V40_283"},"geometry":{"type":"LineString","coordinates":[[16.493431,43.522485],[16.493422,43.522455],[16.493376,43.522306],[16.493328,43.52219],[16.493307,43.522141],[16.493214,43.522004],[16.49315,43.521925],[16.493145,43.521919]]}},{"type":"Feature","properties":{"oznaka":"21_V40_2428"},"geometry":{"type":"LineString","coordinates":[[16.492612,43.527369],[16.492611,43.527368],[16.492611,43.527368]]}},{"type":"Feature","properties":{"oznaka":"21_V40_619"},"geometry":{"type":"LineString","coordinates":[[16.493428,43.526142],[16.493458,43.526059],[16.4935,43.52598],[16.493526,43.525929],[16.493575,43.525837],[16.493632,43.525785],[16.493692,43.525796],[16.493694,43.525794]]}},{"type":"Feature","properties":{"oznaka":"21_V40_945"},"geometry":{"type":"LineString","coordinates":[[16.502546,43.52362],[16.502647,43.523626],[16.502807,43.523634]]}},{"type":"Feature","properties":{"oznaka":"21_V40_359"},"geometry":{"type":"LineString","coordinates":[[16.502092,43.526071],[16.502089,43.526073],[16.502053,43.5261],[16.501967,43.52617],[16.501883,43.526238],[16.501877,43.526242]]}},{"type":"Feature","properties":{"oznaka":"21_V40_368"},"geometry":{"type":"LineString","coordinates":[[16.501221,43.526744],[16.501231,43.526738],[16.501247,43.52673]]}},{"type":"Feature","properties":{"oznaka":"21_V40_348"},"geometry":{"type":"LineString","coordinates":[[16.500953,43.527379],[16.500941,43.527387]]}},{"type":"Feature","properties":{"oznaka":"21_V40_1095"},"geometry":{"type":"LineString","coordinates":[[16.503964,43.528193],[16.503975,43.528175],[16.503977,43.528171],[16.503989,43.528156],[16.504004,43.528128]]}},{"type":"Feature","properties":{"oznaka":"21_V40_949"},"geometry":{"type":"LineString","coordinates":[[16.504623,43.524185],[16.504627,43.52423],[16.504638,43.524368]]}},{"type":"Feature","properties":{"oznaka":"21_V40_555"},"geometry":{"type":"LineString","coordinates":[[16.502866,43.525823],[16.502871,43.525825],[16.502872,43.525825]]}},{"type":"Feature","properties":{"oznaka":"21_V40_2412"},"geometry":{"type":"LineString","coordinates":[[16.488283,43.523833],[16.488281,43.523833],[16.48828,43.523833]]}},{"type":"Feature","properties":{"oznaka":"21_V40_2157"},"geometry":{"type":"LineString","coordinates":[[16.503378,43.526565],[16.503377,43.526565],[16.503377,43.526566],[16.503375,43.526566]]}},{"type":"Feature","properties":{"oznaka":"21_V40_1501"},"geometry":{"type":"LineString","coordinates":[[16.502768,43.525705],[16.502785,43.525719],[16.502794,43.525721],[16.502853,43.525733]]}},{"type":"Feature","properties":{"oznaka":"21_V40_382"},"geometry":{"type":"LineString","coordinates":[[16.50459,43.52595],[16.504589,43.525958],[16.504581,43.526064],[16.504583,43.526088]]}},{"type":"Feature","properties":{"oznaka":"21_V40_1496"},"geometry":{"type":"LineString","coordinates":[[16.503802,43.526514],[16.503882,43.526501],[16.503935,43.526492],[16.504038,43.526473]]}},{"type":"Feature","properties":{"oznaka":"021_J40_100"},"geometry":{"type":"LineString","coordinates":[[16.496869,43.528978],[16.496972,43.528971],[16.497071,43.528965],[16.497169,43.528957]]}},{"type":"Feature","properties":{"oznaka":"21_V40_565"},"geometry":{"type":"LineString","coordinates":[[16.494158,43.526005],[16.494111,43.525986],[16.49407,43.525966],[16.493928,43.525902],[16.493784,43.525836]]}},{"type":"Feature","properties":{"oznaka":"021_J40_144"},"geometry":{"type":"LineString","coordinates":[[16.491873,43.529371],[16.491977,43.529375],[16.492141,43.529376],[16.492262,43.529372],[16.492411,43.529363],[16.492572,43.529353],[16.492743,43.529341],[16.492794,43.52934],[16.492822,43.529335],[16.49285,43.529336],[16.492966,43.529334],[16.493094,43.529326]]}},{"type":"Feature","properties":{"oznaka":"21_V40_403"},"geometry":{"type":"LineString","coordinates":[[16.500424,43.521385],[16.500467,43.521522],[16.500487,43.521587],[16.500516,43.521697],[16.500524,43.521729]]}},{"type":"Feature","properties":{"oznaka":"21_V40_1123"},"geometry":{"type":"LineString","coordinates":[[16.498428,43.521124],[16.498472,43.521101],[16.498493,43.521086],[16.498548,43.521045],[16.498553,43.521044]]}},{"type":"Feature","properties":{"oznaka":"21_V40_1547"},"geometry":{"type":"LineString","coordinates":[[16.495009,43.525348],[16.494958,43.525351],[16.494939,43.525352]]}},{"type":"Feature","properties":{"oznaka":"21_V40_1119"},"geometry":{"type":"LineString","coordinates":[[16.504574,43.519909],[16.504565,43.51991],[16.504551,43.519913]]}},{"type":"Feature","properties":{"oznaka":"21_V40_1113"},"geometry":{"type":"LineString","coordinates":[[16.504117,43.525596],[16.504116,43.525606],[16.504115,43.525614],[16.504131,43.525656]]}},{"type":"Feature","properties":{"oznaka":"21_V40_"},"geometry":{"type":"LineString","coordinates":[[16.495755,43.527789],[16.495732,43.527756]]}},{"type":"Feature","properties":{"oznaka":"21_V40_2331"},"geometry":{"type":"LineString","coordinates":[[16.504134,43.525665],[16.504134,43.525664],[16.504133,43.525661]]}},{"type":"Feature","properties":{"oznaka":"21_V40_2113"},"geometry":{"type":"LineString","coordinates":[[16.491018,43.523179],[16.491,43.523179],[16.490951,43.523179],[16.490946,43.523174],[16.49094,43.523172]]}},{"type":"Feature","properties":{"oznaka":"21_V40_1531"},"geometry":{"type":"LineString","coordinates":[[16.493329,43.524658],[16.49334,43.52467],[16.493349,43.52468]]}},{"type":"Feature","properties":{"oznaka":"21_V40_1473"},"geometry":{"type":"LineString","coordinates":[[16.502715,43.523217],[16.502705,43.523211],[16.502618,43.523211],[16.502551,43.523211]]}},{"type":"Feature","properties":{"oznaka":"21_V40_568"},"geometry":{"type":"LineString","coordinates":[[16.4941,43.522648],[16.494142,43.522642],[16.494168,43.522638],[16.494264,43.522625]]}},{"type":"Feature","properties":{"oznaka":"21_V40_350"},"geometry":{"type":"LineString","coordinates":[[16.500897,43.527417],[16.500902,43.527427],[16.500934,43.527486],[16.500974,43.527559],[16.500978,43.527567],[16.501026,43.527683],[16.501049,43.527739],[16.501052,43.527745]]}},{"type":"Feature","properties":{"oznaka":"21_V40_1272"},"geometry":{"type":"LineString","coordinates":[[16.504636,43.524962],[16.504632,43.524963],[16.504563,43.525017],[16.504536,43.525038]]}},{"type":"Feature","properties":{"oznaka":"21_V40_366"},"geometry":{"type":"LineString","coordinates":[[16.502836,43.526558],[16.502841,43.52657],[16.502853,43.526597],[16.502855,43.5266]]}},{"type":"Feature","properties":{"oznaka":"21_V40_1066"},"geometry":{"type":"LineString","coordinates":[[16.495379,43.526922],[16.495385,43.526934],[16.495388,43.526942],[16.495394,43.526946]]}},{"type":"Feature","properties":{"oznaka":"21_V40_2112"},"geometry":{"type":"LineString","coordinates":[[16.491806,43.523083],[16.491794,43.523119],[16.491792,43.523126],[16.491794,43.52313],[16.491796,43.523132],[16.491796,43.523134]]}},{"type":"Feature","properties":{"oznaka":"21_V40_399"},"geometry":{"type":"LineString","coordinates":[[16.50183,43.520651],[16.501609,43.520698],[16.501558,43.520709],[16.50136,43.520763],[16.50113,43.520826],[16.501013,43.520858],[16.501007,43.52086]]}},{"type":"Feature","properties":{"oznaka":"21_V40_11670"},"geometry":{"type":"LineString","coordinates":[[16.494598,43.527341],[16.494582,43.527359]]}},{"type":"Feature","properties":{"oznaka":"21_V40_558"},"geometry":{"type":"LineString","coordinates":[[16.492842,43.527601],[16.492834,43.5276],[16.492745,43.527592],[16.492647,43.527583],[16.492639,43.527582]]}},{"type":"Feature","properties":{"oznaka":"21_V40_1277"},"geometry":{"type":"LineString","coordinates":[[16.492214,43.525511],[16.492216,43.525487]]}},{"type":"Feature","properties":{"oznaka":"21_V40_2332"},"geometry":{"type":"LineString","coordinates":[[16.503812,43.525595],[16.503812,43.525595],[16.503815,43.525595]]}},{"type":"Feature","properties":{"oznaka":"21_V40_367"},"geometry":{"type":"LineString","coordinates":[[16.502877,43.526339],[16.502874,43.52634],[16.502828,43.526358],[16.50282,43.526361],[16.502766,43.526381]]}},{"type":"Feature","properties":{"oznaka":"21_V40_"},"geometry":{"type":"LineString","coordinates":[[16.49115,43.526791],[16.491249,43.526809],[16.491378,43.526831],[16.491566,43.526864],[16.491684,43.526912],[16.491822,43.526968],[16.491958,43.527052],[16.492077,43.527126],[16.492181,43.527252],[16.492239,43.527324],[16.492327,43.52752],[16.492358,43.527756],[16.492345,43.527817],[16.492327,43.527903],[16.492316,43.527957],[16.492255,43.528112],[16.492247,43.528132],[16.492245,43.528219],[16.492244,43.528259],[16.492249,43.528298],[16.492256,43.528345],[16.492259,43.528367],[16.492335,43.528442],[16.492448,43.528493]]}},{"type":"Feature","properties":{"oznaka":"21_V40_646"},"geometry":{"type":"LineString","coordinates":[[16.502546,43.52362],[16.502547,43.523628],[16.502551,43.523678],[16.502561,43.523782],[16.502566,43.52382],[16.502583,43.523961],[16.502594,43.524093],[16.502595,43.524105]]}},{"type":"Feature","properties":{"oznaka":"21_V40_1010"},"geometry":{"type":"LineString","coordinates":[[16.500675,43.521991],[16.500678,43.521998]]}},{"type":"Feature","properties":{"oznaka":"21_V40_1560"},"geometry":{"type":"LineString","coordinates":[[16.493735,43.525959],[16.493729,43.525958],[16.493726,43.525957]]}},{"type":"Feature","properties":{"oznaka":"21_V40_267"},"geometry":{"type":"LineString","coordinates":[[16.494253,43.527225],[16.494184,43.527318],[16.494159,43.527353]]}},{"type":"Feature","properties":{"oznaka":"21_V40_1003"},"geometry":{"type":"LineString","coordinates":[[16.491426,43.52543],[16.491362,43.525459],[16.491357,43.525461],[16.491349,43.525515],[16.491277,43.525625]]}},{"type":"Feature","properties":{"oznaka":"21_V40_346"},"geometry":{"type":"LineString","coordinates":[[16.501742,43.5274],[16.501621,43.527407],[16.501509,43.527408],[16.501419,43.527408]]}},{"type":"Feature","properties":{"oznaka":"21_V40_362"},"geometry":{"type":"LineString","coordinates":[[16.502837,43.526607],[16.502758,43.526621],[16.502675,43.526634],[16.50254,43.526654]]}},{"type":"Feature","properties":{"oznaka":"21_V40_400"},"geometry":{"type":"LineString","coordinates":[[16.503272,43.520689],[16.503265,43.520688],[16.503085,43.520677],[16.502818,43.520646]]}},{"type":"Feature","properties":{"oznaka":"021_J40_98"},"geometry":{"type":"LineString","coordinates":[[16.495802,43.529047],[16.495789,43.528998],[16.495751,43.528971],[16.495748,43.528972]]}},{"type":"Feature","properties":{"oznaka":"21_V40_2444"},"geometry":{"type":"LineString","coordinates":[[16.502097,43.52497],[16.502151,43.524971],[16.502154,43.524971]]}},{"type":"Feature","properties":{"oznaka":"21_V40_1477"},"geometry":{"type":"LineString","coordinates":[[16.50555,43.524923],[16.505552,43.524917],[16.505599,43.524903],[16.505617,43.524898],[16.505624,43.524896],[16.505633,43.524892],[16.505653,43.524815]]}},{"type":"Feature","properties":{"oznaka":"21_V40_1511"},"geometry":{"type":"LineString","coordinates":[[16.502856,43.526604],[16.502864,43.526602],[16.502971,43.526575],[16.503036,43.526551],[16.503108,43.526525],[16.503139,43.526509],[16.503148,43.526505],[16.503156,43.526504],[16.503229,43.526493],[16.503249,43.526491]]}},{"type":"Feature","properties":{"oznaka":"021_J40_117"},"geometry":{"type":"LineString","coordinates":[[16.496189,43.528999],[16.496187,43.529005]]}},{"type":"Feature","properties":{"oznaka":"21_V40_565"},"geometry":{"type":"LineString","coordinates":[[16.494545,43.526519],[16.494532,43.526519],[16.494504,43.526517]]}},{"type":"Feature","properties":{"oznaka":"21_V40_362"},"geometry":{"type":"LineString","coordinates":[[16.50254,43.526654],[16.502528,43.526656],[16.502521,43.526657]]}},{"type":"Feature","properties":{"oznaka":"021_J40_83"},"geometry":{"type":"LineString","coordinates":[[16.499549,43.528432],[16.499558,43.528484],[16.499545,43.528565],[16.499535,43.528631]]}},{"type":"Feature","properties":{"oznaka":"21_V40_1104"},"geometry":{"type":"LineString","coordinates":[[16.50286,43.526314],[16.502861,43.526316],[16.502877,43.526339]]}},{"type":"Feature","properties":{"oznaka":"21_V40_1489"},"geometry":{"type":"LineString","coordinates":[[16.503673,43.525426],[16.503678,43.525428],[16.503703,43.525418],[16.50376,43.525397]]}},{"type":"Feature","properties":{"oznaka":"21_V40_566"},"geometry":{"type":"LineString","coordinates":[[16.493694,43.525794],[16.493667,43.525778],[16.493657,43.525771]]}},{"type":"Feature","properties":{"oznaka":"21_V40_2092"},"geometry":{"type":"LineString","coordinates":[[16.503579,43.525938],[16.503578,43.52594],[16.503578,43.52594],[16.503579,43.52594]]}},{"type":"Feature","properties":{"oznaka":"21_V40_570"},"geometry":{"type":"LineString","coordinates":[[16.490961,43.525112],[16.490935,43.525093]]}},{"type":"Feature","properties":{"oznaka":"21_V40_998"},"geometry":{"type":"LineString","coordinates":[[16.495206,43.526902],[16.495202,43.526916],[16.495199,43.526926]]}},{"type":"Feature","properties":{"oznaka":"21_V40_1528"},"geometry":{"type":"LineString","coordinates":[[16.491806,43.523083],[16.491818,43.523047],[16.491825,43.523044],[16.491859,43.523028]]}},{"type":"Feature","properties":{"oznaka":"21_V40_2421"},"geometry":{"type":"LineString","coordinates":[[16.493421,43.526141],[16.493423,43.526141],[16.493428,43.526142]]}},{"type":"Feature","properties":{"oznaka":"21_V40_1102"},"geometry":{"type":"LineString","coordinates":[[16.502856,43.526604],[16.502849,43.526651],[16.502847,43.526663]]}},{"type":"Feature","properties":{"oznaka":"021_J40_139"},"geometry":{"type":"LineString","coordinates":[[16.493655,43.52934],[16.493631,43.529298],[16.493605,43.52926],[16.493581,43.529216],[16.493561,43.529183],[16.493552,43.529128],[16.493554,43.529071],[16.493559,43.529003],[16.493573,43.528945],[16.493585,43.528882],[16.493603,43.528822],[16.49361,43.528799]]}},{"type":"Feature","properties":{"oznaka":"21_V40_1493"},"geometry":{"type":"LineString","coordinates":[[16.504169,43.526449],[16.504162,43.52645],[16.504062,43.526469],[16.504038,43.526473]]}},{"type":"Feature","properties":{"oznaka":"21_V40_340"},"geometry":{"type":"LineString","coordinates":[[16.505609,43.527545],[16.505592,43.52755]]}},{"type":"Feature","properties":{"oznaka":"21_V40_1499"},"geometry":{"type":"LineString","coordinates":[[16.503581,43.526546],[16.503582,43.526553],[16.503576,43.526578],[16.503614,43.526592],[16.503627,43.526622],[16.503662,43.5267]]}},{"type":"Feature","properties":{"oznaka":"21_V40_1472"},"geometry":{"type":"LineString","coordinates":[[16.502551,43.523211],[16.502556,43.523215],[16.502561,43.523217],[16.502592,43.523234]]}},{"type":"Feature","properties":{"oznaka":"21_V40_2545"},"geometry":{"type":"LineString","coordinates":[[16.502061,43.525898],[16.502073,43.525966],[16.502092,43.526071]]}},{"type":"Feature","properties":{"oznaka":"21_V40_381"},"geometry":{"type":"LineString","coordinates":[[16.504624,43.525474],[16.504625,43.525478],[16.504665,43.525599],[16.504656,43.5257],[16.504654,43.52572],[16.504625,43.525823],[16.504591,43.525945],[16.50459,43.52595]]}},{"type":"Feature","properties":{"oznaka":"21_V40_1537"},"geometry":{"type":"LineString","coordinates":[[16.494113,43.527415],[16.49414,43.527379],[16.494159,43.527353]]}},{"type":"Feature","properties":{"oznaka":"21_V40_1229"},"geometry":{"type":"LineString","coordinates":[[16.502482,43.523412],[16.502365,43.523436],[16.502328,43.523443],[16.502335,43.523461]]}},{"type":"Feature","properties":{"oznaka":"021_J40_"},"geometry":{"type":"LineString","coordinates":[[16.491873,43.529371],[16.492093,43.529303]]}},{"type":"Feature","properties":{"oznaka":"21_V40_2309"},"geometry":{"type":"LineString","coordinates":[[16.498736,43.521507],[16.498736,43.521506],[16.498735,43.521503]]}},{"type":"Feature","properties":{"oznaka":"21_V40_2429"},"geometry":{"type":"LineString","coordinates":[[16.493736,43.527806],[16.493736,43.527798],[16.493736,43.527795],[16.493739,43.52779]]}},{"type":"Feature","properties":{"oznaka":"021_J40_897"},"geometry":{"type":"LineString","coordinates":[[16.499634,43.528217],[16.499613,43.528272],[16.499576,43.528374],[16.499563,43.5284]]}},{"type":"Feature","properties":{"oznaka":"21_V40_2566"},"geometry":{"type":"LineString","coordinates":[[16.493265,43.522847],[16.493266,43.52285],[16.493266,43.522851]]}},{"type":"Feature","properties":{"oznaka":"21_V40_2319"},"geometry":{"type":"LineString","coordinates":[[16.502655,43.524264],[16.502658,43.524269],[16.502659,43.524271]]}},{"type":"Feature","properties":{"oznaka":"21_V40_714"},"geometry":{"type":"LineString","coordinates":[[16.489509,43.524115],[16.489123,43.524122],[16.488732,43.524129]]}},{"type":"Feature","properties":{"oznaka":"21_V40_1005"},"geometry":{"type":"LineString","coordinates":[[16.492582,43.52467],[16.492587,43.524676],[16.4926,43.524682],[16.49261,43.524686]]}},{"type":"Feature","properties":{"oznaka":"21_V40_374"},"geometry":{"type":"LineString","coordinates":[[16.50329,43.526082],[16.503337,43.526096],[16.503348,43.5261],[16.503405,43.526125]]}},{"type":"Feature","properties":{"oznaka":"21_V40_1232"},"geometry":{"type":"LineString","coordinates":[[16.506636,43.524564],[16.506506,43.524527],[16.506407,43.524499]]}},{"type":"Feature","properties":{"oznaka":"21_V40_956"},"geometry":{"type":"LineString","coordinates":[[16.504936,43.525343],[16.504907,43.525305],[16.504895,43.525289]]}},{"type":"Feature","properties":{"oznaka":"21_V40_66"},"geometry":{"type":"LineString","coordinates":[[16.506346,43.525028],[16.506372,43.52508],[16.506405,43.525158],[16.506429,43.525217],[16.506431,43.525223]]}},{"type":"Feature","properties":{"oznaka":"21_V40_1352"},"geometry":{"type":"LineString","coordinates":[[16.494471,43.524828],[16.494421,43.524811],[16.494327,43.52481],[16.494239,43.524811],[16.494194,43.524812],[16.494089,43.524817]]}},{"type":"Feature","properties":{"oznaka":"21_V40_1240"},"geometry":{"type":"LineString","coordinates":[[16.4915,43.522968],[16.491502,43.52294],[16.491505,43.5229]]}},{"type":"Feature","properties":{"oznaka":"21_V40_2339"},"geometry":{"type":"LineString","coordinates":[[16.503375,43.526566],[16.503375,43.526567],[16.503376,43.52657]]}},{"type":"Feature","properties":{"oznaka":"21_V40_1106"},"geometry":{"type":"LineString","coordinates":[[16.502725,43.526547],[16.502763,43.526566],[16.50278,43.526572],[16.502818,43.526586],[16.502847,43.5266],[16.502855,43.5266]]}},{"type":"Feature","properties":{"oznaka":"21_V40_573"},"geometry":{"type":"LineString","coordinates":[[16.489513,43.524119],[16.48952,43.524118],[16.48956,43.524128],[16.489583,43.524137],[16.489698,43.524224],[16.489748,43.524262],[16.48992,43.524375]]}},{"type":"Feature","properties":{"oznaka":"21_V40_2564"},"geometry":{"type":"LineString","coordinates":[[16.491893,43.523321],[16.491901,43.523317],[16.492266,43.523193],[16.492539,43.52311],[16.492827,43.522998],[16.492861,43.522985],[16.493122,43.522887],[16.493213,43.522862]]}},{"type":"Feature","properties":{"oznaka":"21_M00_"},"geometry":{"type":"LineString","coordinates":[[16.488454,43.524848],[16.488131,43.52459],[16.487706,43.524273]]}},{"type":"Feature","properties":{"oznaka":"21_V40_1173"},"geometry":{"type":"LineString","coordinates":[[16.493292,43.522935],[16.493284,43.522909],[16.493266,43.522851]]}},{"type":"Feature","properties":{"oznaka":"21_V40_1509"},"geometry":{"type":"LineString","coordinates":[[16.503833,43.526068],[16.503838,43.526073],[16.503843,43.526086],[16.503859,43.52613]]}},{"type":"Feature","properties":{"oznaka":"21_V40_361"},"geometry":{"type":"LineString","coordinates":[[16.501884,43.526764],[16.501906,43.526763],[16.501938,43.526763],[16.502065,43.526758],[16.502206,43.526727],[16.502506,43.52666],[16.502521,43.526657]]}},{"type":"Feature","properties":{"oznaka":"21_V40_386"},"geometry":{"type":"LineString","coordinates":[[16.505945,43.523892],[16.505958,43.523986]]}},{"type":"Feature","properties":{"oznaka":"21_V40_564"},"geometry":{"type":"LineString","coordinates":[[16.494426,43.526871],[16.494428,43.526864],[16.494525,43.526581],[16.494543,43.526531]]}},{"type":"Feature","properties":{"oznaka":"21_V40_"},"geometry":{"type":"LineString","coordinates":[[16.497593,43.527678],[16.498089,43.527679],[16.49841,43.527685],[16.498766,43.527693],[16.499067,43.527704]]}},{"type":"Feature","properties":{"oznaka":"21_V40_1558"},"geometry":{"type":"LineString","coordinates":[[16.493032,43.525506],[16.493033,43.525519],[16.493033,43.525524],[16.493034,43.525542]]}},{"type":"Feature","properties":{"oznaka":"21_V40_356"},"geometry":{"type":"LineString","coordinates":[[16.501247,43.52673],[16.501246,43.526732],[16.501222,43.526749],[16.50122,43.526751],[16.501166,43.526773],[16.501151,43.526788],[16.501085,43.526801],[16.501014,43.526815],[16.500961,43.526826],[16.500755,43.526865]]}},{"type":"Feature","properties":{"oznaka":"21_V40_1492"},"geometry":{"type":"LineString","coordinates":[[16.503993,43.526377],[16.504013,43.526418],[16.504035,43.526464],[16.504038,43.526473]]}},{"type":"Feature","properties":{"oznaka":"021_J40_138"},"geometry":{"type":"LineString","coordinates":[[16.490673,43.529157],[16.490665,43.529254],[16.490658,43.529352],[16.490651,43.529355]]}},{"type":"Feature","properties":{"oznaka":"021_J40_897"},"geometry":{"type":"LineString","coordinates":[[16.499557,43.528315],[16.499553,43.528319]]}},{"type":"Feature","properties":{"oznaka":"21_V40_494"},"geometry":{"type":"LineString","coordinates":[[16.496227,43.524696],[16.49614,43.52474],[16.495883,43.524811],[16.495828,43.524829],[16.495691,43.524874]]}},{"type":"Feature","properties":{"oznaka":"21_V40_495"},"geometry":{"type":"LineString","coordinates":[[16.495263,43.524057],[16.495264,43.523989],[16.495311,43.523882],[16.495356,43.52378],[16.495382,43.523721],[16.495402,43.523649]]}},{"type":"Feature","properties":{"oznaka":"21_V40_2539"},"geometry":{"type":"LineString","coordinates":[[16.494998,43.524947],[16.495093,43.524937],[16.495236,43.524925],[16.495469,43.524928],[16.495477,43.524928]]}},{"type":"Feature","properties":{"oznaka":"21_V40_342"},"geometry":{"type":"LineString","coordinates":[[16.50497,43.52763],[16.504977,43.527633],[16.504986,43.527636]]}},{"type":"Feature","properties":{"oznaka":"21_V40_9999"},"geometry":{"type":"LineString","coordinates":[[16.502379,43.527499],[16.502355,43.527497]]}},{"type":"Feature","properties":{"oznaka":"21_V40_2425"},"geometry":{"type":"LineString","coordinates":[[16.495405,43.527383],[16.495405,43.527387],[16.495405,43.527388]]}},{"type":"Feature","properties":{"oznaka":"21_V40_1468"},"geometry":{"type":"LineString","coordinates":[[16.504623,43.524185],[16.504589,43.52418],[16.504373,43.524181],[16.504101,43.524159],[16.503827,43.524137],[16.503669,43.524139]]}},{"type":"Feature","properties":{"oznaka":"21_V40_2321"},"geometry":{"type":"LineString","coordinates":[[16.50555,43.524923],[16.505549,43.52492],[16.505549,43.524919]]}},{"type":"Feature","properties":{"oznaka":"21_V40_64"},"geometry":{"type":"LineString","coordinates":[[16.502398,43.524529],[16.502391,43.524531],[16.502325,43.524544],[16.502195,43.524574],[16.50219,43.524575],[16.502186,43.524574],[16.502172,43.52457],[16.502164,43.524558],[16.502135,43.524503],[16.502117,43.524467],[16.502115,43.524462]]}},{"type":"Feature","properties":{"oznaka":"21_V40_1099"},"geometry":{"type":"LineString","coordinates":[[16.500734,43.526952],[16.500739,43.526939],[16.500753,43.526893],[16.500755,43.526865]]}},{"type":"Feature","properties":{"oznaka":"21_V40_1525"},"geometry":{"type":"LineString","coordinates":[[16.504377,43.527914],[16.504368,43.52791]]}},{"type":"Feature","properties":{"oznaka":"21_V40_277"},"geometry":{"type":"LineString","coordinates":[[16.49326,43.526449],[16.493257,43.526449],[16.49325,43.526447]]}},{"type":"Feature","properties":{"oznaka":"21_V40_62"},"geometry":{"type":"LineString","coordinates":[[16.503946,43.525054],[16.503971,43.525048],[16.503976,43.525047]]}},{"type":"Feature","properties":{"oznaka":"21_V40_352"},"geometry":{"type":"LineString","coordinates":[[16.501075,43.527331],[16.501088,43.527327],[16.501097,43.527324]]}},{"type":"Feature","properties":{"oznaka":"21_V40_1541"},"geometry":{"type":"LineString","coordinates":[[16.493012,43.527887],[16.492987,43.527889],[16.492983,43.527889]]}},{"type":"Feature","properties":{"oznaka":"21_V40_1485"},"geometry":{"type":"LineString","coordinates":[[16.504897,43.524997],[16.504963,43.524998],[16.505093,43.525],[16.505141,43.525004]]}},{"type":"Feature","properties":{"oznaka":"21_V40_1513"},"geometry":{"type":"LineString","coordinates":[[16.502766,43.526381],[16.502767,43.526385],[16.502775,43.526408],[16.50279,43.526449],[16.502806,43.526492],[16.502836,43.526558]]}},{"type":"Feature","properties":{"oznaka":"21_V40_674"},"geometry":{"type":"LineString","coordinates":[[16.491121,43.52353],[16.491005,43.523548],[16.490767,43.523577],[16.490747,43.52358],[16.490546,43.523607],[16.490507,43.523617]]}},{"type":"Feature","properties":{"oznaka":"021_J40_897"},"geometry":{"type":"LineString","coordinates":[[16.499553,43.528319],[16.499558,43.528355],[16.49954,43.528424],[16.499548,43.528429]]}},{"type":"Feature","properties":{"oznaka":"21_V40_1876"},"geometry":{"type":"LineString","coordinates":[[16.504604,43.52548],[16.504556,43.525497],[16.504498,43.525522],[16.504396,43.525569],[16.504348,43.525588],[16.504274,43.525618],[16.504169,43.525651]]}},{"type":"Feature","properties":{"oznaka":"21_V40_2326"},"geometry":{"type":"LineString","coordinates":[[16.504636,43.524962],[16.504636,43.524962],[16.504636,43.52496]]}},{"type":"Feature","properties":{"oznaka":"21_V40_2152"},"geometry":{"type":"LineString","coordinates":[[16.501803,43.525195],[16.501997,43.525199],[16.502192,43.525204]]}},{"type":"Feature","properties":{"oznaka":"21_V40_211"},"geometry":{"type":"LineString","coordinates":[[16.506379,43.519881],[16.50638,43.519892]]}},{"type":"Feature","properties":{"oznaka":"21_V40_2438"},"geometry":{"type":"LineString","coordinates":[[16.500914,43.527766],[16.500916,43.527766],[16.500925,43.527764]]}},{"type":"Feature","properties":{"oznaka":"021_J40_115"},"geometry":{"type":"LineString","coordinates":[[16.496791,43.528604],[16.496789,43.528612],[16.496674,43.528621],[16.496633,43.528632],[16.496616,43.528653],[16.496611,43.528773],[16.496611,43.52887],[16.496621,43.528893],[16.496643,43.528925],[16.496648,43.528932]]}},{"type":"Feature","properties":{"oznaka":"21_V40_1105"},"geometry":{"type":"LineString","coordinates":[[16.502906,43.526317],[16.502883,43.526334],[16.502877,43.526339]]}},{"type":"Feature","properties":{"oznaka":"21_V40_1481"},"geometry":{"type":"LineString","coordinates":[[16.505539,43.525278],[16.505539,43.525269],[16.505549,43.525196],[16.505549,43.525187],[16.505555,43.525103],[16.505556,43.52506]]}},{"type":"Feature","properties":{"oznaka":"21_V40_2407"},"geometry":{"type":"LineString","coordinates":[[16.495691,43.524874],[16.495689,43.524871],[16.495689,43.524871]]}},{"type":"Feature","properties":{"oznaka":"21_V40_379"},"geometry":{"type":"LineString","coordinates":[[16.503903,43.525365],[16.503904,43.525367],[16.503937,43.525416],[16.503986,43.525476],[16.504015,43.525511],[16.504031,43.525536],[16.504094,43.525619],[16.504118,43.525643],[16.504124,43.52565]]}},{"type":"Feature","properties":{"oznaka":"21_V40_1174"},"geometry":{"type":"LineString","coordinates":[[16.493266,43.522851],[16.493272,43.522851],[16.493278,43.522853],[16.493312,43.522845],[16.493383,43.522827]]}},{"type":"Feature","properties":{"oznaka":"21_V40_2325"},"geometry":{"type":"LineString","coordinates":[[16.503946,43.525056],[16.503946,43.525055],[16.503946,43.525054]]}},{"type":"Feature","properties":{"oznaka":"21_V40_1361"},"geometry":{"type":"LineString","coordinates":[[16.502661,43.524368],[16.502555,43.524357],[16.502346,43.524391],[16.502139,43.524425],[16.502119,43.524457],[16.502119,43.524461]]}},{"type":"Feature","properties":{"oznaka":"21_V40_569"},"geometry":{"type":"LineString","coordinates":[[16.492168,43.525507],[16.492214,43.525511]]}},{"type":"Feature","properties":{"oznaka":"21_V40_1279"},"geometry":{"type":"LineString","coordinates":[[16.502674,43.524283],[16.50267,43.524279],[16.502659,43.524271]]}},{"type":"Feature","properties":{"oznaka":"21_V40_70"},"geometry":{"type":"LineString","coordinates":[[16.504897,43.524997],[16.504862,43.524996],[16.50478,43.524979],[16.504731,43.52497],[16.504636,43.52496]]}},{"type":"Feature","properties":{"oznaka":"21_V40_2411"},"geometry":{"type":"LineString","coordinates":[[16.489513,43.524119],[16.489513,43.524119],[16.489509,43.524115]]}},{"type":"Feature","properties":{"oznaka":"21_V40_396"},"geometry":{"type":"LineString","coordinates":[[16.504943,43.520351],[16.504916,43.520322],[16.504881,43.520274],[16.504791,43.520209],[16.504715,43.520154],[16.504669,43.5201]]}},{"type":"Feature","properties":{"oznaka":"021_J40_122"},"geometry":{"type":"LineString","coordinates":[[16.496187,43.529005],[16.496357,43.528988]]}},{"type":"Feature","properties":{"oznaka":"21_V40_"},"geometry":{"type":"LineString","coordinates":[[16.493666,43.528318],[16.493989,43.528208],[16.494145,43.528158],[16.49443,43.528068],[16.494641,43.528006],[16.494863,43.527948],[16.494906,43.527939]]}},{"type":"Feature","properties":{"oznaka":"21_V40_397"},"geometry":{"type":"LineString","coordinates":[[16.504547723099734,43.519470826252316],[16.504547,43.519614],[16.504548,43.519676],[16.504548,43.519713],[16.504547,43.519847],[16.504551,43.51991],[16.504551,43.519913]]}},{"type":"Feature","properties":{},"geometry":{"type":"LineString","coordinates":[[16.500524,43.521729],[16.500513,43.52173]]}},{"type":"Feature","properties":{"oznaka":"21_V40_1235"},"geometry":{"type":"LineString","coordinates":[[16.503863,43.526653],[16.50385,43.526658],[16.503809,43.52659],[16.503771,43.526527],[16.503768,43.52652]]}},{"type":"Feature","properties":{"oznaka":"21_V40_372"},"geometry":{"type":"LineString","coordinates":[[16.503768,43.52652],[16.503754,43.526522],[16.50374,43.526524],[16.503731,43.526525]]}},{"type":"Feature","properties":{"oznaka":"21_V40_376"},"geometry":{"type":"LineString","coordinates":[[16.503574,43.525937],[16.503569,43.52594],[16.503469,43.526013],[16.503458,43.526021],[16.503434,43.526042],[16.503421,43.526061],[16.503405,43.526125]]}},{"type":"Feature","properties":{"oznaka":"21_V40_2540"},"geometry":{"type":"LineString","coordinates":[[16.502655,43.524264],[16.502774,43.524255],[16.502846,43.52425]]}},{"type":"Feature","properties":{"oznaka":"21_V40_2557"},"geometry":{"type":"LineString","coordinates":[[16.494859,43.5254],[16.494868,43.525373],[16.494912,43.52519],[16.494918,43.525118]]}},{"type":"Feature","properties":{"oznaka":"21_V40_2341"},"geometry":{"type":"LineString","coordinates":[[16.502856,43.526604],[16.502855,43.5266],[16.502855,43.5266]]}},{"type":"Feature","properties":{"oznaka":"21_V40_997"},"geometry":{"type":"LineString","coordinates":[[16.495129,43.526895],[16.495142,43.526901],[16.495199,43.526926]]}},{"type":"Feature","properties":{"oznaka":"21_V40_984"},"geometry":{"type":"LineString","coordinates":[[16.494439,43.52727],[16.49443,43.52728],[16.494429,43.527293],[16.494422,43.527341],[16.494434,43.527352],[16.494417,43.527397],[16.49442,43.527397]]}},{"type":"Feature","properties":{"oznaka":"21_V40_1340"},"geometry":{"type":"LineString","coordinates":[[16.500852,43.527329],[16.50085,43.527334]]}},{"type":"Feature","properties":{"oznaka":"21_V40_2335"},"geometry":{"type":"LineString","coordinates":[[16.503913,43.525741],[16.503913,43.525741],[16.503915,43.525744]]}},{"type":"Feature","properties":{"oznaka":"21_V40_2108"},"geometry":{"type":"LineString","coordinates":[[16.493769,43.527756],[16.493748,43.527737],[16.493708,43.527669],[16.493702,43.527658]]}},{"type":"Feature","properties":{"oznaka":"21_V40_1551"},"geometry":{"type":"LineString","coordinates":[[16.495293,43.526362],[16.495292,43.526366],[16.495276,43.526425],[16.495269,43.526453]]}},{"type":"Feature","properties":{"oznaka":"21_V40_2497"},"geometry":{"type":"LineString","coordinates":[[16.495759,43.527785],[16.495758,43.527786],[16.495755,43.527789]]}},{"type":"Feature","properties":{"oznaka":"21_V40_2446"},"geometry":{"type":"LineString","coordinates":[[16.504208,43.527164],[16.504215,43.527164],[16.504226,43.527164]]}},{"type":"Feature","properties":{"oznaka":"21_V40_1237"},"geometry":{"type":"LineString","coordinates":[[16.503004,43.526732],[16.502953,43.526731]]}},{"type":"Feature","properties":{"oznaka":"21_V40_680"},"geometry":{"type":"LineString","coordinates":[[16.50614,43.520847],[16.50617,43.520872],[16.506158,43.521042],[16.506116,43.521204],[16.506111,43.521226],[16.506027,43.521411]]}},{"type":"Feature","properties":{"oznaka":"21_V40_712"},"geometry":{"type":"LineString","coordinates":[[16.488049,43.524368],[16.488285,43.52429],[16.488461,43.524232],[16.48873,43.524146],[16.488732,43.524129]]}},{"type":"Feature","properties":{"oznaka":"21_V40_1230"},"geometry":{"type":"LineString","coordinates":[[16.502424,43.523215],[16.502436,43.523212],[16.502464,43.523212],[16.502551,43.523211]]}},{"type":"Feature","properties":{"oznaka":"021_J40_113"},"geometry":{"type":"LineString","coordinates":[[16.499157,43.528702],[16.499191,43.528702],[16.499234,43.528681],[16.499241,43.528669],[16.499254,43.528636],[16.499267,43.528563],[16.499311,43.528478],[16.499336,43.528413]]}},{"type":"Feature","properties":{"oznaka":"21_V40_1261"},"geometry":{"type":"LineString","coordinates":[[16.492639,43.527582],[16.492639,43.527574],[16.492635,43.527533],[16.492615,43.527443],[16.4926,43.527379],[16.492612,43.527369]]}},{"type":"Feature","properties":{"oznaka":"021_J40_153"},"geometry":{"type":"LineString","coordinates":[[16.501793,43.528323],[16.501899,43.528312],[16.502,43.528311],[16.502175,43.528311],[16.502358,43.528329],[16.502508,43.528359],[16.502643,43.528388],[16.502815,43.528428],[16.50292,43.528462]]}},{"type":"Feature","properties":{"oznaka":"21_V40_268"},"geometry":{"type":"LineString","coordinates":[[16.493012,43.527887],[16.493007,43.527872],[16.493005,43.527868],[16.492991,43.527838]]}},{"type":"Feature","properties":{"oznaka":"21_V40_"},"geometry":{"type":"LineString","coordinates":[[16.495451,43.527838],[16.495689,43.527802],[16.495861,43.527787],[16.495975,43.527777]]}},{"type":"Feature","properties":{"oznaka":"21_V40_2552"},"geometry":{"type":"LineString","coordinates":[[16.501437,43.526492],[16.501444,43.526488],[16.501561,43.526424],[16.50167,43.526364],[16.501769,43.526309],[16.501866,43.52625]]}},{"type":"Feature","properties":{"oznaka":"21_V40_2431"},"geometry":{"type":"LineString","coordinates":[[16.492989,43.527834],[16.492991,43.527837],[16.492991,43.527838]]}},{"type":"Feature","properties":{"oznaka":"21_V40_354"},"geometry":{"type":"LineString","coordinates":[[16.501303,43.527055],[16.501292,43.527189],[16.501294,43.527246],[16.501293,43.527252]]}},{"type":"Feature","properties":{"oznaka":"021_J40_83"},"geometry":{"type":"LineString","coordinates":[[16.499553,43.528849],[16.499534,43.528802],[16.499533,43.528716],[16.499535,43.528631]]}},{"type":"Feature","properties":{"oznaka":"21_V40_1483"},"geometry":{"type":"LineString","coordinates":[[16.505556,43.52506],[16.505557,43.525022],[16.505558,43.525013],[16.50556,43.524977],[16.505558,43.52496],[16.505551,43.524929]]}},{"type":"Feature","properties":{"oznaka":"21_V40_1067"},"geometry":{"type":"LineString","coordinates":[[16.4941,43.522648],[16.49409,43.522636],[16.494069,43.522611]]}},{"type":"Feature","properties":{"oznaka":"21_V40_1536"},"geometry":{"type":"LineString","coordinates":[[16.494254,43.527449],[16.494281,43.52741],[16.494225,43.527384],[16.494159,43.527353]]}},{"type":"Feature","properties":{"oznaka":"21_V40_386"},"geometry":{"type":"LineString","coordinates":[[16.505839,43.523507],[16.505906,43.523751],[16.505945,43.523892]]}},{"type":"Feature","properties":{"oznaka":"21_V40_373"},"geometry":{"type":"LineString","coordinates":[[16.503405,43.526125],[16.503465,43.526121],[16.503606,43.526101],[16.503788,43.526075],[16.503833,43.526068]]}},{"type":"Feature","properties":{"oznaka":"21_V40_1531"},"geometry":{"type":"LineString","coordinates":[[16.493272,43.524655],[16.493277,43.524625]]}},{"type":"Feature","properties":{"oznaka":"21_V40_1936"},"geometry":{"type":"LineString","coordinates":[[16.504177,43.526457],[16.504175,43.526454],[16.504173,43.526452],[16.504169,43.526449]]}},{"type":"Feature","properties":{"oznaka":"21_V40_"},"geometry":{"type":"LineString","coordinates":[[16.500502,43.521752],[16.500522,43.521748],[16.500527,43.521743],[16.500524,43.521732]]}},{"type":"Feature","properties":{"oznaka":"21_V40_2564"},"geometry":{"type":"LineString","coordinates":[[16.493213,43.522862],[16.493265,43.522847]]}},{"type":"Feature","properties":{"oznaka":"21_V40_957"},"geometry":{"type":"LineString","coordinates":[[16.502846,43.52425],[16.502847,43.524247],[16.502855,43.524222]]}},{"type":"Feature","properties":{"oznaka":"21_V40_2324"},"geometry":{"type":"LineString","coordinates":[[16.505538,43.525281],[16.505538,43.525281],[16.505539,43.525278]]}},{"type":"Feature","properties":{"oznaka":"21_V40_1111"},"geometry":{"type":"LineString","coordinates":[[16.503608,43.525944],[16.503592,43.525941],[16.503579,43.525938]]}},{"type":"Feature","properties":{"oznaka":"21_V40_1445"},"geometry":{"type":"LineString","coordinates":[[16.504977,43.520018],[16.504825,43.520057],[16.504757,43.520075],[16.50468,43.520097],[16.504669,43.5201]]}},{"type":"Feature","properties":{"oznaka":"21_V40_2094"},"geometry":{"type":"LineString","coordinates":[[16.503937,43.527878],[16.503936,43.527881],[16.503935,43.527888]]}},{"type":"Feature","properties":{"oznaka":"21_V40_2150"},"geometry":{"type":"LineString","coordinates":[[16.501937,43.52544],[16.501993,43.52565],[16.502061,43.525898]]}},{"type":"Feature","properties":{"oznaka":"21_V40_2441"},"geometry":{"type":"LineString","coordinates":[[16.501251,43.526727],[16.501247,43.52673],[16.501247,43.52673]]}},{"type":"Feature","properties":{"oznaka":"21_V40_2154"},"geometry":{"type":"LineString","coordinates":[[16.50222,43.525204],[16.502196,43.52512],[16.502154,43.524971]]}},{"type":"Feature","properties":{"oznaka":"21_V40_2087"},"geometry":{"type":"LineString","coordinates":[[16.505221,43.524139],[16.505218,43.524178],[16.505217,43.524181]]}},{"type":"Feature","properties":{"oznaka":"21_V40_564"},"geometry":{"type":"LineString","coordinates":[[16.494547,43.526506],[16.494568,43.526377],[16.494622,43.526212]]}},{"type":"Feature","properties":{"oznaka":"21_V40_264"},"geometry":{"type":"LineString","coordinates":[[16.495405,43.527388],[16.495409,43.527409],[16.495407,43.527522],[16.495405,43.527576],[16.495402,43.527621]]}},{"type":"Feature","properties":{"oznaka":"21_V40_566"},"geometry":{"type":"LineString","coordinates":[[16.493657,43.525771],[16.493519,43.525675],[16.493461,43.525639],[16.493305,43.525542],[16.493261,43.525522]]}},{"type":"Feature","properties":{"oznaka":"21_V40_954"},"geometry":{"type":"LineString","coordinates":[[16.503196,43.525292],[16.50322,43.525262],[16.503265,43.525209]]}},{"type":"Feature","properties":{"oznaka":"21_V40_2447"},"geometry":{"type":"LineString","coordinates":[[16.501884,43.526764],[16.501882,43.526765],[16.501877,43.526765]]}},{"type":"Feature","properties":{"oznaka":"21_V40_348"},"geometry":{"type":"LineString","coordinates":[[16.500941,43.527387],[16.500911,43.527408],[16.500904,43.527413],[16.500897,43.527417]]}},{"type":"Feature","properties":{"oznaka":"21_V40_671"},"geometry":{"type":"LineString","coordinates":[[16.496864,43.522486],[16.496522,43.522518],[16.49614,43.522554],[16.496129,43.522554]]}},{"type":"Feature","properties":{"oznaka":"21_V40_393"},"geometry":{"type":"LineString","coordinates":[[16.504513,43.520507],[16.504517,43.520516],[16.504519,43.520522],[16.504533,43.520561],[16.504535,43.520566]]}},{"type":"Feature","properties":{"oznaka":"21_V40_1504"},"geometry":{"type":"LineString","coordinates":[[16.502894,43.525898],[16.502883,43.525869],[16.502866,43.525823]]}}]}