{"type":"FeatureCollection","name":"Objekti_Split_2025_Objekti_Split_2025","crs":{"type":"name","properties":{"name":"urn:ogc:def:crs:OGC:1.3:CRS84"}},"xy_coordinate_resolution":0.000001,"features":[{"type":"Feature","properties":{"tlocrt":16.72139847},"geometry":{"type":"Polygon","coordinates":[[[16.489676,43.526611],[16.489675,43.526609],[16.489639,43.526612],[16.489655,43.526699],[16.489676,43.526697],[16.48966,43.526612],[16.489676,43.526611]]]}},{"type":"Feature","properties":{"tlocrt":144.92776703,"korisna":99.9310677},"geometry":{"type":"Polygon","coordinates":[[[16.489634,43.527468],[16.489538,43.527464],[16.489538,43.527466],[16.48952,43.527466],[16.489514,43.527581],[16.489614,43.527632],[16.489624,43.527633],[16.489634,43.527468]]]}},{"type":"Feature","properties":{"tlocrt":70.40119069,"korisna":41},"geometry":{"type":"Polygon","coordinates":[[[16.489634,43.527468],[16.489582,43.527449],[16.489578,43.527403],[16.489542,43.527384],[16.489481,43.527386],[16.489479,43.52742],[16.489482,43.527432],[16.489501,43.527467],[16.48952,43.527466],[16.489538,43.527466],[16.489538,43.527464],[16.489634,43.527468]]]}},{"type":"Feature","properties":{"tlocrt":5.37398117,"korisna":0.00351477},"geometry":{"type":"Polygon","coordinates":[[[16.487149,43.524038],[16.487149,43.524033],[16.487018,43.524043],[16.487018,43.524048],[16.487149,43.524038]]]}},{"type":"Feature","properties":{"tlocrt":3.55978542},"geometry":{"type":"Polygon","coordinates":[[[16.487002,43.524108],[16.486999,43.524099],[16.48696,43.524103],[16.486962,43.524113],[16.487002,43.524108]]]}},{"type":"Feature","properties":{"tlocrt":4.43684264,"korisna":1.90899204},"geometry":{"type":"Polygon","coordinates":[[[16.48736,43.524221],[16.487359,43.524205],[16.487328,43.524206],[16.487328,43.524221],[16.48736,43.524221]]]}},{"type":"Feature","properties":{"tlocrt":25.4470962},"geometry":{"type":"Polygon","coordinates":[[[16.489239,43.525682],[16.489215,43.525639],[16.489204,43.525643],[16.48922,43.52567],[16.489146,43.525691],[16.48916,43.525717],[16.489165,43.525718],[16.489218,43.525702],[16.489239,43.525682]]]}},{"type":"Feature","properties":{"tlocrt":20.84282316,"korisna":10.16765823},"geometry":{"type":"Polygon","coordinates":[[[16.489099,43.525783],[16.489086,43.52575],[16.489023,43.525764],[16.489034,43.525798],[16.489099,43.525783]]]}},{"type":"Feature","properties":{"tlocrt":3.44582892,"korisna":0.9194279},"geometry":{"type":"Polygon","coordinates":[[[16.489826,43.526628],[16.489822,43.526606],[16.489806,43.526607],[16.489809,43.52663],[16.489826,43.526628]]]}},{"type":"Feature","properties":{"tlocrt":25.12358083,"korisna":6.02987322},"geometry":{"type":"Polygon","coordinates":[[[16.48973,43.526636],[16.489726,43.526607],[16.48966,43.526612],[16.489676,43.526697],[16.48969,43.526696],[16.489681,43.526641],[16.48973,43.526636]]]}},{"type":"Feature","properties":{"tlocrt":28.76680831,"korisna":8.99999998},"geometry":{"type":"Polygon","coordinates":[[[16.489814,43.526546],[16.489804,43.526517],[16.489698,43.526539],[16.489708,43.526567],[16.489814,43.526546]]]}},{"type":"Feature","properties":{"tlocrt":21.80760839,"korisna":3.64038086},"geometry":{"type":"Polygon","coordinates":[[[16.489849,43.52651],[16.489832,43.526458],[16.489788,43.526468],[16.489805,43.526519],[16.489849,43.52651]]]}},{"type":"Feature","properties":{"tlocrt":4.36688861},"geometry":{"type":"Polygon","coordinates":[[[16.489406,43.527369],[16.489358,43.527366],[16.489357,43.527376],[16.489404,43.527379],[16.489406,43.527369]]]}},{"type":"Feature","properties":{"tlocrt":29.8410925,"korisna":16.02320888},"geometry":{"type":"Polygon","coordinates":[[[16.489682,43.527559],[16.489691,43.527478],[16.48982,43.527486],[16.489822,43.527473],[16.489677,43.527465],[16.489672,43.527504],[16.489668,43.527504],[16.48966,43.527558],[16.489682,43.527559]]]}},{"type":"Feature","properties":{"tlocrt":8.42011422},"geometry":{"type":"Polygon","coordinates":[[[16.489763,43.527585],[16.489748,43.527584],[16.489743,43.527622],[16.48977,43.527623],[16.489774,43.527592],[16.489762,43.527592],[16.489763,43.527585]]]}},{"type":"Feature","properties":{"tlocrt":1.81089323,"korisna":1.64359282},"geometry":{"type":"Polygon","coordinates":[[[16.48702,43.524059],[16.487019,43.524051],[16.486996,43.524053],[16.486997,43.524062],[16.48702,43.524059]]]}},{"type":"Feature","properties":{"tlocrt":3.48663931,"korisna":0.07505031},"geometry":{"type":"Polygon","coordinates":[[[16.487184,43.524042],[16.487183,43.52403],[16.487152,43.524032],[16.487155,43.524045],[16.487184,43.524042]]]}},{"type":"Feature","properties":{"tlocrt":876.46168291,"korisna":691.36999344},"geometry":{"type":"Polygon","coordinates":[[[16.489037,43.529109],[16.487795,43.529065],[16.487791,43.529143],[16.489032,43.529188],[16.489037,43.529109]]]}},{"type":"Feature","properties":{"tlocrt":37.96490013,"korisna":26.23770904},"geometry":{"type":"Polygon","coordinates":[[[16.489179,43.529078],[16.489111,43.529051],[16.489076,43.529099],[16.489147,43.529126],[16.489179,43.529078]]]}},{"type":"Feature","properties":{"tlocrt":39.14109919,"korisna":23.74431857},"geometry":{"type":"Polygon","coordinates":[[[16.489216,43.529028],[16.489147,43.529001],[16.489111,43.529051],[16.489179,43.529078],[16.489216,43.529028]]]}},{"type":"Feature","properties":{"tlocrt":9.02125375},"geometry":{"type":"Polygon","coordinates":[[[16.489128,43.528296],[16.48909,43.528293],[16.489088,43.52832],[16.489126,43.528321],[16.489128,43.528296]]]}},{"type":"Feature","properties":{"tlocrt":231.86801949,"korisna":156.09229416},"geometry":{"type":"Polygon","coordinates":[[[16.48842,43.529478],[16.488193,43.529471],[16.488184,43.529585],[16.488408,43.529593],[16.48842,43.529478]]]}},{"type":"Feature","properties":{"tlocrt":20.47142992,"korisna":10.99805078},"geometry":{"type":"Polygon","coordinates":[[[16.487359,43.524205],[16.487359,43.524171],[16.487292,43.524172],[16.487293,43.524207],[16.487359,43.524205]]]}},{"type":"Feature","properties":{"tlocrt":66.01385245,"korisna":38.64038088},"geometry":{"type":"Polygon","coordinates":[[[16.487473,43.524936],[16.487476,43.524902],[16.487519,43.524904],[16.487526,43.524853],[16.487476,43.524846],[16.487471,43.524868],[16.487402,43.524864],[16.487408,43.524934],[16.487473,43.524936]]]}},{"type":"Feature","properties":{"tlocrt":68.30298881,"korisna":45.07969156},"geometry":{"type":"Polygon","coordinates":[[[16.487345,43.524794],[16.487237,43.524769],[16.487207,43.524838],[16.487301,43.524859],[16.487345,43.524794]]]}},{"type":"Feature","properties":{"tlocrt":28.67638318,"korisna":14.6057285},"geometry":{"type":"Polygon","coordinates":[[[16.48831,43.524803],[16.488265,43.524764],[16.488214,43.524788],[16.488259,43.524829],[16.48831,43.524803]]]}},{"type":"Feature","properties":{"tlocrt":39.76070306,"korisna":28.30281551},"geometry":{"type":"Polygon","coordinates":[[[16.489133,43.525634],[16.489102,43.525578],[16.489035,43.525598],[16.489063,43.525654],[16.489133,43.525634]]]}},{"type":"Feature","properties":{"tlocrt":25.43487158,"korisna":13.29286767},"geometry":{"type":"Polygon","coordinates":[[[16.489221,43.525896],[16.489195,43.525844],[16.489146,43.525857],[16.489173,43.525909],[16.489221,43.525896]]]}},{"type":"Feature","properties":{"tlocrt":9.48711385,"korisna":5.36356744},"geometry":{"type":"Polygon","coordinates":[[[16.489751,43.526701],[16.489743,43.526663],[16.489717,43.526666],[16.489723,43.526704],[16.489751,43.526701]]]}},{"type":"Feature","properties":{"tlocrt":43.34138883,"korisna":28.73155799},"geometry":{"type":"Polygon","coordinates":[[[16.489367,43.527327],[16.48923,43.527315],[16.489223,43.52735],[16.489362,43.527361],[16.489367,43.527327]]]}},{"type":"Feature","properties":{"tlocrt":15.88681544,"korisna":5.4765385},"geometry":{"type":"Polygon","coordinates":[[[16.48941,43.527369],[16.489413,43.527342],[16.489401,43.527341],[16.489402,43.527329],[16.489367,43.527327],[16.489362,43.527361],[16.489359,43.527361],[16.489358,43.527366],[16.48941,43.527369]]]}},{"type":"Feature","properties":{"tlocrt":105.4789909,"korisna":42.99828825},"geometry":{"type":"Polygon","coordinates":[[[16.489766,43.527586],[16.489769,43.527564],[16.489809,43.527566],[16.48982,43.527486],[16.489691,43.527478],[16.489682,43.527559],[16.489706,43.527561],[16.489704,43.527581],[16.489766,43.527586]]]}},{"type":"Feature","properties":{"tlocrt":14.00619372,"korisna":3.25950464},"geometry":{"type":"Polygon","coordinates":[[[16.489663,43.527537],[16.489668,43.527504],[16.489672,43.527504],[16.489677,43.527465],[16.489653,43.527463],[16.489644,43.527535],[16.489663,43.527537]]]}},{"type":"Feature","properties":{"tlocrt":38.54945968},"geometry":{"type":"Polygon","coordinates":[[[16.489689,43.52762],[16.489693,43.527578],[16.489704,43.527579],[16.489706,43.527561],[16.48966,43.527558],[16.48966,43.527556],[16.489628,43.527554],[16.489625,43.527618],[16.489689,43.52762]]]}},{"type":"Feature","properties":{"tlocrt":10.10249287},"geometry":{"type":"Polygon","coordinates":[[[16.489803,43.527594],[16.489809,43.527566],[16.489769,43.527564],[16.489766,43.527586],[16.489763,43.527585],[16.489762,43.527592],[16.489803,43.527594]]]}},{"type":"Feature","properties":{"tlocrt":120.49502157,"korisna":85.32356191},"geometry":{"type":"Polygon","coordinates":[[[16.489292,43.528848],[16.489273,43.528841],[16.489151,43.529003],[16.489171,43.529011],[16.489216,43.529028],[16.489336,43.528866],[16.489292,43.528848]]]}},{"type":"Feature","properties":{"tlocrt":2114.10713172,"korisna":1922.95326463},"geometry":{"type":"Polygon","coordinates":[[[16.488728,43.529267],[16.487679,43.529227],[16.48767,43.529342],[16.487661,43.529453],[16.488713,43.529488],[16.48872,43.529378],[16.488728,43.529267]]]}},{"type":"Feature","properties":{"tlocrt":114.1203627,"korisna":90.77672996},"geometry":{"type":"Polygon","coordinates":[[[16.487161,43.524087],[16.487153,43.524037],[16.487018,43.524048],[16.487025,43.524098],[16.487031,43.52414],[16.487168,43.52413],[16.487161,43.524087]]]}},{"type":"Feature","properties":{"tlocrt":15.81022727,"korisna":9.26421208},"geometry":{"type":"Polygon","coordinates":[[[16.487191,43.524087],[16.487184,43.524042],[16.487155,43.524045],[16.487162,43.524089],[16.487164,43.524105],[16.487193,43.524102],[16.487191,43.524087]]]}},{"type":"Feature","properties":{"tlocrt":67.69534378,"korisna":40.00203074},"geometry":{"type":"Polygon","coordinates":[[[16.48922,43.52567],[16.48916,43.525571],[16.489106,43.525586],[16.489133,43.525634],[16.489115,43.525639],[16.489146,43.525691],[16.489164,43.525686],[16.48922,43.52567]]]}},{"type":"Feature","properties":{"tlocrt":14.17448108,"korisna":3.86263627},"geometry":{"type":"Polygon","coordinates":[[[16.489033,43.525797],[16.489023,43.525764],[16.489,43.525768],[16.488977,43.525771],[16.488987,43.525803],[16.48901,43.5258],[16.489033,43.525797]]]}},{"type":"Feature","properties":{"tlocrt":110.68679502,"korisna":74.14094068},"geometry":{"type":"Polygon","coordinates":[[[16.488818,43.526136],[16.488802,43.526068],[16.488766,43.526072],[16.488767,43.52608],[16.488746,43.526082],[16.488692,43.526088],[16.488699,43.526127],[16.488688,43.526128],[16.4887,43.52619],[16.488765,43.526183],[16.488818,43.526177],[16.488809,43.526137],[16.488818,43.526136]]]}},{"type":"Feature","properties":{"tlocrt":87.3864585,"korisna":46.68713347},"geometry":{"type":"Polygon","coordinates":[[[16.489717,43.526666],[16.489743,43.526663],[16.489749,43.526692],[16.489834,43.526683],[16.489829,43.526653],[16.489826,43.526628],[16.489809,43.52663],[16.489805,43.5266],[16.489767,43.526603],[16.489726,43.526607],[16.48973,43.526636],[16.489712,43.526638],[16.489693,43.52664],[16.489681,43.526641],[16.489685,43.526667],[16.48969,43.526698],[16.489721,43.526695],[16.489717,43.526666]]]}},{"type":"Feature","properties":{"tlocrt":67.79584119,"korisna":32.6960632},"geometry":{"type":"Polygon","coordinates":[[[16.489359,43.527361],[16.489204,43.527348],[16.489201,43.527373],[16.489198,43.527397],[16.489352,43.527409],[16.489356,43.527382],[16.489359,43.527361]]]}},{"type":"Feature","properties":{"tlocrt":51.08076844,"korisna":16.00000001},"geometry":{"type":"Polygon","coordinates":[[[16.489791,43.526478],[16.489788,43.526468],[16.48968,43.526489],[16.489687,43.526506],[16.489692,43.526522],[16.489698,43.526539],[16.489804,43.526517],[16.489799,43.526501],[16.489791,43.526478]]]}},{"type":"Feature","properties":{"tlocrt":6747.49063648,"korisna":6334.33639434},"geometry":{"type":"Polygon","coordinates":[[[16.489091,43.52828],[16.48797,43.528241],[16.487964,43.528351],[16.487957,43.528464],[16.48795,43.528576],[16.487943,43.528688],[16.487936,43.5288],[16.487929,43.528911],[16.489047,43.528949],[16.489055,43.52884],[16.489062,43.528727],[16.489069,43.528616],[16.489076,43.528503],[16.489084,43.52839],[16.489091,43.52828]]]}},{"type":"Feature","properties":{"tlocrt":56.56651914,"korisna":8.45729459},"geometry":{"type":"Polygon","coordinates":[[[16.486981,43.524101],[16.486999,43.524099],[16.487002,43.524108],[16.487026,43.524107],[16.48702,43.524059],[16.486997,43.524062],[16.486996,43.524056],[16.486925,43.524063],[16.486926,43.52407],[16.486883,43.524074],[16.48689,43.52412],[16.486905,43.524119],[16.486911,43.524118],[16.486943,43.524115],[16.486941,43.524105],[16.486971,43.524102],[16.486981,43.524101]]]}},{"type":"Feature","properties":{"tlocrt":77.39657236,"korisna":59.60402573},"geometry":{"type":"Polygon","coordinates":[[[16.504836,43.525202],[16.504791,43.525141],[16.504731,43.525165],[16.504745,43.525183],[16.50472,43.525192],[16.504704,43.525189],[16.504675,43.5252],[16.504713,43.525252],[16.504836,43.525202]]]}},{"type":"Feature","properties":{"tlocrt":5.17618963},"geometry":{"type":"Polygon","coordinates":[[[16.504758,43.52525],[16.504748,43.525237],[16.504713,43.525252],[16.504721,43.525264],[16.504758,43.52525]]]}},{"type":"Feature","properties":{"tlocrt":147.70427926,"korisna":101.92146781},"geometry":{"type":"Polygon","coordinates":[[[16.50384,43.520332],[16.503775,43.520139],[16.503695,43.520152],[16.503759,43.520346],[16.50384,43.520332]]]}},{"type":"Feature","properties":{"tlocrt":34.69381451,"korisna":17.63925819},"geometry":{"type":"Polygon","coordinates":[[[16.491958,43.523605],[16.491995,43.523598],[16.491996,43.523602],[16.492012,43.523598],[16.492011,43.523595],[16.492029,43.523591],[16.492001,43.523549],[16.491928,43.523564],[16.491946,43.523611],[16.49196,43.523609],[16.491958,43.523605]]]}},{"type":"Feature","properties":{"tlocrt":22.98041927,"korisna":12.72850091},"geometry":{"type":"Polygon","coordinates":[[[16.493221,43.526368],[16.493199,43.526324],[16.493147,43.52634],[16.493171,43.526382],[16.493221,43.526368]]]}},{"type":"Feature","properties":{"tlocrt":39.65930727,"korisna":25.98793785},"geometry":{"type":"Polygon","coordinates":[[[16.493206,43.526425],[16.49318,43.52638],[16.493171,43.526382],[16.493169,43.526378],[16.493102,43.526397],[16.49313,43.526448],[16.493206,43.526425]]]}},{"type":"Feature","properties":{"tlocrt":3.43617266},"geometry":{"type":"Polygon","coordinates":[[[16.501311,43.525186],[16.501299,43.525184],[16.501289,43.525212],[16.501303,43.525214],[16.501311,43.525186]]]}},{"type":"Feature","properties":{"tlocrt":7.0713782,"korisna":0.43114646},"geometry":{"type":"Polygon","coordinates":[[[16.501303,43.525214],[16.501289,43.525212],[16.501272,43.525266],[16.501286,43.525268],[16.501303,43.525214]]]}},{"type":"Feature","properties":{"tlocrt":308.55079402},"geometry":{"type":"Polygon","coordinates":[[[16.4973,43.525577],[16.497308,43.52526],[16.497005,43.525257],[16.49701,43.525057],[16.496962,43.525057],[16.496959,43.525303],[16.496993,43.525304],[16.496994,43.525283],[16.497256,43.525288],[16.497249,43.525576],[16.4973,43.525577]]]}},{"type":"Feature","properties":{"tlocrt":37.35282491,"korisna":20.60086557},"geometry":{"type":"Polygon","coordinates":[[[16.49885,43.529009],[16.498848,43.528979],[16.498703,43.528982],[16.498705,43.529007],[16.498743,43.529007],[16.498744,43.52901],[16.49885,43.529009]]]}},{"type":"Feature","properties":{"tlocrt":77.44225543,"korisna":58.53371931},"geometry":{"type":"Polygon","coordinates":[[[16.50385,43.526928],[16.503783,43.526876],[16.503694,43.526935],[16.503759,43.526988],[16.50385,43.526928]]]}},{"type":"Feature","properties":{"tlocrt":11.69349091,"korisna":5.55051514},"geometry":{"type":"Polygon","coordinates":[[[16.503776,43.52688],[16.503758,43.526865],[16.50371,43.526898],[16.503728,43.526912],[16.503776,43.52688]]]}},{"type":"Feature","properties":{"tlocrt":61.32305004,"korisna":2.77530346},"geometry":{"type":"Polygon","coordinates":[[[16.503774,43.527026],[16.50388,43.526951],[16.50385,43.526928],[16.503759,43.526988],[16.503694,43.526935],[16.503683,43.526943],[16.503675,43.526948],[16.503774,43.527026]]]}},{"type":"Feature","properties":{"tlocrt":136.48151386,"korisna":82.26354025},"geometry":{"type":"Polygon","coordinates":[[[16.503953,43.527075],[16.503999,43.527044],[16.50388,43.526951],[16.503853,43.526971],[16.503786,43.527017],[16.503839,43.527059],[16.503842,43.527061],[16.503847,43.527061],[16.503851,43.527061],[16.503858,43.527059],[16.503886,43.527081],[16.503893,43.527083],[16.503903,43.527085],[16.503915,43.527086],[16.503926,43.527085],[16.503939,43.527081],[16.503953,43.527075]]]}},{"type":"Feature","properties":{"tlocrt":6.53462774},"geometry":{"type":"Polygon","coordinates":[[[16.505388,43.525363],[16.505386,43.525357],[16.505275,43.525376],[16.505277,43.525381],[16.505388,43.525363]]]}},{"type":"Feature","properties":{"tlocrt":19.01738571,"korisna":0.72828816},"geometry":{"type":"Polygon","coordinates":[[[16.505321,43.525277],[16.505319,43.525269],[16.5052,43.525288],[16.505218,43.525345],[16.505241,43.525341],[16.505225,43.525292],[16.505321,43.525277]]]}},{"type":"Feature","properties":{"tlocrt":41.02922097,"korisna":8.26939155},"geometry":{"type":"Polygon","coordinates":[[[16.505999,43.524893],[16.506016,43.524833],[16.505971,43.524825],[16.50595,43.524889],[16.505922,43.524884],[16.505909,43.524924],[16.505999,43.524893]]]}},{"type":"Feature","properties":{"tlocrt":100.92968051,"korisna":73.25542477},"geometry":{"type":"Polygon","coordinates":[[[16.505802,43.52443],[16.505806,43.524415],[16.505841,43.524419],[16.505847,43.524392],[16.505842,43.524391],[16.505846,43.524373],[16.505841,43.524372],[16.505846,43.524346],[16.505712,43.524332],[16.505698,43.524394],[16.505722,43.524396],[16.505718,43.524419],[16.505802,43.52443]]]}},{"type":"Feature","properties":{"tlocrt":16.93325184,"korisna":3.31771565},"geometry":{"type":"Polygon","coordinates":[[[16.503771,43.524481],[16.503763,43.524445],[16.503737,43.524449],[16.503741,43.524464],[16.503692,43.524471],[16.503697,43.52449],[16.503771,43.524481]]]}},{"type":"Feature","properties":{"tlocrt":4.29215067,"korisna":0.03101569},"geometry":{"type":"Polygon","coordinates":[[[16.503833,43.524435],[16.503831,43.524426],[16.503776,43.524433],[16.503778,43.524442],[16.503833,43.524435]]]}},{"type":"Feature","properties":{"tlocrt":128.6628647,"korisna":98.02110934},"geometry":{"type":"Polygon","coordinates":[[[16.50187,43.525132],[16.501893,43.525029],[16.501764,43.525016],[16.501758,43.525049],[16.501729,43.525046],[16.501722,43.525077],[16.501751,43.52508],[16.501743,43.525119],[16.50187,43.525132]]]}},{"type":"Feature","properties":{"tlocrt":2.52234665},"geometry":{"type":"Polygon","coordinates":[[[16.501859,43.525131],[16.501835,43.525129],[16.501833,43.525137],[16.501835,43.525141],[16.501855,43.525142],[16.501858,43.525139],[16.501859,43.525131]]]}},{"type":"Feature","properties":{"tlocrt":4.64963349},"geometry":{"type":"Polygon","coordinates":[[[16.501818,43.525127],[16.501773,43.525122],[16.501771,43.525131],[16.501774,43.525134],[16.501813,43.525138],[16.501817,43.525136],[16.501818,43.525127]]]}},{"type":"Feature","properties":{"tlocrt":13.237465,"korisna":1.58829751},"geometry":{"type":"Polygon","coordinates":[[[16.501885,43.525015],[16.501848,43.525011],[16.501844,43.525014],[16.501819,43.525012],[16.501816,43.525008],[16.501776,43.525004],[16.501771,43.525007],[16.501769,43.525017],[16.501886,43.525029],[16.501888,43.525019],[16.501885,43.525015]]]}},{"type":"Feature","properties":{"tlocrt":11.94088745},"geometry":{"type":"Polygon","coordinates":[[[16.501765,43.525014],[16.501728,43.52501],[16.501721,43.525045],[16.501758,43.525049],[16.501765,43.525014]]]}},{"type":"Feature","properties":{"tlocrt":4.81928851,"korisna":0.640625},"geometry":{"type":"Polygon","coordinates":[[[16.501747,43.525101],[16.501718,43.525098],[16.501715,43.525116],[16.501743,43.525119],[16.501747,43.525101]]]}},{"type":"Feature","properties":{"tlocrt":152.15640124,"korisna":107.74029191},"geometry":{"type":"Polygon","coordinates":[[[16.504979,43.523942],[16.504977,43.523923],[16.504987,43.523922],[16.504971,43.523789],[16.504857,43.523796],[16.504872,43.523929],[16.504911,43.523927],[16.504913,43.523945],[16.504923,43.523952],[16.50497,43.52395],[16.504979,43.523942]]]}},{"type":"Feature","properties":{"tlocrt":3702.93403741,"korisna":3358.71548582},"geometry":{"type":"Polygon","coordinates":[[[16.497713,43.525998],[16.497736,43.525067],[16.49701,43.525057],[16.497005,43.525257],[16.497379,43.525261],[16.497365,43.525844],[16.497299,43.525843],[16.497296,43.525993],[16.497713,43.525998]]]}},{"type":"Feature","properties":{"tlocrt":372.80091725,"korisna":86.28076167},"geometry":{"type":"Polygon","coordinates":[[[16.497379,43.525261],[16.497308,43.52526],[16.497294,43.525843],[16.497365,43.525844],[16.497379,43.525261]]]}},{"type":"Feature","properties":{"tlocrt":192.17349623},"geometry":{"type":"Polygon","coordinates":[[[16.4973,43.525608],[16.497249,43.525607],[16.497239,43.525999],[16.497369,43.526002],[16.497369,43.525994],[16.497296,43.525993],[16.497299,43.525843],[16.497294,43.525843],[16.4973,43.525608]]]}},{"type":"Feature","properties":{"tlocrt":30.66833809,"korisna":20.57489509},"geometry":{"type":"Polygon","coordinates":[[[16.493295,43.526314],[16.493289,43.526303],[16.493201,43.526327],[16.493221,43.526366],[16.493276,43.526352],[16.493295,43.526314]]]}},{"type":"Feature","properties":{"tlocrt":34.59756766,"korisna":23.89809598},"geometry":{"type":"Polygon","coordinates":[[[16.490003,43.522793],[16.48999,43.522771],[16.489835,43.522822],[16.489848,43.522842],[16.490003,43.522793]]]}},{"type":"Feature","properties":{"tlocrt":110.83208831,"korisna":99.55799956},"geometry":{"type":"Polygon","coordinates":[[[16.489977,43.522775],[16.489934,43.522707],[16.489782,43.522758],[16.48978,43.522761],[16.489781,43.522765],[16.489784,43.522769],[16.489787,43.522773],[16.489792,43.522776],[16.489835,43.522822],[16.489977,43.522775]]]}},{"type":"Feature","properties":{"tlocrt":5.98432535,"korisna":0.34176588},"geometry":{"type":"Polygon","coordinates":[[[16.490601,43.523467],[16.490599,43.523461],[16.490498,43.52348],[16.4905,43.523486],[16.490601,43.523467]]]}},{"type":"Feature","properties":{"tlocrt":5.0792606,"korisna":0.43542478},"geometry":{"type":"Polygon","coordinates":[[[16.493976,43.524762],[16.493974,43.524755],[16.493896,43.524764],[16.493898,43.524771],[16.493976,43.524762]]]}},{"type":"Feature","properties":{"tlocrt":5.49995656},"geometry":{"type":"Polygon","coordinates":[[[16.493968,43.524756],[16.493966,43.524748],[16.493894,43.524755],[16.493896,43.524764],[16.493968,43.524756]]]}},{"type":"Feature","properties":{"tlocrt":15.73545558,"korisna":0.0887469},"geometry":{"type":"Polygon","coordinates":[[[16.493846,43.524839],[16.493841,43.524816],[16.493767,43.524824],[16.493772,43.524847],[16.493846,43.524839]]]}},{"type":"Feature","properties":{"tlocrt":8.33792385,"korisna":1.38561338},"geometry":{"type":"Polygon","coordinates":[[[16.494048,43.524873],[16.494043,43.524845],[16.494011,43.524848],[16.494015,43.524876],[16.494048,43.524873]]]}},{"type":"Feature","properties":{"tlocrt":104.48947027,"korisna":27.61264788},"geometry":{"type":"Polygon","coordinates":[[[16.495405,43.525841],[16.495411,43.525808],[16.495425,43.525809],[16.49543,43.525784],[16.495311,43.525773],[16.495304,43.525809],[16.495306,43.525809],[16.495303,43.525834],[16.4953,43.525833],[16.495294,43.525873],[16.495414,43.525885],[16.495421,43.525843],[16.495405,43.525841]]]}},{"type":"Feature","properties":{"tlocrt":534.74384146,"korisna":374.99999993},"geometry":{"type":"Polygon","coordinates":[[[16.491761,43.529003],[16.491421,43.528997],[16.491419,43.529139],[16.491419,43.529159],[16.491419,43.529173],[16.491758,43.529178],[16.491761,43.529003]]]}},{"type":"Feature","properties":{"tlocrt":9.69727201,"korisna":3.39122374},"geometry":{"type":"Polygon","coordinates":[[[16.504791,43.525141],[16.504781,43.525128],[16.50472,43.525151],[16.504731,43.525165],[16.504791,43.525141]]]}},{"type":"Feature","properties":{"tlocrt":21.76149947,"korisna":16.35280929},"geometry":{"type":"Polygon","coordinates":[[[16.504671,43.525201],[16.504704,43.525189],[16.50472,43.525192],[16.504745,43.525183],[16.50472,43.525151],[16.504654,43.525177],[16.504671,43.525201]]]}},{"type":"Feature","properties":{"tlocrt":29.9111286,"korisna":8.84566416},"geometry":{"type":"Polygon","coordinates":[[[16.50472,43.525262],[16.504675,43.5252],[16.504671,43.525201],[16.504667,43.525196],[16.504629,43.525209],[16.504635,43.525219],[16.504638,43.525217],[16.50468,43.525275],[16.50472,43.525262]]]}},{"type":"Feature","properties":{"tlocrt":24.06812198,"korisna":4.35936273},"geometry":{"type":"Polygon","coordinates":[[[16.493941,43.524844],[16.493941,43.52484],[16.493883,43.524845],[16.493884,43.52485],[16.493893,43.524891],[16.49395,43.524886],[16.493941,43.524844]]]}},{"type":"Feature","properties":{"tlocrt":110.20878935,"korisna":58.15618893},"geometry":{"type":"Polygon","coordinates":[[[16.494075,43.524806],[16.494062,43.524746],[16.493974,43.524755],[16.493987,43.524815],[16.493987,43.524816],[16.493937,43.524821],[16.49395,43.524886],[16.494016,43.52488],[16.494011,43.524848],[16.494074,43.524841],[16.494071,43.524825],[16.494079,43.524824],[16.494075,43.524806]]]}},{"type":"Feature","properties":{"tlocrt":67.58289882,"korisna":23.87587627},"geometry":{"type":"Polygon","coordinates":[[[16.493887,43.524862],[16.493881,43.524835],[16.493751,43.524849],[16.493756,43.524877],[16.493762,43.524906],[16.493893,43.524891],[16.493887,43.524862]]]}},{"type":"Feature","properties":{"tlocrt":7.45362857,"korisna":0.31651496},"geometry":{"type":"Polygon","coordinates":[[[16.490635,43.523505],[16.490628,43.523489],[16.490611,43.523492],[16.490616,43.523509],[16.490625,43.523534],[16.490644,43.52353],[16.490635,43.523505]]]}},{"type":"Feature","properties":{"tlocrt":67.62564128,"korisna":28.98208943},"geometry":{"type":"Polygon","coordinates":[[[16.490613,43.523498],[16.490603,43.523467],[16.490497,43.523486],[16.490508,43.523517],[16.49052,43.523554],[16.490625,43.523534],[16.490613,43.523498]]]}},{"type":"Feature","properties":{"tlocrt":27.80241743,"korisna":7.61823246},"geometry":{"type":"Polygon","coordinates":[[[16.495311,43.525773],[16.495226,43.525765],[16.495223,43.525786],[16.49522,43.525801],[16.495304,43.525809],[16.495307,43.525794],[16.495311,43.525773]]]}},{"type":"Feature","properties":{"tlocrt":87.93173691,"korisna":39.81267625},"geometry":{"type":"Polygon","coordinates":[[[16.495221,43.525799],[16.495153,43.525792],[16.495146,43.525829],[16.495139,43.525861],[16.49528,43.525875],[16.495287,43.525842],[16.495294,43.525808],[16.49522,43.525801],[16.495221,43.525799]]]}},{"type":"Feature","properties":{"tlocrt":126.03120893,"korisna":66.32461365},"geometry":{"type":"Polygon","coordinates":[[[16.501381,43.525172],[16.501319,43.525162],[16.501285,43.525271],[16.501347,43.525281],[16.501408,43.52529],[16.501442,43.525182],[16.501381,43.525172]]]}},{"type":"Feature","properties":{"tlocrt":1.72729005},"geometry":{"type":"Polygon","coordinates":[[[16.503837,43.524543],[16.503835,43.524536],[16.503824,43.524538],[16.503818,43.524538],[16.503808,43.52454],[16.503809,43.524546],[16.503837,43.524543]]]}},{"type":"Feature","properties":{"tlocrt":121.70347977,"korisna":68.64861315},"geometry":{"type":"Polygon","coordinates":[[[16.503871,43.524532],[16.503848,43.524433],[16.503805,43.524438],[16.503763,43.524443],[16.503771,43.524481],[16.503694,43.52449],[16.503702,43.524521],[16.503709,43.524552],[16.503871,43.524532]]]}},{"type":"Feature","properties":{"tlocrt":101.43832569,"korisna":53.99448753},"geometry":{"type":"Polygon","coordinates":[[[16.505386,43.525357],[16.505373,43.525316],[16.505359,43.525271],[16.505225,43.525292],[16.50524,43.525338],[16.505242,43.525344],[16.505264,43.525341],[16.505275,43.525376],[16.505386,43.525357]]]}},{"type":"Feature","properties":{"tlocrt":165.72635941,"korisna":64.36738741},"geometry":{"type":"Polygon","coordinates":[[[16.504369,43.525497],[16.504503,43.525442],[16.504495,43.525433],[16.504508,43.525428],[16.504476,43.525386],[16.504475,43.525385],[16.504449,43.525395],[16.504409,43.525344],[16.504371,43.52536],[16.504376,43.525366],[16.504333,43.525385],[16.504328,43.525378],[16.504289,43.525394],[16.504328,43.525445],[16.504314,43.52545],[16.504316,43.525453],[16.50435,43.525493],[16.504362,43.525489],[16.504369,43.525497]]]}},{"type":"Feature","properties":{"tlocrt":57.01127653,"korisna":9.8354675},"geometry":{"type":"Polygon","coordinates":[[[16.50451,43.525921],[16.504499,43.525895],[16.504443,43.525908],[16.504452,43.52593],[16.504405,43.525941],[16.504407,43.525946],[16.504423,43.525985],[16.504528,43.52596],[16.50451,43.525921]]]}},{"type":"Feature","properties":{"tlocrt":76.12012693,"korisna":52.49686471},"geometry":{"type":"Polygon","coordinates":[[[16.502403,43.527682],[16.502318,43.527682],[16.502319,43.527733],[16.502404,43.527733],[16.502485,43.527732],[16.502483,43.527682],[16.502403,43.527682]]]}},{"type":"Feature","properties":{"tlocrt":139.79114358,"korisna":71.39913443},"geometry":{"type":"Polygon","coordinates":[[[16.498856,43.529125],[16.498853,43.52907],[16.49885,43.529009],[16.498744,43.52901],[16.498743,43.529007],[16.498705,43.529007],[16.49871,43.529072],[16.49871,43.529082],[16.49874,43.529082],[16.498742,43.529127],[16.498856,43.529125]]]}},{"type":"Feature","properties":{"tlocrt":8.7925219},"geometry":{"type":"Polygon","coordinates":[[[16.505275,43.525376],[16.505264,43.525341],[16.505236,43.525345],[16.505242,43.525365],[16.505246,43.525371],[16.505255,43.525378],[16.505275,43.525376]]]}},{"type":"Feature","properties":{"tlocrt":49.52884814},"geometry":{"type":"Polygon","coordinates":[[[16.506268,43.524665],[16.506151,43.524658],[16.50615,43.524706],[16.506263,43.524713],[16.506268,43.524665]]]}},{"type":"Feature","properties":{"tlocrt":32.41681527},"geometry":{"type":"Polygon","coordinates":[[[16.506343,43.52467],[16.506268,43.524665],[16.506263,43.524713],[16.506339,43.524717],[16.506343,43.52467]]]}},{"type":"Feature","properties":{"tlocrt":4.63148954,"korisna":1.94761419},"geometry":{"type":"Polygon","coordinates":[[[16.493772,43.524847],[16.493766,43.524822],[16.493746,43.524825],[16.493751,43.524849],[16.493772,43.524847]]]}},{"type":"Feature","properties":{"tlocrt":11.83131199,"korisna":0.05337612},"geometry":{"type":"Polygon","coordinates":[[[16.493881,43.524835],[16.493874,43.524799],[16.493838,43.524803],[16.493846,43.524839],[16.493881,43.524835]]]}},{"type":"Feature","properties":{"tlocrt":55.6050221,"korisna":44.3034861},"geometry":{"type":"Polygon","coordinates":[[[16.493987,43.524816],[16.493976,43.524762],[16.493898,43.524771],[16.493904,43.524795],[16.493874,43.524799],[16.493883,43.524845],[16.493941,43.52484],[16.493937,43.524821],[16.493987,43.524816]]]}},{"type":"Feature","properties":{"tlocrt":36.53821393},"geometry":{"type":"Polygon","coordinates":[[[16.505534,43.519997],[16.505534,43.519982],[16.505409,43.519982],[16.505398,43.519981],[16.505391,43.519978],[16.505386,43.51997],[16.505384,43.519936],[16.505385,43.51992],[16.505386,43.519914],[16.505386,43.519912],[16.505388,43.51991],[16.505367,43.51991],[16.505368,43.51994],[16.50536,43.51994],[16.50536,43.519972],[16.505376,43.519993],[16.505409,43.519998],[16.505534,43.519997]]]}},{"type":"Feature","properties":{"tlocrt":31.63025444,"korisna":20.80536895},"geometry":{"type":"Polygon","coordinates":[[[16.49042,43.52569],[16.490406,43.525672],[16.490359,43.525693],[16.490406,43.525752],[16.490444,43.525736],[16.490442,43.525734],[16.490449,43.525731],[16.490414,43.525693],[16.49042,43.52569]]]}},{"type":"Feature","properties":{"tlocrt":480.92592143,"korisna":433.61454657},"geometry":{"type":"Polygon","coordinates":[[[16.491235,43.522653],[16.490947,43.522096],[16.490907,43.522107],[16.490994,43.522277],[16.490914,43.522299],[16.491056,43.522566],[16.491103,43.522552],[16.491167,43.522672],[16.491235,43.522653]]]}},{"type":"Feature","properties":{"tlocrt":7.60519367,"korisna":1.24425118},"geometry":{"type":"Polygon","coordinates":[[[16.501443,43.525172],[16.501363,43.525159],[16.501359,43.525169],[16.501439,43.525182],[16.501443,43.525172]]]}},{"type":"Feature","properties":{"tlocrt":14.76929998,"korisna":6.37094909},"geometry":{"type":"Polygon","coordinates":[[[16.505885,43.524351],[16.505846,43.524346],[16.505841,43.524372],[16.505846,43.524373],[16.505842,43.524391],[16.505875,43.524395],[16.505885,43.524351]]]}},{"type":"Feature","properties":{"tlocrt":11.00267559,"korisna":5.10826785},"geometry":{"type":"Polygon","coordinates":[[[16.504475,43.525385],[16.504444,43.525348],[16.50442,43.525357],[16.504449,43.525395],[16.504475,43.525385]]]}},{"type":"Feature","properties":{"tlocrt":114.47223839,"korisna":18.78438526},"geometry":{"type":"Polygon","coordinates":[[[16.502486,43.52781],[16.502485,43.527732],[16.502321,43.527733],[16.502323,43.527812],[16.502486,43.52781]]]}},{"type":"Feature","properties":{"tlocrt":67.12935409,"korisna":40.64038085},"geometry":{"type":"Polygon","coordinates":[[[16.492774,43.525603],[16.492767,43.525532],[16.492661,43.525539],[16.492666,43.525607],[16.492774,43.525603]]]}},{"type":"Feature","properties":{"tlocrt":32.324344},"geometry":{"type":"Polygon","coordinates":[[[16.505283,43.525275],[16.505268,43.525229],[16.505194,43.525241],[16.505209,43.525287],[16.505283,43.525275]]]}},{"type":"Feature","properties":{"tlocrt":10.51971451,"korisna":1.00309439},"geometry":{"type":"Polygon","coordinates":[[[16.505453,43.52526],[16.505447,43.525241],[16.505391,43.525249],[16.505396,43.525269],[16.505453,43.52526]]]}},{"type":"Feature","properties":{"tlocrt":19.47320613,"korisna":7.80337678},"geometry":{"type":"Polygon","coordinates":[[[16.505883,43.525045],[16.505881,43.525019],[16.505816,43.525022],[16.505813,43.525024],[16.505811,43.525026],[16.505811,43.525029],[16.505811,43.525032],[16.505802,43.525033],[16.505797,43.525035],[16.505792,43.525039],[16.505789,43.525042],[16.505785,43.525047],[16.505784,43.52505],[16.505883,43.525045]]]}},{"type":"Feature","properties":{"tlocrt":10.42461522},"geometry":{"type":"Polygon","coordinates":[[[16.505064,43.524824],[16.505064,43.524815],[16.504936,43.524818],[16.504936,43.524827],[16.505064,43.524824]]]}},{"type":"Feature","properties":{"tlocrt":25.04477595,"korisna":1.01092907},"geometry":{"type":"Polygon","coordinates":[[[16.501742,43.526722],[16.501717,43.526682],[16.50166,43.526701],[16.501684,43.526741],[16.501742,43.526722]]]}},{"type":"Feature","properties":{"tlocrt":117.68712299,"korisna":59.00000002},"geometry":{"type":"Polygon","coordinates":[[[16.501615,43.528502],[16.50147,43.528501],[16.501468,43.528584],[16.501539,43.528584],[16.501539,43.528598],[16.501615,43.528598],[16.501615,43.528502]]]}},{"type":"Feature","properties":{"tlocrt":25.05292821,"korisna":9.28100586},"geometry":{"type":"Polygon","coordinates":[[[16.501128,43.527752],[16.501054,43.527746],[16.501049,43.527783],[16.501123,43.527789],[16.501128,43.527752]]]}},{"type":"Feature","properties":{"tlocrt":13.82037312,"korisna":1.80255127},"geometry":{"type":"Polygon","coordinates":[[[16.500376,43.527378],[16.500372,43.527344],[16.500334,43.527347],[16.500338,43.527381],[16.500344,43.527386],[16.500352,43.527388],[16.500359,43.527388],[16.500367,43.527385],[16.500372,43.527382],[16.500376,43.527378]]]}},{"type":"Feature","properties":{"tlocrt":20.48816008,"korisna":5.00000001},"geometry":{"type":"Polygon","coordinates":[[[16.503165,43.525674],[16.503155,43.525643],[16.503087,43.525656],[16.503094,43.525674],[16.503088,43.525675],[16.503092,43.525687],[16.503165,43.525674]]]}},{"type":"Feature","properties":{"tlocrt":2.38065425},"geometry":{"type":"Polygon","coordinates":[[[16.503094,43.525674],[16.503088,43.525658],[16.503073,43.525661],[16.503079,43.525679],[16.503089,43.525677],[16.503088,43.525675],[16.503094,43.525674]]]}},{"type":"Feature","properties":{"tlocrt":197.48431021,"korisna":130.51144377},"geometry":{"type":"Polygon","coordinates":[[[16.502928,43.525256],[16.502885,43.525124],[16.50284,43.525132],[16.502844,43.525146],[16.502724,43.525166],[16.502748,43.525239],[16.502734,43.525242],[16.502749,43.525287],[16.502928,43.525256]]]}},{"type":"Feature","properties":{"tlocrt":11.55737132,"korisna":3.64837225},"geometry":{"type":"Polygon","coordinates":[[[16.503446,43.524859],[16.503441,43.524837],[16.503384,43.524844],[16.503389,43.524866],[16.503446,43.524859]]]}},{"type":"Feature","properties":{"tlocrt":12.52742955,"korisna":1.52241396},"geometry":{"type":"Polygon","coordinates":[[[16.503416,43.52484],[16.503404,43.524794],[16.503374,43.524799],[16.503386,43.524844],[16.503416,43.52484]]]}},{"type":"Feature","properties":{"tlocrt":35.28625627,"korisna":7.28076173},"geometry":{"type":"Polygon","coordinates":[[[16.504189,43.527798],[16.504179,43.527676],[16.504147,43.527677],[16.504157,43.527799],[16.504189,43.527798]]]}},{"type":"Feature","properties":{"tlocrt":81.79272913,"korisna":53.1157837},"geometry":{"type":"Polygon","coordinates":[[[16.502176,43.52573],[16.502154,43.52565],[16.502044,43.525665],[16.502066,43.525745],[16.502176,43.52573]]]}},{"type":"Feature","properties":{"tlocrt":22.33478501,"korisna":8.20439519},"geometry":{"type":"Polygon","coordinates":[[[16.506798,43.523392],[16.506746,43.523353],[16.506713,43.523377],[16.506766,43.523415],[16.506798,43.523392]]]}},{"type":"Feature","properties":{"tlocrt":43.14042793,"korisna":16},"geometry":{"type":"Polygon","coordinates":[[[16.502451,43.523772],[16.502436,43.523709],[16.50236,43.523724],[16.502374,43.523782],[16.502451,43.523772]]]}},{"type":"Feature","properties":{"tlocrt":43.4145435,"korisna":24},"geometry":{"type":"Polygon","coordinates":[[[16.502156,43.523682],[16.502129,43.523609],[16.502067,43.523621],[16.502094,43.523693],[16.502156,43.523682]]]}},{"type":"Feature","properties":{"tlocrt":11.55614312,"korisna":2.28041285},"geometry":{"type":"Polygon","coordinates":[[[16.501907,43.52324],[16.501902,43.523216],[16.50185,43.523223],[16.501855,43.523247],[16.501907,43.52324]]]}},{"type":"Feature","properties":{"tlocrt":41.03976094,"korisna":20.99773398},"geometry":{"type":"Polygon","coordinates":[[[16.499688,43.52652],[16.499687,43.526457],[16.499639,43.526456],[16.499639,43.526457],[16.499616,43.526457],[16.499615,43.526519],[16.499688,43.52652]]]}},{"type":"Feature","properties":{"tlocrt":14.36207094},"geometry":{"type":"Polygon","coordinates":[[[16.496001,43.52875],[16.495971,43.52875],[16.495971,43.528804],[16.496001,43.528804],[16.496001,43.52875]]]}},{"type":"Feature","properties":{"tlocrt":547.41855435,"korisna":434.26031501},"geometry":{"type":"Polygon","coordinates":[[[16.498147,43.523546],[16.498122,43.523446],[16.497531,43.523524],[16.497555,43.523624],[16.498147,43.523546]]]}},{"type":"Feature","properties":{"tlocrt":151.06879336,"korisna":23.36862039},"geometry":{"type":"Polygon","coordinates":[[[16.498224,43.523554],[16.4982,43.523455],[16.498127,43.523465],[16.498147,43.523546],[16.497628,43.523614],[16.497632,43.523631],[16.498224,43.523554]]]}},{"type":"Feature","properties":{"tlocrt":2.46915804},"geometry":{"type":"Polygon","coordinates":[[[16.494969,43.525977],[16.494962,43.525976],[16.494948,43.526013],[16.494955,43.526014],[16.494969,43.525977]]]}},{"type":"Feature","properties":{"tlocrt":7.89542374,"korisna":0.08552458},"geometry":{"type":"Polygon","coordinates":[[[16.494926,43.525956],[16.494834,43.525937],[16.49483,43.525946],[16.494923,43.525964],[16.494926,43.525956]]]}},{"type":"Feature","properties":{"tlocrt":1.82979189},"geometry":{"type":"Polygon","coordinates":[[[16.494824,43.525993],[16.494808,43.52599],[16.494804,43.526002],[16.494819,43.526005],[16.494824,43.525993]]]}},{"type":"Feature","properties":{"tlocrt":14.37148068,"korisna":1.36862039},"geometry":{"type":"Polygon","coordinates":[[[16.491356,43.526653],[16.491335,43.526638],[16.491284,43.526676],[16.491305,43.526691],[16.491356,43.526653]]]}},{"type":"Feature","properties":{"tlocrt":14.6544134,"korisna":1.80273438},"geometry":{"type":"Polygon","coordinates":[[[16.493057,43.527673],[16.492982,43.527669],[16.49298,43.527691],[16.493054,43.527695],[16.493057,43.527673]]]}},{"type":"Feature","properties":{"tlocrt":9.51849346,"korisna":1.34900432},"geometry":{"type":"Polygon","coordinates":[[[16.493623,43.523394],[16.493614,43.523375],[16.493564,43.523386],[16.493572,43.523406],[16.493623,43.523394]]]}},{"type":"Feature","properties":{"tlocrt":48.20492473,"korisna":11.07253931},"geometry":{"type":"Polygon","coordinates":[[[16.49325,43.527937],[16.493268,43.527865],[16.493282,43.527866],[16.493284,43.527862],[16.493298,43.527864],[16.493302,43.527846],[16.493375,43.527855],[16.493377,43.527847],[16.493238,43.527829],[16.493214,43.527933],[16.49325,43.527937]]]}},{"type":"Feature","properties":{"tlocrt":29.3160879,"korisna":11.36460065},"geometry":{"type":"Polygon","coordinates":[[[16.492088,43.523581],[16.492057,43.523532],[16.492002,43.52355],[16.492034,43.5236],[16.492088,43.523581]]]}},{"type":"Feature","properties":{"tlocrt":10.85377632,"korisna":2.00402796},"geometry":{"type":"Polygon","coordinates":[[[16.494201,43.522471],[16.494195,43.52245],[16.49414,43.522459],[16.494147,43.52248],[16.494201,43.522471]]]}},{"type":"Feature","properties":{"tlocrt":29.8588959},"geometry":{"type":"Polygon","coordinates":[[[16.493014,43.5222],[16.492994,43.522158],[16.492923,43.522177],[16.492944,43.522219],[16.493014,43.5222]]]}},{"type":"Feature","properties":{"tlocrt":36.11169714,"korisna":18.43796141},"geometry":{"type":"Polygon","coordinates":[[[16.502728,43.523629],[16.502726,43.523592],[16.502636,43.523596],[16.502641,43.523649],[16.502682,43.523647],[16.502681,43.523632],[16.502728,43.523629]]]}},{"type":"Feature","properties":{"tlocrt":56.91693237},"geometry":{"type":"Polygon","coordinates":[[[16.503639,43.526302],[16.503627,43.526264],[16.503518,43.526281],[16.503518,43.52628],[16.503482,43.526285],[16.503497,43.526332],[16.503639,43.526302]]]}},{"type":"Feature","properties":{"tlocrt":12.85310746},"geometry":{"type":"Polygon","coordinates":[[[16.505529,43.524479],[16.505529,43.524455],[16.505499,43.524455],[16.50547,43.524455],[16.505469,43.524479],[16.5055,43.524479],[16.505529,43.524479]]]}},{"type":"Feature","properties":{"tlocrt":46.81564524,"korisna":25.47889217},"geometry":{"type":"Polygon","coordinates":[[[16.49029,43.52291],[16.490263,43.522868],[16.490161,43.522903],[16.490188,43.522945],[16.49029,43.52291]]]}},{"type":"Feature","properties":{"tlocrt":21.43602039,"korisna":6.28076173},"geometry":{"type":"Polygon","coordinates":[[[16.50606,43.524932],[16.50605,43.524893],[16.505991,43.524904],[16.505999,43.52494],[16.50606,43.524932]]]}},{"type":"Feature","properties":{"tlocrt":160.16099158,"korisna":67.99999996},"geometry":{"type":"Polygon","coordinates":[[[16.498321,43.529001],[16.498153,43.529001],[16.498153,43.529055],[16.498154,43.529107],[16.498323,43.529107],[16.498322,43.529054],[16.498321,43.529001]]]}},{"type":"Feature","properties":{"tlocrt":11.35058789,"korisna":2.99999999},"geometry":{"type":"Polygon","coordinates":[[[16.500326,43.527243],[16.500318,43.527231],[16.500274,43.527241],[16.50028,43.527255],[16.500285,43.527265],[16.500333,43.527255],[16.500326,43.527243]]]}},{"type":"Feature","properties":{"tlocrt":23.6433562,"korisna":6.28100586},"geometry":{"type":"Polygon","coordinates":[[[16.503639,43.527026],[16.503628,43.527016],[16.503547,43.527061],[16.503559,43.527071],[16.50357,43.527081],[16.50365,43.527036],[16.503639,43.527026]]]}},{"type":"Feature","properties":{"tlocrt":17.20382152,"korisna":3.99999999},"geometry":{"type":"Polygon","coordinates":[[[16.504255,43.527644],[16.504237,43.52761],[16.504212,43.527617],[16.504188,43.527623],[16.504205,43.527657],[16.50423,43.52765],[16.504255,43.527644]]]}},{"type":"Feature","properties":{"tlocrt":17.61329885,"korisna":5.03613281},"geometry":{"type":"Polygon","coordinates":[[[16.50472,43.522216],[16.504708,43.522176],[16.504685,43.52218],[16.504661,43.522184],[16.504673,43.522224],[16.504697,43.52222],[16.50472,43.522216]]]}},{"type":"Feature","properties":{"tlocrt":107.00990492,"korisna":73.45932329},"geometry":{"type":"Polygon","coordinates":[[[16.505461,43.521161],[16.505439,43.521091],[16.505358,43.521105],[16.505278,43.521118],[16.505302,43.521189],[16.505381,43.521175],[16.505461,43.521161]]]}},{"type":"Feature","properties":{"tlocrt":164.75660121,"korisna":120.18446756},"geometry":{"type":"Polygon","coordinates":[[[16.495757,43.524603],[16.49572,43.524457],[16.49566,43.524465],[16.495599,43.524474],[16.495636,43.524621],[16.495698,43.524612],[16.495757,43.524603]]]}},{"type":"Feature","properties":{"tlocrt":63.66734676,"korisna":25.09069825},"geometry":{"type":"Polygon","coordinates":[[[16.495222,43.52612],[16.495125,43.526105],[16.495114,43.526141],[16.495105,43.526175],[16.495202,43.52619],[16.495212,43.526156],[16.495222,43.52612]]]}},{"type":"Feature","properties":{"tlocrt":99.74075178,"korisna":44.9144846},"geometry":{"type":"Polygon","coordinates":[[[16.49488,43.526046],[16.494884,43.526036],[16.494936,43.526046],[16.494947,43.526015],[16.494963,43.525972],[16.494828,43.525946],[16.494813,43.525988],[16.494812,43.52599],[16.494824,43.525993],[16.494808,43.526033],[16.49488,43.526046]]]}},{"type":"Feature","properties":{"tlocrt":16.32429369,"korisna":2},"geometry":{"type":"Polygon","coordinates":[[[16.493006,43.526658],[16.492993,43.526644],[16.492949,43.526666],[16.492962,43.52668],[16.492975,43.526694],[16.493019,43.526671],[16.493006,43.526658]]]}},{"type":"Feature","properties":{"tlocrt":18.93493927},"geometry":{"type":"Polygon","coordinates":[[[16.502759,43.527847],[16.502755,43.52782],[16.502752,43.52782],[16.50275,43.527797],[16.50271,43.5278],[16.502715,43.52785],[16.502759,43.527847]]]}},{"type":"Feature","properties":{"tlocrt":170.98934755,"korisna":137.97341546},"geometry":{"type":"Polygon","coordinates":[[[16.50359,43.527199],[16.503553,43.527142],[16.50328,43.527236],[16.503318,43.527293],[16.50359,43.527199]]]}},{"type":"Feature","properties":{"tlocrt":90.40049881},"geometry":{"type":"Polygon","coordinates":[[[16.503311,43.526962],[16.503295,43.526749],[16.50327,43.526749],[16.503268,43.526953],[16.503207,43.527],[16.503207,43.527024],[16.503226,43.527024],[16.503311,43.526962]]]}},{"type":"Feature","properties":{"tlocrt":58.36099315,"korisna":13.640625},"geometry":{"type":"Polygon","coordinates":[[[16.506342,43.524717],[16.506255,43.524712],[16.506247,43.524787],[16.506335,43.524791],[16.506342,43.524717]]]}},{"type":"Feature","properties":{"tlocrt":35.59163296,"korisna":19.19243533},"geometry":{"type":"Polygon","coordinates":[[[16.506078,43.524809],[16.50596,43.52479],[16.50595,43.524821],[16.506068,43.524841],[16.506078,43.524809]]]}},{"type":"Feature","properties":{"tlocrt":21.7354909,"korisna":8.00000001},"geometry":{"type":"Polygon","coordinates":[[[16.505377,43.521924],[16.505375,43.521888],[16.505302,43.521895],[16.505303,43.521925],[16.505377,43.521924]]]}},{"type":"Feature","properties":{"tlocrt":19.43429124,"korisna":5.18214429},"geometry":{"type":"Polygon","coordinates":[[[16.492889,43.52784],[16.492883,43.527809],[16.492817,43.527815],[16.492815,43.527846],[16.492889,43.52784]]]}},{"type":"Feature","properties":{"tlocrt":25.74550996,"korisna":6.36529857},"geometry":{"type":"Polygon","coordinates":[[[16.493026,43.526037],[16.493019,43.526],[16.49295,43.526007],[16.492962,43.526053],[16.493026,43.526037]]]}},{"type":"Feature","properties":{"tlocrt":10.2620889,"korisna":4.26651647},"geometry":{"type":"Polygon","coordinates":[[[16.49295,43.526007],[16.49295,43.526005],[16.492927,43.526007],[16.49294,43.526058],[16.492962,43.526053],[16.49295,43.526007]]]}},{"type":"Feature","properties":{"tlocrt":60.36718612,"korisna":36.64038086},"geometry":{"type":"Polygon","coordinates":[[[16.491962,43.525691],[16.491945,43.525628],[16.491841,43.525643],[16.491858,43.525705],[16.491962,43.525691]]]}},{"type":"Feature","properties":{"tlocrt":98.57202259,"korisna":70.94923046},"geometry":{"type":"Polygon","coordinates":[[[16.494539,43.522943],[16.494509,43.522867],[16.494377,43.522895],[16.494408,43.522972],[16.494539,43.522943]]]}},{"type":"Feature","properties":{"tlocrt":684.77097637,"korisna":605.13832975},"geometry":{"type":"Polygon","coordinates":[[[16.494846,43.522322],[16.494781,43.522129],[16.494404,43.522202],[16.494466,43.522388],[16.494846,43.522322]]]}},{"type":"Feature","properties":{"tlocrt":51.64985063},"geometry":{"type":"Polygon","coordinates":[[[16.492273,43.523059],[16.492246,43.523004],[16.49215,43.523029],[16.492184,43.523082],[16.492273,43.523059]]]}},{"type":"Feature","properties":{"tlocrt":14.30840876,"korisna":6.94103723},"geometry":{"type":"Polygon","coordinates":[[[16.495756,43.529005],[16.495747,43.528977],[16.495699,43.529004],[16.495706,43.529025],[16.495734,43.529022],[16.495756,43.529005]]]}},{"type":"Feature","properties":{"tlocrt":40.16002676,"korisna":22.18408203},"geometry":{"type":"Polygon","coordinates":[[[16.504147,43.522388],[16.504129,43.522341],[16.504038,43.522367],[16.504053,43.522408],[16.504147,43.522388]]]}},{"type":"Feature","properties":{"tlocrt":25.44690672,"korisna":12.57265814},"geometry":{"type":"Polygon","coordinates":[[[16.504878,43.522244],[16.504874,43.522164],[16.504838,43.522167],[16.504844,43.522247],[16.504878,43.522244]]]}},{"type":"Feature","properties":{"tlocrt":2.09425024,"korisna":0.01006455},"geometry":{"type":"Polygon","coordinates":[[[16.505677,43.522153],[16.505675,43.522139],[16.505658,43.522141],[16.50566,43.522154],[16.505677,43.522153]]]}},{"type":"Feature","properties":{"tlocrt":2.27823862},"geometry":{"type":"Polygon","coordinates":[[[16.505357,43.522272],[16.505357,43.522262],[16.505331,43.522263],[16.505332,43.522273],[16.505357,43.522272]]]}},{"type":"Feature","properties":{"tlocrt":11.74963853,"korisna":0.93781123},"geometry":{"type":"Polygon","coordinates":[[[16.50542,43.519936],[16.50542,43.519892],[16.505413,43.519893],[16.505405,43.519895],[16.505396,43.5199],[16.50539,43.519905],[16.505386,43.519912],[16.505385,43.51992],[16.505384,43.519936],[16.50542,43.519936]]]}},{"type":"Feature","properties":{"tlocrt":135.85193715,"korisna":101.87637798},"geometry":{"type":"Polygon","coordinates":[[[16.500109,43.520565],[16.500096,43.520545],[16.500159,43.520524],[16.500112,43.520444],[16.500052,43.520464],[16.500044,43.520457],[16.500038,43.520456],[16.500033,43.520455],[16.500027,43.520456],[16.499967,43.520476],[16.49996,43.520479],[16.499959,43.520482],[16.499958,43.520486],[16.49996,43.520492],[16.499984,43.520533],[16.499987,43.520537],[16.499994,43.52054],[16.499998,43.520541],[16.500003,43.520541],[16.500021,43.520536],[16.500038,43.520565],[16.500082,43.52055],[16.500091,43.520567],[16.500095,43.520568],[16.500099,43.520568],[16.500102,43.520567],[16.500109,43.520565]]]}},{"type":"Feature","properties":{"tlocrt":428.47204305,"korisna":366.85952901},"geometry":{"type":"Polygon","coordinates":[[[16.500175,43.522884],[16.500069,43.522672],[16.499878,43.522722],[16.499969,43.522939],[16.500175,43.522884]]]}},{"type":"Feature","properties":{"tlocrt":136.51009788},"geometry":{"type":"Polygon","coordinates":[[[16.500255,43.522863],[16.50017,43.522695],[16.500091,43.522716],[16.500175,43.522884],[16.500255,43.522863]]]}},{"type":"Feature","properties":{"tlocrt":56.0584388,"korisna":37.56948507},"geometry":{"type":"Polygon","coordinates":[[[16.497807,43.521436],[16.497769,43.521396],[16.497662,43.52145],[16.497701,43.521489],[16.497807,43.521436]]]}},{"type":"Feature","properties":{"tlocrt":111.42282324,"korisna":81.51755955},"geometry":{"type":"Polygon","coordinates":[[[16.498298,43.521279],[16.49822,43.52119],[16.498121,43.521237],[16.498199,43.521325],[16.498298,43.521279]]]}},{"type":"Feature","properties":{"tlocrt":48.59752278,"korisna":26.08990572},"geometry":{"type":"Polygon","coordinates":[[[16.498192,43.521316],[16.498163,43.521284],[16.498124,43.521301],[16.498112,43.521287],[16.498055,43.521314],[16.498095,43.521359],[16.498192,43.521316]]]}},{"type":"Feature","properties":{"tlocrt":110.65920572,"korisna":84.62790265},"geometry":{"type":"Polygon","coordinates":[[[16.498477,43.521195],[16.498407,43.521092],[16.49831,43.521128],[16.498381,43.52123],[16.498477,43.521195]]]}},{"type":"Feature","properties":{"tlocrt":10.037495,"korisna":3.14512552},"geometry":{"type":"Polygon","coordinates":[[[16.498366,43.520821],[16.498358,43.520812],[16.498336,43.520814],[16.498319,43.520819],[16.498304,43.520826],[16.498292,43.520835],[16.498299,43.520846],[16.498366,43.520821]]]}},{"type":"Feature","properties":{"tlocrt":18.70321335,"korisna":15.60897397},"geometry":{"type":"Polygon","coordinates":[[[16.496838,43.521032],[16.496839,43.520984],[16.496814,43.520984],[16.496813,43.520992],[16.496792,43.520992],[16.496791,43.521031],[16.496838,43.521032]]]}},{"type":"Feature","properties":{"tlocrt":4.65740779,"korisna":0.2225466},"geometry":{"type":"Polygon","coordinates":[[[16.491892,43.522994],[16.491882,43.522981],[16.49185,43.522995],[16.491861,43.523007],[16.491892,43.522994]]]}},{"type":"Feature","properties":{"tlocrt":99.56561897,"korisna":68.66762711},"geometry":{"type":"Polygon","coordinates":[[[16.491852,43.52301],[16.491789,43.522886],[16.491732,43.522901],[16.49176,43.522955],[16.491721,43.522965],[16.491759,43.523037],[16.491852,43.52301]]]}},{"type":"Feature","properties":{"tlocrt":21.42361442,"korisna":3.00000001},"geometry":{"type":"Polygon","coordinates":[[[16.491848,43.52277],[16.491827,43.522729],[16.491776,43.522743],[16.491797,43.522784],[16.491848,43.52277]]]}},{"type":"Feature","properties":{"tlocrt":21.70967121,"korisna":13.47739817},"geometry":{"type":"Polygon","coordinates":[[[16.49317,43.522132],[16.493156,43.522106],[16.493074,43.522128],[16.493086,43.522154],[16.49317,43.522132]]]}},{"type":"Feature","properties":{"tlocrt":15.78736745},"geometry":{"type":"Polygon","coordinates":[[[16.493086,43.522154],[16.493074,43.522128],[16.493012,43.522144],[16.493025,43.522169],[16.493086,43.522154]]]}},{"type":"Feature","properties":{"tlocrt":6.47113988},"geometry":{"type":"Polygon","coordinates":[[[16.49319,43.522133],[16.493175,43.522101],[16.493156,43.522106],[16.49317,43.522132],[16.49316,43.522135],[16.493162,43.52214],[16.49319,43.522133]]]}},{"type":"Feature","properties":{"tlocrt":19.44037841,"korisna":7.99959997},"geometry":{"type":"Polygon","coordinates":[[[16.493244,43.5232],[16.493221,43.523159],[16.493176,43.523171],[16.493198,43.523213],[16.493244,43.5232]]]}},{"type":"Feature","properties":{"tlocrt":58.90098811,"korisna":38.99931259},"geometry":{"type":"Polygon","coordinates":[[[16.493979,43.522897],[16.49395,43.522835],[16.493854,43.522858],[16.493884,43.522919],[16.493979,43.522897]]]}},{"type":"Feature","properties":{"tlocrt":50.3543516,"korisna":24.45551872},"geometry":{"type":"Polygon","coordinates":[[[16.494729,43.522603],[16.494727,43.522581],[16.494596,43.522587],[16.494613,43.522631],[16.494734,43.522626],[16.494733,43.522613],[16.494729,43.522603]]]}},{"type":"Feature","properties":{"tlocrt":29.08410549,"korisna":11.00716006},"geometry":{"type":"Polygon","coordinates":[[[16.494958,43.522611],[16.494943,43.52257],[16.49487,43.522572],[16.494872,43.522613],[16.494958,43.522611]]]}},{"type":"Feature","properties":{"tlocrt":27.99317354,"korisna":12.93027774},"geometry":{"type":"Polygon","coordinates":[[[16.493691,43.522548],[16.493668,43.52251],[16.493598,43.522534],[16.49362,43.52257],[16.493691,43.522548]]]}},{"type":"Feature","properties":{"tlocrt":18.19971483,"korisna":9.8017002},"geometry":{"type":"Polygon","coordinates":[[[16.494044,43.52247],[16.494029,43.522427],[16.493984,43.522437],[16.493998,43.522478],[16.494044,43.52247]]]}},{"type":"Feature","properties":{"tlocrt":26.93484504,"korisna":18.58159929},"geometry":{"type":"Polygon","coordinates":[[[16.493344,43.528157],[16.493279,43.528155],[16.493281,43.528204],[16.493344,43.528201],[16.493344,43.528157]]]}},{"type":"Feature","properties":{"tlocrt":13.90719861,"korisna":3.5883733},"geometry":{"type":"Polygon","coordinates":[[[16.493099,43.527872],[16.493102,43.527847],[16.493147,43.527848],[16.493147,43.527838],[16.493074,43.527835],[16.493071,43.527872],[16.493099,43.527872]]]}},{"type":"Feature","properties":{"tlocrt":19.30582715,"korisna":9.93704072},"geometry":{"type":"Polygon","coordinates":[[[16.493278,43.527941],[16.493298,43.527864],[16.493284,43.527862],[16.493282,43.527866],[16.493268,43.527865],[16.49325,43.527937],[16.493278,43.527941]]]}},{"type":"Feature","properties":{"tlocrt":7.04702371},"geometry":{"type":"Polygon","coordinates":[[[16.492751,43.527448],[16.49275,43.527442],[16.492615,43.527459],[16.492617,43.527465],[16.492751,43.527448]]]}},{"type":"Feature","properties":{"tlocrt":34.96526879,"korisna":15.64038087},"geometry":{"type":"Polygon","coordinates":[[[16.492797,43.52755],[16.492785,43.527501],[16.49272,43.527505],[16.492722,43.52752],[16.492738,43.52752],[16.492732,43.527564],[16.492797,43.527569],[16.492797,43.52755]]]}},{"type":"Feature","properties":{"tlocrt":18.55667219,"korisna":5.17107102},"geometry":{"type":"Polygon","coordinates":[[[16.493095,43.527518],[16.493058,43.527516],[16.493049,43.527571],[16.493085,43.527575],[16.493095,43.527518]]]}},{"type":"Feature","properties":{"tlocrt":34.22185977,"korisna":14.73014458},"geometry":{"type":"Polygon","coordinates":[[[16.493889,43.52801],[16.493886,43.527961],[16.49381,43.527962],[16.493807,43.52801],[16.493889,43.52801]]]}},{"type":"Feature","properties":{"tlocrt":8.44271562,"korisna":2.12365724},"geometry":{"type":"Polygon","coordinates":[[[16.494245,43.528701],[16.494227,43.528672],[16.494204,43.528676],[16.494221,43.528713],[16.494245,43.528701]]]}},{"type":"Feature","properties":{"tlocrt":162.96953981,"korisna":75.64686202},"geometry":{"type":"Polygon","coordinates":[[[16.495694,43.528813],[16.49565,43.528776],[16.49537,43.528963],[16.495416,43.528997],[16.495694,43.528813]]]}},{"type":"Feature","properties":{"tlocrt":8.71718576,"korisna":3.08625384},"geometry":{"type":"Polygon","coordinates":[[[16.496139,43.529163],[16.496136,43.529146],[16.496079,43.529153],[16.496082,43.52917],[16.496139,43.529163]]]}},{"type":"Feature","properties":{"tlocrt":4.5635876,"korisna":1.44536581},"geometry":{"type":"Polygon","coordinates":[[[16.49618,43.529152],[16.496178,43.52914],[16.496136,43.529146],[16.496139,43.529163],[16.496141,43.529162],[16.496139,43.529157],[16.49618,43.529152]]]}},{"type":"Feature","properties":{"tlocrt":23.38930159,"korisna":14.64499908},"geometry":{"type":"Polygon","coordinates":[[[16.493071,43.522813],[16.493049,43.522775],[16.492991,43.522792],[16.493012,43.52283],[16.493071,43.522813]]]}},{"type":"Feature","properties":{"tlocrt":23.4418727,"korisna":15.87087231},"geometry":{"type":"Polygon","coordinates":[[[16.493008,43.52283],[16.492988,43.522792],[16.492928,43.522808],[16.492949,43.522847],[16.493008,43.52283]]]}},{"type":"Feature","properties":{"tlocrt":14.64245386,"korisna":5.19119518},"geometry":{"type":"Polygon","coordinates":[[[16.497053,43.522692],[16.497012,43.522646],[16.496988,43.522659],[16.497027,43.522704],[16.497053,43.522692]]]}},{"type":"Feature","properties":{"tlocrt":6.90371883,"korisna":4.25056495},"geometry":{"type":"Polygon","coordinates":[[[16.497018,43.522694],[16.496996,43.522668],[16.496975,43.522678],[16.496997,43.522704],[16.497018,43.522694]]]}},{"type":"Feature","properties":{"tlocrt":15.0809757,"korisna":6.25265394},"geometry":{"type":"Polygon","coordinates":[[[16.497204,43.522617],[16.497187,43.522598],[16.497124,43.52263],[16.497141,43.522647],[16.497204,43.522617]]]}},{"type":"Feature","properties":{"tlocrt":14.18524013,"korisna":3.99587993},"geometry":{"type":"Polygon","coordinates":[[[16.497229,43.522605],[16.497189,43.52256],[16.497164,43.522572],[16.497204,43.522617],[16.497229,43.522605]]]}},{"type":"Feature","properties":{"tlocrt":36.86284732,"korisna":21.40813681},"geometry":{"type":"Polygon","coordinates":[[[16.499068,43.520982],[16.499158,43.520945],[16.499138,43.520915],[16.499033,43.520947],[16.49904,43.520962],[16.499053,43.520958],[16.499068,43.520982]]]}},{"type":"Feature","properties":{"tlocrt":14.79033465,"korisna":7.27414173},"geometry":{"type":"Polygon","coordinates":[[[16.504094,43.521803],[16.504081,43.521768],[16.504037,43.521775],[16.50405,43.521811],[16.504094,43.521803]]]}},{"type":"Feature","properties":{"tlocrt":7.55450897,"korisna":3.5233357},"geometry":{"type":"Polygon","coordinates":[[[16.504052,43.521815],[16.504041,43.521787],[16.504014,43.521793],[16.504024,43.52182],[16.504052,43.521815]]]}},{"type":"Feature","properties":{"tlocrt":78.69275455,"korisna":55.74822276},"geometry":{"type":"Polygon","coordinates":[[[16.504056,43.522125],[16.504016,43.522049],[16.503917,43.522076],[16.503955,43.522154],[16.504056,43.522125]]]}},{"type":"Feature","properties":{"tlocrt":23.20604838,"korisna":12.32905765},"geometry":{"type":"Polygon","coordinates":[[[16.503955,43.522154],[16.503941,43.522126],[16.503862,43.522144],[16.503859,43.522145],[16.503873,43.522173],[16.503955,43.522154]]]}},{"type":"Feature","properties":{"tlocrt":21.18168099,"korisna":6.97029687},"geometry":{"type":"Polygon","coordinates":[[[16.499241,43.522128],[16.499241,43.522111],[16.499237,43.522111],[16.499227,43.522082],[16.499229,43.522081],[16.499227,43.522072],[16.499185,43.522081],[16.499202,43.522134],[16.499241,43.522128]]]}},{"type":"Feature","properties":{"tlocrt":2.46078396},"geometry":{"type":"Polygon","coordinates":[[[16.499231,43.52214],[16.499228,43.52213],[16.499202,43.522134],[16.499205,43.522145],[16.499231,43.52214]]]}},{"type":"Feature","properties":{"tlocrt":45.33845274,"korisna":17.44847238},"geometry":{"type":"Polygon","coordinates":[[[16.506525,43.521023],[16.506489,43.521015],[16.506438,43.521146],[16.506472,43.521154],[16.506525,43.521023]]]}},{"type":"Feature","properties":{"tlocrt":17.80024778,"korisna":2.78623485},"geometry":{"type":"Polygon","coordinates":[[[16.506311,43.520978],[16.506276,43.520973],[16.50626,43.521026],[16.506297,43.521031],[16.506311,43.520978]]]}},{"type":"Feature","properties":{"tlocrt":20.2289691,"korisna":4.47557069},"geometry":{"type":"Polygon","coordinates":[[[16.505138,43.5205],[16.5051,43.52049],[16.505074,43.520542],[16.505112,43.520552],[16.505138,43.5205]]]}},{"type":"Feature","properties":{"tlocrt":34.24927527,"korisna":15.47255081},"geometry":{"type":"Polygon","coordinates":[[[16.494792,43.528974],[16.49478,43.52893],[16.494696,43.528943],[16.494709,43.528986],[16.494792,43.528974]]]}},{"type":"Feature","properties":{"tlocrt":7.44064385,"korisna":1.01327156},"geometry":{"type":"Polygon","coordinates":[[[16.49847,43.520526],[16.498463,43.520501],[16.498432,43.520504],[16.498438,43.52053],[16.49847,43.520526]]]}},{"type":"Feature","properties":{"tlocrt":13.36649692,"korisna":4.40648158},"geometry":{"type":"Polygon","coordinates":[[[16.495981,43.529179],[16.49603,43.529172],[16.49603,43.529177],[16.496082,43.52917],[16.496079,43.529153],[16.495978,43.529167],[16.495981,43.529179]]]}},{"type":"Feature","properties":{"tlocrt":621.64821022,"korisna":496.98841239},"geometry":{"type":"Polygon","coordinates":[[[16.493156,43.522106],[16.492946,43.521681],[16.492802,43.52172],[16.493012,43.522144],[16.493156,43.522106]]]}},{"type":"Feature","properties":{"tlocrt":1.14482472},"geometry":{"type":"Polygon","coordinates":[[[16.493907,43.528919],[16.493907,43.528907],[16.493896,43.528907],[16.493897,43.528919],[16.493907,43.528919]]]}},{"type":"Feature","properties":{"tlocrt":16.72495441,"korisna":0.64824388},"geometry":{"type":"Polygon","coordinates":[[[16.50491,43.521957],[16.504905,43.521935],[16.504825,43.521945],[16.504831,43.521968],[16.50491,43.521957]]]}},{"type":"Feature","properties":{"tlocrt":115.49580725,"korisna":91.27990972},"geometry":{"type":"Polygon","coordinates":[[[16.504869,43.520001],[16.505067,43.51996],[16.505067,43.519962],[16.50509,43.519956],[16.505071,43.519901],[16.50485,43.519947],[16.504869,43.520001]]]}},{"type":"Feature","properties":{"tlocrt":29.47686136,"korisna":15.04669683},"geometry":{"type":"Polygon","coordinates":[[[16.504689,43.519985],[16.50467,43.51994],[16.504659,43.519943],[16.504657,43.51994],[16.504615,43.519952],[16.504616,43.519954],[16.504604,43.519958],[16.504632,43.520001],[16.504689,43.519985]]]}},{"type":"Feature","properties":{"tlocrt":32.29114632,"korisna":15.00000001},"geometry":{"type":"Polygon","coordinates":[[[16.504638,43.51986],[16.504613,43.519796],[16.504571,43.519804],[16.504573,43.519871],[16.504638,43.51986]]]}},{"type":"Feature","properties":{"tlocrt":15.53076045,"korisna":5.42859521},"geometry":{"type":"Polygon","coordinates":[[[16.50418,43.519906],[16.504177,43.519872],[16.504128,43.519874],[16.50413,43.519909],[16.50418,43.519906]]]}},{"type":"Feature","properties":{"tlocrt":17.64980839,"korisna":9.03528017},"geometry":{"type":"Polygon","coordinates":[[[16.50413,43.519909],[16.504128,43.519874],[16.504071,43.519877],[16.504075,43.519913],[16.50413,43.519909]]]}},{"type":"Feature","properties":{"tlocrt":10.88696033,"korisna":2.93163245},"geometry":{"type":"Polygon","coordinates":[[[16.504075,43.519913],[16.504071,43.519877],[16.504035,43.51988],[16.504036,43.519892],[16.504039,43.519892],[16.504041,43.519914],[16.504075,43.519913]]]}},{"type":"Feature","properties":{"tlocrt":13.88476641,"korisna":4.71528037},"geometry":{"type":"Polygon","coordinates":[[[16.502687,43.520452],[16.50268,43.520424],[16.502626,43.520433],[16.502633,43.52046],[16.502687,43.520452]]]}},{"type":"Feature","properties":{"tlocrt":8.62020302,"korisna":4.79619723},"geometry":{"type":"Polygon","coordinates":[[[16.489334,43.523111],[16.489327,43.523089],[16.489287,43.523096],[16.489295,43.52312],[16.489334,43.523111]]]}},{"type":"Feature","properties":{"tlocrt":47.54164355,"korisna":28.06956422},"geometry":{"type":"Polygon","coordinates":[[[16.49457,43.522662],[16.494549,43.522603],[16.494464,43.52262],[16.494486,43.522679],[16.49457,43.522662]]]}},{"type":"Feature","properties":{"tlocrt":22.20158566,"korisna":12.34772777},"geometry":{"type":"Polygon","coordinates":[[[16.505382,43.521704],[16.505373,43.521669],[16.505371,43.521669],[16.505369,43.521662],[16.505314,43.52167],[16.505324,43.521712],[16.505382,43.521704]]]}},{"type":"Feature","properties":{"tlocrt":144.28157272,"korisna":108.19599616},"geometry":{"type":"Polygon","coordinates":[[[16.488479,43.523824],[16.488461,43.523752],[16.488246,43.52378],[16.488254,43.523827],[16.488259,43.523851],[16.488479,43.523824]]]}},{"type":"Feature","properties":{"tlocrt":90.92998605,"korisna":45.69973535},"geometry":{"type":"Polygon","coordinates":[[[16.490949,43.528816],[16.490837,43.528815],[16.490834,43.528907],[16.490945,43.528907],[16.490949,43.528816]]]}},{"type":"Feature","properties":{"tlocrt":127.41742367,"korisna":87.00316553},"geometry":{"type":"Polygon","coordinates":[[[16.490837,43.528796],[16.490766,43.528795],[16.490754,43.528796],[16.490741,43.528798],[16.490728,43.528803],[16.490717,43.52881],[16.490708,43.528822],[16.490703,43.528837],[16.490701,43.528906],[16.490834,43.528907],[16.490837,43.528796]]]}},{"type":"Feature","properties":{"tlocrt":610.37937393,"korisna":517.94064554},"geometry":{"type":"Polygon","coordinates":[[[16.490947,43.528907],[16.49068,43.528906],[16.490679,43.528971],[16.490679,43.529013],[16.490677,43.52916],[16.490946,43.529161],[16.490947,43.528907]]]}},{"type":"Feature","properties":{"tlocrt":35.44677683,"korisna":19.44677543},"geometry":{"type":"Polygon","coordinates":[[[16.49068,43.522965],[16.490668,43.522921],[16.490581,43.522935],[16.490594,43.522979],[16.49068,43.522965]]]}},{"type":"Feature","properties":{"tlocrt":67.56873695,"korisna":40.00000003},"geometry":{"type":"Polygon","coordinates":[[[16.490403,43.523021],[16.490383,43.522967],[16.490256,43.522988],[16.490261,43.523003],[16.490276,43.523045],[16.490403,43.523021]]]}},{"type":"Feature","properties":{"tlocrt":35.98946706,"korisna":10.00040985},"geometry":{"type":"Polygon","coordinates":[[[16.49032,43.523143],[16.490305,43.523101],[16.490217,43.523116],[16.490231,43.523159],[16.49032,43.523143]]]}},{"type":"Feature","properties":{"tlocrt":13.0080247,"korisna":4.17786472},"geometry":{"type":"Polygon","coordinates":[[[16.490801,43.523402],[16.490795,43.523383],[16.490719,43.523398],[16.490726,43.523416],[16.490801,43.523402]]]}},{"type":"Feature","properties":{"tlocrt":19.78889326,"korisna":8.77951188},"geometry":{"type":"Polygon","coordinates":[[[16.490588,43.523297],[16.490579,43.523279],[16.49048,43.523303],[16.490489,43.523324],[16.490588,43.523297]]]}},{"type":"Feature","properties":{"tlocrt":60.35262511,"korisna":35.02018714},"geometry":{"type":"Polygon","coordinates":[[[16.490617,43.523853],[16.490606,43.5238],[16.490482,43.523815],[16.490495,43.523868],[16.490617,43.523853]]]}},{"type":"Feature","properties":{"tlocrt":3.32431111},"geometry":{"type":"Polygon","coordinates":[[[16.490194,43.524392],[16.49018,43.524371],[16.490165,43.524376],[16.49018,43.524396],[16.490194,43.524392]]]}},{"type":"Feature","properties":{"tlocrt":4.51434119,"korisna":0.35121698},"geometry":{"type":"Polygon","coordinates":[[[16.490144,43.524337],[16.490127,43.524311],[16.490111,43.524317],[16.490128,43.524343],[16.490144,43.524337]]]}},{"type":"Feature","properties":{"tlocrt":11.77159845,"korisna":4.0696663},"geometry":{"type":"Polygon","coordinates":[[[16.49011,43.524354],[16.490091,43.524326],[16.490054,43.524341],[16.490073,43.524369],[16.490083,43.524365],[16.49011,43.524354]]]}},{"type":"Feature","properties":{"tlocrt":5.38614712},"geometry":{"type":"Polygon","coordinates":[[[16.49036,43.52463],[16.490316,43.524576],[16.490308,43.52458],[16.490353,43.524633],[16.49036,43.52463]]]}},{"type":"Feature","properties":{"tlocrt":24.67474672,"korisna":3.47060712},"geometry":{"type":"Polygon","coordinates":[[[16.490704,43.52473],[16.490687,43.524689],[16.490626,43.524702],[16.490643,43.524744],[16.490704,43.52473]]]}},{"type":"Feature","properties":{"tlocrt":31.1362687,"korisna":15.76022238},"geometry":{"type":"Polygon","coordinates":[[[16.49093,43.524792],[16.490806,43.524788],[16.490805,43.524807],[16.490928,43.524829],[16.49093,43.524792]]]}},{"type":"Feature","properties":{"tlocrt":14.67515861,"korisna":5.92588827},"geometry":{"type":"Polygon","coordinates":[[[16.488076,43.523934],[16.488056,43.523918],[16.488,43.523954],[16.488019,43.52397],[16.488076,43.523934]]]}},{"type":"Feature","properties":{"tlocrt":89.74726011,"korisna":62.80132619},"geometry":{"type":"Polygon","coordinates":[[[16.488395,43.52376],[16.488375,43.523679],[16.488255,43.523695],[16.488277,43.523776],[16.488395,43.52376]]]}},{"type":"Feature","properties":{"tlocrt":36.31314046,"korisna":25.76316362},"geometry":{"type":"Polygon","coordinates":[[[16.488577,43.523763],[16.488576,43.523757],[16.48857,43.523757],[16.488562,43.523715],[16.488481,43.523724],[16.488489,43.523772],[16.488577,43.523763]]]}},{"type":"Feature","properties":{"tlocrt":51.51851095,"korisna":17.54041836},"geometry":{"type":"Polygon","coordinates":[[[16.489684,43.5246],[16.489619,43.524537],[16.489562,43.524566],[16.489612,43.52463],[16.489684,43.5246]]]}},{"type":"Feature","properties":{"tlocrt":10.21593237,"korisna":0.67673429},"geometry":{"type":"Polygon","coordinates":[[[16.489441,43.524635],[16.489408,43.524591],[16.489389,43.524599],[16.489421,43.524643],[16.489441,43.524635]]]}},{"type":"Feature","properties":{"tlocrt":13.3562789,"korisna":4.00047969},"geometry":{"type":"Polygon","coordinates":[[[16.489518,43.524601],[16.489486,43.524558],[16.489459,43.52457],[16.489492,43.524611],[16.489518,43.524601]]]}},{"type":"Feature","properties":{"tlocrt":27.09556614,"korisna":18.7429682},"geometry":{"type":"Polygon","coordinates":[[[16.489223,43.524961],[16.489207,43.524936],[16.489199,43.524939],[16.489172,43.524892],[16.489139,43.524903],[16.489182,43.524974],[16.489223,43.524961]]]}},{"type":"Feature","properties":{"tlocrt":12.24844324,"korisna":3.54431699},"geometry":{"type":"Polygon","coordinates":[[[16.48934,43.524831],[16.48943,43.524803],[16.489431,43.524806],[16.489486,43.52479],[16.489481,43.524779],[16.489336,43.524824],[16.48934,43.524831]]]}},{"type":"Feature","properties":{"tlocrt":2.34220248},"geometry":{"type":"Polygon","coordinates":[[[16.48994,43.525096],[16.489938,43.525082],[16.48992,43.525084],[16.489922,43.525098],[16.48994,43.525096]]]}},{"type":"Feature","properties":{"tlocrt":27.64750606,"korisna":4.35072461},"geometry":{"type":"Polygon","coordinates":[[[16.489852,43.525059],[16.489843,43.525006],[16.489785,43.525011],[16.489795,43.525064],[16.489852,43.525059]]]}},{"type":"Feature","properties":{"tlocrt":12.68837995,"korisna":0.548445},"geometry":{"type":"Polygon","coordinates":[[[16.490276,43.525153],[16.490245,43.525152],[16.490241,43.525197],[16.490271,43.525199],[16.490276,43.525153]]]}},{"type":"Feature","properties":{"tlocrt":22.86309549,"korisna":10.81960366},"geometry":{"type":"Polygon","coordinates":[[[16.490334,43.525122],[16.49025,43.525119],[16.490245,43.525152],[16.490311,43.525155],[16.490334,43.525122]]]}},{"type":"Feature","properties":{"tlocrt":44.30236988,"korisna":28.93373079},"geometry":{"type":"Polygon","coordinates":[[[16.490115,43.525118],[16.490016,43.525109],[16.490015,43.52516],[16.490109,43.525168],[16.490115,43.525118]]]}},{"type":"Feature","properties":{"tlocrt":76.32685045,"korisna":58.09833899},"geometry":{"type":"Polygon","coordinates":[[[16.490245,43.525152],[16.49025,43.525117],[16.490115,43.525118],[16.490109,43.525168],[16.490108,43.525192],[16.490201,43.525195],[16.490204,43.525152],[16.490245,43.525152]]]}},{"type":"Feature","properties":{"tlocrt":19.77534442,"korisna":0.7115934},"geometry":{"type":"Polygon","coordinates":[[[16.491092,43.525129],[16.491031,43.525052],[16.491008,43.525063],[16.491064,43.525131],[16.491075,43.525126],[16.491082,43.525133],[16.491092,43.525129]]]}},{"type":"Feature","properties":{"tlocrt":3.68218773,"korisna":0.61405405},"geometry":{"type":"Polygon","coordinates":[[[16.491631,43.525309],[16.491584,43.525303],[16.491582,43.525313],[16.49163,43.525317],[16.491631,43.525309]]]}},{"type":"Feature","properties":{"tlocrt":6.69236825,"korisna":0.32861398},"geometry":{"type":"Polygon","coordinates":[[[16.491722,43.525309],[16.491635,43.525301],[16.491634,43.525309],[16.49172,43.525317],[16.491722,43.525309]]]}},{"type":"Feature","properties":{"tlocrt":61.95705946,"korisna":26.64062501},"geometry":{"type":"Polygon","coordinates":[[[16.49185,43.525377],[16.491717,43.525367],[16.49171,43.525419],[16.491842,43.525427],[16.49185,43.525377]]]}},{"type":"Feature","properties":{"tlocrt":26.40324622,"korisna":14.5425235},"geometry":{"type":"Polygon","coordinates":[[[16.490807,43.525122],[16.490763,43.525094],[16.490716,43.525132],[16.490759,43.525159],[16.490807,43.525122]]]}},{"type":"Feature","properties":{"tlocrt":14.94206957,"korisna":3.28125001},"geometry":{"type":"Polygon","coordinates":[[[16.490771,43.525614],[16.49077,43.52559],[16.490709,43.525594],[16.490697,43.525594],[16.490698,43.525617],[16.490771,43.525614]]]}},{"type":"Feature","properties":{"tlocrt":38.54894652,"korisna":21.66271487},"geometry":{"type":"Polygon","coordinates":[[[16.491433,43.525637],[16.491419,43.525585],[16.49134,43.525596],[16.491356,43.525649],[16.491433,43.525637]]]}},{"type":"Feature","properties":{"tlocrt":46.70284395},"geometry":{"type":"Polygon","coordinates":[[[16.491763,43.526009],[16.491754,43.525997],[16.491698,43.526017],[16.491761,43.526115],[16.491805,43.526101],[16.491746,43.526016],[16.491763,43.526009]]]}},{"type":"Feature","properties":{"tlocrt":31.04958209,"korisna":6},"geometry":{"type":"Polygon","coordinates":[[[16.491953,43.526117],[16.491918,43.526069],[16.491855,43.526094],[16.491865,43.526107],[16.491875,43.526104],[16.491899,43.526138],[16.491953,43.526117]]]}},{"type":"Feature","properties":{"tlocrt":39.11222731,"korisna":19.91637455},"geometry":{"type":"Polygon","coordinates":[[[16.492278,43.526639],[16.492245,43.526606],[16.492159,43.526653],[16.492193,43.526686],[16.492278,43.526639]]]}},{"type":"Feature","properties":{"tlocrt":13.51480794,"korisna":0.64038086},"geometry":{"type":"Polygon","coordinates":[[[16.49135,43.528985],[16.491307,43.528984],[16.491306,43.529023],[16.491341,43.529022],[16.49135,43.528985]]]}},{"type":"Feature","properties":{"tlocrt":8.77721706},"geometry":{"type":"Polygon","coordinates":[[[16.491624,43.529176],[16.491552,43.529175],[16.491552,43.529188],[16.491624,43.52919],[16.491624,43.529176]]]}},{"type":"Feature","properties":{"tlocrt":60.16257845,"korisna":36.64038082},"geometry":{"type":"Polygon","coordinates":[[[16.492816,43.529217],[16.492725,43.529214],[16.492724,43.529289],[16.492814,43.52929],[16.492816,43.529217]]]}},{"type":"Feature","properties":{"tlocrt":29.61766429,"korisna":15.5786183},"geometry":{"type":"Polygon","coordinates":[[[16.490342,43.524589],[16.490455,43.52454],[16.490443,43.524523],[16.490332,43.524573],[16.490324,43.524565],[16.490312,43.52457],[16.490362,43.524632],[16.490373,43.524627],[16.490342,43.524589]]]}},{"type":"Feature","properties":{"tlocrt":3.61581176},"geometry":{"type":"Polygon","coordinates":[[[16.506834,43.524643],[16.506826,43.524622],[16.506808,43.524626],[16.506816,43.524647],[16.506834,43.524643]]]}},{"type":"Feature","properties":{"tlocrt":24.21159336,"korisna":10.99999999},"geometry":{"type":"Polygon","coordinates":[[[16.504841,43.524941],[16.504842,43.524919],[16.504769,43.524919],[16.504767,43.524944],[16.504811,43.524963],[16.504822,43.524962],[16.50483,43.524959],[16.504839,43.524951],[16.504841,43.524941]]]}},{"type":"Feature","properties":{"tlocrt":8.58736988},"geometry":{"type":"Polygon","coordinates":[[[16.503254,43.525551],[16.503244,43.525538],[16.503189,43.525562],[16.503197,43.525575],[16.503254,43.525551]]]}},{"type":"Feature","properties":{"tlocrt":17.5164172},"geometry":{"type":"Polygon","coordinates":[[[16.499399,43.525537],[16.499361,43.525536],[16.49936,43.525588],[16.499398,43.525588],[16.499399,43.525537]]]}},{"type":"Feature","properties":{"tlocrt":20.82168363},"geometry":{"type":"Polygon","coordinates":[[[16.493969,43.527117],[16.493952,43.527114],[16.493929,43.527183],[16.494013,43.527197],[16.494019,43.527182],[16.493952,43.527171],[16.493969,43.527117]]]}},{"type":"Feature","properties":{"tlocrt":21.5491961,"korisna":13.42260618},"geometry":{"type":"Polygon","coordinates":[[[16.494042,43.5271],[16.493979,43.52709],[16.493967,43.527126],[16.494032,43.527136],[16.494042,43.5271]]]}},{"type":"Feature","properties":{"tlocrt":10.01242552},"geometry":{"type":"Polygon","coordinates":[[[16.49312,43.526687],[16.4931,43.526667],[16.493063,43.526684],[16.493079,43.526705],[16.49312,43.526687]]]}},{"type":"Feature","properties":{"tlocrt":33.80845216,"korisna":19.17245789},"geometry":{"type":"Polygon","coordinates":[[[16.492697,43.52477],[16.492688,43.524721],[16.492613,43.524728],[16.492621,43.524778],[16.492697,43.52477]]]}},{"type":"Feature","properties":{"tlocrt":48.62531298,"korisna":19.09377814},"geometry":{"type":"Polygon","coordinates":[[[16.492777,43.524859],[16.492759,43.524764],[16.492585,43.524781],[16.492586,43.524792],[16.492738,43.52478],[16.492751,43.524852],[16.492603,43.524867],[16.492603,43.524875],[16.492777,43.524859]]]}},{"type":"Feature","properties":{"tlocrt":4.04045008,"korisna":0.31984887},"geometry":{"type":"Polygon","coordinates":[[[16.501909,43.526373],[16.501891,43.526355],[16.501875,43.526363],[16.501893,43.526382],[16.501909,43.526373]]]}},{"type":"Feature","properties":{"tlocrt":18.13642781},"geometry":{"type":"Polygon","coordinates":[[[16.503783,43.525199],[16.503756,43.525159],[16.503716,43.52517],[16.503744,43.525214],[16.503783,43.525199]]]}},{"type":"Feature","properties":{"tlocrt":60.85777588},"geometry":{"type":"Polygon","coordinates":[[[16.502611,43.526557],[16.502565,43.526444],[16.502509,43.526456],[16.502556,43.526569],[16.502611,43.526557]]]}},{"type":"Feature","properties":{"tlocrt":3.80875869},"geometry":{"type":"Polygon","coordinates":[[[16.505232,43.525208],[16.505228,43.525194],[16.505198,43.525198],[16.505202,43.525211],[16.505232,43.525208]]]}},{"type":"Feature","properties":{"tlocrt":29.33773345,"korisna":13.08470799},"geometry":{"type":"Polygon","coordinates":[[[16.506854,43.523772],[16.506775,43.52376],[16.506763,43.523799],[16.506841,43.523812],[16.506854,43.523772]]]}},{"type":"Feature","properties":{"tlocrt":33.22055445,"korisna":11.99999999},"geometry":{"type":"Polygon","coordinates":[[[16.505713,43.524987],[16.505715,43.524941],[16.505628,43.524949],[16.505632,43.524991],[16.505713,43.524987]]]}},{"type":"Feature","properties":{"tlocrt":20.9785927,"korisna":5.57746546},"geometry":{"type":"Polygon","coordinates":[[[16.505867,43.526937],[16.505811,43.526929],[16.505799,43.526969],[16.505853,43.526978],[16.505867,43.526937]]]}},{"type":"Feature","properties":{"tlocrt":30.507276},"geometry":{"type":"Polygon","coordinates":[[[16.50722,43.527286],[16.507214,43.527244],[16.507133,43.527251],[16.507139,43.527292],[16.50722,43.527286]]]}},{"type":"Feature","properties":{"tlocrt":9.31181109,"korisna":2.1347442},"geometry":{"type":"Polygon","coordinates":[[[16.496855,43.529049],[16.496852,43.529035],[16.496782,43.529043],[16.496784,43.529057],[16.496855,43.529049]]]}},{"type":"Feature","properties":{"tlocrt":14.37663274},"geometry":{"type":"Polygon","coordinates":[[[16.497458,43.529083],[16.497459,43.52905],[16.497439,43.529051],[16.497436,43.52901],[16.49742,43.529009],[16.497421,43.529016],[16.497424,43.529016],[16.497427,43.529083],[16.497458,43.529083]]]}},{"type":"Feature","properties":{"tlocrt":83.39503978},"geometry":{"type":"Polygon","coordinates":[[[16.497871,43.529119],[16.497871,43.529116],[16.497917,43.529116],[16.497916,43.529014],[16.497826,43.529017],[16.497826,43.529119],[16.497871,43.529119]]]}},{"type":"Feature","properties":{"tlocrt":171.10848653,"korisna":109.99999999},"geometry":{"type":"Polygon","coordinates":[[[16.498628,43.529014],[16.498629,43.528987],[16.498688,43.528989],[16.498687,43.528939],[16.498388,43.52894],[16.49839,43.528988],[16.498447,43.528989],[16.498446,43.529013],[16.498628,43.529014]]]}},{"type":"Feature","properties":{"tlocrt":169.80554826,"korisna":129.99999998},"geometry":{"type":"Polygon","coordinates":[[[16.498631,43.529014],[16.498446,43.529013],[16.498446,43.529116],[16.498631,43.529116],[16.498631,43.529014]]]}},{"type":"Feature","properties":{"tlocrt":537.13165576},"geometry":{"type":"Polygon","coordinates":[[[16.498206,43.528381],[16.497877,43.528378],[16.497871,43.528559],[16.498205,43.528561],[16.498206,43.528381]]]}},{"type":"Feature","properties":{"tlocrt":130.02280854,"korisna":87.99999999},"geometry":{"type":"Polygon","coordinates":[[[16.497885,43.528681],[16.497759,43.528679],[16.497756,43.528795],[16.49788,43.528797],[16.497885,43.528681]]]}},{"type":"Feature","properties":{"tlocrt":5.13813189},"geometry":{"type":"Polygon","coordinates":[[[16.497089,43.528417],[16.497069,43.528417],[16.497069,43.528446],[16.497089,43.528446],[16.497089,43.528417]]]}},{"type":"Feature","properties":{"tlocrt":9.31503889,"korisna":3.38647741},"geometry":{"type":"Polygon","coordinates":[[[16.494217,43.526742],[16.494212,43.526727],[16.494146,43.526736],[16.49415,43.526751],[16.494217,43.526742]]]}},{"type":"Feature","properties":{"tlocrt":12.64621511,"korisna":4.55279681},"geometry":{"type":"Polygon","coordinates":[[[16.494163,43.527736],[16.494121,43.527735],[16.494117,43.527761],[16.494122,43.527762],[16.494121,43.527773],[16.49416,43.527765],[16.494163,43.527736]]]}},{"type":"Feature","properties":{"tlocrt":9.55676234,"korisna":3.12121129},"geometry":{"type":"Polygon","coordinates":[[[16.494121,43.527735],[16.494081,43.527732],[16.494078,43.527759],[16.494117,43.527761],[16.494121,43.527735]]]}},{"type":"Feature","properties":{"tlocrt":19.8886167,"korisna":8.58467594},"geometry":{"type":"Polygon","coordinates":[[[16.494089,43.527635],[16.494017,43.52763],[16.494014,43.527659],[16.494089,43.527665],[16.494089,43.527635]]]}},{"type":"Feature","properties":{"tlocrt":100.92388502,"korisna":75.08364451},"geometry":{"type":"Polygon","coordinates":[[[16.494078,43.527759],[16.494089,43.527665],[16.49398,43.527657],[16.493977,43.527689],[16.493964,43.527688],[16.493955,43.527751],[16.494078,43.527759]]]}},{"type":"Feature","properties":{"tlocrt":124.03340321,"korisna":91.12482317},"geometry":{"type":"Polygon","coordinates":[[[16.494148,43.527576],[16.494171,43.527555],[16.49421,43.527576],[16.494252,43.527537],[16.494141,43.527478],[16.4941,43.527519],[16.494111,43.527525],[16.494098,43.527539],[16.494086,43.527532],[16.494047,43.527571],[16.4941,43.527599],[16.494098,43.527601],[16.494148,43.527627],[16.494181,43.527594],[16.494148,43.527576]]]}},{"type":"Feature","properties":{"tlocrt":36.52685174,"korisna":13.41053188},"geometry":{"type":"Polygon","coordinates":[[[16.494571,43.526873],[16.494555,43.526871],[16.494529,43.526989],[16.4946,43.526997],[16.494607,43.526996],[16.494616,43.526992],[16.494619,43.52699],[16.494623,43.526983],[16.494623,43.526979],[16.494621,43.526974],[16.494617,43.526969],[16.494608,43.526966],[16.494551,43.526961],[16.494571,43.526873]]]}},{"type":"Feature","properties":{"tlocrt":5.41503831},"geometry":{"type":"Polygon","coordinates":[[[16.494774,43.527074],[16.494757,43.527071],[16.494745,43.527104],[16.494763,43.527107],[16.494774,43.527074]]]}},{"type":"Feature","properties":{"tlocrt":14.50455608,"korisna":3.40756826},"geometry":{"type":"Polygon","coordinates":[[[16.495409,43.527318],[16.495405,43.527273],[16.49537,43.527274],[16.495373,43.527307],[16.495374,43.52732],[16.495409,43.527318]]]}},{"type":"Feature","properties":{"tlocrt":26.50422549,"korisna":14.39820898},"geometry":{"type":"Polygon","coordinates":[[[16.495375,43.527332],[16.495373,43.527307],[16.495256,43.527314],[16.495259,43.527338],[16.495375,43.527332]]]}},{"type":"Feature","properties":{"tlocrt":5.66659712},"geometry":{"type":"Polygon","coordinates":[[[16.495145,43.527275],[16.495126,43.527274],[16.495126,43.527305],[16.495149,43.527305],[16.495145,43.527275]]]}},{"type":"Feature","properties":{"tlocrt":10.001449,"korisna":3.06084176},"geometry":{"type":"Polygon","coordinates":[[[16.495124,43.527212],[16.495063,43.527211],[16.495062,43.527229],[16.495123,43.52723],[16.495124,43.527212]]]}},{"type":"Feature","properties":{"tlocrt":80.84270337,"korisna":50.00000001},"geometry":{"type":"Polygon","coordinates":[[[16.495339,43.527055],[16.495226,43.527045],[16.495214,43.527125],[16.495323,43.527134],[16.495339,43.527055]]]}},{"type":"Feature","properties":{"tlocrt":3.52755421},"geometry":{"type":"Polygon","coordinates":[[[16.495336,43.526888],[16.495322,43.526887],[16.495318,43.526913],[16.495334,43.526914],[16.495336,43.526888]]]}},{"type":"Feature","properties":{"tlocrt":28.71295468,"korisna":7.3662352},"geometry":{"type":"Polygon","coordinates":[[[16.495376,43.526803],[16.495225,43.52679],[16.495222,43.526804],[16.49535,43.526815],[16.495346,43.52685],[16.495375,43.526852],[16.495376,43.526803]]]}},{"type":"Feature","properties":{"tlocrt":7.52247527,"korisna":2.20040851},"geometry":{"type":"Polygon","coordinates":[[[16.495211,43.526783],[16.495171,43.526779],[16.495167,43.5268],[16.495207,43.526803],[16.495211,43.526783]]]}},{"type":"Feature","properties":{"tlocrt":337.91020445,"korisna":274.70745848},"geometry":{"type":"Polygon","coordinates":[[[16.49476,43.526562],[16.494605,43.526538],[16.494531,43.526768],[16.494687,43.526793],[16.49476,43.526562]]]}},{"type":"Feature","properties":{"tlocrt":18.09528808,"korisna":9.28452743},"geometry":{"type":"Polygon","coordinates":[[[16.49309,43.526733],[16.493055,43.526706],[16.493016,43.526736],[16.493051,43.526761],[16.49309,43.526733]]]}},{"type":"Feature","properties":{"tlocrt":32.70581552,"korisna":18.63982965},"geometry":{"type":"Polygon","coordinates":[[[16.492961,43.526604],[16.492926,43.526569],[16.492856,43.526602],[16.49289,43.526637],[16.492961,43.526604]]]}},{"type":"Feature","properties":{"tlocrt":5.1828627},"geometry":{"type":"Polygon","coordinates":[[[16.493887,43.525935],[16.49387,43.525931],[16.493854,43.525962],[16.493871,43.525966],[16.493887,43.525935]]]}},{"type":"Feature","properties":{"tlocrt":10.04947093,"korisna":1.63652486},"geometry":{"type":"Polygon","coordinates":[[[16.492668,43.527083],[16.492647,43.527059],[16.492608,43.52707],[16.492618,43.527086],[16.492632,43.527082],[16.492638,43.527092],[16.492668,43.527083]]]}},{"type":"Feature","properties":{"tlocrt":7.33934443,"korisna":1.34138917},"geometry":{"type":"Polygon","coordinates":[[[16.492618,43.527024],[16.492596,43.526995],[16.492566,43.527007],[16.492571,43.527013],[16.492569,43.527014],[16.492576,43.527023],[16.492596,43.527015],[16.492607,43.527029],[16.492618,43.527024]]]}},{"type":"Feature","properties":{"tlocrt":5.74286432,"korisna":0.5995433},"geometry":{"type":"Polygon","coordinates":[[[16.492426,43.526105],[16.492417,43.52608],[16.492394,43.526085],[16.492404,43.526112],[16.492426,43.526105]]]}},{"type":"Feature","properties":{"tlocrt":5.38721559},"geometry":{"type":"Polygon","coordinates":[[[16.492102,43.525667],[16.492098,43.525651],[16.492061,43.525656],[16.492065,43.525672],[16.492102,43.525667]]]}},{"type":"Feature","properties":{"tlocrt":36.74195556,"korisna":20.51593918},"geometry":{"type":"Polygon","coordinates":[[[16.492435,43.525408],[16.492434,43.525343],[16.492371,43.525344],[16.492374,43.525409],[16.492435,43.525408]]]}},{"type":"Feature","properties":{"tlocrt":56.62883301,"korisna":36.47806193},"geometry":{"type":"Polygon","coordinates":[[[16.492437,43.525475],[16.492435,43.525408],[16.49234,43.52541],[16.492341,43.525476],[16.492437,43.525475]]]}},{"type":"Feature","properties":{"tlocrt":84.5057944,"korisna":48.99999998},"geometry":{"type":"Polygon","coordinates":[[[16.49198,43.525266],[16.491866,43.525265],[16.491864,43.525348],[16.491977,43.525349],[16.49198,43.525266]]]}},{"type":"Feature","properties":{"tlocrt":18.12910859,"korisna":2.99999999},"geometry":{"type":"Polygon","coordinates":[[[16.49535,43.525977],[16.495279,43.525971],[16.495275,43.525999],[16.495351,43.526004],[16.495353,43.525989],[16.495348,43.525989],[16.49535,43.525977]]]}},{"type":"Feature","properties":{"tlocrt":93.18795853,"korisna":39.28056958},"geometry":{"type":"Polygon","coordinates":[[[16.495273,43.5259],[16.495138,43.525887],[16.495124,43.525962],[16.49526,43.525975],[16.495273,43.5259]]]}},{"type":"Feature","properties":{"tlocrt":23.17256429,"korisna":10.5873109},"geometry":{"type":"Polygon","coordinates":[[[16.495124,43.525436],[16.494994,43.525427],[16.49499,43.525445],[16.49512,43.525457],[16.495124,43.525436]]]}},{"type":"Feature","properties":{"tlocrt":6.56029466,"korisna":0.20669545},"geometry":{"type":"Polygon","coordinates":[[[16.495002,43.525302],[16.494984,43.5253],[16.494976,43.525341],[16.494993,43.525343],[16.495002,43.525302]]]}},{"type":"Feature","properties":{"tlocrt":274.81067402,"korisna":220.67798963},"geometry":{"type":"Polygon","coordinates":[[[16.495159,43.525405],[16.495175,43.525326],[16.495187,43.525327],[16.4952,43.52526],[16.495173,43.525256],[16.495182,43.525222],[16.495112,43.525212],[16.495105,43.525235],[16.495019,43.525223],[16.494984,43.525383],[16.495082,43.525396],[16.495083,43.525394],[16.495145,43.525402],[16.495145,43.525403],[16.495159,43.525405]]]}},{"type":"Feature","properties":{"tlocrt":49.20847982,"korisna":25.99999999},"geometry":{"type":"Polygon","coordinates":[[[16.494554,43.525037],[16.494553,43.52502],[16.49457,43.52502],[16.494564,43.524944],[16.494502,43.524946],[16.494508,43.525022],[16.494504,43.525023],[16.494508,43.525038],[16.494554,43.525037]]]}},{"type":"Feature","properties":{"tlocrt":6.99465776},"geometry":{"type":"Polygon","coordinates":[[[16.49469,43.525129],[16.494679,43.525098],[16.494657,43.525101],[16.494665,43.525133],[16.49469,43.525129]]]}},{"type":"Feature","properties":{"tlocrt":19.53428767},"geometry":{"type":"Polygon","coordinates":[[[16.494764,43.5251],[16.494761,43.525088],[16.494749,43.525089],[16.494749,43.525091],[16.494679,43.525098],[16.49469,43.525129],[16.494757,43.525116],[16.494752,43.525101],[16.494764,43.5251]]]}},{"type":"Feature","properties":{"tlocrt":5.9218983,"korisna":2.23859362},"geometry":{"type":"Polygon","coordinates":[[[16.493332,43.524673],[16.493318,43.524672],[16.493321,43.524715],[16.493337,43.524715],[16.493332,43.524673]]]}},{"type":"Feature","properties":{"tlocrt":51.8527543,"korisna":26.19284204},"geometry":{"type":"Polygon","coordinates":[[[16.493587,43.524747],[16.493581,43.524653],[16.493519,43.524656],[16.493527,43.524749],[16.493587,43.524747]]]}},{"type":"Feature","properties":{"tlocrt":24.92244243},"geometry":{"type":"Polygon","coordinates":[[[16.493527,43.524749],[16.493524,43.524714],[16.493439,43.524718],[16.493439,43.524736],[16.493436,43.524736],[16.493436,43.52474],[16.493463,43.52475],[16.493527,43.524749]]]}},{"type":"Feature","properties":{"tlocrt":29.17013744,"korisna":11.39550782},"geometry":{"type":"Polygon","coordinates":[[[16.493196,43.524837],[16.493107,43.524837],[16.493109,43.524874],[16.493197,43.524874],[16.493196,43.524837]]]}},{"type":"Feature","properties":{"tlocrt":19.24013984,"korisna":7.56999089},"geometry":{"type":"Polygon","coordinates":[[[16.49251,43.524615],[16.492506,43.524598],[16.492382,43.524614],[16.492386,43.524631],[16.49251,43.524615]]]}},{"type":"Feature","properties":{"tlocrt":1.79353268,"korisna":0.29810326},"geometry":{"type":"Polygon","coordinates":[[[16.492459,43.523866],[16.492454,43.523856],[16.492452,43.523856],[16.492453,43.523857],[16.492436,43.523861],[16.492439,43.52387],[16.492459,43.523866]]]}},{"type":"Feature","properties":{"tlocrt":52.99087372,"korisna":34.38492043},"geometry":{"type":"Polygon","coordinates":[[[16.491776,43.523273],[16.491735,43.523212],[16.491658,43.523239],[16.491694,43.5233],[16.491776,43.523273]]]}},{"type":"Feature","properties":{"tlocrt":35.52916718},"geometry":{"type":"Polygon","coordinates":[[[16.495266,43.523771],[16.495293,43.523728],[16.495171,43.523748],[16.495179,43.523784],[16.495266,43.523771]]]}},{"type":"Feature","properties":{"tlocrt":30.51603999},"geometry":{"type":"Polygon","coordinates":[[[16.495181,43.523663],[16.495156,43.523565],[16.49513,43.523569],[16.495124,43.523574],[16.495146,43.523667],[16.495181,43.523663]]]}},{"type":"Feature","properties":{"tlocrt":32.17819402,"korisna":16.39403761},"geometry":{"type":"Polygon","coordinates":[[[16.494051,43.523415],[16.494041,43.523369],[16.493966,43.523379],[16.493978,43.523426],[16.494051,43.523415]]]}},{"type":"Feature","properties":{"tlocrt":16.72607776,"korisna":3},"geometry":{"type":"Polygon","coordinates":[[[16.494093,43.523407],[16.494083,43.523364],[16.494041,43.523369],[16.49405,43.523411],[16.494093,43.523407]]]}},{"type":"Feature","properties":{"tlocrt":32.26779492,"korisna":4.09298806},"geometry":{"type":"Polygon","coordinates":[[[16.496208,43.524502],[16.496204,43.524493],[16.496045,43.524547],[16.496074,43.524593],[16.496121,43.524577],[16.496095,43.524539],[16.496208,43.524502]]]}},{"type":"Feature","properties":{"tlocrt":96.60935744,"korisna":28},"geometry":{"type":"Polygon","coordinates":[[[16.498089,43.526265],[16.498046,43.526264],[16.498041,43.526449],[16.498109,43.52645],[16.498112,43.526337],[16.498088,43.526336],[16.498089,43.526265]]]}},{"type":"Feature","properties":{"tlocrt":35.03381814,"korisna":16.71221235},"geometry":{"type":"Polygon","coordinates":[[[16.498112,43.526337],[16.498112,43.526333],[16.498144,43.526334],[16.498145,43.526265],[16.498089,43.526265],[16.498088,43.526336],[16.498112,43.526337]]]}},{"type":"Feature","properties":{"tlocrt":208.4572197,"korisna":174.09645456},"geometry":{"type":"Polygon","coordinates":[[[16.496938,43.524402],[16.496868,43.524307],[16.496678,43.524381],[16.496746,43.524476],[16.496938,43.524402]]]}},{"type":"Feature","properties":{"tlocrt":44.27973964,"korisna":23.8191967},"geometry":{"type":"Polygon","coordinates":[[[16.498778,43.523318],[16.498764,43.52325],[16.498692,43.523258],[16.498708,43.523326],[16.498778,43.523318]]]}},{"type":"Feature","properties":{"tlocrt":35.33456305},"geometry":{"type":"Polygon","coordinates":[[[16.499513,43.525538],[16.499399,43.525537],[16.499398,43.525571],[16.499513,43.525573],[16.499513,43.525538]]]}},{"type":"Feature","properties":{"tlocrt":14.23310925,"korisna":7.42604414},"geometry":{"type":"Polygon","coordinates":[[[16.499329,43.525323],[16.499301,43.525322],[16.4993,43.525379],[16.499328,43.525379],[16.499329,43.525323]]]}},{"type":"Feature","properties":{"tlocrt":15.0851589,"korisna":5.00000001},"geometry":{"type":"Polygon","coordinates":[[[16.498631,43.525388],[16.498553,43.525387],[16.498552,43.525409],[16.498631,43.525409],[16.498631,43.525388]]]}},{"type":"Feature","properties":{"tlocrt":14.69386963,"korisna":5.00000001},"geometry":{"type":"Polygon","coordinates":[[[16.49848,43.525386],[16.498404,43.525386],[16.498404,43.525407],[16.49848,43.525408],[16.49848,43.525386]]]}},{"type":"Feature","properties":{"tlocrt":19.11608144,"korisna":10.09834705},"geometry":{"type":"Polygon","coordinates":[[[16.49982,43.525848],[16.499717,43.525847],[16.499716,43.525868],[16.499819,43.525868],[16.49982,43.525848]]]}},{"type":"Feature","properties":{"tlocrt":203.438495,"korisna":55.00000003},"geometry":{"type":"Polygon","coordinates":[[[16.498986,43.526517],[16.498737,43.526513],[16.498735,43.526603],[16.498987,43.526606],[16.498991,43.526522],[16.498985,43.526522],[16.498986,43.526517]]]}},{"type":"Feature","properties":{"tlocrt":5.89373763,"korisna":2.35682776},"geometry":{"type":"Polygon","coordinates":[[[16.499766,43.526601],[16.499742,43.5266],[16.499741,43.526617],[16.499795,43.526617],[16.499795,43.526609],[16.499766,43.526608],[16.499766,43.526601]]]}},{"type":"Feature","properties":{"tlocrt":28.82080038,"korisna":10.16916954},"geometry":{"type":"Polygon","coordinates":[[[16.500859,43.526939],[16.500859,43.5269],[16.500768,43.526916],[16.500777,43.52695],[16.500859,43.526939]]]}},{"type":"Feature","properties":{"tlocrt":7.32312488,"korisna":0.13060102},"geometry":{"type":"Polygon","coordinates":[[[16.501114,43.527047],[16.501098,43.527017],[16.501075,43.527024],[16.501089,43.527053],[16.501114,43.527047]]]}},{"type":"Feature","properties":{"tlocrt":10.9167575},"geometry":{"type":"Polygon","coordinates":[[[16.501253,43.527228],[16.50125,43.527209],[16.501189,43.527214],[16.501192,43.527234],[16.501253,43.527228]]]}},{"type":"Feature","properties":{"tlocrt":22.54281186,"korisna":11.39526368},"geometry":{"type":"Polygon","coordinates":[[[16.501479,43.526037],[16.501441,43.526024],[16.501405,43.526077],[16.501443,43.526091],[16.501479,43.526037]]]}},{"type":"Feature","properties":{"tlocrt":106.45175702,"korisna":80.72113224},"geometry":{"type":"Polygon","coordinates":[[[16.500915,43.52642],[16.500904,43.52641],[16.500785,43.526469],[16.500856,43.526544],[16.500964,43.526489],[16.500901,43.526427],[16.500915,43.52642]]]}},{"type":"Feature","properties":{"tlocrt":30.16089146,"korisna":6.89487701},"geometry":{"type":"Polygon","coordinates":[[[16.501794,43.526709],[16.501759,43.526654],[16.501709,43.526668],[16.501744,43.526725],[16.501794,43.526709]]]}},{"type":"Feature","properties":{"tlocrt":134.59941816,"korisna":75.10448766},"geometry":{"type":"Polygon","coordinates":[[[16.501971,43.526714],[16.502021,43.526694],[16.502007,43.526676],[16.502038,43.526665],[16.502052,43.526683],[16.502102,43.526664],[16.502034,43.526574],[16.501994,43.52659],[16.502002,43.526601],[16.501967,43.526615],[16.501953,43.526596],[16.501899,43.526617],[16.501934,43.526665],[16.501918,43.526671],[16.501942,43.526702],[16.501957,43.526696],[16.501971,43.526714]]]}},{"type":"Feature","properties":{"tlocrt":45.40520461,"korisna":37.3051244},"geometry":{"type":"Polygon","coordinates":[[[16.501846,43.526404],[16.501793,43.526348],[16.501732,43.526379],[16.501785,43.526435],[16.501846,43.526404]]]}},{"type":"Feature","properties":{"tlocrt":34.48823672,"korisna":25.20780857},"geometry":{"type":"Polygon","coordinates":[[[16.501893,43.526382],[16.501839,43.526325],[16.501793,43.526348],[16.501846,43.526405],[16.501893,43.526382]]]}},{"type":"Feature","properties":{"tlocrt":47.44455644,"korisna":36.9034306},"geometry":{"type":"Polygon","coordinates":[[[16.503329,43.526256],[16.503332,43.526233],[16.503325,43.526222],[16.503255,43.526242],[16.503252,43.526236],[16.50318,43.526259],[16.503201,43.526293],[16.503329,43.526256]]]}},{"type":"Feature","properties":{"tlocrt":4.96664587,"korisna":3.75757301},"geometry":{"type":"Polygon","coordinates":[[[16.503259,43.526311],[16.503253,43.526298],[16.503213,43.52631],[16.50322,43.526322],[16.503259,43.526311]]]}},{"type":"Feature","properties":{"tlocrt":17.33558995},"geometry":{"type":"Polygon","coordinates":[[[16.503158,43.526082],[16.503069,43.526053],[16.503083,43.526099],[16.503157,43.526084],[16.503158,43.526082]]]}},{"type":"Feature","properties":{"tlocrt":11.79465849,"korisna":4.46313983},"geometry":{"type":"Polygon","coordinates":[[[16.502927,43.526291],[16.502912,43.52625],[16.502882,43.526256],[16.502899,43.526297],[16.502927,43.526291]]]}},{"type":"Feature","properties":{"tlocrt":133.80052594,"korisna":81.31399805},"geometry":{"type":"Polygon","coordinates":[[[16.503019,43.526306],[16.502964,43.526177],[16.502917,43.526187],[16.502915,43.526184],[16.502856,43.526197],[16.502853,43.526189],[16.502825,43.526194],[16.502838,43.526226],[16.502866,43.52622],[16.502882,43.526256],[16.502912,43.52625],[16.502927,43.526291],[16.502899,43.526297],[16.502913,43.52633],[16.503019,43.526306]]]}},{"type":"Feature","properties":{"tlocrt":3.95626394},"geometry":{"type":"Polygon","coordinates":[[[16.502749,43.52633],[16.502745,43.526321],[16.502701,43.526331],[16.502705,43.526339],[16.502749,43.52633]]]}},{"type":"Feature","properties":{"tlocrt":24.66604503,"korisna":12.34362787},"geometry":{"type":"Polygon","coordinates":[[[16.503206,43.526611],[16.503077,43.526608],[16.503077,43.526631],[16.503205,43.526631],[16.503206,43.526611]]]}},{"type":"Feature","properties":{"tlocrt":11.17401318},"geometry":{"type":"Polygon","coordinates":[[[16.50301,43.526953],[16.50301,43.526927],[16.502988,43.526942],[16.502991,43.52696],[16.50303,43.52699],[16.503044,43.526979],[16.50301,43.526953]]]}},{"type":"Feature","properties":{"tlocrt":28.46987075},"geometry":{"type":"Polygon","coordinates":[[[16.503207,43.527024],[16.503207,43.527],[16.503073,43.527001],[16.503073,43.527024],[16.503207,43.527024]]]}},{"type":"Feature","properties":{"tlocrt":9.77084044,"korisna":0.71978572},"geometry":{"type":"Polygon","coordinates":[[[16.50094,43.528667],[16.500938,43.528656],[16.500844,43.528664],[16.500845,43.528675],[16.50094,43.528667]]]}},{"type":"Feature","properties":{"tlocrt":48.78618337,"korisna":25.18935956},"geometry":{"type":"Polygon","coordinates":[[[16.501012,43.528677],[16.501009,43.528661],[16.500731,43.528685],[16.500664,43.528699],[16.500666,43.528707],[16.501012,43.528677]]]}},{"type":"Feature","properties":{"tlocrt":449.46428287,"korisna":407.35314656},"geometry":{"type":"Polygon","coordinates":[[[16.5011,43.528777],[16.501083,43.528671],[16.500666,43.528707],[16.500666,43.528709],[16.500654,43.52871],[16.500669,43.528808],[16.500679,43.528809],[16.500682,43.528825],[16.50108,43.528787],[16.501079,43.528779],[16.5011,43.528777]]]}},{"type":"Feature","properties":{"tlocrt":133.80488952,"korisna":88.7404219},"geometry":{"type":"Polygon","coordinates":[[[16.501943,43.527577],[16.501942,43.527546],[16.501446,43.527557],[16.501448,43.527588],[16.501943,43.527577]]]}},{"type":"Feature","properties":{"tlocrt":142.24798575,"korisna":134.1926116},"geometry":{"type":"Polygon","coordinates":[[[16.501942,43.527609],[16.501941,43.527577],[16.501448,43.527588],[16.501449,43.52762],[16.501942,43.527609]]]}},{"type":"Feature","properties":{"tlocrt":134.81896491,"korisna":127.23373588},"geometry":{"type":"Polygon","coordinates":[[[16.501949,43.527639],[16.501948,43.527609],[16.501447,43.52762],[16.501449,43.527649],[16.501949,43.527639]]]}},{"type":"Feature","properties":{"tlocrt":17.86791452,"korisna":9.58157062},"geometry":{"type":"Polygon","coordinates":[[[16.501952,43.527751],[16.501949,43.527702],[16.501909,43.527703],[16.501911,43.527751],[16.501952,43.527751]]]}},{"type":"Feature","properties":{"tlocrt":9.70197315,"korisna":3.37540437},"geometry":{"type":"Polygon","coordinates":[[[16.501955,43.527828],[16.501955,43.527809],[16.501882,43.527809],[16.501881,43.52782],[16.501955,43.527828]]]}},{"type":"Feature","properties":{"tlocrt":27.85533589,"korisna":15.97822289},"geometry":{"type":"Polygon","coordinates":[[[16.501522,43.527774],[16.501521,43.527745],[16.501492,43.527746],[16.50149,43.52771],[16.50145,43.527711],[16.501451,43.527765],[16.501522,43.527774]]]}},{"type":"Feature","properties":{"tlocrt":26.64082748},"geometry":{"type":"Polygon","coordinates":[[[16.503982,43.52674],[16.503957,43.5267],[16.503926,43.526711],[16.503902,43.526676],[16.503888,43.526681],[16.503929,43.526754],[16.503982,43.52674]]]}},{"type":"Feature","properties":{"tlocrt":17.46556801},"geometry":{"type":"Polygon","coordinates":[[[16.503652,43.526762],[16.503647,43.526744],[16.503644,43.526745],[16.503635,43.526725],[16.503597,43.526732],[16.503614,43.526779],[16.503652,43.526771],[16.503647,43.526763],[16.503652,43.526762]]]}},{"type":"Feature","properties":{"tlocrt":3.65515065,"korisna":0.01405131},"geometry":{"type":"Polygon","coordinates":[[[16.503778,43.526783],[16.503772,43.526771],[16.503741,43.52678],[16.503747,43.526791],[16.503778,43.526783]]]}},{"type":"Feature","properties":{"tlocrt":27.56599758,"korisna":12.63817746},"geometry":{"type":"Polygon","coordinates":[[[16.504029,43.526529],[16.504015,43.526492],[16.503938,43.526507],[16.503951,43.526543],[16.504029,43.526529]]]}},{"type":"Feature","properties":{"tlocrt":35.68709042,"korisna":21.57954244},"geometry":{"type":"Polygon","coordinates":[[[16.503872,43.526459],[16.503847,43.526415],[16.503771,43.526439],[16.503797,43.526483],[16.503872,43.526459]]]}},{"type":"Feature","properties":{"tlocrt":9.57828105,"korisna":2.60560365},"geometry":{"type":"Polygon","coordinates":[[[16.503506,43.526532],[16.5035,43.526505],[16.503462,43.526509],[16.503467,43.526536],[16.503506,43.526532]]]}},{"type":"Feature","properties":{"tlocrt":41.03237056,"korisna":1},"geometry":{"type":"Polygon","coordinates":[[[16.50366,43.52651],[16.503649,43.526462],[16.503633,43.526463],[16.503636,43.526477],[16.503528,43.52649],[16.503532,43.526511],[16.503546,43.52651],[16.50355,43.526524],[16.50366,43.52651]]]}},{"type":"Feature","properties":{"tlocrt":11.13020761,"korisna":4.92662639},"geometry":{"type":"Polygon","coordinates":[[[16.503229,43.525959],[16.50322,43.525934],[16.503175,43.525942],[16.503184,43.525968],[16.503229,43.525959]]]}},{"type":"Feature","properties":{"tlocrt":10.69385684,"korisna":3.48236683},"geometry":{"type":"Polygon","coordinates":[[[16.503093,43.525985],[16.503084,43.52596],[16.50304,43.525968],[16.50305,43.525993],[16.503093,43.525985]]]}},{"type":"Feature","properties":{"tlocrt":7.80537618},"geometry":{"type":"Polygon","coordinates":[[[16.503193,43.526071],[16.50325,43.526018],[16.503228,43.526022],[16.503233,43.526033],[16.503185,43.526043],[16.503193,43.526071]]]}},{"type":"Feature","properties":{"tlocrt":7.82834129},"geometry":{"type":"Polygon","coordinates":[[[16.503156,43.526077],[16.503145,43.52605],[16.503098,43.52606],[16.503092,43.526048],[16.503069,43.526053],[16.503156,43.526077]]]}},{"type":"Feature","properties":{"tlocrt":13.2944703,"korisna":5.63157443},"geometry":{"type":"Polygon","coordinates":[[[16.503374,43.52581],[16.503359,43.525781],[16.503312,43.525795],[16.503325,43.525821],[16.503374,43.52581]]]}},{"type":"Feature","properties":{"tlocrt":7.29120076,"korisna":1.28566715},"geometry":{"type":"Polygon","coordinates":[[[16.503423,43.525805],[16.50342,43.525798],[16.503325,43.525821],[16.50333,43.525829],[16.503423,43.525805]]]}},{"type":"Feature","properties":{"tlocrt":10.75147524},"geometry":{"type":"Polygon","coordinates":[[[16.503438,43.525924],[16.503428,43.525904],[16.503376,43.525918],[16.503386,43.525939],[16.503438,43.525924]]]}},{"type":"Feature","properties":{"tlocrt":24.59973069,"korisna":8.55043047},"geometry":{"type":"Polygon","coordinates":[[[16.50264,43.52565],[16.50273,43.525636],[16.502731,43.52564],[16.502737,43.525639],[16.50273,43.525615],[16.502607,43.525633],[16.502614,43.525656],[16.502641,43.525652],[16.50264,43.52565]]]}},{"type":"Feature","properties":{"tlocrt":5.25749007,"korisna":0.21213129},"geometry":{"type":"Polygon","coordinates":[[[16.502647,43.525673],[16.502641,43.525652],[16.502614,43.525656],[16.50262,43.525677],[16.502647,43.525673]]]}},{"type":"Feature","properties":{"tlocrt":7.06113203},"geometry":{"type":"Polygon","coordinates":[[[16.502778,43.525728],[16.502768,43.525694],[16.502746,43.525697],[16.502749,43.525709],[16.502751,43.525709],[16.502754,43.52572],[16.502752,43.52572],[16.502755,43.525731],[16.502778,43.525728]]]}},{"type":"Feature","properties":{"tlocrt":85.93996434,"korisna":56.39525903},"geometry":{"type":"Polygon","coordinates":[[[16.502202,43.525852],[16.502176,43.525767],[16.502068,43.525785],[16.502094,43.525869],[16.502202,43.525852]]]}},{"type":"Feature","properties":{"tlocrt":27.92796565,"korisna":8.16822287},"geometry":{"type":"Polygon","coordinates":[[[16.501639,43.525505],[16.501667,43.52547],[16.501631,43.525455],[16.50162,43.525468],[16.50158,43.525452],[16.501558,43.525479],[16.501592,43.525492],[16.501595,43.525487],[16.501639,43.525505]]]}},{"type":"Feature","properties":{"tlocrt":4.75677734},"geometry":{"type":"Polygon","coordinates":[[[16.501554,43.52555],[16.50154,43.525544],[16.501517,43.525572],[16.501532,43.525578],[16.501554,43.52555]]]}},{"type":"Feature","properties":{"tlocrt":20.09921244},"geometry":{"type":"Polygon","coordinates":[[[16.501633,43.52563],[16.501672,43.525575],[16.501645,43.525564],[16.501612,43.52561],[16.50159,43.525601],[16.501582,43.525611],[16.501633,43.52563]]]}},{"type":"Feature","properties":{"tlocrt":27.8646832,"korisna":13.57640756},"geometry":{"type":"Polygon","coordinates":[[[16.501645,43.525508],[16.501595,43.525487],[16.501559,43.525534],[16.50161,43.525555],[16.501645,43.525508]]]}},{"type":"Feature","properties":{"tlocrt":38.77994766},"geometry":{"type":"Polygon","coordinates":[[[16.501784,43.525329],[16.501787,43.525292],[16.501797,43.525293],[16.501804,43.525231],[16.501818,43.525231],[16.501818,43.525224],[16.501761,43.525221],[16.501752,43.525327],[16.501784,43.525329]]]}},{"type":"Feature","properties":{"tlocrt":143.46641304,"korisna":98.97436525},"geometry":{"type":"Polygon","coordinates":[[[16.501914,43.52536],[16.501919,43.525301],[16.501926,43.525301],[16.501931,43.525245],[16.501901,43.525244],[16.501902,43.525235],[16.501804,43.525231],[16.501797,43.525293],[16.501787,43.525292],[16.501782,43.525354],[16.501914,43.52536]]]}},{"type":"Feature","properties":{"tlocrt":18.41309301},"geometry":{"type":"Polygon","coordinates":[[[16.501609,43.525085],[16.501566,43.525081],[16.501555,43.525126],[16.5016,43.525131],[16.501609,43.525085]]]}},{"type":"Feature","properties":{"tlocrt":24.91775736},"geometry":{"type":"Polygon","coordinates":[[[16.501532,43.525069],[16.501475,43.525063],[16.501467,43.525111],[16.501523,43.525118],[16.501532,43.525069]]]}},{"type":"Feature","properties":{"tlocrt":25.93630357,"korisna":10.17498862},"geometry":{"type":"Polygon","coordinates":[[[16.501505,43.52476],[16.501458,43.524755],[16.501444,43.524762],[16.501441,43.524785],[16.501454,43.524787],[16.501454,43.52479],[16.501527,43.524798],[16.501534,43.524769],[16.501504,43.524765],[16.501505,43.52476]]]}},{"type":"Feature","properties":{"tlocrt":11.04384067,"korisna":1.07636737},"geometry":{"type":"Polygon","coordinates":[[[16.501926,43.524855],[16.501895,43.52485],[16.501886,43.524889],[16.501916,43.524893],[16.501926,43.524855]]]}},{"type":"Feature","properties":{"tlocrt":130.31820658,"korisna":102.18108702},"geometry":{"type":"Polygon","coordinates":[[[16.502671,43.524643],[16.502622,43.524544],[16.502478,43.524582],[16.502509,43.52464],[16.502544,43.524632],[16.502564,43.524672],[16.502671,43.524643]]]}},{"type":"Feature","properties":{"tlocrt":134.75555231,"korisna":97.64038082},"geometry":{"type":"Polygon","coordinates":[[[16.502458,43.524495],[16.502474,43.524492],[16.502474,43.524494],[16.50257,43.524478],[16.502569,43.524475],[16.502583,43.524472],[16.502575,43.524445],[16.502584,43.524444],[16.502561,43.524372],[16.502557,43.524373],[16.502553,43.524361],[16.502438,43.524381],[16.502452,43.524424],[16.502436,43.524427],[16.502458,43.524495]]]}},{"type":"Feature","properties":{"tlocrt":109.10186602,"korisna":49.00000001},"geometry":{"type":"Polygon","coordinates":[[[16.503901,43.524075],[16.503888,43.523958],[16.503785,43.523962],[16.503795,43.524077],[16.503901,43.524075]]]}},{"type":"Feature","properties":{"tlocrt":122.49466363,"korisna":81.17857849},"geometry":{"type":"Polygon","coordinates":[[[16.503795,43.524077],[16.503784,43.52396],[16.503674,43.523965],[16.503679,43.524025],[16.503665,43.524026],[16.503669,43.524071],[16.503682,43.52407],[16.503683,43.524082],[16.503795,43.524077]]]}},{"type":"Feature","properties":{"tlocrt":14.36348394,"korisna":3.39820366},"geometry":{"type":"Polygon","coordinates":[[[16.503633,43.523998],[16.503631,43.523984],[16.503517,43.523994],[16.503518,43.524008],[16.503633,43.523998]]]}},{"type":"Feature","properties":{"tlocrt":93.28855913,"korisna":68.64580269},"geometry":{"type":"Polygon","coordinates":[[[16.503649,43.524087],[16.503633,43.523998],[16.503518,43.524008],[16.503537,43.524098],[16.503649,43.524087]]]}},{"type":"Feature","properties":{"tlocrt":34.06946282,"korisna":1.99999999},"geometry":{"type":"Polygon","coordinates":[[[16.502496,43.523659],[16.50249,43.523638],[16.502344,43.52367],[16.502352,43.523693],[16.502491,43.523665],[16.502496,43.523659]]]}},{"type":"Feature","properties":{"tlocrt":42.62744964,"korisna":24.40900389},"geometry":{"type":"Polygon","coordinates":[[[16.502473,43.523513],[16.502444,43.523427],[16.5024,43.523435],[16.502413,43.523477],[16.502399,43.52348],[16.502413,43.523524],[16.502473,43.523513]]]}},{"type":"Feature","properties":{"tlocrt":63.16137091,"korisna":34.74074964},"geometry":{"type":"Polygon","coordinates":[[[16.502816,43.523293],[16.502809,43.52326],[16.502789,43.523262],[16.502787,43.523254],[16.502723,43.523262],[16.50271,43.523209],[16.502672,43.523214],[16.502696,43.523308],[16.502816,43.523293]]]}},{"type":"Feature","properties":{"tlocrt":14.11148082},"geometry":{"type":"Polygon","coordinates":[[[16.502867,43.523286],[16.50286,43.523255],[16.502851,43.523256],[16.502851,43.523257],[16.502809,43.523263],[16.502816,43.523293],[16.502867,43.523286]]]}},{"type":"Feature","properties":{"tlocrt":17.84340393,"korisna":4.69745056},"geometry":{"type":"Polygon","coordinates":[[[16.504284,43.526455],[16.504281,43.526442],[16.504141,43.526463],[16.504144,43.526479],[16.504174,43.526474],[16.504173,43.526472],[16.504284,43.526455]]]}},{"type":"Feature","properties":{"tlocrt":26.13791498},"geometry":{"type":"Polygon","coordinates":[[[16.504324,43.526328],[16.504314,43.526274],[16.504281,43.526279],[16.504281,43.526277],[16.504254,43.526282],[16.504281,43.526335],[16.504324,43.526328]]]}},{"type":"Feature","properties":{"tlocrt":151.34226262,"korisna":115.09142937},"geometry":{"type":"Polygon","coordinates":[[[16.504545,43.526391],[16.504511,43.526274],[16.504374,43.526294],[16.504407,43.526412],[16.504545,43.526391]]]}},{"type":"Feature","properties":{"tlocrt":4.71495998,"korisna":1.92239819},"geometry":{"type":"Polygon","coordinates":[[[16.503788,43.525859],[16.503771,43.525838],[16.503753,43.525847],[16.503771,43.525868],[16.503788,43.525859]]]}},{"type":"Feature","properties":{"tlocrt":5.811999,"korisna":0.625721},"geometry":{"type":"Polygon","coordinates":[[[16.504274,43.525923],[16.504284,43.52592],[16.504285,43.525922],[16.50433,43.525912],[16.504324,43.525901],[16.504271,43.525913],[16.504274,43.525923]]]}},{"type":"Feature","properties":{"tlocrt":136.23598217,"korisna":102.30320474},"geometry":{"type":"Polygon","coordinates":[[[16.504238,43.526834],[16.504284,43.526801],[16.504308,43.526818],[16.504361,43.526782],[16.504329,43.526758],[16.504317,43.526767],[16.504272,43.526733],[16.504285,43.526724],[16.504253,43.5267],[16.504188,43.526746],[16.504184,43.526743],[16.504131,43.526781],[16.504183,43.52682],[16.504195,43.526811],[16.504233,43.52684],[16.50424,43.526835],[16.504238,43.526834]]]}},{"type":"Feature","properties":{"tlocrt":181.05232603,"korisna":139.69091794},"geometry":{"type":"Polygon","coordinates":[[[16.503571,43.5268],[16.503528,43.526673],[16.503378,43.526699],[16.503422,43.526826],[16.503571,43.5268]]]}},{"type":"Feature","properties":{"tlocrt":138.49368444,"korisna":94.92324349},"geometry":{"type":"Polygon","coordinates":[[[16.503945,43.527485],[16.50392,43.527429],[16.50367,43.527492],[16.503696,43.527548],[16.503945,43.527485]]]}},{"type":"Feature","properties":{"tlocrt":517.91946148,"korisna":449.85965429},"geometry":{"type":"Polygon","coordinates":[[[16.503729,43.527614],[16.503644,43.527439],[16.503351,43.527515],[16.503436,43.52769],[16.503729,43.527614]]]}},{"type":"Feature","properties":{"tlocrt":50.48114139,"korisna":41.69141427},"geometry":{"type":"Polygon","coordinates":[[[16.504494,43.525126],[16.504522,43.525116],[16.504523,43.525118],[16.504566,43.525101],[16.50452,43.525038],[16.504449,43.525065],[16.504494,43.525126]]]}},{"type":"Feature","properties":{"tlocrt":65.73570206,"korisna":49.87113668},"geometry":{"type":"Polygon","coordinates":[[[16.504529,43.525173],[16.504453,43.525071],[16.504399,43.525092],[16.504473,43.525195],[16.504529,43.525173]]]}},{"type":"Feature","properties":{"tlocrt":3.85221242,"korisna":1.64103979},"geometry":{"type":"Polygon","coordinates":[[[16.505044,43.525099],[16.50504,43.525094],[16.50498,43.525115],[16.504984,43.525121],[16.505044,43.525099]]]}},{"type":"Feature","properties":{"tlocrt":35.82740968},"geometry":{"type":"Polygon","coordinates":[[[16.505068,43.525244],[16.505032,43.525194],[16.504984,43.52521],[16.504981,43.525206],[16.504968,43.525211],[16.505012,43.525269],[16.505068,43.525244]]]}},{"type":"Feature","properties":{"tlocrt":8.85302786},"geometry":{"type":"Polygon","coordinates":[[[16.505105,43.5252],[16.505088,43.525176],[16.505056,43.525187],[16.505074,43.525212],[16.505105,43.5252]]]}},{"type":"Feature","properties":{"tlocrt":4.29603758,"korisna":0.02862574},"geometry":{"type":"Polygon","coordinates":[[[16.504635,43.525219],[16.504629,43.525209],[16.50459,43.525223],[16.504598,43.525234],[16.504635,43.525219]]]}},{"type":"Feature","properties":{"tlocrt":35.57303795},"geometry":{"type":"Polygon","coordinates":[[[16.504629,43.525439],[16.50472,43.525404],[16.504698,43.525374],[16.504642,43.525396],[16.504635,43.525387],[16.504587,43.525405],[16.504592,43.525413],[16.504606,43.525408],[16.504629,43.525439]]]}},{"type":"Feature","properties":{"tlocrt":23.55751295},"geometry":{"type":"Polygon","coordinates":[[[16.504466,43.525493],[16.504445,43.525466],[16.504373,43.525495],[16.504394,43.525524],[16.504466,43.525493]]]}},{"type":"Feature","properties":{"tlocrt":17.35278017},"geometry":{"type":"Polygon","coordinates":[[[16.50452,43.525471],[16.504499,43.525444],[16.504445,43.525466],[16.504466,43.525493],[16.50452,43.525471]]]}},{"type":"Feature","properties":{"tlocrt":15.11611278,"korisna":5.48164654},"geometry":{"type":"Polygon","coordinates":[[[16.503787,43.525634],[16.503778,43.525621],[16.503674,43.525658],[16.503684,43.52567],[16.503787,43.525634]]]}},{"type":"Feature","properties":{"tlocrt":6.07175329,"korisna":1.02689849},"geometry":{"type":"Polygon","coordinates":[[[16.503827,43.525447],[16.503866,43.525433],[16.503888,43.525459],[16.503893,43.525456],[16.503866,43.525424],[16.503817,43.525445],[16.503833,43.525467],[16.503838,43.525465],[16.503827,43.525447]]]}},{"type":"Feature","properties":{"tlocrt":21.44380818,"korisna":7.78706689},"geometry":{"type":"Polygon","coordinates":[[[16.503823,43.525541],[16.503935,43.525494],[16.503903,43.525453],[16.503888,43.525459],[16.503919,43.525496],[16.50382,43.525537],[16.503803,43.525532],[16.50378,43.525499],[16.503845,43.525474],[16.503838,43.525465],[16.503767,43.525494],[16.5038,43.525537],[16.503823,43.525541]]]}},{"type":"Feature","properties":{"tlocrt":24.4320148,"korisna":8.07539291},"geometry":{"type":"Polygon","coordinates":[[[16.503861,43.525427],[16.503857,43.525421],[16.503747,43.525465],[16.50377,43.525493],[16.503833,43.525467],[16.503817,43.525445],[16.503861,43.525427]]]}},{"type":"Feature","properties":{"tlocrt":20.83456565},"geometry":{"type":"Polygon","coordinates":[[[16.503696,43.52538],[16.503663,43.525337],[16.503656,43.525339],[16.503649,43.525329],[16.503614,43.525343],[16.50362,43.525351],[16.503627,43.525348],[16.503663,43.525392],[16.503696,43.52538]]]}},{"type":"Feature","properties":{"tlocrt":84.24622306,"korisna":57.11445182},"geometry":{"type":"Polygon","coordinates":[[[16.503688,43.525422],[16.503627,43.525348],[16.503524,43.52539],[16.503532,43.525398],[16.503545,43.525393],[16.503586,43.525442],[16.503571,43.525448],[16.503586,43.525466],[16.503688,43.525422]]]}},{"type":"Feature","properties":{"tlocrt":6.92739201,"korisna":2.85457595},"geometry":{"type":"Polygon","coordinates":[[[16.504696,43.524372],[16.504694,43.524354],[16.504653,43.524356],[16.504654,43.524375],[16.504696,43.524372]]]}},{"type":"Feature","properties":{"tlocrt":43.12433201,"korisna":0.0001},"geometry":{"type":"Polygon","coordinates":[[[16.504764,43.524466],[16.504754,43.524466],[16.504756,43.524483],[16.504653,43.524488],[16.504657,43.52453],[16.504768,43.524524],[16.504764,43.524466]]]}},{"type":"Feature","properties":{"tlocrt":2.64373712},"geometry":{"type":"Polygon","coordinates":[[[16.504613,43.524485],[16.504612,43.524474],[16.504586,43.524475],[16.504587,43.524486],[16.504613,43.524485]]]}},{"type":"Feature","properties":{"tlocrt":118.95570191,"korisna":77.4111164},"geometry":{"type":"Polygon","coordinates":[[[16.505044,43.524522],[16.50504,43.524418],[16.504938,43.52442],[16.504914,43.52444],[16.504915,43.524469],[16.504888,43.52447],[16.504888,43.524489],[16.50492,43.524487],[16.504921,43.524524],[16.505044,43.524522]]]}},{"type":"Feature","properties":{"tlocrt":27.24084448,"korisna":0.13011129},"geometry":{"type":"Polygon","coordinates":[[[16.505244,43.524383],[16.505311,43.524381],[16.505311,43.524405],[16.505344,43.524403],[16.505343,43.524364],[16.505228,43.524366],[16.505231,43.524407],[16.505245,43.524407],[16.505244,43.524383]]]}},{"type":"Feature","properties":{"tlocrt":33.04597993,"korisna":12.00000002},"geometry":{"type":"Polygon","coordinates":[[[16.505332,43.52409],[16.505329,43.524044],[16.505248,43.524047],[16.505251,43.524093],[16.505332,43.52409]]]}},{"type":"Feature","properties":{"tlocrt":160.50785657,"korisna":115.22894288},"geometry":{"type":"Polygon","coordinates":[[[16.50538,43.524023],[16.505364,43.523919],[16.505348,43.523921],[16.505344,43.523898],[16.505221,43.523907],[16.505232,43.523988],[16.505228,43.523988],[16.505235,43.524035],[16.50538,43.524023]]]}},{"type":"Feature","properties":{"tlocrt":109.11708835,"korisna":77.75979645},"geometry":{"type":"Polygon","coordinates":[[[16.505145,43.524065],[16.505122,43.523962],[16.505023,43.523973],[16.505028,43.524003],[16.504997,43.524006],[16.505005,43.524043],[16.505008,43.524042],[16.50501,43.524053],[16.505038,43.52405],[16.505043,43.524078],[16.505051,43.524077],[16.505051,43.524075],[16.505145,43.524065]]]}},{"type":"Feature","properties":{"tlocrt":72.49890814,"korisna":43.80024872},"geometry":{"type":"Polygon","coordinates":[[[16.504584,43.524075],[16.504575,43.524013],[16.504446,43.524024],[16.504456,43.524086],[16.504584,43.524075]]]}},{"type":"Feature","properties":{"tlocrt":177.72761472,"korisna":132.65698241},"geometry":{"type":"Polygon","coordinates":[[[16.504227,43.524061],[16.504348,43.524054],[16.504345,43.524021],[16.504353,43.524021],[16.504341,43.523915],[16.504219,43.523922],[16.504215,43.523923],[16.50421,43.523926],[16.504207,43.523931],[16.504212,43.523973],[16.504195,43.523974],[16.504203,43.524048],[16.504206,43.524052],[16.504209,43.524054],[16.504213,43.524055],[16.504226,43.524054],[16.504227,43.524061]]]}},{"type":"Feature","properties":{"tlocrt":42.15199755},"geometry":{"type":"Polygon","coordinates":[[[16.50561,43.52457],[16.505583,43.524569],[16.505567,43.52468],[16.505565,43.524689],[16.505616,43.524693],[16.50561,43.52457]]]}},{"type":"Feature","properties":{"tlocrt":13.86917665,"korisna":3.00200547},"geometry":{"type":"Polygon","coordinates":[[[16.505187,43.524732],[16.505155,43.524732],[16.505155,43.524781],[16.505187,43.52478],[16.505187,43.524732]]]}},{"type":"Feature","properties":{"tlocrt":108.26302016,"korisna":77.77234762},"geometry":{"type":"Polygon","coordinates":[[[16.505343,43.525191],[16.505316,43.525095],[16.505194,43.525114],[16.505206,43.525162],[16.50519,43.525165],[16.505194,43.525179],[16.505223,43.525174],[16.505232,43.525208],[16.505343,43.525191]]]}},{"type":"Feature","properties":{"tlocrt":35.86501705},"geometry":{"type":"Polygon","coordinates":[[[16.505799,43.525241],[16.505789,43.525167],[16.505723,43.525169],[16.505724,43.525177],[16.505738,43.525176],[16.505747,43.525239],[16.505745,43.525239],[16.505746,43.525246],[16.505799,43.525241]]]}},{"type":"Feature","properties":{"tlocrt":5.48207878,"korisna":1.04681561},"geometry":{"type":"Polygon","coordinates":[[[16.505741,43.525197],[16.505738,43.525176],[16.505709,43.525178],[16.505712,43.525199],[16.505741,43.525197]]]}},{"type":"Feature","properties":{"tlocrt":115.84035126,"korisna":76.00000003},"geometry":{"type":"Polygon","coordinates":[[[16.506044,43.525088],[16.506045,43.525039],[16.506059,43.525039],[16.506061,43.524978],[16.505938,43.524976],[16.505934,43.525086],[16.506044,43.525088]]]}},{"type":"Feature","properties":{"tlocrt":14.77136403,"korisna":8.55969239},"geometry":{"type":"Polygon","coordinates":[[[16.505895,43.524186],[16.505827,43.524185],[16.505826,43.524209],[16.505895,43.52421],[16.505895,43.524186]]]}},{"type":"Feature","properties":{"tlocrt":22.31094977,"korisna":8.39550783},"geometry":{"type":"Polygon","coordinates":[[[16.506143,43.524196],[16.50607,43.524189],[16.506063,43.524222],[16.506137,43.524229],[16.506143,43.524196]]]}},{"type":"Feature","properties":{"tlocrt":26.66458382,"korisna":7.87818982},"geometry":{"type":"Polygon","coordinates":[[[16.507246,43.524637],[16.507242,43.524596],[16.507169,43.524599],[16.507174,43.52464],[16.507246,43.524637]]]}},{"type":"Feature","properties":{"tlocrt":22.08407564,"korisna":10.43001039},"geometry":{"type":"Polygon","coordinates":[[[16.507174,43.527145],[16.507171,43.527108],[16.507105,43.527113],[16.50711,43.52715],[16.507174,43.527145]]]}},{"type":"Feature","properties":{"tlocrt":290.57051726,"korisna":215.3084037},"geometry":{"type":"Polygon","coordinates":[[[16.505657,43.5234],[16.505656,43.523386],[16.505744,43.523383],[16.505739,43.523316],[16.505722,43.523316],[16.505717,43.523249],[16.505611,43.523253],[16.505611,43.523263],[16.505614,43.523263],[16.505618,43.52331],[16.505586,43.523311],[16.505583,43.523264],[16.505585,43.523264],[16.505584,43.523254],[16.505482,43.523258],[16.505492,43.523393],[16.505565,43.523391],[16.505566,43.523403],[16.505657,43.5234]]]}},{"type":"Feature","properties":{"tlocrt":35.4929153,"korisna":17.26708918},"geometry":{"type":"Polygon","coordinates":[[[16.506379,43.523788],[16.506435,43.523776],[16.506436,43.523779],[16.506481,43.523775],[16.506471,43.523735],[16.506368,43.52375],[16.506379,43.523788]]]}},{"type":"Feature","properties":{"tlocrt":26.28469961,"korisna":7.99999999},"geometry":{"type":"Polygon","coordinates":[[[16.507106,43.523747],[16.507042,43.523746],[16.507051,43.523785],[16.50709,43.523786],[16.507138,43.523784],[16.507106,43.523747]]]}},{"type":"Feature","properties":{"tlocrt":50.82441062,"korisna":26.16204299},"geometry":{"type":"Polygon","coordinates":[[[16.508371,43.524729],[16.50836,43.524644],[16.508294,43.524648],[16.508305,43.524733],[16.508371,43.524729]]]}},{"type":"Feature","properties":{"tlocrt":58.36775718,"korisna":34.8019171},"geometry":{"type":"Polygon","coordinates":[[[16.50851,43.524728],[16.508489,43.52465],[16.508423,43.524659],[16.508421,43.52465],[16.508408,43.524652],[16.508431,43.524739],[16.50851,43.524728]]]}},{"type":"Feature","properties":{"tlocrt":21.03123094,"korisna":3.640625},"geometry":{"type":"Polygon","coordinates":[[[16.508542,43.524592],[16.508522,43.52455],[16.508472,43.524562],[16.508495,43.524605],[16.508542,43.524592]]]}},{"type":"Feature","properties":{"tlocrt":25.55270458,"korisna":8.00000001},"geometry":{"type":"Polygon","coordinates":[[[16.492921,43.525566],[16.49292,43.525527],[16.492847,43.525528],[16.49285,43.525567],[16.492921,43.525566]]]}},{"type":"Feature","properties":{"tlocrt":40.86536654,"korisna":22.75493952},"geometry":{"type":"Polygon","coordinates":[[[16.492922,43.525614],[16.492921,43.525566],[16.49285,43.525567],[16.49285,43.525566],[16.492827,43.525567],[16.492829,43.525616],[16.492922,43.525614]]]}},{"type":"Feature","properties":{"tlocrt":23.4573986,"korisna":10.81968081},"geometry":{"type":"Polygon","coordinates":[[[16.493081,43.525617],[16.493078,43.525584],[16.493009,43.525585],[16.493009,43.525582],[16.493,43.525582],[16.493,43.525617],[16.493081,43.525617]]]}},{"type":"Feature","properties":{"tlocrt":24.92895895,"korisna":11.97561912},"geometry":{"type":"Polygon","coordinates":[[[16.492522,43.524679],[16.492518,43.524661],[16.492397,43.524677],[16.492396,43.524674],[16.492391,43.524675],[16.492396,43.5247],[16.492476,43.524691],[16.492475,43.524685],[16.492522,43.524679]]]}},{"type":"Feature","properties":{"tlocrt":42.82270964,"korisna":14.81609526},"geometry":{"type":"Polygon","coordinates":[[[16.494737,43.525044],[16.494731,43.525003],[16.494614,43.525017],[16.494623,43.525057],[16.494737,43.525044]]]}},{"type":"Feature","properties":{"tlocrt":49.71298878,"korisna":30.90695094},"geometry":{"type":"Polygon","coordinates":[[[16.494749,43.525091],[16.494737,43.525044],[16.494623,43.525057],[16.494633,43.525103],[16.494749,43.525091]]]}},{"type":"Feature","properties":{"tlocrt":6.72368127,"korisna":0.99213643},"geometry":{"type":"Polygon","coordinates":[[[16.494628,43.52508],[16.494621,43.525047],[16.494599,43.525049],[16.494605,43.525081],[16.494628,43.52508]]]}},{"type":"Feature","properties":{"tlocrt":25.58458607},"geometry":{"type":"Polygon","coordinates":[[[16.50127,43.526485],[16.501215,43.526425],[16.501183,43.526442],[16.501241,43.526503],[16.50127,43.526485]]]}},{"type":"Feature","properties":{"tlocrt":16.09617538,"korisna":5.81632874},"geometry":{"type":"Polygon","coordinates":[[[16.500995,43.524792],[16.501004,43.524751],[16.500948,43.524756],[16.500954,43.524787],[16.500995,43.524792]]]}},{"type":"Feature","properties":{"tlocrt":145.63248754},"geometry":{"type":"Polygon","coordinates":[[[16.502631,43.526338],[16.50257,43.526194],[16.502466,43.526217],[16.502527,43.52636],[16.502631,43.526338]]]}},{"type":"Feature","properties":{"tlocrt":37.50476378,"korisna":20.85613805},"geometry":{"type":"Polygon","coordinates":[[[16.50389,43.526625],[16.504008,43.526584],[16.503992,43.526562],[16.50388,43.5266],[16.503862,43.52659],[16.503831,43.526604],[16.503845,43.526622],[16.503879,43.526609],[16.50389,43.526625]]]}},{"type":"Feature","properties":{"tlocrt":18.10407127,"korisna":9.40912482},"geometry":{"type":"Polygon","coordinates":[[[16.493009,43.525582],[16.493008,43.525556],[16.492964,43.525554],[16.492961,43.525527],[16.49292,43.525528],[16.492921,43.525563],[16.492999,43.525562],[16.493,43.525582],[16.493009,43.525582]]]}},{"type":"Feature","properties":{"tlocrt":6.72330891},"geometry":{"type":"Polygon","coordinates":[[[16.502409,43.525596],[16.502393,43.525595],[16.502387,43.525647],[16.502401,43.525648],[16.502406,43.525599],[16.502409,43.525599],[16.502409,43.525596]]]}},{"type":"Feature","properties":{"tlocrt":134.61115186,"korisna":96.1252691},"geometry":{"type":"Polygon","coordinates":[[[16.502449,43.523554],[16.502437,43.523519],[16.502413,43.523524],[16.502399,43.52348],[16.502392,43.523456],[16.502364,43.523462],[16.502358,43.523449],[16.502256,43.523467],[16.502254,43.523469],[16.502254,43.523473],[16.502269,43.523512],[16.50227,43.523513],[16.502274,43.523514],[16.502291,43.523511],[16.502316,43.523578],[16.502449,43.523554]]]}},{"type":"Feature","properties":{"tlocrt":23.08035189,"korisna":0.14854816},"geometry":{"type":"Polygon","coordinates":[[[16.503606,43.526375],[16.503601,43.526344],[16.503518,43.52636],[16.503527,43.526394],[16.503549,43.526391],[16.503547,43.526382],[16.503606,43.526375]]]}},{"type":"Feature","properties":{"tlocrt":6.6159525,"korisna":2.72748114},"geometry":{"type":"Polygon","coordinates":[[[16.501489,43.527686],[16.501489,43.527667],[16.501449,43.527668],[16.50145,43.527687],[16.501489,43.527686]]]}},{"type":"Feature","properties":{"tlocrt":6.40723165,"korisna":3.34192951},"geometry":{"type":"Polygon","coordinates":[[[16.501948,43.527675],[16.501948,43.527657],[16.501907,43.527658],[16.501908,43.527676],[16.501948,43.527675]]]}},{"type":"Feature","properties":{"tlocrt":7.85430027,"korisna":1.89531913},"geometry":{"type":"Polygon","coordinates":[[[16.501061,43.528673],[16.501059,43.528655],[16.501009,43.52866],[16.501012,43.528677],[16.501061,43.528673]]]}},{"type":"Feature","properties":{"tlocrt":17.62631521},"geometry":{"type":"Polygon","coordinates":[[[16.502819,43.527849],[16.502815,43.527816],[16.502755,43.52782],[16.502759,43.527852],[16.502819,43.527849]]]}},{"type":"Feature","properties":{"tlocrt":33.34395346,"korisna":20.26140758},"geometry":{"type":"Polygon","coordinates":[[[16.502881,43.5267],[16.502695,43.526698],[16.502694,43.526719],[16.502881,43.52672],[16.502881,43.5267]]]}},{"type":"Feature","properties":{"tlocrt":38.9089549,"korisna":18.07392572},"geometry":{"type":"Polygon","coordinates":[[[16.50075,43.527013],[16.500738,43.526928],[16.500685,43.526935],[16.500687,43.526955],[16.500696,43.526955],[16.500697,43.527],[16.500692,43.527],[16.500693,43.527017],[16.50075,43.527013]]]}},{"type":"Feature","properties":{"tlocrt":19.48850676},"geometry":{"type":"Polygon","coordinates":[[[16.499818,43.525988],[16.499716,43.525988],[16.499715,43.526009],[16.499817,43.52601],[16.499818,43.525988]]]}},{"type":"Feature","properties":{"tlocrt":14.35749825,"korisna":7.79727747},"geometry":{"type":"Polygon","coordinates":[[[16.499332,43.525214],[16.499304,43.525213],[16.499303,43.525271],[16.499331,43.525271],[16.499332,43.525214]]]}},{"type":"Feature","properties":{"tlocrt":25.31739068,"korisna":12.01563127},"geometry":{"type":"Polygon","coordinates":[[[16.492453,43.523857],[16.492439,43.523824],[16.492359,43.523843],[16.492373,43.523874],[16.492453,43.523857]]]}},{"type":"Feature","properties":{"tlocrt":6.88021802,"korisna":1.21754264},"geometry":{"type":"Polygon","coordinates":[[[16.495428,43.525913],[16.495362,43.525908],[16.495361,43.525919],[16.495413,43.525924],[16.495426,43.525926],[16.495428,43.525913]]]}},{"type":"Feature","properties":{"tlocrt":3.70462721,"korisna":1.01528802},"geometry":{"type":"Polygon","coordinates":[[[16.492074,43.525549],[16.492071,43.525537],[16.49204,43.525539],[16.492042,43.525553],[16.492074,43.525549]]]}},{"type":"Feature","properties":{"tlocrt":60.02275676,"korisna":37.22907866},"geometry":{"type":"Polygon","coordinates":[[[16.492816,43.526404],[16.492775,43.526331],[16.492706,43.526353],[16.492757,43.526443],[16.492796,43.526432],[16.492786,43.526413],[16.492816,43.526404]]]}},{"type":"Feature","properties":{"tlocrt":24.37406406,"korisna":9.23918676},"geometry":{"type":"Polygon","coordinates":[[[16.49535,43.526815],[16.495109,43.526795],[16.495107,43.526804],[16.495332,43.526823],[16.495328,43.526848],[16.495346,43.52685],[16.49535,43.526815]]]}},{"type":"Feature","properties":{"tlocrt":21.93077948,"korisna":10.14401277},"geometry":{"type":"Polygon","coordinates":[[[16.494282,43.527413],[16.494218,43.527377],[16.494184,43.527412],[16.494194,43.527417],[16.494205,43.527407],[16.494258,43.527435],[16.494282,43.527413]]]}},{"type":"Feature","properties":{"tlocrt":8.51406045,"korisna":1.640625},"geometry":{"type":"Polygon","coordinates":[[[16.493641,43.526784],[16.493605,43.526767],[16.493588,43.526786],[16.493624,43.526803],[16.493641,43.526784]]]}},{"type":"Feature","properties":{"tlocrt":33.75336227,"korisna":1.640625},"geometry":{"type":"Polygon","coordinates":[[[16.497791,43.528336],[16.497678,43.528334],[16.497676,43.528367],[16.49779,43.528369],[16.497791,43.528336]]]}},{"type":"Feature","properties":{"tlocrt":7.5492097,"korisna":1.90377955},"geometry":{"type":"Polygon","coordinates":[[[16.497532,43.528784],[16.497533,43.528735],[16.497528,43.528735],[16.497528,43.528769],[16.497487,43.528769],[16.497486,43.528784],[16.497532,43.528784]]]}},{"type":"Feature","properties":{"tlocrt":10.35224388,"korisna":6.35822303},"geometry":{"type":"Polygon","coordinates":[[[16.497566,43.528748],[16.497533,43.528748],[16.497532,43.528782],[16.497566,43.528783],[16.497566,43.528748]]]}},{"type":"Feature","properties":{"tlocrt":9.05219103,"korisna":1.90673785},"geometry":{"type":"Polygon","coordinates":[[[16.497596,43.52878],[16.497598,43.528748],[16.497566,43.528748],[16.497566,43.52878],[16.497596,43.52878]]]}},{"type":"Feature","properties":{"tlocrt":12.36660855},"geometry":{"type":"Polygon","coordinates":[[[16.497323,43.529122],[16.497322,43.529075],[16.497293,43.529075],[16.497294,43.529123],[16.497323,43.529122]]]}},{"type":"Feature","properties":{"tlocrt":29.77844104,"korisna":13.74584818},"geometry":{"type":"Polygon","coordinates":[[[16.498532,43.524197],[16.498499,43.524162],[16.498435,43.524193],[16.498468,43.524229],[16.498532,43.524197]]]}},{"type":"Feature","properties":{"tlocrt":19.1443214,"korisna":9.82812678},"geometry":{"type":"Polygon","coordinates":[[[16.49263,43.527225],[16.492629,43.527219],[16.49258,43.527227],[16.492592,43.527271],[16.492636,43.527265],[16.492628,43.527225],[16.49263,43.527225]]]}},{"type":"Feature","properties":{"tlocrt":29.85305262},"geometry":{"type":"Polygon","coordinates":[[[16.493846,43.522878],[16.493834,43.522856],[16.493708,43.522882],[16.493718,43.522906],[16.493793,43.522893],[16.493791,43.522889],[16.493846,43.522878]]]}},{"type":"Feature","properties":{"tlocrt":106.6846162,"korisna":79.36700676},"geometry":{"type":"Polygon","coordinates":[[[16.496313,43.529208],[16.496354,43.529203],[16.496356,43.529206],[16.496427,43.529197],[16.496428,43.529193],[16.49647,43.529188],[16.496461,43.529153],[16.496468,43.529152],[16.496464,43.529132],[16.496451,43.529134],[16.496444,43.529108],[16.496391,43.529115],[16.496399,43.529148],[16.496361,43.529153],[16.496353,43.52912],[16.496299,43.529127],[16.496306,43.529154],[16.496292,43.529156],[16.496298,43.529175],[16.496305,43.529174],[16.496313,43.529208]]]}},{"type":"Feature","properties":{"tlocrt":327.26379379,"korisna":258.21267383},"geometry":{"type":"Polygon","coordinates":[[[16.495246,43.529331],[16.495238,43.529296],[16.495193,43.529301],[16.495183,43.529259],[16.495188,43.529258],[16.495184,43.529243],[16.49492,43.529272],[16.49495,43.529405],[16.4952,43.529375],[16.495191,43.529337],[16.495246,43.529331]]]}},{"type":"Feature","properties":{"tlocrt":15.60643601,"korisna":8.06014571},"geometry":{"type":"Polygon","coordinates":[[[16.493816,43.528827],[16.493816,43.52882],[16.493669,43.528824],[16.493673,43.528885],[16.493686,43.528885],[16.493684,43.528831],[16.493816,43.528827]]]}},{"type":"Feature","properties":{"tlocrt":34.82486239,"korisna":18.33567237},"geometry":{"type":"Polygon","coordinates":[[[16.493499,43.528105],[16.493502,43.528092],[16.493535,43.528095],[16.493542,43.528053],[16.493457,43.528047],[16.493452,43.52809],[16.493476,43.528092],[16.493475,43.528102],[16.493499,43.528105]]]}},{"type":"Feature","properties":{"tlocrt":21.12678751},"geometry":{"type":"Polygon","coordinates":[[[16.493534,43.527871],[16.493537,43.527851],[16.493539,43.527851],[16.493547,43.527799],[16.493512,43.527797],[16.493505,43.527856],[16.49351,43.527857],[16.493507,43.527869],[16.493534,43.527871]]]}},{"type":"Feature","properties":{"tlocrt":29.39917522,"korisna":10.640625},"geometry":{"type":"Polygon","coordinates":[[[16.492722,43.52752],[16.492722,43.527516],[16.492678,43.527519],[16.492678,43.527515],[16.49265,43.527518],[16.492654,43.527531],[16.49266,43.527548],[16.492673,43.527557],[16.492732,43.527564],[16.492738,43.52752],[16.492722,43.52752]]]}},{"type":"Feature","properties":{"tlocrt":52.49978776,"korisna":29.3640709},"geometry":{"type":"Polygon","coordinates":[[[16.492904,43.527528],[16.492893,43.52747],[16.492795,43.527479],[16.492806,43.527538],[16.492904,43.527528]]]}},{"type":"Feature","properties":{"tlocrt":28.55185536},"geometry":{"type":"Polygon","coordinates":[[[16.493217,43.528326],[16.493216,43.528266],[16.493163,43.528267],[16.493165,43.528327],[16.493217,43.528326]]]}},{"type":"Feature","properties":{"tlocrt":60.7193582,"korisna":38.75974954},"geometry":{"type":"Polygon","coordinates":[[[16.493784,43.522519],[16.493878,43.522501],[16.493884,43.522519],[16.493889,43.522518],[16.493869,43.522452],[16.49375,43.522474],[16.493755,43.52249],[16.493771,43.52252],[16.493748,43.522528],[16.493758,43.522546],[16.49379,43.522536],[16.493784,43.522519]]]}},{"type":"Feature","properties":{"tlocrt":33.8691136,"korisna":22.65104012},"geometry":{"type":"Polygon","coordinates":[[[16.493755,43.52249],[16.493752,43.522482],[16.493668,43.52251],[16.493691,43.522549],[16.493749,43.522531],[16.493748,43.522528],[16.493771,43.52252],[16.493755,43.52249]]]}},{"type":"Feature","properties":{"tlocrt":32.31079064,"korisna":19.25855696},"geometry":{"type":"Polygon","coordinates":[[[16.49325,43.522967],[16.493239,43.522948],[16.493104,43.522984],[16.493118,43.52301],[16.493202,43.522988],[16.493199,43.522981],[16.49325,43.522967]]]}},{"type":"Feature","properties":{"tlocrt":101.77347743,"korisna":66.17745679},"geometry":{"type":"Polygon","coordinates":[[[16.493306,43.523064],[16.49325,43.522967],[16.493199,43.522981],[16.493202,43.522988],[16.493204,43.522987],[16.493234,43.523042],[16.493104,43.523078],[16.493125,43.523116],[16.493306,43.523064]]]}},{"type":"Feature","properties":{"tlocrt":8.11748917},"geometry":{"type":"Polygon","coordinates":[[[16.498412,43.520933],[16.4984,43.520916],[16.498356,43.520933],[16.498366,43.520948],[16.498412,43.520933]]]}},{"type":"Feature","properties":{"tlocrt":18.66743075,"korisna":7.18974163},"geometry":{"type":"Polygon","coordinates":[[[16.505867,43.519801],[16.505853,43.519764],[16.505819,43.519771],[16.50582,43.519777],[16.50574,43.51979],[16.505743,43.5198],[16.505755,43.519798],[16.505754,43.519796],[16.505779,43.519791],[16.505779,43.519793],[16.505786,43.519792],[16.505785,43.51979],[16.505811,43.519785],[16.505812,43.519787],[16.505823,43.519785],[16.505831,43.51981],[16.505867,43.519801]]]}},{"type":"Feature","properties":{"tlocrt":88.29017147,"korisna":67.89282731},"geometry":{"type":"Polygon","coordinates":[[[16.5051,43.519988],[16.505095,43.51998],[16.505091,43.51998],[16.505076,43.519981],[16.505065,43.519963],[16.505067,43.519962],[16.505067,43.51996],[16.504964,43.519982],[16.504996,43.520057],[16.505121,43.520033],[16.505105,43.519989],[16.5051,43.519988]]]}},{"type":"Feature","properties":{"tlocrt":62.87477717,"korisna":46.32463356},"geometry":{"type":"Polygon","coordinates":[[[16.505674,43.522168],[16.505671,43.522155],[16.50557,43.522166],[16.505577,43.522213],[16.505573,43.522214],[16.505578,43.522241],[16.505649,43.522234],[16.505647,43.522229],[16.505672,43.522227],[16.505662,43.52217],[16.505674,43.522168]]]}},{"type":"Feature","properties":{"tlocrt":147.28291714,"korisna":104.47383634},"geometry":{"type":"Polygon","coordinates":[[[16.504638,43.522466],[16.504631,43.522431],[16.504566,43.522438],[16.504562,43.522418],[16.504515,43.522423],[16.504525,43.522474],[16.504489,43.522479],[16.504496,43.522516],[16.50448,43.522517],[16.504488,43.522561],[16.504637,43.522546],[16.504621,43.522468],[16.504638,43.522466]]]}},{"type":"Feature","properties":{"tlocrt":101.50754427,"korisna":68.18094555},"geometry":{"type":"Polygon","coordinates":[[[16.504141,43.522413],[16.504134,43.522391],[16.504053,43.522408],[16.504051,43.522402],[16.503947,43.522425],[16.503977,43.522494],[16.504109,43.522465],[16.504101,43.522448],[16.504112,43.522445],[16.504103,43.522422],[16.504141,43.522413]]]}},{"type":"Feature","properties":{"tlocrt":114.29087486,"korisna":71.28553928},"geometry":{"type":"Polygon","coordinates":[[[16.505625,43.520282],[16.505624,43.520097],[16.505556,43.520097],[16.505553,43.5202],[16.505554,43.52023],[16.505558,43.52023],[16.50556,43.520282],[16.505625,43.520282]]]}},{"type":"Feature","properties":{"tlocrt":2.53671354,"korisna":0.86418503},"geometry":{"type":"Polygon","coordinates":[[[16.496813,43.520992],[16.496814,43.520984],[16.496817,43.520984],[16.496817,43.520978],[16.496798,43.520979],[16.496792,43.520985],[16.496792,43.520992],[16.496813,43.520992]]]}},{"type":"Feature","properties":{"tlocrt":56.75913925,"korisna":26.00000003},"geometry":{"type":"Polygon","coordinates":[[[16.491863,43.528957],[16.491862,43.528922],[16.491733,43.528924],[16.491722,43.528925],[16.491722,43.528921],[16.491686,43.528921],[16.491684,43.52896],[16.491863,43.528957]]]}},{"type":"Feature","properties":{"tlocrt":46.92343057,"korisna":0.99683443},"geometry":{"type":"Polygon","coordinates":[[[16.49068,43.528909],[16.49068,43.528906],[16.490701,43.528906],[16.490703,43.528837],[16.490708,43.528822],[16.490717,43.52881],[16.490728,43.528803],[16.490741,43.528798],[16.490754,43.528796],[16.490766,43.528795],[16.490837,43.528796],[16.490837,43.528815],[16.490851,43.528816],[16.490853,43.528775],[16.490826,43.528773],[16.490788,43.528775],[16.49077,43.528778],[16.490747,43.528784],[16.490722,43.528797],[16.490704,43.52881],[16.49069,43.528824],[16.490679,43.528841],[16.490673,43.528858],[16.490671,43.528878],[16.490671,43.52891],[16.49068,43.528909]]]}},{"type":"Feature","properties":{"tlocrt":94.54777117,"korisna":73.73746852},"geometry":{"type":"Polygon","coordinates":[[[16.490505,43.523407],[16.490573,43.523388],[16.490578,43.523397],[16.490601,43.52339],[16.490597,43.523382],[16.490633,43.523372],[16.490592,43.523296],[16.490482,43.523326],[16.490501,43.523368],[16.490489,43.523371],[16.490505,43.523407]]]}},{"type":"Feature","properties":{"tlocrt":24.79469128,"korisna":2.89926482},"geometry":{"type":"Polygon","coordinates":[[[16.49009,43.524324],[16.490166,43.524298],[16.490175,43.524311],[16.490274,43.524276],[16.490268,43.524267],[16.490172,43.524298],[16.490164,43.524287],[16.490047,43.524329],[16.490054,43.524341],[16.490091,43.524326],[16.49009,43.524324]]]}},{"type":"Feature","properties":{"tlocrt":116.95744764,"korisna":90.91756274},"geometry":{"type":"Polygon","coordinates":[[[16.49035,43.524386],[16.490274,43.524276],[16.490175,43.524311],[16.490222,43.524381],[16.490233,43.524377],[16.490262,43.524417],[16.49035,43.524386]]]}},{"type":"Feature","properties":{"tlocrt":85.63274196,"korisna":59.5884289},"geometry":{"type":"Polygon","coordinates":[[[16.490224,43.524541],[16.490278,43.524501],[16.490306,43.524521],[16.490354,43.524485],[16.490301,43.524448],[16.490293,43.524454],[16.490279,43.524445],[16.49024,43.524475],[16.490211,43.524454],[16.490158,43.524493],[16.490224,43.524541]]]}},{"type":"Feature","properties":{"tlocrt":26.98404118,"korisna":0.94930176},"geometry":{"type":"Polygon","coordinates":[[[16.488277,43.523776],[16.488255,43.523695],[16.488212,43.5237],[16.488218,43.523727],[16.488232,43.523729],[16.488246,43.52378],[16.488277,43.523776]]]}},{"type":"Feature","properties":{"tlocrt":61.88225467,"korisna":30.52479301},"geometry":{"type":"Polygon","coordinates":[[[16.489384,43.524952],[16.489346,43.524891],[16.489207,43.524936],[16.489223,43.524961],[16.489295,43.524937],[16.489319,43.524972],[16.489384,43.524952]]]}},{"type":"Feature","properties":{"tlocrt":1269.26405014,"korisna":777.9695009},"geometry":{"type":"Polygon","coordinates":[[[16.490448,43.529341],[16.49045,43.529291],[16.490508,43.529292],[16.490518,43.529049],[16.490519,43.529013],[16.490525,43.528875],[16.490386,43.528874],[16.490069,43.529272],[16.490069,43.529334],[16.490448,43.529341]]]}},{"type":"Feature","properties":{"tlocrt":123.46897558,"korisna":83.42457811},"geometry":{"type":"Polygon","coordinates":[[[16.492313,43.529214],[16.492314,43.529198],[16.492333,43.529199],[16.492334,43.529168],[16.49231,43.529168],[16.492313,43.529117],[16.492282,43.529116],[16.492281,43.52911],[16.492219,43.529109],[16.492219,43.529118],[16.49218,43.529116],[16.492178,43.529181],[16.492187,43.529182],[16.492187,43.529213],[16.492313,43.529214]]]}},{"type":"Feature","properties":{"tlocrt":128.06546203,"korisna":86.30699004},"geometry":{"type":"Polygon","coordinates":[[[16.499159,43.528741],[16.49916,43.528701],[16.499192,43.528701],[16.499193,43.528639],[16.499135,43.528637],[16.499135,43.528642],[16.499078,43.528641],[16.499076,43.528666],[16.499025,43.528665],[16.499024,43.528739],[16.499159,43.528741]]]}},{"type":"Feature","properties":{"tlocrt":25.70027675,"korisna":13.99600965},"geometry":{"type":"Polygon","coordinates":[[[16.506091,43.524521],[16.506091,43.524519],[16.506151,43.52452],[16.506151,43.524482],[16.506073,43.524483],[16.506074,43.524521],[16.506091,43.524521]]]}},{"type":"Feature","properties":{"tlocrt":30.41793438,"korisna":2.99999999},"geometry":{"type":"Polygon","coordinates":[[[16.4944,43.527453],[16.494356,43.527437],[16.494343,43.527442],[16.494345,43.527444],[16.494305,43.527482],[16.494368,43.527503],[16.4944,43.527453]]]}},{"type":"Feature","properties":{"tlocrt":21.31476743,"korisna":5.06393643},"geometry":{"type":"Polygon","coordinates":[[[16.49447,43.527324],[16.494452,43.527319],[16.494439,43.52735],[16.494538,43.527367],[16.494535,43.527359],[16.494527,43.527348],[16.494506,43.527335],[16.49447,43.527324]]]}},{"type":"Feature","properties":{"tlocrt":12.7114346,"korisna":5.01866395},"geometry":{"type":"Polygon","coordinates":[[[16.494841,43.527422],[16.49484,43.527414],[16.494784,43.527419],[16.494782,43.527411],[16.494726,43.527416],[16.494726,43.527433],[16.494841,43.527422]]]}},{"type":"Feature","properties":{"tlocrt":15.43302119,"korisna":2.58770644},"geometry":{"type":"Polygon","coordinates":[[[16.4945,43.527147],[16.494506,43.527127],[16.494445,43.527117],[16.49444,43.527128],[16.494388,43.527119],[16.494385,43.527127],[16.4945,43.527147]]]}},{"type":"Feature","properties":{"tlocrt":20.225619,"korisna":6.32893758},"geometry":{"type":"Polygon","coordinates":[[[16.49476,43.527043],[16.494762,43.527036],[16.494779,43.527039],[16.494792,43.527002],[16.49484,43.52701],[16.494845,43.526995],[16.494781,43.526982],[16.494768,43.52699],[16.494753,43.527036],[16.49476,43.527043]]]}},{"type":"Feature","properties":{"tlocrt":40.13764001,"korisna":16.8376105},"geometry":{"type":"Polygon","coordinates":[[[16.495245,43.527341],[16.495245,43.527338],[16.495241,43.527338],[16.495236,43.527296],[16.495151,43.527291],[16.495153,43.527277],[16.495145,43.527277],[16.495149,43.527305],[16.495152,43.527305],[16.495154,43.527347],[16.495245,43.527341]]]}},{"type":"Feature","properties":{"tlocrt":166.19959041,"korisna":124.0762608},"geometry":{"type":"Polygon","coordinates":[[[16.495032,43.526676],[16.495037,43.526659],[16.495046,43.52666],[16.495058,43.526622],[16.495049,43.52662],[16.495059,43.52659],[16.495007,43.526581],[16.494998,43.526612],[16.494889,43.526593],[16.494873,43.526645],[16.49487,43.526645],[16.494857,43.526684],[16.495047,43.526716],[16.495058,43.52668],[16.495032,43.526676]]]}},{"type":"Feature","properties":{"tlocrt":40.15851157,"korisna":14.70838018},"geometry":{"type":"Polygon","coordinates":[[[16.495341,43.52665],[16.495348,43.526642],[16.495375,43.526645],[16.495385,43.526596],[16.495308,43.526588],[16.495299,43.526639],[16.495259,43.526634],[16.495258,43.526642],[16.495341,43.52665]]]}},{"type":"Feature","properties":{"tlocrt":156.88600584,"korisna":112.83749853},"geometry":{"type":"Polygon","coordinates":[[[16.495383,43.526527],[16.495397,43.526456],[16.495251,43.526438],[16.495244,43.526463],[16.495258,43.526464],[16.495254,43.526484],[16.495256,43.526485],[16.495254,43.526494],[16.495212,43.526488],[16.495206,43.526513],[16.495246,43.526518],[16.49524,43.526547],[16.495325,43.526558],[16.495323,43.526569],[16.495388,43.526576],[16.495398,43.526528],[16.495383,43.526527]]]}},{"type":"Feature","properties":{"tlocrt":98.21907663,"korisna":68.58059021},"geometry":{"type":"Polygon","coordinates":[[[16.493022,43.526373],[16.492993,43.526312],[16.492932,43.52633],[16.492925,43.526319],[16.492894,43.52633],[16.4929,43.526339],[16.492841,43.526357],[16.492875,43.52642],[16.492902,43.526411],[16.492901,43.526409],[16.493022,43.526373]]]}},{"type":"Feature","properties":{"tlocrt":46.42998224,"korisna":29.56766665},"geometry":{"type":"Polygon","coordinates":[[[16.493887,43.525935],[16.493906,43.525897],[16.493806,43.525858],[16.493784,43.525888],[16.493778,43.525889],[16.493769,43.5259],[16.493778,43.525904],[16.493779,43.525901],[16.493872,43.525928],[16.49387,43.525931],[16.493887,43.525935]]]}},{"type":"Feature","properties":{"tlocrt":24.54230195,"korisna":10.57010745},"geometry":{"type":"Polygon","coordinates":[[[16.492464,43.526069],[16.492446,43.526029],[16.492385,43.52604],[16.492401,43.526083],[16.492417,43.52608],[16.492415,43.526077],[16.492464,43.526069]]]}},{"type":"Feature","properties":{"tlocrt":10.68909933,"korisna":4.71724731},"geometry":{"type":"Polygon","coordinates":[[[16.491931,43.523841],[16.491931,43.523838],[16.491923,43.523821],[16.491917,43.523819],[16.491907,43.523819],[16.491871,43.523828],[16.491868,43.523831],[16.491867,43.523835],[16.491869,43.523839],[16.491882,43.523836],[16.491887,43.523846],[16.491916,43.523839],[16.49192,43.523848],[16.491928,43.523846],[16.491931,43.523841]]]}},{"type":"Feature","properties":{"tlocrt":93.14802607,"korisna":64.70148758},"geometry":{"type":"Polygon","coordinates":[[[16.494403,43.524695],[16.494396,43.524662],[16.494368,43.524666],[16.494342,43.524554],[16.494278,43.52456],[16.494311,43.524704],[16.494403,43.524695]]]}},{"type":"Feature","properties":{"tlocrt":26.62814709,"korisna":14.83573939},"geometry":{"type":"Polygon","coordinates":[[[16.494102,43.523443],[16.494093,43.523407],[16.49405,43.523411],[16.494051,43.523415],[16.494011,43.523421],[16.494019,43.523453],[16.494102,43.523443]]]}},{"type":"Feature","properties":{"tlocrt":10.02422519},"geometry":{"type":"Polygon","coordinates":[[[16.496125,43.524669],[16.496121,43.524663],[16.496118,43.524664],[16.496117,43.524662],[16.496067,43.524679],[16.496094,43.524724],[16.496108,43.52472],[16.496084,43.524684],[16.496125,43.524669]]]}},{"type":"Feature","properties":{"tlocrt":1319.04216703,"korisna":1195.66825188},"geometry":{"type":"Polygon","coordinates":[[[16.497554,43.523938],[16.497358,43.523663],[16.497159,43.523689],[16.497491,43.52415],[16.497179,43.524263],[16.497238,43.524346],[16.497727,43.524169],[16.497554,43.523938]]]}},{"type":"Feature","properties":{"tlocrt":28.69734072},"geometry":{"type":"Polygon","coordinates":[[[16.49888,43.525315],[16.498881,43.525275],[16.498893,43.525276],[16.498893,43.525255],[16.498849,43.525254],[16.498847,43.525336],[16.498892,43.525337],[16.498893,43.525316],[16.49888,43.525315]]]}},{"type":"Feature","properties":{"tlocrt":122.73036745,"korisna":86.8598547},"geometry":{"type":"Polygon","coordinates":[[[16.499575,43.528184],[16.499579,43.528159],[16.499606,43.528161],[16.49961,43.528135],[16.499581,43.528132],[16.499589,43.528083],[16.499457,43.528072],[16.499443,43.52817],[16.499572,43.528178],[16.499572,43.528183],[16.499575,43.528184]]]}},{"type":"Feature","properties":{"tlocrt":56.77280893,"korisna":37.65434073},"geometry":{"type":"Polygon","coordinates":[[[16.500509,43.528339],[16.500513,43.528259],[16.500452,43.528257],[16.500446,43.528297],[16.500405,43.528324],[16.500389,43.528324],[16.500389,43.528335],[16.500509,43.528339]]]}},{"type":"Feature","properties":{"tlocrt":9.07519779,"korisna":0.27298154},"geometry":{"type":"Polygon","coordinates":[[[16.501008,43.527061],[16.501002,43.527046],[16.500985,43.527051],[16.500991,43.527063],[16.500964,43.527071],[16.50098,43.527104],[16.501,43.527099],[16.500984,43.527068],[16.501008,43.527061]]]}},{"type":"Feature","properties":{"tlocrt":179.30542832,"korisna":132.91480196},"geometry":{"type":"Polygon","coordinates":[[[16.501159,43.527248],[16.501153,43.527212],[16.501188,43.527209],[16.501189,43.527214],[16.50125,43.527209],[16.501237,43.527118],[16.501052,43.527133],[16.50106,43.527186],[16.501044,43.527187],[16.501051,43.52723],[16.501066,43.527229],[16.501068,43.527246],[16.501113,43.527242],[16.501115,43.527252],[16.501159,43.527248]]]}},{"type":"Feature","properties":{"tlocrt":98.53882631,"korisna":73.18542039},"geometry":{"type":"Polygon","coordinates":[[[16.501417,43.526291],[16.501313,43.52619],[16.501251,43.526225],[16.501258,43.526231],[16.501261,43.526229],[16.501293,43.526259],[16.501266,43.526274],[16.501281,43.526289],[16.501294,43.526282],[16.501345,43.52633],[16.501417,43.526291]]]}},{"type":"Feature","properties":{"tlocrt":37.6358362,"korisna":16.6468838},"geometry":{"type":"Polygon","coordinates":[[[16.501386,43.526707],[16.50135,43.526613],[16.50132,43.526619],[16.501332,43.526649],[16.501314,43.526653],[16.501341,43.526718],[16.501386,43.526707]]]}},{"type":"Feature","properties":{"tlocrt":179.39387733,"korisna":93.50020211},"geometry":{"type":"Polygon","coordinates":[[[16.502237,43.526382],[16.502138,43.526274],[16.502013,43.526335],[16.502127,43.526451],[16.502176,43.526426],[16.502167,43.526417],[16.502237,43.526382]]]}},{"type":"Feature","properties":{"tlocrt":126.71581069,"korisna":91.88801843},"geometry":{"type":"Polygon","coordinates":[[[16.502594,43.526149],[16.502593,43.526136],[16.502658,43.52613],[16.502645,43.52604],[16.502577,43.526045],[16.502575,43.526034],[16.50257,43.526034],[16.50257,43.526034],[16.502557,43.526035],[16.502558,43.526042],[16.502515,43.526044],[16.502517,43.526064],[16.502504,43.526065],[16.502507,43.526093],[16.50252,43.526092],[16.502521,43.526102],[16.50251,43.526103],[16.502516,43.526139],[16.502531,43.526138],[16.502534,43.526157],[16.502573,43.526154],[16.502573,43.52615],[16.502594,43.526149]]]}},{"type":"Feature","properties":{"tlocrt":803.14416566,"korisna":713.86780619},"geometry":{"type":"Polygon","coordinates":[[[16.503209,43.526631],[16.503077,43.526631],[16.503013,43.526677],[16.50301,43.526953],[16.503073,43.527001],[16.503207,43.527],[16.503268,43.526953],[16.50327,43.526678],[16.503209,43.526631]]]}},{"type":"Feature","properties":{"tlocrt":746.53138898,"korisna":669.95821171},"geometry":{"type":"Polygon","coordinates":[[[16.502884,43.52672],[16.502694,43.526719],[16.502628,43.526766],[16.502624,43.526948],[16.502691,43.526998],[16.502881,43.526998],[16.502946,43.526951],[16.502948,43.526769],[16.502884,43.52672]]]}},{"type":"Feature","properties":{"tlocrt":571.74036602,"korisna":457.69453049},"geometry":{"type":"Polygon","coordinates":[[[16.502416,43.526798],[16.502376,43.526796],[16.502331,43.526796],[16.502289,43.526801],[16.50226,43.526808],[16.502236,43.526818],[16.50222,43.526829],[16.502209,43.52684],[16.502199,43.526857],[16.502191,43.526879],[16.502189,43.526897],[16.502189,43.526915],[16.502193,43.526936],[16.502198,43.526947],[16.502202,43.526955],[16.502219,43.526975],[16.502236,43.526987],[16.502265,43.526997],[16.5023,43.527005],[16.502348,43.527009],[16.502398,43.527008],[16.502429,43.527006],[16.50246,43.527],[16.502491,43.526989],[16.502506,43.52698],[16.502517,43.52697],[16.502533,43.52695],[16.50254,43.526933],[16.502544,43.526908],[16.502542,43.526887],[16.502536,43.526862],[16.502525,43.526841],[16.502511,43.526827],[16.502491,43.526816],[16.50247,43.526808],[16.502449,43.526803],[16.502416,43.526798]]]}},{"type":"Feature","properties":{"tlocrt":147.60440822,"korisna":105.99625048},"geometry":{"type":"Polygon","coordinates":[[[16.503064,43.52788],[16.503065,43.527858],[16.503003,43.527857],[16.503003,43.52787],[16.502959,43.527868],[16.502952,43.527979],[16.503098,43.527983],[16.5031,43.527881],[16.503064,43.52788]]]}},{"type":"Feature","properties":{"tlocrt":386.47946152,"korisna":278.70209416},"geometry":{"type":"Polygon","coordinates":[[[16.502083,43.528609],[16.502083,43.528514],[16.501828,43.528516],[16.501828,43.528518],[16.501665,43.528518],[16.501665,43.528526],[16.501615,43.528526],[16.501615,43.52861],[16.502083,43.528609]]]}},{"type":"Feature","properties":{"tlocrt":91.9687064,"korisna":73.37269676},"geometry":{"type":"Polygon","coordinates":[[[16.500666,43.528709],[16.500664,43.528696],[16.500545,43.528721],[16.500542,43.528773],[16.500572,43.528788],[16.500598,43.528797],[16.500626,43.528804],[16.500669,43.528808],[16.500654,43.52871],[16.500666,43.528709]]]}},{"type":"Feature","properties":{"tlocrt":10.10083898},"geometry":{"type":"Polygon","coordinates":[[[16.50411,43.5267],[16.504096,43.526647],[16.504085,43.52665],[16.504074,43.526673],[16.504093,43.526699],[16.504092,43.526699],[16.504097,43.526705],[16.50411,43.5267]]]}},{"type":"Feature","properties":{"tlocrt":62.93423115},"geometry":{"type":"Polygon","coordinates":[[[16.503421,43.525996],[16.503397,43.525936],[16.503386,43.525939],[16.503369,43.525941],[16.503312,43.525955],[16.503312,43.525957],[16.503306,43.525958],[16.503339,43.526037],[16.503421,43.525996]]]}},{"type":"Feature","properties":{"tlocrt":125.17608819,"korisna":87.73911192},"geometry":{"type":"Polygon","coordinates":[[[16.50293,43.525798],[16.503065,43.525771],[16.503052,43.525738],[16.503048,43.525739],[16.503028,43.525689],[16.503032,43.525688],[16.503027,43.525678],[16.502897,43.525703],[16.502908,43.525737],[16.502895,43.52574],[16.502913,43.52579],[16.502926,43.525787],[16.50293,43.525798]]]}},{"type":"Feature","properties":{"tlocrt":110.38320534,"korisna":54.93737625},"geometry":{"type":"Polygon","coordinates":[[[16.502877,43.525672],[16.50298,43.525632],[16.502978,43.525629],[16.502972,43.525622],[16.502967,43.525624],[16.502958,43.525612],[16.502905,43.525541],[16.502809,43.525578],[16.502847,43.525631],[16.502835,43.525636],[16.50286,43.525671],[16.502873,43.525666],[16.502877,43.525672]]]}},{"type":"Feature","properties":{"tlocrt":62.50217688,"korisna":22.27383927},"geometry":{"type":"Polygon","coordinates":[[[16.501645,43.525564],[16.501613,43.525551],[16.50161,43.525555],[16.501559,43.525534],[16.501592,43.525492],[16.501558,43.525479],[16.501515,43.525535],[16.501554,43.52555],[16.501532,43.525578],[16.501612,43.52561],[16.501645,43.525564]]]}},{"type":"Feature","properties":{"tlocrt":175.31333345,"korisna":125.42328976},"geometry":{"type":"Polygon","coordinates":[[[16.501793,43.524917],[16.501797,43.524902],[16.501822,43.524906],[16.501827,43.524876],[16.501844,43.524878],[16.501864,43.52479],[16.501687,43.524768],[16.501667,43.524857],[16.501683,43.524858],[16.501673,43.524903],[16.501713,43.524908],[16.501722,43.524864],[16.501784,43.524871],[16.501774,43.524915],[16.501793,43.524917]]]}},{"type":"Feature","properties":{"tlocrt":116.68697692,"korisna":80.16453423},"geometry":{"type":"Polygon","coordinates":[[[16.502041,43.524931],[16.502048,43.524903],[16.502066,43.524906],[16.502073,43.524875],[16.502055,43.524872],[16.502068,43.524821],[16.50194,43.524804],[16.501926,43.524855],[16.501963,43.52486],[16.501947,43.524918],[16.502041,43.524931]]]}},{"type":"Feature","properties":{"tlocrt":72.27190497,"korisna":40.56837682},"geometry":{"type":"Polygon","coordinates":[[[16.501775,43.524304],[16.501771,43.524274],[16.501728,43.524278],[16.501721,43.524226],[16.501638,43.524234],[16.501649,43.524314],[16.501775,43.524304]]]}},{"type":"Feature","properties":{"tlocrt":123.73744269,"korisna":79.29937184},"geometry":{"type":"Polygon","coordinates":[[[16.502039,43.524497],[16.502036,43.524378],[16.501961,43.524379],[16.501961,43.524392],[16.501893,43.524392],[16.501895,43.524467],[16.501963,43.524466],[16.501963,43.524488],[16.501987,43.524488],[16.501987,43.524497],[16.502039,43.524497]]]}},{"type":"Feature","properties":{"tlocrt":198.08172278,"korisna":145.02278249},"geometry":{"type":"Polygon","coordinates":[[[16.50261,43.524233],[16.502599,43.524124],[16.502545,43.524125],[16.502545,43.524136],[16.502423,43.524142],[16.502424,43.524173],[16.502409,43.524174],[16.502417,43.524271],[16.502512,43.524266],[16.50251,43.524235],[16.50261,43.524233]]]}},{"type":"Feature","properties":{"tlocrt":71.81708942,"korisna":4.00000001},"geometry":{"type":"Polygon","coordinates":[[[16.502956,43.524179],[16.502954,43.524161],[16.502813,43.524166],[16.502812,43.52422],[16.502818,43.52423],[16.502893,43.524228],[16.502895,43.524226],[16.502895,43.524214],[16.502934,43.524213],[16.50294,43.52421],[16.502943,43.524206],[16.502942,43.52418],[16.502956,43.524179]]]}},{"type":"Feature","properties":{"tlocrt":31.57287562,"korisna":6.59284573},"geometry":{"type":"Polygon","coordinates":[[[16.504082,43.52611],[16.504118,43.526102],[16.504121,43.526109],[16.504211,43.526088],[16.5042,43.526065],[16.504062,43.526094],[16.504076,43.526126],[16.504088,43.526124],[16.504082,43.52611]]]}},{"type":"Feature","properties":{"tlocrt":24.61874673},"geometry":{"type":"Polygon","coordinates":[[[16.503781,43.526056],[16.503758,43.526021],[16.503699,43.526042],[16.503695,43.526038],[16.503681,43.526042],[16.503697,43.52607],[16.503781,43.526056]]]}},{"type":"Feature","properties":{"tlocrt":5.50452604,"korisna":0.023401},"geometry":{"type":"Polygon","coordinates":[[[16.50372,43.525859],[16.503749,43.525844],[16.503753,43.525847],[16.503771,43.525838],[16.503758,43.525826],[16.503715,43.525853],[16.50372,43.525859]]]}},{"type":"Feature","properties":{"tlocrt":162.15749499,"korisna":51.76460193},"geometry":{"type":"Polygon","coordinates":[[[16.503689,43.525814],[16.503607,43.5257],[16.503526,43.525729],[16.503534,43.525741],[16.503493,43.525756],[16.503574,43.525871],[16.503689,43.525814]]]}},{"type":"Feature","properties":{"tlocrt":82.95066954},"geometry":{"type":"Polygon","coordinates":[[[16.503669,43.527677],[16.503704,43.527668],[16.503708,43.527676],[16.503765,43.527661],[16.50374,43.527609],[16.503727,43.527612],[16.503729,43.527614],[16.503509,43.527671],[16.503515,43.527684],[16.503669,43.527677]]]}},{"type":"Feature","properties":{"tlocrt":5.74100036,"korisna":0.18314329},"geometry":{"type":"Polygon","coordinates":[[[16.503402,43.528066],[16.5034,43.528045],[16.50337,43.528049],[16.50337,43.528066],[16.503394,43.528069],[16.503402,43.528066]]]}},{"type":"Feature","properties":{"tlocrt":76.93453604,"korisna":53.4166777},"geometry":{"type":"Polygon","coordinates":[[[16.504767,43.525068],[16.504726,43.525011],[16.504625,43.525051],[16.504683,43.52513],[16.504724,43.525114],[16.504707,43.525091],[16.504767,43.525068]]]}},{"type":"Feature","properties":{"tlocrt":17.69900491},"geometry":{"type":"Polygon","coordinates":[[[16.505094,43.525223],[16.505107,43.525211],[16.505123,43.525187],[16.505101,43.525194],[16.505105,43.5252],[16.505074,43.525212],[16.505056,43.525187],[16.505032,43.525194],[16.505066,43.525242],[16.505094,43.525223]]]}},{"type":"Feature","properties":{"tlocrt":185.73664777,"korisna":146.00803308},"geometry":{"type":"Polygon","coordinates":[[[16.504204,43.525191],[16.504239,43.525176],[16.504251,43.525191],[16.504294,43.525173],[16.504281,43.525157],[16.504289,43.525153],[16.50426,43.525117],[16.504252,43.52512],[16.50423,43.525093],[16.504212,43.525101],[16.504172,43.525051],[16.50416,43.525056],[16.504153,43.525048],[16.504121,43.525061],[16.504119,43.525058],[16.504076,43.525076],[16.504066,43.525064],[16.504014,43.525087],[16.504067,43.525153],[16.504115,43.525132],[16.504145,43.525168],[16.504175,43.525155],[16.504204,43.525191]]]}},{"type":"Feature","properties":{"tlocrt":114.44807595,"korisna":92.03133141},"geometry":{"type":"Polygon","coordinates":[[[16.504091,43.525264],[16.504034,43.525185],[16.504002,43.525197],[16.503923,43.525229],[16.503944,43.525258],[16.503919,43.525267],[16.503955,43.525316],[16.504091,43.525264]]]}},{"type":"Feature","properties":{"tlocrt":132.71713542,"korisna":94.76146359},"geometry":{"type":"Polygon","coordinates":[[[16.504002,43.525197],[16.503948,43.525123],[16.503933,43.525127],[16.503902,43.525086],[16.503852,43.525105],[16.503884,43.525149],[16.503822,43.525173],[16.503878,43.525246],[16.504002,43.525197]]]}},{"type":"Feature","properties":{"tlocrt":7.10835913},"geometry":{"type":"Polygon","coordinates":[[[16.504661,43.524828],[16.50466,43.524817],[16.504656,43.524817],[16.504655,43.524777],[16.50464,43.524777],[16.504642,43.524828],[16.504661,43.524828]]]}},{"type":"Feature","properties":{"tlocrt":8.63699382},"geometry":{"type":"Polygon","coordinates":[[[16.504792,43.524825],[16.50479,43.524773],[16.504773,43.524774],[16.504773,43.524814],[16.50477,43.524814],[16.50477,43.524825],[16.504792,43.524825]]]}},{"type":"Feature","properties":{"tlocrt":15.4223795},"geometry":{"type":"Polygon","coordinates":[[[16.504987,43.524975],[16.504985,43.524943],[16.504941,43.524944],[16.504941,43.52494],[16.504931,43.524941],[16.504932,43.524958],[16.504939,43.524958],[16.504939,43.524975],[16.504927,43.524975],[16.504927,43.524978],[16.504987,43.524975]]]}},{"type":"Feature","properties":{"tlocrt":126.41025859,"korisna":83.91872395},"geometry":{"type":"Polygon","coordinates":[[[16.505056,43.524751],[16.505051,43.524641],[16.50492,43.524644],[16.504921,43.524683],[16.504941,43.524683],[16.504942,43.524716],[16.504908,43.524717],[16.504908,43.524728],[16.504922,43.524727],[16.504923,43.524754],[16.505056,43.524751]]]}},{"type":"Feature","properties":{"tlocrt":114.07411017,"korisna":76.04372219},"geometry":{"type":"Polygon","coordinates":[[[16.505033,43.524328],[16.50503,43.524223],[16.504923,43.524225],[16.504923,43.524231],[16.504929,43.524231],[16.504929,43.524269],[16.504915,43.524269],[16.504915,43.524271],[16.504896,43.524271],[16.5049,43.52433],[16.505033,43.524328]]]}},{"type":"Feature","properties":{"tlocrt":11.73863629,"korisna":3.95627781},"geometry":{"type":"Polygon","coordinates":[[[16.504929,43.524269],[16.504929,43.524231],[16.504895,43.524231],[16.504896,43.524271],[16.504915,43.524271],[16.504915,43.524269],[16.504929,43.524269]]]}},{"type":"Feature","properties":{"tlocrt":191.71096682,"korisna":141.89461434},"geometry":{"type":"Polygon","coordinates":[[[16.505499,43.524684],[16.5055,43.524674],[16.505567,43.52468],[16.505584,43.524567],[16.505386,43.524552],[16.505378,43.524605],[16.505384,43.524605],[16.50538,43.524629],[16.505412,43.524631],[16.505407,43.524668],[16.505471,43.524673],[16.50547,43.524682],[16.505499,43.524684]]]}},{"type":"Feature","properties":{"tlocrt":10.45812832},"geometry":{"type":"Polygon","coordinates":[[[16.505155,43.524732],[16.505155,43.524732],[16.505198,43.524732],[16.505197,43.524707],[16.505151,43.524707],[16.505151,43.524732],[16.505155,43.524732]]]}},{"type":"Feature","properties":{"tlocrt":166.88139129,"korisna":108.2989885},"geometry":{"type":"Polygon","coordinates":[[[16.505336,43.524793],[16.505335,43.524672],[16.505254,43.524672],[16.505254,43.524664],[16.505197,43.524664],[16.505198,43.524732],[16.505187,43.524732],[16.505187,43.52478],[16.505184,43.52478],[16.505183,43.524803],[16.505254,43.524802],[16.505254,43.524793],[16.505336,43.524793]]]}},{"type":"Feature","properties":{"tlocrt":157.10795202,"korisna":118.97494499},"geometry":{"type":"Polygon","coordinates":[[[16.505046,43.525617],[16.50517,43.525593],[16.50517,43.525591],[16.505181,43.525588],[16.505168,43.525553],[16.505154,43.525556],[16.505148,43.525539],[16.505178,43.525533],[16.505159,43.525481],[16.505131,43.525487],[16.505128,43.525476],[16.505009,43.525498],[16.505037,43.525576],[16.505021,43.525579],[16.505034,43.525616],[16.505045,43.525614],[16.505046,43.525617]]]}},{"type":"Feature","properties":{"tlocrt":110.25705161,"korisna":77.64269766},"geometry":{"type":"Polygon","coordinates":[[[16.50554,43.525161],[16.505528,43.525117],[16.505534,43.525116],[16.505523,43.525076],[16.505518,43.525076],[16.505515,43.525066],[16.505459,43.525074],[16.50546,43.525078],[16.50544,43.525081],[16.505442,43.525089],[16.505382,43.525096],[16.505391,43.525131],[16.505403,43.525129],[16.505416,43.525179],[16.50554,43.525161]]]}},{"type":"Feature","properties":{"tlocrt":184.40921436,"korisna":107.0535921},"geometry":{"type":"Polygon","coordinates":[[[16.506377,43.525387],[16.506365,43.525351],[16.506355,43.525353],[16.506347,43.52533],[16.506356,43.525328],[16.506342,43.525287],[16.506269,43.525298],[16.506264,43.525282],[16.506205,43.525291],[16.506207,43.525297],[16.506181,43.525301],[16.506169,43.525317],[16.506174,43.525334],[16.506167,43.525335],[16.506196,43.525419],[16.506377,43.525387]]]}},{"type":"Feature","properties":{"tlocrt":125.87359535,"korisna":91.2755572},"geometry":{"type":"Polygon","coordinates":[[[16.50595,43.524889],[16.505971,43.524825],[16.50595,43.524821],[16.505959,43.524793],[16.505917,43.524786],[16.505921,43.524767],[16.505861,43.524758],[16.505844,43.524814],[16.505825,43.524811],[16.505808,43.524866],[16.505844,43.524872],[16.505841,43.52488],[16.505884,43.524887],[16.505887,43.524878],[16.50595,43.524889]]]}},{"type":"Feature","properties":{"tlocrt":35.28537594,"korisna":1.13595769},"geometry":{"type":"Polygon","coordinates":[[[16.505876,43.524623],[16.505887,43.524591],[16.505936,43.5246],[16.505939,43.524558],[16.50592,43.524558],[16.505873,43.52455],[16.505842,43.524617],[16.505876,43.524623]]]}},{"type":"Feature","properties":{"tlocrt":157.72209626,"korisna":113.43114051},"geometry":{"type":"Polygon","coordinates":[[[16.505753,43.524489],[16.50576,43.524451],[16.505763,43.524452],[16.505766,43.524438],[16.505696,43.524431],[16.505695,43.524435],[16.505631,43.524428],[16.505618,43.52449],[16.505629,43.524492],[16.505621,43.524534],[16.505805,43.524553],[16.505816,43.524496],[16.505753,43.524489]]]}},{"type":"Feature","properties":{"tlocrt":171.82599313,"korisna":97.13720532},"geometry":{"type":"Polygon","coordinates":[[[16.50591,43.524259],[16.505909,43.524208],[16.505895,43.524207],[16.505895,43.52421],[16.505826,43.524209],[16.505827,43.524185],[16.505883,43.524186],[16.505884,43.524155],[16.505917,43.524156],[16.505917,43.524137],[16.505892,43.524136],[16.505892,43.524119],[16.505882,43.524119],[16.505883,43.524086],[16.505844,43.524085],[16.505844,43.524078],[16.505786,43.524077],[16.505785,43.524128],[16.505779,43.524128],[16.505779,43.524189],[16.505777,43.524189],[16.505776,43.524259],[16.50591,43.524259]]]}},{"type":"Feature","properties":{"tlocrt":222.38781841,"korisna":173.01890536},"geometry":{"type":"Polygon","coordinates":[[[16.506792,43.524472],[16.506778,43.524464],[16.506686,43.524482],[16.506693,43.524502],[16.506642,43.524513],[16.506708,43.52467],[16.506787,43.524652],[16.506778,43.524632],[16.506826,43.524622],[16.506799,43.524559],[16.506827,43.524553],[16.506792,43.524472]]]}},{"type":"Feature","properties":{"tlocrt":53.29817182,"korisna":34.81864751},"geometry":{"type":"Polygon","coordinates":[[[16.506039,43.523084],[16.506097,43.523049],[16.506033,43.522993],[16.505965,43.523034],[16.505997,43.523062],[16.506007,43.523056],[16.506039,43.523084]]]}},{"type":"Feature","properties":{"tlocrt":9.56752722,"korisna":1.28125},"geometry":{"type":"Polygon","coordinates":[[[16.506517,43.523775],[16.50648,43.523773],[16.506481,43.523775],[16.506467,43.523776],[16.506473,43.523796],[16.506521,43.523796],[16.506517,43.523775]]]}},{"type":"Feature","properties":{"tlocrt":29.70815056,"korisna":19.30643082},"geometry":{"type":"Polygon","coordinates":[[[16.506695,43.523594],[16.50677,43.523572],[16.506749,43.523533],[16.506672,43.52356],[16.506688,43.523585],[16.506689,43.523585],[16.506695,43.523594]]]}},{"type":"Feature","properties":{"tlocrt":100.07855855,"korisna":77.18171973},"geometry":{"type":"Polygon","coordinates":[[[16.506785,43.523632],[16.506754,43.523577],[16.506695,43.523594],[16.506689,43.523585],[16.506616,43.52361],[16.506669,43.52369],[16.506759,43.52366],[16.506749,43.523643],[16.506785,43.523632]]]}},{"type":"Feature","properties":{"tlocrt":600.10706787,"korisna":555.21208708},"geometry":{"type":"Polygon","coordinates":[[[16.501955,43.527809],[16.501952,43.527751],[16.501911,43.527751],[16.501907,43.527658],[16.501948,43.527657],[16.501946,43.527639],[16.501449,43.527649],[16.501449,43.527668],[16.501489,43.527667],[16.501492,43.527746],[16.501521,43.527745],[16.501522,43.527774],[16.501881,43.52782],[16.501882,43.527809],[16.501955,43.527809]]]}},{"type":"Feature","properties":{"tlocrt":14.19717994,"korisna":0.99999999},"geometry":{"type":"Polygon","coordinates":[[[16.48955,43.52388],[16.489533,43.523842],[16.489495,43.523851],[16.489513,43.523889],[16.48955,43.52388]]]}},{"type":"Feature","properties":{"tlocrt":9.37924843},"geometry":{"type":"Polygon","coordinates":[[[16.495295,43.527025],[16.495253,43.527022],[16.495249,43.527047],[16.49529,43.527051],[16.495295,43.527025]]]}},{"type":"Feature","properties":{"tlocrt":100.67702956,"korisna":57.00000003},"geometry":{"type":"Polygon","coordinates":[[[16.495359,43.527057],[16.495375,43.526966],[16.495241,43.526955],[16.495226,43.527045],[16.495249,43.527047],[16.495253,43.527022],[16.495295,43.527025],[16.49529,43.527051],[16.495359,43.527057]]]}},{"type":"Feature","properties":{"tlocrt":7.12265297},"geometry":{"type":"Polygon","coordinates":[[[16.494349,43.526859],[16.494339,43.52682],[16.494319,43.526823],[16.49433,43.526861],[16.494349,43.526859]]]}},{"type":"Feature","properties":{"tlocrt":1.85420743,"korisna":0.08396022},"geometry":{"type":"Polygon","coordinates":[[[16.499364,43.525939],[16.499346,43.525926],[16.499348,43.525932],[16.499348,43.525936],[16.499348,43.525941],[16.499347,43.525945],[16.499345,43.525951],[16.499341,43.525956],[16.499364,43.525939]]]}},{"type":"Feature","properties":{"tlocrt":74.35408237,"korisna":52.19692357},"geometry":{"type":"Polygon","coordinates":[[[16.499346,43.525926],[16.499286,43.525885],[16.499211,43.525938],[16.499285,43.525995],[16.499341,43.525956],[16.499345,43.525951],[16.499347,43.525945],[16.499348,43.525941],[16.499348,43.525936],[16.499348,43.525932],[16.499346,43.525926]]]}},{"type":"Feature","properties":{"tlocrt":99.04629318,"korisna":75.72578094},"geometry":{"type":"Polygon","coordinates":[[[16.505267,43.520312],[16.505316,43.520308],[16.505316,43.52031],[16.505391,43.520303],[16.505391,43.520301],[16.505415,43.520299],[16.505415,43.520301],[16.505564,43.520287],[16.505563,43.520282],[16.50556,43.520282],[16.505559,43.520251],[16.505468,43.520259],[16.5054,43.520264],[16.505322,43.520269],[16.505322,43.520272],[16.505262,43.520277],[16.505267,43.520312]]]}},{"type":"Feature","properties":{"tlocrt":217.8798064,"korisna":138.22426199},"geometry":{"type":"Polygon","coordinates":[[[16.500922,43.522669],[16.500918,43.522657],[16.500911,43.522659],[16.500894,43.522612],[16.500609,43.522687],[16.500612,43.522694],[16.500516,43.522719],[16.500524,43.522735],[16.500522,43.522736],[16.50054,43.522772],[16.500922,43.522669]]]}},{"type":"Feature","properties":{"tlocrt":422.67498953,"korisna":355.55668405},"geometry":{"type":"Polygon","coordinates":[[[16.492056,43.522914],[16.491889,43.522572],[16.491767,43.522605],[16.491933,43.522946],[16.492056,43.522914]]]}},{"type":"Feature","properties":{"tlocrt":1413.71843124,"korisna":1273.48263759},"geometry":{"type":"Polygon","coordinates":[[[16.492453,43.523023],[16.492514,43.522993],[16.492527,43.522989],[16.492533,43.522984],[16.492638,43.522955],[16.4927,43.522939],[16.49277,43.522897],[16.492915,43.522861],[16.492844,43.52271],[16.491928,43.522947],[16.492056,43.523054],[16.492246,43.523004],[16.492277,43.523068],[16.492453,43.523023]]]}},{"type":"Feature","properties":{"tlocrt":18.04359183,"korisna":13.54610097},"geometry":{"type":"Polygon","coordinates":[[[16.493638,43.527813],[16.493594,43.52781],[16.493587,43.527854],[16.493632,43.527858],[16.493638,43.527813]]]}},{"type":"Feature","properties":{"tlocrt":17.69366331,"korisna":9.73458222},"geometry":{"type":"Polygon","coordinates":[[[16.493672,43.527801],[16.493639,43.5278],[16.493632,43.527858],[16.493667,43.52786],[16.493672,43.527801]]]}},{"type":"Feature","properties":{"tlocrt":25.1850943,"korisna":13.88847613},"geometry":{"type":"Polygon","coordinates":[[[16.493596,43.527797],[16.493548,43.527794],[16.493539,43.527851],[16.493587,43.527854],[16.493596,43.527797]]]}},{"type":"Feature","properties":{"tlocrt":30.67151615,"korisna":15.08399689},"geometry":{"type":"Polygon","coordinates":[[[16.505021,43.521941],[16.505014,43.521911],[16.504903,43.521928],[16.50491,43.521957],[16.505021,43.521941]]]}},{"type":"Feature","properties":{"tlocrt":47.17158689,"korisna":9.64644026},"geometry":{"type":"Polygon","coordinates":[[[16.504329,43.52245],[16.504324,43.522402],[16.504214,43.522411],[16.504221,43.522459],[16.504329,43.52245]]]}},{"type":"Feature","properties":{"tlocrt":50.9740031,"korisna":34.93554387},"geometry":{"type":"Polygon","coordinates":[[[16.504324,43.522402],[16.504315,43.522351],[16.504206,43.52236],[16.504214,43.522411],[16.504324,43.522402]]]}},{"type":"Feature","properties":{"tlocrt":14.10345214,"korisna":6.62455844},"geometry":{"type":"Polygon","coordinates":[[[16.504525,43.522474],[16.504517,43.522435],[16.504478,43.522439],[16.504487,43.522479],[16.504525,43.522474]]]}},{"type":"Feature","properties":{"tlocrt":13.73095532,"korisna":11.97672119},"geometry":{"type":"Polygon","coordinates":[[[16.505525,43.522157],[16.505518,43.522126],[16.505471,43.522131],[16.505477,43.522163],[16.505525,43.522157]]]}},{"type":"Feature","properties":{"tlocrt":21.35146885,"korisna":10.53763638},"geometry":{"type":"Polygon","coordinates":[[[16.505661,43.522157],[16.505656,43.522125],[16.505582,43.522131],[16.505588,43.522164],[16.505661,43.522157]]]}},{"type":"Feature","properties":{"tlocrt":7.9457466},"geometry":{"type":"Polygon","coordinates":[[[16.505471,43.522221],[16.505464,43.52219],[16.505437,43.522193],[16.505444,43.522224],[16.505471,43.522221]]]}},{"type":"Feature","properties":{"tlocrt":8.89958723,"korisna":4.14595256},"geometry":{"type":"Polygon","coordinates":[[[16.505314,43.522232],[16.505313,43.5222],[16.505282,43.522201],[16.505283,43.522233],[16.505314,43.522232]]]}},{"type":"Feature","properties":{"tlocrt":37.24419332,"korisna":0.70104175},"geometry":{"type":"Polygon","coordinates":[[[16.505506,43.522266],[16.505564,43.52226],[16.505562,43.522244],[16.505581,43.522242],[16.505581,43.52224],[16.505578,43.522241],[16.505573,43.522214],[16.505472,43.522224],[16.505479,43.522263],[16.505506,43.522261],[16.505506,43.522266]]]}},{"type":"Feature","properties":{"tlocrt":2.85225469},"geometry":{"type":"Polygon","coordinates":[[[16.505583,43.522258],[16.505581,43.522242],[16.505562,43.522244],[16.505564,43.52226],[16.505583,43.522258]]]}},{"type":"Feature","properties":{"tlocrt":6.60391977,"korisna":1.29895871},"geometry":{"type":"Polygon","coordinates":[[[16.50548,43.522265],[16.50548,43.522263],[16.505479,43.522263],[16.505473,43.522234],[16.505454,43.522235],[16.505454,43.522258],[16.505447,43.522259],[16.505446,43.522262],[16.505456,43.522266],[16.50548,43.522265]]]}},{"type":"Feature","properties":{"tlocrt":4.13725302,"korisna":1.59617168},"geometry":{"type":"Polygon","coordinates":[[[16.505402,43.522231],[16.505401,43.522214],[16.505375,43.522214],[16.505376,43.522232],[16.505402,43.522231]]]}},{"type":"Feature","properties":{"tlocrt":29.73132574,"korisna":13.00000001},"geometry":{"type":"Polygon","coordinates":[[[16.504907,43.521927],[16.504899,43.521895],[16.504816,43.521905],[16.504828,43.521945],[16.504905,43.521935],[16.504903,43.521928],[16.504907,43.521927]]]}},{"type":"Feature","properties":{"tlocrt":6.75460071,"korisna":0.5547536},"geometry":{"type":"Polygon","coordinates":[[[16.505056,43.521926],[16.505042,43.521906],[16.505014,43.521909],[16.505019,43.521932],[16.505056,43.521926]]]}},{"type":"Feature","properties":{"tlocrt":13.09922379,"korisna":9.93466289},"geometry":{"type":"Polygon","coordinates":[[[16.505549,43.521605],[16.505537,43.521553],[16.505509,43.521556],[16.505523,43.521609],[16.505549,43.521605]]]}},{"type":"Feature","properties":{"tlocrt":39.52807603,"korisna":29.561098},"geometry":{"type":"Polygon","coordinates":[[[16.505504,43.521686],[16.505497,43.521652],[16.505373,43.521669],[16.505382,43.521705],[16.50539,43.521704],[16.50539,43.521702],[16.505504,43.521686]]]}},{"type":"Feature","properties":{"tlocrt":189.47187007,"korisna":152.61550395},"geometry":{"type":"Polygon","coordinates":[[[16.505554,43.52023],[16.505553,43.5202],[16.505228,43.520215],[16.505183,43.520251],[16.505182,43.520288],[16.505234,43.520287],[16.505234,43.520272],[16.505317,43.52027],[16.5054,43.520264],[16.505468,43.520259],[16.505559,43.520251],[16.505558,43.52023],[16.505554,43.52023]]]}},{"type":"Feature","properties":{"tlocrt":76.65125255,"korisna":56.91199727},"geometry":{"type":"Polygon","coordinates":[[[16.504724,43.520038],[16.504873,43.520011],[16.504853,43.519957],[16.504706,43.519984],[16.504711,43.519998],[16.504708,43.519998],[16.504714,43.520019],[16.504717,43.520018],[16.504724,43.520038]]]}},{"type":"Feature","properties":{"tlocrt":4.93079442},"geometry":{"type":"Polygon","coordinates":[[[16.504724,43.520038],[16.504717,43.520018],[16.504714,43.520019],[16.504714,43.520017],[16.504691,43.520019],[16.504698,43.52004],[16.504724,43.520038]]]}},{"type":"Feature","properties":{"tlocrt":15.3509973,"korisna":7.92510049},"geometry":{"type":"Polygon","coordinates":[[[16.50268,43.520424],[16.502674,43.520402],[16.502653,43.520405],[16.50265,43.520392],[16.502616,43.520398],[16.502626,43.520433],[16.50268,43.520424]]]}},{"type":"Feature","properties":{"tlocrt":13.95256559,"korisna":1.8334646},"geometry":{"type":"Polygon","coordinates":[[[16.50542,43.519936],[16.505384,43.519936],[16.505386,43.51997],[16.505391,43.519978],[16.505398,43.519981],[16.505409,43.519982],[16.505421,43.519982],[16.50542,43.519936]]]}},{"type":"Feature","properties":{"tlocrt":5.45260523},"geometry":{"type":"Polygon","coordinates":[[[16.505408,43.519894],[16.505408,43.51989],[16.505368,43.51989],[16.505367,43.51991],[16.505388,43.51991],[16.50539,43.519905],[16.505396,43.5199],[16.505405,43.519895],[16.505408,43.519894]]]}},{"type":"Feature","properties":{"tlocrt":140.52323856,"korisna":106.18949848},"geometry":{"type":"Polygon","coordinates":[[[16.501345,43.522735],[16.501319,43.52266],[16.501191,43.522693],[16.501199,43.52271],[16.501116,43.522731],[16.501148,43.52279],[16.501345,43.522735]]]}},{"type":"Feature","properties":{"tlocrt":120.07249633,"korisna":74.4846398},"geometry":{"type":"Polygon","coordinates":[[[16.500828,43.521695],[16.50073,43.521492],[16.500671,43.521506],[16.500769,43.521709],[16.500828,43.521695]]]}},{"type":"Feature","properties":{"tlocrt":130.6632624,"korisna":83.13933349},"geometry":{"type":"Polygon","coordinates":[[[16.500496,43.521649],[16.500483,43.521604],[16.500168,43.521655],[16.50018,43.521699],[16.500496,43.521649]]]}},{"type":"Feature","properties":{"tlocrt":130.89034282,"korisna":83.41863893},"geometry":{"type":"Polygon","coordinates":[[[16.500484,43.521587],[16.50047,43.521544],[16.500155,43.521593],[16.500168,43.521638],[16.500484,43.521587]]]}},{"type":"Feature","properties":{"tlocrt":84.81222562,"korisna":49.45654978},"geometry":{"type":"Polygon","coordinates":[[[16.500682,43.521721],[16.500634,43.521572],[16.500574,43.521583],[16.500622,43.521732],[16.500682,43.521721]]]}},{"type":"Feature","properties":{"tlocrt":23.20112094,"korisna":13.62554228},"geometry":{"type":"Polygon","coordinates":[[[16.500924,43.522209],[16.500903,43.522148],[16.500863,43.522156],[16.500885,43.522217],[16.500924,43.522209]]]}},{"type":"Feature","properties":{"tlocrt":150.31299889,"korisna":65.91084516},"geometry":{"type":"Polygon","coordinates":[[[16.500548,43.522786],[16.500522,43.522736],[16.50023,43.522814],[16.500255,43.522864],[16.500548,43.522786]]]}},{"type":"Feature","properties":{"tlocrt":108.59549139,"korisna":76.56723073},"geometry":{"type":"Polygon","coordinates":[[[16.49769,43.522563],[16.497618,43.522502],[16.497506,43.522576],[16.497577,43.522636],[16.49769,43.522563]]]}},{"type":"Feature","properties":{"tlocrt":36.68364122,"korisna":21.93985223},"geometry":{"type":"Polygon","coordinates":[[[16.498196,43.521826],[16.498166,43.521795],[16.498079,43.521838],[16.498109,43.52187],[16.498196,43.521826]]]}},{"type":"Feature","properties":{"tlocrt":200.59217713,"korisna":162.64437534},"geometry":{"type":"Polygon","coordinates":[[[16.498661,43.521936],[16.498602,43.521867],[16.498369,43.521973],[16.498425,43.522042],[16.498661,43.521936]]]}},{"type":"Feature","properties":{"tlocrt":10.43895068,"korisna":4.43375566},"geometry":{"type":"Polygon","coordinates":[[[16.498095,43.521359],[16.498072,43.521333],[16.49804,43.521348],[16.498062,43.521374],[16.498095,43.521359]]]}},{"type":"Feature","properties":{"tlocrt":13.84876262,"korisna":4.26773294},"geometry":{"type":"Polygon","coordinates":[[[16.498482,43.520564],[16.498474,43.520526],[16.498435,43.52053],[16.498444,43.520569],[16.498482,43.520564]]]}},{"type":"Feature","properties":{"tlocrt":5.49005509,"korisna":1.2330741},"geometry":{"type":"Polygon","coordinates":[[[16.496791,43.521005],[16.496768,43.521005],[16.496767,43.521031],[16.496791,43.521031],[16.496791,43.521005]]]}},{"type":"Feature","properties":{"tlocrt":11.53905751},"geometry":{"type":"Polygon","coordinates":[[[16.496838,43.521032],[16.496791,43.521031],[16.496789,43.521059],[16.496837,43.521059],[16.496838,43.521032]]]}},{"type":"Feature","properties":{"tlocrt":17.01922142,"korisna":2.64834534},"geometry":{"type":"Polygon","coordinates":[[[16.496858,43.520955],[16.496829,43.520954],[16.496828,43.520961],[16.49682,43.520961],[16.496819,43.520984],[16.496839,43.520984],[16.496838,43.521031],[16.496856,43.521031],[16.496858,43.520955]]]}},{"type":"Feature","properties":{"tlocrt":21.00803565,"korisna":13.05279232},"geometry":{"type":"Polygon","coordinates":[[[16.506308,43.519797],[16.506295,43.519761],[16.506262,43.519767],[16.506284,43.519836],[16.506315,43.519831],[16.506303,43.519798],[16.506308,43.519797]]]}},{"type":"Feature","properties":{"tlocrt":11.08997644,"korisna":3.63815411},"geometry":{"type":"Polygon","coordinates":[[[16.50619,43.519859],[16.506244,43.519849],[16.506244,43.519851],[16.506247,43.519851],[16.50624,43.519829],[16.506181,43.519839],[16.50619,43.519859]]]}},{"type":"Feature","properties":{"tlocrt":827.71279742,"korisna":633.65496315},"geometry":{"type":"Polygon","coordinates":[[[16.488052,43.523201],[16.488693,43.523119],[16.488679,43.523051],[16.488129,43.523122],[16.488099,43.522991],[16.488037,43.522998],[16.488018,43.522913],[16.48826,43.522883],[16.488244,43.522814],[16.487908,43.522857],[16.487955,43.523057],[16.488015,43.523049],[16.488052,43.523201]]]}},{"type":"Feature","properties":{"tlocrt":228.36161653,"korisna":95.88097782},"geometry":{"type":"Polygon","coordinates":[[[16.48928,43.523178],[16.489259,43.523126],[16.489082,43.523165],[16.489026,43.523025],[16.488952,43.523041],[16.489032,43.523234],[16.48928,43.523178]]]}},{"type":"Feature","properties":{"tlocrt":206.62845243,"korisna":149.75632082},"geometry":{"type":"Polygon","coordinates":[[[16.489421,43.523147],[16.489345,43.522898],[16.489273,43.522909],[16.489334,43.523111],[16.48926,43.523128],[16.48928,43.523178],[16.489421,43.523147]]]}},{"type":"Feature","properties":{"tlocrt":12.13220189,"korisna":5.25761177},"geometry":{"type":"Polygon","coordinates":[[[16.491933,43.522979],[16.491918,43.522963],[16.491881,43.522979],[16.491892,43.522994],[16.491928,43.523007],[16.491933,43.522979]]]}},{"type":"Feature","properties":{"tlocrt":24.55527739,"korisna":12},"geometry":{"type":"Polygon","coordinates":[[[16.4918,43.522839],[16.491782,43.522801],[16.491718,43.522819],[16.491737,43.522857],[16.4918,43.522839]]]}},{"type":"Feature","properties":{"tlocrt":23.02155846,"korisna":7},"geometry":{"type":"Polygon","coordinates":[[[16.492035,43.523115],[16.49201,43.523083],[16.49195,43.523108],[16.491976,43.52314],[16.492035,43.523115]]]}},{"type":"Feature","properties":{"tlocrt":56.68680263,"korisna":23.11264093},"geometry":{"type":"Polygon","coordinates":[[[16.492199,43.523106],[16.49215,43.523029],[16.49208,43.523047],[16.492136,43.523128],[16.492199,43.523106]]]}},{"type":"Feature","properties":{"tlocrt":109.13845759,"korisna":86.04154086},"geometry":{"type":"Polygon","coordinates":[[[16.491827,43.522729],[16.491767,43.522605],[16.491655,43.522634],[16.491673,43.522671],[16.49171,43.522662],[16.491753,43.522749],[16.491827,43.522729]]]}},{"type":"Feature","properties":{"tlocrt":32.38661651,"korisna":17.62621444},"geometry":{"type":"Polygon","coordinates":[[[16.493276,43.522129],[16.493253,43.522084],[16.493183,43.522102],[16.493204,43.522147],[16.493276,43.522129]]]}},{"type":"Feature","properties":{"tlocrt":13.66531942,"korisna":0.18711627},"geometry":{"type":"Polygon","coordinates":[[[16.493264,43.523102],[16.493315,43.52309],[16.493316,43.523092],[16.493319,43.523091],[16.493304,43.523065],[16.493248,43.523081],[16.493258,43.523101],[16.493261,43.5231],[16.493264,43.523106],[16.493266,43.523105],[16.493264,43.523102]]]}},{"type":"Feature","properties":{"tlocrt":138.78498704,"korisna":68.82304628},"geometry":{"type":"Polygon","coordinates":[[[16.493829,43.522857],[16.49379,43.522757],[16.493647,43.522788],[16.493684,43.522886],[16.493829,43.522857]]]}},{"type":"Feature","properties":{"tlocrt":90.51965693,"korisna":45.37617192},"geometry":{"type":"Polygon","coordinates":[[[16.493919,43.52281],[16.493884,43.522707],[16.493815,43.522721],[16.493824,43.522751],[16.49379,43.522757],[16.493818,43.522828],[16.493919,43.52281]]]}},{"type":"Feature","properties":{"tlocrt":22.88619184,"korisna":12.83433183},"geometry":{"type":"Polygon","coordinates":[[[16.493683,43.522883],[16.493663,43.522832],[16.493619,43.52284],[16.493635,43.522893],[16.493683,43.522883]]]}},{"type":"Feature","properties":{"tlocrt":42.66098445,"korisna":27.5277588},"geometry":{"type":"Polygon","coordinates":[[[16.493788,43.522758],[16.493766,43.522716],[16.493658,43.522745],[16.493679,43.522781],[16.493788,43.522758]]]}},{"type":"Feature","properties":{"tlocrt":61.01446805,"korisna":34.19360152},"geometry":{"type":"Polygon","coordinates":[[[16.494771,43.521686],[16.494744,43.521581],[16.49468,43.52159],[16.494703,43.52168],[16.494714,43.521678],[16.494718,43.521694],[16.494771,43.521686]]]}},{"type":"Feature","properties":{"tlocrt":27.98760394},"geometry":{"type":"Polygon","coordinates":[[[16.4934,43.528261],[16.493399,43.528202],[16.493347,43.528203],[16.493347,43.528262],[16.4934,43.528261]]]}},{"type":"Feature","properties":{"tlocrt":8.04430612},"geometry":{"type":"Polygon","coordinates":[[[16.4934,43.528279],[16.4934,43.528261],[16.493347,43.528262],[16.493347,43.528278],[16.4934,43.528279]]]}},{"type":"Feature","properties":{"tlocrt":7.53622278,"korisna":2.42886102},"geometry":{"type":"Polygon","coordinates":[[[16.493279,43.528157],[16.493262,43.528157],[16.493262,43.528204],[16.493281,43.528204],[16.493279,43.528157]]]}},{"type":"Feature","properties":{"tlocrt":47.74815641,"korisna":8.8903369},"geometry":{"type":"Polygon","coordinates":[[[16.492936,43.527958],[16.492936,43.527953],[16.49287,43.527954],[16.492872,43.527996],[16.493,43.527998],[16.492999,43.527958],[16.492936,43.527958]]]}},{"type":"Feature","properties":{"tlocrt":159.68937749,"korisna":71.68056251},"geometry":{"type":"Polygon","coordinates":[[[16.49275,43.527442],[16.49272,43.527313],[16.492585,43.527332],[16.492615,43.527459],[16.49275,43.527442]]]}},{"type":"Feature","properties":{"tlocrt":42.7932593,"korisna":21.09039307},"geometry":{"type":"Polygon","coordinates":[[[16.493016,43.527542],[16.492897,43.527532],[16.492892,43.527572],[16.493013,43.527581],[16.493016,43.527542]]]}},{"type":"Feature","properties":{"tlocrt":30.48846076,"korisna":15.99727334},"geometry":{"type":"Polygon","coordinates":[[[16.493264,43.527652],[16.493185,43.527641],[16.493174,43.527682],[16.493255,43.527694],[16.493264,43.527652]]]}},{"type":"Feature","properties":{"tlocrt":13.75095966,"korisna":0.00272666},"geometry":{"type":"Polygon","coordinates":[[[16.493255,43.527694],[16.493174,43.527682],[16.49317,43.5277],[16.49325,43.527711],[16.493255,43.527694]]]}},{"type":"Feature","properties":{"tlocrt":24.4791515,"korisna":3.60844555},"geometry":{"type":"Polygon","coordinates":[[[16.493654,43.527935],[16.49366,43.527901],[16.493583,43.527896],[16.493581,43.52791],[16.493577,43.52791],[16.493577,43.527912],[16.493575,43.52793],[16.493654,43.527935]]]}},{"type":"Feature","properties":{"tlocrt":34.01214442,"korisna":5.00000001},"geometry":{"type":"Polygon","coordinates":[[[16.493562,43.527983],[16.493495,43.527977],[16.493486,43.528032],[16.493555,43.528037],[16.493562,43.527983]]]}},{"type":"Feature","properties":{"tlocrt":22.20839992},"geometry":{"type":"Polygon","coordinates":[[[16.493973,43.528732],[16.493967,43.528694],[16.493954,43.528695],[16.493955,43.528701],[16.493894,43.528705],[16.493899,43.528737],[16.493973,43.528732]]]}},{"type":"Feature","properties":{"tlocrt":5.6595173},"geometry":{"type":"Polygon","coordinates":[[[16.493688,43.528933],[16.493687,43.528912],[16.493656,43.528913],[16.493656,43.528933],[16.493688,43.528933]]]}},{"type":"Feature","properties":{"tlocrt":50.16488452,"korisna":12.64038085},"geometry":{"type":"Polygon","coordinates":[[[16.493965,43.528904],[16.493958,43.528826],[16.493902,43.528829],[16.493903,43.528849],[16.493883,43.52885],[16.493885,43.5289],[16.493896,43.5289],[16.493896,43.528907],[16.493965,43.528904]]]}},{"type":"Feature","properties":{"tlocrt":27.32652581,"korisna":10.73129519},"geometry":{"type":"Polygon","coordinates":[[[16.493837,43.528827],[16.493837,43.528815],[16.493842,43.528815],[16.493841,43.528801],[16.493683,43.528806],[16.493683,43.528824],[16.493816,43.52882],[16.493816,43.528827],[16.493837,43.528827]]]}},{"type":"Feature","properties":{"tlocrt":8.33680296,"korisna":1.43802449},"geometry":{"type":"Polygon","coordinates":[[[16.494204,43.528676],[16.494198,43.528664],[16.49416,43.528673],[16.494156,43.528664],[16.494136,43.528669],[16.494145,43.528689],[16.494204,43.528676]]]}},{"type":"Feature","properties":{"tlocrt":40.70894819,"korisna":21.60165501},"geometry":{"type":"Polygon","coordinates":[[[16.494384,43.528662],[16.494371,43.528636],[16.494227,43.528672],[16.494245,43.528701],[16.494384,43.528662]]]}},{"type":"Feature","properties":{"tlocrt":98.27384925,"korisna":34.99999999},"geometry":{"type":"Polygon","coordinates":[[[16.494615,43.529232],[16.494601,43.529154],[16.494464,43.529163],[16.494478,43.529243],[16.494615,43.529232]]]}},{"type":"Feature","properties":{"tlocrt":17.88310237,"korisna":6.28660725},"geometry":{"type":"Polygon","coordinates":[[[16.495238,43.529296],[16.495229,43.529253],[16.495183,43.529259],[16.495193,43.529301],[16.495238,43.529296]]]}},{"type":"Feature","properties":{"tlocrt":14.53423614,"korisna":10.23867972},"geometry":{"type":"Polygon","coordinates":[[[16.496399,43.529148],[16.496389,43.529107],[16.496351,43.529112],[16.496361,43.529153],[16.496399,43.529148]]]}},{"type":"Feature","properties":{"tlocrt":21.27004476,"korisna":0.01715855},"geometry":{"type":"Polygon","coordinates":[[[16.491927,43.523135],[16.491906,43.523111],[16.491833,43.523143],[16.491853,43.523166],[16.491927,43.523135]]]}},{"type":"Feature","properties":{"tlocrt":32.51854715,"korisna":22.25698749},"geometry":{"type":"Polygon","coordinates":[[[16.506665,43.520456],[16.506658,43.520425],[16.506569,43.520434],[16.50658,43.520479],[16.506611,43.520475],[16.506665,43.520456]]]}},{"type":"Feature","properties":{"tlocrt":20.38381049,"korisna":7.21433735},"geometry":{"type":"Polygon","coordinates":[[[16.498797,43.521393],[16.49878,43.521356],[16.498724,43.52137],[16.49874,43.521406],[16.498797,43.521393]]]}},{"type":"Feature","properties":{"tlocrt":18.68227249,"korisna":7.09598663},"geometry":{"type":"Polygon","coordinates":[[[16.499261,43.522163],[16.499255,43.522142],[16.499202,43.522149],[16.4992,43.522149],[16.499214,43.522194],[16.499246,43.522189],[16.499242,43.52217],[16.499257,43.522168],[16.499256,43.522163],[16.499261,43.522163]]]}},{"type":"Feature","properties":{"tlocrt":91.42490188,"korisna":61.91640588},"geometry":{"type":"Polygon","coordinates":[[[16.49951,43.521959],[16.499473,43.521836],[16.499388,43.521851],[16.499408,43.521913],[16.49942,43.521911],[16.499438,43.521972],[16.49951,43.521959]]]}},{"type":"Feature","properties":{"tlocrt":11.05849622,"korisna":2.94071078},"geometry":{"type":"Polygon","coordinates":[[[16.499505,43.522005],[16.499492,43.521963],[16.499463,43.521968],[16.499477,43.522009],[16.499505,43.522005]]]}},{"type":"Feature","properties":{"tlocrt":19.63880051,"korisna":7.67651367},"geometry":{"type":"Polygon","coordinates":[[[16.500499,43.522148],[16.50049,43.52212],[16.500417,43.522133],[16.500427,43.522162],[16.500499,43.522148]]]}},{"type":"Feature","properties":{"tlocrt":260.40145036,"korisna":209.12021947},"geometry":{"type":"Polygon","coordinates":[[[16.506767,43.521523],[16.506646,43.521494],[16.506545,43.521708],[16.506667,43.521737],[16.506767,43.521523]]]}},{"type":"Feature","properties":{"tlocrt":9.24723088,"korisna":3.05513841},"geometry":{"type":"Polygon","coordinates":[[[16.494165,43.529448],[16.49416,43.529431],[16.494102,43.529436],[16.494106,43.529454],[16.494165,43.529448]]]}},{"type":"Feature","properties":{"tlocrt":49.3472576,"korisna":33.79326327},"geometry":{"type":"Polygon","coordinates":[[[16.494192,43.529499],[16.494181,43.529446],[16.49408,43.529457],[16.494091,43.52951],[16.494192,43.529499]]]}},{"type":"Feature","properties":{"tlocrt":48.50759651,"korisna":5.59393961},"geometry":{"type":"Polygon","coordinates":[[[16.493338,43.529232],[16.493338,43.529157],[16.493265,43.529158],[16.493266,43.529232],[16.493338,43.529232]]]}},{"type":"Feature","properties":{"tlocrt":36.9033694,"korisna":3.95703402},"geometry":{"type":"Polygon","coordinates":[[[16.493402,43.529221],[16.493402,43.529157],[16.493338,43.529157],[16.493338,43.529221],[16.493402,43.529221]]]}},{"type":"Feature","properties":{"tlocrt":47.42967901,"korisna":34.94067939},"geometry":{"type":"Polygon","coordinates":[[[16.493401,43.529157],[16.4934,43.529108],[16.493384,43.529108],[16.493384,43.529126],[16.493366,43.529139],[16.493345,43.529127],[16.493345,43.529108],[16.493329,43.529108],[16.493329,43.529121],[16.493286,43.529121],[16.493286,43.529127],[16.493264,43.529141],[16.493241,43.529127],[16.493241,43.52916],[16.493265,43.52916],[16.493265,43.529158],[16.493401,43.529157]]]}},{"type":"Feature","properties":{"tlocrt":1438.30699702,"korisna":1353.83898669},"geometry":{"type":"Polygon","coordinates":[[[16.491487,43.522581],[16.491196,43.522025],[16.491073,43.52206],[16.490947,43.522096],[16.491235,43.522653],[16.491361,43.522617],[16.491487,43.522581]]]}},{"type":"Feature","properties":{"tlocrt":38.81251426,"korisna":29.0073299},"geometry":{"type":"Polygon","coordinates":[[[16.491901,43.523109],[16.491858,43.523058],[16.491842,43.523065],[16.491851,43.523077],[16.491799,43.5231],[16.49183,43.523139],[16.491833,43.523143],[16.491904,43.523112],[16.491901,43.523109]]]}},{"type":"Feature","properties":{"tlocrt":22.36186786,"korisna":3.85278078},"geometry":{"type":"Polygon","coordinates":[[[16.504232,43.522477],[16.504228,43.522458],[16.504221,43.522459],[16.504217,43.522427],[16.504213,43.522407],[16.50418,43.522409],[16.504183,43.52243],[16.504192,43.522481],[16.504232,43.522477]]]}},{"type":"Feature","properties":{"tlocrt":27.69227176,"korisna":6.00000001},"geometry":{"type":"Polygon","coordinates":[[[16.50465,43.522185],[16.504581,43.522182],[16.504579,43.522205],[16.504578,43.522226],[16.504647,43.522229],[16.504649,43.522208],[16.50465,43.522185]]]}},{"type":"Feature","properties":{"tlocrt":54.71434375,"korisna":40.14913474},"geometry":{"type":"Polygon","coordinates":[[[16.505588,43.522164],[16.505586,43.522151],[16.505582,43.522131],[16.505656,43.522125],[16.50565,43.522089],[16.505529,43.522101],[16.505532,43.522119],[16.505514,43.52212],[16.505515,43.522126],[16.505518,43.522126],[16.505525,43.522157],[16.505567,43.522153],[16.50557,43.522166],[16.505588,43.522164]]]}},{"type":"Feature","properties":{"tlocrt":23.06644305,"korisna":17.50841073},"geometry":{"type":"Polygon","coordinates":[[[16.50537,43.522205],[16.505371,43.522199],[16.505343,43.5222],[16.505313,43.5222],[16.505314,43.522236],[16.505346,43.522248],[16.505376,43.522235],[16.505375,43.522211],[16.50537,43.522205]]]}},{"type":"Feature","properties":{"tlocrt":9.82658252,"korisna":3.82768777},"geometry":{"type":"Polygon","coordinates":[[[16.505373,43.522249],[16.505372,43.522236],[16.505346,43.522248],[16.505318,43.522237],[16.505318,43.522251],[16.505319,43.522263],[16.505373,43.522262],[16.505373,43.522249]]]}},{"type":"Feature","properties":{"tlocrt":21.57400283,"korisna":6.69356598},"geometry":{"type":"Polygon","coordinates":[[[16.505454,43.522244],[16.505454,43.522229],[16.505376,43.522232],[16.505376,43.522235],[16.505372,43.522236],[16.505373,43.522247],[16.505373,43.522262],[16.505454,43.522258],[16.505454,43.522244]]]}},{"type":"Feature","properties":{"tlocrt":140.2572457,"korisna":73.04985679},"geometry":{"type":"Polygon","coordinates":[[[16.505521,43.5216],[16.505509,43.521554],[16.505346,43.521576],[16.505358,43.521622],[16.505371,43.521669],[16.505533,43.521647],[16.505521,43.5216]]]}},{"type":"Feature","properties":{"tlocrt":53.87419232,"korisna":25.71069841},"geometry":{"type":"Polygon","coordinates":[[[16.505349,43.521576],[16.505347,43.52157],[16.505286,43.521575],[16.505287,43.52158],[16.505282,43.52158],[16.505297,43.521631],[16.505308,43.521671],[16.505369,43.521662],[16.505358,43.521622],[16.505346,43.521576],[16.505349,43.521576]]]}},{"type":"Feature","properties":{"tlocrt":99.42172498,"korisna":71.34099391},"geometry":{"type":"Polygon","coordinates":[[[16.505703,43.521606],[16.505685,43.521534],[16.505611,43.521543],[16.505537,43.521553],[16.505554,43.521626],[16.505628,43.521616],[16.505703,43.521606]]]}},{"type":"Feature","properties":{"tlocrt":16.62563308,"korisna":11.41633219},"geometry":{"type":"Polygon","coordinates":[[[16.505474,43.519881],[16.505456,43.519881],[16.505455,43.51992],[16.505476,43.519938],[16.505494,43.519921],[16.505494,43.519882],[16.505474,43.519881]]]}},{"type":"Feature","properties":{"tlocrt":86.08487576,"korisna":25.73378176},"geometry":{"type":"Polygon","coordinates":[[[16.505536,43.519938],[16.505534,43.519883],[16.505494,43.519884],[16.505494,43.519921],[16.505476,43.519938],[16.505455,43.51992],[16.505456,43.519884],[16.505419,43.519884],[16.50542,43.519939],[16.505421,43.519982],[16.505538,43.519982],[16.505536,43.519938]]]}},{"type":"Feature","properties":{"tlocrt":5.27591173,"korisna":4.54895307},"geometry":{"type":"Polygon","coordinates":[[[16.505785,43.519807],[16.505779,43.519791],[16.505766,43.519793],[16.505754,43.519796],[16.50576,43.519812],[16.505777,43.519822],[16.505785,43.519807]]]}},{"type":"Feature","properties":{"tlocrt":5.38289195,"korisna":4.78436715},"geometry":{"type":"Polygon","coordinates":[[[16.505817,43.5198],[16.505811,43.519785],[16.505798,43.519787],[16.505785,43.51979],[16.505792,43.519805],[16.505809,43.519816],[16.505817,43.5198]]]}},{"type":"Feature","properties":{"tlocrt":19.92877442,"korisna":8.06576241},"geometry":{"type":"Polygon","coordinates":[[[16.505773,43.519712],[16.505756,43.519669],[16.505731,43.519674],[16.505708,43.519679],[16.505726,43.519722],[16.50575,43.519717],[16.505773,43.519712]]]}},{"type":"Feature","properties":{"tlocrt":21.77838479,"korisna":5.96804295},"geometry":{"type":"Polygon","coordinates":[[[16.500214,43.520519],[16.500204,43.5205],[16.500155,43.520517],[16.500159,43.520524],[16.500148,43.520528],[16.500154,43.520539],[16.500164,43.520556],[16.500223,43.520535],[16.500214,43.520519]]]}},{"type":"Feature","properties":{"tlocrt":29.0718772,"korisna":12.3955078},"geometry":{"type":"Polygon","coordinates":[[[16.500526,43.521742],[16.500509,43.521689],[16.500481,43.521694],[16.500451,43.521699],[16.500468,43.521752],[16.500496,43.521747],[16.500526,43.521742]]]}},{"type":"Feature","properties":{"tlocrt":803.03537327,"korisna":703.62247365},"geometry":{"type":"Polygon","coordinates":[[[16.501158,43.522612],[16.501094,43.52243],[16.501011,43.522446],[16.500926,43.522209],[16.500844,43.522225],[16.500762,43.52224],[16.500911,43.522659],[16.500993,43.522643],[16.501158,43.522612]]]}},{"type":"Feature","properties":{"tlocrt":283.43941999,"korisna":233.045903},"geometry":{"type":"Polygon","coordinates":[[[16.500885,43.522217],[16.500799,43.521976],[16.500738,43.521988],[16.500676,43.521999],[16.500762,43.52224],[16.500823,43.522229],[16.500885,43.522217]]]}},{"type":"Feature","properties":{"tlocrt":471.72580372,"korisna":372.16638184},"geometry":{"type":"Polygon","coordinates":[[[16.500589,43.522647],[16.500559,43.522587],[16.500169,43.522691],[16.500199,43.522751],[16.50023,43.522814],[16.500524,43.522735],[16.500516,43.522719],[16.500612,43.522694],[16.500589,43.522647]]]}},{"type":"Feature","properties":{"tlocrt":343.56229733,"korisna":286.26193769},"geometry":{"type":"Polygon","coordinates":[[[16.497431,43.522604],[16.4974,43.522572],[16.497029,43.522762],[16.497061,43.522794],[16.497096,43.52283],[16.497468,43.522641],[16.497431,43.522604]]]}},{"type":"Feature","properties":{"tlocrt":58.79512722,"korisna":32.96288258},"geometry":{"type":"Polygon","coordinates":[[[16.498372,43.520828],[16.498367,43.520821],[16.498296,43.520847],[16.498325,43.520889],[16.498356,43.520933],[16.498407,43.520913],[16.498389,43.520886],[16.498392,43.520864],[16.498366,43.52083],[16.498372,43.520828]]]}},{"type":"Feature","properties":{"tlocrt":60.97761158,"korisna":46.16602633},"geometry":{"type":"Polygon","coordinates":[[[16.498484,43.520885],[16.49843,43.520806],[16.498366,43.52083],[16.498392,43.520864],[16.498389,43.520886],[16.498407,43.520913],[16.498423,43.520908],[16.498484,43.520885]]]}},{"type":"Feature","properties":{"tlocrt":22.18394146,"korisna":6.72247436},"geometry":{"type":"Polygon","coordinates":[[[16.4985,43.520652],[16.498495,43.520608],[16.498466,43.52061],[16.498438,43.520612],[16.498445,43.520656],[16.498471,43.520654],[16.4985,43.520652]]]}},{"type":"Feature","properties":{"tlocrt":15.47102797,"korisna":7.27752401},"geometry":{"type":"Polygon","coordinates":[[[16.498506,43.520682],[16.498503,43.520652],[16.498473,43.520654],[16.498445,43.520656],[16.498448,43.520685],[16.498477,43.520684],[16.498506,43.520682]]]}},{"type":"Feature","properties":{"tlocrt":113.88408328,"korisna":87.52929185},"geometry":{"type":"Polygon","coordinates":[[[16.506438,43.519794],[16.506421,43.519741],[16.506295,43.519761],[16.506308,43.519797],[16.506303,43.519798],[16.506309,43.519815],[16.506323,43.519856],[16.506452,43.519836],[16.506438,43.519794]]]}},{"type":"Feature","properties":{"tlocrt":18.55477999,"korisna":7.00247089},"geometry":{"type":"Polygon","coordinates":[[[16.50625,43.519868],[16.506244,43.519849],[16.50619,43.519859],[16.506195,43.519877],[16.5062,43.519894],[16.506256,43.519886],[16.50625,43.519868]]]}},{"type":"Feature","properties":{"tlocrt":127.14094517,"korisna":53.87243653},"geometry":{"type":"Polygon","coordinates":[[[16.491139,43.523183],[16.491103,43.523122],[16.491004,43.523151],[16.491038,43.523206],[16.49101,43.523214],[16.491015,43.523223],[16.491043,43.523268],[16.491167,43.523228],[16.491139,43.523183]]]}},{"type":"Feature","properties":{"tlocrt":304.02633701,"korisna":247.81407127},"geometry":{"type":"Polygon","coordinates":[[[16.491764,43.522506],[16.491645,43.522267],[16.491584,43.522283],[16.49152,43.522299],[16.491637,43.522538],[16.491701,43.522522],[16.491764,43.522506]]]}},{"type":"Feature","properties":{"tlocrt":18.42989712,"korisna":5.00000001},"geometry":{"type":"Polygon","coordinates":[[[16.491653,43.522984],[16.491642,43.522968],[16.491592,43.522986],[16.491603,43.523003],[16.491614,43.523019],[16.491665,43.523001],[16.491653,43.522984]]]}},{"type":"Feature","properties":{"tlocrt":2090.17376543,"korisna":1910.60625754},"geometry":{"type":"Polygon","coordinates":[[[16.493072,43.522526],[16.493017,43.522416],[16.49208,43.52266],[16.492135,43.522771],[16.492189,43.52288],[16.493127,43.522637],[16.493072,43.522526]]]}},{"type":"Feature","properties":{"tlocrt":14.25345834,"korisna":5.77047416},"geometry":{"type":"Polygon","coordinates":[[[16.493321,43.523103],[16.493315,43.52309],[16.493264,43.523102],[16.493272,43.523117],[16.493281,43.523131],[16.493328,43.523118],[16.493321,43.523103]]]}},{"type":"Feature","properties":{"tlocrt":19.33832384,"korisna":6.00000001},"geometry":{"type":"Polygon","coordinates":[[[16.493855,43.522894],[16.493846,43.522878],[16.493791,43.522889],[16.493797,43.522906],[16.493804,43.522925],[16.493863,43.522911],[16.493855,43.522894]]]}},{"type":"Feature","properties":{"tlocrt":115.34957222,"korisna":44.64038087},"geometry":{"type":"Polygon","coordinates":[[[16.494394,43.52273],[16.49439,43.522687],[16.494243,43.522698],[16.494247,43.522741],[16.494251,43.522784],[16.494398,43.522774],[16.494394,43.52273]]]}},{"type":"Feature","properties":{"tlocrt":76.12294837,"korisna":34.66295646},"geometry":{"type":"Polygon","coordinates":[[[16.493908,43.522587],[16.493878,43.522501],[16.493834,43.522509],[16.493784,43.522519],[16.493814,43.522602],[16.493863,43.522594],[16.493908,43.522587]]]}},{"type":"Feature","properties":{"tlocrt":25.4988763,"korisna":10.73339319},"geometry":{"type":"Polygon","coordinates":[[[16.494005,43.522498],[16.493986,43.522442],[16.493961,43.522448],[16.493937,43.522454],[16.493958,43.522508],[16.493981,43.522503],[16.494005,43.522498]]]}},{"type":"Feature","properties":{"tlocrt":11.29054408},"geometry":{"type":"Polygon","coordinates":[[[16.493344,43.528339],[16.493343,43.528321],[16.493283,43.528323],[16.493275,43.528324],[16.493278,43.528343],[16.493285,43.528342],[16.493344,43.528339]]]}},{"type":"Feature","properties":{"tlocrt":41.57819373,"korisna":13.640625},"geometry":{"type":"Polygon","coordinates":[[[16.492986,43.527933],[16.492985,43.527889],[16.492933,43.527892],[16.492878,43.527895],[16.49288,43.527937],[16.492934,43.527935],[16.492986,43.527933]]]}},{"type":"Feature","properties":{"tlocrt":19.66183718,"korisna":12.09742414},"geometry":{"type":"Polygon","coordinates":[[[16.492986,43.527958],[16.492986,43.527933],[16.492934,43.527935],[16.49288,43.527937],[16.492881,43.527954],[16.492934,43.527953],[16.492936,43.527953],[16.492936,43.527958],[16.492986,43.527958]]]}},{"type":"Feature","properties":{"tlocrt":111.56113269,"korisna":47.41162669},"geometry":{"type":"Polygon","coordinates":[[[16.493172,43.527933],[16.493171,43.527902],[16.493184,43.527902],[16.493183,43.527889],[16.493181,43.527849],[16.493102,43.527847],[16.493099,43.527872],[16.493071,43.527872],[16.493074,43.527835],[16.493026,43.527834],[16.493029,43.527888],[16.49303,43.527902],[16.493035,43.527916],[16.493047,43.527933],[16.493172,43.527933]]]}},{"type":"Feature","properties":{"tlocrt":134.60330516,"korisna":64.19989739},"geometry":{"type":"Polygon","coordinates":[[[16.49351,43.527857],[16.493379,43.52784],[16.493363,43.527902],[16.49335,43.52795],[16.493481,43.527968],[16.493487,43.527945],[16.493494,43.52792],[16.49351,43.527857]]]}},{"type":"Feature","properties":{"tlocrt":63.8814975,"korisna":38.38523436},"geometry":{"type":"Polygon","coordinates":[[[16.493375,43.527855],[16.493302,43.527846],[16.493278,43.527941],[16.49335,43.52795],[16.493362,43.527904],[16.493375,43.527855]]]}},{"type":"Feature","properties":{"tlocrt":63.2118633,"korisna":34.76826847},"geometry":{"type":"Polygon","coordinates":[[[16.49272,43.527313],[16.492697,43.527216],[16.492628,43.527225],[16.49265,43.527323],[16.492683,43.527318],[16.49272,43.527313]]]}},{"type":"Feature","properties":{"tlocrt":45.05534011,"korisna":13.82891961},"geometry":{"type":"Polygon","coordinates":[[[16.493192,43.527534],[16.493094,43.527525],[16.493091,43.527541],[16.493085,43.527575],[16.493184,43.527584],[16.49319,43.527549],[16.493192,43.527534]]]}},{"type":"Feature","properties":{"tlocrt":54.65840601,"korisna":33.06076984},"geometry":{"type":"Polygon","coordinates":[[[16.493581,43.52791],[16.493583,43.527896],[16.49366,43.527901],[16.493665,43.52786],[16.493587,43.527854],[16.493537,43.527851],[16.493529,43.527907],[16.493581,43.52791]]]}},{"type":"Feature","properties":{"tlocrt":156.19516869,"korisna":64.39547433},"geometry":{"type":"Polygon","coordinates":[[[16.493909,43.528128],[16.493905,43.52806],[16.493804,43.528061],[16.493805,43.528069],[16.493785,43.528068],[16.493776,43.528114],[16.493762,43.528182],[16.493914,43.528198],[16.493909,43.528128]]]}},{"type":"Feature","properties":{"tlocrt":100.38029779,"korisna":33.74965671},"geometry":{"type":"Polygon","coordinates":[[[16.494004,43.528105],[16.494001,43.528057],[16.493988,43.528057],[16.493987,43.528043],[16.493983,43.527986],[16.493888,43.527987],[16.493889,43.52801],[16.493896,43.52801],[16.493898,43.528045],[16.493899,43.528056],[16.493904,43.528056],[16.493908,43.528108],[16.494004,43.528105]]]}},{"type":"Feature","properties":{"tlocrt":95.65126594,"korisna":37.20025637},"geometry":{"type":"Polygon","coordinates":[[[16.494314,43.528805],[16.494293,43.528765],[16.494175,43.528798],[16.494196,43.528838],[16.494216,43.528876],[16.494335,43.528843],[16.494314,43.528805]]]}},{"type":"Feature","properties":{"tlocrt":21.46429871,"korisna":5.99999999},"geometry":{"type":"Polygon","coordinates":[[[16.493951,43.52868],[16.493948,43.528661],[16.49389,43.528665],[16.493892,43.528684],[16.493894,43.528705],[16.493955,43.528701],[16.493951,43.52868]]]}},{"type":"Feature","properties":{"tlocrt":185.39271693,"korisna":94.58828761},"geometry":{"type":"Polygon","coordinates":[[[16.493884,43.528877],[16.493882,43.528826],[16.493684,43.528831],[16.493686,43.528881],[16.493688,43.528935],[16.493887,43.52893],[16.493884,43.528877]]]}},{"type":"Feature","properties":{"tlocrt":2.03337856},"geometry":{"type":"Polygon","coordinates":[[[16.493896,43.528909],[16.493896,43.5289],[16.493885,43.5289],[16.493886,43.52891],[16.493886,43.528922],[16.493897,43.528922],[16.493896,43.528909]]]}},{"type":"Feature","properties":{"tlocrt":10.63505098,"korisna":2.6202689},"geometry":{"type":"Polygon","coordinates":[[[16.493903,43.528849],[16.493901,43.528815],[16.493877,43.528815],[16.493837,43.528815],[16.493837,43.528827],[16.493877,43.528826],[16.493882,43.528826],[16.493883,43.52885],[16.493903,43.528849]]]}},{"type":"Feature","properties":{"tlocrt":362.11818691,"korisna":306.66809363},"geometry":{"type":"Polygon","coordinates":[[[16.495726,43.528897],[16.495654,43.528839],[16.495416,43.528997],[16.495489,43.529055],[16.495706,43.529025],[16.495699,43.529004],[16.495747,43.528977],[16.495726,43.528897]]]}},{"type":"Feature","properties":{"tlocrt":145.12416735,"korisna":77.70252358},"geometry":{"type":"Polygon","coordinates":[[[16.496193,43.529194],[16.496183,43.529152],[16.496139,43.529157],[16.496141,43.529162],[16.49603,43.529177],[16.49603,43.529172],[16.495981,43.529179],[16.495992,43.52922],[16.496001,43.529259],[16.496202,43.529232],[16.496193,43.529194]]]}},{"type":"Feature","properties":{"tlocrt":104.44049142,"korisna":65.72109424},"geometry":{"type":"Polygon","coordinates":[[[16.491978,43.523035],[16.491933,43.522979],[16.491928,43.523007],[16.491892,43.522994],[16.491861,43.523007],[16.491865,43.523012],[16.491843,43.52302],[16.491849,43.523028],[16.491837,43.523033],[16.491876,43.523079],[16.491903,43.523111],[16.492005,43.523068],[16.491978,43.523035]]]}},{"type":"Feature","properties":{"tlocrt":74.26213798,"korisna":41.14096924},"geometry":{"type":"Polygon","coordinates":[[[16.49322,43.523016],[16.493204,43.522987],[16.493075,43.523022],[16.49309,43.523051],[16.493104,43.523078],[16.493234,43.523042],[16.49322,43.523016]]]}},{"type":"Feature","properties":{"tlocrt":1731.76237486,"korisna":1576.54008489},"geometry":{"type":"Polygon","coordinates":[[[16.50645,43.520475],[16.50632,43.519931],[16.506134,43.519938],[16.505949,43.519946],[16.506058,43.520403],[16.506258,43.520466],[16.50645,43.520475]]]}},{"type":"Feature","properties":{"tlocrt":1730.28216047,"korisna":1585.26291078},"geometry":{"type":"Polygon","coordinates":[[[16.50683,43.520407],[16.506707,43.519904],[16.506522,43.519917],[16.506336,43.519929],[16.506461,43.520445],[16.506644,43.520426],[16.50683,43.520407]]]}},{"type":"Feature","properties":{"tlocrt":99.44997178,"korisna":58.07426799},"geometry":{"type":"Polygon","coordinates":[[[16.505893,43.519871],[16.505873,43.519818],[16.505867,43.519801],[16.505831,43.51981],[16.505823,43.519785],[16.505812,43.519787],[16.505817,43.5198],[16.505809,43.519816],[16.505792,43.519805],[16.505786,43.519792],[16.505779,43.519793],[16.505785,43.519807],[16.505777,43.519822],[16.50576,43.519812],[16.505755,43.519798],[16.505743,43.5198],[16.505758,43.519841],[16.505784,43.519913],[16.505859,43.519899],[16.50585,43.519879],[16.505893,43.519871]]]}},{"type":"Feature","properties":{"tlocrt":147.89649299,"korisna":114.97079885},"geometry":{"type":"Polygon","coordinates":[[[16.505018,43.522284],[16.50501,43.522158],[16.504943,43.522161],[16.504874,43.522164],[16.504878,43.522244],[16.504918,43.522289],[16.50495,43.522287],[16.505018,43.522284]]]}},{"type":"Feature","properties":{"tlocrt":23.64553836,"korisna":13.10808205},"geometry":{"type":"Polygon","coordinates":[[[16.494213,43.528696],[16.494204,43.528676],[16.494143,43.528689],[16.494152,43.52871],[16.49416,43.528729],[16.494221,43.528714],[16.494213,43.528696]]]}},{"type":"Feature","properties":{"tlocrt":10.07138489,"korisna":4.36078388},"geometry":{"type":"Polygon","coordinates":[[[16.493264,43.529109],[16.493241,43.529109],[16.493241,43.529127],[16.493264,43.529141],[16.493286,43.529127],[16.493286,43.529109],[16.493264,43.529109]]]}},{"type":"Feature","properties":{"tlocrt":9.18280743,"korisna":4.10444826},"geometry":{"type":"Polygon","coordinates":[[[16.493384,43.529126],[16.493384,43.529106],[16.493365,43.529107],[16.493345,43.529107],[16.493345,43.529127],[16.493366,43.529139],[16.493384,43.529126]]]}},{"type":"Feature","properties":{"tlocrt":141.32023906,"korisna":86.62738708},"geometry":{"type":"Polygon","coordinates":[[[16.491582,43.522888],[16.491567,43.52283],[16.491573,43.522829],[16.491561,43.522779],[16.491447,43.522796],[16.49144,43.522803],[16.49143,43.522814],[16.491435,43.522833],[16.491428,43.522834],[16.491438,43.522869],[16.491445,43.522868],[16.491458,43.522916],[16.491557,43.522903],[16.491554,43.522891],[16.491566,43.52289],[16.491582,43.522888]]]}},{"type":"Feature","properties":{"tlocrt":4212.92512263,"korisna":3160.58394804},"geometry":{"type":"Polygon","coordinates":[[[16.492714,43.521799],[16.492696,43.521763],[16.491756,43.52201],[16.491775,43.522049],[16.491795,43.522089],[16.491814,43.522127],[16.491829,43.522158],[16.491845,43.522191],[16.491864,43.522229],[16.491885,43.522271],[16.4919,43.522302],[16.491919,43.522339],[16.491937,43.522377],[16.491954,43.52241],[16.491974,43.522451],[16.492915,43.522204],[16.492897,43.522166],[16.492878,43.522129],[16.492861,43.522095],[16.492841,43.522055],[16.492827,43.522026],[16.492807,43.521987],[16.492786,43.521944],[16.49277,43.521911],[16.492755,43.52188],[16.49273,43.521831],[16.492714,43.521799]]]}},{"type":"Feature","properties":{"tlocrt":42.91493198,"korisna":23.99999998},"geometry":{"type":"Polygon","coordinates":[[[16.494496,43.522767],[16.494486,43.522739],[16.494412,43.522754],[16.494423,43.522781],[16.494437,43.522815],[16.494508,43.522799],[16.494496,43.522767]]]}},{"type":"Feature","properties":{"tlocrt":141.34749106,"korisna":91.84230932},"geometry":{"type":"Polygon","coordinates":[[[16.493347,43.528321],[16.493347,43.528201],[16.493277,43.528204],[16.493214,43.528206],[16.493217,43.528326],[16.493235,43.528325],[16.493347,43.528321]]]}},{"type":"Feature","properties":{"tlocrt":23.45130329,"korisna":10.40495539},"geometry":{"type":"Polygon","coordinates":[[[16.49294,43.527801],[16.492937,43.527787],[16.49288,43.527792],[16.492882,43.527807],[16.492886,43.527824],[16.492888,43.527837],[16.492947,43.527831],[16.492944,43.527818],[16.49294,43.527801]]]}},{"type":"Feature","properties":{"tlocrt":41.16392712,"korisna":21.04694753},"geometry":{"type":"Polygon","coordinates":[[[16.493905,43.52806],[16.493904,43.528056],[16.493899,43.528056],[16.493898,43.528034],[16.493896,43.52801],[16.493807,43.52801],[16.493807,43.528024],[16.493807,43.528045],[16.493807,43.528061],[16.493905,43.52806]]]}},{"type":"Feature","properties":{"tlocrt":579.75726661,"korisna":352.99447517},"geometry":{"type":"Polygon","coordinates":[[[16.490317,43.522849],[16.490075,43.522482],[16.490045,43.522493],[16.490004,43.522507],[16.489965,43.522522],[16.489933,43.522533],[16.490174,43.522899],[16.490207,43.522887],[16.490246,43.522874],[16.490285,43.52286],[16.490317,43.522849]]]}},{"type":"Feature","properties":{"tlocrt":16.18519887,"korisna":8.56643429},"geometry":{"type":"Polygon","coordinates":[[[16.505117,43.519987],[16.505139,43.519979],[16.505123,43.51995],[16.505096,43.519956],[16.505095,43.519954],[16.505093,43.519955],[16.505065,43.519963],[16.505076,43.519981],[16.505091,43.51998],[16.505095,43.51998],[16.5051,43.519988],[16.505105,43.519989],[16.505112,43.519988],[16.505117,43.519987]]]}},{"type":"Feature","properties":{"tlocrt":79.2846696,"korisna":53.22089337},"geometry":{"type":"Polygon","coordinates":[[[16.498325,43.521808],[16.498307,43.521788],[16.498151,43.521861],[16.498171,43.521883],[16.498187,43.521901],[16.498342,43.521828],[16.498325,43.521808]]]}},{"type":"Feature","properties":{"tlocrt":64.2828619,"korisna":42.92252724},"geometry":{"type":"Polygon","coordinates":[[[16.505577,43.522213],[16.505567,43.522153],[16.505477,43.522163],[16.505471,43.522131],[16.505453,43.522133],[16.505459,43.522164],[16.505472,43.522224],[16.505577,43.522213]]]}},{"type":"Feature","properties":{"tlocrt":81.83519641,"korisna":30.71438644},"geometry":{"type":"Polygon","coordinates":[[[16.490165,43.524376],[16.49018,43.524371],[16.490196,43.524394],[16.490224,43.524384],[16.490195,43.524341],[16.490166,43.524298],[16.490127,43.524311],[16.490144,43.524337],[16.490128,43.524343],[16.490111,43.524317],[16.49009,43.524324],[16.49011,43.524354],[16.490104,43.524357],[16.490083,43.524365],[16.49012,43.52442],[16.490182,43.524399],[16.490165,43.524376]]]}},{"type":"Feature","properties":{"tlocrt":134.72899727,"korisna":41.9970082},"geometry":{"type":"Polygon","coordinates":[[[16.492651,43.527632],[16.492621,43.527629],[16.492618,43.527645],[16.49261,43.527685],[16.492593,43.527771],[16.4927,43.527782],[16.492719,43.527697],[16.492728,43.527655],[16.49268,43.527649],[16.492684,43.527635],[16.492651,43.527632]]]}},{"type":"Feature","properties":{"tlocrt":76.5116443,"korisna":30.44480618},"geometry":{"type":"Polygon","coordinates":[[[16.491844,43.528869],[16.491843,43.528847],[16.491731,43.528849],[16.491732,43.52887],[16.491733,43.528905],[16.491733,43.528924],[16.491846,43.528923],[16.491845,43.528903],[16.491844,43.528869]]]}},{"type":"Feature","properties":{"tlocrt":55.12856014,"korisna":31.94139043},"geometry":{"type":"Polygon","coordinates":[[[16.49049,43.524575],[16.490459,43.524538],[16.490342,43.524589],[16.490344,43.524593],[16.490373,43.524627],[16.490491,43.524577],[16.49049,43.524575]]]}},{"type":"Feature","properties":{"tlocrt":23.51772888,"korisna":6.64038087},"geometry":{"type":"Polygon","coordinates":[[[16.4921,43.526322],[16.49206,43.526286],[16.492038,43.526299],[16.492015,43.526312],[16.492054,43.526347],[16.492077,43.526334],[16.4921,43.526322]]]}},{"type":"Feature","properties":{"tlocrt":16.05051812,"korisna":3.9662141},"geometry":{"type":"Polygon","coordinates":[[[16.492754,43.527683],[16.492722,43.527679],[16.492716,43.527708],[16.49271,43.527735],[16.492742,43.527738],[16.492748,43.52771],[16.492754,43.527683]]]}},{"type":"Feature","properties":{"tlocrt":87.49526407,"korisna":36.25393959},"geometry":{"type":"Polygon","coordinates":[[[16.491152,43.525055],[16.491117,43.525013],[16.491031,43.525052],[16.491065,43.525095],[16.491097,43.525135],[16.491183,43.525094],[16.491152,43.525055]]]}},{"type":"Feature","properties":{"tlocrt":25.05885287,"korisna":12.57150181},"geometry":{"type":"Polygon","coordinates":[[[16.48803,43.523899],[16.487981,43.523858],[16.487962,43.523871],[16.487943,43.523884],[16.487991,43.523924],[16.488011,43.523911],[16.48803,43.523899]]]}},{"type":"Feature","properties":{"tlocrt":56.5074182,"korisna":24.04293942},"geometry":{"type":"Polygon","coordinates":[[[16.489205,43.523698],[16.489189,43.523673],[16.489087,43.523708],[16.489102,43.523734],[16.489117,43.523758],[16.489221,43.523725],[16.489205,43.523698]]]}},{"type":"Feature","properties":{"tlocrt":23.32931667,"korisna":4.64021342},"geometry":{"type":"Polygon","coordinates":[[[16.490224,43.523139],[16.490217,43.523116],[16.49016,43.523127],[16.490168,43.523148],[16.490176,43.52317],[16.490231,43.52316],[16.490224,43.523139]]]}},{"type":"Feature","properties":{"tlocrt":123.34235439,"korisna":90.35697942},"geometry":{"type":"Polygon","coordinates":[[[16.490819,43.52351],[16.490809,43.523489],[16.490832,43.523485],[16.490815,43.52344],[16.490801,43.523402],[16.490724,43.523416],[16.490732,43.523443],[16.490656,43.523458],[16.49066,43.52347],[16.490674,43.523515],[16.490723,43.523505],[16.490731,43.523528],[16.490819,43.52351]]]}},{"type":"Feature","properties":{"tlocrt":9.91037146,"korisna":0.640625},"geometry":{"type":"Polygon","coordinates":[[[16.490852,43.523492],[16.490846,43.523475],[16.49083,43.523478],[16.490832,43.523485],[16.490809,43.523489],[16.490814,43.523499],[16.490819,43.52351],[16.490813,43.523512],[16.490813,43.523514],[16.490857,43.523505],[16.490852,43.523492]]]}},{"type":"Feature","properties":{"tlocrt":149.22996927,"korisna":55.36854456},"geometry":{"type":"Polygon","coordinates":[[[16.489504,43.52387],[16.489485,43.523832],[16.489326,43.523868],[16.489342,43.523907],[16.489364,43.523961],[16.48953,43.523925],[16.489504,43.52387]]]}},{"type":"Feature","properties":{"tlocrt":2.69869177},"geometry":{"type":"Polygon","coordinates":[[[16.490557,43.52467],[16.49054,43.524669],[16.490539,43.524678],[16.490538,43.524686],[16.490555,43.524687],[16.490556,43.524679],[16.490557,43.52467]]]}},{"type":"Feature","properties":{"tlocrt":18.94524685,"korisna":6.0190428},"geometry":{"type":"Polygon","coordinates":[[[16.48862,43.523751],[16.488612,43.52371],[16.488586,43.523713],[16.488562,43.523715],[16.48857,43.523757],[16.488594,43.523754],[16.48862,43.523751]]]}},{"type":"Feature","properties":{"tlocrt":159.40322472,"korisna":60.60403599},"geometry":{"type":"Polygon","coordinates":[[[16.489616,43.524635],[16.489578,43.524586],[16.489541,43.524538],[16.489486,43.524558],[16.489518,43.524601],[16.489492,43.524611],[16.489459,43.52457],[16.489408,43.524591],[16.489441,43.524635],[16.489421,43.524643],[16.489429,43.524652],[16.48947,43.524704],[16.489616,43.524635]]]}},{"type":"Feature","properties":{"tlocrt":116.14183583,"korisna":99.08618475},"geometry":{"type":"Polygon","coordinates":[[[16.48953,43.524859],[16.489489,43.524789],[16.489431,43.524806],[16.48943,43.524803],[16.489412,43.524808],[16.489337,43.524832],[16.489381,43.524907],[16.489456,43.524883],[16.48953,43.524859]]]}},{"type":"Feature","properties":{"tlocrt":46.56291413,"korisna":38.32493414},"geometry":{"type":"Polygon","coordinates":[[[16.491724,43.525318],[16.491631,43.525309],[16.491622,43.52536],[16.491621,43.525364],[16.491716,43.525372],[16.491717,43.525369],[16.491724,43.525318]]]}},{"type":"Feature","properties":{"tlocrt":78.07466915,"korisna":20.56052852},"geometry":{"type":"Polygon","coordinates":[[[16.49163,43.525317],[16.491579,43.525312],[16.491573,43.525359],[16.491572,43.52537],[16.491585,43.525371],[16.491579,43.525408],[16.49171,43.525419],[16.491716,43.525372],[16.491621,43.525364],[16.49163,43.525317]]]}},{"type":"Feature","properties":{"tlocrt":58.14680359,"korisna":32.02755944},"geometry":{"type":"Polygon","coordinates":[[[16.49057,43.525728],[16.490534,43.525684],[16.490482,43.525707],[16.490456,43.525718],[16.490461,43.525725],[16.490442,43.525734],[16.490488,43.525786],[16.490521,43.525773],[16.490508,43.525758],[16.49052,43.525752],[16.49057,43.525728]]]}},{"type":"Feature","properties":{"tlocrt":67.15768727,"korisna":36.88341325},"geometry":{"type":"Polygon","coordinates":[[[16.491277,43.525618],[16.491264,43.525572],[16.491182,43.525585],[16.491195,43.525631],[16.491206,43.525672],[16.491288,43.525659],[16.491277,43.525618]]]}},{"type":"Feature","properties":{"tlocrt":19.08616432,"korisna":7.99695365},"geometry":{"type":"Polygon","coordinates":[[[16.491167,43.526501],[16.491153,43.526487],[16.491106,43.526512],[16.49112,43.526526],[16.491135,43.526541],[16.491183,43.526517],[16.491167,43.526501]]]}},{"type":"Feature","properties":{"tlocrt":38.08679524,"korisna":14.67651368},"geometry":{"type":"Polygon","coordinates":[[[16.491084,43.526416],[16.491062,43.526393],[16.490997,43.526424],[16.491017,43.526447],[16.49104,43.526474],[16.491094,43.526448],[16.491074,43.526425],[16.491086,43.526418],[16.491084,43.526416]]]}},{"type":"Feature","properties":{"tlocrt":118.07981163,"korisna":85.73302761},"geometry":{"type":"Polygon","coordinates":[[[16.491921,43.526068],[16.491852,43.525972],[16.491798,43.525995],[16.491746,43.526016],[16.491812,43.526111],[16.491866,43.526089],[16.491921,43.526068]]]}},{"type":"Feature","properties":{"tlocrt":29.28721215,"korisna":15.99999999},"geometry":{"type":"Polygon","coordinates":[[[16.490587,43.529479],[16.490587,43.52943],[16.490556,43.52943],[16.490521,43.52943],[16.49052,43.52948],[16.490556,43.529479],[16.490587,43.529479]]]}},{"type":"Feature","properties":{"tlocrt":16.59287542,"korisna":2},"geometry":{"type":"Polygon","coordinates":[[[16.49133,43.528945],[16.491306,43.528944],[16.491307,43.528984],[16.491328,43.528984],[16.491353,43.528985],[16.491354,43.528946],[16.49133,43.528945]]]}},{"type":"Feature","properties":{"tlocrt":87.88701974,"korisna":26.03137525},"geometry":{"type":"Polygon","coordinates":[[[16.491288,43.529228],[16.491289,43.529189],[16.491132,43.529189],[16.491133,43.529219],[16.491135,43.52925],[16.491304,43.52925],[16.491305,43.529229],[16.491288,43.529228]]]}},{"type":"Feature","properties":{"tlocrt":37.21615827},"geometry":{"type":"Polygon","coordinates":[[[16.4927,43.527782],[16.492593,43.527771],[16.492587,43.527804],[16.492691,43.527825],[16.4927,43.527782]]]}},{"type":"Feature","properties":{"tlocrt":7.1049387,"korisna":0.07242209},"geometry":{"type":"Polygon","coordinates":[[[16.492759,43.527658],[16.492728,43.527655],[16.492722,43.527679],[16.492754,43.527683],[16.492759,43.527658]]]}},{"type":"Feature","properties":{"tlocrt":19.12864442,"korisna":6.25175451},"geometry":{"type":"Polygon","coordinates":[[[16.489195,43.523783],[16.489172,43.52374],[16.489129,43.523754],[16.48915,43.523796],[16.489195,43.523783]]]}},{"type":"Feature","properties":{"tlocrt":48.4411092,"korisna":33.8948076},"geometry":{"type":"Polygon","coordinates":[[[16.489297,43.523704],[16.489263,43.523643],[16.489186,43.523668],[16.489223,43.523728],[16.489297,43.523704]]]}},{"type":"Feature","properties":{"tlocrt":122.04064231,"korisna":48.28100581},"geometry":{"type":"Polygon","coordinates":[[[16.490295,43.523094],[16.490261,43.523003],[16.490121,43.523029],[16.490154,43.523119],[16.490295,43.523094]]]}},{"type":"Feature","properties":{"tlocrt":40.40241137,"korisna":18.99793855},"geometry":{"type":"Polygon","coordinates":[[[16.489833,43.524152],[16.489804,43.524097],[16.489733,43.524117],[16.489763,43.524172],[16.489833,43.524152]]]}},{"type":"Feature","properties":{"tlocrt":5.22901331,"korisna":0.69134281},"geometry":{"type":"Polygon","coordinates":[[[16.490636,43.524338],[16.490629,43.524305],[16.490609,43.524307],[16.490623,43.524341],[16.490636,43.524338]]]}},{"type":"Feature","properties":{"tlocrt":7.10366038,"korisna":1.88697564},"geometry":{"type":"Polygon","coordinates":[[[16.490593,43.524364],[16.490587,43.524347],[16.490544,43.524356],[16.490551,43.524374],[16.490593,43.524364]]]}},{"type":"Feature","properties":{"tlocrt":31.80298754,"korisna":24.14294821},"geometry":{"type":"Polygon","coordinates":[[[16.490623,43.524341],[16.490606,43.524298],[16.490527,43.524315],[16.490544,43.524356],[16.490623,43.524341]]]}},{"type":"Feature","properties":{"tlocrt":47.42719931,"korisna":28.02501799},"geometry":{"type":"Polygon","coordinates":[[[16.49053,43.524557],[16.490465,43.524479],[16.4904,43.524506],[16.490421,43.524533],[16.490443,43.524523],[16.490455,43.52454],[16.490459,43.524538],[16.490489,43.524575],[16.49053,43.524557]]]}},{"type":"Feature","properties":{"tlocrt":12.01617503,"korisna":1.39550781},"geometry":{"type":"Polygon","coordinates":[[[16.490482,43.524657],[16.490445,43.524656],[16.490443,43.524691],[16.49048,43.524694],[16.490482,43.524657]]]}},{"type":"Feature","properties":{"tlocrt":18.92210146,"korisna":5.99999999},"geometry":{"type":"Polygon","coordinates":[[[16.49054,43.524659],[16.490482,43.524657],[16.49048,43.524694],[16.490538,43.524695],[16.49054,43.524659]]]}},{"type":"Feature","properties":{"tlocrt":8.96456155,"korisna":3.40020886},"geometry":{"type":"Polygon","coordinates":[[[16.490688,43.524689],[16.490682,43.524675],[16.490617,43.524688],[16.490622,43.524702],[16.490626,43.524702],[16.490688,43.524689]]]}},{"type":"Feature","properties":{"tlocrt":11.78135901,"korisna":3.37415145},"geometry":{"type":"Polygon","coordinates":[[[16.490641,43.524738],[16.490626,43.524702],[16.490594,43.524708],[16.490607,43.524745],[16.490641,43.524738]]]}},{"type":"Feature","properties":{"tlocrt":211.44315776,"korisna":99.00000003},"geometry":{"type":"Polygon","coordinates":[[[16.490936,43.524685],[16.490716,43.52468],[16.490708,43.524785],[16.490932,43.524792],[16.490936,43.524685]]]}},{"type":"Feature","properties":{"tlocrt":11.97091562,"korisna":4.5368809},"geometry":{"type":"Polygon","coordinates":[[[16.488055,43.523919],[16.488031,43.523898],[16.487993,43.523923],[16.488018,43.523942],[16.488055,43.523919]]]}},{"type":"Feature","properties":{"tlocrt":7.02771292,"korisna":2.44166936},"geometry":{"type":"Polygon","coordinates":[[[16.489396,43.524806],[16.489389,43.524794],[16.48933,43.524813],[16.489336,43.524824],[16.489396,43.524806]]]}},{"type":"Feature","properties":{"tlocrt":6.37274694},"geometry":{"type":"Polygon","coordinates":[[[16.489499,43.52493],[16.489491,43.524919],[16.489439,43.524935],[16.489446,43.524947],[16.489499,43.52493]]]}},{"type":"Feature","properties":{"tlocrt":74.37196744,"korisna":31.93694782},"geometry":{"type":"Polygon","coordinates":[[[16.48935,43.524889],[16.489321,43.524844],[16.489172,43.524892],[16.489199,43.524939],[16.48935,43.524889]]]}},{"type":"Feature","properties":{"tlocrt":63.50581209,"korisna":46.75444769},"geometry":{"type":"Polygon","coordinates":[[[16.489552,43.5249],[16.48953,43.524859],[16.489381,43.524907],[16.489404,43.524946],[16.489552,43.5249]]]}},{"type":"Feature","properties":{"tlocrt":82.32499786,"korisna":41.2898991},"geometry":{"type":"Polygon","coordinates":[[[16.489922,43.525098],[16.489905,43.524997],[16.489842,43.525002],[16.489852,43.525059],[16.489791,43.525065],[16.4898,43.525109],[16.489922,43.525098]]]}},{"type":"Feature","properties":{"tlocrt":86.73985586,"korisna":51.8580967},"geometry":{"type":"Polygon","coordinates":[[[16.489708,43.525323],[16.489634,43.525187],[16.489554,43.525208],[16.48955,43.525211],[16.489548,43.525216],[16.489549,43.525223],[16.489563,43.525243],[16.489697,43.525332],[16.489708,43.525323]]]}},{"type":"Feature","properties":{"tlocrt":12.5152802,"korisna":4.25819343},"geometry":{"type":"Polygon","coordinates":[[[16.490109,43.525168],[16.490059,43.525164],[16.490056,43.525191],[16.490109,43.525196],[16.490109,43.525192],[16.490108,43.525192],[16.490109,43.525168]]]}},{"type":"Feature","properties":{"tlocrt":14.79865468,"korisna":2.03446455},"geometry":{"type":"Polygon","coordinates":[[[16.491117,43.525013],[16.491106,43.525],[16.491015,43.525042],[16.491024,43.525055],[16.491117,43.525013]]]}},{"type":"Feature","properties":{"tlocrt":23.69352665,"korisna":20.12823533},"geometry":{"type":"Polygon","coordinates":[[[16.4905,43.525699],[16.490473,43.525667],[16.490414,43.525693],[16.490449,43.525731],[16.490461,43.525725],[16.490456,43.525718],[16.4905,43.525699]]]}},{"type":"Feature","properties":{"tlocrt":13.98002638,"korisna":7.99524899},"geometry":{"type":"Polygon","coordinates":[[[16.490534,43.525684],[16.490502,43.52565],[16.490471,43.525665],[16.4905,43.525699],[16.490534,43.525684]]]}},{"type":"Feature","properties":{"tlocrt":8.24712409,"korisna":0.01517989},"geometry":{"type":"Polygon","coordinates":[[[16.49058,43.525739],[16.49057,43.525728],[16.490508,43.525758],[16.490517,43.525767],[16.49058,43.525739]]]}},{"type":"Feature","properties":{"tlocrt":32.57492214,"korisna":13.95022714},"geometry":{"type":"Polygon","coordinates":[[[16.490486,43.525546],[16.490474,43.525514],[16.490369,43.525536],[16.49038,43.525568],[16.490486,43.525546]]]}},{"type":"Feature","properties":{"tlocrt":62.61621846,"korisna":36.9468426},"geometry":{"type":"Polygon","coordinates":[[[16.490709,43.525594],[16.490704,43.52553],[16.490644,43.525533],[16.490645,43.52554],[16.490588,43.525541],[16.490593,43.525597],[16.490709,43.525594]]]}},{"type":"Feature","properties":{"tlocrt":13.98629705,"korisna":4.72772078},"geometry":{"type":"Polygon","coordinates":[[[16.491308,43.525619],[16.491293,43.525568],[16.491264,43.525572],[16.491278,43.525624],[16.491308,43.525619]]]}},{"type":"Feature","properties":{"tlocrt":56.75284786,"korisna":40.40083027},"geometry":{"type":"Polygon","coordinates":[[[16.491206,43.525672],[16.491182,43.525585],[16.491111,43.525597],[16.491135,43.525681],[16.491206,43.525672]]]}},{"type":"Feature","properties":{"tlocrt":21.55444578,"korisna":7.97765993},"geometry":{"type":"Polygon","coordinates":[[[16.491441,43.525668],[16.491431,43.525637],[16.491358,43.525648],[16.491367,43.52568],[16.491441,43.525668]]]}},{"type":"Feature","properties":{"tlocrt":51.11841784,"korisna":35.44774983},"geometry":{"type":"Polygon","coordinates":[[[16.491844,43.525976],[16.491803,43.525922],[16.491724,43.525954],[16.491763,43.526009],[16.491844,43.525976]]]}},{"type":"Feature","properties":{"tlocrt":21.89552575},"geometry":{"type":"Polygon","coordinates":[[[16.491901,43.526353],[16.491853,43.526298],[16.491842,43.526303],[16.491856,43.526318],[16.491826,43.526332],[16.491861,43.526371],[16.491901,43.526353]]]}},{"type":"Feature","properties":{"tlocrt":3.78880641,"korisna":0.5647724},"geometry":{"type":"Polygon","coordinates":[[[16.491996,43.526242],[16.491977,43.52622],[16.491963,43.526227],[16.491982,43.526248],[16.491996,43.526242]]]}},{"type":"Feature","properties":{"tlocrt":163.79757564,"korisna":73.93692849},"geometry":{"type":"Polygon","coordinates":[[[16.492025,43.526296],[16.491931,43.52619],[16.491809,43.526247],[16.491901,43.526353],[16.492025,43.526296]]]}},{"type":"Feature","properties":{"tlocrt":17.34349577,"korisna":2.31201173},"geometry":{"type":"Polygon","coordinates":[[[16.491094,43.528733],[16.491096,43.528703],[16.491031,43.528703],[16.49103,43.528733],[16.491094,43.528733]]]}},{"type":"Feature","properties":{"tlocrt":42.00009164,"korisna":25.60924973},"geometry":{"type":"Polygon","coordinates":[[[16.491135,43.529259],[16.491132,43.529189],[16.491068,43.52919],[16.491065,43.52926],[16.491135,43.529259]]]}},{"type":"Feature","properties":{"tlocrt":14.00942346,"korisna":4.55519384},"geometry":{"type":"Polygon","coordinates":[[[16.491843,43.528847],[16.491842,43.528833],[16.491731,43.528835],[16.491731,43.528849],[16.491843,43.528847]]]}},{"type":"Feature","properties":{"tlocrt":17.29159213,"korisna":2.28125},"geometry":{"type":"Polygon","coordinates":[[[16.49197,43.529272],[16.491911,43.52927],[16.491908,43.529302],[16.491969,43.529303],[16.49197,43.529272]]]}},{"type":"Feature","properties":{"tlocrt":17.02805148,"korisna":3},"geometry":{"type":"Polygon","coordinates":[[[16.492253,43.529213],[16.492196,43.529213],[16.492196,43.529246],[16.492254,43.529246],[16.492253,43.529213]]]}},{"type":"Feature","properties":{"tlocrt":129.59417119,"korisna":54.99999999},"geometry":{"type":"Polygon","coordinates":[[[16.492649,43.529156],[16.492501,43.529154],[16.492495,43.529251],[16.492645,43.529253],[16.492649,43.529156]]]}},{"type":"Feature","properties":{"tlocrt":11.35559489,"korisna":4.21779347},"geometry":{"type":"Polygon","coordinates":[[[16.488555,43.523716],[16.488552,43.523699],[16.488478,43.523707],[16.488481,43.523724],[16.488555,43.523716]]]}},{"type":"Feature","properties":{"tlocrt":5.57105603,"korisna":0.38472912},"geometry":{"type":"Polygon","coordinates":[[[16.497694,43.529049],[16.497679,43.529049],[16.497679,43.529071],[16.497679,43.529089],[16.497695,43.529089],[16.497695,43.529071],[16.497694,43.529049]]]}},{"type":"Feature","properties":{"tlocrt":40.76373027,"korisna":24.70175859},"geometry":{"type":"Polygon","coordinates":[[[16.498041,43.529014],[16.497916,43.529014],[16.497917,43.52905],[16.498041,43.52905],[16.498041,43.529014]]]}},{"type":"Feature","properties":{"tlocrt":83.50307219,"korisna":63.40539465},"geometry":{"type":"Polygon","coordinates":[[[16.494053,43.52726],[16.49406,43.527244],[16.494066,43.527246],[16.494089,43.527197],[16.49402,43.527181],[16.493976,43.52728],[16.494036,43.527295],[16.494066,43.527303],[16.49409,43.527309],[16.494099,43.527291],[16.494109,43.527272],[16.494082,43.527266],[16.494053,43.52726]]]}},{"type":"Feature","properties":{"tlocrt":74.74536297,"korisna":39.69338618},"geometry":{"type":"Polygon","coordinates":[[[16.493806,43.527057],[16.493813,43.527031],[16.493846,43.527036],[16.493857,43.526995],[16.493866,43.526959],[16.493779,43.526946],[16.49377,43.526983],[16.493762,43.527016],[16.493754,43.52705],[16.493778,43.527053],[16.493806,43.527057]]]}},{"type":"Feature","properties":{"tlocrt":69.99852027,"korisna":41.48006365},"geometry":{"type":"Polygon","coordinates":[[[16.493753,43.527053],[16.493766,43.526999],[16.493779,43.526946],[16.493693,43.526932],[16.493678,43.526987],[16.493671,43.52701],[16.493685,43.527013],[16.49371,43.527002],[16.493729,43.527022],[16.493722,43.52705],[16.493753,43.527053]]]}},{"type":"Feature","properties":{"tlocrt":2052.36332307,"korisna":1778.11891164},"geometry":{"type":"Polygon","coordinates":[[[16.499211,43.52661],[16.499216,43.526434],[16.499242,43.526434],[16.499242,43.526431],[16.499266,43.526431],[16.499266,43.526427],[16.499271,43.526242],[16.498462,43.526232],[16.498458,43.526416],[16.498458,43.52642],[16.498506,43.526421],[16.498503,43.526601],[16.498735,43.526603],[16.498737,43.526513],[16.49873,43.526513],[16.498734,43.52642],[16.498734,43.526417],[16.498992,43.52642],[16.498992,43.526423],[16.498989,43.526517],[16.498986,43.526517],[16.498985,43.526522],[16.499031,43.526522],[16.499029,43.526608],[16.499211,43.52661]]]}},{"type":"Feature","properties":{"tlocrt":137.90360275,"korisna":70.47787361},"geometry":{"type":"Polygon","coordinates":[[[16.50589,43.525103],[16.505885,43.525045],[16.505809,43.525049],[16.505796,43.525049],[16.505783,43.52505],[16.505773,43.52505],[16.505764,43.525051],[16.505751,43.525052],[16.505745,43.525052],[16.505749,43.52511],[16.505753,43.525161],[16.505895,43.525153],[16.50589,43.525103]]]}},{"type":"Feature","properties":{"tlocrt":162.69905993,"korisna":58.53882261},"geometry":{"type":"Polygon","coordinates":[[[16.50475,43.524416],[16.504745,43.524351],[16.504694,43.524354],[16.504696,43.524372],[16.504692,43.524372],[16.504676,43.524373],[16.504654,43.524375],[16.504653,43.524356],[16.504602,43.524359],[16.504607,43.524424],[16.504613,43.52449],[16.504756,43.524483],[16.50475,43.524416]]]}},{"type":"Feature","properties":{"tlocrt":106.64176896,"korisna":24.20705268},"geometry":{"type":"Polygon","coordinates":[[[16.503683,43.526255],[16.503666,43.526201],[16.503664,43.526196],[16.503649,43.526198],[16.503637,43.526156],[16.503628,43.526158],[16.503642,43.526205],[16.503642,43.526208],[16.503528,43.526227],[16.503527,43.526224],[16.503512,43.526177],[16.503471,43.526183],[16.503486,43.526231],[16.503492,43.526251],[16.503507,43.526249],[16.503518,43.526281],[16.503584,43.526271],[16.503598,43.526269],[16.503606,43.526267],[16.503683,43.526255]]]}},{"type":"Feature","properties":{"tlocrt":120.22725568,"korisna":57.55037506},"geometry":{"type":"Polygon","coordinates":[[[16.497531,43.529124],[16.49753,43.529119],[16.497539,43.529119],[16.497543,43.529119],[16.497564,43.529119],[16.497569,43.529119],[16.497623,43.529119],[16.497622,43.529065],[16.497622,43.529013],[16.497494,43.529015],[16.497496,43.529066],[16.497497,43.529123],[16.497531,43.529124]]]}},{"type":"Feature","properties":{"tlocrt":97.76649969,"korisna":36.69291131},"geometry":{"type":"Polygon","coordinates":[[[16.496708,43.529162],[16.496697,43.529117],[16.496685,43.529068],[16.496635,43.529074],[16.496642,43.5291],[16.496625,43.529126],[16.496595,43.529106],[16.496589,43.52908],[16.496557,43.529084],[16.49657,43.529134],[16.496564,43.529135],[16.49657,43.529161],[16.496575,43.52916],[16.496581,43.529179],[16.49664,43.529171],[16.496641,43.529171],[16.496667,43.529168],[16.49667,43.529167],[16.496708,43.529162]]]}},{"type":"Feature","properties":{"tlocrt":116.79455322,"korisna":51.28703582},"geometry":{"type":"Polygon","coordinates":[[[16.495304,43.523649],[16.495277,43.523546],[16.495216,43.523555],[16.495156,43.523564],[16.495159,43.523576],[16.495162,43.523587],[16.495163,43.523592],[16.495167,43.523607],[16.495169,43.523614],[16.49517,43.523619],[16.495174,43.523634],[16.495174,43.523636],[16.495182,43.523667],[16.495244,43.523658],[16.495304,43.523649]]]}},{"type":"Feature","properties":{"tlocrt":89.1730192,"korisna":47.29378706},"geometry":{"type":"Polygon","coordinates":[[[16.4944,43.52713],[16.494383,43.527127],[16.494369,43.527172],[16.494358,43.527207],[16.494476,43.527227],[16.494487,43.527192],[16.4945,43.527147],[16.494494,43.527146],[16.494493,43.527146],[16.494481,43.527143],[16.49447,43.527142],[16.494446,43.527137],[16.494438,43.527136],[16.494417,43.527133],[16.494413,43.527132],[16.4944,43.52713]]]}},{"type":"Feature","properties":{"tlocrt":25.45834241,"korisna":9.49318706},"geometry":{"type":"Polygon","coordinates":[[[16.494738,43.527173],[16.494723,43.52717],[16.494702,43.527178],[16.494685,43.527237],[16.49469,43.527244],[16.494687,43.527258],[16.494697,43.527269],[16.494705,43.527272],[16.49471,43.527256],[16.494712,43.527252],[16.494731,43.527195],[16.494738,43.527173]]]}},{"type":"Feature","properties":{"tlocrt":157.63916166,"korisna":105.21132638},"geometry":{"type":"Polygon","coordinates":[[[16.493751,43.526166],[16.493816,43.526034],[16.493762,43.526019],[16.493698,43.526002],[16.493675,43.526048],[16.493736,43.526064],[16.493727,43.526081],[16.493666,43.526064],[16.493631,43.526136],[16.493647,43.526141],[16.493694,43.526154],[16.49369,43.526163],[16.493745,43.526177],[16.493751,43.526166]]]}},{"type":"Feature","properties":{"tlocrt":110.72905983,"korisna":78.00000002},"geometry":{"type":"Polygon","coordinates":[[[16.493535,43.526007],[16.493519,43.526003],[16.493493,43.526056],[16.493509,43.52606],[16.493488,43.526105],[16.493538,43.526119],[16.493591,43.526133],[16.493636,43.526034],[16.493535,43.526007]]]}},{"type":"Feature","properties":{"tlocrt":71.45762377,"korisna":50.02778951},"geometry":{"type":"Polygon","coordinates":[[[16.492501,43.526923],[16.492495,43.526915],[16.492442,43.526936],[16.492448,43.526944],[16.4924,43.526963],[16.492405,43.526972],[16.492391,43.526979],[16.492418,43.527016],[16.492421,43.52702],[16.492539,43.526972],[16.492537,43.526969],[16.492501,43.526923]]]}},{"type":"Feature","properties":{"tlocrt":40.25472462,"korisna":17.64062497},"geometry":{"type":"Polygon","coordinates":[[[16.493209,43.524659],[16.493132,43.524659],[16.493131,43.52468],[16.493172,43.524684],[16.493204,43.52469],[16.493275,43.524705],[16.493282,43.524668],[16.493209,43.524659]]]}},{"type":"Feature","properties":{"tlocrt":63.90127067,"korisna":33.11541532},"geometry":{"type":"Polygon","coordinates":[[[16.499245,43.528181],[16.499211,43.528177],[16.499202,43.528237],[16.499198,43.528259],[16.499195,43.528282],[16.499261,43.528288],[16.499265,43.528265],[16.499269,43.528244],[16.499279,43.528193],[16.49927,43.528193],[16.499272,43.528183],[16.499245,43.528181]]]}},{"type":"Feature","properties":{"tlocrt":30.39970381,"korisna":23.20487334},"geometry":{"type":"Polygon","coordinates":[[[16.501623,43.526212],[16.501592,43.526175],[16.501542,43.526198],[16.501541,43.526229],[16.501556,43.526247],[16.501618,43.526215],[16.501623,43.526212]]]}},{"type":"Feature","properties":{"tlocrt":24.84313745,"korisna":12.75625845},"geometry":{"type":"Polygon","coordinates":[[[16.501699,43.526594],[16.501682,43.526582],[16.501649,43.526607],[16.501628,43.526624],[16.50163,43.526625],[16.501664,43.526651],[16.501701,43.526625],[16.501699,43.526594]]]}},{"type":"Feature","properties":{"tlocrt":44.34067194},"geometry":{"type":"Polygon","coordinates":[[[16.503011,43.526821],[16.503013,43.526689],[16.502979,43.526694],[16.502979,43.526828],[16.503011,43.52685],[16.503011,43.526821]]]}},{"type":"Feature","properties":{"tlocrt":118.86382638,"korisna":91.21437993},"geometry":{"type":"Polygon","coordinates":[[[16.503824,43.526757],[16.503786,43.526674],[16.503726,43.526689],[16.503725,43.526686],[16.503663,43.526703],[16.503687,43.526752],[16.503647,43.526763],[16.503666,43.5268],[16.503756,43.526776],[16.503766,43.526773],[16.503824,43.526757]]]}},{"type":"Feature","properties":{"tlocrt":143.4802357,"korisna":55.68431029},"geometry":{"type":"Polygon","coordinates":[[[16.502965,43.52411],[16.502963,43.524061],[16.502805,43.524064],[16.502806,43.524112],[16.502806,43.524166],[16.502864,43.524164],[16.50289,43.524163],[16.502913,43.524162],[16.502966,43.52416],[16.502965,43.52411]]]}},{"type":"Feature","properties":{"tlocrt":36.02622999,"korisna":0.0001},"geometry":{"type":"Polygon","coordinates":[[[16.507272,43.52724],[16.507269,43.527207],[16.507246,43.527208],[16.507247,43.527214],[16.507166,43.52722],[16.50713,43.527223],[16.507133,43.527251],[16.507222,43.527244],[16.507272,43.52724]]]}},{"type":"Feature","properties":{"tlocrt":97.02370805,"korisna":65.61041104},"geometry":{"type":"Polygon","coordinates":[[[16.502755,43.525733],[16.502752,43.52572],[16.502725,43.525724],[16.502705,43.525721],[16.502722,43.525713],[16.502749,43.525709],[16.50273,43.525636],[16.502671,43.525645],[16.50264,43.52565],[16.502647,43.525673],[16.502616,43.525677],[16.502636,43.52575],[16.502697,43.525741],[16.502755,43.525733]]]}},{"type":"Feature","properties":{"tlocrt":26.50896437,"korisna":7.00000002},"geometry":{"type":"Polygon","coordinates":[[[16.502771,43.525754],[16.502765,43.52573],[16.502755,43.525731],[16.502755,43.525733],[16.502697,43.525741],[16.502636,43.52575],[16.502643,43.525772],[16.502703,43.525763],[16.502771,43.525754]]]}},{"type":"Feature","properties":{"tlocrt":21.53937778},"geometry":{"type":"Polygon","coordinates":[[[16.503026,43.524211],[16.503023,43.524164],[16.502995,43.524166],[16.502971,43.524168],[16.502974,43.524213],[16.502999,43.524212],[16.503026,43.524211]]]}},{"type":"Feature","properties":{"tlocrt":13.03051434,"korisna":2.01594703},"geometry":{"type":"Polygon","coordinates":[[[16.504103,43.525574],[16.504101,43.525571],[16.504073,43.525581],[16.504074,43.525582],[16.504098,43.525622],[16.504127,43.525613],[16.504103,43.525574]]]}},{"type":"Feature","properties":{"tlocrt":91.81908786,"korisna":38.00438805},"geometry":{"type":"Polygon","coordinates":[[[16.503473,43.525892],[16.503429,43.525804],[16.503379,43.525817],[16.503327,43.52583],[16.503372,43.525919],[16.503422,43.525906],[16.503473,43.525892]]]}},{"type":"Feature","properties":{"tlocrt":24.81046547,"korisna":9.10078602},"geometry":{"type":"Polygon","coordinates":[[[16.504261,43.526296],[16.504237,43.526248],[16.504209,43.526256],[16.504234,43.526303],[16.504254,43.526343],[16.504281,43.526335],[16.504261,43.526296]]]}},{"type":"Feature","properties":{"tlocrt":45.57932494,"korisna":23.99999997},"geometry":{"type":"Polygon","coordinates":[[[16.496675,43.523747],[16.496676,43.523693],[16.496622,43.523693],[16.496582,43.523693],[16.496583,43.523748],[16.496623,43.523747],[16.496675,43.523747]]]}},{"type":"Feature","properties":{"tlocrt":17.46960707,"korisna":11.5881011},"geometry":{"type":"Polygon","coordinates":[[[16.496642,43.5291],[16.496634,43.52907],[16.496611,43.529074],[16.496589,43.529077],[16.496595,43.529106],[16.496625,43.529126],[16.496642,43.5291]]]}},{"type":"Feature","properties":{"tlocrt":136.97845465,"korisna":54.43134434},"geometry":{"type":"Polygon","coordinates":[[[16.497208,43.529122],[16.497203,43.52908],[16.497157,43.529082],[16.497155,43.529073],[16.497146,43.529022],[16.49704,43.52903],[16.497047,43.529081],[16.497048,43.529088],[16.497002,43.529092],[16.497007,43.529136],[16.497208,43.529122]]]}},{"type":"Feature","properties":{"tlocrt":99.9329214,"korisna":38.96561609},"geometry":{"type":"Polygon","coordinates":[[[16.497426,43.529069],[16.497424,43.529016],[16.497321,43.529017],[16.497322,43.529071],[16.497323,43.529124],[16.497429,43.529122],[16.497426,43.529069]]]}},{"type":"Feature","properties":{"tlocrt":15.60081665,"korisna":2.99922765},"geometry":{"type":"Polygon","coordinates":[[[16.497321,43.529017],[16.497291,43.529016],[16.497292,43.529046],[16.497293,43.529075],[16.497322,43.529075],[16.497322,43.529046],[16.497321,43.529017]]]}},{"type":"Feature","properties":{"tlocrt":121.75424637,"korisna":62.15602002},"geometry":{"type":"Polygon","coordinates":[[[16.497826,43.52907],[16.497826,43.529017],[16.497749,43.529016],[16.497749,43.529022],[16.4977,43.529021],[16.4977,43.52902],[16.497694,43.529019],[16.497695,43.529071],[16.497696,43.529122],[16.497826,43.529121],[16.497826,43.52907]]]}},{"type":"Feature","properties":{"tlocrt":13.37901937,"korisna":5.22676732},"geometry":{"type":"Polygon","coordinates":[[[16.497528,43.528769],[16.497528,43.528734],[16.497508,43.528734],[16.497486,43.528734],[16.497485,43.528769],[16.497507,43.528769],[16.497528,43.528769]]]}},{"type":"Feature","properties":{"tlocrt":23.63311793,"korisna":4.91080194},"geometry":{"type":"Polygon","coordinates":[[[16.497164,43.528253],[16.497134,43.528251],[16.497133,43.528276],[16.497163,43.528277],[16.497163,43.528304],[16.497201,43.528304],[16.497202,43.528255],[16.497164,43.528253]]]}},{"type":"Feature","properties":{"tlocrt":378.90370333,"korisna":176.80502702},"geometry":{"type":"Polygon","coordinates":[[[16.497069,43.528486],[16.497069,43.528423],[16.497069,43.528356],[16.497021,43.528356],[16.497021,43.528375],[16.496946,43.528375],[16.496946,43.528363],[16.496821,43.528363],[16.496821,43.528373],[16.496745,43.528373],[16.496745,43.528356],[16.496683,43.528356],[16.496681,43.52842],[16.496679,43.528482],[16.496742,43.528482],[16.496742,43.52847],[16.496772,43.52847],[16.496772,43.528461],[16.496804,43.528461],[16.496804,43.528473],[16.496956,43.528473],[16.496956,43.528464],[16.496987,43.528464],[16.496987,43.528474],[16.497017,43.528474],[16.497017,43.528486],[16.497069,43.528486]]]}},{"type":"Feature","properties":{"tlocrt":40.35277647,"korisna":14.31618906},"geometry":{"type":"Polygon","coordinates":[[[16.493672,43.527007],[16.493638,43.527002],[16.49362,43.527075],[16.493662,43.527081],[16.493712,43.527089],[16.493718,43.527064],[16.493669,43.527057],[16.49368,43.527015],[16.493685,43.527013],[16.493678,43.527012],[16.493671,43.52701],[16.493672,43.527007]]]}},{"type":"Feature","properties":{"tlocrt":6.33836092},"geometry":{"type":"Polygon","coordinates":[[[16.493755,43.527097],[16.49374,43.527095],[16.493734,43.527117],[16.493749,43.527119],[16.493764,43.527122],[16.49377,43.5271],[16.493755,43.527097]]]}},{"type":"Feature","properties":{"tlocrt":16.27302499},"geometry":{"type":"Polygon","coordinates":[[[16.493809,43.527079],[16.493749,43.527069],[16.493745,43.527085],[16.493743,43.527095],[16.49377,43.5271],[16.493768,43.527107],[16.493799,43.527111],[16.493804,43.527094],[16.493809,43.527079]]]}},{"type":"Feature","properties":{"tlocrt":23.03830465,"korisna":9.68379108},"geometry":{"type":"Polygon","coordinates":[[[16.493729,43.527022],[16.49371,43.527002],[16.49368,43.527015],[16.493669,43.527057],[16.493694,43.527061],[16.493718,43.527064],[16.493729,43.527022]]]}},{"type":"Feature","properties":{"tlocrt":20.97266594,"korisna":6.92429353},"geometry":{"type":"Polygon","coordinates":[[[16.493917,43.526937],[16.493896,43.526931],[16.493878,43.526961],[16.49388,43.526961],[16.493874,43.526983],[16.493889,43.526987],[16.493909,43.526993],[16.493938,43.526943],[16.493917,43.526937]]]}},{"type":"Feature","properties":{"tlocrt":80.09832301,"korisna":62.77558545},"geometry":{"type":"Polygon","coordinates":[[[16.494096,43.527045],[16.494107,43.527014],[16.494118,43.527017],[16.494123,43.527003],[16.494128,43.52699],[16.494116,43.526988],[16.494127,43.526957],[16.494037,43.526939],[16.494004,43.527027],[16.494096,43.527045]]]}},{"type":"Feature","properties":{"tlocrt":183.90205671,"korisna":97.00017466},"geometry":{"type":"Polygon","coordinates":[[[16.49433,43.526863],[16.494295,43.526732],[16.49415,43.526751],[16.494145,43.526733],[16.494113,43.526738],[16.494127,43.526794],[16.494152,43.52679],[16.494155,43.526801],[16.494167,43.526845],[16.494226,43.526837],[16.49424,43.526887],[16.49428,43.526881],[16.494277,43.526871],[16.49433,43.526863]]]}},{"type":"Feature","properties":{"tlocrt":7.78691094,"korisna":2.01215271},"geometry":{"type":"Polygon","coordinates":[[[16.494192,43.527119],[16.494193,43.527116],[16.494197,43.527117],[16.494203,43.527104],[16.494208,43.527091],[16.49418,43.527085],[16.494174,43.527098],[16.494168,43.527113],[16.494192,43.527119]]]}},{"type":"Feature","properties":{"tlocrt":14.48348265,"korisna":4.98784471},"geometry":{"type":"Polygon","coordinates":[[[16.494258,43.527103],[16.494209,43.527089],[16.494202,43.527105],[16.494196,43.52712],[16.494245,43.527132],[16.494252,43.527117],[16.494258,43.527103]]]}},{"type":"Feature","properties":{"tlocrt":32.87283998,"korisna":22.69265248},"geometry":{"type":"Polygon","coordinates":[[[16.494143,43.527175],[16.4941,43.527165],[16.494084,43.527196],[16.494089,43.527197],[16.494082,43.527212],[16.494066,43.527246],[16.494106,43.527256],[16.494121,43.527222],[16.494143,43.527175]]]}},{"type":"Feature","properties":{"tlocrt":45.89272393,"korisna":15.640625},"geometry":{"type":"Polygon","coordinates":[[[16.493782,43.52742],[16.493708,43.527395],[16.493689,43.527422],[16.493671,43.52745],[16.493746,43.527476],[16.493764,43.527447],[16.493782,43.52742]]]}},{"type":"Feature","properties":{"tlocrt":49.70598834,"korisna":34.33161361},"geometry":{"type":"Polygon","coordinates":[[[16.493843,43.527628],[16.493868,43.527587],[16.493836,43.527577],[16.493843,43.527564],[16.493824,43.527558],[16.493804,43.527552],[16.493797,43.527564],[16.493776,43.527557],[16.493756,43.527589],[16.493729,43.527581],[16.493723,43.527591],[16.493843,43.527628]]]}},{"type":"Feature","properties":{"tlocrt":109.20885517,"korisna":81.76663099},"geometry":{"type":"Polygon","coordinates":[[[16.49449,43.527359],[16.494428,43.527348],[16.494397,43.527445],[16.494458,43.527457],[16.494514,43.527467],[16.494545,43.527368],[16.49449,43.527359]]]}},{"type":"Feature","properties":{"tlocrt":57.21641318,"korisna":3.92151641},"geometry":{"type":"Polygon","coordinates":[[[16.494559,43.527584],[16.494503,43.527572],[16.494482,43.527624],[16.494539,43.527636],[16.494596,43.527648],[16.494615,43.527596],[16.494559,43.527584]]]}},{"type":"Feature","properties":{"tlocrt":118.8172762,"korisna":53.21896527},"geometry":{"type":"Polygon","coordinates":[[[16.494603,43.52747],[16.494545,43.527458],[16.4945,43.527571],[16.494559,43.527584],[16.494618,43.527597],[16.494655,43.527503],[16.494595,43.527491],[16.494603,43.52747]]]}},{"type":"Feature","properties":{"tlocrt":146.94589364,"korisna":63.66564643},"geometry":{"type":"Polygon","coordinates":[[[16.494894,43.527466],[16.494886,43.527417],[16.494726,43.527433],[16.494734,43.527479],[16.494743,43.527533],[16.494902,43.52752],[16.494894,43.527466]]]}},{"type":"Feature","properties":{"tlocrt":17.54189467},"geometry":{"type":"Polygon","coordinates":[[[16.494908,43.52755],[16.494902,43.52752],[16.494873,43.527522],[16.494839,43.527525],[16.494844,43.527555],[16.494877,43.527552],[16.494908,43.52755]]]}},{"type":"Feature","properties":{"tlocrt":8.98882584,"korisna":1.73532907},"geometry":{"type":"Polygon","coordinates":[[[16.494643,43.527192],[16.494613,43.527188],[16.494611,43.527196],[16.494603,43.52722],[16.494632,43.527225],[16.49464,43.527201],[16.494643,43.527192]]]}},{"type":"Feature","properties":{"tlocrt":44.08752298,"korisna":16.313397},"geometry":{"type":"Polygon","coordinates":[[[16.494626,43.527145],[16.494575,43.527137],[16.494562,43.527182],[16.494548,43.527229],[16.494598,43.527237],[16.494612,43.52719],[16.494626,43.527145]]]}},{"type":"Feature","properties":{"tlocrt":65.28182702,"korisna":23.31633261},"geometry":{"type":"Polygon","coordinates":[[[16.494578,43.527127],[16.494509,43.527116],[16.494495,43.527166],[16.494479,43.527217],[16.494548,43.527229],[16.494563,43.527176],[16.494578,43.527127]]]}},{"type":"Feature","properties":{"tlocrt":17.47497009,"korisna":7.75912772},"geometry":{"type":"Polygon","coordinates":[[[16.494369,43.527173],[16.494383,43.527127],[16.494385,43.527127],[16.494386,43.527125],[16.494356,43.52712],[16.494341,43.527168],[16.494335,43.527187],[16.494363,43.527191],[16.494369,43.527173]]]}},{"type":"Feature","properties":{"tlocrt":105.78075817,"korisna":42.40074143},"geometry":{"type":"Polygon","coordinates":[[[16.494788,43.527318],[16.494793,43.527304],[16.494856,43.527315],[16.494874,43.527261],[16.494891,43.527208],[16.494794,43.52719],[16.494774,43.527244],[16.494755,43.527298],[16.494751,43.527311],[16.494788,43.527318]]]}},{"type":"Feature","properties":{"tlocrt":62.95779459,"korisna":30.87274918},"geometry":{"type":"Polygon","coordinates":[[[16.494787,43.527179],[16.494738,43.527173],[16.494719,43.52723],[16.494699,43.527288],[16.494755,43.527298],[16.494776,43.52724],[16.494794,43.52719],[16.494787,43.527179]]]}},{"type":"Feature","properties":{"tlocrt":191.67128736,"korisna":89.67106242},"geometry":{"type":"Polygon","coordinates":[[[16.494941,43.527085],[16.494964,43.527017],[16.494845,43.526995],[16.49484,43.52701],[16.494792,43.527002],[16.494779,43.527039],[16.494762,43.527036],[16.494757,43.527051],[16.49475,43.52707],[16.494774,43.527074],[16.494762,43.52711],[16.494922,43.527139],[16.494941,43.527085]]]}},{"type":"Feature","properties":{"tlocrt":77.19403618,"korisna":30.59219021},"geometry":{"type":"Polygon","coordinates":[[[16.494879,43.526821],[16.494794,43.526807],[16.494779,43.526856],[16.494764,43.526903],[16.494848,43.526918],[16.494864,43.52687],[16.494879,43.526821]]]}},{"type":"Feature","properties":{"tlocrt":75.58863178,"korisna":31.72873221},"geometry":{"type":"Polygon","coordinates":[[[16.495013,43.526844],[16.494931,43.52683],[16.49493,43.526832],[16.494923,43.526852],[16.494915,43.526878],[16.494899,43.526926],[16.494984,43.526939],[16.494998,43.526892],[16.495013,43.526844]]]}},{"type":"Feature","properties":{"tlocrt":41.85092761,"korisna":20.15726188},"geometry":{"type":"Polygon","coordinates":[[[16.494931,43.52683],[16.494879,43.526821],[16.494866,43.526861],[16.494852,43.526907],[16.494903,43.526916],[16.494918,43.52687],[16.494931,43.52683]]]}},{"type":"Feature","properties":{"tlocrt":17.60003473,"korisna":0.7272116},"geometry":{"type":"Polygon","coordinates":[[[16.495183,43.527255],[16.495157,43.527253],[16.495151,43.527291],[16.495176,43.527292],[16.495201,43.527294],[16.49521,43.527257],[16.495183,43.527255]]]}},{"type":"Feature","properties":{"tlocrt":56.45714799,"korisna":40.77002293},"geometry":{"type":"Polygon","coordinates":[[[16.495126,43.527309],[16.495127,43.52723],[16.495072,43.527229],[16.495016,43.527229],[16.495015,43.527243],[16.495066,43.527243],[16.495063,43.527293],[16.495016,43.527292],[16.495014,43.527306],[16.495069,43.527308],[16.495126,43.527309]]]}},{"type":"Feature","properties":{"tlocrt":106.38193093,"korisna":72.99999999},"geometry":{"type":"Polygon","coordinates":[[[16.495118,43.527029],[16.495056,43.527023],[16.495036,43.527123],[16.4951,43.527129],[16.495153,43.527134],[16.495171,43.527034],[16.495118,43.527029]]]}},{"type":"Feature","properties":{"tlocrt":10.47898655,"korisna":1.90793665},"geometry":{"type":"Polygon","coordinates":[[[16.495371,43.527121],[16.495327,43.527118],[16.495324,43.52713],[16.495323,43.527134],[16.495327,43.527135],[16.495325,43.527144],[16.495366,43.527147],[16.495369,43.527134],[16.495371,43.527121]]]}},{"type":"Feature","properties":{"tlocrt":20.43231754,"korisna":5.64062527},"geometry":{"type":"Polygon","coordinates":[[[16.495375,43.526852],[16.495328,43.526848],[16.495324,43.526873],[16.495322,43.526887],[16.495336,43.526888],[16.495335,43.526899],[16.495372,43.526901],[16.495373,43.526877],[16.495375,43.526852]]]}},{"type":"Feature","properties":{"tlocrt":92.18106136,"korisna":51.28835336},"geometry":{"type":"Polygon","coordinates":[[[16.495237,43.526815],[16.49522,43.526814],[16.495212,43.526863],[16.495206,43.526903],[16.495221,43.526905],[16.495268,43.526909],[16.495318,43.526914],[16.495324,43.526873],[16.495332,43.526823],[16.495302,43.526821],[16.495237,43.526815]]]}},{"type":"Feature","properties":{"tlocrt":92.22512422,"korisna":54.97073641},"geometry":{"type":"Polygon","coordinates":[[[16.49522,43.526814],[16.495107,43.526804],[16.495099,43.526854],[16.495093,43.526894],[16.495206,43.526903],[16.495212,43.526863],[16.49522,43.526814]]]}},{"type":"Feature","properties":{"tlocrt":47.00937678,"korisna":21.21072387},"geometry":{"type":"Polygon","coordinates":[[[16.494487,43.526463],[16.494467,43.526461],[16.494443,43.526568],[16.494467,43.52657],[16.494493,43.526573],[16.494513,43.526465],[16.494487,43.526463]]]}},{"type":"Feature","properties":{"tlocrt":19.21339507,"korisna":3.64038087},"geometry":{"type":"Polygon","coordinates":[[[16.495309,43.526586],[16.495269,43.526582],[16.495264,43.526608],[16.495259,43.526634],[16.495299,43.526639],[16.495304,43.526611],[16.495309,43.526586]]]}},{"type":"Feature","properties":{"tlocrt":62.84942386,"korisna":12.85129567},"geometry":{"type":"Polygon","coordinates":[[[16.494968,43.526263],[16.49497,43.526255],[16.495009,43.52626],[16.495017,43.526226],[16.49497,43.52622],[16.494977,43.526194],[16.494978,43.526189],[16.494899,43.526178],[16.494898,43.526182],[16.494885,43.526243],[16.494946,43.526251],[16.494944,43.52626],[16.494968,43.526263]]]}},{"type":"Feature","properties":{"tlocrt":135.22388995,"korisna":70.82324591},"geometry":{"type":"Polygon","coordinates":[[[16.494898,43.526182],[16.494899,43.526178],[16.494978,43.526189],[16.494983,43.52617],[16.494911,43.52616],[16.494918,43.526118],[16.494793,43.526101],[16.49478,43.526168],[16.494771,43.526211],[16.494889,43.526226],[16.494898,43.526182]]]}},{"type":"Feature","properties":{"tlocrt":85.21408202,"korisna":39.45022795},"geometry":{"type":"Polygon","coordinates":[[[16.49319,43.526565],[16.493159,43.526528],[16.493064,43.52657],[16.493095,43.526609],[16.493132,43.526654],[16.493204,43.52662],[16.493169,43.526578],[16.493192,43.526567],[16.49319,43.526565]]]}},{"type":"Feature","properties":{"tlocrt":69.54235484,"korisna":22.64029918},"geometry":{"type":"Polygon","coordinates":[[[16.493097,43.526611],[16.493064,43.52657],[16.492995,43.5266],[16.493029,43.526642],[16.493063,43.526684],[16.49313,43.526652],[16.493097,43.526611]]]}},{"type":"Feature","properties":{"tlocrt":4.80924927,"korisna":0.99647692},"geometry":{"type":"Polygon","coordinates":[[[16.493029,43.526714],[16.493019,43.526708],[16.492998,43.526724],[16.493008,43.526731],[16.493016,43.526736],[16.493037,43.52672],[16.493029,43.526714]]]}},{"type":"Feature","properties":{"tlocrt":108.96327465,"korisna":80.84287455},"geometry":{"type":"Polygon","coordinates":[[[16.493073,43.526465],[16.493022,43.526373],[16.492966,43.52639],[16.492901,43.526409],[16.49292,43.526443],[16.49293,43.52644],[16.492958,43.526451],[16.492948,43.526473],[16.492938,43.526475],[16.492952,43.526499],[16.493018,43.526481],[16.493073,43.526465]]]}},{"type":"Feature","properties":{"tlocrt":50.17094353,"korisna":40.57501339},"geometry":{"type":"Polygon","coordinates":[[[16.493788,43.525974],[16.493733,43.525959],[16.49371,43.526005],[16.493765,43.52602],[16.493816,43.526034],[16.49384,43.525988],[16.493788,43.525974]]]}},{"type":"Feature","properties":{"tlocrt":58.1818104,"korisna":41.73933643},"geometry":{"type":"Polygon","coordinates":[[[16.49382,43.525913],[16.493779,43.525901],[16.493747,43.525963],[16.493788,43.525974],[16.49384,43.525988],[16.493872,43.525928],[16.49382,43.525913]]]}},{"type":"Feature","properties":{"tlocrt":136.18292828,"korisna":60.05360442},"geometry":{"type":"Polygon","coordinates":[[[16.49316,43.526015],[16.493158,43.526005],[16.493179,43.526003],[16.493171,43.525955],[16.493171,43.52595],[16.493191,43.525949],[16.493182,43.525895],[16.493083,43.525904],[16.493084,43.525914],[16.493031,43.525918],[16.493049,43.526015],[16.493117,43.526008],[16.49312,43.526019],[16.49316,43.526015]]]}},{"type":"Feature","properties":{"tlocrt":2.54132327,"korisna":2.19591184},"geometry":{"type":"Polygon","coordinates":[[[16.493192,43.525955],[16.493191,43.525949],[16.493171,43.52595],[16.493172,43.525957],[16.493173,43.525965],[16.493193,43.525962],[16.493192,43.525955]]]}},{"type":"Feature","properties":{"tlocrt":152.86717913,"korisna":71.750483},"geometry":{"type":"Polygon","coordinates":[[[16.493281,43.526013],[16.493279,43.526002],[16.49335,43.525996],[16.493334,43.5259],[16.493279,43.525904],[16.493277,43.525893],[16.493184,43.525903],[16.493193,43.525962],[16.493173,43.525965],[16.49318,43.526011],[16.49324,43.526007],[16.493241,43.526017],[16.493281,43.526013]]]}},{"type":"Feature","properties":{"tlocrt":16.37853112,"korisna":3},"geometry":{"type":"Polygon","coordinates":[[[16.492647,43.527059],[16.492621,43.527023],[16.492607,43.527029],[16.49261,43.527032],[16.492601,43.527036],[16.492578,43.527045],[16.492598,43.527073],[16.492622,43.527066],[16.492647,43.527059]]]}},{"type":"Feature","properties":{"tlocrt":57.686064,"korisna":19.25090803},"geometry":{"type":"Polygon","coordinates":[[[16.492511,43.527037],[16.492571,43.527013],[16.492539,43.526972],[16.49248,43.526996],[16.492421,43.52702],[16.492419,43.527017],[16.492417,43.527018],[16.49245,43.527061],[16.492511,43.527037]]]}},{"type":"Feature","properties":{"tlocrt":174.89981522,"korisna":73.77763019},"geometry":{"type":"Polygon","coordinates":[[[16.492768,43.525795],[16.492742,43.52574],[16.492608,43.525774],[16.492611,43.525781],[16.492585,43.525788],[16.492608,43.525834],[16.492635,43.52589],[16.492794,43.525852],[16.492768,43.525795]]]}},{"type":"Feature","properties":{"tlocrt":11.17513473,"korisna":6.4164645},"geometry":{"type":"Polygon","coordinates":[[[16.492451,43.526115],[16.492446,43.526099],[16.492404,43.526112],[16.492409,43.526125],[16.492413,43.526137],[16.492454,43.526129],[16.492451,43.526115]]]}},{"type":"Feature","properties":{"tlocrt":4.03047972,"korisna":0.87173202},"geometry":{"type":"Polygon","coordinates":[[[16.49247,43.526111],[16.492469,43.526095],[16.492447,43.5261],[16.49245,43.526114],[16.492452,43.526121],[16.492471,43.526118],[16.49247,43.526111]]]}},{"type":"Feature","properties":{"tlocrt":25.29620001,"korisna":8},"geometry":{"type":"Polygon","coordinates":[[[16.492535,43.526088],[16.492512,43.526039],[16.492486,43.526046],[16.492461,43.526052],[16.492483,43.526101],[16.49251,43.526094],[16.492535,43.526088]]]}},{"type":"Feature","properties":{"tlocrt":153.89010532,"korisna":117.32936087},"geometry":{"type":"Polygon","coordinates":[[[16.492166,43.525643],[16.492141,43.52554],[16.49206,43.525551],[16.491981,43.525561],[16.492001,43.525663],[16.492084,43.525653],[16.492166,43.525643]]]}},{"type":"Feature","properties":{"tlocrt":114.40606188,"korisna":45},"geometry":{"type":"Polygon","coordinates":[[[16.495081,43.5257],[16.495082,43.52564],[16.49498,43.525641],[16.494978,43.525697],[16.494962,43.525697],[16.494962,43.5257],[16.494961,43.525755],[16.495081,43.525755],[16.495081,43.5257]]]}},{"type":"Feature","properties":{"tlocrt":122.29336912,"korisna":56.05331406},"geometry":{"type":"Polygon","coordinates":[[[16.49512,43.525457],[16.494985,43.525445],[16.494977,43.525495],[16.494969,43.525544],[16.495102,43.525557],[16.495111,43.525507],[16.49512,43.525457]]]}},{"type":"Feature","properties":{"tlocrt":8.61189563,"korisna":0.16716513},"geometry":{"type":"Polygon","coordinates":[[[16.495153,43.524986],[16.495114,43.524984],[16.495112,43.524996],[16.495151,43.524998],[16.495189,43.525],[16.49519,43.524988],[16.495153,43.524986]]]}},{"type":"Feature","properties":{"tlocrt":170.49447655,"korisna":130.88795582},"geometry":{"type":"Polygon","coordinates":[[[16.495118,43.524997],[16.49505,43.524993],[16.495034,43.525127],[16.495103,43.525131],[16.495175,43.525135],[16.495189,43.525],[16.495118,43.524997]]]}},{"type":"Feature","properties":{"tlocrt":9.13214135},"geometry":{"type":"Polygon","coordinates":[[[16.494665,43.525135],[16.494657,43.525101],[16.494643,43.525102],[16.494627,43.525104],[16.494639,43.52514],[16.494651,43.525137],[16.494665,43.525135]]]}},{"type":"Feature","properties":{"tlocrt":42.95793433,"korisna":15.36297323},"geometry":{"type":"Polygon","coordinates":[[[16.493435,43.524691],[16.493434,43.524668],[16.493332,43.524671],[16.493335,43.524694],[16.493337,43.524719],[16.493436,43.524716],[16.493435,43.524691]]]}},{"type":"Feature","properties":{"tlocrt":39.18857003,"korisna":10.80715784},"geometry":{"type":"Polygon","coordinates":[[[16.493524,43.524714],[16.493522,43.524689],[16.49352,43.524665],[16.493434,43.524668],[16.493435,43.524691],[16.493436,43.524714],[16.493439,43.524713],[16.493439,43.524718],[16.493524,43.524714]]]}},{"type":"Feature","properties":{"tlocrt":52.0546987,"korisna":20.46203615},"geometry":{"type":"Polygon","coordinates":[[[16.492859,43.524724],[16.492851,43.524686],[16.49275,43.524697],[16.492757,43.524736],[16.49276,43.524753],[16.492862,43.524742],[16.492859,43.524724]]]}},{"type":"Feature","properties":{"tlocrt":20.48864934,"korisna":8.81125568},"geometry":{"type":"Polygon","coordinates":[[[16.492912,43.524459],[16.49291,43.524438],[16.492854,43.524442],[16.492858,43.524462],[16.492862,43.524483],[16.492914,43.52448],[16.492912,43.524459]]]}},{"type":"Feature","properties":{"tlocrt":50.81736294,"korisna":34.30287873},"geometry":{"type":"Polygon","coordinates":[[[16.492306,43.524301],[16.492287,43.524244],[16.492242,43.524253],[16.492196,43.524262],[16.492218,43.524322],[16.492263,43.524311],[16.492306,43.524301]]]}},{"type":"Feature","properties":{"tlocrt":85.73330822,"korisna":41.20866769},"geometry":{"type":"Polygon","coordinates":[[[16.491936,43.523884],[16.491916,43.523839],[16.491887,43.523846],[16.491882,43.523836],[16.491862,43.52384],[16.491843,43.523845],[16.491846,43.523854],[16.491826,43.523859],[16.491844,43.523902],[16.491829,43.523905],[16.49183,43.523909],[16.491848,43.523948],[16.491953,43.523923],[16.491936,43.523884]]]}},{"type":"Feature","properties":{"tlocrt":80.95142162,"korisna":37.1852545},"geometry":{"type":"Polygon","coordinates":[[[16.493709,43.524859],[16.493699,43.52481],[16.493604,43.524821],[16.493617,43.52487],[16.493628,43.524915],[16.493719,43.524905],[16.493709,43.524859]]]}},{"type":"Feature","properties":{"tlocrt":37.44683538,"korisna":16.43879948},"geometry":{"type":"Polygon","coordinates":[[[16.493752,43.524855],[16.493742,43.524804],[16.493699,43.52481],[16.493709,43.524859],[16.493719,43.524905],[16.49376,43.5249],[16.493752,43.524855]]]}},{"type":"Feature","properties":{"tlocrt":15.67405182,"korisna":4.17300683},"geometry":{"type":"Polygon","coordinates":[[[16.493804,43.524567],[16.493799,43.524549],[16.493749,43.524557],[16.493755,43.524574],[16.49376,43.52459],[16.493809,43.524582],[16.493804,43.524567]]]}},{"type":"Feature","properties":{"tlocrt":67.77516457,"korisna":43.26683141},"geometry":{"type":"Polygon","coordinates":[[[16.493724,43.524537],[16.493719,43.524508],[16.493715,43.524509],[16.49371,43.524509],[16.493692,43.524414],[16.493635,43.52442],[16.493642,43.524463],[16.493646,43.524463],[16.493652,43.524505],[16.493647,43.524505],[16.493654,43.524544],[16.49372,43.524537],[16.493724,43.524537]]]}},{"type":"Feature","properties":{"tlocrt":68.98413412,"korisna":52.48206926},"geometry":{"type":"Polygon","coordinates":[[[16.493788,43.52445],[16.493779,43.524405],[16.493697,43.524413],[16.493692,43.524414],[16.49371,43.524509],[16.493715,43.524509],[16.493767,43.524503],[16.493788,43.52445]]]}},{"type":"Feature","properties":{"tlocrt":2.9345669,"korisna":0.05141237},"geometry":{"type":"Polygon","coordinates":[[[16.493737,43.524409],[16.493736,43.524403],[16.493695,43.524407],[16.493684,43.524408],[16.493685,43.524414],[16.493697,43.524413],[16.493737,43.524409]]]}},{"type":"Feature","properties":{"tlocrt":6.73412827,"korisna":1.04524122},"geometry":{"type":"Polygon","coordinates":[[[16.494309,43.524557],[16.494305,43.524537],[16.494286,43.524539],[16.494269,43.52454],[16.494274,43.524561],[16.49429,43.524559],[16.494309,43.524557]]]}},{"type":"Feature","properties":{"tlocrt":337.27344417,"korisna":156.49603275},"geometry":{"type":"Polygon","coordinates":[[[16.49512,43.523939],[16.495109,43.523884],[16.494778,43.523922],[16.494789,43.523976],[16.4948,43.524032],[16.495132,43.523995],[16.49512,43.523939]]]}},{"type":"Feature","properties":{"tlocrt":58.22785811,"korisna":22.94076212},"geometry":{"type":"Polygon","coordinates":[[[16.495248,43.523694],[16.495193,43.523665],[16.495182,43.523667],[16.495181,43.523663],[16.495146,43.523667],[16.495156,43.523706],[16.495167,43.523748],[16.495258,43.523734],[16.495248,43.523694]]]}},{"type":"Feature","properties":{"tlocrt":17.20174615,"korisna":1.640625},"geometry":{"type":"Polygon","coordinates":[[[16.49615,43.524705],[16.496127,43.524669],[16.496104,43.524677],[16.496084,43.524684],[16.496109,43.524721],[16.496129,43.524713],[16.49615,43.524705]]]}},{"type":"Feature","properties":{"tlocrt":14.84543993},"geometry":{"type":"Polygon","coordinates":[[[16.496077,43.524598],[16.496066,43.524581],[16.496027,43.524595],[16.49605,43.52463],[16.496088,43.524616],[16.496077,43.524598]]]}},{"type":"Feature","properties":{"tlocrt":101.30829887,"korisna":42.6200473},"geometry":{"type":"Polygon","coordinates":[[[16.496266,43.524592],[16.496237,43.524543],[16.496211,43.524501],[16.496095,43.524539],[16.496123,43.524581],[16.496125,43.524583],[16.496145,43.524577],[16.496174,43.524621],[16.496266,43.524592]]]}},{"type":"Feature","properties":{"tlocrt":52.30172802,"korisna":24.09894931},"geometry":{"type":"Polygon","coordinates":[[[16.496192,43.52464],[16.496179,43.52462],[16.496174,43.524621],[16.496172,43.524618],[16.496145,43.524577],[16.496125,43.524583],[16.496122,43.52458],[16.496121,43.524577],[16.496074,43.524593],[16.496075,43.524596],[16.496105,43.524644],[16.496118,43.524664],[16.496155,43.524652],[16.496192,43.52464]]]}},{"type":"Feature","properties":{"tlocrt":249.43488258,"korisna":119},"geometry":{"type":"Polygon","coordinates":[[[16.496394,43.526229],[16.496165,43.526226],[16.496164,43.5263],[16.496163,43.526348],[16.496392,43.52635],[16.496393,43.526303],[16.496394,43.526229]]]}},{"type":"Feature","properties":{"tlocrt":1963.03798599,"korisna":1732.09298604},"geometry":{"type":"Polygon","coordinates":[[[16.496882,43.526951],[16.495686,43.526935],[16.495683,43.527026],[16.49568,43.527118],[16.496878,43.527133],[16.49688,43.527042],[16.496882,43.526951]]]}},{"type":"Feature","properties":{"tlocrt":1749.67061459,"korisna":1611.43666858},"geometry":{"type":"Polygon","coordinates":[[[16.497845,43.526405],[16.497847,43.526362],[16.497491,43.526357],[16.49749,43.526401],[16.49738,43.526398],[16.497377,43.526539],[16.497373,43.52669],[16.497991,43.526697],[16.497995,43.526546],[16.497998,43.526407],[16.497845,43.526405]]]}},{"type":"Feature","properties":{"tlocrt":508.23451772,"korisna":430.87464174},"geometry":{"type":"Polygon","coordinates":[[[16.498142,43.526451],[16.498037,43.526449],[16.49803,43.526718],[16.498134,43.526719],[16.498242,43.52672],[16.498248,43.526453],[16.498142,43.526451]]]}},{"type":"Feature","properties":{"tlocrt":108.87720639,"korisna":76.02773772},"geometry":{"type":"Polygon","coordinates":[[[16.497078,43.524703],[16.49707,43.524676],[16.497003,43.524687],[16.496999,43.524678],[16.496964,43.524683],[16.496967,43.524693],[16.496917,43.524702],[16.496926,43.52473],[16.496942,43.524776],[16.497092,43.524749],[16.497078,43.524703]]]}},{"type":"Feature","properties":{"tlocrt":120.16376386,"korisna":54.00000001},"geometry":{"type":"Polygon","coordinates":[[[16.497572,43.523431],[16.497545,43.523323],[16.497483,43.523331],[16.497424,43.523339],[16.497452,43.523446],[16.49751,43.523439],[16.497572,43.523431]]]}},{"type":"Feature","properties":{"tlocrt":1257.39353314,"korisna":603.39550779},"geometry":{"type":"Polygon","coordinates":[[[16.49885,43.5252],[16.49812,43.52519],[16.498117,43.525286],[16.498115,43.525382],[16.498845,43.52539],[16.498848,43.525295],[16.49885,43.5252]]]}},{"type":"Feature","properties":{"tlocrt":385.91385983,"korisna":306.29874029},"geometry":{"type":"Polygon","coordinates":[[[16.498994,43.52494],[16.498925,43.52494],[16.498916,43.52523],[16.498988,43.525231],[16.499064,43.525232],[16.499073,43.524941],[16.498994,43.52494]]]}},{"type":"Feature","properties":{"tlocrt":46.55309688,"korisna":38.18321198},"geometry":{"type":"Polygon","coordinates":[[[16.499012,43.525231],[16.498916,43.52523],[16.498916,43.525256],[16.499011,43.525257],[16.499119,43.525258],[16.49912,43.525234],[16.499012,43.525231]]]}},{"type":"Feature","properties":{"tlocrt":137.705018,"korisna":94.8510989},"geometry":{"type":"Polygon","coordinates":[[[16.499009,43.525338],[16.498917,43.525337],[16.498915,43.525414],[16.499008,43.525415],[16.499115,43.525416],[16.499117,43.525339],[16.499009,43.525338]]]}},{"type":"Feature","properties":{"tlocrt":169.57797567,"korisna":142.66288656},"geometry":{"type":"Polygon","coordinates":[[[16.499117,43.525339],[16.499119,43.525258],[16.498954,43.525256],[16.498893,43.525255],[16.498893,43.525276],[16.498881,43.525275],[16.49888,43.525315],[16.498893,43.525316],[16.498892,43.525337],[16.498952,43.525338],[16.499117,43.525339]]]}},{"type":"Feature","properties":{"tlocrt":293.0174465,"korisna":124.5322231},"geometry":{"type":"Polygon","coordinates":[[[16.49985,43.525594],[16.499546,43.525589],[16.499544,43.525641],[16.499543,43.525697],[16.499846,43.525701],[16.499848,43.525645],[16.49985,43.525594]]]}},{"type":"Feature","properties":{"tlocrt":137.14301012,"korisna":53.83528254},"geometry":{"type":"Polygon","coordinates":[[[16.499398,43.525588],[16.499294,43.525587],[16.499292,43.525654],[16.49929,43.525733],[16.499394,43.525735],[16.499396,43.525656],[16.499398,43.525588]]]}},{"type":"Feature","properties":{"tlocrt":47.71588708,"korisna":15.16852216},"geometry":{"type":"Polygon","coordinates":[[[16.499546,43.525589],[16.499512,43.525587],[16.499508,43.525657],[16.499503,43.525736],[16.499542,43.525737],[16.499544,43.525657],[16.499546,43.525589]]]}},{"type":"Feature","properties":{"tlocrt":1256.79516044,"korisna":1109.4858825},"geometry":{"type":"Polygon","coordinates":[[[16.49947,43.525007],[16.499337,43.525005],[16.499324,43.525536],[16.499458,43.525538],[16.499588,43.525539],[16.499601,43.525008],[16.49947,43.525007]]]}},{"type":"Feature","properties":{"tlocrt":121.84867457,"korisna":86.90165297},"geometry":{"type":"Polygon","coordinates":[[[16.499824,43.525868],[16.499711,43.525868],[16.499711,43.525928],[16.499711,43.525988],[16.499823,43.525988],[16.499824,43.525929],[16.499824,43.525868]]]}},{"type":"Feature","properties":{"tlocrt":14.87441688,"korisna":4.99033855},"geometry":{"type":"Polygon","coordinates":[[[16.499274,43.526492],[16.49924,43.526491],[16.499239,43.526515],[16.499238,43.526539],[16.499272,43.526541],[16.499273,43.526516],[16.499274,43.526492]]]}},{"type":"Feature","properties":{"tlocrt":23.7535721,"korisna":0.00966593},"geometry":{"type":"Polygon","coordinates":[[[16.49924,43.526475],[16.499215,43.526474],[16.499214,43.526514],[16.499212,43.526579],[16.499237,43.526579],[16.499239,43.526515],[16.49924,43.526475]]]}},{"type":"Feature","properties":{"tlocrt":114.80157471,"korisna":77.27795069},"geometry":{"type":"Polygon","coordinates":[[[16.498869,43.526141],[16.498803,43.526141],[16.498801,43.526236],[16.498868,43.526237],[16.498935,43.526238],[16.498936,43.526142],[16.498869,43.526141]]]}},{"type":"Feature","properties":{"tlocrt":231.80883983,"korisna":189.91153255},"geometry":{"type":"Polygon","coordinates":[[[16.499642,43.526285],[16.499647,43.526138],[16.499556,43.526137],[16.499508,43.526136],[16.499508,43.526151],[16.499465,43.52615],[16.499464,43.526283],[16.499553,43.526284],[16.499642,43.526285]]]}},{"type":"Feature","properties":{"tlocrt":275.75790935,"korisna":223.09073336},"geometry":{"type":"Polygon","coordinates":[[[16.499556,43.526284],[16.499464,43.526283],[16.49946,43.526455],[16.499552,43.526456],[16.499639,43.526457],[16.499642,43.526285],[16.499556,43.526284]]]}},{"type":"Feature","properties":{"tlocrt":67.75213424,"korisna":43.89175436},"geometry":{"type":"Polygon","coordinates":[[[16.499135,43.528642],[16.499135,43.528637],[16.499171,43.528638],[16.499171,43.528601],[16.499111,43.528601],[16.49911,43.528561],[16.499106,43.528561],[16.499046,43.52856],[16.499045,43.528641],[16.499106,43.528641],[16.499135,43.528642]]]}},{"type":"Feature","properties":{"tlocrt":37.46449873,"korisna":15.66058378},"geometry":{"type":"Polygon","coordinates":[[[16.499186,43.528564],[16.49911,43.528564],[16.499111,43.528601],[16.499186,43.528601],[16.499223,43.5286],[16.499223,43.528564],[16.499186,43.528564]]]}},{"type":"Feature","properties":{"tlocrt":122.40507001,"korisna":77.01513899},"geometry":{"type":"Polygon","coordinates":[[[16.499227,43.528564],[16.499227,43.528444],[16.499181,43.528444],[16.499118,43.528445],[16.499118,43.528481],[16.499109,43.528481],[16.49911,43.528564],[16.499183,43.528564],[16.499227,43.528564]]]}},{"type":"Feature","properties":{"tlocrt":153.56371651,"korisna":75.75315188},"geometry":{"type":"Polygon","coordinates":[[[16.499453,43.528404],[16.499391,43.528396],[16.499359,43.528532],[16.49942,43.528539],[16.499483,43.528547],[16.499514,43.528413],[16.499453,43.528404]]]}},{"type":"Feature","properties":{"tlocrt":118.86396331,"korisna":87.82516815},"geometry":{"type":"Polygon","coordinates":[[[16.499513,43.528175],[16.499435,43.528169],[16.49942,43.528263],[16.499501,43.528269],[16.499559,43.528274],[16.499572,43.528178],[16.499513,43.528175]]]}},{"type":"Feature","properties":{"tlocrt":84.41243057,"korisna":62.33483401},"geometry":{"type":"Polygon","coordinates":[[[16.499679,43.528408],[16.499684,43.528387],[16.499689,43.528387],[16.499759,43.528395],[16.499773,43.528339],[16.499703,43.528331],[16.499635,43.528323],[16.499616,43.528406],[16.499621,43.528406],[16.499622,43.528402],[16.499679,43.528408]]]}},{"type":"Feature","properties":{"tlocrt":92.41286053,"korisna":72.19033322},"geometry":{"type":"Polygon","coordinates":[[[16.499697,43.528471],[16.499699,43.528462],[16.49975,43.528468],[16.499764,43.528396],[16.499689,43.528387],[16.499684,43.528387],[16.499679,43.528408],[16.499622,43.528402],[16.499621,43.528406],[16.49961,43.528405],[16.499599,43.528459],[16.499672,43.528468],[16.499697,43.528471]]]}},{"type":"Feature","properties":{"tlocrt":45.9803179,"korisna":23.86359767},"geometry":{"type":"Polygon","coordinates":[[[16.500696,43.526977],[16.500696,43.526955],[16.500584,43.52696],[16.500585,43.526984],[16.500585,43.527007],[16.500697,43.527],[16.500696,43.526977]]]}},{"type":"Feature","properties":{"tlocrt":54.04130058,"korisna":20.72701848},"geometry":{"type":"Polygon","coordinates":[[[16.501099,43.527075],[16.50107,43.527014],[16.500996,43.527033],[16.501008,43.527061],[16.500984,43.527068],[16.500985,43.52707],[16.501001,43.5271],[16.501099,43.527075]]]}},{"type":"Feature","properties":{"tlocrt":46.87724301},"geometry":{"type":"Polygon","coordinates":[[[16.501728,43.526312],[16.501763,43.526285],[16.501746,43.526265],[16.501703,43.526285],[16.50168,43.526296],[16.501662,43.526275],[16.501619,43.526295],[16.501662,43.526344],[16.501728,43.526312]]]}},{"type":"Feature","properties":{"tlocrt":43.21766046,"korisna":32.01687553},"geometry":{"type":"Polygon","coordinates":[[[16.501623,43.526212],[16.501635,43.526206],[16.501637,43.526208],[16.50164,43.52621],[16.501704,43.526181],[16.501701,43.526178],[16.501665,43.526135],[16.501586,43.526172],[16.501589,43.526177],[16.501592,43.526175],[16.501623,43.526212]]]}},{"type":"Feature","properties":{"tlocrt":82.43096552,"korisna":55.8229867},"geometry":{"type":"Polygon","coordinates":[[[16.501752,43.526233],[16.501704,43.526181],[16.50164,43.52621],[16.501635,43.526206],[16.501633,43.526207],[16.501627,43.52621],[16.50164,43.526226],[16.501579,43.526255],[16.501616,43.526296],[16.501685,43.526264],[16.501752,43.526233]]]}},{"type":"Feature","properties":{"tlocrt":17.66974792,"korisna":1.3686204},"geometry":{"type":"Polygon","coordinates":[[[16.501748,43.526264],[16.50173,43.526243],[16.501685,43.526264],[16.501662,43.526275],[16.50168,43.526296],[16.501703,43.526285],[16.501748,43.526264]]]}},{"type":"Feature","properties":{"tlocrt":33.41559215,"korisna":8.99999999},"geometry":{"type":"Polygon","coordinates":[[[16.501125,43.526334],[16.501113,43.526316],[16.501038,43.52634],[16.501051,43.52636],[16.501066,43.526381],[16.50114,43.526357],[16.501125,43.526334]]]}},{"type":"Feature","properties":{"tlocrt":93.92033639,"korisna":70.40783466},"geometry":{"type":"Polygon","coordinates":[[[16.501337,43.526428],[16.501299,43.526387],[16.501217,43.526427],[16.501256,43.526469],[16.501298,43.526515],[16.50138,43.526476],[16.501337,43.526428]]]}},{"type":"Feature","properties":{"tlocrt":110.36387019,"korisna":95.99684019},"geometry":{"type":"Polygon","coordinates":[[[16.501484,43.526428],[16.501441,43.526378],[16.501439,43.526377],[16.501415,43.526388],[16.501375,43.526348],[16.501297,43.526385],[16.501337,43.526428],[16.501381,43.526478],[16.501484,43.526428]]]}},{"type":"Feature","properties":{"tlocrt":83.99441973,"korisna":57.72250536},"geometry":{"type":"Polygon","coordinates":[[[16.501542,43.526636],[16.501581,43.526609],[16.501631,43.526574],[16.501553,43.526516],[16.501492,43.526562],[16.501504,43.52657],[16.501471,43.526594],[16.501488,43.526606],[16.501505,43.526618],[16.501511,43.526613],[16.501542,43.526612],[16.501542,43.526636]]]}},{"type":"Feature","properties":{"tlocrt":15.7247868,"korisna":1.63270651},"geometry":{"type":"Polygon","coordinates":[[[16.501685,43.526666],[16.501664,43.526651],[16.501645,43.526665],[16.501604,43.526694],[16.501626,43.526708],[16.501665,43.52668],[16.501685,43.526666]]]}},{"type":"Feature","properties":{"tlocrt":76.82992086,"korisna":35.18489028},"geometry":{"type":"Polygon","coordinates":[[[16.50165,43.526661],[16.501664,43.526651],[16.501628,43.526624],[16.501664,43.526596],[16.501633,43.526572],[16.501581,43.526609],[16.501523,43.52665],[16.501541,43.526664],[16.501549,43.526658],[16.501588,43.526687],[16.501581,43.526692],[16.501593,43.526701],[16.50165,43.526661]]]}},{"type":"Feature","properties":{"tlocrt":8.32042363,"korisna":5.50043979},"geometry":{"type":"Polygon","coordinates":[[[16.501542,43.526636],[16.501542,43.526612],[16.501511,43.526613],[16.501499,43.526622],[16.501513,43.526633],[16.50153,43.526645],[16.501542,43.526636]]]}},{"type":"Feature","properties":{"tlocrt":153.84670358,"korisna":77.865587},"geometry":{"type":"Polygon","coordinates":[[[16.502195,43.526625],[16.502217,43.526617],[16.502236,43.526642],[16.502293,43.526619],[16.502258,43.526571],[16.502218,43.526518],[16.502081,43.526573],[16.502121,43.526626],[16.502157,43.526673],[16.502214,43.52665],[16.502195,43.526625]]]}},{"type":"Feature","properties":{"tlocrt":546.67428444,"korisna":489.49426154},"geometry":{"type":"Polygon","coordinates":[[[16.502074,43.526397],[16.50201,43.526332],[16.501704,43.526489],[16.501768,43.526555],[16.501833,43.526621],[16.50214,43.526464],[16.502074,43.526397]]]}},{"type":"Feature","properties":{"tlocrt":17.89327098,"korisna":8.12234183},"geometry":{"type":"Polygon","coordinates":[[[16.501963,43.525941],[16.501943,43.52593],[16.50191,43.52596],[16.501929,43.525972],[16.501949,43.525984],[16.501983,43.525953],[16.501963,43.525941]]]}},{"type":"Feature","properties":{"tlocrt":81.74369968,"korisna":34.03064846},"geometry":{"type":"Polygon","coordinates":[[[16.500399,43.526321],[16.500372,43.526294],[16.500279,43.526342],[16.500295,43.526358],[16.500271,43.526371],[16.500282,43.526382],[16.50031,43.52641],[16.500425,43.526348],[16.500399,43.526321]]]}},{"type":"Feature","properties":{"tlocrt":22.84356294,"korisna":3.64062501},"geometry":{"type":"Polygon","coordinates":[[[16.50037,43.524228],[16.500369,43.524201],[16.500321,43.524203],[16.500323,43.52423],[16.500325,43.524261],[16.500371,43.524249],[16.50037,43.524228]]]}},{"type":"Feature","properties":{"tlocrt":42.96744596,"korisna":12.4426691},"geometry":{"type":"Polygon","coordinates":[[[16.500461,43.524185],[16.500459,43.524155],[16.500379,43.524157],[16.500381,43.524187],[16.500382,43.524217],[16.500463,43.524214],[16.500461,43.524185]]]}},{"type":"Feature","properties":{"tlocrt":58.15142063,"korisna":21.44069386},"geometry":{"type":"Polygon","coordinates":[[[16.499195,43.523819],[16.499178,43.52378],[16.499101,43.523797],[16.499118,43.523836],[16.499133,43.523873],[16.499211,43.523857],[16.499195,43.523819]]]}},{"type":"Feature","properties":{"tlocrt":44.80504491,"korisna":3.28076171},"geometry":{"type":"Polygon","coordinates":[[[16.502534,43.526604],[16.502504,43.526529],[16.502474,43.526536],[16.502442,43.526543],[16.502471,43.526616],[16.502503,43.52661],[16.502534,43.526604]]]}},{"type":"Feature","properties":{"tlocrt":157.59917462,"korisna":59.64038085},"geometry":{"type":"Polygon","coordinates":[[[16.502755,43.52646],[16.502738,43.526417],[16.502647,43.526438],[16.502646,43.526433],[16.502568,43.526451],[16.502586,43.526496],[16.502609,43.526552],[16.502768,43.526516],[16.502747,43.526464],[16.502756,43.526462],[16.502755,43.52646]]]}},{"type":"Feature","properties":{"tlocrt":124.30765188,"korisna":54.828125},"geometry":{"type":"Polygon","coordinates":[[[16.502954,43.52648],[16.502977,43.526473],[16.502994,43.526502],[16.503051,43.526485],[16.503026,43.526441],[16.503,43.526396],[16.502861,43.526439],[16.502884,43.526482],[16.50291,43.526528],[16.502971,43.526509],[16.502954,43.52648]]]}},{"type":"Feature","properties":{"tlocrt":80.39734957,"korisna":38.26054899},"geometry":{"type":"Polygon","coordinates":[[[16.503255,43.526242],[16.503291,43.526231],[16.503325,43.526222],[16.503327,43.526223],[16.503333,43.526221],[16.503273,43.526124],[16.503234,43.526134],[16.503195,43.526145],[16.503247,43.526238],[16.503252,43.526236],[16.503255,43.526242]]]}},{"type":"Feature","properties":{"tlocrt":156.72964575,"korisna":73.30484094},"geometry":{"type":"Polygon","coordinates":[[[16.503222,43.526381],[16.503195,43.526335],[16.50304,43.526382],[16.503066,43.526429],[16.503093,43.526477],[16.503251,43.52643],[16.503222,43.526381]]]}},{"type":"Feature","properties":{"tlocrt":16.25251664,"korisna":4.89835528},"geometry":{"type":"Polygon","coordinates":[[[16.503247,43.526381],[16.503216,43.526327],[16.503195,43.526335],[16.503226,43.526387],[16.503236,43.526405],[16.503257,43.526399],[16.503247,43.526381]]]}},{"type":"Feature","properties":{"tlocrt":71.83197918,"korisna":40.13847688},"geometry":{"type":"Polygon","coordinates":[[[16.503317,43.526335],[16.503326,43.526278],[16.503253,43.526298],[16.503259,43.526311],[16.503215,43.526323],[16.503235,43.526358],[16.503257,43.526399],[16.50331,43.526382],[16.503317,43.526335]]]}},{"type":"Feature","properties":{"tlocrt":69.56279064,"korisna":38.68621227},"geometry":{"type":"Polygon","coordinates":[[[16.502881,43.526254],[16.502866,43.52622],[16.50276,43.526244],[16.502774,43.526278],[16.502788,43.526311],[16.502895,43.526287],[16.502881,43.526254]]]}},{"type":"Feature","properties":{"tlocrt":21.33630387,"korisna":11.62347146},"geometry":{"type":"Polygon","coordinates":[[[16.502668,43.526157],[16.502665,43.526129],[16.502593,43.526136],[16.502594,43.526149],[16.502573,43.52615],[16.502574,43.526166],[16.502595,43.526164],[16.502668,43.526157]]]}},{"type":"Feature","properties":{"tlocrt":21.63286049},"geometry":{"type":"Polygon","coordinates":[[[16.502713,43.526019],[16.502698,43.525974],[16.502673,43.525978],[16.502647,43.525982],[16.502662,43.526027],[16.502687,43.526023],[16.502713,43.526019]]]}},{"type":"Feature","properties":{"tlocrt":158.28849887,"korisna":0.0001},"geometry":{"type":"Polygon","coordinates":[[[16.502624,43.526948],[16.502628,43.526766],[16.502576,43.526767],[16.502528,43.526767],[16.502527,43.526846],[16.502536,43.526862],[16.502542,43.526887],[16.502544,43.526908],[16.50254,43.526933],[16.502533,43.52695],[16.502526,43.526958],[16.502576,43.526957],[16.502635,43.526956],[16.502624,43.526948]]]}},{"type":"Feature","properties":{"tlocrt":42.29117211,"korisna":12.99999999},"geometry":{"type":"Polygon","coordinates":[[[16.50304,43.52773],[16.503024,43.52767],[16.502987,43.527674],[16.502949,43.527679],[16.502966,43.527741],[16.503004,43.527735],[16.50304,43.52773]]]}},{"type":"Feature","properties":{"tlocrt":187.8698217,"korisna":136.25939122},"geometry":{"type":"Polygon","coordinates":[[[16.502922,43.527615],[16.502913,43.527559],[16.502802,43.527566],[16.502724,43.52757],[16.502737,43.52769],[16.502815,43.527686],[16.502894,43.527683],[16.502886,43.527618],[16.502922,43.527615]]]}},{"type":"Feature","properties":{"tlocrt":178.84263355,"korisna":106.99999994},"geometry":{"type":"Polygon","coordinates":[[[16.502905,43.527811],[16.502891,43.527683],[16.502815,43.527686],[16.502737,43.52769],[16.502752,43.52782],[16.502829,43.527815],[16.502905,43.527811]]]}},{"type":"Feature","properties":{"tlocrt":143.59252476,"korisna":62.82279749},"geometry":{"type":"Polygon","coordinates":[[[16.502279,43.52776],[16.502273,43.527656],[16.502221,43.527658],[16.502118,43.527661],[16.502126,43.527765],[16.502227,43.527762],[16.502279,43.52776]]]}},{"type":"Feature","properties":{"tlocrt":18.0525428,"korisna":0.64038086},"geometry":{"type":"Polygon","coordinates":[[[16.504083,43.526685],[16.504072,43.526671],[16.504015,43.526692],[16.504029,43.526707],[16.504042,43.52672],[16.504093,43.526699],[16.504083,43.526685]]]}},{"type":"Feature","properties":{"tlocrt":111.00469203,"korisna":48.58786077},"geometry":{"type":"Polygon","coordinates":[[[16.504034,43.526623],[16.504008,43.526584],[16.50389,43.526625],[16.503917,43.526663],[16.503902,43.526676],[16.503926,43.526711],[16.50406,43.526664],[16.504034,43.526623]]]}},{"type":"Feature","properties":{"tlocrt":23.9616386,"korisna":16.1900915},"geometry":{"type":"Polygon","coordinates":[[[16.503912,43.526657],[16.503879,43.526609],[16.503843,43.526623],[16.503875,43.526669],[16.503884,43.526682],[16.503902,43.526676],[16.503917,43.526663],[16.503912,43.526657]]]}},{"type":"Feature","properties":{"tlocrt":97.52386006,"korisna":78.95683362},"geometry":{"type":"Polygon","coordinates":[[[16.50368,43.526698],[16.503725,43.526686],[16.503726,43.526689],[16.503743,43.526685],[16.5038,43.52667],[16.503759,43.526588],[16.503701,43.526603],[16.50364,43.526619],[16.50368,43.526698]]]}},{"type":"Feature","properties":{"tlocrt":26.72792677,"korisna":14.64512099},"geometry":{"type":"Polygon","coordinates":[[[16.503759,43.526588],[16.503747,43.526564],[16.503708,43.526575],[16.50363,43.526597],[16.50364,43.526619],[16.50372,43.526598],[16.503759,43.526588]]]}},{"type":"Feature","properties":{"tlocrt":48.60636329,"korisna":26.27383495},"geometry":{"type":"Polygon","coordinates":[[[16.503625,43.526438],[16.503621,43.526423],[16.503561,43.526431],[16.503558,43.526431],[16.503555,43.526417],[16.50356,43.526416],[16.503555,43.526391],[16.503502,43.526397],[16.503511,43.526435],[16.503521,43.526433],[16.503525,43.526446],[16.503514,43.526447],[16.503524,43.52649],[16.50357,43.526485],[16.503561,43.526447],[16.503564,43.526446],[16.503625,43.526438]]]}},{"type":"Feature","properties":{"tlocrt":27.34016365,"korisna":17.77413044},"geometry":{"type":"Polygon","coordinates":[[[16.50362,43.526419],[16.50361,43.526374],[16.503547,43.526382],[16.503549,43.526391],[16.503555,43.526391],[16.50356,43.526416],[16.503555,43.526417],[16.503557,43.526428],[16.503558,43.526431],[16.503621,43.526423],[16.50362,43.526419]]]}},{"type":"Feature","properties":{"tlocrt":23.75839377,"korisna":15.3707318},"geometry":{"type":"Polygon","coordinates":[[[16.503636,43.526477],[16.503627,43.526438],[16.503564,43.526446],[16.503561,43.526447],[16.50357,43.526485],[16.503574,43.526484],[16.503636,43.526477]]]}},{"type":"Feature","properties":{"tlocrt":159.51819453,"korisna":87.59100678},"geometry":{"type":"Polygon","coordinates":[[[16.503194,43.526074],[16.503185,43.526043],[16.503233,43.526033],[16.503228,43.526022],[16.503256,43.526017],[16.503249,43.525997],[16.503227,43.525932],[16.50322,43.525934],[16.503229,43.525959],[16.503184,43.525968],[16.503175,43.525942],[16.503084,43.52596],[16.503093,43.525985],[16.50305,43.525993],[16.50304,43.525968],[16.503035,43.525969],[16.503058,43.526033],[16.503065,43.526053],[16.503092,43.526048],[16.503098,43.52606],[16.503145,43.52605],[16.503158,43.526082],[16.503194,43.526074]]]}},{"type":"Feature","properties":{"tlocrt":53.54711898,"korisna":36.51228996},"geometry":{"type":"Polygon","coordinates":[[[16.503264,43.525606],[16.50329,43.525593],[16.503294,43.525597],[16.50333,43.52558],[16.503327,43.525577],[16.503294,43.525533],[16.503197,43.525575],[16.503233,43.52562],[16.503236,43.525623],[16.503267,43.525609],[16.503264,43.525606]]]}},{"type":"Feature","properties":{"tlocrt":53.93433722,"korisna":35.73113525},"geometry":{"type":"Polygon","coordinates":[[[16.503345,43.525634],[16.503309,43.52559],[16.503294,43.525597],[16.50329,43.525593],[16.503279,43.525598],[16.503264,43.525606],[16.503267,43.525609],[16.503236,43.525623],[16.503224,43.525608],[16.503205,43.525616],[16.503254,43.525675],[16.503319,43.525646],[16.503345,43.525634]]]}},{"type":"Feature","properties":{"tlocrt":107.69423113,"korisna":47.51412014},"geometry":{"type":"Polygon","coordinates":[[[16.503037,43.52554],[16.503002,43.525493],[16.502899,43.525534],[16.502935,43.525581],[16.502967,43.525624],[16.503069,43.525584],[16.503037,43.52554]]]}},{"type":"Feature","properties":{"tlocrt":117.78303794,"korisna":45.69763182},"geometry":{"type":"Polygon","coordinates":[[[16.503232,43.525313],[16.503211,43.525268],[16.503087,43.525298],[16.503108,43.525344],[16.503131,43.525394],[16.503254,43.525363],[16.503232,43.525313]]]}},{"type":"Feature","properties":{"tlocrt":132.13078172,"korisna":57.9526893},"geometry":{"type":"Polygon","coordinates":[[[16.50289,43.526019],[16.50287,43.525965],[16.502739,43.52599],[16.502758,43.526045],[16.502762,43.526056],[16.50275,43.526058],[16.502765,43.526098],[16.502893,43.526074],[16.50288,43.526026],[16.502892,43.526023],[16.50289,43.526019]]]}},{"type":"Feature","properties":{"tlocrt":78.23650803,"korisna":39.92696214},"geometry":{"type":"Polygon","coordinates":[[[16.502812,43.525858],[16.502794,43.525809],[16.502709,43.525825],[16.502728,43.525874],[16.502746,43.525922],[16.502829,43.525905],[16.502812,43.525858]]]}},{"type":"Feature","properties":{"tlocrt":78.47782765,"korisna":60.6133807},"geometry":{"type":"Polygon","coordinates":[[[16.502746,43.525922],[16.502705,43.525813],[16.5027,43.525814],[16.502631,43.525828],[16.502671,43.525937],[16.502741,43.525923],[16.502746,43.525922]]]}},{"type":"Feature","properties":{"tlocrt":3.98688894,"korisna":2.26765163},"geometry":{"type":"Polygon","coordinates":[[[16.502753,43.525715],[16.502751,43.525709],[16.502722,43.525713],[16.502705,43.525721],[16.502725,43.525724],[16.502754,43.52572],[16.502753,43.525715]]]}},{"type":"Feature","properties":{"tlocrt":17.61558877,"korisna":4},"geometry":{"type":"Polygon","coordinates":[[[16.50243,43.52586],[16.5024,43.525859],[16.502398,43.525882],[16.502428,43.525884],[16.502481,43.525887],[16.502483,43.525863],[16.50243,43.52586]]]}},{"type":"Feature","properties":{"tlocrt":40.3187183,"korisna":22.99782439},"geometry":{"type":"Polygon","coordinates":[[[16.502433,43.525827],[16.502367,43.525823],[16.502363,43.525857],[16.50243,43.52586],[16.502495,43.525864],[16.502499,43.52583],[16.502433,43.525827]]]}},{"type":"Feature","properties":{"tlocrt":63.7217273,"korisna":49.13643042},"geometry":{"type":"Polygon","coordinates":[[[16.502442,43.525759],[16.502374,43.525755],[16.502367,43.525823],[16.502435,43.525827],[16.502499,43.52583],[16.502501,43.525803],[16.502473,43.525802],[16.502474,43.525798],[16.502454,43.525797],[16.502458,43.52576],[16.502442,43.525759]]]}},{"type":"Feature","properties":{"tlocrt":17.26270175,"korisna":8.8657454},"geometry":{"type":"Polygon","coordinates":[[[16.502504,43.525761],[16.502455,43.525758],[16.502455,43.52576],[16.502458,43.52576],[16.502454,43.525797],[16.502474,43.525798],[16.502473,43.525802],[16.502501,43.525803],[16.502502,43.525799],[16.502504,43.525761]]]}},{"type":"Feature","properties":{"tlocrt":87.51247419,"korisna":55.40970805},"geometry":{"type":"Polygon","coordinates":[[[16.502547,43.525533],[16.502419,43.525525],[16.502409,43.525596],[16.502409,43.5256],[16.502538,43.525608],[16.502539,43.525604],[16.502547,43.525533]]]}},{"type":"Feature","properties":{"tlocrt":59.24365438,"korisna":28.99999998},"geometry":{"type":"Polygon","coordinates":[[[16.502409,43.5256],[16.502409,43.525599],[16.502406,43.525599],[16.502401,43.52565],[16.502468,43.525654],[16.502533,43.525658],[16.502538,43.525608],[16.502474,43.525604],[16.502409,43.5256]]]}},{"type":"Feature","properties":{"tlocrt":16.3739905,"korisna":3.00000001},"geometry":{"type":"Polygon","coordinates":[[[16.502464,43.525654],[16.502412,43.525651],[16.50241,43.525674],[16.502462,43.525677],[16.502486,43.525679],[16.502489,43.525655],[16.502464,43.525654]]]}},{"type":"Feature","properties":{"tlocrt":115.2055154,"korisna":53.82231129},"geometry":{"type":"Polygon","coordinates":[[[16.502181,43.525355],[16.502175,43.525325],[16.502166,43.525326],[16.502164,43.525318],[16.502155,43.525262],[16.502101,43.525266],[16.502102,43.525271],[16.502029,43.525277],[16.502037,43.525328],[16.502045,43.525376],[16.502126,43.525368],[16.502125,43.52536],[16.502181,43.525355]]]}},{"type":"Feature","properties":{"tlocrt":5.49087991},"geometry":{"type":"Polygon","coordinates":[[[16.50155,43.525095],[16.501536,43.525093],[16.501531,43.525116],[16.501543,43.525117],[16.501557,43.525119],[16.501562,43.525096],[16.50155,43.525095]]]}},{"type":"Feature","properties":{"tlocrt":113.36170099,"korisna":43.64038086},"geometry":{"type":"Polygon","coordinates":[[[16.501633,43.52499],[16.501494,43.524974],[16.501485,43.525017],[16.501475,43.525063],[16.501614,43.525079],[16.501624,43.525032],[16.501633,43.52499]]]}},{"type":"Feature","properties":{"tlocrt":114.09711035,"korisna":82.04559328},"geometry":{"type":"Polygon","coordinates":[[[16.501166,43.525102],[16.5011,43.525091],[16.501072,43.52518],[16.50114,43.525192],[16.501206,43.525203],[16.501234,43.525112],[16.501166,43.525102]]]}},{"type":"Feature","properties":{"tlocrt":154.15663115,"korisna":64.828125},"geometry":{"type":"Polygon","coordinates":[[[16.50131,43.525062],[16.501312,43.525052],[16.501388,43.525059],[16.501397,43.525009],[16.501405,43.524959],[16.501236,43.524943],[16.501227,43.524993],[16.501224,43.525008],[16.501238,43.52502],[16.501234,43.525045],[16.501274,43.525048],[16.501273,43.525059],[16.50131,43.525062]]]}},{"type":"Feature","properties":{"tlocrt":42.02528346,"korisna":28.55999322},"geometry":{"type":"Polygon","coordinates":[[[16.501082,43.524785],[16.501096,43.524729],[16.501039,43.524743],[16.501004,43.524751],[16.500995,43.524792],[16.501027,43.524797],[16.50105,43.5248],[16.501082,43.524785]]]}},{"type":"Feature","properties":{"tlocrt":137.72327916,"korisna":102.22424595},"geometry":{"type":"Polygon","coordinates":[[[16.501591,43.524882],[16.501616,43.524766],[16.501573,43.524761],[16.501571,43.524771],[16.501534,43.524767],[16.501527,43.524798],[16.501449,43.524789],[16.501442,43.524823],[16.501426,43.524822],[16.501421,43.524849],[16.501451,43.524853],[16.501448,43.524866],[16.501512,43.524873],[16.501591,43.524882]]]}},{"type":"Feature","properties":{"tlocrt":133.80332195,"korisna":93.13935066},"geometry":{"type":"Polygon","coordinates":[[[16.502441,43.524711],[16.502386,43.524598],[16.502324,43.524614],[16.502263,43.52463],[16.502293,43.524694],[16.502337,43.524682],[16.502345,43.524698],[16.502301,43.52471],[16.502316,43.524743],[16.502378,43.524727],[16.502441,43.524711]]]}},{"type":"Feature","properties":{"tlocrt":142.1535161,"korisna":59.73083573},"geometry":{"type":"Polygon","coordinates":[[[16.502323,43.524451],[16.502308,43.524404],[16.502168,43.524428],[16.50218,43.524466],[16.502151,43.52447],[16.502155,43.524481],[16.50217,43.524528],[16.502338,43.524499],[16.502323,43.524451]]]}},{"type":"Feature","properties":{"tlocrt":75.15935015,"korisna":41.26866591},"geometry":{"type":"Polygon","coordinates":[[[16.503528,43.524333],[16.503522,43.52431],[16.50347,43.524315],[16.50341,43.524321],[16.503412,43.524332],[16.5034,43.524334],[16.503404,43.524352],[16.503405,43.524358],[16.503414,43.524397],[16.503489,43.524388],[16.503485,43.52437],[16.503537,43.524365],[16.503529,43.524337],[16.503528,43.524333]]]}},{"type":"Feature","properties":{"tlocrt":54.55567674,"korisna":31.72485216},"geometry":{"type":"Polygon","coordinates":[[[16.503522,43.52431],[16.503512,43.524269],[16.50344,43.524278],[16.503436,43.52426],[16.503383,43.524266],[16.503389,43.524291],[16.503391,43.524302],[16.503395,43.524323],[16.503449,43.524317],[16.503522,43.52431]]]}},{"type":"Feature","properties":{"tlocrt":14.00764141},"geometry":{"type":"Polygon","coordinates":[[[16.503599,43.524562],[16.503595,43.524541],[16.503581,43.524543],[16.503518,43.524552],[16.503522,43.524571],[16.503585,43.524563],[16.503599,43.524562]]]}},{"type":"Feature","properties":{"tlocrt":121.61115803,"korisna":53.50834081},"geometry":{"type":"Polygon","coordinates":[[[16.503578,43.524498],[16.503575,43.524486],[16.503559,43.524488],[16.503548,43.524446],[16.503481,43.524456],[16.503482,43.52446],[16.503422,43.524469],[16.503436,43.524519],[16.503448,43.524562],[16.50359,43.524542],[16.503578,43.524498]]]}},{"type":"Feature","properties":{"tlocrt":142.93932631,"korisna":53.69798195},"geometry":{"type":"Polygon","coordinates":[[[16.503873,43.524291],[16.503864,43.524252],[16.503794,43.524261],[16.503791,43.52425],[16.503721,43.524259],[16.503725,43.524272],[16.5037,43.524275],[16.503709,43.524311],[16.503721,43.524363],[16.503885,43.524342],[16.503873,43.524291]]]}},{"type":"Feature","properties":{"tlocrt":15.8534954,"korisna":4.47703215},"geometry":{"type":"Polygon","coordinates":[[[16.502809,43.523641],[16.502805,43.523613],[16.502775,43.523614],[16.502779,43.523644],[16.502783,43.523672],[16.502813,43.52367],[16.502809,43.523641]]]}},{"type":"Feature","properties":{"tlocrt":133.08908257,"korisna":53.19042969},"geometry":{"type":"Polygon","coordinates":[[[16.502499,43.523637],[16.502469,43.52355],[16.502386,43.523565],[16.502313,43.523578],[16.502344,43.52367],[16.502417,43.523654],[16.502499,43.523637]]]}},{"type":"Feature","properties":{"tlocrt":15.58988236,"korisna":1.2791394},"geometry":{"type":"Polygon","coordinates":[[[16.502319,43.523343],[16.502314,43.52332],[16.502307,43.52332],[16.502239,43.523328],[16.502244,43.523351],[16.502314,43.523343],[16.502319,43.523343]]]}},{"type":"Feature","properties":{"tlocrt":77.64480448,"korisna":49.05406374},"geometry":{"type":"Polygon","coordinates":[[[16.502358,43.523315],[16.502338,43.523223],[16.502289,43.523228],[16.502284,43.523228],[16.502289,43.52325],[16.502291,43.523251],[16.502296,43.523268],[16.502298,43.523275],[16.50228,43.523277],[16.502269,43.523278],[16.502264,43.523282],[16.502213,43.523288],[16.502222,43.52333],[16.502289,43.523323],[16.502358,43.523315]]]}},{"type":"Feature","properties":{"tlocrt":38.01130079,"korisna":24.4109894},"geometry":{"type":"Polygon","coordinates":[[[16.502289,43.52325],[16.502284,43.523228],[16.502203,43.523237],[16.502212,43.523285],[16.502213,43.523288],[16.502264,43.523282],[16.502269,43.523278],[16.502298,43.523275],[16.502291,43.523251],[16.502289,43.52325]]]}},{"type":"Feature","properties":{"tlocrt":53.33760408,"korisna":38.61116707},"geometry":{"type":"Polygon","coordinates":[[[16.502684,43.523263],[16.502672,43.523214],[16.502565,43.523229],[16.502577,43.523277],[16.502578,43.523282],[16.502686,43.523268],[16.502684,43.523263]]]}},{"type":"Feature","properties":{"tlocrt":12.05663172,"korisna":1.90284366},"geometry":{"type":"Polygon","coordinates":[[[16.50258,43.523292],[16.502576,43.523274],[16.50255,43.523278],[16.502554,43.523296],[16.502562,43.523327],[16.502588,43.523324],[16.50258,43.523292]]]}},{"type":"Feature","properties":{"tlocrt":18.65885765,"korisna":7.40078055},"geometry":{"type":"Polygon","coordinates":[[[16.504358,43.526629],[16.504356,43.526611],[16.504298,43.526615],[16.504299,43.526633],[16.504301,43.52665],[16.50436,43.526647],[16.504358,43.526629]]]}},{"type":"Feature","properties":{"tlocrt":25.78304404,"korisna":10.67022965},"geometry":{"type":"Polygon","coordinates":[[[16.504189,43.526529],[16.504174,43.526474],[16.504144,43.526479],[16.504161,43.526534],[16.504172,43.526574],[16.504201,43.526569],[16.504189,43.526529]]]}},{"type":"Feature","properties":{"tlocrt":103.86270433,"korisna":47.63231396},"geometry":{"type":"Polygon","coordinates":[[[16.504299,43.526498],[16.504287,43.526455],[16.504173,43.526472],[16.504186,43.526516],[16.504201,43.526569],[16.504314,43.526554],[16.504299,43.526498]]]}},{"type":"Feature","properties":{"tlocrt":17.87975856,"korisna":3},"geometry":{"type":"Polygon","coordinates":[[[16.504364,43.526271],[16.504357,43.52623],[16.504334,43.526232],[16.50431,43.526234],[16.504316,43.526276],[16.504342,43.526273],[16.504364,43.526271]]]}},{"type":"Feature","properties":{"tlocrt":8.53083893},"geometry":{"type":"Polygon","coordinates":[[[16.504314,43.526274],[16.50431,43.526247],[16.504292,43.52625],[16.504273,43.526253],[16.504281,43.526279],[16.5043,43.526276],[16.504314,43.526274]]]}},{"type":"Feature","properties":{"tlocrt":105.63842309,"korisna":37},"geometry":{"type":"Polygon","coordinates":[[[16.504545,43.526225],[16.504524,43.526141],[16.504455,43.52615],[16.504387,43.526159],[16.504408,43.526243],[16.504478,43.526234],[16.504545,43.526225]]]}},{"type":"Feature","properties":{"tlocrt":127.02415423,"korisna":63.49938769},"geometry":{"type":"Polygon","coordinates":[[[16.50412,43.526345],[16.504089,43.526286],[16.504033,43.526301],[16.504037,43.526309],[16.503991,43.526322],[16.504018,43.526373],[16.504013,43.526374],[16.504052,43.526449],[16.504123,43.526428],[16.504106,43.526393],[16.50414,43.526384],[16.50412,43.526345]]]}},{"type":"Feature","properties":{"tlocrt":114.00161393,"korisna":77.61943131},"geometry":{"type":"Polygon","coordinates":[[[16.504524,43.526141],[16.504498,43.52604],[16.504435,43.526049],[16.50444,43.526069],[16.504367,43.526079],[16.504387,43.526159],[16.504461,43.526149],[16.504524,43.526141]]]}},{"type":"Feature","properties":{"tlocrt":114.77539685,"korisna":50.06465546},"geometry":{"type":"Polygon","coordinates":[[[16.504236,43.526137],[16.504215,43.526088],[16.504117,43.52611],[16.50412,43.526117],[16.504105,43.526121],[16.504122,43.526161],[16.504105,43.526165],[16.504106,43.526168],[16.504127,43.526214],[16.504256,43.526184],[16.504236,43.526137]]]}},{"type":"Feature","properties":{"tlocrt":6.36012321,"korisna":1.65614659},"geometry":{"type":"Polygon","coordinates":[[[16.50391,43.52618],[16.503905,43.526167],[16.503881,43.526173],[16.503887,43.526186],[16.503893,43.5262],[16.503916,43.526195],[16.50391,43.52618]]]}},{"type":"Feature","properties":{"tlocrt":118.14669842,"korisna":56.34385407},"geometry":{"type":"Polygon","coordinates":[[[16.50388,43.526171],[16.503858,43.526119],[16.503739,43.526145],[16.503762,43.526198],[16.503782,43.526246],[16.503901,43.52622],[16.50388,43.526171]]]}},{"type":"Feature","properties":{"tlocrt":90.12366483,"korisna":37.49046943},"geometry":{"type":"Polygon","coordinates":[[[16.503794,43.525993],[16.50374,43.525918],[16.503688,43.525938],[16.503636,43.525957],[16.503688,43.526033],[16.503742,43.526013],[16.503794,43.525993]]]}},{"type":"Feature","properties":{"tlocrt":30.89951099,"korisna":14.61780543},"geometry":{"type":"Polygon","coordinates":[[[16.503794,43.525893],[16.503749,43.525844],[16.503725,43.525857],[16.503701,43.525869],[16.503743,43.525916],[16.503769,43.525904],[16.503794,43.525893]]]}},{"type":"Feature","properties":{"tlocrt":104.46244987,"korisna":69.42047444},"geometry":{"type":"Polygon","coordinates":[[[16.503621,43.525695],[16.503559,43.525603],[16.503507,43.525622],[16.503473,43.525635],[16.503494,43.525666],[16.503471,43.525675],[16.503511,43.525734],[16.503568,43.525714],[16.503621,43.525695]]]}},{"type":"Feature","properties":{"tlocrt":107.67698383,"korisna":66.96811025},"geometry":{"type":"Polygon","coordinates":[[[16.504401,43.525933],[16.504381,43.525885],[16.504323,43.525897],[16.50433,43.525912],[16.504281,43.525923],[16.504296,43.525957],[16.5043,43.525968],[16.504275,43.525974],[16.504293,43.526014],[16.504423,43.525985],[16.504401,43.525933]]]}},{"type":"Feature","properties":{"tlocrt":131.72569521,"korisna":54.08541458},"geometry":{"type":"Polygon","coordinates":[[[16.504363,43.525733],[16.504342,43.52568],[16.504218,43.525706],[16.504238,43.525757],[16.504261,43.525815],[16.504384,43.52579],[16.504363,43.525733]]]}},{"type":"Feature","properties":{"tlocrt":27.08065493,"korisna":7.55518806},"geometry":{"type":"Polygon","coordinates":[[[16.504246,43.525778],[16.504222,43.525715],[16.504195,43.525721],[16.504218,43.525783],[16.504232,43.52582],[16.504261,43.525815],[16.504246,43.525778]]]}},{"type":"Feature","properties":{"tlocrt":134.90675355,"korisna":66.32089091},"geometry":{"type":"Polygon","coordinates":[[[16.504131,43.52689],[16.504105,43.526868],[16.504092,43.526875],[16.504069,43.526856],[16.504056,43.526845],[16.504069,43.526837],[16.504033,43.526805],[16.503926,43.526877],[16.503976,43.526917],[16.504029,43.526959],[16.504131,43.52689]]]}},{"type":"Feature","properties":{"tlocrt":22.66859636,"korisna":8},"geometry":{"type":"Polygon","coordinates":[[[16.504243,43.527608],[16.504221,43.527563],[16.504197,43.527568],[16.504172,43.527574],[16.504195,43.527621],[16.504219,43.527615],[16.504243,43.527608]]]}},{"type":"Feature","properties":{"tlocrt":22.95649922,"korisna":3.640625},"geometry":{"type":"Polygon","coordinates":[[[16.50404,43.527646],[16.504037,43.52763],[16.503959,43.527638],[16.503962,43.527653],[16.503965,43.52767],[16.504043,43.527662],[16.50404,43.527646]]]}},{"type":"Feature","properties":{"tlocrt":312.59664551,"korisna":252.50042367},"geometry":{"type":"Polygon","coordinates":[[[16.503767,43.527666],[16.504016,43.527604],[16.503987,43.527542],[16.503958,43.527481],[16.503696,43.527548],[16.503726,43.527609],[16.503727,43.527612],[16.50374,43.527609],[16.503767,43.527666]]]}},{"type":"Feature","properties":{"tlocrt":25.70860791,"korisna":2.6435378},"geometry":{"type":"Polygon","coordinates":[[[16.504106,43.527773],[16.504098,43.527749],[16.50407,43.527755],[16.504078,43.527779],[16.504085,43.5278],[16.504077,43.527801],[16.50409,43.52784],[16.504126,43.527834],[16.504106,43.527773]]]}},{"type":"Feature","properties":{"tlocrt":34.63427604,"korisna":14.39391422},"geometry":{"type":"Polygon","coordinates":[[[16.504078,43.527779],[16.504054,43.52771],[16.504025,43.527716],[16.504048,43.527783],[16.504071,43.527852],[16.504092,43.527848],[16.504077,43.527801],[16.504085,43.5278],[16.504078,43.527779]]]}},{"type":"Feature","properties":{"tlocrt":76.22075532,"korisna":37.74598673},"geometry":{"type":"Polygon","coordinates":[[[16.504048,43.527783],[16.504024,43.527712],[16.503965,43.527723],[16.503991,43.527794],[16.504015,43.527862],[16.504071,43.527852],[16.504048,43.527783]]]}},{"type":"Feature","properties":{"tlocrt":74.52059137,"korisna":35.69312484},"geometry":{"type":"Polygon","coordinates":[[[16.503992,43.527797],[16.503967,43.527727],[16.503912,43.527737],[16.503936,43.527807],[16.503959,43.527876],[16.504017,43.527866],[16.503992,43.527797]]]}},{"type":"Feature","properties":{"tlocrt":35.03817193,"korisna":15.24881642},"geometry":{"type":"Polygon","coordinates":[[[16.503959,43.527877],[16.503936,43.527807],[16.503913,43.52774],[16.503883,43.527745],[16.503906,43.527813],[16.503914,43.527835],[16.503923,43.527834],[16.503939,43.52788],[16.503959,43.527877]]]}},{"type":"Feature","properties":{"tlocrt":25.50235861,"korisna":4.34655925},"geometry":{"type":"Polygon","coordinates":[[[16.503936,43.527872],[16.503923,43.527834],[16.503914,43.527835],[16.503906,43.527813],[16.503898,43.52779],[16.50387,43.527796],[16.503878,43.527819],[16.503899,43.527877],[16.503936,43.527872]]]}},{"type":"Feature","properties":{"tlocrt":26.32131208,"korisna":4.69081554},"geometry":{"type":"Polygon","coordinates":[[[16.503475,43.528027],[16.503398,43.528027],[16.5034,43.528047],[16.503402,43.528066],[16.503475,43.528065],[16.503475,43.528047],[16.503475,43.528027]]]}},{"type":"Feature","properties":{"tlocrt":141.84904081,"korisna":48.00000002},"geometry":{"type":"Polygon","coordinates":[[[16.504082,43.52808],[16.504078,43.528031],[16.503939,43.528037],[16.50394,43.528072],[16.503903,43.528072],[16.503904,43.528085],[16.503908,43.528135],[16.504085,43.528128],[16.504082,43.52808]]]}},{"type":"Feature","properties":{"tlocrt":51.84352703,"korisna":43.71958168},"geometry":{"type":"Polygon","coordinates":[[[16.505073,43.525135],[16.505064,43.525122],[16.50506,43.525123],[16.505044,43.525099],[16.504984,43.525121],[16.505008,43.525158],[16.505032,43.525194],[16.505096,43.525173],[16.505073,43.525135]]]}},{"type":"Feature","properties":{"tlocrt":28.38082516,"korisna":9.61648792},"geometry":{"type":"Polygon","coordinates":[[[16.504835,43.525281],[16.504815,43.525254],[16.504771,43.525272],[16.504792,43.525299],[16.504813,43.525328],[16.504857,43.525311],[16.504835,43.525281]]]}},{"type":"Feature","properties":{"tlocrt":33.46902908,"korisna":6.05816732},"geometry":{"type":"Polygon","coordinates":[[[16.50498,43.525227],[16.504961,43.525202],[16.50493,43.525215],[16.504947,43.52524],[16.504952,43.525273],[16.504971,43.525295],[16.505015,43.525273],[16.50498,43.525227]]]}},{"type":"Feature","properties":{"tlocrt":123.7810059,"korisna":46.62139957},"geometry":{"type":"Polygon","coordinates":[[[16.504585,43.525406],[16.504635,43.525387],[16.504642,43.525396],[16.504673,43.525384],[16.504675,43.525383],[16.504669,43.525373],[16.504745,43.525343],[16.504697,43.525276],[16.504684,43.525281],[16.504686,43.525284],[16.504619,43.52531],[16.50455,43.525337],[16.504548,43.525334],[16.504536,43.525339],[16.504585,43.525406]]]}},{"type":"Feature","properties":{"tlocrt":110.9213713,"korisna":55.61199927},"geometry":{"type":"Polygon","coordinates":[[[16.504686,43.525284],[16.504638,43.525217],[16.504598,43.525234],[16.50459,43.525223],[16.504562,43.525234],[16.504534,43.525245],[16.504542,43.525256],[16.504502,43.525272],[16.50455,43.525337],[16.504619,43.52531],[16.504686,43.525284]]]}},{"type":"Feature","properties":{"tlocrt":131.87224447,"korisna":55.89957394},"geometry":{"type":"Polygon","coordinates":[[[16.504106,43.525384],[16.504072,43.525338],[16.503961,43.525383],[16.503989,43.525419],[16.503961,43.52543],[16.503968,43.525438],[16.504002,43.525483],[16.504138,43.525428],[16.504106,43.525384]]]}},{"type":"Feature","properties":{"tlocrt":132.51035425,"korisna":65.22674164},"geometry":{"type":"Polygon","coordinates":[[[16.50423,43.525518],[16.504199,43.525466],[16.504111,43.525493],[16.504117,43.525501],[16.504068,43.525517],[16.504095,43.525561],[16.504127,43.525613],[16.50423,43.52558],[16.504205,43.525537],[16.504235,43.525527],[16.50423,43.525518]]]}},{"type":"Feature","properties":{"tlocrt":22.08494288,"korisna":8.29556312},"geometry":{"type":"Polygon","coordinates":[[[16.504042,43.525601],[16.504009,43.525555],[16.503972,43.52557],[16.503967,43.525571],[16.503999,43.525617],[16.504004,43.525615],[16.504042,43.525601]]]}},{"type":"Feature","properties":{"tlocrt":85.39249928,"korisna":41.21312514},"geometry":{"type":"Polygon","coordinates":[[[16.50404,43.525663],[16.504016,43.525627],[16.503972,43.525645],[16.503966,43.525636],[16.503963,43.525631],[16.503999,43.525617],[16.503973,43.52558],[16.503883,43.525614],[16.503912,43.525656],[16.503943,43.5257],[16.50404,43.525663]]]}},{"type":"Feature","properties":{"tlocrt":98.93790739,"korisna":61.70229692},"geometry":{"type":"Polygon","coordinates":[[[16.50382,43.525684],[16.503787,43.525634],[16.503681,43.525671],[16.503712,43.525719],[16.503735,43.525755],[16.503843,43.525718],[16.50382,43.525684]]]}},{"type":"Feature","properties":{"tlocrt":27.81669064,"korisna":17.74555609},"geometry":{"type":"Polygon","coordinates":[[[16.503684,43.52567],[16.503672,43.525655],[16.503647,43.525664],[16.503693,43.525737],[16.50371,43.525764],[16.503735,43.525755],[16.503718,43.525728],[16.503681,43.525671],[16.503684,43.52567]]]}},{"type":"Feature","properties":{"tlocrt":89.52878102,"korisna":41},"geometry":{"type":"Polygon","coordinates":[[[16.503701,43.525552],[16.503661,43.525506],[16.503568,43.525548],[16.503606,43.525593],[16.503633,43.525625],[16.503726,43.525583],[16.503701,43.525552]]]}},{"type":"Feature","properties":{"tlocrt":111.32507479,"korisna":48.81788787},"geometry":{"type":"Polygon","coordinates":[[[16.503747,43.525372],[16.503835,43.52534],[16.503801,43.52529],[16.503773,43.525248],[16.503656,43.52529],[16.503684,43.525331],[16.503701,43.525355],[16.503728,43.525346],[16.503747,43.525372]]]}},{"type":"Feature","properties":{"tlocrt":17.37465382,"korisna":8.13407575},"geometry":{"type":"Polygon","coordinates":[[[16.503571,43.525424],[16.503545,43.525393],[16.503517,43.525404],[16.503542,43.525436],[16.503557,43.525454],[16.503586,43.525442],[16.503571,43.525424]]]}},{"type":"Feature","properties":{"tlocrt":8.4879908},"geometry":{"type":"Polygon","coordinates":[[[16.504932,43.524961],[16.504931,43.524939],[16.504911,43.524939],[16.504886,43.52494],[16.504887,43.52496],[16.50491,43.52496],[16.504932,43.524961]]]}},{"type":"Feature","properties":{"tlocrt":5.25567467},"geometry":{"type":"Polygon","coordinates":[[[16.504939,43.524975],[16.504939,43.524958],[16.504932,43.524958],[16.504932,43.524961],[16.504919,43.52496],[16.504901,43.52496],[16.504901,43.524976],[16.504918,43.524975],[16.504939,43.524975]]]}},{"type":"Feature","properties":{"tlocrt":134.11998099,"korisna":60.39755551},"geometry":{"type":"Polygon","coordinates":[[[16.505067,43.524881],[16.505064,43.524824],[16.504936,43.524827],[16.504939,43.524885],[16.504941,43.524944],[16.50507,43.52494],[16.505067,43.524881]]]}},{"type":"Feature","properties":{"tlocrt":15.52721174,"korisna":4.04201996},"geometry":{"type":"Polygon","coordinates":[[[16.505096,43.524881],[16.505095,43.524843],[16.505065,43.524844],[16.505067,43.524881],[16.505068,43.524903],[16.505097,43.524902],[16.505096,43.524881]]]}},{"type":"Feature","properties":{"tlocrt":15.99421991,"korisna":0.88760754},"geometry":{"type":"Polygon","coordinates":[[[16.504608,43.524427],[16.504606,43.524412],[16.504579,43.524413],[16.50458,43.524429],[16.504582,43.524475],[16.504612,43.524474],[16.504608,43.524427]]]}},{"type":"Feature","properties":{"tlocrt":134.63099727,"korisna":95.27791139},"geometry":{"type":"Polygon","coordinates":[[[16.505318,43.524501],[16.505311,43.524405],[16.505238,43.524407],[16.505157,43.52441],[16.505162,43.524506],[16.505243,43.524504],[16.505318,43.524501]]]}},{"type":"Feature","properties":{"tlocrt":14.04531504,"korisna":4.76385147},"geometry":{"type":"Polygon","coordinates":[[[16.505311,43.524405],[16.505311,43.524381],[16.50525,43.524383],[16.505244,43.524383],[16.505245,43.524407],[16.50525,43.524407],[16.505311,43.524405]]]}},{"type":"Feature","properties":{"tlocrt":53.50955387,"korisna":35.50457433},"geometry":{"type":"Polygon","coordinates":[[[16.505286,43.524337],[16.505284,43.524289],[16.505227,43.52429],[16.505166,43.524291],[16.505169,43.524344],[16.505229,43.524342],[16.505233,43.524342],[16.505233,43.524338],[16.505286,43.524337]]]}},{"type":"Feature","properties":{"tlocrt":33.15573187,"korisna":22.79619609},"geometry":{"type":"Polygon","coordinates":[[[16.505305,43.524289],[16.505304,43.524263],[16.505225,43.524263],[16.505166,43.524263],[16.505166,43.524291],[16.505227,43.52429],[16.505305,43.524289]]]}},{"type":"Feature","properties":{"tlocrt":49.48444174,"korisna":31.87687326},"geometry":{"type":"Polygon","coordinates":[[[16.505281,43.524263],[16.50528,43.524217],[16.505226,43.524218],[16.505226,43.524213],[16.505222,43.524213],[16.505163,43.524215],[16.505166,43.524263],[16.505225,43.524263],[16.505281,43.524263]]]}},{"type":"Feature","properties":{"tlocrt":39.73181568,"korisna":16.28206112},"geometry":{"type":"Polygon","coordinates":[[[16.505536,43.524219],[16.505492,43.524219],[16.505491,43.524271],[16.505491,43.524319],[16.505535,43.524319],[16.505536,43.524272],[16.505536,43.524219]]]}},{"type":"Feature","properties":{"tlocrt":46.96265194,"korisna":23.47724166},"geometry":{"type":"Polygon","coordinates":[[[16.505491,43.524328],[16.505491,43.524271],[16.505492,43.524215],[16.505445,43.524214],[16.505444,43.52427],[16.505443,43.524298],[16.505451,43.524298],[16.50545,43.524318],[16.505444,43.524318],[16.505444,43.524328],[16.505491,43.524328]]]}},{"type":"Feature","properties":{"tlocrt":25.49118661,"korisna":10.78507712},"geometry":{"type":"Polygon","coordinates":[[[16.50545,43.524318],[16.505451,43.524298],[16.505447,43.524298],[16.505443,43.524298],[16.505444,43.524265],[16.505384,43.524264],[16.505385,43.524285],[16.505398,43.524285],[16.505399,43.524318],[16.505447,43.524318],[16.50545,43.524318]]]}},{"type":"Feature","properties":{"tlocrt":119.713121,"korisna":83.82659659},"geometry":{"type":"Polygon","coordinates":[[[16.505759,43.524234],[16.505758,43.524123],[16.505706,43.524122],[16.505706,43.524119],[16.505701,43.524119],[16.505633,43.524119],[16.505635,43.524206],[16.505665,43.524206],[16.505666,43.524235],[16.505703,43.524235],[16.505759,43.524234]]]}},{"type":"Feature","properties":{"tlocrt":14.51479397,"korisna":5.15062271},"geometry":{"type":"Polygon","coordinates":[[[16.505706,43.524119],[16.505706,43.524096],[16.505634,43.524097],[16.505633,43.524119],[16.505671,43.524119],[16.505706,43.524119]]]}},{"type":"Feature","properties":{"tlocrt":20.5629754,"korisna":0.640625},"geometry":{"type":"Polygon","coordinates":[[[16.505698,43.524275],[16.505635,43.524268],[16.505632,43.524287],[16.505629,43.524304],[16.505691,43.52431],[16.505694,43.524293],[16.505698,43.524275]]]}},{"type":"Feature","properties":{"tlocrt":5.72295783},"geometry":{"type":"Polygon","coordinates":[[[16.505542,43.524455],[16.505542,43.524409],[16.505542,43.524406],[16.505526,43.524406],[16.505526,43.524409],[16.505526,43.524417],[16.50553,43.524417],[16.505529,43.524455],[16.505542,43.524455]]]}},{"type":"Feature","properties":{"tlocrt":24.9613606,"korisna":4.7486213},"geometry":{"type":"Polygon","coordinates":[[[16.505526,43.524417],[16.505526,43.524367],[16.505499,43.524367],[16.505469,43.524367],[16.50547,43.524417],[16.5055,43.524417],[16.505526,43.524417]]]}},{"type":"Feature","properties":{"tlocrt":20.38971655,"korisna":7.25137873},"geometry":{"type":"Polygon","coordinates":[[[16.505529,43.524455],[16.50553,43.524417],[16.5055,43.524417],[16.50547,43.524417],[16.50547,43.524455],[16.505499,43.524455],[16.505529,43.524455]]]}},{"type":"Feature","properties":{"tlocrt":51.262057,"korisna":25.00084316},"geometry":{"type":"Polygon","coordinates":[[[16.50535,43.524927],[16.505346,43.524903],[16.505229,43.524913],[16.505232,43.524937],[16.505235,43.524961],[16.505353,43.524951],[16.50535,43.524927]]]}},{"type":"Feature","properties":{"tlocrt":15.51332576},"geometry":{"type":"Polygon","coordinates":[[[16.505353,43.525655],[16.505349,43.525633],[16.505345,43.525633],[16.505273,43.525641],[16.505277,43.525663],[16.50535,43.525655],[16.505353,43.525655]]]}},{"type":"Feature","properties":{"tlocrt":41.4711548,"korisna":27.41692387},"geometry":{"type":"Polygon","coordinates":[[[16.505317,43.52558],[16.505253,43.525543],[16.505273,43.525641],[16.505328,43.525635],[16.505333,43.525635],[16.505324,43.525584],[16.505317,43.52558]]]}},{"type":"Feature","properties":{"tlocrt":6.27619061,"korisna":3.09734152},"geometry":{"type":"Polygon","coordinates":[[[16.505369,43.525627],[16.505367,43.525612],[16.50533,43.525616],[16.505332,43.52563],[16.505333,43.525635],[16.50537,43.525631],[16.505369,43.525627]]]}},{"type":"Feature","properties":{"tlocrt":78.35806117,"korisna":43.64823611},"geometry":{"type":"Polygon","coordinates":[[[16.50533,43.525616],[16.505367,43.525612],[16.505368,43.525616],[16.505417,43.525612],[16.505402,43.525527],[16.505253,43.525543],[16.505317,43.52558],[16.505324,43.525584],[16.50533,43.525616]]]}},{"type":"Feature","properties":{"tlocrt":87.27367133,"korisna":38.45243646},"geometry":{"type":"Polygon","coordinates":[[[16.505508,43.525344],[16.505495,43.525303],[16.505468,43.525308],[16.505465,43.5253],[16.505453,43.52526],[16.50536,43.525275],[16.505373,43.525315],[16.505388,43.525363],[16.505508,43.525344]]]}},{"type":"Feature","properties":{"tlocrt":90.64401746,"korisna":63.1239191},"geometry":{"type":"Polygon","coordinates":[[[16.505666,43.52525],[16.505719,43.525246],[16.505704,43.525137],[16.505648,43.525142],[16.505643,43.525142],[16.505651,43.525191],[16.5056,43.525196],[16.505599,43.525193],[16.505586,43.525194],[16.505596,43.525251],[16.505659,43.525246],[16.50566,43.525251],[16.505666,43.52525]]]}},{"type":"Feature","properties":{"tlocrt":22.97907224,"korisna":12.74034475},"geometry":{"type":"Polygon","coordinates":[[[16.505651,43.525188],[16.505643,43.525142],[16.505593,43.525145],[16.505599,43.525193],[16.5056,43.525196],[16.505651,43.525191],[16.505651,43.525188]]]}},{"type":"Feature","properties":{"tlocrt":116.79774709,"korisna":51.53005149},"geometry":{"type":"Polygon","coordinates":[[[16.506268,43.525236],[16.506255,43.525185],[16.50625,43.525186],[16.50625,43.525185],[16.506236,43.525138],[16.506111,43.525158],[16.506125,43.525205],[16.506139,43.525256],[16.506268,43.525236]]]}},{"type":"Feature","properties":{"tlocrt":129.00914718,"korisna":49.19465003},"geometry":{"type":"Polygon","coordinates":[[[16.506153,43.525047],[16.506185,43.525046],[16.506185,43.52505],[16.506233,43.525048],[16.50623,43.524992],[16.506228,43.524937],[16.506097,43.524941],[16.506101,43.524996],[16.506104,43.525053],[16.506154,43.525051],[16.506153,43.525047]]]}},{"type":"Feature","properties":{"tlocrt":10.24852965,"korisna":1.86404328},"geometry":{"type":"Polygon","coordinates":[[[16.50592,43.524597],[16.505887,43.524591],[16.50588,43.52461],[16.505876,43.524623],[16.505907,43.52463],[16.505912,43.524616],[16.50592,43.524597]]]}},{"type":"Feature","properties":{"tlocrt":107.52481362,"korisna":40.68431024},"geometry":{"type":"Polygon","coordinates":[[[16.506076,43.524523],[16.505942,43.524518],[16.505939,43.524561],[16.505936,43.524606],[16.506072,43.524611],[16.506074,43.524565],[16.506076,43.524523]]]}},{"type":"Feature","properties":{"tlocrt":163.38116802,"korisna":66.59945726},"geometry":{"type":"Polygon","coordinates":[[[16.507057,43.527227],[16.507051,43.52718],[16.507045,43.527129],[16.506907,43.52714],[16.506912,43.527185],[16.506884,43.527187],[16.506878,43.527143],[16.506846,43.527145],[16.506853,43.527194],[16.506861,43.527242],[16.507057,43.527227]]]}},{"type":"Feature","properties":{"tlocrt":167.67103288,"korisna":83.90919865},"geometry":{"type":"Polygon","coordinates":[[[16.50724,43.52717],[16.507231,43.527103],[16.507171,43.527108],[16.507174,43.527145],[16.50711,43.52715],[16.507105,43.527113],[16.507043,43.527117],[16.507052,43.527185],[16.507058,43.527229],[16.507247,43.527214],[16.50724,43.52717]]]}},{"type":"Feature","properties":{"tlocrt":3.58521006},"geometry":{"type":"Polygon","coordinates":[[[16.504738,43.523035],[16.504736,43.523028],[16.504707,43.523031],[16.504678,43.523033],[16.504681,43.52304],[16.504708,43.523037],[16.504738,43.523035]]]}},{"type":"Feature","properties":{"tlocrt":26.06769274,"korisna":12},"geometry":{"type":"Polygon","coordinates":[[[16.504736,43.523028],[16.504728,43.522979],[16.504698,43.522981],[16.504669,43.522984],[16.504678,43.523033],[16.504707,43.523031],[16.504736,43.523028]]]}},{"type":"Feature","properties":{"tlocrt":49.21420652,"korisna":24.64437618},"geometry":{"type":"Polygon","coordinates":[[[16.495313,43.523687],[16.495304,43.523649],[16.495244,43.523658],[16.495193,43.523665],[16.495248,43.523694],[16.495258,43.523734],[16.495263,43.523733],[16.495298,43.523728],[16.495311,43.523721],[16.495303,43.523689],[16.495313,43.523687]]]}},{"type":"Feature","properties":{"tlocrt":124.08878482,"korisna":47.64038085},"geometry":{"type":"Polygon","coordinates":[[[16.502723,43.526265],[16.502699,43.526208],[16.502586,43.526233],[16.50261,43.52629],[16.502635,43.526346],[16.502746,43.52632],[16.502723,43.526265]]]}},{"type":"Feature","properties":{"tlocrt":103.66842534,"korisna":50.79463335},"geometry":{"type":"Polygon","coordinates":[[[16.506368,43.525197],[16.506356,43.525155],[16.50634,43.525099],[16.50623,43.525115],[16.506246,43.525173],[16.50625,43.525186],[16.506255,43.525185],[16.506266,43.525227],[16.506294,43.525223],[16.50629,43.525208],[16.506368,43.525197]]]}},{"type":"Feature","properties":{"tlocrt":27.30415731,"korisna":14.73662591},"geometry":{"type":"Polygon","coordinates":[[[16.505445,43.524214],[16.505385,43.524214],[16.505384,43.524264],[16.505444,43.524265],[16.505444,43.524259],[16.505445,43.524214]]]}},{"type":"Feature","properties":{"tlocrt":13.30887422,"korisna":7.66503502},"geometry":{"type":"Polygon","coordinates":[[[16.494067,43.526919],[16.494064,43.526919],[16.494061,43.526919],[16.494058,43.526919],[16.494055,43.52692],[16.494052,43.526921],[16.494049,43.526922],[16.494046,43.526923],[16.494043,43.526924],[16.494041,43.526926],[16.494038,43.526927],[16.494036,43.526929],[16.494034,43.526931],[16.494033,43.526933],[16.494031,43.526935],[16.49403,43.526938],[16.494065,43.526945],[16.494101,43.526952],[16.494102,43.52695],[16.494102,43.526947],[16.494102,43.526945],[16.494102,43.526943],[16.494101,43.52694],[16.494101,43.526938],[16.4941,43.526936],[16.494098,43.526934],[16.494097,43.526932],[16.494095,43.52693],[16.494093,43.526928],[16.494091,43.526926],[16.494088,43.526925],[16.494086,43.526923],[16.494083,43.526922],[16.49408,43.526921],[16.494077,43.52692],[16.494074,43.52692],[16.494071,43.526919],[16.494067,43.526919]]]}},{"type":"Feature","properties":{"tlocrt":35.24348094},"geometry":{"type":"Polygon","coordinates":[[[16.500528,43.528821],[16.500522,43.528764],[16.500433,43.528771],[16.500455,43.528798],[16.500487,43.528824],[16.500528,43.528821]]]}},{"type":"Feature","properties":{"tlocrt":42.03385599,"korisna":0.60806512},"geometry":{"type":"Polygon","coordinates":[[[16.502697,43.52331],[16.502686,43.523268],[16.502578,43.523282],[16.502588,43.523324],[16.502697,43.52331]]]}},{"type":"Feature","properties":{"tlocrt":10.46157144},"geometry":{"type":"Polygon","coordinates":[[[16.505191,43.524521],[16.505192,43.524505],[16.505143,43.524507],[16.505144,43.524532],[16.505175,43.524532],[16.505185,43.524527],[16.505191,43.524521]]]}},{"type":"Feature","properties":{"tlocrt":87.31335511,"korisna":40.14393314},"geometry":{"type":"Polygon","coordinates":[[[16.496908,43.529126],[16.496892,43.529045],[16.496774,43.529058],[16.496791,43.529139],[16.496908,43.529126]]]}},{"type":"Feature","properties":{"tlocrt":12.18608978},"geometry":{"type":"Polygon","coordinates":[[[16.497696,43.529122],[16.497695,43.529089],[16.497656,43.529089],[16.497655,43.529124],[16.497696,43.529122]]]}},{"type":"Feature","properties":{"tlocrt":5.13598772,"korisna":0.08055823},"geometry":{"type":"Polygon","coordinates":[[[16.497496,43.529083],[16.497495,43.529048],[16.497479,43.529048],[16.49748,43.529082],[16.497496,43.529083]]]}},{"type":"Feature","properties":{"tlocrt":40.7819354,"korisna":14.62086253},"geometry":{"type":"Polygon","coordinates":[[[16.498979,43.528184],[16.498923,43.528179],[16.498914,43.52822],[16.498934,43.528224],[16.498924,43.528278],[16.49896,43.528282],[16.498979,43.528184]]]}},{"type":"Feature","properties":{"tlocrt":27.88529856,"korisna":12.68780422},"geometry":{"type":"Polygon","coordinates":[[[16.498865,43.52836],[16.498799,43.52833],[16.49877,43.528364],[16.498836,43.528394],[16.498865,43.52836]]]}},{"type":"Feature","properties":{"tlocrt":705.67923569,"korisna":597.49030801},"geometry":{"type":"Polygon","coordinates":[[[16.498302,43.528256],[16.497794,43.528249],[16.497877,43.528378],[16.498206,43.528381],[16.498205,43.528561],[16.498293,43.528629],[16.498302,43.528256]]]}},{"type":"Feature","properties":{"tlocrt":457.29726923,"korisna":329.54374941},"geometry":{"type":"Polygon","coordinates":[[[16.497877,43.528378],[16.497794,43.528249],[16.497783,43.528621],[16.498293,43.528629],[16.498205,43.528561],[16.497871,43.528559],[16.497877,43.528378]]]}},{"type":"Feature","properties":{"tlocrt":199.42543822,"korisna":116.43963628},"geometry":{"type":"Polygon","coordinates":[[[16.498488,43.528281],[16.498368,43.528279],[16.498365,43.528466],[16.498483,43.528468],[16.498488,43.528281]]]}},{"type":"Feature","properties":{"tlocrt":81.103934,"korisna":34.61521535},"geometry":{"type":"Polygon","coordinates":[[[16.497423,43.528236],[16.497215,43.528234],[16.497215,43.528277],[16.497422,43.528279],[16.497423,43.528236]]]}},{"type":"Feature","properties":{"tlocrt":83.54866387,"korisna":45.00000001},"geometry":{"type":"Polygon","coordinates":[[[16.497421,43.52839],[16.497211,43.528387],[16.497212,43.528431],[16.497419,43.528434],[16.497421,43.52839]]]}},{"type":"Feature","properties":{"tlocrt":83.92878055,"korisna":45.00000001},"geometry":{"type":"Polygon","coordinates":[[[16.497424,43.528332],[16.497214,43.528327],[16.49721,43.528371],[16.497423,43.528376],[16.497424,43.528332]]]}},{"type":"Feature","properties":{"tlocrt":84.29835884,"korisna":51.99999999},"geometry":{"type":"Polygon","coordinates":[[[16.497417,43.528487],[16.497213,43.528484],[16.497211,43.52853],[16.497416,43.528533],[16.497417,43.528487]]]}},{"type":"Feature","properties":{"tlocrt":54.34459849,"korisna":31.64038083},"geometry":{"type":"Polygon","coordinates":[[[16.495937,43.528711],[16.495933,43.528619],[16.495831,43.528682],[16.495865,43.528715],[16.495937,43.528711]]]}},{"type":"Feature","properties":{"tlocrt":16.66351516,"korisna":4.49767261},"geometry":{"type":"Polygon","coordinates":[[[16.493712,43.526817],[16.493641,43.526784],[16.493624,43.526803],[16.493695,43.526835],[16.493712,43.526817]]]}},{"type":"Feature","properties":{"tlocrt":14.14264506},"geometry":{"type":"Polygon","coordinates":[[[16.493874,43.526983],[16.493861,43.526981],[16.493851,43.527015],[16.49389,43.527025],[16.493906,43.526992],[16.493874,43.526983]]]}},{"type":"Feature","properties":{"tlocrt":2.75133831,"korisna":1.14695377},"geometry":{"type":"Polygon","coordinates":[[[16.493874,43.526961],[16.493866,43.526959],[16.493861,43.526981],[16.493874,43.526983],[16.49388,43.526961],[16.493874,43.526961]]]}},{"type":"Feature","properties":{"tlocrt":40.790565,"korisna":21.3076799},"geometry":{"type":"Polygon","coordinates":[[[16.493872,43.526933],[16.493817,43.526924],[16.493816,43.526927],[16.493699,43.52691],[16.493693,43.526932],[16.493874,43.526961],[16.493883,43.526941],[16.493871,43.526938],[16.493872,43.526933]]]}},{"type":"Feature","properties":{"tlocrt":31.75140066,"korisna":5.71352648},"geometry":{"type":"Polygon","coordinates":[[[16.494025,43.526971],[16.49397,43.52696],[16.493948,43.52702],[16.494002,43.527031],[16.494025,43.526971]]]}},{"type":"Feature","properties":{"tlocrt":6.07162792,"korisna":0.0001},"geometry":{"type":"Polygon","coordinates":[[[16.494251,43.526738],[16.494247,43.526719],[16.494212,43.526724],[16.494217,43.526742],[16.494251,43.526738]]]}},{"type":"Feature","properties":{"tlocrt":13.16471785},"geometry":{"type":"Polygon","coordinates":[[[16.494233,43.526862],[16.494226,43.526837],[16.494169,43.526845],[16.494175,43.526869],[16.494233,43.526862]]]}},{"type":"Feature","properties":{"tlocrt":3.59177013,"korisna":0.80940321},"geometry":{"type":"Polygon","coordinates":[[[16.494156,43.526805],[16.494152,43.52679],[16.494127,43.526794],[16.494132,43.526809],[16.494156,43.526805]]]}},{"type":"Feature","properties":{"tlocrt":5.47465667},"geometry":{"type":"Polygon","coordinates":[[[16.494197,43.527117],[16.494193,43.527116],[16.494187,43.527128],[16.494242,43.527142],[16.494245,43.527132],[16.494196,43.52712],[16.494197,43.527117]]]}},{"type":"Feature","properties":{"tlocrt":93.3267632,"korisna":40.57739498},"geometry":{"type":"Polygon","coordinates":[[[16.494082,43.527192],[16.494114,43.527085],[16.494049,43.527074],[16.494032,43.527136],[16.493967,43.527126],[16.493952,43.527171],[16.494019,43.527182],[16.49402,43.527181],[16.494032,43.527184],[16.494082,43.527192]]]}},{"type":"Feature","properties":{"tlocrt":7.71526806,"korisna":2.63257492},"geometry":{"type":"Polygon","coordinates":[[[16.494112,43.527257],[16.49406,43.527244],[16.494053,43.52726],[16.494105,43.527271],[16.494112,43.527257]]]}},{"type":"Feature","properties":{"tlocrt":13.76951229,"korisna":7.26472904},"geometry":{"type":"Polygon","coordinates":[[[16.494214,43.527181],[16.494148,43.527164],[16.494138,43.527185],[16.494204,43.527202],[16.494214,43.527181]]]}},{"type":"Feature","properties":{"tlocrt":46.23078425,"korisna":32.61417558},"geometry":{"type":"Polygon","coordinates":[[[16.494204,43.527202],[16.494138,43.527185],[16.494106,43.527256],[16.494171,43.527272],[16.494204,43.527202]]]}},{"type":"Feature","properties":{"tlocrt":15.46914501},"geometry":{"type":"Polygon","coordinates":[[[16.493746,43.527476],[16.493671,43.52745],[16.493658,43.527469],[16.493733,43.527494],[16.493746,43.527476]]]}},{"type":"Feature","properties":{"tlocrt":52.14877784,"korisna":13.64835693},"geometry":{"type":"Polygon","coordinates":[[[16.493843,43.527628],[16.493719,43.52759],[16.493696,43.52763],[16.493818,43.527668],[16.493843,43.527628]]]}},{"type":"Feature","properties":{"tlocrt":26.93070966,"korisna":10.26110841},"geometry":{"type":"Polygon","coordinates":[[[16.494362,43.527763],[16.494273,43.527752],[16.494265,43.527785],[16.494355,43.527795],[16.494362,43.527763]]]}},{"type":"Feature","properties":{"tlocrt":15.85579802,"korisna":3.39414904},"geometry":{"type":"Polygon","coordinates":[[[16.494223,43.527583],[16.494171,43.527555],[16.494148,43.527576],[16.4942,43.527605],[16.494223,43.527583]]]}},{"type":"Feature","properties":{"tlocrt":92.50619425,"korisna":43.85598653},"geometry":{"type":"Polygon","coordinates":[[[16.494345,43.527444],[16.494284,43.527411],[16.494258,43.527435],[16.494205,43.527407],[16.494159,43.527452],[16.494274,43.527513],[16.494345,43.527444]]]}},{"type":"Feature","properties":{"tlocrt":13.22227769,"korisna":1.64062501},"geometry":{"type":"Polygon","coordinates":[[[16.494474,43.527549],[16.494432,43.52754],[16.494417,43.527572],[16.494459,43.527581],[16.494474,43.527549]]]}},{"type":"Feature","properties":{"tlocrt":30.31420577,"korisna":1},"geometry":{"type":"Polygon","coordinates":[[[16.494505,43.527476],[16.494465,43.527465],[16.494432,43.52754],[16.494474,43.527549],[16.494505,43.527476]]]}},{"type":"Feature","properties":{"tlocrt":24.11169808},"geometry":{"type":"Polygon","coordinates":[[[16.494844,43.527555],[16.494839,43.527525],[16.494743,43.527533],[16.494746,43.527558],[16.494809,43.527553],[16.49481,43.527559],[16.494844,43.527555]]]}},{"type":"Feature","properties":{"tlocrt":8.88384435,"korisna":1.27556738},"geometry":{"type":"Polygon","coordinates":[[[16.494652,43.527158],[16.494624,43.527153],[16.494613,43.527188],[16.494641,43.527192],[16.494652,43.527158]]]}},{"type":"Feature","properties":{"tlocrt":6.0407003},"geometry":{"type":"Polygon","coordinates":[[[16.494523,43.526988],[16.494498,43.526985],[16.494491,43.527011],[16.494516,43.527014],[16.494523,43.526988]]]}},{"type":"Feature","properties":{"tlocrt":9.73107392},"geometry":{"type":"Polygon","coordinates":[[[16.494563,43.526993],[16.494523,43.526988],[16.494516,43.527014],[16.494556,43.527019],[16.494563,43.526993]]]}},{"type":"Feature","properties":{"tlocrt":47.0137317,"korisna":30.65014642},"geometry":{"type":"Polygon","coordinates":[[[16.494628,43.526877],[16.494571,43.52687],[16.494551,43.526961],[16.494608,43.526966],[16.494628,43.526877]]]}},{"type":"Feature","properties":{"tlocrt":80.60145037,"korisna":58.22056944},"geometry":{"type":"Polygon","coordinates":[[[16.494555,43.526868],[16.494485,43.526859],[16.494456,43.52698],[16.494529,43.526989],[16.494555,43.526868]]]}},{"type":"Feature","properties":{"tlocrt":2.97100818},"geometry":{"type":"Polygon","coordinates":[[[16.49476,43.527043],[16.494747,43.52704],[16.494738,43.527064],[16.494751,43.527066],[16.49476,43.527043]]]}},{"type":"Feature","properties":{"tlocrt":38.70307946,"korisna":8.00353778},"geometry":{"type":"Polygon","coordinates":[[[16.494804,43.526775],[16.494769,43.526769],[16.494733,43.526884],[16.494768,43.52689],[16.494804,43.526775]]]}},{"type":"Feature","properties":{"tlocrt":29.69453638,"korisna":9.98062502},"geometry":{"type":"Polygon","coordinates":[[[16.494913,43.526796],[16.494803,43.526779],[16.494794,43.526807],[16.494904,43.526825],[16.494913,43.526796]]]}},{"type":"Feature","properties":{"tlocrt":10.03386185,"korisna":7.24043282},"geometry":{"type":"Polygon","coordinates":[[[16.495293,43.527266],[16.49529,43.527241],[16.495246,43.527243],[16.49525,43.527269],[16.495293,43.527266]]]}},{"type":"Feature","properties":{"tlocrt":71.36490866,"korisna":33.71846291},"geometry":{"type":"Polygon","coordinates":[[[16.495373,43.527307],[16.495365,43.527228],[16.495289,43.527232],[16.495293,43.527266],[16.49525,43.527269],[16.495256,43.527314],[16.495373,43.527307]]]}},{"type":"Feature","properties":{"tlocrt":12.37876596,"korisna":6.23890221},"geometry":{"type":"Polygon","coordinates":[[[16.495248,43.527262],[16.495231,43.527261],[16.495241,43.527338],[16.495259,43.527338],[16.495248,43.527262]]]}},{"type":"Feature","properties":{"tlocrt":8.61224213,"korisna":5.80335399},"geometry":{"type":"Polygon","coordinates":[[[16.495231,43.527261],[16.495209,43.527261],[16.495201,43.527294],[16.495236,43.527296],[16.495231,43.527261]]]}},{"type":"Feature","properties":{"tlocrt":24.36669328},"geometry":{"type":"Polygon","coordinates":[[[16.495154,43.527347],[16.495152,43.527305],[16.495126,43.527305],[16.495126,43.527309],[16.495091,43.527308],[16.495091,43.527331],[16.495085,43.527331],[16.495087,43.527352],[16.495154,43.527347]]]}},{"type":"Feature","properties":{"tlocrt":10.21927069},"geometry":{"type":"Polygon","coordinates":[[[16.495151,43.52723],[16.495127,43.52723],[16.495126,43.527274],[16.495152,43.527276],[16.495151,43.52723]]]}},{"type":"Feature","properties":{"tlocrt":27.13340168,"korisna":19.50811209},"geometry":{"type":"Polygon","coordinates":[[[16.495066,43.527243],[16.495003,43.527243],[16.495002,43.527291],[16.495063,43.527293],[16.495066,43.527243]]]}},{"type":"Feature","properties":{"tlocrt":14.36571347,"korisna":1.76117651},"geometry":{"type":"Polygon","coordinates":[[[16.495091,43.527308],[16.495022,43.527306],[16.495022,43.52733],[16.495091,43.527331],[16.495091,43.527308]]]}},{"type":"Feature","properties":{"tlocrt":9.57673194},"geometry":{"type":"Polygon","coordinates":[[[16.4954,43.52708],[16.495335,43.527074],[16.495334,43.52708],[16.495379,43.527084],[16.495372,43.527115],[16.495395,43.527117],[16.4954,43.52708]]]}},{"type":"Feature","properties":{"tlocrt":15.17873914,"korisna":0.3730692},"geometry":{"type":"Polygon","coordinates":[[[16.495379,43.527084],[16.495334,43.52708],[16.495327,43.527118],[16.495371,43.527121],[16.495379,43.527084]]]}},{"type":"Feature","properties":{"tlocrt":8.70912142},"geometry":{"type":"Polygon","coordinates":[[[16.495372,43.526901],[16.495343,43.526899],[16.495341,43.526931],[16.495373,43.526933],[16.495372,43.526901]]]}},{"type":"Feature","properties":{"tlocrt":8.6314375},"geometry":{"type":"Polygon","coordinates":[[[16.495099,43.526855],[16.495074,43.526853],[16.495069,43.526892],[16.495093,43.526894],[16.495099,43.526855]]]}},{"type":"Feature","properties":{"tlocrt":11.46109199,"korisna":5.33346131},"geometry":{"type":"Polygon","coordinates":[[[16.495107,43.526804],[16.495083,43.526802],[16.495074,43.526853],[16.495099,43.526855],[16.495107,43.526804]]]}},{"type":"Feature","properties":{"tlocrt":21.08123856,"korisna":9.36470286},"geometry":{"type":"Polygon","coordinates":[[[16.494467,43.526461],[16.494427,43.526458],[16.494421,43.526489],[16.494445,43.526492],[16.494429,43.526566],[16.494443,43.526568],[16.494467,43.526461]]]}},{"type":"Feature","properties":{"tlocrt":15.36787864,"korisna":7.66905374},"geometry":{"type":"Polygon","coordinates":[[[16.495251,43.526632],[16.495191,43.526625],[16.495187,43.526654],[16.495246,43.52666],[16.495251,43.526632]]]}},{"type":"Feature","properties":{"tlocrt":8.32636016,"korisna":0.02169211},"geometry":{"type":"Polygon","coordinates":[[[16.495209,43.526352],[16.495181,43.526345],[16.495168,43.526374],[16.495199,43.52638],[16.495209,43.526352]]]}},{"type":"Feature","properties":{"tlocrt":31.50597787,"korisna":18.95529994},"geometry":{"type":"Polygon","coordinates":[[[16.495181,43.526345],[16.495114,43.526328],[16.49509,43.526373],[16.495161,43.52639],[16.495181,43.526345]]]}},{"type":"Feature","properties":{"tlocrt":21.95083396,"korisna":10},"geometry":{"type":"Polygon","coordinates":[[[16.495083,43.526321],[16.495038,43.526311],[16.495014,43.526359],[16.495059,43.526371],[16.495083,43.526321]]]}},{"type":"Feature","properties":{"tlocrt":6.36347531},"geometry":{"type":"Polygon","coordinates":[[[16.494889,43.526226],[16.494819,43.526217],[16.494817,43.526225],[16.494874,43.526233],[16.494872,43.526239],[16.494886,43.526241],[16.494889,43.526226]]]}},{"type":"Feature","properties":{"tlocrt":13.55316754},"geometry":{"type":"Polygon","coordinates":[[[16.495025,43.526196],[16.494978,43.526189],[16.49497,43.52622],[16.495017,43.526226],[16.495025,43.526196]]]}},{"type":"Feature","properties":{"tlocrt":26.95955271,"korisna":3},"geometry":{"type":"Polygon","coordinates":[[[16.493263,43.526595],[16.493213,43.526533],[16.493178,43.52655],[16.493229,43.526611],[16.493263,43.526595]]]}},{"type":"Feature","properties":{"tlocrt":11.94024702,"korisna":2.79070905},"geometry":{"type":"Polygon","coordinates":[[[16.493226,43.526609],[16.493192,43.526567],[16.493169,43.526578],[16.493204,43.52662],[16.493226,43.526609]]]}},{"type":"Feature","properties":{"tlocrt":2.35498605},"geometry":{"type":"Polygon","coordinates":[[[16.493044,43.526661],[16.493031,43.526645],[16.493019,43.52665],[16.493032,43.526667],[16.493044,43.526661]]]}},{"type":"Feature","properties":{"tlocrt":51.28855317,"korisna":19.99973486},"geometry":{"type":"Polygon","coordinates":[[[16.492895,43.526462],[16.492873,43.526418],[16.492802,43.526439],[16.492805,43.526443],[16.492753,43.526458],[16.492776,43.526496],[16.492895,43.526462]]]}},{"type":"Feature","properties":{"tlocrt":23.45518036},"geometry":{"type":"Polygon","coordinates":[[[16.493112,43.526463],[16.493056,43.526364],[16.493035,43.52637],[16.493089,43.526471],[16.493112,43.526463]]]}},{"type":"Feature","properties":{"tlocrt":13.87887316,"korisna":7.22233527},"geometry":{"type":"Polygon","coordinates":[[[16.492958,43.526451],[16.49293,43.52644],[16.492914,43.526445],[16.492902,43.526455],[16.492902,43.526469],[16.492916,43.526479],[16.492933,43.526477],[16.492948,43.526473],[16.492958,43.526451]]]}},{"type":"Feature","properties":{"tlocrt":64.46261216,"korisna":36.80824749},"geometry":{"type":"Polygon","coordinates":[[[16.493241,43.52631],[16.493293,43.5263],[16.493302,43.526301],[16.493351,43.526191],[16.493342,43.526189],[16.493284,43.526201],[16.493232,43.526308],[16.493241,43.52631]]]}},{"type":"Feature","properties":{"tlocrt":9.99256714,"korisna":0.22504713},"geometry":{"type":"Polygon","coordinates":[[[16.493736,43.526064],[16.493676,43.526048],[16.493668,43.526065],[16.493727,43.526081],[16.493736,43.526064]]]}},{"type":"Feature","properties":{"tlocrt":37.89635559},"geometry":{"type":"Polygon","coordinates":[[[16.493481,43.526124],[16.493467,43.526121],[16.493449,43.526158],[16.493562,43.526186],[16.493577,43.526153],[16.493479,43.526129],[16.493481,43.526124]]]}},{"type":"Feature","properties":{"tlocrt":7.7400852},"geometry":{"type":"Polygon","coordinates":[[[16.493587,43.526132],[16.493551,43.526122],[16.493541,43.526144],[16.493577,43.526153],[16.493587,43.526132]]]}},{"type":"Feature","properties":{"tlocrt":14.27788633},"geometry":{"type":"Polygon","coordinates":[[[16.493551,43.526122],[16.493488,43.526105],[16.493479,43.526129],[16.493541,43.526144],[16.493551,43.526122]]]}},{"type":"Feature","properties":{"tlocrt":54.15176496,"korisna":4.99999999},"geometry":{"type":"Polygon","coordinates":[[[16.493019,43.526],[16.493005,43.525914],[16.492936,43.52592],[16.49295,43.526007],[16.493019,43.526]]]}},{"type":"Feature","properties":{"tlocrt":9.36641108,"korisna":1},"geometry":{"type":"Polygon","coordinates":[[[16.492564,43.526971],[16.492537,43.526932],[16.492514,43.52694],[16.492544,43.526978],[16.492564,43.526971]]]}},{"type":"Feature","properties":{"tlocrt":4.03188112,"korisna":1.88917578},"geometry":{"type":"Polygon","coordinates":[[[16.49261,43.527032],[16.492596,43.527015],[16.492576,43.527023],[16.492591,43.52704],[16.49261,43.527032]]]}},{"type":"Feature","properties":{"tlocrt":20.54848934,"korisna":5.62655333},"geometry":{"type":"Polygon","coordinates":[[[16.492591,43.52704],[16.492569,43.527014],[16.492504,43.52704],[16.492525,43.527066],[16.492591,43.52704]]]}},{"type":"Feature","properties":{"tlocrt":19.43788718,"korisna":7.87547019},"geometry":{"type":"Polygon","coordinates":[[[16.493154,43.525565],[16.493151,43.525524],[16.493099,43.525526],[16.4931,43.525566],[16.493154,43.525565]]]}},{"type":"Feature","properties":{"tlocrt":39.10274136,"korisna":22.81884737},"geometry":{"type":"Polygon","coordinates":[[[16.493103,43.525584],[16.493103,43.525566],[16.4931,43.525566],[16.493099,43.525537],[16.493008,43.525538],[16.493009,43.525585],[16.493103,43.525584]]]}},{"type":"Feature","properties":{"tlocrt":35.97831078,"korisna":21.76113933},"geometry":{"type":"Polygon","coordinates":[[[16.492416,43.526147],[16.492404,43.526112],[16.492294,43.526147],[16.492315,43.526176],[16.492416,43.526147]]]}},{"type":"Feature","properties":{"tlocrt":15.67510251,"korisna":8.18009595},"geometry":{"type":"Polygon","coordinates":[[[16.492293,43.52595],[16.492281,43.525928],[16.492222,43.525943],[16.492228,43.525958],[16.492214,43.525962],[16.492218,43.525972],[16.492293,43.52595]]]}},{"type":"Feature","properties":{"tlocrt":139.68999138,"korisna":62.25677467},"geometry":{"type":"Polygon","coordinates":[[[16.492356,43.526054],[16.492298,43.525949],[16.492171,43.525985],[16.492231,43.526092],[16.492356,43.526054]]]}},{"type":"Feature","properties":{"tlocrt":50.01789792,"korisna":16.28100584},"geometry":{"type":"Polygon","coordinates":[[[16.492231,43.52566],[16.492211,43.525526],[16.492168,43.525528],[16.492194,43.525665],[16.492231,43.52566]]]}},{"type":"Feature","properties":{"tlocrt":6.79879151},"geometry":{"type":"Polygon","coordinates":[[[16.492265,43.525319],[16.492206,43.525317],[16.492205,43.52533],[16.492264,43.525331],[16.492265,43.525319]]]}},{"type":"Feature","properties":{"tlocrt":128.97833476,"korisna":64.99999999},"geometry":{"type":"Polygon","coordinates":[[[16.49227,43.525331],[16.492112,43.525329],[16.49211,43.52542],[16.492263,43.525425],[16.49227,43.525331]]]}},{"type":"Feature","properties":{"tlocrt":78.82061381,"korisna":36.78245733},"geometry":{"type":"Polygon","coordinates":[[[16.495362,43.525908],[16.495288,43.525903],[16.495279,43.525971],[16.49535,43.525977],[16.495348,43.525989],[16.495402,43.525993],[16.495413,43.525924],[16.495361,43.525919],[16.495362,43.525908]]]}},{"type":"Feature","properties":{"tlocrt":9.6295415},"geometry":{"type":"Polygon","coordinates":[[[16.495103,43.525644],[16.495082,43.525644],[16.495081,43.5257],[16.495099,43.5257],[16.495103,43.525644]]]}},{"type":"Feature","properties":{"tlocrt":5.22361562},"geometry":{"type":"Polygon","coordinates":[[[16.494979,43.525485],[16.494955,43.525483],[16.494951,43.525507],[16.494975,43.525509],[16.494979,43.525485]]]}},{"type":"Feature","properties":{"tlocrt":14.9824443,"korisna":8.22216025},"geometry":{"type":"Polygon","coordinates":[[[16.495145,43.525402],[16.495083,43.525394],[16.495076,43.525419],[16.495141,43.525427],[16.495145,43.525402]]]}},{"type":"Feature","properties":{"tlocrt":6.36006111,"korisna":0.43393065},"geometry":{"type":"Polygon","coordinates":[[[16.495006,43.525282],[16.494971,43.525279],[16.494966,43.525298],[16.495002,43.525302],[16.495006,43.525282]]]}},{"type":"Feature","properties":{"tlocrt":8.09948314},"geometry":{"type":"Polygon","coordinates":[[[16.494679,43.525009],[16.494676,43.524996],[16.494612,43.525003],[16.494614,43.525017],[16.494679,43.525009]]]}},{"type":"Feature","properties":{"tlocrt":15.00313904,"korisna":7.39843236},"geometry":{"type":"Polygon","coordinates":[[[16.493318,43.524672],[16.493282,43.524668],[16.493275,43.524705],[16.493321,43.524715],[16.493318,43.524672]]]}},{"type":"Feature","properties":{"tlocrt":10.26217116},"geometry":{"type":"Polygon","coordinates":[[[16.493439,43.524736],[16.493439,43.524713],[16.493436,43.524714],[16.493436,43.524716],[16.49336,43.524718],[16.493359,43.524726],[16.493439,43.524736]]]}},{"type":"Feature","properties":{"tlocrt":52.7717649,"korisna":28.64062503},"geometry":{"type":"Polygon","coordinates":[[[16.493025,43.524983],[16.493025,43.524954],[16.492821,43.524956],[16.492822,43.524985],[16.493025,43.524983]]]}},{"type":"Feature","properties":{"tlocrt":102.31474291,"korisna":86.6690574},"geometry":{"type":"Polygon","coordinates":[[[16.492751,43.524852],[16.492738,43.52478],[16.492586,43.524792],[16.4926,43.524867],[16.492751,43.524852]]]}},{"type":"Feature","properties":{"tlocrt":32.38577141,"korisna":18.85724609},"geometry":{"type":"Polygon","coordinates":[[[16.492926,43.52455],[16.492923,43.524521],[16.492802,43.524528],[16.492805,43.524557],[16.492926,43.52455]]]}},{"type":"Feature","properties":{"tlocrt":89.4543188,"korisna":49.14275393},"geometry":{"type":"Polygon","coordinates":[[[16.492936,43.524632],[16.492926,43.52455],[16.492805,43.524557],[16.492813,43.524638],[16.492936,43.524632]]]}},{"type":"Feature","properties":{"tlocrt":3.02212247,"korisna":0.10783295},"geometry":{"type":"Polygon","coordinates":[[[16.492896,43.524439],[16.492894,43.524429],[16.492863,43.524431],[16.492863,43.524441],[16.492896,43.524439]]]}},{"type":"Feature","properties":{"tlocrt":12.12200295,"korisna":3.99216833},"geometry":{"type":"Polygon","coordinates":[[[16.492862,43.524483],[16.492854,43.524442],[16.492822,43.524446],[16.492829,43.524486],[16.492862,43.524483]]]}},{"type":"Feature","properties":{"tlocrt":3.0382726},"geometry":{"type":"Polygon","coordinates":[[[16.492665,43.524587],[16.492661,43.524563],[16.492646,43.524565],[16.49265,43.524588],[16.492665,43.524587]]]}},{"type":"Feature","properties":{"tlocrt":136.21048915,"korisna":60.64062501},"geometry":{"type":"Polygon","coordinates":[[[16.492658,43.524629],[16.492636,43.524506],[16.492515,43.524518],[16.492536,43.524641],[16.492658,43.524629]]]}},{"type":"Feature","properties":{"tlocrt":51.86417306,"korisna":25.45438996},"geometry":{"type":"Polygon","coordinates":[[[16.492518,43.524661],[16.49251,43.524615],[16.492386,43.524631],[16.492397,43.524677],[16.492518,43.524661]]]}},{"type":"Feature","properties":{"tlocrt":19.09106466,"korisna":4.28125002},"geometry":{"type":"Polygon","coordinates":[[[16.492832,43.52427],[16.492831,43.524246],[16.492744,43.524252],[16.49275,43.524278],[16.492832,43.52427]]]}},{"type":"Feature","properties":{"tlocrt":20.726587,"korisna":9.97788326},"geometry":{"type":"Polygon","coordinates":[[[16.492218,43.524322],[16.492197,43.524264],[16.492158,43.52427],[16.492182,43.524328],[16.492218,43.524322]]]}},{"type":"Feature","properties":{"tlocrt":1.65416124,"korisna":0.04442406},"geometry":{"type":"Polygon","coordinates":[[[16.491844,43.523902],[16.491839,43.523891],[16.491824,43.523894],[16.491829,43.523905],[16.491844,43.523902]]]}},{"type":"Feature","properties":{"tlocrt":88.30892614,"korisna":61.81270555},"geometry":{"type":"Polygon","coordinates":[[[16.491754,43.523969],[16.491728,43.523906],[16.491587,43.523935],[16.491613,43.524],[16.491754,43.523969]]]}},{"type":"Feature","properties":{"tlocrt":14.12781463,"korisna":5.53414002},"geometry":{"type":"Polygon","coordinates":[[[16.49143,43.523531],[16.491415,43.523513],[16.491351,43.523537],[16.491365,43.523557],[16.49143,43.523531]]]}},{"type":"Feature","properties":{"tlocrt":13.66282328,"korisna":6.93950936},"geometry":{"type":"Polygon","coordinates":[[[16.491325,43.523575],[16.491309,43.523556],[16.491251,43.523587],[16.491268,43.523604],[16.491325,43.523575]]]}},{"type":"Feature","properties":{"tlocrt":16.09594494,"korisna":9.05291052},"geometry":{"type":"Polygon","coordinates":[[[16.491371,43.523564],[16.491347,43.523531],[16.491304,43.52355],[16.49133,43.523581],[16.491371,43.523564]]]}},{"type":"Feature","properties":{"tlocrt":22.88871754,"korisna":8.56629423},"geometry":{"type":"Polygon","coordinates":[[[16.491594,43.52335],[16.491581,43.523326],[16.491548,43.523334],[16.491545,43.523328],[16.491501,43.52334],[16.49152,43.523373],[16.491594,43.52335]]]}},{"type":"Feature","properties":{"tlocrt":19.38321547,"korisna":5.64038085},"geometry":{"type":"Polygon","coordinates":[[[16.491804,43.523227],[16.49177,43.523185],[16.491732,43.523203],[16.491766,43.523244],[16.491804,43.523227]]]}},{"type":"Feature","properties":{"tlocrt":96.23425157,"korisna":60.92516206},"geometry":{"type":"Polygon","coordinates":[[[16.492323,43.523509],[16.492267,43.523377],[16.492193,43.523394],[16.492249,43.523525],[16.492323,43.523509]]]}},{"type":"Feature","properties":{"tlocrt":58.46583542,"korisna":37.00000001},"geometry":{"type":"Polygon","coordinates":[[[16.492585,43.523269],[16.492552,43.5232],[16.492468,43.523222],[16.492501,43.523291],[16.492585,43.523269]]]}},{"type":"Feature","properties":{"tlocrt":6.07270837},"geometry":{"type":"Polygon","coordinates":[[[16.494097,43.524807],[16.494091,43.524776],[16.494069,43.524778],[16.494076,43.524809],[16.494097,43.524807]]]}},{"type":"Feature","properties":{"tlocrt":43.06284542,"korisna":10.640625},"geometry":{"type":"Polygon","coordinates":[[[16.494193,43.524866],[16.494192,43.524855],[16.494187,43.524855],[16.494181,43.524828],[16.494187,43.524827],[16.494186,43.524817],[16.494087,43.524824],[16.494094,43.524874],[16.494193,43.524866]]]}},{"type":"Feature","properties":{"tlocrt":17.30945716,"korisna":4.64038086},"geometry":{"type":"Polygon","coordinates":[[[16.493921,43.524646],[16.493909,43.524602],[16.493866,43.524608],[16.493879,43.524652],[16.493921,43.524646]]]}},{"type":"Feature","properties":{"tlocrt":6.57871587,"korisna":0.46761724},"geometry":{"type":"Polygon","coordinates":[[[16.49383,43.524576],[16.493823,43.524547],[16.493799,43.524549],[16.493809,43.524582],[16.49383,43.524576]]]}},{"type":"Feature","properties":{"tlocrt":34.25191475,"korisna":21.46529587},"geometry":{"type":"Polygon","coordinates":[[[16.494403,43.52474],[16.494395,43.524695],[16.494311,43.524704],[16.49432,43.524749],[16.494403,43.52474]]]}},{"type":"Feature","properties":{"tlocrt":69.76244493,"korisna":46.15208669},"geometry":{"type":"Polygon","coordinates":[[[16.494434,43.524658],[16.494409,43.524544],[16.494341,43.524551],[16.494368,43.524666],[16.494434,43.524658]]]}},{"type":"Feature","properties":{"tlocrt":6.25659933,"korisna":0.46807524},"geometry":{"type":"Polygon","coordinates":[[[16.494175,43.52431],[16.494164,43.524273],[16.494146,43.524277],[16.494158,43.524313],[16.494175,43.52431]]]}},{"type":"Feature","properties":{"tlocrt":19.41650051,"korisna":2.53192476},"geometry":{"type":"Polygon","coordinates":[[[16.494158,43.524313],[16.494146,43.524277],[16.494101,43.524283],[16.494105,43.524297],[16.494088,43.524299],[16.494097,43.524323],[16.494158,43.524313]]]}},{"type":"Feature","properties":{"tlocrt":30.24811685,"korisna":10.99999998},"geometry":{"type":"Polygon","coordinates":[[[16.495181,43.524067],[16.495182,43.523994],[16.495132,43.523997],[16.495135,43.524066],[16.495181,43.524067]]]}},{"type":"Feature","properties":{"tlocrt":22.95802909,"korisna":7.28100586},"geometry":{"type":"Polygon","coordinates":[[[16.495673,43.523664],[16.495666,43.523615],[16.495614,43.523619],[16.495622,43.523668],[16.495673,43.523664]]]}},{"type":"Feature","properties":{"tlocrt":31.22917748,"korisna":15},"geometry":{"type":"Polygon","coordinates":[[[16.49578,43.523955],[16.495772,43.523915],[16.495688,43.523923],[16.495695,43.523964],[16.49578,43.523955]]]}},{"type":"Feature","properties":{"tlocrt":24.67506017,"korisna":11.05175781},"geometry":{"type":"Polygon","coordinates":[[[16.495921,43.524447],[16.495885,43.524429],[16.495837,43.524483],[16.495873,43.524499],[16.495921,43.524447]]]}},{"type":"Feature","properties":{"tlocrt":106.53935941,"korisna":84.15853968},"geometry":{"type":"Polygon","coordinates":[[[16.495858,43.524805],[16.495826,43.524753],[16.495637,43.524819],[16.495672,43.52487],[16.495858,43.524805]]]}},{"type":"Feature","properties":{"tlocrt":17.0200211,"korisna":8.7887542},"geometry":{"type":"Polygon","coordinates":[[[16.495671,43.524868],[16.495637,43.524819],[16.495607,43.52483],[16.495639,43.524879],[16.495671,43.524868]]]}},{"type":"Feature","properties":{"tlocrt":1052.93851414,"korisna":882.50255562},"geometry":{"type":"Polygon","coordinates":[[[16.496477,43.527304],[16.495513,43.527292],[16.495509,43.527414],[16.496477,43.527426],[16.496477,43.527304]]]}},{"type":"Feature","properties":{"tlocrt":16.60899764,"korisna":8.04108138},"geometry":{"type":"Polygon","coordinates":[[[16.495982,43.527616],[16.495969,43.527571],[16.495928,43.527577],[16.495941,43.52762],[16.495982,43.527616]]]}},{"type":"Feature","properties":{"tlocrt":182.47444073,"korisna":141.44931441},"geometry":{"type":"Polygon","coordinates":[[[16.496255,43.527598],[16.496232,43.527525],[16.495968,43.527567],[16.49599,43.52764],[16.496255,43.527598]]]}},{"type":"Feature","properties":{"tlocrt":133.27908221,"korisna":41},"geometry":{"type":"Polygon","coordinates":[[[16.497937,43.526237],[16.497851,43.526233],[16.497845,43.526405],[16.497933,43.526406],[16.497937,43.526237]]]}},{"type":"Feature","properties":{"tlocrt":340.11812122,"korisna":286.85143331},"geometry":{"type":"Polygon","coordinates":[[[16.49785,43.526255],[16.497495,43.526251],[16.497491,43.526357],[16.497847,43.526362],[16.49785,43.526255]]]}},{"type":"Feature","properties":{"tlocrt":34.22559918,"korisna":18.61043827},"geometry":{"type":"Polygon","coordinates":[[[16.498144,43.526334],[16.498112,43.526333],[16.498109,43.52645],[16.498142,43.526451],[16.498144,43.526334]]]}},{"type":"Feature","properties":{"tlocrt":177.99223251,"korisna":143.80270734},"geometry":{"type":"Polygon","coordinates":[[[16.498252,43.526267],[16.498145,43.526265],[16.498142,43.526451],[16.498248,43.526453],[16.498252,43.526267]]]}},{"type":"Feature","properties":{"tlocrt":21.40186418,"korisna":2.9898128},"geometry":{"type":"Polygon","coordinates":[[[16.498134,43.526719],[16.498037,43.526718],[16.498036,43.526729],[16.498134,43.526757],[16.498134,43.526719]]]}},{"type":"Feature","properties":{"tlocrt":34.05768782,"korisna":16.20961512},"geometry":{"type":"Polygon","coordinates":[[[16.498595,43.524551],[16.498586,43.524527],[16.498569,43.52453],[16.498563,43.524514],[16.498516,43.524524],[16.498522,43.524539],[16.498474,43.524549],[16.498484,43.524574],[16.498595,43.524551]]]}},{"type":"Feature","properties":{"tlocrt":164.71533245,"korisna":13.10459739},"geometry":{"type":"Polygon","coordinates":[[[16.499513,43.525573],[16.499398,43.525571],[16.499394,43.525735],[16.499503,43.525736],[16.499513,43.525573]]]}},{"type":"Feature","properties":{"tlocrt":18.75514417,"korisna":6},"geometry":{"type":"Polygon","coordinates":[[[16.498485,43.526664],[16.498426,43.526663],[16.498425,43.526697],[16.498487,43.526698],[16.498485,43.526664]]]}},{"type":"Feature","properties":{"tlocrt":44.63060507,"korisna":24.64062501},"geometry":{"type":"Polygon","coordinates":[[[16.498787,43.526668],[16.498664,43.526666],[16.498663,43.526706],[16.498788,43.526707],[16.498787,43.526668]]]}},{"type":"Feature","properties":{"tlocrt":21.26404087},"geometry":{"type":"Polygon","coordinates":[[[16.499031,43.526522],[16.498991,43.526522],[16.498988,43.52658],[16.499029,43.526581],[16.499031,43.526522]]]}},{"type":"Feature","properties":{"tlocrt":224.8316303,"korisna":191.48994681},"geometry":{"type":"Polygon","coordinates":[[[16.498992,43.52642],[16.498734,43.526417],[16.49873,43.526513],[16.498989,43.526517],[16.498992,43.52642]]]}},{"type":"Feature","properties":{"tlocrt":21.55742581,"korisna":2.32421875},"geometry":{"type":"Polygon","coordinates":[[[16.499541,43.526652],[16.499458,43.526651],[16.499458,43.52668],[16.49954,43.526681],[16.499541,43.526652]]]}},{"type":"Feature","properties":{"tlocrt":17.94190037,"korisna":8.64317219},"geometry":{"type":"Polygon","coordinates":[[[16.499813,43.526618],[16.499738,43.526617],[16.49974,43.526644],[16.499813,43.526645],[16.499813,43.526618]]]}},{"type":"Feature","properties":{"tlocrt":14.30349961,"korisna":6.0064049},"geometry":{"type":"Polygon","coordinates":[[[16.499307,43.528366],[16.499303,43.528331],[16.499259,43.528332],[16.49926,43.528367],[16.499307,43.528366]]]}},{"type":"Feature","properties":{"tlocrt":9.24033501,"korisna":1.99359491},"geometry":{"type":"Polygon","coordinates":[[[16.499261,43.528374],[16.499259,43.528332],[16.499235,43.528333],[16.499236,43.528374],[16.499261,43.528374]]]}},{"type":"Feature","properties":{"tlocrt":44.96587025,"korisna":3.64062501},"geometry":{"type":"Polygon","coordinates":[[[16.499332,43.528199],[16.499279,43.528193],[16.499262,43.528284],[16.499316,43.52829],[16.499332,43.528199]]]}},{"type":"Feature","properties":{"tlocrt":126.12895499,"korisna":68.98583796},"geometry":{"type":"Polygon","coordinates":[[[16.499338,43.528199],[16.499359,43.52808],[16.499296,43.528075],[16.499294,43.528088],[16.499228,43.528082],[16.499211,43.528177],[16.499272,43.528183],[16.49927,43.528193],[16.499338,43.528199]]]}},{"type":"Feature","properties":{"tlocrt":10.14365968,"korisna":2.91073503},"geometry":{"type":"Polygon","coordinates":[[[16.49911,43.528561],[16.49911,43.528537],[16.499083,43.528536],[16.499083,43.528543],[16.499058,43.528542],[16.499057,43.52856],[16.49911,43.528561]]]}},{"type":"Feature","properties":{"tlocrt":14.5478431},"geometry":{"type":"Polygon","coordinates":[[[16.499841,43.528263],[16.499806,43.528258],[16.499805,43.52826],[16.499788,43.528258],[16.499781,43.528286],[16.499833,43.528294],[16.499841,43.528263]]]}},{"type":"Feature","properties":{"tlocrt":88.82255758,"korisna":67.66229224},"geometry":{"type":"Polygon","coordinates":[[[16.499749,43.528252],[16.499786,43.528126],[16.499714,43.528114],[16.499696,43.528176],[16.499687,43.528174],[16.499679,43.5282],[16.499687,43.528201],[16.499675,43.528241],[16.499749,43.528252]]]}},{"type":"Feature","properties":{"tlocrt":11.96279362,"korisna":2.41764155},"geometry":{"type":"Polygon","coordinates":[[[16.500446,43.528292],[16.500452,43.528257],[16.500408,43.528257],[16.500409,43.528288],[16.500446,43.528292]]]}},{"type":"Feature","properties":{"tlocrt":7.26028063,"korisna":4.975485},"geometry":{"type":"Polygon","coordinates":[[[16.500446,43.528297],[16.500446,43.528292],[16.500405,43.528296],[16.500395,43.528324],[16.500405,43.528324],[16.500446,43.528297]]]}},{"type":"Feature","properties":{"tlocrt":14.49325064,"korisna":5.06247693},"geometry":{"type":"Polygon","coordinates":[[[16.500687,43.526955],[16.500685,43.526939],[16.500584,43.526944],[16.500584,43.52696],[16.500687,43.526955]]]}},{"type":"Feature","properties":{"tlocrt":21.6116457,"korisna":6.64038086},"geometry":{"type":"Polygon","coordinates":[[[16.500952,43.527011],[16.500935,43.526962],[16.50089,43.526969],[16.500905,43.527019],[16.500952,43.527011]]]}},{"type":"Feature","properties":{"tlocrt":37.10330503,"korisna":21.55875709},"geometry":{"type":"Polygon","coordinates":[[[16.501218,43.526988],[16.501213,43.526982],[16.501101,43.527014],[16.501116,43.527046],[16.501214,43.527022],[16.501218,43.526988]]]}},{"type":"Feature","properties":{"tlocrt":11.65054229,"korisna":6.90406529},"geometry":{"type":"Polygon","coordinates":[[[16.501194,43.527246],[16.501188,43.527209],[16.501153,43.527212],[16.50116,43.527249],[16.501194,43.527246]]]}},{"type":"Feature","properties":{"tlocrt":12.81518651,"korisna":9.84165647},"geometry":{"type":"Polygon","coordinates":[[[16.50164,43.526226],[16.501627,43.52621],[16.501556,43.526247],[16.501577,43.526256],[16.50164,43.526226]]]}},{"type":"Feature","properties":{"tlocrt":53.01472355,"korisna":34.02240141},"geometry":{"type":"Polygon","coordinates":[[[16.501463,43.526176],[16.501406,43.526113],[16.50134,43.526144],[16.501396,43.526207],[16.501463,43.526176]]]}},{"type":"Feature","properties":{"tlocrt":11.35214466,"korisna":6.95378259},"geometry":{"type":"Polygon","coordinates":[[[16.501293,43.526259],[16.501261,43.526229],[16.501235,43.526244],[16.501266,43.526274],[16.501293,43.526259]]]}},{"type":"Feature","properties":{"tlocrt":24.73051455,"korisna":10.59532934},"geometry":{"type":"Polygon","coordinates":[[[16.501388,43.526516],[16.501358,43.526486],[16.501298,43.526515],[16.501328,43.526547],[16.501388,43.526516]]]}},{"type":"Feature","properties":{"tlocrt":8.83521422,"korisna":4.46757336},"geometry":{"type":"Polygon","coordinates":[[[16.501436,43.526378],[16.501411,43.526347],[16.501386,43.526359],[16.501415,43.526388],[16.501436,43.526378]]]}},{"type":"Feature","properties":{"tlocrt":11.39255222,"korisna":3.96000632},"geometry":{"type":"Polygon","coordinates":[[[16.502063,43.526696],[16.502038,43.526665],[16.502007,43.526676],[16.502032,43.526708],[16.502063,43.526696]]]}},{"type":"Feature","properties":{"tlocrt":10.88947807},"geometry":{"type":"Polygon","coordinates":[[[16.502249,43.526653],[16.50224,43.52664],[16.502236,43.526642],[16.502217,43.526617],[16.502195,43.526625],[16.502214,43.52665],[16.502209,43.526652],[16.502219,43.526665],[16.502249,43.526653]]]}},{"type":"Feature","properties":{"tlocrt":11.48646752,"korisna":4.36608918},"geometry":{"type":"Polygon","coordinates":[[[16.501759,43.526461],[16.501743,43.526444],[16.501691,43.52647],[16.501709,43.526487],[16.501759,43.526461]]]}},{"type":"Feature","properties":{"tlocrt":27.20976867,"korisna":4.46584834},"geometry":{"type":"Polygon","coordinates":[[[16.501743,43.526444],[16.501704,43.526405],[16.501653,43.526431],[16.501691,43.52647],[16.501743,43.526444]]]}},{"type":"Feature","properties":{"tlocrt":26.3829462,"korisna":19.77442698},"geometry":{"type":"Polygon","coordinates":[[[16.501793,43.526444],[16.501738,43.526386],[16.501704,43.526405],[16.501759,43.526461],[16.501793,43.526444]]]}},{"type":"Feature","properties":{"tlocrt":15.3846599},"geometry":{"type":"Polygon","coordinates":[[[16.502004,43.526316],[16.501954,43.526281],[16.501929,43.526298],[16.501977,43.526332],[16.502004,43.526316]]]}},{"type":"Feature","properties":{"tlocrt":206.87963265,"korisna":91.55234765},"geometry":{"type":"Polygon","coordinates":[[[16.502173,43.526203],[16.502117,43.526161],[16.502106,43.52617],[16.502059,43.526135],[16.501918,43.526235],[16.501965,43.52627],[16.501952,43.526279],[16.502009,43.52632],[16.502173,43.526203]]]}},{"type":"Feature","properties":{"tlocrt":27.24144576,"korisna":16.12295128},"geometry":{"type":"Polygon","coordinates":[[[16.502386,43.526286],[16.502366,43.526233],[16.502313,43.526242],[16.502328,43.526293],[16.502386,43.526286]]]}},{"type":"Feature","properties":{"tlocrt":34.76678645,"korisna":21.87704984},"geometry":{"type":"Polygon","coordinates":[[[16.502448,43.526218],[16.50236,43.526215],[16.502386,43.526286],[16.502441,43.526245],[16.50246,43.526222],[16.502448,43.526218]]]}},{"type":"Feature","properties":{"tlocrt":8.52342752,"korisna":3.33115229},"geometry":{"type":"Polygon","coordinates":[[[16.501911,43.525959],[16.501943,43.52593],[16.501931,43.525924],[16.501915,43.525938],[16.501894,43.525929],[16.501881,43.525942],[16.501911,43.525959]]]}},{"type":"Feature","properties":{"tlocrt":30.71540261,"korisna":17.8414598},"geometry":{"type":"Polygon","coordinates":[[[16.500495,43.526307],[16.500465,43.526276],[16.500393,43.526315],[16.500424,43.526347],[16.500495,43.526307]]]}},{"type":"Feature","properties":{"tlocrt":1.37673418},"geometry":{"type":"Polygon","coordinates":[[[16.500308,43.526408],[16.500299,43.526398],[16.500288,43.526405],[16.500298,43.526414],[16.500308,43.526408]]]}},{"type":"Feature","properties":{"tlocrt":3.87147059},"geometry":{"type":"Polygon","coordinates":[[[16.502709,43.526542],[16.502703,43.52653],[16.502671,43.526538],[16.502676,43.526549],[16.502709,43.526542]]]}},{"type":"Feature","properties":{"tlocrt":10.28535614},"geometry":{"type":"Polygon","coordinates":[[[16.503004,43.52651],[16.502998,43.526501],[16.502994,43.526502],[16.502977,43.526473],[16.502954,43.52648],[16.502971,43.526509],[16.502965,43.526511],[16.50297,43.52652],[16.503004,43.52651]]]}},{"type":"Feature","properties":{"tlocrt":22.75628801,"korisna":19.33879165},"geometry":{"type":"Polygon","coordinates":[[[16.503326,43.526278],[16.503329,43.526256],[16.503201,43.526293],[16.50321,43.526311],[16.503326,43.526278]]]}},{"type":"Feature","properties":{"tlocrt":25.32415518,"korisna":17.44698224},"geometry":{"type":"Polygon","coordinates":[[[16.502838,43.526226],[16.502825,43.526194],[16.502745,43.526213],[16.502758,43.526247],[16.502761,43.526247],[16.50276,43.526244],[16.502838,43.526226]]]}},{"type":"Feature","properties":{"tlocrt":35.49461112},"geometry":{"type":"Polygon","coordinates":[[[16.502909,43.52632],[16.502895,43.526287],[16.502788,43.526311],[16.5028,43.526345],[16.502909,43.52632]]]}},{"type":"Feature","properties":{"tlocrt":7.52703448},"geometry":{"type":"Polygon","coordinates":[[[16.502707,43.526342],[16.502701,43.526331],[16.502635,43.526346],[16.50264,43.526357],[16.502707,43.526342]]]}},{"type":"Feature","properties":{"tlocrt":17.88502052,"korisna":2.99999999},"geometry":{"type":"Polygon","coordinates":[[[16.502649,43.52604],[16.502646,43.526013],[16.502568,43.52602],[16.50257,43.526034],[16.502575,43.526034],[16.502577,43.526045],[16.502649,43.52604]]]}},{"type":"Feature","properties":{"tlocrt":94.12234601,"korisna":55.64062501},"geometry":{"type":"Polygon","coordinates":[[[16.502514,43.527267],[16.502509,43.527222],[16.502282,43.527237],[16.502287,43.527283],[16.502514,43.527267]]]}},{"type":"Feature","properties":{"tlocrt":39.48149192,"korisna":20.64062501},"geometry":{"type":"Polygon","coordinates":[[[16.503147,43.527792],[16.503142,43.52774],[16.503056,43.527747],[16.503063,43.527798],[16.503147,43.527792]]]}},{"type":"Feature","properties":{"tlocrt":32.49629625,"korisna":17.76007259},"geometry":{"type":"Polygon","coordinates":[[[16.502273,43.527656],[16.50227,43.527625],[16.502158,43.527627],[16.50216,43.52766],[16.502273,43.527656]]]}},{"type":"Feature","properties":{"tlocrt":9.74652437,"korisna":0.08735327},"geometry":{"type":"Polygon","coordinates":[[[16.501949,43.527702],[16.501948,43.527675],[16.501908,43.527676],[16.501909,43.527703],[16.501949,43.527702]]]}},{"type":"Feature","properties":{"tlocrt":8.6158435},"geometry":{"type":"Polygon","coordinates":[[[16.50149,43.52771],[16.501489,43.527686],[16.50145,43.527687],[16.50145,43.527711],[16.50149,43.52771]]]}},{"type":"Feature","properties":{"tlocrt":7.85323433,"korisna":3.95427916},"geometry":{"type":"Polygon","coordinates":[[[16.503467,43.526536],[16.503461,43.5265],[16.503436,43.526503],[16.503444,43.526539],[16.503467,43.526536]]]}},{"type":"Feature","properties":{"tlocrt":10.89053472,"korisna":5.08074358},"geometry":{"type":"Polygon","coordinates":[[[16.503444,43.526539],[16.503438,43.52651],[16.503396,43.526514],[16.503404,43.526543],[16.503444,43.526539]]]}},{"type":"Feature","properties":{"tlocrt":55.90030576,"korisna":45.56095799},"geometry":{"type":"Polygon","coordinates":[[[16.503642,43.526208],[16.503627,43.526157],[16.503511,43.526175],[16.503528,43.526227],[16.503642,43.526208]]]}},{"type":"Feature","properties":{"tlocrt":9.2724529},"geometry":{"type":"Polygon","coordinates":[[[16.503483,43.525911],[16.503475,43.52589],[16.503472,43.525891],[16.503473,43.525892],[16.503428,43.525904],[16.503438,43.525924],[16.503483,43.525911]]]}},{"type":"Feature","properties":{"tlocrt":134.01057268,"korisna":52.63929985},"geometry":{"type":"Polygon","coordinates":[[[16.503474,43.525611],[16.503539,43.525588],[16.503458,43.525471],[16.503356,43.525508],[16.50338,43.525544],[16.503363,43.52555],[16.503388,43.525588],[16.503406,43.525582],[16.503423,43.525607],[16.503462,43.525593],[16.503474,43.525611]]]}},{"type":"Feature","properties":{"tlocrt":10.94009216,"korisna":0.06888471},"geometry":{"type":"Polygon","coordinates":[[[16.503365,43.52562],[16.50333,43.52558],[16.503309,43.52559],[16.503341,43.52563],[16.503365,43.52562]]]}},{"type":"Feature","properties":{"tlocrt":4.64022792},"geometry":{"type":"Polygon","coordinates":[[[16.503377,43.525636],[16.503362,43.525621],[16.503341,43.52563],[16.503345,43.525634],[16.50334,43.525636],[16.503351,43.525647],[16.503377,43.525636]]]}},{"type":"Feature","properties":{"tlocrt":17.42755696,"korisna":4.99999999},"geometry":{"type":"Polygon","coordinates":[[[16.503084,43.525733],[16.503064,43.525682],[16.503028,43.525689],[16.503048,43.525739],[16.503084,43.525733]]]}},{"type":"Feature","properties":{"tlocrt":13.89028142,"korisna":3.98840967},"geometry":{"type":"Polygon","coordinates":[[[16.503084,43.525603],[16.503069,43.525584],[16.503008,43.525608],[16.503023,43.525627],[16.503084,43.525603]]]}},{"type":"Feature","properties":{"tlocrt":13.75414366,"korisna":0.85569503},"geometry":{"type":"Polygon","coordinates":[[[16.502924,43.526065],[16.502906,43.526014],[16.502889,43.526017],[16.502892,43.526023],[16.50288,43.526026],[16.502893,43.526071],[16.502924,43.526065]]]}},{"type":"Feature","properties":{"tlocrt":33.55822823},"geometry":{"type":"Polygon","coordinates":[[[16.502569,43.525726],[16.502577,43.525655],[16.502534,43.525652],[16.502533,43.525658],[16.502523,43.525657],[16.502518,43.525723],[16.502569,43.525726]]]}},{"type":"Feature","properties":{"tlocrt":13.63655681,"korisna":7.83473532},"geometry":{"type":"Polygon","coordinates":[[[16.502194,43.525321],[16.502185,43.525269],[16.502157,43.525271],[16.502166,43.525326],[16.502175,43.525325],[16.502175,43.525322],[16.502194,43.525321]]]}},{"type":"Feature","properties":{"tlocrt":20.10568774,"korisna":6.00000001},"geometry":{"type":"Polygon","coordinates":[[[16.501192,43.525374],[16.501141,43.525365],[16.501111,43.525397],[16.501153,43.525417],[16.501192,43.525374]]]}},{"type":"Feature","properties":{"tlocrt":59.71606148,"korisna":33.85384893},"geometry":{"type":"Polygon","coordinates":[[[16.501717,43.525469],[16.50164,43.525438],[16.501626,43.525453],[16.501667,43.52547],[16.501639,43.525505],[16.501645,43.525508],[16.501613,43.525551],[16.501672,43.525575],[16.501702,43.525536],[16.501675,43.525525],[16.501717,43.525469]]]}},{"type":"Feature","properties":{"tlocrt":123.19744624,"korisna":69.64062497},"geometry":{"type":"Polygon","coordinates":[[[16.502092,43.525065],[16.501975,43.525054],[16.501953,43.52516],[16.502086,43.525174],[16.502099,43.525106],[16.502082,43.525104],[16.502092,43.525065]]]}},{"type":"Feature","properties":{"tlocrt":1.61254948},"geometry":{"type":"Polygon","coordinates":[[[16.501557,43.525119],[16.501531,43.525116],[16.50153,43.525123],[16.501555,43.525126],[16.501557,43.525119]]]}},{"type":"Feature","properties":{"tlocrt":37.57438646,"korisna":9.7817251},"geometry":{"type":"Polygon","coordinates":[[[16.501137,43.524792],[16.501156,43.524717],[16.501095,43.524716],[16.501092,43.52473],[16.501096,43.524729],[16.501082,43.524785],[16.501137,43.524792]]]}},{"type":"Feature","properties":{"tlocrt":3.42752297,"korisna":0.22042124},"geometry":{"type":"Polygon","coordinates":[[[16.501095,43.524716],[16.501071,43.524715],[16.501071,43.524735],[16.501092,43.52473],[16.501095,43.524716]]]}},{"type":"Feature","properties":{"tlocrt":17.04294962,"korisna":12.85517595},"geometry":{"type":"Polygon","coordinates":[[[16.501168,43.524796],[16.501082,43.524785],[16.50105,43.5248],[16.501163,43.524815],[16.501168,43.524796]]]}},{"type":"Feature","properties":{"tlocrt":15.18361839,"korisna":0.54058785},"geometry":{"type":"Polygon","coordinates":[[[16.501799,43.524943],[16.501807,43.524904],[16.501797,43.524902],[16.501793,43.524917],[16.501774,43.524915],[16.501773,43.524917],[16.501742,43.524913],[16.501736,43.524935],[16.501799,43.524943]]]}},{"type":"Feature","properties":{"tlocrt":25.5563399,"korisna":7.024215},"geometry":{"type":"Polygon","coordinates":[[[16.501784,43.524871],[16.501722,43.524864],[16.501712,43.524909],[16.501773,43.524917],[16.501784,43.524871]]]}},{"type":"Feature","properties":{"tlocrt":20.35723711,"korisna":3.27998466},"geometry":{"type":"Polygon","coordinates":[[[16.501963,43.52486],[16.501926,43.524855],[16.50191,43.524915],[16.501947,43.52492],[16.501963,43.52486]]]}},{"type":"Feature","properties":{"tlocrt":10.21537341,"korisna":3.90968616},"geometry":{"type":"Polygon","coordinates":[[[16.50218,43.524466],[16.502168,43.524428],[16.502139,43.524433],[16.502151,43.52447],[16.50218,43.524466]]]}},{"type":"Feature","properties":{"tlocrt":10.71287559,"korisna":2.34634216},"geometry":{"type":"Polygon","coordinates":[[[16.502345,43.524698],[16.502337,43.524682],[16.502293,43.524694],[16.502291,43.52469],[16.502276,43.524694],[16.502287,43.524717],[16.502302,43.524713],[16.502301,43.52471],[16.502345,43.524698]]]}},{"type":"Feature","properties":{"tlocrt":20.16691843,"korisna":6.64062501},"geometry":{"type":"Polygon","coordinates":[[[16.5021,43.524737],[16.502095,43.524708],[16.502017,43.524715],[16.502019,43.524735],[16.502032,43.524734],[16.502034,43.524743],[16.5021,43.524737]]]}},{"type":"Feature","properties":{"tlocrt":15.00546157,"korisna":4.53681457},"geometry":{"type":"Polygon","coordinates":[[[16.502565,43.524674],[16.502544,43.524632],[16.502509,43.52464],[16.50253,43.524682],[16.502565,43.524674]]]}},{"type":"Feature","properties":{"tlocrt":62.39119235,"korisna":0.9364195},"geometry":{"type":"Polygon","coordinates":[[[16.502902,43.523719],[16.502901,43.523706],[16.50293,43.523705],[16.502923,43.523647],[16.502811,43.523655],[16.502819,43.523712],[16.502858,43.52371],[16.502859,43.523721],[16.502902,43.523719]]]}},{"type":"Feature","properties":{"tlocrt":49.6245701,"korisna":33.586548},"geometry":{"type":"Polygon","coordinates":[[[16.502923,43.523647],[16.502916,43.523592],[16.502863,43.523595],[16.502864,43.523608],[16.502805,43.523613],[16.502811,43.523655],[16.502923,43.523647]]]}},{"type":"Feature","properties":{"tlocrt":23.05173609,"korisna":10.52572478},"geometry":{"type":"Polygon","coordinates":[[[16.50264,43.523663],[16.502634,43.523611],[16.502585,43.523615],[16.50259,43.523666],[16.50264,43.523663]]]}},{"type":"Feature","properties":{"tlocrt":30.29078828,"korisna":6.00000001},"geometry":{"type":"Polygon","coordinates":[[[16.50219,43.523289],[16.50218,43.523242],[16.502108,43.523251],[16.502118,43.523295],[16.50219,43.523289]]]}},{"type":"Feature","properties":{"tlocrt":13.56374484,"korisna":1.83831807},"geometry":{"type":"Polygon","coordinates":[[[16.502809,43.523263],[16.502851,43.523257],[16.502845,43.523233],[16.502785,43.52324],[16.502789,43.523262],[16.502809,43.52326],[16.502809,43.523263]]]}},{"type":"Feature","properties":{"tlocrt":30.39297081,"korisna":21.80334262},"geometry":{"type":"Polygon","coordinates":[[[16.502787,43.523254],[16.502785,43.52324],[16.502781,43.52324],[16.502771,43.523201],[16.50271,43.523209],[16.502723,43.523262],[16.502787,43.523254]]]}},{"type":"Feature","properties":{"tlocrt":25.97318672,"korisna":11.84451286},"geometry":{"type":"Polygon","coordinates":[[[16.502852,43.523232],[16.502842,43.523192],[16.502771,43.523201],[16.502781,43.52324],[16.502852,43.523232]]]}},{"type":"Feature","properties":{"tlocrt":5.1594135,"korisna":0.59921945},"geometry":{"type":"Polygon","coordinates":[[[16.504356,43.526611],[16.504355,43.526602],[16.504297,43.526604],[16.504298,43.526615],[16.504356,43.526611]]]}},{"type":"Feature","properties":{"tlocrt":15.90289865,"korisna":8.0898815},"geometry":{"type":"Polygon","coordinates":[[[16.504018,43.526373],[16.503991,43.526322],[16.503961,43.52633],[16.503988,43.526382],[16.504014,43.526375],[16.504013,43.526374],[16.504018,43.526373]]]}},{"type":"Feature","properties":{"tlocrt":44.49603003,"korisna":4.03142052},"geometry":{"type":"Polygon","coordinates":[[[16.504254,43.526343],[16.504235,43.526306],[16.504116,43.526338],[16.504135,43.526375],[16.504254,43.526343]]]}},{"type":"Feature","properties":{"tlocrt":67.92115562,"korisna":58.6084587},"geometry":{"type":"Polygon","coordinates":[[[16.504235,43.526306],[16.504206,43.52625],[16.504088,43.526282],[16.504116,43.526338],[16.504235,43.526306]]]}},{"type":"Feature","properties":{"tlocrt":17.51025122,"korisna":7.54920314},"geometry":{"type":"Polygon","coordinates":[[[16.504407,43.526412],[16.504397,43.526379],[16.504341,43.526387],[16.50435,43.52642],[16.504407,43.526412]]]}},{"type":"Feature","properties":{"tlocrt":29.66319161,"korisna":13.00000002},"geometry":{"type":"Polygon","coordinates":[[[16.504554,43.526092],[16.504553,43.526022],[16.504493,43.526036],[16.504494,43.52604],[16.504498,43.52604],[16.504512,43.526097],[16.504554,43.526092]]]}},{"type":"Feature","properties":{"tlocrt":12.76843932,"korisna":3.68732336},"geometry":{"type":"Polygon","coordinates":[[[16.504251,43.526095],[16.504238,43.526057],[16.5042,43.526065],[16.504211,43.526088],[16.504215,43.526088],[16.504221,43.526102],[16.504251,43.526095]]]}},{"type":"Feature","properties":{"tlocrt":11.61247949,"korisna":3.93593717},"geometry":{"type":"Polygon","coordinates":[[[16.504121,43.526109],[16.504118,43.526102],[16.504082,43.52611],[16.504105,43.526165],[16.504122,43.526161],[16.504105,43.526121],[16.50412,43.526117],[16.504117,43.52611],[16.504121,43.526109]]]}},{"type":"Feature","properties":{"tlocrt":7.16752964},"geometry":{"type":"Polygon","coordinates":[[[16.503758,43.526021],[16.503751,43.52601],[16.503691,43.526032],[16.503699,43.526042],[16.503758,43.526021]]]}},{"type":"Feature","properties":{"tlocrt":9.63840189,"korisna":4.55858846},"geometry":{"type":"Polygon","coordinates":[[[16.503494,43.525666],[16.503471,43.525633],[16.503447,43.525641],[16.503468,43.525676],[16.503494,43.525666]]]}},{"type":"Feature","properties":{"tlocrt":14.03930283,"korisna":9.62619845},"geometry":{"type":"Polygon","coordinates":[[[16.504285,43.525922],[16.504284,43.52592],[16.50425,43.525928],[16.504271,43.525977],[16.504276,43.525975],[16.504275,43.525974],[16.5043,43.525968],[16.504281,43.525923],[16.504285,43.525922]]]}},{"type":"Feature","properties":{"tlocrt":14.89974157,"korisna":8.59241002},"geometry":{"type":"Polygon","coordinates":[[[16.50431,43.526819],[16.504284,43.526801],[16.504238,43.526834],[16.504262,43.526852],[16.50431,43.526819]]]}},{"type":"Feature","properties":{"tlocrt":12.10173073,"korisna":4.31506543},"geometry":{"type":"Polygon","coordinates":[[[16.504092,43.526875],[16.504105,43.526868],[16.504111,43.526873],[16.504121,43.526866],[16.504074,43.526828],[16.504065,43.526833],[16.504069,43.526837],[16.504056,43.526845],[16.504092,43.526875]]]}},{"type":"Feature","properties":{"tlocrt":35.26376892},"geometry":{"type":"Polygon","coordinates":[[[16.503553,43.526857],[16.503539,43.526818],[16.503459,43.526832],[16.503464,43.526846],[16.503445,43.526849],[16.503454,43.526876],[16.503553,43.526857]]]}},{"type":"Feature","properties":{"tlocrt":86.67034031,"korisna":54.99999999},"geometry":{"type":"Polygon","coordinates":[[[16.503484,43.526978],[16.503473,43.526898],[16.503353,43.526908],[16.503365,43.526988],[16.503484,43.526978]]]}},{"type":"Feature","properties":{"tlocrt":154.66746191,"korisna":112.69921554},"geometry":{"type":"Polygon","coordinates":[[[16.504353,43.527547],[16.504433,43.527386],[16.504393,43.527375],[16.50437,43.527418],[16.5043,43.527399],[16.504238,43.527518],[16.504353,43.527547]]]}},{"type":"Feature","properties":{"tlocrt":16.32883286,"korisna":9.17420265},"geometry":{"type":"Polygon","coordinates":[[[16.504786,43.52509],[16.504769,43.525067],[16.504707,43.525091],[16.504724,43.525114],[16.504786,43.52509]]]}},{"type":"Feature","properties":{"tlocrt":7.36845756},"geometry":{"type":"Polygon","coordinates":[[[16.50458,43.525169],[16.504565,43.525145],[16.504552,43.52515],[16.504562,43.525162],[16.504531,43.525174],[16.504534,43.525187],[16.50458,43.525169]]]}},{"type":"Feature","properties":{"tlocrt":16.57347413,"korisna":8.22503288},"geometry":{"type":"Polygon","coordinates":[[[16.504449,43.525065],[16.50452,43.525038],[16.50451,43.525026],[16.504462,43.525044],[16.504446,43.525021],[16.504421,43.52503],[16.504449,43.525065]]]}},{"type":"Feature","properties":{"tlocrt":16.99742944,"korisna":8.20836731},"geometry":{"type":"Polygon","coordinates":[[[16.50459,43.525136],[16.504566,43.525101],[16.504522,43.525119],[16.504548,43.525152],[16.50459,43.525136]]]}},{"type":"Feature","properties":{"tlocrt":2.2451754},"geometry":{"type":"Polygon","coordinates":[[[16.505123,43.525187],[16.505117,43.525178],[16.505094,43.525185],[16.505101,43.525194],[16.505123,43.525187]]]}},{"type":"Feature","properties":{"tlocrt":3.05549597},"geometry":{"type":"Polygon","coordinates":[[[16.505117,43.525178],[16.505105,43.525163],[16.505092,43.525167],[16.505096,43.525173],[16.505088,43.525176],[16.505094,43.525185],[16.505117,43.525178]]]}},{"type":"Feature","properties":{"tlocrt":6.75386964,"korisna":0.44710517},"geometry":{"type":"Polygon","coordinates":[[[16.505118,43.525159],[16.505101,43.525133],[16.505077,43.525143],[16.505092,43.525167],[16.505118,43.525159]]]}},{"type":"Feature","properties":{"tlocrt":45.51178931,"korisna":29.47019234},"geometry":{"type":"Polygon","coordinates":[[[16.505123,43.525125],[16.505069,43.525042],[16.505018,43.52506],[16.50506,43.525123],[16.505064,43.525122],[16.505077,43.525143],[16.505123,43.525125]]]}},{"type":"Feature","properties":{"tlocrt":41.29763568,"korisna":31.58863357},"geometry":{"type":"Polygon","coordinates":[[[16.505032,43.525194],[16.50498,43.525115],[16.504933,43.525132],[16.504984,43.52521],[16.505032,43.525194]]]}},{"type":"Feature","properties":{"tlocrt":43.91565371,"korisna":32.15512398},"geometry":{"type":"Polygon","coordinates":[[[16.504932,43.525218],[16.504909,43.525184],[16.504794,43.525227],[16.504819,43.525261],[16.504932,43.525218]]]}},{"type":"Feature","properties":{"tlocrt":61.59559262,"korisna":13.42688158},"geometry":{"type":"Polygon","coordinates":[[[16.504947,43.52524],[16.504932,43.525218],[16.504819,43.525261],[16.504857,43.525311],[16.504952,43.525273],[16.504947,43.52524]]]}},{"type":"Feature","properties":{"tlocrt":2.89776805},"geometry":{"type":"Polygon","coordinates":[[[16.504702,43.525373],[16.504695,43.525363],[16.504669,43.525373],[16.504675,43.525383],[16.504702,43.525373]]]}},{"type":"Feature","properties":{"tlocrt":13.86854665},"geometry":{"type":"Polygon","coordinates":[[[16.504281,43.525525],[16.504263,43.525494],[16.504223,43.525506],[16.504235,43.525527],[16.504229,43.525529],[16.504237,43.525539],[16.504281,43.525525]]]}},{"type":"Feature","properties":{"tlocrt":9.53275971,"korisna":3.44898936},"geometry":{"type":"Polygon","coordinates":[[[16.503989,43.525419],[16.503966,43.525388],[16.503939,43.525399],[16.503961,43.52543],[16.503989,43.525419]]]}},{"type":"Feature","properties":{"tlocrt":6.97459348,"korisna":0.30506953},"geometry":{"type":"Polygon","coordinates":[[[16.503972,43.525645],[16.504016,43.525627],[16.504017,43.525628],[16.504019,43.525627],[16.504009,43.525614],[16.503963,43.525631],[16.503972,43.525645]]]}},{"type":"Feature","properties":{"tlocrt":10.04790255},"geometry":{"type":"Polygon","coordinates":[[[16.503599,43.525585],[16.50357,43.52555],[16.503548,43.52556],[16.503573,43.525596],[16.503599,43.525585]]]}},{"type":"Feature","properties":{"tlocrt":62.97556406,"korisna":42.92430584},"geometry":{"type":"Polygon","coordinates":[[[16.503919,43.525496],[16.503866,43.525433],[16.503827,43.525447],[16.503845,43.525474],[16.50378,43.525499],[16.503803,43.525532],[16.50382,43.525537],[16.503919,43.525496]]]}},{"type":"Feature","properties":{"tlocrt":23.89267368,"korisna":5.55349674},"geometry":{"type":"Polygon","coordinates":[[[16.504147,43.52517],[16.504115,43.525132],[16.504064,43.525155],[16.504097,43.525193],[16.504147,43.52517]]]}},{"type":"Feature","properties":{"tlocrt":16.06504437,"korisna":5.02309152},"geometry":{"type":"Polygon","coordinates":[[[16.503884,43.525149],[16.503868,43.525127],[16.503806,43.525151],[16.503822,43.525173],[16.503884,43.525149]]]}},{"type":"Feature","properties":{"tlocrt":12.1128737},"geometry":{"type":"Polygon","coordinates":[[[16.50376,43.52538],[16.503752,43.52537],[16.503747,43.525372],[16.503728,43.525346],[16.503701,43.525355],[16.503725,43.525392],[16.50376,43.52538]]]}},{"type":"Feature","properties":{"tlocrt":11.83173644,"korisna":1.64038086},"geometry":{"type":"Polygon","coordinates":[[[16.503649,43.525329],[16.503617,43.525299],[16.503591,43.52531],[16.503614,43.525343],[16.503649,43.525329]]]}},{"type":"Feature","properties":{"tlocrt":4.69171425},"geometry":{"type":"Polygon","coordinates":[[[16.503532,43.525398],[16.503524,43.52539],[16.503498,43.525401],[16.503515,43.525423],[16.503528,43.525418],[16.503517,43.525404],[16.503532,43.525398]]]}},{"type":"Feature","properties":{"tlocrt":42.63742715,"korisna":22.96409499},"geometry":{"type":"Polygon","coordinates":[[[16.50466,43.524813],[16.504769,43.524811],[16.50477,43.524814],[16.504773,43.524814],[16.504773,43.524771],[16.504654,43.524773],[16.504656,43.524817],[16.50466,43.524817],[16.50466,43.524813]]]}},{"type":"Feature","properties":{"tlocrt":71.07090857,"korisna":14.03590502},"geometry":{"type":"Polygon","coordinates":[[[16.504772,43.524885],[16.504769,43.524811],[16.50466,43.524813],[16.504661,43.524847],[16.504667,43.524847],[16.504668,43.524887],[16.504772,43.524885]]]}},{"type":"Feature","properties":{"tlocrt":10.47194649,"korisna":5.91501167},"geometry":{"type":"Polygon","coordinates":[[[16.504941,43.524683],[16.504906,43.524683],[16.504908,43.524717],[16.504942,43.524716],[16.504941,43.524683]]]}},{"type":"Feature","properties":{"tlocrt":11.07367053,"korisna":1.42266616},"geometry":{"type":"Polygon","coordinates":[[[16.504921,43.524524],[16.50492,43.524487],[16.504886,43.524489],[16.504888,43.524525],[16.504921,43.524524]]]}},{"type":"Feature","properties":{"tlocrt":14.6887017},"geometry":{"type":"Polygon","coordinates":[[[16.505289,43.524361],[16.505286,43.524337],[16.505233,43.524338],[16.505233,43.524342],[16.505218,43.524343],[16.505217,43.524363],[16.505289,43.524361]]]}},{"type":"Feature","properties":{"tlocrt":2.22630635},"geometry":{"type":"Polygon","coordinates":[[[16.505316,43.524287],[16.505315,43.524264],[16.505304,43.524264],[16.505305,43.524286],[16.505316,43.524287]]]}},{"type":"Feature","properties":{"tlocrt":5.38454845},"geometry":{"type":"Polygon","coordinates":[[[16.505302,43.524327],[16.505299,43.524289],[16.505284,43.524289],[16.505285,43.524327],[16.505302,43.524327]]]}},{"type":"Feature","properties":{"tlocrt":2.5797135,"korisna":0.82235654},"geometry":{"type":"Polygon","coordinates":[[[16.505298,43.524263],[16.505297,43.524246],[16.50528,43.524246],[16.505281,43.524263],[16.505298,43.524263]]]}},{"type":"Feature","properties":{"tlocrt":35.200496,"korisna":22.51658755},"geometry":{"type":"Polygon","coordinates":[[[16.505153,43.524106],[16.505145,43.524065],[16.505051,43.524075],[16.50506,43.524116],[16.505153,43.524106]]]}},{"type":"Feature","properties":{"tlocrt":8.14271463,"korisna":0.02278047},"geometry":{"type":"Polygon","coordinates":[[[16.50567,43.524237],[16.50567,43.524235],[16.505666,43.524235],[16.505665,43.524206],[16.505636,43.524206],[16.505637,43.524237],[16.50567,43.524237]]]}},{"type":"Feature","properties":{"tlocrt":39.97428969,"korisna":25.27710147},"geometry":{"type":"Polygon","coordinates":[[[16.505727,43.52471],[16.505635,43.524685],[16.505619,43.52473],[16.505718,43.524754],[16.505721,43.524746],[16.505713,43.524743],[16.505727,43.52471]]]}},{"type":"Feature","properties":{"tlocrt":61.29463212,"korisna":42.3632788},"geometry":{"type":"Polygon","coordinates":[[[16.505721,43.524755],[16.505619,43.52473],[16.505621,43.524782],[16.505618,43.524782],[16.505619,43.524807],[16.505699,43.524826],[16.50571,43.524802],[16.505701,43.5248],[16.505721,43.524755]]]}},{"type":"Feature","properties":{"tlocrt":13.5218583,"korisna":5.91163007},"geometry":{"type":"Polygon","coordinates":[[[16.505346,43.524903],[16.505343,43.524883],[16.50527,43.524889],[16.505272,43.524909],[16.505346,43.524903]]]}},{"type":"Feature","properties":{"tlocrt":13.0249815,"korisna":6.46179486},"geometry":{"type":"Polygon","coordinates":[[[16.505495,43.525303],[16.505481,43.525253],[16.505453,43.525258],[16.505468,43.525308],[16.505495,43.525303]]]}},{"type":"Feature","properties":{"tlocrt":11.16345117,"korisna":1.37017151},"geometry":{"type":"Polygon","coordinates":[[[16.505747,43.525239],[16.505741,43.525197],[16.505712,43.525199],[16.505718,43.525241],[16.505747,43.525239]]]}},{"type":"Feature","properties":{"tlocrt":11.59503675,"korisna":1.33064517},"geometry":{"type":"Polygon","coordinates":[[[16.506186,43.525069],[16.506185,43.525046],[16.506153,43.525047],[16.506154,43.525051],[16.506124,43.525052],[16.506125,43.525071],[16.506186,43.525069]]]}},{"type":"Feature","properties":{"tlocrt":27.74561442,"korisna":11.93338973},"geometry":{"type":"Polygon","coordinates":[[[16.506208,43.524621],[16.506193,43.52462],[16.506189,43.524661],[16.506268,43.524665],[16.506271,43.524626],[16.506208,43.524623],[16.506208,43.524621]]]}},{"type":"Feature","properties":{"tlocrt":32.5777238,"korisna":3.0681093},"geometry":{"type":"Polygon","coordinates":[[[16.506346,43.52462],[16.506272,43.524617],[16.506268,43.524665],[16.506341,43.52467],[16.506346,43.52462]]]}},{"type":"Feature","properties":{"tlocrt":77.29166013,"korisna":54.99850104},"geometry":{"type":"Polygon","coordinates":[[[16.506271,43.524626],[16.506272,43.524617],[16.506346,43.52462],[16.506351,43.524562],[16.506214,43.524556],[16.506208,43.524623],[16.506271,43.524626]]]}},{"type":"Feature","properties":{"tlocrt":20.03430182,"korisna":3.95984663},"geometry":{"type":"Polygon","coordinates":[[[16.506151,43.52452],[16.506091,43.524519],[16.506088,43.524556],[16.506147,43.524557],[16.506151,43.52452]]]}},{"type":"Feature","properties":{"tlocrt":9.35567372},"geometry":{"type":"Polygon","coordinates":[[[16.506097,43.524564],[16.506074,43.524562],[16.506072,43.524608],[16.506095,43.524609],[16.506097,43.524564]]]}},{"type":"Feature","properties":{"tlocrt":94.16561138,"korisna":50.63282438},"geometry":{"type":"Polygon","coordinates":[[[16.506135,43.524322],[16.506039,43.524304],[16.506035,43.524315],[16.506037,43.524322],[16.50602,43.524368],[16.506013,43.524371],[16.506003,43.524399],[16.506046,43.524408],[16.506041,43.524421],[16.506096,43.524432],[16.506135,43.524322]]]}},{"type":"Feature","properties":{"tlocrt":16.77282231,"korisna":9.33728687},"geometry":{"type":"Polygon","coordinates":[[[16.506035,43.524315],[16.506006,43.52431],[16.505988,43.524367],[16.506013,43.524371],[16.50602,43.524368],[16.506037,43.524322],[16.506035,43.524315]]]}},{"type":"Feature","properties":{"tlocrt":11.25668253,"korisna":3.29593346},"geometry":{"type":"Polygon","coordinates":[[[16.505792,43.524455],[16.50576,43.524451],[16.505753,43.524489],[16.505785,43.524493],[16.505792,43.524455]]]}},{"type":"Feature","properties":{"tlocrt":8.04288422},"geometry":{"type":"Polygon","coordinates":[[[16.507264,43.527207],[16.507259,43.527159],[16.507239,43.527161],[16.507246,43.527208],[16.507264,43.527207]]]}},{"type":"Feature","properties":{"tlocrt":11.28175999,"korisna":9.25807915},"geometry":{"type":"Polygon","coordinates":[[[16.506912,43.527185],[16.506907,43.527141],[16.506878,43.527143],[16.506884,43.527187],[16.506912,43.527185]]]}},{"type":"Feature","properties":{"tlocrt":20.48772716,"korisna":4.58203125},"geometry":{"type":"Polygon","coordinates":[[[16.504846,43.523068],[16.504875,43.523065],[16.504876,43.523067],[16.5049,43.523065],[16.504899,43.523063],[16.504925,43.52306],[16.504918,43.523032],[16.50484,43.523041],[16.504846,43.523068]]]}},{"type":"Feature","properties":{"tlocrt":13.49553905,"korisna":6.58265911},"geometry":{"type":"Polygon","coordinates":[[[16.505618,43.52331],[16.505614,43.523263],[16.505583,43.523264],[16.505586,43.523311],[16.505618,43.52331]]]}},{"type":"Feature","properties":{"tlocrt":12.79477261,"korisna":3.94464245},"geometry":{"type":"Polygon","coordinates":[[[16.50849,43.524476],[16.508478,43.524456],[16.508425,43.524459],[16.508437,43.52449],[16.50849,43.524476]]]}},{"type":"Feature","properties":{"tlocrt":43.83528075,"korisna":24.88225225},"geometry":{"type":"Polygon","coordinates":[[[16.508532,43.524547],[16.508497,43.524474],[16.508437,43.52449],[16.508472,43.524562],[16.508532,43.524547]]]}},{"type":"Feature","properties":{"tlocrt":7.64578739},"geometry":{"type":"Polygon","coordinates":[[[16.494524,43.527633],[16.494488,43.527625],[16.494478,43.527648],[16.494513,43.527655],[16.494524,43.527633]]]}},{"type":"Feature","properties":{"tlocrt":10.83795102},"geometry":{"type":"Polygon","coordinates":[[[16.493083,43.52646],[16.493035,43.52637],[16.493022,43.526373],[16.493072,43.526464],[16.493083,43.52646]]]}},{"type":"Feature","properties":{"tlocrt":131.85515218,"korisna":101.84244825},"geometry":{"type":"Polygon","coordinates":[[[16.501143,43.526691],[16.501072,43.526603],[16.500948,43.526657],[16.501019,43.526744],[16.501143,43.526691]]]}},{"type":"Feature","properties":{"tlocrt":13.62358676,"korisna":6.96269973},"geometry":{"type":"Polygon","coordinates":[[[16.502877,43.526677],[16.502813,43.526675],[16.502813,43.5267],[16.502877,43.5267],[16.502877,43.526677]]]}},{"type":"Feature","properties":{"tlocrt":27.94262221,"korisna":4.99999999},"geometry":{"type":"Polygon","coordinates":[[[16.503372,43.525919],[16.503361,43.525898],[16.503295,43.525913],[16.503294,43.525945],[16.503312,43.525955],[16.503369,43.525941],[16.503359,43.525921],[16.503372,43.525919]]]}},{"type":"Feature","properties":{"tlocrt":39.09948484,"korisna":25.57878166},"geometry":{"type":"Polygon","coordinates":[[[16.493018,43.525628],[16.493018,43.525617],[16.493,43.525617],[16.492999,43.525562],[16.492921,43.525563],[16.492922,43.5256],[16.492934,43.525601],[16.492935,43.525614],[16.492955,43.525614],[16.492955,43.525604],[16.492968,43.525605],[16.49297,43.525629],[16.493018,43.525628]]]}},{"type":"Feature","properties":{"tlocrt":24.17035319,"korisna":3},"geometry":{"type":"Polygon","coordinates":[[[16.494633,43.525103],[16.494628,43.52508],[16.494605,43.525081],[16.494603,43.525071],[16.494581,43.525074],[16.494601,43.525145],[16.494639,43.52514],[16.494627,43.525104],[16.494633,43.525103]]]}},{"type":"Feature","properties":{"tlocrt":28.74661224,"korisna":13.77919158},"geometry":{"type":"Polygon","coordinates":[[[16.495263,43.526579],[16.495203,43.526573],[16.495193,43.526626],[16.495251,43.526632],[16.495263,43.526579]]]}},{"type":"Feature","properties":{"tlocrt":19.6664026,"korisna":4.33094457},"geometry":{"type":"Polygon","coordinates":[[[16.495246,43.52666],[16.495194,43.526655],[16.495187,43.526697],[16.495237,43.526702],[16.495246,43.52666]]]}},{"type":"Feature","properties":{"tlocrt":5.88469143},"geometry":{"type":"Polygon","coordinates":[[[16.495392,43.527117],[16.495372,43.527115],[16.495366,43.527147],[16.495387,43.527148],[16.495392,43.527117]]]}},{"type":"Feature","properties":{"tlocrt":65.07861602,"korisna":40.95475694},"geometry":{"type":"Polygon","coordinates":[[[16.499841,43.528134],[16.499786,43.528126],[16.499749,43.528252],[16.499805,43.52826],[16.499841,43.528134]]]}},{"type":"Feature","properties":{"tlocrt":88.29797516,"korisna":38.97004385},"geometry":{"type":"Polygon","coordinates":[[[16.501071,43.524735],[16.501071,43.524715],[16.500999,43.524715],[16.500888,43.524725],[16.500914,43.524832],[16.500965,43.52484],[16.500948,43.524756],[16.501004,43.524751],[16.501071,43.524735]]]}},{"type":"Feature","properties":{"tlocrt":97.35815742,"korisna":18.41235773},"geometry":{"type":"Polygon","coordinates":[[[16.501163,43.524815],[16.500954,43.524787],[16.500965,43.524841],[16.50115,43.52487],[16.501163,43.524815]]]}},{"type":"Feature","properties":{"tlocrt":16.01297752,"korisna":5.03856337},"geometry":{"type":"Polygon","coordinates":[[[16.504101,43.525571],[16.50407,43.525521],[16.504039,43.52553],[16.504073,43.525581],[16.504101,43.525571]]]}},{"type":"Feature","properties":{"tlocrt":21.8667652,"korisna":13.5689397},"geometry":{"type":"Polygon","coordinates":[[[16.494025,43.526971],[16.494037,43.526939],[16.493968,43.526925],[16.493955,43.526961],[16.493969,43.526964],[16.49397,43.52696],[16.494025,43.526971]]]}},{"type":"Feature","properties":{"tlocrt":76.52562835,"korisna":35.29824141},"geometry":{"type":"Polygon","coordinates":[[[16.498041,43.529118],[16.498041,43.52905],[16.497917,43.52905],[16.497917,43.529119],[16.498041,43.529118]]]}},{"type":"Feature","properties":{"tlocrt":16.40755663,"korisna":7.30769072},"geometry":{"type":"Polygon","coordinates":[[[16.501151,43.524794],[16.501157,43.524768],[16.501171,43.524769],[16.501186,43.524717],[16.501156,43.524717],[16.501137,43.524792],[16.501151,43.524794]]]}},{"type":"Feature","properties":{"tlocrt":8.53782294,"korisna":0.46771902},"geometry":{"type":"Polygon","coordinates":[[[16.497048,43.529088],[16.497046,43.529074],[16.49699,43.529078],[16.496989,43.529074],[16.496985,43.529075],[16.496989,43.529097],[16.497003,43.529096],[16.497002,43.529092],[16.497048,43.529088]]]}},{"type":"Feature","properties":{"tlocrt":22.23234769,"korisna":9.42794544},"geometry":{"type":"Polygon","coordinates":[[[16.497045,43.529069],[16.49704,43.52903],[16.496984,43.529034],[16.496989,43.529074],[16.49699,43.529078],[16.497046,43.529074],[16.497045,43.529069]]]}},{"type":"Feature","properties":{"tlocrt":9.70586751,"korisna":1.95219985},"geometry":{"type":"Polygon","coordinates":[[[16.497157,43.529082],[16.497203,43.52908],[16.497203,43.529082],[16.497218,43.529081],[16.497215,43.529058],[16.497211,43.529059],[16.497212,43.529062],[16.497154,43.529066],[16.497157,43.529082]]]}},{"type":"Feature","properties":{"tlocrt":23.46869279,"korisna":12.87233098},"geometry":{"type":"Polygon","coordinates":[[[16.497211,43.529059],[16.497205,43.529018],[16.497146,43.529022],[16.497153,43.529062],[16.497154,43.529066],[16.497212,43.529062],[16.497211,43.529059]]]}},{"type":"Feature","properties":{"tlocrt":15.18142686,"korisna":3.10887846},"geometry":{"type":"Polygon","coordinates":[[[16.504562,43.525162],[16.504552,43.52515],[16.504548,43.525152],[16.504531,43.52513],[16.504522,43.525119],[16.504523,43.525118],[16.504522,43.525116],[16.504494,43.525126],[16.504505,43.52514],[16.504531,43.525174],[16.504562,43.525162]]]}}]}