{"type":"FeatureCollection","name":"Objekti_SPLIT_objekti_2D_v1","crs":{"type":"name","properties":{"name":"urn:ogc:def:crs:OGC:1.3:CRS84"}},"xy_coordinate_resolution":0.000001,"features":[{"type":"Feature","properties":{"krov":"ROOF_FLAT","visina":3.214,"kota_dna":19.458,"kota_vrha":22.672,"tlocrt":31.77282095,"obujam":39.09168974},"geometry":{"type":"Polygon","coordinates":[[[16.487184,43.524042],[16.487183,43.52403],[16.487152,43.524032],[16.487153,43.524037],[16.487155,43.524045],[16.487184,43.524042]]]}},{"type":"Feature","properties":{"krov":"ROOF_FLAT","visina":8.7519,"kota_dna":19.27,"kota_vrha":28.0219,"tlocrt":53.28039788,"obujam":51.75319055},"geometry":{"type":"Polygon","coordinates":[[[16.48702,43.524059],[16.487019,43.524051],[16.486996,43.524053],[16.486996,43.524056],[16.486997,43.524062],[16.48702,43.524059]]]}},{"type":"Feature","properties":{"krov":"ROOF_FLAT","visina":3.3305,"kota_dna":15.15,"kota_vrha":18.4805,"tlocrt":59.25405,"obujam":90.06099787},"geometry":{"type":"Polygon","coordinates":[[[16.489774,43.527592],[16.489762,43.527592],[16.489763,43.527585],[16.489748,43.527584],[16.489743,43.527622],[16.48977,43.527623],[16.489774,43.527592]]]}},{"type":"Feature","properties":{"krov":"ROOF_FLAT","visina":5.8583,"kota_dna":16.153,"kota_vrha":22.0113,"tlocrt":324.3215151,"obujam":13.4607768},"geometry":{"type":"Polygon","coordinates":[[[16.48982,43.527486],[16.489822,43.527473],[16.489677,43.527465],[16.489672,43.527504],[16.489668,43.527504],[16.489663,43.527537],[16.48966,43.527556],[16.48966,43.527558],[16.489682,43.527559],[16.489691,43.527478],[16.48982,43.527486]]]}},{"type":"Feature","properties":{"krov":"ROOF_FLAT","visina":2.8007,"kota_dna":17.946,"kota_vrha":20.7467,"tlocrt":36.77834644,"obujam":22.98133154},"geometry":{"type":"Polygon","coordinates":[[[16.489406,43.527369],[16.489358,43.527366],[16.489357,43.527376],[16.489404,43.527379],[16.489406,43.527369]]]}},{"type":"Feature","properties":{"krov":"ROOF_FLAT","visina":2.3105,"kota_dna":19.141,"kota_vrha":21.4515,"tlocrt":87.91292566,"obujam":182.99725345},"geometry":{"type":"Polygon","coordinates":[[[16.489788,43.526468],[16.489791,43.526478],[16.489799,43.526501],[16.489804,43.526517],[16.489805,43.526519],[16.489849,43.52651],[16.489832,43.526458],[16.489788,43.526468]]]}},{"type":"Feature","properties":{"krov":"ROOF_FLAT","visina":2.6158,"kota_dna":19.791,"kota_vrha":22.4068,"tlocrt":120.8965579,"obujam":34.8007608},"geometry":{"type":"Polygon","coordinates":[[[16.489805,43.526519],[16.489804,43.526517],[16.489698,43.526539],[16.489708,43.526567],[16.489814,43.526546],[16.489805,43.526519]]]}},{"type":"Feature","properties":{"krov":"ROOF_FLAT","visina":5.6978,"kota_dna":19.498,"kota_vrha":25.1958,"tlocrt":217.61349359,"obujam":24.47674392},"geometry":{"type":"Polygon","coordinates":[[[16.48969,43.526696],[16.489685,43.526667],[16.489681,43.526641],[16.489693,43.52664],[16.489712,43.526638],[16.48973,43.526636],[16.489726,43.526607],[16.489676,43.526611],[16.48966,43.526612],[16.489676,43.526697],[16.48969,43.526696]]]}},{"type":"Feature","properties":{"krov":"ROOF_FLAT","visina":6.5176,"kota_dna":21.09,"kota_vrha":27.6076,"tlocrt":57.72136392,"obujam":20.82830835},"geometry":{"type":"Polygon","coordinates":[[[16.489826,43.526628],[16.489822,43.526606],[16.489806,43.526607],[16.489809,43.52663],[16.489826,43.526628]]]}},{"type":"Feature","properties":{"krov":"ROOF_FLAT","visina":3.3381,"kota_dna":16.231,"kota_vrha":19.5691,"tlocrt":103.57955032,"obujam":686.82396724},"geometry":{"type":"Polygon","coordinates":[[[16.489023,43.525764],[16.489033,43.525797],[16.489034,43.525798],[16.489099,43.525783],[16.489086,43.52575],[16.489023,43.525764]]]}},{"type":"Feature","properties":{"krov":"ROOF_FLAT","visina":2.7255,"kota_dna":17.415,"kota_vrha":20.1405,"tlocrt":123.91233508,"obujam":9.52111875},"geometry":{"type":"Polygon","coordinates":[[[16.489204,43.525643],[16.48922,43.52567],[16.489164,43.525686],[16.489146,43.525691],[16.48916,43.525717],[16.489165,43.525718],[16.489218,43.525702],[16.489239,43.525682],[16.489215,43.525639],[16.489204,43.525643]]]}},{"type":"Feature","properties":{"krov":"ROOF_FLAT","visina":1.5185,"kota_dna":18.149,"kota_vrha":19.6675,"tlocrt":21.92336694,"obujam":106.97081081},"geometry":{"type":"Polygon","coordinates":[[[16.487359,43.524205],[16.487328,43.524206],[16.487328,43.524221],[16.48736,43.524221],[16.487359,43.524205]]]}},{"type":"Feature","properties":{"krov":"ROOF_FLAT","visina":5.7624,"kota_dna":19.091,"kota_vrha":24.8534,"tlocrt":57.32417084,"obujam":86.03722964},"geometry":{"type":"Polygon","coordinates":[[[16.487002,43.524108],[16.486999,43.524099],[16.486981,43.524101],[16.486971,43.524102],[16.48696,43.524103],[16.486962,43.524113],[16.487002,43.524108]]]}},{"type":"Feature","properties":{"krov":"ROOF_FLAT","visina":6.0778,"kota_dna":19.375,"kota_vrha":25.4528,"tlocrt":146.3435547,"obujam":892.47319993},"geometry":{"type":"Polygon","coordinates":[[[16.487149,43.524038],[16.487149,43.524033],[16.487018,43.524043],[16.487018,43.524048],[16.487149,43.524038]]]}},{"type":"Feature","properties":{"krov":"ROOF_FLAT","visina":3.959,"kota_dna":14.778,"kota_vrha":18.737,"tlocrt":294.0166832,"obujam":45.06549151},"geometry":{"type":"Polygon","coordinates":[[[16.48952,43.527466],[16.489538,43.527466],[16.489538,43.527464],[16.489634,43.527468],[16.489582,43.527449],[16.489578,43.527403],[16.489542,43.527384],[16.489481,43.527386],[16.489479,43.52742],[16.489482,43.527432],[16.489501,43.527467],[16.48952,43.527466]]]}},{"type":"Feature","properties":{"krov":"ROOF_FLAT","visina":10.5905,"kota_dna":14.307,"kota_vrha":24.8975,"tlocrt":832.31608447,"obujam":1125.23522421},"geometry":{"type":"Polygon","coordinates":[[[16.489625,43.527618],[16.489628,43.527554],[16.489634,43.527468],[16.489538,43.527464],[16.489538,43.527466],[16.48952,43.527466],[16.489514,43.527581],[16.489614,43.527632],[16.489624,43.527633],[16.489625,43.527618]]]}},{"type":"Feature","properties":{"krov":"ROOF_FLAT","visina":2.9977,"kota_dna":19.148,"kota_vrha":22.1457,"tlocrt":109.69612261,"obujam":1582.51766925},"geometry":{"type":"Polygon","coordinates":[[[16.489676,43.526697],[16.48966,43.526612],[16.489676,43.526611],[16.489675,43.526609],[16.489639,43.526612],[16.489655,43.526699],[16.489676,43.526697]]]}},{"type":"Feature","properties":{"krov":"ROOF_NOT_FLAT","visina":9.2476,"kota_dna":19.08,"kota_vrha":28.3276,"tlocrt":444.13948747,"obujam":1161.11906111},"geometry":{"type":"Polygon","coordinates":[[[16.48696,43.524103],[16.486971,43.524102],[16.486981,43.524101],[16.486999,43.524099],[16.487002,43.524108],[16.487026,43.524107],[16.487025,43.524098],[16.48702,43.524059],[16.486997,43.524062],[16.486996,43.524056],[16.486925,43.524063],[16.486926,43.52407],[16.486883,43.524074],[16.486885,43.524085],[16.486885,43.52409],[16.48689,43.52412],[16.486905,43.524119],[16.486911,43.524118],[16.486943,43.524115],[16.486941,43.524105],[16.48696,43.524103]]]}},{"type":"Feature","properties":{"krov":"ROOF_NOT_FLAT","visina":9.449,"kota_dna":12.692,"kota_vrha":22.141,"tlocrt":16303.9407427,"obujam":62.28558819},"geometry":{"type":"Polygon","coordinates":[[[16.489088,43.52832],[16.48909,43.528293],[16.489091,43.52828],[16.48797,43.528241],[16.487964,43.528351],[16.487957,43.528464],[16.48795,43.528576],[16.487943,43.528688],[16.487936,43.5288],[16.487929,43.528911],[16.488172,43.528919],[16.4883,43.528924],[16.488426,43.528928],[16.489047,43.528949],[16.489055,43.52884],[16.489062,43.528727],[16.489069,43.528616],[16.489076,43.528503],[16.489084,43.52839],[16.489088,43.52832]]]}},{"type":"Feature","properties":{"krov":"ROOF_NOT_FLAT","visina":6.1523,"kota_dna":19.095,"kota_vrha":25.2473,"tlocrt":247.13110649,"obujam":1887.93390976},"geometry":{"type":"Polygon","coordinates":[[[16.489804,43.526517],[16.489799,43.526501],[16.489791,43.526478],[16.489788,43.526468],[16.48968,43.526489],[16.489687,43.526506],[16.489692,43.526522],[16.489698,43.526539],[16.489804,43.526517]]]}},{"type":"Feature","properties":{"krov":"ROOF_NOT_FLAT","visina":6.6071,"kota_dna":16.478,"kota_vrha":23.0851,"tlocrt":334.91431745,"obujam":6102.64583048},"geometry":{"type":"Polygon","coordinates":[[[16.489357,43.527376],[16.489358,43.527366],[16.489359,43.527361],[16.489223,43.52735],[16.489204,43.527348],[16.489201,43.527373],[16.489198,43.527397],[16.489352,43.527409],[16.489356,43.527382],[16.489357,43.527376]]]}},{"type":"Feature","properties":{"krov":"ROOF_NOT_FLAT","visina":9.1169,"kota_dna":19.61,"kota_vrha":28.7269,"tlocrt":596.56820564,"obujam":716.93478007},"geometry":{"type":"Polygon","coordinates":[[[16.489721,43.526695],[16.489717,43.526666],[16.489743,43.526663],[16.489749,43.526692],[16.489834,43.526683],[16.489829,43.526653],[16.489826,43.526628],[16.489809,43.52663],[16.489806,43.526607],[16.489805,43.5266],[16.489767,43.526603],[16.489726,43.526607],[16.48973,43.526636],[16.489712,43.526638],[16.489693,43.52664],[16.489681,43.526641],[16.489685,43.526667],[16.48969,43.526696],[16.48969,43.526698],[16.489721,43.526695]]]}},{"type":"Feature","properties":{"krov":"ROOF_NOT_FLAT","visina":6.9787,"kota_dna":14.337,"kota_vrha":21.3157,"tlocrt":494.07736878,"obujam":836.6738869},"geometry":{"type":"Polygon","coordinates":[[[16.488749,43.526184],[16.488765,43.526183],[16.488818,43.526177],[16.488809,43.526137],[16.488818,43.526136],[16.488802,43.526068],[16.488766,43.526072],[16.488767,43.52608],[16.488746,43.526082],[16.488692,43.526088],[16.488699,43.526127],[16.488688,43.526128],[16.4887,43.52619],[16.488749,43.526184]]]}},{"type":"Feature","properties":{"krov":"ROOF_NOT_FLAT","visina":5.5918,"kota_dna":16.062,"kota_vrha":21.6538,"tlocrt":96.32908244,"obujam":467.62673131},"geometry":{"type":"Polygon","coordinates":[[[16.489033,43.525797],[16.489023,43.525764],[16.489,43.525768],[16.488977,43.525771],[16.488987,43.525803],[16.48901,43.5258],[16.489033,43.525797]]]}},{"type":"Feature","properties":{"krov":"ROOF_NOT_FLAT","visina":6.5067,"kota_dna":17.349,"kota_vrha":23.8557,"tlocrt":354.31778434,"obujam":306.76326227},"geometry":{"type":"Polygon","coordinates":[[[16.489204,43.525643],[16.48916,43.525571],[16.489106,43.525586],[16.489133,43.525634],[16.489115,43.525639],[16.489146,43.525691],[16.489164,43.525686],[16.48922,43.52567],[16.489204,43.525643]]]}},{"type":"Feature","properties":{"krov":"ROOF_NOT_FLAT","visina":8.6557,"kota_dna":19.323,"kota_vrha":27.9787,"tlocrt":182.00106983,"obujam":1409.46423665},"geometry":{"type":"Polygon","coordinates":[[[16.487184,43.524042],[16.487155,43.524045],[16.487161,43.524087],[16.487162,43.524089],[16.487164,43.524105],[16.487193,43.524102],[16.487191,43.524087],[16.487184,43.524042]]]}},{"type":"Feature","properties":{"krov":"ROOF_NOT_FLAT","visina":10.9577,"kota_dna":17.768,"kota_vrha":28.7257,"tlocrt":663.26990538,"obujam":724.01400992},"geometry":{"type":"Polygon","coordinates":[[[16.487164,43.524105],[16.487162,43.524089],[16.487161,43.524087],[16.487155,43.524045],[16.487153,43.524037],[16.487149,43.524038],[16.487018,43.524048],[16.487019,43.524051],[16.48702,43.524059],[16.487025,43.524098],[16.487026,43.524107],[16.487031,43.52414],[16.487168,43.52413],[16.487164,43.524105]]]}},{"type":"Feature","properties":{"krov":"ROOF_NOT_FLAT","visina":9.8841,"kota_dna":15.671,"kota_vrha":25.5551,"tlocrt":6256.04769549,"obujam":1266.1128761},"geometry":{"type":"Polygon","coordinates":[[[16.487679,43.529227],[16.487674,43.529287],[16.488341,43.529312],[16.488723,43.529332],[16.488728,43.529267],[16.487679,43.529227]]]}},{"type":"Feature","properties":{"krov":"ROOF_NOT_FLAT","visina":4.2841,"kota_dna":12.67,"kota_vrha":16.9541,"tlocrt":454.62690721,"obujam":365.37788457},"geometry":{"type":"Polygon","coordinates":[[[16.489151,43.529003],[16.489171,43.529011],[16.489216,43.529028],[16.489336,43.528866],[16.489292,43.528848],[16.489273,43.528841],[16.489151,43.529003]]]}},{"type":"Feature","properties":{"krov":"ROOF_NOT_FLAT","visina":3.4169,"kota_dna":16.295,"kota_vrha":19.7119,"tlocrt":59.20014758,"obujam":28.11209925},"geometry":{"type":"Polygon","coordinates":[[[16.489809,43.527566],[16.489769,43.527564],[16.489766,43.527586],[16.489763,43.527585],[16.489762,43.527592],[16.489774,43.527592],[16.489803,43.527594],[16.489809,43.527566]]]}},{"type":"Feature","properties":{"krov":"ROOF_NOT_FLAT","visina":7.4763,"kota_dna":14.34,"kota_vrha":21.8163,"tlocrt":265.58100891,"obujam":10.61031289},"geometry":{"type":"Polygon","coordinates":[[[16.489704,43.527579],[16.489706,43.527561],[16.489682,43.527559],[16.48966,43.527558],[16.48966,43.527556],[16.489628,43.527554],[16.489625,43.527618],[16.489689,43.52762],[16.489693,43.527578],[16.489704,43.527579]]]}},{"type":"Feature","properties":{"krov":"ROOF_NOT_FLAT","visina":5.8178,"kota_dna":16.152,"kota_vrha":21.9698,"tlocrt":142.0102259,"obujam":105.03665377},"geometry":{"type":"Polygon","coordinates":[[[16.489677,43.527465],[16.489653,43.527463],[16.489644,43.527535],[16.489663,43.527537],[16.489668,43.527504],[16.489672,43.527504],[16.489677,43.527465]]]}},{"type":"Feature","properties":{"krov":"ROOF_NOT_FLAT","visina":8.721,"kota_dna":16.047,"kota_vrha":24.768,"tlocrt":488.32221728,"obujam":30.99699782},"geometry":{"type":"Polygon","coordinates":[[[16.489809,43.527566],[16.48982,43.527486],[16.489691,43.527478],[16.489682,43.527559],[16.489706,43.527561],[16.489704,43.527579],[16.489704,43.527581],[16.489748,43.527584],[16.489763,43.527585],[16.489766,43.527586],[16.489769,43.527564],[16.489809,43.527566]]]}},{"type":"Feature","properties":{"krov":"ROOF_NOT_FLAT","visina":3.3082,"kota_dna":18.255,"kota_vrha":21.5632,"tlocrt":86.14855731,"obujam":87.65211989},"geometry":{"type":"Polygon","coordinates":[[[16.489367,43.527327],[16.489362,43.527361],[16.489359,43.527361],[16.489358,43.527366],[16.489406,43.527369],[16.48941,43.527369],[16.489413,43.527342],[16.489401,43.527341],[16.489402,43.527329],[16.489367,43.527327]]]}},{"type":"Feature","properties":{"krov":"ROOF_NOT_FLAT","visina":3.421,"kota_dna":18.166,"kota_vrha":21.587,"tlocrt":186.89505877,"obujam":223.50257591},"geometry":{"type":"Polygon","coordinates":[[[16.489367,43.527327],[16.48923,43.527315],[16.489223,43.52735],[16.489359,43.527361],[16.489362,43.527361],[16.489367,43.527327]]]}},{"type":"Feature","properties":{"krov":"ROOF_NOT_FLAT","visina":8.8759,"kota_dna":19.75,"kota_vrha":28.6259,"tlocrt":130.32250818,"obujam":2385.65945418},"geometry":{"type":"Polygon","coordinates":[[[16.489749,43.526692],[16.489743,43.526663],[16.489717,43.526666],[16.489721,43.526695],[16.489723,43.526704],[16.489751,43.526701],[16.489749,43.526692]]]}},{"type":"Feature","properties":{"krov":"ROOF_NOT_FLAT","visina":2.6955,"kota_dna":16.125,"kota_vrha":18.8205,"tlocrt":101.98930424,"obujam":416.9242654},"geometry":{"type":"Polygon","coordinates":[[[16.489221,43.525896],[16.489195,43.525844],[16.489146,43.525857],[16.489173,43.525909],[16.489221,43.525896]]]}},{"type":"Feature","properties":{"krov":"ROOF_NOT_FLAT","visina":7.1406,"kota_dna":17.209,"kota_vrha":24.3496,"tlocrt":242.99952635,"obujam":409.58180724},"geometry":{"type":"Polygon","coordinates":[[[16.489115,43.525639],[16.489133,43.525634],[16.489106,43.525586],[16.489102,43.525578],[16.489035,43.525598],[16.489063,43.525654],[16.489115,43.525639]]]}},{"type":"Feature","properties":{"krov":"ROOF_NOT_FLAT","visina":2.2458,"kota_dna":12.165,"kota_vrha":14.4108,"tlocrt":103.28689113,"obujam":1050.89745301},"geometry":{"type":"Polygon","coordinates":[[[16.48831,43.524803],[16.488265,43.524764],[16.488214,43.524788],[16.488259,43.524829],[16.48831,43.524803]]]}},{"type":"Feature","properties":{"krov":"ROOF_NOT_FLAT","visina":2.7734,"kota_dna":14.722,"kota_vrha":17.4954,"tlocrt":216.70350912,"obujam":5932.0467759},"geometry":{"type":"Polygon","coordinates":[[[16.487345,43.524794],[16.487237,43.524769],[16.487207,43.524838],[16.487301,43.524859],[16.487345,43.524794]]]}},{"type":"Feature","properties":{"krov":"ROOF_NOT_FLAT","visina":2.8022,"kota_dna":14.708,"kota_vrha":17.5102,"tlocrt":216.93282319,"obujam":232.37350808},"geometry":{"type":"Polygon","coordinates":[[[16.487473,43.524936],[16.487476,43.524902],[16.487519,43.524904],[16.487526,43.524853],[16.487476,43.524846],[16.487471,43.524868],[16.487402,43.524864],[16.487408,43.524934],[16.487473,43.524936]]]}},{"type":"Feature","properties":{"krov":"ROOF_NOT_FLAT","visina":1.9862,"kota_dna":18.119,"kota_vrha":20.1052,"tlocrt":72.98595216,"obujam":103.56181335},"geometry":{"type":"Polygon","coordinates":[[[16.487328,43.524206],[16.487359,43.524205],[16.487359,43.524171],[16.487292,43.524172],[16.487293,43.524207],[16.487328,43.524206]]]}},{"type":"Feature","properties":{"krov":"ROOF_NOT_FLAT","visina":2.1692,"kota_dna":12.614,"kota_vrha":14.7832,"tlocrt":43.16866077,"obujam":404.78634842},"geometry":{"type":"Polygon","coordinates":[[[16.48909,43.528293],[16.489088,43.52832],[16.489126,43.528321],[16.489128,43.528296],[16.48909,43.528293]]]}},{"type":"Feature","properties":{"krov":"ROOF_NOT_FLAT","visina":3.2453,"kota_dna":12.651,"kota_vrha":15.8963,"tlocrt":155.02430605,"obujam":533.42691087},"geometry":{"type":"Polygon","coordinates":[[[16.489216,43.529028],[16.489171,43.529011],[16.489151,43.529003],[16.489147,43.529001],[16.489111,43.529051],[16.489179,43.529078],[16.489216,43.529028]]]}},{"type":"Feature","properties":{"krov":"ROOF_NOT_FLAT","visina":3.8201,"kota_dna":12.692,"kota_vrha":16.5121,"tlocrt":163.99502466,"obujam":349.51137121},"geometry":{"type":"Polygon","coordinates":[[[16.489179,43.529078],[16.489111,43.529051],[16.489076,43.529099],[16.489147,43.529126],[16.489179,43.529078]]]}},{"type":"Feature","properties":{"krov":"ROOF_NOT_FLAT","visina":7.1266,"kota_dna":12.813,"kota_vrha":19.9396,"tlocrt":3223.07085627,"obujam":659.28604604},"geometry":{"type":"Polygon","coordinates":[[[16.488417,43.529087],[16.48829,43.529083],[16.488163,43.529078],[16.487795,43.529065],[16.487791,43.529143],[16.489032,43.529188],[16.489037,43.529109],[16.488417,43.529087]]]}},{"type":"Feature","properties":{"krov":"ROOF_FLAT","visina":14.7094,"kota_dna":33.875,"kota_vrha":48.5844,"tlocrt":255.11610813,"obujam":61.41784938},"geometry":{"type":"Polygon","coordinates":[[[16.495747,43.528977],[16.495699,43.529004],[16.495706,43.529025],[16.495734,43.529022],[16.495756,43.529005],[16.495747,43.528977]]]}},{"type":"Feature","properties":{"krov":"ROOF_FLAT","visina":11.78,"kota_dna":53.33,"kota_vrha":65.11,"tlocrt":1851.42581675,"obujam":92.76439401},"geometry":{"type":"Polygon","coordinates":[[[16.499939,43.522866],[16.499939,43.522705],[16.499878,43.522722],[16.499939,43.522866]]]}},{"type":"Feature","properties":{"krov":"ROOF_FLAT","visina":3.2479,"kota_dna":45.948,"kota_vrha":49.1959,"tlocrt":214.78025538,"obujam":63.32183881},"geometry":{"type":"Polygon","coordinates":[[[16.497807,43.521436],[16.497769,43.521396],[16.497662,43.52145],[16.497701,43.521489],[16.497807,43.521436]]]}},{"type":"Feature","properties":{"krov":"ROOF_FLAT","visina":5.9272,"kota_dna":47.162,"kota_vrha":53.0892,"tlocrt":474.45152877,"obujam":8.1569342},"geometry":{"type":"Polygon","coordinates":[[[16.498163,43.521284],[16.498192,43.521316],[16.498199,43.521325],[16.498298,43.521279],[16.49822,43.52119],[16.498121,43.521237],[16.498163,43.521284]]]}},{"type":"Feature","properties":{"krov":"ROOF_FLAT","visina":3.0032,"kota_dna":46.886,"kota_vrha":49.8892,"tlocrt":188.401986,"obujam":153.40588831},"geometry":{"type":"Polygon","coordinates":[[[16.498192,43.521316],[16.498163,43.521284],[16.498124,43.521301],[16.498112,43.521287],[16.498055,43.521314],[16.498072,43.521333],[16.498095,43.521359],[16.498192,43.521316]]]}},{"type":"Feature","properties":{"krov":"ROOF_FLAT","visina":3.6579,"kota_dna":47.698,"kota_vrha":51.3559,"tlocrt":377.96652381,"obujam":82.2953794},"geometry":{"type":"Polygon","coordinates":[[[16.498477,43.521195],[16.498407,43.521092],[16.49831,43.521128],[16.498381,43.52123],[16.498477,43.521195]]]}},{"type":"Feature","properties":{"krov":"ROOF_FLAT","visina":6.1663,"kota_dna":46.352,"kota_vrha":52.5183,"tlocrt":110.91858859,"obujam":237.23982513},"geometry":{"type":"Polygon","coordinates":[[[16.498366,43.520821],[16.498358,43.520812],[16.498336,43.520814],[16.498319,43.520819],[16.498304,43.520826],[16.498292,43.520835],[16.498299,43.520846],[16.498366,43.520821]]]}},{"type":"Feature","properties":{"krov":"ROOF_FLAT","visina":3.0778,"kota_dna":40.08,"kota_vrha":43.1578,"tlocrt":93.69939985,"obujam":517.88509838},"geometry":{"type":"Polygon","coordinates":[[[16.496838,43.521031],[16.496839,43.520984],[16.496819,43.520984],[16.496817,43.520984],[16.496814,43.520984],[16.496813,43.520992],[16.496792,43.520992],[16.496791,43.521005],[16.496791,43.521031],[16.496838,43.521032],[16.496838,43.521031]]]}},{"type":"Feature","properties":{"krov":"ROOF_FLAT","visina":2.521,"kota_dna":26.679,"kota_vrha":29.2,"tlocrt":32.06079767,"obujam":77.80209906},"geometry":{"type":"Polygon","coordinates":[[[16.491892,43.522994],[16.491882,43.522981],[16.49185,43.522995],[16.491861,43.523007],[16.491892,43.522994]]]}},{"type":"Feature","properties":{"krov":"ROOF_FLAT","visina":2.9856,"kota_dna":26.531,"kota_vrha":29.5166,"tlocrt":336.3222482,"obujam":43.23926516},"geometry":{"type":"Polygon","coordinates":[[[16.491852,43.52301],[16.491789,43.522886],[16.491732,43.522901],[16.49176,43.522955],[16.491721,43.522965],[16.491759,43.523037],[16.491852,43.52301]]]}},{"type":"Feature","properties":{"krov":"ROOF_FLAT","visina":3.25,"kota_dna":27.675,"kota_vrha":30.925,"tlocrt":103.0918955,"obujam":100.66379661},"geometry":{"type":"Polygon","coordinates":[[[16.491848,43.52277],[16.491827,43.522729],[16.491776,43.522743],[16.491797,43.522784],[16.491848,43.52277]]]}},{"type":"Feature","properties":{"krov":"ROOF_FLAT","visina":6.6727,"kota_dna":27.891,"kota_vrha":34.5637,"tlocrt":179.04410215,"obujam":14.63291999},"geometry":{"type":"Polygon","coordinates":[[[16.49316,43.522135],[16.49317,43.522132],[16.493156,43.522106],[16.493074,43.522128],[16.493086,43.522154],[16.49316,43.522135]]]}},{"type":"Feature","properties":{"krov":"ROOF_FLAT","visina":3.704,"kota_dna":27.896,"kota_vrha":31.6,"tlocrt":92.87835116,"obujam":55.16365704},"geometry":{"type":"Polygon","coordinates":[[[16.493086,43.522154],[16.493074,43.522128],[16.493012,43.522144],[16.493025,43.522169],[16.493086,43.522154]]]}},{"type":"Feature","properties":{"krov":"ROOF_FLAT","visina":3.2217,"kota_dna":27.457,"kota_vrha":30.6787,"tlocrt":52.88688939,"obujam":26.57767315},"geometry":{"type":"Polygon","coordinates":[[[16.493156,43.522106],[16.49317,43.522132],[16.49316,43.522135],[16.493162,43.52214],[16.49319,43.522133],[16.493175,43.522101],[16.493156,43.522106]]]}},{"type":"Feature","properties":{"krov":"ROOF_FLAT","visina":2.062,"kota_dna":22.742,"kota_vrha":24.804,"tlocrt":75.4999916,"obujam":55.67724523},"geometry":{"type":"Polygon","coordinates":[[[16.493244,43.5232],[16.493221,43.523159],[16.493176,43.523171],[16.493198,43.523213],[16.493244,43.5232]]]}},{"type":"Feature","properties":{"krov":"ROOF_FLAT","visina":3.0834,"kota_dna":24.223,"kota_vrha":27.3064,"tlocrt":212.61054911,"obujam":10.44775237},"geometry":{"type":"Polygon","coordinates":[[[16.493979,43.522897],[16.49395,43.522835],[16.493854,43.522858],[16.493884,43.522919],[16.493979,43.522897]]]}},{"type":"Feature","properties":{"krov":"ROOF_FLAT","visina":2.151,"kota_dna":28.349,"kota_vrha":30.5,"tlocrt":166.24787594,"obujam":150.94944198},"geometry":{"type":"Polygon","coordinates":[[[16.494729,43.522603],[16.494727,43.522581],[16.494596,43.522587],[16.494613,43.522631],[16.494734,43.522626],[16.494733,43.522613],[16.494729,43.522603]]]}},{"type":"Feature","properties":{"krov":"ROOF_FLAT","visina":1.888,"kota_dna":28.812,"kota_vrha":30.7,"tlocrt":99.76626241,"obujam":4164.91183527},"geometry":{"type":"Polygon","coordinates":[[[16.494958,43.522611],[16.494943,43.52257],[16.49487,43.522572],[16.494872,43.522613],[16.494958,43.522611]]]}},{"type":"Feature","properties":{"krov":"ROOF_FLAT","visina":2.5871,"kota_dna":26.607,"kota_vrha":29.1941,"tlocrt":111.53542892,"obujam":1582.69924564},"geometry":{"type":"Polygon","coordinates":[[[16.493691,43.522548],[16.493668,43.52251],[16.493598,43.522534],[16.49362,43.52257],[16.493691,43.522548]]]}},{"type":"Feature","properties":{"krov":"ROOF_FLAT","visina":2.9697,"kota_dna":28.403,"kota_vrha":31.3727,"tlocrt":87.36494723,"obujam":823.19371142},"geometry":{"type":"Polygon","coordinates":[[[16.493986,43.522442],[16.493998,43.522478],[16.494044,43.52247],[16.494029,43.522427],[16.493984,43.522437],[16.493986,43.522442]]]}},{"type":"Feature","properties":{"krov":"ROOF_FLAT","visina":6.92,"kota_dna":25.78,"kota_vrha":32.7,"tlocrt":197.63547099,"obujam":18.0790632},"geometry":{"type":"Polygon","coordinates":[[[16.493344,43.528201],[16.493344,43.528157],[16.493279,43.528155],[16.493279,43.528157],[16.493281,43.528204],[16.493344,43.528201]]]}},{"type":"Feature","properties":{"krov":"ROOF_FLAT","visina":7.2961,"kota_dna":27.485,"kota_vrha":34.7811,"tlocrt":173.4028687,"obujam":25.28963315},"geometry":{"type":"Polygon","coordinates":[[[16.493147,43.527848],[16.493147,43.527838],[16.493074,43.527835],[16.493071,43.527872],[16.493099,43.527872],[16.493102,43.527847],[16.493147,43.527848]]]}},{"type":"Feature","properties":{"krov":"ROOF_FLAT","visina":6.5561,"kota_dna":27.7,"kota_vrha":34.2561,"tlocrt":182.33029911,"obujam":66.97463309},"geometry":{"type":"Polygon","coordinates":[[[16.493298,43.527864],[16.493284,43.527862],[16.493282,43.527866],[16.493268,43.527865],[16.49325,43.527937],[16.493278,43.527941],[16.493298,43.527864]]]}},{"type":"Feature","properties":{"krov":"ROOF_FLAT","visina":3.7479,"kota_dna":25.617,"kota_vrha":29.3649,"tlocrt":101.70977706,"obujam":16.73193121},"geometry":{"type":"Polygon","coordinates":[[[16.49275,43.527442],[16.492615,43.527459],[16.492617,43.527465],[16.492751,43.527448],[16.49275,43.527442]]]}},{"type":"Feature","properties":{"krov":"ROOF_FLAT","visina":3.8797,"kota_dna":26.002,"kota_vrha":29.8817,"tlocrt":170.61729915,"obujam":66.36008373},"geometry":{"type":"Polygon","coordinates":[[[16.492722,43.527516],[16.492722,43.52752],[16.492738,43.52752],[16.492732,43.527564],[16.492797,43.527569],[16.492797,43.52755],[16.492785,43.527501],[16.49272,43.527505],[16.492722,43.527516]]]}},{"type":"Feature","properties":{"krov":"ROOF_FLAT","visina":2.6943,"kota_dna":29.634,"kota_vrha":32.3283,"tlocrt":86.71925836,"obujam":153.68577881},"geometry":{"type":"Polygon","coordinates":[[[16.493094,43.527525],[16.493095,43.527518],[16.493058,43.527516],[16.493049,43.527571],[16.493085,43.527575],[16.493091,43.527541],[16.493094,43.527525]]]}},{"type":"Feature","properties":{"krov":"ROOF_FLAT","visina":2.762,"kota_dna":27.238,"kota_vrha":30,"tlocrt":133.34957517,"obujam":38.00243383},"geometry":{"type":"Polygon","coordinates":[[[16.493889,43.52801],[16.493888,43.527987],[16.493886,43.527961],[16.49381,43.527962],[16.493807,43.52801],[16.493889,43.52801]]]}},{"type":"Feature","properties":{"krov":"ROOF_FLAT","visina":1.5279,"kota_dna":24.947,"kota_vrha":26.4749,"tlocrt":35.60951044,"obujam":433.0407616},"geometry":{"type":"Polygon","coordinates":[[[16.494245,43.528701],[16.494227,43.528672],[16.494204,43.528676],[16.494213,43.528696],[16.494221,43.528713],[16.494245,43.528701]]]}},{"type":"Feature","properties":{"krov":"ROOF_FLAT","visina":6.6693,"kota_dna":33.68,"kota_vrha":40.3493,"tlocrt":804.79608987,"obujam":112.59032842},"geometry":{"type":"Polygon","coordinates":[[[16.495654,43.528839],[16.495694,43.528813],[16.49565,43.528776],[16.49537,43.528963],[16.495416,43.528997],[16.495654,43.528839]]]}},{"type":"Feature","properties":{"krov":"ROOF_FLAT","visina":3.741,"kota_dna":27.359,"kota_vrha":31.1,"tlocrt":479.58221291,"obujam":69.1005442},"geometry":{"type":"Polygon","coordinates":[[[16.490002,43.522792],[16.489988,43.52277],[16.489977,43.522774],[16.489936,43.522704],[16.489782,43.522755],[16.489795,43.522775],[16.489795,43.522776],[16.489837,43.522821],[16.489849,43.522841],[16.490002,43.522792]]]}},{"type":"Feature","properties":{"krov":"ROOF_FLAT","visina":4.2397,"kota_dna":25.821,"kota_vrha":30.0607,"tlocrt":128.91509796,"obujam":156.00560463},"geometry":{"type":"Polygon","coordinates":[[[16.493071,43.522813],[16.493049,43.522775],[16.492991,43.522792],[16.493012,43.52283],[16.493071,43.522813]]]}},{"type":"Feature","properties":{"krov":"ROOF_FLAT","visina":4.0157,"kota_dna":26.045,"kota_vrha":30.0607,"tlocrt":124.76842597,"obujam":115.07428037},"geometry":{"type":"Polygon","coordinates":[[[16.493008,43.52283],[16.492988,43.522792],[16.492928,43.522808],[16.492949,43.522847],[16.493008,43.52283]]]}},{"type":"Feature","properties":{"krov":"ROOF_FLAT","visina":2.9695,"kota_dna":35.876,"kota_vrha":38.8455,"tlocrt":79.3900149,"obujam":2411.94017805},"geometry":{"type":"Polygon","coordinates":[[[16.496996,43.522668],[16.497018,43.522694],[16.497027,43.522704],[16.497053,43.522692],[16.497012,43.522646],[16.496988,43.522659],[16.496996,43.522668]]]}},{"type":"Feature","properties":{"krov":"ROOF_FLAT","visina":2.8066,"kota_dna":35.854,"kota_vrha":38.6606,"tlocrt":44.30536414,"obujam":498.12080935},"geometry":{"type":"Polygon","coordinates":[[[16.497018,43.522694],[16.496996,43.522668],[16.496975,43.522678],[16.496997,43.522704],[16.497018,43.522694]]]}},{"type":"Feature","properties":{"krov":"ROOF_FLAT","visina":3.1033,"kota_dna":36.223,"kota_vrha":39.3263,"tlocrt":83.60442609,"obujam":44.36954102},"geometry":{"type":"Polygon","coordinates":[[[16.497204,43.522617],[16.497187,43.522598],[16.497124,43.52263],[16.497141,43.522647],[16.497204,43.522617]]]}},{"type":"Feature","properties":{"krov":"ROOF_FLAT","visina":2.6944,"kota_dna":36.41,"kota_vrha":39.1044,"tlocrt":73.33962619,"obujam":47.18728189},"geometry":{"type":"Polygon","coordinates":[[[16.497187,43.522598],[16.497204,43.522617],[16.497229,43.522605],[16.497189,43.52256],[16.497164,43.522572],[16.497187,43.522598]]]}},{"type":"Feature","properties":{"krov":"ROOF_FLAT","visina":2.9906,"kota_dna":51.629,"kota_vrha":54.6196,"tlocrt":154.66813306,"obujam":327.93257877},"geometry":{"type":"Polygon","coordinates":[[[16.499068,43.520982],[16.499158,43.520945],[16.499138,43.520915],[16.499033,43.520947],[16.49904,43.520962],[16.499053,43.520958],[16.499068,43.520982]]]}},{"type":"Feature","properties":{"krov":"ROOF_FLAT","visina":2.246,"kota_dna":47.254,"kota_vrha":49.5,"tlocrt":87.06870588,"obujam":428.45096622},"geometry":{"type":"Polygon","coordinates":[[[16.499228,43.52213],[16.499241,43.522128],[16.499241,43.522111],[16.499237,43.522111],[16.499227,43.522082],[16.499229,43.522081],[16.499227,43.522072],[16.499185,43.522081],[16.499202,43.522134],[16.499228,43.52213]]]}},{"type":"Feature","properties":{"krov":"ROOF_FLAT","visina":2.063,"kota_dna":47.324,"kota_vrha":49.387,"tlocrt":18.55232786,"obujam":20.12070595},"geometry":{"type":"Polygon","coordinates":[[[16.499228,43.52213],[16.499202,43.522134],[16.499205,43.522145],[16.499231,43.52214],[16.499228,43.52213]]]}},{"type":"Feature","properties":{"krov":"ROOF_FLAT","visina":2.6229,"kota_dna":29.955,"kota_vrha":32.5779,"tlocrt":130.69670693,"obujam":234.42716145},"geometry":{"type":"Polygon","coordinates":[[[16.494792,43.528974],[16.49478,43.52893],[16.494696,43.528943],[16.494709,43.528986],[16.494792,43.528974]]]}},{"type":"Feature","properties":{"krov":"ROOF_FLAT","visina":1.7733,"kota_dna":48.065,"kota_vrha":49.8383,"tlocrt":34.28084131,"obujam":98.23017822},"geometry":{"type":"Polygon","coordinates":[[[16.49847,43.520526],[16.498463,43.520501],[16.498432,43.520504],[16.498438,43.52053],[16.49847,43.520526]]]}},{"type":"Feature","properties":{"krov":"ROOF_FLAT","visina":10.2075,"kota_dna":27.891,"kota_vrha":38.0985,"tlocrt":2160.392909,"obujam":22.27152408},"geometry":{"type":"Polygon","coordinates":[[[16.493074,43.522128],[16.493156,43.522106],[16.492946,43.521681],[16.492802,43.52172],[16.493012,43.522144],[16.493074,43.522128]]]}},{"type":"Feature","properties":{"krov":"ROOF_FLAT","visina":5.077,"kota_dna":26.211,"kota_vrha":31.288,"tlocrt":24.65589239,"obujam":315.96483407},"geometry":{"type":"Polygon","coordinates":[[[16.493907,43.528907],[16.493896,43.528907],[16.493896,43.528909],[16.493897,43.528919],[16.493907,43.528919],[16.493907,43.528907]]]}},{"type":"Feature","properties":{"krov":"ROOF_FLAT","visina":3.1992,"kota_dna":29.854,"kota_vrha":33.0532,"tlocrt":55.10992371,"obujam":64.4143304},"geometry":{"type":"Polygon","coordinates":[[[16.489327,43.523089],[16.489287,43.523096],[16.489295,43.52312],[16.489334,43.523111],[16.489327,43.523089]]]}},{"type":"Feature","properties":{"krov":"ROOF_FLAT","visina":2.6743,"kota_dna":27.451,"kota_vrha":30.1253,"tlocrt":475.90396089,"obujam":939.91561967},"geometry":{"type":"Polygon","coordinates":[[[16.493816,43.52212],[16.493483,43.522208],[16.493507,43.522252],[16.493837,43.522163],[16.493816,43.52212]]]}},{"type":"Feature","properties":{"krov":"ROOF_FLAT","visina":2.8356,"kota_dna":27.761,"kota_vrha":30.5966,"tlocrt":173.31824871,"obujam":45.76468043},"geometry":{"type":"Polygon","coordinates":[[[16.49457,43.522662],[16.494549,43.522603],[16.494464,43.52262],[16.494486,43.522679],[16.49457,43.522662]]]}},{"type":"Feature","properties":{"krov":"ROOF_FLAT","visina":8.9846,"kota_dna":23.329,"kota_vrha":32.3136,"tlocrt":633.4966605,"obujam":373.02475948},"geometry":{"type":"Polygon","coordinates":[[[16.488395,43.52376],[16.488277,43.523776],[16.488246,43.52378],[16.488254,43.523827],[16.488259,43.523851],[16.488479,43.523824],[16.488461,43.523752],[16.488395,43.52376]]]}},{"type":"Feature","properties":{"krov":"ROOF_FLAT","visina":7.5655,"kota_dna":17.295,"kota_vrha":24.8605,"tlocrt":470.93344558,"obujam":40.1940088},"geometry":{"type":"Polygon","coordinates":[[[16.490851,43.528816],[16.490837,43.528815],[16.490834,43.528907],[16.490945,43.528907],[16.490949,43.528816],[16.490851,43.528816]]]}},{"type":"Feature","properties":{"krov":"ROOF_FLAT","visina":11.0838,"kota_dna":17.388,"kota_vrha":28.4718,"tlocrt":743.77149747,"obujam":109.85417428},"geometry":{"type":"Polygon","coordinates":[[[16.490837,43.528815],[16.490837,43.528796],[16.490766,43.528795],[16.490754,43.528796],[16.490741,43.528798],[16.490728,43.528803],[16.490717,43.52881],[16.490708,43.528822],[16.490703,43.528837],[16.490701,43.528906],[16.490834,43.528907],[16.490837,43.528815]]]}},{"type":"Feature","properties":{"krov":"ROOF_FLAT","visina":10.489,"kota_dna":17.463,"kota_vrha":27.952,"tlocrt":2147.57270576,"obujam":68.14837667},"geometry":{"type":"Polygon","coordinates":[[[16.490945,43.528907],[16.490834,43.528907],[16.490701,43.528906],[16.49068,43.528906],[16.49068,43.528909],[16.490679,43.528971],[16.490679,43.529013],[16.490677,43.52916],[16.490946,43.529161],[16.490947,43.528907],[16.490945,43.528907]]]}},{"type":"Feature","properties":{"krov":"ROOF_FLAT","visina":2.8951,"kota_dna":24.807,"kota_vrha":27.7021,"tlocrt":140.99339501,"obujam":1456.34214011},"geometry":{"type":"Polygon","coordinates":[[[16.49068,43.522965],[16.490668,43.522921],[16.490581,43.522935],[16.490594,43.522979],[16.49068,43.522965]]]}},{"type":"Feature","properties":{"krov":"ROOF_FLAT","visina":2.8723,"kota_dna":23.525,"kota_vrha":26.3973,"tlocrt":232.40069784,"obujam":81.72705688},"geometry":{"type":"Polygon","coordinates":[[[16.490261,43.523003],[16.490276,43.523045],[16.490403,43.523021],[16.490383,43.522967],[16.490256,43.522988],[16.490261,43.523003]]]}},{"type":"Feature","properties":{"krov":"ROOF_FLAT","visina":3.1759,"kota_dna":22.828,"kota_vrha":26.0039,"tlocrt":149.81481234,"obujam":47.16344574},"geometry":{"type":"Polygon","coordinates":[[[16.490217,43.523116],[16.490224,43.523139],[16.490231,43.523159],[16.49032,43.523143],[16.490305,43.523101],[16.490217,43.523116]]]}},{"type":"Feature","properties":{"krov":"ROOF_FLAT","visina":2.954,"kota_dna":22.513,"kota_vrha":25.467,"tlocrt":75.35070055,"obujam":182.95681423},"geometry":{"type":"Polygon","coordinates":[[[16.490801,43.523402],[16.490795,43.523383],[16.490719,43.523398],[16.490726,43.523416],[16.490801,43.523402]]]}},{"type":"Feature","properties":{"krov":"ROOF_FLAT","visina":2.1996,"kota_dna":22.165,"kota_vrha":24.3646,"tlocrt":87.24814057,"obujam":142.33984346},"geometry":{"type":"Polygon","coordinates":[[[16.490588,43.523297],[16.490579,43.523279],[16.49048,43.523303],[16.490489,43.523324],[16.490588,43.523297]]]}},{"type":"Feature","properties":{"krov":"ROOF_FLAT","visina":2.8464,"kota_dna":21.188,"kota_vrha":24.0344,"tlocrt":128.03622134,"obujam":62.07068509},"geometry":{"type":"Polygon","coordinates":[[[16.490607,43.523495],[16.490594,43.523461],[16.490499,43.52348],[16.490512,43.523512],[16.490607,43.523495]]]}},{"type":"Feature","properties":{"krov":"ROOF_FLAT","visina":3.2674,"kota_dna":17.141,"kota_vrha":20.4084,"tlocrt":225.81053789,"obujam":520.9648041},"geometry":{"type":"Polygon","coordinates":[[[16.490617,43.523853],[16.490606,43.5238],[16.490482,43.523815],[16.490495,43.523868],[16.490617,43.523853]]]}},{"type":"Feature","properties":{"krov":"ROOF_FLAT","visina":5.7032,"kota_dna":17.252,"kota_vrha":22.9552,"tlocrt":50.79333221,"obujam":40.80569874},"geometry":{"type":"Polygon","coordinates":[[[16.490194,43.524392],[16.49018,43.524371],[16.490165,43.524376],[16.49018,43.524396],[16.490194,43.524392]]]}},{"type":"Feature","properties":{"krov":"ROOF_FLAT","visina":5.8204,"kota_dna":17.117,"kota_vrha":22.9374,"tlocrt":62.30341158,"obujam":132.68370441},"geometry":{"type":"Polygon","coordinates":[[[16.490127,43.524311],[16.490111,43.524317],[16.490128,43.524343],[16.490144,43.524337],[16.490127,43.524311]]]}},{"type":"Feature","properties":{"krov":"ROOF_FLAT","visina":5.8264,"kota_dna":17.111,"kota_vrha":22.9374,"tlocrt":103.30263992,"obujam":6.399203},"geometry":{"type":"Polygon","coordinates":[[[16.490083,43.524365],[16.490104,43.524357],[16.49011,43.524354],[16.490091,43.524326],[16.490054,43.524341],[16.490073,43.524369],[16.490083,43.524365]]]}},{"type":"Feature","properties":{"krov":"ROOF_FLAT","visina":3.3632,"kota_dna":19.805,"kota_vrha":23.1682,"tlocrt":63.16946142,"obujam":720.02310129},"geometry":{"type":"Polygon","coordinates":[[[16.49036,43.52463],[16.490316,43.524576],[16.490308,43.52458],[16.490353,43.524633],[16.49036,43.52463]]]}},{"type":"Feature","properties":{"krov":"ROOF_FLAT","visina":2.7372,"kota_dna":22.253,"kota_vrha":24.9902,"tlocrt":103.76696464,"obujam":75.57866922},"geometry":{"type":"Polygon","coordinates":[[[16.490687,43.524689],[16.490626,43.524702],[16.490641,43.524738],[16.490643,43.524744],[16.490704,43.52473],[16.490687,43.524689]]]}},{"type":"Feature","properties":{"krov":"ROOF_FLAT","visina":5.0511,"kota_dna":23.895,"kota_vrha":28.9461,"tlocrt":195.90902744,"obujam":119.16214725},"geometry":{"type":"Polygon","coordinates":[[[16.49093,43.524792],[16.490806,43.524788],[16.490805,43.524807],[16.490928,43.524829],[16.49093,43.524792]]]}},{"type":"Feature","properties":{"krov":"ROOF_FLAT","visina":2.6652,"kota_dna":22.657,"kota_vrha":25.3222,"tlocrt":74.61661905,"obujam":827.08891879},"geometry":{"type":"Polygon","coordinates":[[[16.488055,43.523919],[16.488018,43.523942],[16.488,43.523954],[16.488019,43.52397],[16.488076,43.523934],[16.488056,43.523918],[16.488055,43.523919]]]}},{"type":"Feature","properties":{"krov":"ROOF_FLAT","visina":4.8711,"kota_dna":23.595,"kota_vrha":28.4661,"tlocrt":364.16570165,"obujam":708.55876755},"geometry":{"type":"Polygon","coordinates":[[[16.488395,43.52376],[16.488375,43.523679],[16.488255,43.523695],[16.488277,43.523776],[16.488395,43.52376]]]}},{"type":"Feature","properties":{"krov":"ROOF_FLAT","visina":3.1441,"kota_dna":23.82,"kota_vrha":26.9641,"tlocrt":151.52217231,"obujam":419.25353191},"geometry":{"type":"Polygon","coordinates":[[[16.488576,43.523757],[16.48857,43.523757],[16.488562,43.523715],[16.488555,43.523716],[16.488481,43.523724],[16.488489,43.523772],[16.488577,43.523763],[16.488576,43.523757]]]}},{"type":"Feature","properties":{"krov":"ROOF_FLAT","visina":2.7178,"kota_dna":15.876,"kota_vrha":18.5938,"tlocrt":182.22175178,"obujam":360.6488353},"geometry":{"type":"Polygon","coordinates":[[[16.489562,43.524566],[16.489578,43.524586],[16.489612,43.52463],[16.489684,43.5246],[16.489619,43.524537],[16.489562,43.524566]]]}},{"type":"Feature","properties":{"krov":"ROOF_FLAT","visina":5.98,"kota_dna":15.894,"kota_vrha":21.874,"tlocrt":108.93975456,"obujam":657.29966697},"geometry":{"type":"Polygon","coordinates":[[[16.489408,43.524591],[16.489389,43.524599],[16.489421,43.524643],[16.489441,43.524635],[16.489408,43.524591]]]}},{"type":"Feature","properties":{"krov":"ROOF_FLAT","visina":5.881,"kota_dna":15.993,"kota_vrha":21.874,"tlocrt":118.76756957,"obujam":130.13375126},"geometry":{"type":"Polygon","coordinates":[[[16.489486,43.524558],[16.489459,43.52457],[16.489492,43.524611],[16.489518,43.524601],[16.489486,43.524558]]]}},{"type":"Feature","properties":{"krov":"ROOF_FLAT","visina":5.3406,"kota_dna":17.721,"kota_vrha":23.0616,"tlocrt":184.94245338,"obujam":126.03624337},"geometry":{"type":"Polygon","coordinates":[[[16.489223,43.524961],[16.489207,43.524936],[16.489199,43.524939],[16.489172,43.524892],[16.489139,43.524903],[16.489182,43.524974],[16.489223,43.524961]]]}},{"type":"Feature","properties":{"krov":"ROOF_FLAT","visina":5.8972,"kota_dna":17.731,"kota_vrha":23.6282,"tlocrt":189.21635844,"obujam":811.34338629},"geometry":{"type":"Polygon","coordinates":[[[16.489486,43.52479],[16.489481,43.524779],[16.489396,43.524806],[16.489336,43.524824],[16.48934,43.524831],[16.489412,43.524808],[16.48943,43.524803],[16.489431,43.524806],[16.489486,43.52479]]]}},{"type":"Feature","properties":{"krov":"ROOF_FLAT","visina":1.6701,"kota_dna":25.265,"kota_vrha":26.9351,"tlocrt":14.9102511,"obujam":713.91046015},"geometry":{"type":"Polygon","coordinates":[[[16.48992,43.525084],[16.489922,43.525098],[16.48994,43.525096],[16.489938,43.525082],[16.48992,43.525084]]]}},{"type":"Feature","properties":{"krov":"ROOF_FLAT","visina":3.0778,"kota_dna":24.183,"kota_vrha":27.2608,"tlocrt":120.49858894,"obujam":114.68440107},"geometry":{"type":"Polygon","coordinates":[[[16.489843,43.525006],[16.489785,43.525011],[16.489795,43.525064],[16.489852,43.525059],[16.489843,43.525006]]]}},{"type":"Feature","properties":{"krov":"ROOF_FLAT","visina":2.0615,"kota_dna":26.461,"kota_vrha":28.5225,"tlocrt":56.59487875,"obujam":38.21510691},"geometry":{"type":"Polygon","coordinates":[[[16.490276,43.525153],[16.490245,43.525152],[16.490241,43.525197],[16.490271,43.525199],[16.490276,43.525153]]]}},{"type":"Feature","properties":{"krov":"ROOF_FLAT","visina":1.797,"kota_dna":26.582,"kota_vrha":28.379,"tlocrt":81.70417203,"obujam":714.91097427},"geometry":{"type":"Polygon","coordinates":[[[16.49025,43.525119],[16.490245,43.525152],[16.490276,43.525153],[16.490311,43.525155],[16.490334,43.525122],[16.49025,43.525119]]]}},{"type":"Feature","properties":{"krov":"ROOF_FLAT","visina":2.6352,"kota_dna":25.617,"kota_vrha":28.2522,"tlocrt":159.86216058,"obujam":117.2232332},"geometry":{"type":"Polygon","coordinates":[[[16.490115,43.525118],[16.490016,43.525109],[16.490015,43.52516],[16.490059,43.525164],[16.490109,43.525168],[16.490115,43.525118]]]}},{"type":"Feature","properties":{"krov":"ROOF_FLAT","visina":2.0722,"kota_dna":26.18,"kota_vrha":28.2522,"tlocrt":232.57821089,"obujam":139.20641988},"geometry":{"type":"Polygon","coordinates":[[[16.490245,43.525152],[16.49025,43.525119],[16.49025,43.525117],[16.490115,43.525118],[16.490109,43.525168],[16.490108,43.525192],[16.490109,43.525192],[16.490201,43.525195],[16.490204,43.525152],[16.490245,43.525152]]]}},{"type":"Feature","properties":{"krov":"ROOF_FLAT","visina":5.9663,"kota_dna":27.549,"kota_vrha":33.5153,"tlocrt":181.08648985,"obujam":62.22813457},"geometry":{"type":"Polygon","coordinates":[[[16.491092,43.525129],[16.491065,43.525095],[16.491031,43.525052],[16.491024,43.525055],[16.491008,43.525063],[16.491064,43.525131],[16.491075,43.525126],[16.491082,43.525133],[16.491092,43.525129]]]}},{"type":"Feature","properties":{"krov":"ROOF_FLAT","visina":3.6722,"kota_dna":30.381,"kota_vrha":34.0532,"tlocrt":42.55381416,"obujam":78.14091853},"geometry":{"type":"Polygon","coordinates":[[[16.491631,43.525309],[16.491584,43.525303],[16.491582,43.525313],[16.49163,43.525317],[16.491631,43.525309]]]}},{"type":"Feature","properties":{"krov":"ROOF_FLAT","visina":3.527,"kota_dna":30.679,"kota_vrha":34.206,"tlocrt":69.7635912,"obujam":224.05253902},"geometry":{"type":"Polygon","coordinates":[[[16.491634,43.525309],[16.49172,43.525317],[16.491722,43.525309],[16.491635,43.525301],[16.491634,43.525309]]]}},{"type":"Feature","properties":{"krov":"ROOF_FLAT","visina":2.5997,"kota_dna":31.622,"kota_vrha":34.2217,"tlocrt":209.8105322,"obujam":2377.67751782},"geometry":{"type":"Polygon","coordinates":[[[16.491717,43.525367],[16.491717,43.525369],[16.491716,43.525372],[16.49171,43.525419],[16.491842,43.525427],[16.49185,43.525377],[16.491717,43.525367]]]}},{"type":"Feature","properties":{"krov":"ROOF_FLAT","visina":2.7494,"kota_dna":28.02,"kota_vrha":30.7694,"tlocrt":109.56944378,"obujam":120.88267124},"geometry":{"type":"Polygon","coordinates":[[[16.490807,43.525122],[16.490763,43.525094],[16.490716,43.525132],[16.490759,43.525159],[16.490807,43.525122]]]}},{"type":"Feature","properties":{"krov":"ROOF_FLAT","visina":1.7656,"kota_dna":23.902,"kota_vrha":25.6676,"tlocrt":59.75657705,"obujam":83.30621396},"geometry":{"type":"Polygon","coordinates":[[[16.490709,43.525594],[16.490697,43.525594],[16.490698,43.525617],[16.490771,43.525614],[16.49077,43.52559],[16.490709,43.525594]]]}},{"type":"Feature","properties":{"krov":"ROOF_FLAT","visina":3.3343,"kota_dna":26.746,"kota_vrha":30.0803,"tlocrt":159.97530544,"obujam":178.71582222},"geometry":{"type":"Polygon","coordinates":[[[16.491358,43.525648],[16.491431,43.525637],[16.491433,43.525637],[16.491419,43.525585],[16.49134,43.525596],[16.491356,43.525649],[16.491358,43.525648]]]}},{"type":"Feature","properties":{"krov":"ROOF_FLAT","visina":2.1236,"kota_dna":26.051,"kota_vrha":28.1746,"tlocrt":166.73651228,"obujam":201.09350905},"geometry":{"type":"Polygon","coordinates":[[[16.491805,43.526101],[16.491746,43.526016],[16.491763,43.526009],[16.491754,43.525997],[16.491698,43.526017],[16.491761,43.526115],[16.491805,43.526101]]]}},{"type":"Feature","properties":{"krov":"ROOF_FLAT","visina":2.7927,"kota_dna":28.461,"kota_vrha":31.2537,"tlocrt":127.82270069,"obujam":56.47480179},"geometry":{"type":"Polygon","coordinates":[[[16.491918,43.526069],[16.491866,43.526089],[16.491855,43.526094],[16.491865,43.526107],[16.491875,43.526104],[16.491899,43.526138],[16.491953,43.526117],[16.491918,43.526069]]]}},{"type":"Feature","properties":{"krov":"ROOF_FLAT","visina":2.5724,"kota_dna":25.388,"kota_vrha":27.9604,"tlocrt":145.9813333,"obujam":95.41576086},"geometry":{"type":"Polygon","coordinates":[[[16.492278,43.526639],[16.492245,43.526606],[16.492159,43.526653],[16.492193,43.526686],[16.492278,43.526639]]]}},{"type":"Feature","properties":{"krov":"ROOF_FLAT","visina":1.5356,"kota_dna":19.786,"kota_vrha":21.3216,"tlocrt":49.95226394,"obujam":125.51794259},"geometry":{"type":"Polygon","coordinates":[[[16.49135,43.528985],[16.491328,43.528984],[16.491307,43.528984],[16.491306,43.529023],[16.491341,43.529022],[16.49135,43.528985]]]}},{"type":"Feature","properties":{"krov":"ROOF_FLAT","visina":4.0207,"kota_dna":22.585,"kota_vrha":26.6057,"tlocrt":76.57550076,"obujam":61.30933875},"geometry":{"type":"Polygon","coordinates":[[[16.491624,43.529176],[16.491552,43.529175],[16.491552,43.529188],[16.491624,43.52919],[16.491624,43.529176]]]}},{"type":"Feature","properties":{"krov":"ROOF_FLAT","visina":11.1927,"kota_dna":22.529,"kota_vrha":33.7217,"tlocrt":1923.97959132,"obujam":64.2606514},"geometry":{"type":"Polygon","coordinates":[[[16.491552,43.529175],[16.491624,43.529176],[16.491758,43.529178],[16.491761,43.529003],[16.491421,43.528997],[16.491419,43.529139],[16.491419,43.529159],[16.491419,43.529173],[16.491552,43.529175]]]}},{"type":"Feature","properties":{"krov":"ROOF_FLAT","visina":3.3105,"kota_dna":23.932,"kota_vrha":27.2425,"tlocrt":223.23899138,"obujam":149.54741266},"geometry":{"type":"Polygon","coordinates":[[[16.492816,43.529217],[16.492725,43.529214],[16.492724,43.529289],[16.492814,43.52929],[16.492816,43.529217]]]}},{"type":"Feature","properties":{"krov":"ROOF_FLAT","visina":5.096,"kota_dna":19.752,"kota_vrha":24.848,"tlocrt":260.34011296,"obujam":484.2024244},"geometry":{"type":"Polygon","coordinates":[[[16.490373,43.524627],[16.490344,43.524593],[16.490342,43.524589],[16.490455,43.52454],[16.490443,43.524523],[16.490421,43.524533],[16.490332,43.524573],[16.490324,43.524565],[16.490312,43.52457],[16.490316,43.524576],[16.49036,43.52463],[16.490362,43.524632],[16.490373,43.524627]]]}},{"type":"Feature","properties":{"krov":"ROOF_FLAT","visina":3.7959,"kota_dna":37.513,"kota_vrha":41.3089,"tlocrt":101.54687049,"obujam":1080.55179171},"geometry":{"type":"Polygon","coordinates":[[[16.499398,43.525571],[16.499399,43.525537],[16.499361,43.525536],[16.49936,43.525588],[16.499398,43.525588],[16.499398,43.525571]]]}},{"type":"Feature","properties":{"krov":"ROOF_FLAT","visina":2.7608,"kota_dna":32.549,"kota_vrha":35.3098,"tlocrt":123.80843512,"obujam":48.3694151},"geometry":{"type":"Polygon","coordinates":[[[16.494019,43.527182],[16.493952,43.527171],[16.493967,43.527126],[16.493969,43.527117],[16.493952,43.527114],[16.493929,43.527183],[16.494013,43.527197],[16.494019,43.527182]]]}},{"type":"Feature","properties":{"krov":"ROOF_FLAT","visina":5.2089,"kota_dna":32.69,"kota_vrha":37.8989,"tlocrt":140.69418491,"obujam":14.98918135},"geometry":{"type":"Polygon","coordinates":[[[16.494042,43.5271],[16.493979,43.52709],[16.493969,43.527117],[16.493967,43.527126],[16.494032,43.527136],[16.494042,43.5271]]]}},{"type":"Feature","properties":{"krov":"ROOF_FLAT","visina":3.141,"kota_dna":33.658,"kota_vrha":36.799,"tlocrt":60.34228134,"obujam":442.94808904},"geometry":{"type":"Polygon","coordinates":[[[16.4931,43.526667],[16.493063,43.526684],[16.493079,43.526705],[16.49312,43.526687],[16.4931,43.526667]]]}},{"type":"Feature","properties":{"krov":"ROOF_FLAT","visina":2.3842,"kota_dna":27.723,"kota_vrha":30.1072,"tlocrt":123.15308937,"obujam":72.82548444},"geometry":{"type":"Polygon","coordinates":[[[16.492697,43.52477],[16.492688,43.524721],[16.492613,43.524728],[16.492621,43.524778],[16.492697,43.52477]]]}},{"type":"Feature","properties":{"krov":"ROOF_FLAT","visina":2.5033,"kota_dna":27.678,"kota_vrha":30.1813,"tlocrt":281.7191612,"obujam":135.51432483},"geometry":{"type":"Polygon","coordinates":[[[16.492697,43.52477],[16.492621,43.524778],[16.492585,43.524781],[16.492586,43.524792],[16.492738,43.52478],[16.492751,43.524852],[16.492603,43.524867],[16.492603,43.524875],[16.492777,43.524859],[16.492759,43.524764],[16.492697,43.52477]]]}},{"type":"Feature","properties":{"krov":"ROOF_FLAT","visina":5.754,"kota_dna":36.473,"kota_vrha":42.227,"tlocrt":103.24932252,"obujam":70.35087415},"geometry":{"type":"Polygon","coordinates":[[[16.496855,43.529049],[16.496852,43.529035],[16.496782,43.529043],[16.496784,43.529057],[16.496855,43.529049]]]}},{"type":"Feature","properties":{"krov":"ROOF_FLAT","visina":5.4091,"kota_dna":33.294,"kota_vrha":38.7031,"tlocrt":147.85891701,"obujam":37.6361623},"geometry":{"type":"Polygon","coordinates":[[[16.497421,43.529016],[16.497424,43.529016],[16.497425,43.529041],[16.497438,43.529041],[16.497436,43.52901],[16.49742,43.529009],[16.497421,43.529016]]]}},{"type":"Feature","properties":{"krov":"ROOF_FLAT","visina":3.2747,"kota_dna":34.326,"kota_vrha":37.6007,"tlocrt":290.47423213,"obujam":21.05178087},"geometry":{"type":"Polygon","coordinates":[[[16.497916,43.529031],[16.497916,43.529014],[16.497826,43.529017],[16.497826,43.529033],[16.497916,43.529031]]]}},{"type":"Feature","properties":{"krov":"ROOF_FLAT","visina":4.9788,"kota_dna":35.509,"kota_vrha":40.4878,"tlocrt":664.07717506,"obujam":160.04394487},"geometry":{"type":"Polygon","coordinates":[[[16.498446,43.529013],[16.498628,43.529014],[16.498629,43.528987],[16.498688,43.528989],[16.498687,43.528939],[16.498388,43.52894],[16.49839,43.528988],[16.498447,43.528989],[16.498446,43.529013]]]}},{"type":"Feature","properties":{"krov":"ROOF_FLAT","visina":11.4405,"kota_dna":34.927,"kota_vrha":46.3675,"tlocrt":941.3688434,"obujam":137.00330882},"geometry":{"type":"Polygon","coordinates":[[[16.498628,43.529014],[16.498446,43.529013],[16.498446,43.52902],[16.498631,43.529016],[16.498631,43.529014],[16.498628,43.529014]]]}},{"type":"Feature","properties":{"krov":"ROOF_FLAT","visina":2.9908,"kota_dna":35.437,"kota_vrha":38.4278,"tlocrt":91.37965724,"obujam":53.63614828},"geometry":{"type":"Polygon","coordinates":[[[16.498742,43.529014],[16.49874,43.528982],[16.49874,43.528974],[16.49871,43.528975],[16.498711,43.529014],[16.498742,43.529014]]]}},{"type":"Feature","properties":{"krov":"ROOF_FLAT","visina":5.1261,"kota_dna":36.279,"kota_vrha":41.4051,"tlocrt":517.06466359,"obujam":31.77484717},"geometry":{"type":"Polygon","coordinates":[[[16.49874,43.528982],[16.498742,43.529014],[16.498847,43.529011],[16.498846,43.528982],[16.49874,43.528982]]]}},{"type":"Feature","properties":{"krov":"ROOF_FLAT","visina":4.5014,"kota_dna":40.205,"kota_vrha":44.7064,"tlocrt":1495.94350006,"obujam":137.05317631},"geometry":{"type":"Polygon","coordinates":[[[16.497877,43.528378],[16.497871,43.528559],[16.498205,43.528561],[16.498206,43.528381],[16.497877,43.528378]]]}},{"type":"Feature","properties":{"krov":"ROOF_FLAT","visina":3.8514,"kota_dna":40.594,"kota_vrha":44.4454,"tlocrt":437.08096273,"obujam":20.3613624},"geometry":{"type":"Polygon","coordinates":[[[16.497885,43.528681],[16.497759,43.528679],[16.497756,43.528795],[16.49788,43.528797],[16.497885,43.528681]]]}},{"type":"Feature","properties":{"krov":"ROOF_FLAT","visina":9.1578,"kota_dna":38.265,"kota_vrha":47.4228,"tlocrt":98.42990486,"obujam":29.765},"geometry":{"type":"Polygon","coordinates":[[[16.497069,43.528417],[16.497069,43.528423],[16.497069,43.528446],[16.497089,43.528446],[16.497089,43.528417],[16.497069,43.528417]]]}},{"type":"Feature","properties":{"krov":"ROOF_FLAT","visina":5.2635,"kota_dna":34.701,"kota_vrha":39.9645,"tlocrt":94.00450476,"obujam":22.78235029},"geometry":{"type":"Polygon","coordinates":[[[16.494217,43.526742],[16.494212,43.526727],[16.494146,43.526736],[16.49415,43.526751],[16.494217,43.526742]]]}},{"type":"Feature","properties":{"krov":"ROOF_FLAT","visina":2.4171,"kota_dna":30.634,"kota_vrha":33.0511,"tlocrt":60.39705304,"obujam":109.80190594},"geometry":{"type":"Polygon","coordinates":[[[16.494121,43.527735],[16.494117,43.527761],[16.494122,43.527762],[16.494121,43.527773],[16.49416,43.527765],[16.494163,43.527736],[16.494121,43.527735]]]}},{"type":"Feature","properties":{"krov":"ROOF_FLAT","visina":2.3521,"kota_dna":30.699,"kota_vrha":33.0511,"tlocrt":48.22347843,"obujam":64.54776551},"geometry":{"type":"Polygon","coordinates":[[[16.494121,43.527735],[16.494081,43.527732],[16.494078,43.527759],[16.494117,43.527761],[16.494121,43.527735]]]}},{"type":"Feature","properties":{"krov":"ROOF_FLAT","visina":2.9765,"kota_dna":30.99,"kota_vrha":33.9665,"tlocrt":95.24360772,"obujam":64.46451236},"geometry":{"type":"Polygon","coordinates":[[[16.494014,43.527659],[16.494089,43.527665],[16.494089,43.527635],[16.494017,43.52763],[16.494014,43.527659]]]}},{"type":"Feature","properties":{"krov":"ROOF_FLAT","visina":3.2815,"kota_dna":30.685,"kota_vrha":33.9665,"tlocrt":336.47339849,"obujam":328.97168798},"geometry":{"type":"Polygon","coordinates":[[[16.494081,43.527732],[16.494089,43.527665],[16.494014,43.527659],[16.49398,43.527657],[16.493977,43.527689],[16.493964,43.527688],[16.493955,43.527751],[16.494078,43.527759],[16.494081,43.527732]]]}},{"type":"Feature","properties":{"krov":"ROOF_FLAT","visina":3.4038,"kota_dna":31.833,"kota_vrha":35.2368,"tlocrt":441.27570756,"obujam":247.42631851},"geometry":{"type":"Polygon","coordinates":[[[16.494181,43.527594],[16.494148,43.527576],[16.494171,43.527555],[16.49421,43.527576],[16.494252,43.527537],[16.494141,43.527478],[16.4941,43.527519],[16.494111,43.527525],[16.494098,43.527539],[16.494086,43.527532],[16.494047,43.527571],[16.4941,43.527599],[16.494098,43.527601],[16.494148,43.527627],[16.494181,43.527594]]]}},{"type":"Feature","properties":{"krov":"ROOF_FLAT","visina":8.8883,"kota_dna":34.73,"kota_vrha":43.6183,"tlocrt":428.28422647,"obujam":77.20428986},"geometry":{"type":"Polygon","coordinates":[[[16.494608,43.526966],[16.494551,43.526961],[16.494571,43.526873],[16.494555,43.526871],[16.494529,43.526989],[16.494563,43.526993],[16.4946,43.526997],[16.494607,43.526996],[16.494616,43.526992],[16.494619,43.52699],[16.494623,43.526983],[16.494623,43.526979],[16.494621,43.526974],[16.494617,43.526969],[16.494608,43.526966]]]}},{"type":"Feature","properties":{"krov":"ROOF_FLAT","visina":9.0146,"kota_dna":33.848,"kota_vrha":42.8626,"tlocrt":104.42382474,"obujam":109.35180771},"geometry":{"type":"Polygon","coordinates":[[[16.494757,43.527071],[16.494745,43.527104],[16.494763,43.527107],[16.494774,43.527074],[16.494757,43.527071]]]}},{"type":"Feature","properties":{"krov":"ROOF_FLAT","visina":2.3187,"kota_dna":34.774,"kota_vrha":37.0927,"tlocrt":65.79064052,"obujam":144.57301873},"geometry":{"type":"Polygon","coordinates":[[[16.49537,43.527274],[16.495373,43.527307],[16.495374,43.52732],[16.495409,43.527318],[16.495405,43.527273],[16.49537,43.527274]]]}},{"type":"Feature","properties":{"krov":"ROOF_FLAT","visina":3.4278,"kota_dna":34.637,"kota_vrha":38.0648,"tlocrt":137.00094866,"obujam":111.02025899},"geometry":{"type":"Polygon","coordinates":[[[16.495374,43.52732],[16.495373,43.527307],[16.495256,43.527314],[16.495259,43.527338],[16.495375,43.527332],[16.495374,43.52732]]]}},{"type":"Feature","properties":{"krov":"ROOF_FLAT","visina":1.6298,"kota_dna":35.364,"kota_vrha":36.9938,"tlocrt":27.87823467,"obujam":102.96991972},"geometry":{"type":"Polygon","coordinates":[[[16.495145,43.527277],[16.495145,43.527275],[16.495126,43.527274],[16.495126,43.527305],[16.495149,43.527305],[16.495145,43.527277]]]}},{"type":"Feature","properties":{"krov":"ROOF_FLAT","visina":4.9639,"kota_dna":35.332,"kota_vrha":40.2959,"tlocrt":89.1341216,"obujam":126.05221332},"geometry":{"type":"Polygon","coordinates":[[[16.495062,43.527229],[16.495072,43.527229],[16.495123,43.52723],[16.495124,43.527212],[16.495063,43.527211],[16.495062,43.527229]]]}},{"type":"Feature","properties":{"krov":"ROOF_FLAT","visina":5.3548,"kota_dna":36.088,"kota_vrha":41.4428,"tlocrt":354.29372459,"obujam":179.27782851},"geometry":{"type":"Polygon","coordinates":[[[16.495327,43.527118],[16.495334,43.52708],[16.495335,43.527074],[16.495339,43.527055],[16.49529,43.527051],[16.495249,43.527047],[16.495226,43.527045],[16.495214,43.527125],[16.495323,43.527134],[16.495324,43.52713],[16.495327,43.527118]]]}},{"type":"Feature","properties":{"krov":"ROOF_FLAT","visina":5.9972,"kota_dna":36.659,"kota_vrha":42.6562,"tlocrt":56.45874787,"obujam":104.47756835},"geometry":{"type":"Polygon","coordinates":[[[16.495335,43.526899],[16.495336,43.526888],[16.495322,43.526887],[16.495318,43.526913],[16.495334,43.526914],[16.495335,43.526899]]]}},{"type":"Feature","properties":{"krov":"ROOF_FLAT","visina":3.0179,"kota_dna":36.77,"kota_vrha":39.7879,"tlocrt":165.98642892,"obujam":169.47134938},"geometry":{"type":"Polygon","coordinates":[[[16.495222,43.526804],[16.49535,43.526815],[16.495346,43.52685],[16.495375,43.526852],[16.495376,43.526803],[16.495225,43.52679],[16.495222,43.526804]]]}},{"type":"Feature","properties":{"krov":"ROOF_FLAT","visina":2.9489,"kota_dna":36.839,"kota_vrha":39.7879,"tlocrt":47.90530267,"obujam":109.73597119},"geometry":{"type":"Polygon","coordinates":[[[16.495167,43.5268],[16.495207,43.526803],[16.495211,43.526783],[16.495171,43.526779],[16.495167,43.5268]]]}},{"type":"Feature","properties":{"krov":"ROOF_FLAT","visina":3.6048,"kota_dna":34.694,"kota_vrha":38.2988,"tlocrt":957.91232003,"obujam":68.95805384},"geometry":{"type":"Polygon","coordinates":[[[16.49476,43.526562],[16.494605,43.526538],[16.494531,43.526768],[16.494687,43.526793],[16.49476,43.526562]]]}},{"type":"Feature","properties":{"krov":"ROOF_FLAT","visina":2.3004,"kota_dna":32.821,"kota_vrha":35.1214,"tlocrt":75.39442809,"obujam":60.88199238},"geometry":{"type":"Polygon","coordinates":[[[16.493037,43.52672],[16.493016,43.526736],[16.493051,43.526761],[16.49309,43.526733],[16.493055,43.526706],[16.493037,43.52672]]]}},{"type":"Feature","properties":{"krov":"ROOF_FLAT","visina":3.1359,"kota_dna":32.953,"kota_vrha":36.0889,"tlocrt":138.29417398,"obujam":9.431103},"geometry":{"type":"Polygon","coordinates":[[[16.492961,43.526604],[16.492926,43.526569],[16.492856,43.526602],[16.49289,43.526637],[16.492961,43.526604]]]}},{"type":"Feature","properties":{"krov":"ROOF_FLAT","visina":2.7961,"kota_dna":35.632,"kota_vrha":38.4281,"tlocrt":38.59940204,"obujam":836.62994595},"geometry":{"type":"Polygon","coordinates":[[[16.493887,43.525935],[16.49387,43.525931],[16.493854,43.525962],[16.493871,43.525966],[16.493887,43.525935]]]}},{"type":"Feature","properties":{"krov":"ROOF_FLAT","visina":1.8894,"kota_dna":26.706,"kota_vrha":28.5954,"tlocrt":45.97669796,"obujam":96.97172319},"geometry":{"type":"Polygon","coordinates":[[[16.492647,43.527059],[16.492622,43.527066],[16.492608,43.52707],[16.492618,43.527086],[16.492632,43.527082],[16.492638,43.527092],[16.492668,43.527083],[16.492647,43.527059]]]}},{"type":"Feature","properties":{"krov":"ROOF_FLAT","visina":2.983,"kota_dna":26.121,"kota_vrha":29.104,"tlocrt":53.73122837,"obujam":37.1458944},"geometry":{"type":"Polygon","coordinates":[[[16.492618,43.527024],[16.492596,43.526995],[16.492566,43.527007],[16.492571,43.527013],[16.492569,43.527014],[16.492576,43.527023],[16.492596,43.527015],[16.492607,43.527029],[16.492618,43.527024]]]}},{"type":"Feature","properties":{"krov":"ROOF_FLAT","visina":2.8393,"kota_dna":31.964,"kota_vrha":34.8033,"tlocrt":39.38264371,"obujam":14.838432},"geometry":{"type":"Polygon","coordinates":[[[16.492426,43.526105],[16.492417,43.52608],[16.492401,43.526083],[16.492394,43.526085],[16.492404,43.526112],[16.492426,43.526105]]]}},{"type":"Feature","properties":{"krov":"ROOF_FLAT","visina":5.7072,"kota_dna":31.793,"kota_vrha":37.5002,"tlocrt":65.74173627,"obujam":259.25123286},"geometry":{"type":"Polygon","coordinates":[[[16.492098,43.525651],[16.492084,43.525653],[16.492061,43.525656],[16.492065,43.525672],[16.492102,43.525667],[16.492098,43.525651]]]}},{"type":"Feature","properties":{"krov":"ROOF_FLAT","visina":2.6512,"kota_dna":32.168,"kota_vrha":34.8192,"tlocrt":138.87119781,"obujam":87.46397347},"geometry":{"type":"Polygon","coordinates":[[[16.492435,43.525408],[16.492434,43.525343],[16.492371,43.525344],[16.492374,43.525409],[16.492435,43.525408]]]}},{"type":"Feature","properties":{"krov":"ROOF_FLAT","visina":3.1206,"kota_dna":33.99,"kota_vrha":37.1106,"tlocrt":207.22360612,"obujam":32.89835837},"geometry":{"type":"Polygon","coordinates":[[[16.492435,43.525408],[16.492374,43.525409],[16.49234,43.52541],[16.492341,43.525476],[16.492437,43.525475],[16.492435,43.525408]]]}},{"type":"Feature","properties":{"krov":"ROOF_FLAT","visina":2.7903,"kota_dna":31.001,"kota_vrha":33.7913,"tlocrt":271.61491318,"obujam":177.73820199},"geometry":{"type":"Polygon","coordinates":[[[16.49198,43.525266],[16.491866,43.525265],[16.491864,43.525348],[16.491977,43.525349],[16.49198,43.525266]]]}},{"type":"Feature","properties":{"krov":"ROOF_FLAT","visina":5.5686,"kota_dna":32.468,"kota_vrha":38.0366,"tlocrt":138.74166622,"obujam":15.08260116},"geometry":{"type":"Polygon","coordinates":[[[16.495353,43.525989],[16.495348,43.525989],[16.49535,43.525977],[16.495279,43.525971],[16.495275,43.525999],[16.495351,43.526004],[16.495353,43.525989]]]}},{"type":"Feature","properties":{"krov":"ROOF_FLAT","visina":3.2024,"kota_dna":32.093,"kota_vrha":35.2954,"tlocrt":311.14609804,"obujam":62.54210472},"geometry":{"type":"Polygon","coordinates":[[[16.495273,43.5259],[16.495138,43.525887],[16.495124,43.525962],[16.49526,43.525975],[16.495273,43.5259]]]}},{"type":"Feature","properties":{"krov":"ROOF_FLAT","visina":6.5692,"kota_dna":31.321,"kota_vrha":37.8902,"tlocrt":522.9435118,"obujam":533.48314098},"geometry":{"type":"Polygon","coordinates":[[[16.4953,43.525833],[16.495303,43.525834],[16.495309,43.525796],[16.495307,43.525796],[16.495291,43.525794],[16.495293,43.525785],[16.49526,43.525783],[16.495262,43.525771],[16.495226,43.525768],[16.495223,43.525789],[16.495158,43.525783],[16.495143,43.525859],[16.49528,43.52587],[16.495286,43.525832],[16.4953,43.525833]]]}},{"type":"Feature","properties":{"krov":"ROOF_FLAT","visina":6.711,"kota_dna":29.861,"kota_vrha":36.572,"tlocrt":217.9389445,"obujam":17.89464176},"geometry":{"type":"Polygon","coordinates":[[[16.49499,43.525445],[16.49512,43.525457],[16.495124,43.525436],[16.494994,43.525427],[16.49499,43.525445]]]}},{"type":"Feature","properties":{"krov":"ROOF_FLAT","visina":3.0867,"kota_dna":29.406,"kota_vrha":32.4927,"tlocrt":50.0672944,"obujam":80.79830889},"geometry":{"type":"Polygon","coordinates":[[[16.495002,43.525302],[16.494984,43.5253],[16.494976,43.525341],[16.494993,43.525343],[16.495002,43.525302]]]}},{"type":"Feature","properties":{"krov":"ROOF_FLAT","visina":5.8758,"kota_dna":29.343,"kota_vrha":35.2188,"tlocrt":971.5500338,"obujam":144.0902087},"geometry":{"type":"Polygon","coordinates":[[[16.495006,43.525282],[16.495002,43.525302],[16.494993,43.525343],[16.494984,43.525383],[16.495082,43.525396],[16.495083,43.525394],[16.495145,43.525402],[16.495145,43.525403],[16.495159,43.525405],[16.495175,43.525326],[16.495187,43.525327],[16.4952,43.52526],[16.495173,43.525256],[16.495182,43.525222],[16.495112,43.525212],[16.495105,43.525235],[16.495019,43.525223],[16.495006,43.525282]]]}},{"type":"Feature","properties":{"krov":"ROOF_FLAT","visina":2.6866,"kota_dna":27.132,"kota_vrha":29.8186,"tlocrt":181.20970337,"obujam":149.36642954},"geometry":{"type":"Polygon","coordinates":[[[16.494554,43.525037],[16.494553,43.52502],[16.49457,43.52502],[16.494564,43.524944],[16.494502,43.524946],[16.494508,43.525022],[16.494504,43.525023],[16.494508,43.525038],[16.494554,43.525037]]]}},{"type":"Feature","properties":{"krov":"ROOF_FLAT","visina":0.2957,"kota_dna":29.701,"kota_vrha":29.9967,"tlocrt":17.26949599,"obujam":114.55109005},"geometry":{"type":"Polygon","coordinates":[[[16.49469,43.525129],[16.494679,43.525098],[16.494657,43.525101],[16.494665,43.525133],[16.49469,43.525129]]]}},{"type":"Feature","properties":{"krov":"ROOF_FLAT","visina":2.2966,"kota_dna":28.063,"kota_vrha":30.3596,"tlocrt":85.26210765,"obujam":122.71749479},"geometry":{"type":"Polygon","coordinates":[[[16.494749,43.525089],[16.494749,43.525091],[16.494679,43.525098],[16.49469,43.525129],[16.494757,43.525116],[16.494752,43.525101],[16.494764,43.5251],[16.494761,43.525088],[16.494749,43.525089]]]}},{"type":"Feature","properties":{"krov":"ROOF_FLAT","visina":5.6281,"kota_dna":24.79,"kota_vrha":30.4181,"tlocrt":79.73218646,"obujam":63.949917},"geometry":{"type":"Polygon","coordinates":[[[16.493337,43.524715],[16.493335,43.524694],[16.493332,43.524673],[16.493318,43.524672],[16.493321,43.524715],[16.493337,43.524715]]]}},{"type":"Feature","properties":{"krov":"ROOF_FLAT","visina":5.6374,"kota_dna":24.63,"kota_vrha":30.2674,"tlocrt":277.41078822,"obujam":66.289402},"geometry":{"type":"Polygon","coordinates":[[[16.49352,43.524665],[16.493522,43.524689],[16.493524,43.524714],[16.493527,43.524749],[16.493587,43.524747],[16.493581,43.524653],[16.493519,43.524656],[16.49352,43.524665]]]}},{"type":"Feature","properties":{"krov":"ROOF_FLAT","visina":2.3173,"kota_dna":25.101,"kota_vrha":27.4183,"tlocrt":98.54858531,"obujam":141.1029165},"geometry":{"type":"Polygon","coordinates":[[[16.493527,43.524749],[16.493524,43.524714],[16.493439,43.524718],[16.493439,43.524736],[16.493436,43.524736],[16.493436,43.52474],[16.493463,43.52475],[16.493527,43.524749]]]}},{"type":"Feature","properties":{"krov":"ROOF_FLAT","visina":2.0946,"kota_dna":27.688,"kota_vrha":29.7826,"tlocrt":105.37140642,"obujam":145.78716285},"geometry":{"type":"Polygon","coordinates":[[[16.493196,43.524837],[16.493107,43.524837],[16.493109,43.524874],[16.493197,43.524874],[16.493196,43.524837]]]}},{"type":"Feature","properties":{"krov":"ROOF_FLAT","visina":2.7044,"kota_dna":25.15,"kota_vrha":27.8544,"tlocrt":103.6075095,"obujam":118.07272044},"geometry":{"type":"Polygon","coordinates":[[[16.49251,43.524615],[16.492506,43.524598],[16.492382,43.524614],[16.492386,43.524631],[16.49251,43.524615]]]}},{"type":"Feature","properties":{"krov":"ROOF_FLAT","visina":2.1861,"kota_dna":19.718,"kota_vrha":21.9041,"tlocrt":16.11134347,"obujam":67.03840551},"geometry":{"type":"Polygon","coordinates":[[[16.492452,43.523856],[16.492453,43.523857],[16.492436,43.523861],[16.492439,43.52387],[16.492459,43.523866],[16.492454,43.523856],[16.492452,43.523856]]]}},{"type":"Feature","properties":{"krov":"ROOF_FLAT","visina":3.7866,"kota_dna":22.927,"kota_vrha":26.7136,"tlocrt":216.28435038,"obujam":107.90001329},"geometry":{"type":"Polygon","coordinates":[[[16.491776,43.523273],[16.491735,43.523212],[16.491658,43.523239],[16.491694,43.5233],[16.491776,43.523273]]]}},{"type":"Feature","properties":{"krov":"ROOF_FLAT","visina":4.8961,"kota_dna":26.661,"kota_vrha":31.5571,"tlocrt":200.7413693,"obujam":107.81878667},"geometry":{"type":"Polygon","coordinates":[[[16.495293,43.523728],[16.495263,43.523733],[16.495258,43.523734],[16.495171,43.523748],[16.495179,43.523784],[16.495266,43.523771],[16.495293,43.523728]]]}},{"type":"Feature","properties":{"krov":"ROOF_FLAT","visina":6.1594,"kota_dna":26.628,"kota_vrha":32.7874,"tlocrt":229.11337539,"obujam":169.20032058},"geometry":{"type":"Polygon","coordinates":[[[16.495181,43.523663],[16.495174,43.523636],[16.495174,43.523634],[16.49517,43.523619],[16.495169,43.523614],[16.495167,43.523607],[16.495163,43.523592],[16.495162,43.523587],[16.495159,43.523576],[16.495156,43.523565],[16.49513,43.523569],[16.495124,43.523574],[16.495146,43.523667],[16.495181,43.523663]]]}},{"type":"Feature","properties":{"krov":"ROOF_FLAT","visina":3.5815,"kota_dna":24.145,"kota_vrha":27.7265,"tlocrt":145.82546805,"obujam":86.49498935},"geometry":{"type":"Polygon","coordinates":[[[16.494011,43.523421],[16.494051,43.523415],[16.49405,43.523411],[16.494041,43.523369],[16.493966,43.523379],[16.493978,43.523426],[16.494011,43.523421]]]}},{"type":"Feature","properties":{"krov":"ROOF_FLAT","visina":1.3674,"kota_dna":24.189,"kota_vrha":25.5564,"tlocrt":56.09351867,"obujam":91.03368232},"geometry":{"type":"Polygon","coordinates":[[[16.494093,43.523407],[16.494083,43.523364],[16.494041,43.523369],[16.49405,43.523411],[16.494093,43.523407]]]}},{"type":"Feature","properties":{"krov":"ROOF_FLAT","visina":6.3008,"kota_dna":31.344,"kota_vrha":37.6448,"tlocrt":314.17763515,"obujam":103.95125713},"geometry":{"type":"Polygon","coordinates":[[[16.496121,43.524577],[16.496095,43.524539],[16.496208,43.524502],[16.496204,43.524493],[16.496045,43.524547],[16.496066,43.524581],[16.496074,43.524593],[16.496121,43.524577]]]}},{"type":"Feature","properties":{"krov":"ROOF_FLAT","visina":4.4922,"kota_dna":36.776,"kota_vrha":41.2682,"tlocrt":426.52020735,"obujam":106.80561151},"geometry":{"type":"Polygon","coordinates":[[[16.498112,43.526337],[16.498088,43.526336],[16.498089,43.526265],[16.498046,43.526264],[16.498041,43.526449],[16.498109,43.52645],[16.498112,43.526337]]]}},{"type":"Feature","properties":{"krov":"ROOF_FLAT","visina":5.8124,"kota_dna":36.978,"kota_vrha":42.7904,"tlocrt":215.42493375,"obujam":864.94907704},"geometry":{"type":"Polygon","coordinates":[[[16.498144,43.526334],[16.498145,43.526265],[16.498089,43.526265],[16.498088,43.526336],[16.498112,43.526337],[16.498112,43.526333],[16.498144,43.526334]]]}},{"type":"Feature","properties":{"krov":"ROOF_FLAT","visina":12.5602,"kota_dna":33.666,"kota_vrha":46.2262,"tlocrt":245.19285413,"obujam":933.58596317},"geometry":{"type":"Polygon","coordinates":[[[16.497447,43.525552],[16.49742,43.525552],[16.497418,43.525609],[16.497446,43.52561],[16.497447,43.525552]]]}},{"type":"Feature","properties":{"krov":"ROOF_FLAT","visina":12.6972,"kota_dna":33.529,"kota_vrha":46.2262,"tlocrt":244.65998112,"obujam":114.35645614},"geometry":{"type":"Polygon","coordinates":[[[16.49745,43.525444],[16.497424,43.525443],[16.497421,43.5255],[16.497449,43.525501],[16.49745,43.525444]]]}},{"type":"Feature","properties":{"krov":"ROOF_FLAT","visina":17.1823,"kota_dna":33.299,"kota_vrha":50.4813,"tlocrt":678.88606804,"obujam":161.14874998},"geometry":{"type":"Polygon","coordinates":[[[16.497563,43.52529],[16.497439,43.525287],[16.497438,43.525343],[16.497452,43.525343],[16.497561,43.525344],[16.497562,43.525344],[16.497563,43.52529]]]}},{"type":"Feature","properties":{"krov":"ROOF_FLAT","visina":13.0016,"kota_dna":36.126,"kota_vrha":49.1276,"tlocrt":1181.55134222,"obujam":119.10192954},"geometry":{"type":"Polygon","coordinates":[[[16.496938,43.524402],[16.496868,43.524307],[16.496678,43.524381],[16.496746,43.524476],[16.496938,43.524402]]]}},{"type":"Feature","properties":{"krov":"ROOF_FLAT","visina":3.0745,"kota_dna":43.049,"kota_vrha":46.1235,"tlocrt":171.17435504,"obujam":141.21691995},"geometry":{"type":"Polygon","coordinates":[[[16.498778,43.523318],[16.498764,43.52325],[16.498692,43.523258],[16.498708,43.523326],[16.498778,43.523318]]]}},{"type":"Feature","properties":{"krov":"ROOF_FLAT","visina":14.889,"kota_dna":37.534,"kota_vrha":52.423,"tlocrt":459.70775367,"obujam":152.35305051},"geometry":{"type":"Polygon","coordinates":[[[16.499513,43.525538],[16.499458,43.525538],[16.499399,43.525537],[16.499398,43.525571],[16.499513,43.525573],[16.499513,43.525538]]]}},{"type":"Feature","properties":{"krov":"ROOF_FLAT","visina":14.9793,"kota_dna":37.495,"kota_vrha":52.4743,"tlocrt":284.56033575,"obujam":156.44083558},"geometry":{"type":"Polygon","coordinates":[[[16.499329,43.525323],[16.499301,43.525322],[16.4993,43.525379],[16.499328,43.525379],[16.499329,43.525323]]]}},{"type":"Feature","properties":{"krov":"ROOF_FLAT","visina":13.1919,"kota_dna":35.07,"kota_vrha":48.2619,"tlocrt":260.6325724,"obujam":112.77351783},"geometry":{"type":"Polygon","coordinates":[[[16.498631,43.525388],[16.498553,43.525387],[16.498552,43.525409],[16.498631,43.525409],[16.498631,43.525388]]]}},{"type":"Feature","properties":{"krov":"ROOF_FLAT","visina":13.029,"kota_dna":35.269,"kota_vrha":48.298,"tlocrt":251.57311906,"obujam":121.40985049},"geometry":{"type":"Polygon","coordinates":[[[16.49848,43.525386],[16.498404,43.525386],[16.498404,43.525407],[16.49848,43.525408],[16.49848,43.525386]]]}},{"type":"Feature","properties":{"krov":"ROOF_FLAT","visina":2.6785,"kota_dna":39.514,"kota_vrha":42.1925,"tlocrt":95.0497297,"obujam":85.79751881},"geometry":{"type":"Polygon","coordinates":[[[16.499716,43.525868],[16.499819,43.525868],[16.49982,43.525848],[16.499717,43.525847],[16.499716,43.525868]]]}},{"type":"Feature","properties":{"krov":"ROOF_FLAT","visina":4.5851,"kota_dna":38.947,"kota_vrha":43.5321,"tlocrt":685.96209278,"obujam":119.62629289},"geometry":{"type":"Polygon","coordinates":[[[16.498988,43.52658],[16.498991,43.526522],[16.498985,43.526522],[16.498986,43.526517],[16.498737,43.526513],[16.498735,43.526603],[16.498987,43.526606],[16.498988,43.52658]]]}},{"type":"Feature","properties":{"krov":"ROOF_FLAT","visina":1.8345,"kota_dna":42.004,"kota_vrha":43.8385,"tlocrt":34.4035203,"obujam":177.00106727},"geometry":{"type":"Polygon","coordinates":[[[16.499741,43.526617],[16.499795,43.526617],[16.499795,43.526609],[16.499766,43.526608],[16.499766,43.526601],[16.499742,43.5266],[16.499741,43.526617]]]}},{"type":"Feature","properties":{"krov":"ROOF_FLAT","visina":3.8001,"kota_dna":35.556,"kota_vrha":39.3561,"tlocrt":128.78099749,"obujam":97.73866228},"geometry":{"type":"Polygon","coordinates":[[[16.492921,43.525566],[16.492921,43.525563],[16.49292,43.525528],[16.49292,43.525527],[16.492847,43.525528],[16.49285,43.525566],[16.49285,43.525567],[16.492921,43.525566]]]}},{"type":"Feature","properties":{"krov":"ROOF_FLAT","visina":3.0951,"kota_dna":34.712,"kota_vrha":37.8071,"tlocrt":162.5868394,"obujam":18.93599015},"geometry":{"type":"Polygon","coordinates":[[[16.492922,43.5256],[16.492921,43.525566],[16.49285,43.525567],[16.49285,43.525566],[16.492827,43.525567],[16.492829,43.525616],[16.492922,43.525614],[16.492922,43.5256]]]}},{"type":"Feature","properties":{"krov":"ROOF_FLAT","visina":2.6678,"kota_dna":35.193,"kota_vrha":37.8608,"tlocrt":102.18784818,"obujam":52.06325495},"geometry":{"type":"Polygon","coordinates":[[[16.493018,43.525617],[16.493081,43.525617],[16.493078,43.525584],[16.493009,43.525585],[16.493009,43.525582],[16.493,43.525582],[16.493,43.525617],[16.493018,43.525617]]]}},{"type":"Feature","properties":{"krov":"ROOF_FLAT","visina":2.6491,"kota_dna":25.32,"kota_vrha":27.9691,"tlocrt":120.53636508,"obujam":85.71949428},"geometry":{"type":"Polygon","coordinates":[[[16.492518,43.524661],[16.492397,43.524677],[16.492396,43.524674],[16.492391,43.524675],[16.492396,43.5247],[16.492476,43.524691],[16.492475,43.524685],[16.492522,43.524679],[16.492518,43.524661]]]}},{"type":"Feature","properties":{"krov":"ROOF_FLAT","visina":3.5442,"kota_dna":27.149,"kota_vrha":30.6932,"tlocrt":184.73793789,"obujam":64.53588496},"geometry":{"type":"Polygon","coordinates":[[[16.494737,43.525044],[16.494731,43.525003],[16.494679,43.525009],[16.494614,43.525017],[16.494621,43.525047],[16.494623,43.525057],[16.494737,43.525044]]]}},{"type":"Feature","properties":{"krov":"ROOF_FLAT","visina":5.7312,"kota_dna":27.773,"kota_vrha":33.5042,"tlocrt":267.90186201,"obujam":12.53769663},"geometry":{"type":"Polygon","coordinates":[[[16.494657,43.525101],[16.494679,43.525098],[16.494749,43.525091],[16.494749,43.525089],[16.494737,43.525044],[16.494623,43.525057],[16.494628,43.52508],[16.494633,43.525103],[16.494643,43.525102],[16.494657,43.525101]]]}},{"type":"Feature","properties":{"krov":"ROOF_FLAT","visina":5.2048,"kota_dna":27.749,"kota_vrha":32.9538,"tlocrt":70.6473543,"obujam":39.93696736},"geometry":{"type":"Polygon","coordinates":[[[16.494628,43.52508],[16.494623,43.525057],[16.494621,43.525047],[16.494599,43.525049],[16.494603,43.525071],[16.494605,43.525081],[16.494628,43.52508]]]}},{"type":"Feature","properties":{"krov":"ROOF_FLAT","visina":11.6161,"kota_dna":34.466,"kota_vrha":46.0821,"tlocrt":389.96933508,"obujam":122.97535911},"geometry":{"type":"Polygon","coordinates":[[[16.497657,43.525768],[16.497577,43.525767],[16.497566,43.525767],[16.497564,43.525818],[16.497656,43.52582],[16.497657,43.525768]]]}},{"type":"Feature","properties":{"krov":"ROOF_FLAT","visina":16.5274,"kota_dna":34.299,"kota_vrha":50.8264,"tlocrt":554.82773333,"obujam":49.68089427},"geometry":{"type":"Polygon","coordinates":[[[16.497564,43.525818],[16.497566,43.525767],[16.497468,43.525766],[16.497467,43.525817],[16.497467,43.52582],[16.497564,43.525821],[16.497564,43.525818]]]}},{"type":"Feature","properties":{"krov":"ROOF_FLAT","visina":2.4776,"kota_dna":35.164,"kota_vrha":37.6416,"tlocrt":100.30302327,"obujam":66.89772554},"geometry":{"type":"Polygon","coordinates":[[[16.493008,43.525556],[16.492964,43.525554],[16.492961,43.525527],[16.49292,43.525528],[16.492921,43.525563],[16.492999,43.525562],[16.493,43.525582],[16.493009,43.525582],[16.493008,43.525556]]]}},{"type":"Feature","properties":{"krov":"ROOF_FLAT","visina":2.7097,"kota_dna":39.519,"kota_vrha":42.2287,"tlocrt":96.4747888,"obujam":167.44488404},"geometry":{"type":"Polygon","coordinates":[[[16.499818,43.525988],[16.499716,43.525988],[16.499715,43.526009],[16.499817,43.52601],[16.499818,43.525988]]]}},{"type":"Feature","properties":{"krov":"ROOF_FLAT","visina":14.8403,"kota_dna":37.634,"kota_vrha":52.4743,"tlocrt":284.52407669,"obujam":701.03851643},"geometry":{"type":"Polygon","coordinates":[[[16.499332,43.525214],[16.499304,43.525213],[16.499303,43.525271],[16.499331,43.525271],[16.499332,43.525214]]]}},{"type":"Feature","properties":{"krov":"ROOF_FLAT","visina":2.8353,"kota_dna":19.203,"kota_vrha":22.0383,"tlocrt":110.233022,"obujam":1312.51900098},"geometry":{"type":"Polygon","coordinates":[[[16.492436,43.523861],[16.492453,43.523857],[16.492452,43.523856],[16.492439,43.523824],[16.492359,43.523843],[16.492373,43.523874],[16.492436,43.523861]]]}},{"type":"Feature","properties":{"krov":"ROOF_FLAT","visina":5.7824,"kota_dna":32.11,"kota_vrha":37.8924,"tlocrt":90.20192128,"obujam":364.9726068},"geometry":{"type":"Polygon","coordinates":[[[16.495362,43.525908],[16.495361,43.525919],[16.495413,43.525924],[16.495426,43.525926],[16.495428,43.525913],[16.495362,43.525908]]]}},{"type":"Feature","properties":{"krov":"ROOF_FLAT","visina":5.9301,"kota_dna":31.651,"kota_vrha":37.5811,"tlocrt":55.05143256,"obujam":57.2491901},"geometry":{"type":"Polygon","coordinates":[[[16.492074,43.525549],[16.492071,43.525537],[16.49204,43.525539],[16.492042,43.525553],[16.49206,43.525551],[16.492074,43.525549]]]}},{"type":"Feature","properties":{"krov":"ROOF_FLAT","visina":2.6944,"kota_dna":32.984,"kota_vrha":35.6784,"tlocrt":211.1756161,"obujam":485.7877507},"geometry":{"type":"Polygon","coordinates":[[[16.492816,43.526404],[16.492775,43.526331],[16.492706,43.526353],[16.492757,43.526443],[16.492796,43.526432],[16.492786,43.526413],[16.492816,43.526404]]]}},{"type":"Feature","properties":{"krov":"ROOF_FLAT","visina":5.8564,"kota_dna":36.741,"kota_vrha":42.5974,"tlocrt":324.14923733,"obujam":38.81935625},"geometry":{"type":"Polygon","coordinates":[[[16.495222,43.526804],[16.495207,43.526803],[16.495167,43.5268],[16.495109,43.526795],[16.495107,43.526804],[16.49522,43.526814],[16.495237,43.526815],[16.495302,43.526821],[16.495332,43.526823],[16.495328,43.526848],[16.495346,43.52685],[16.49535,43.526815],[16.495222,43.526804]]]}},{"type":"Feature","properties":{"krov":"ROOF_FLAT","visina":2.5049,"kota_dna":32.248,"kota_vrha":34.7529,"tlocrt":99.43620327,"obujam":76.17221204},"geometry":{"type":"Polygon","coordinates":[[[16.494282,43.527413],[16.494218,43.527377],[16.494184,43.527412],[16.494194,43.527417],[16.494205,43.527407],[16.494258,43.527435],[16.494282,43.527413]]]}},{"type":"Feature","properties":{"krov":"ROOF_FLAT","visina":3.8585,"kota_dna":33.237,"kota_vrha":37.0955,"tlocrt":62.68904315,"obujam":42.914811},"geometry":{"type":"Polygon","coordinates":[[[16.493641,43.526784],[16.493605,43.526767],[16.493588,43.526786],[16.493624,43.526803],[16.493641,43.526784]]]}},{"type":"Feature","properties":{"krov":"ROOF_FLAT","visina":4.1278,"kota_dna":40.002,"kota_vrha":44.1298,"tlocrt":173.81285833,"obujam":206.49427086},"geometry":{"type":"Polygon","coordinates":[[[16.497791,43.528336],[16.497678,43.528334],[16.497676,43.528367],[16.49779,43.528369],[16.497791,43.528336]]]}},{"type":"Feature","properties":{"krov":"ROOF_FLAT","visina":2.8759,"kota_dna":40.593,"kota_vrha":43.4689,"tlocrt":67.84607659,"obujam":561.2202689},"geometry":{"type":"Polygon","coordinates":[[[16.497532,43.528782],[16.497533,43.528748],[16.497533,43.528735],[16.497528,43.528735],[16.497528,43.528769],[16.497507,43.528769],[16.497487,43.528769],[16.497486,43.528784],[16.497532,43.528784],[16.497532,43.528782]]]}},{"type":"Feature","properties":{"krov":"ROOF_FLAT","visina":2.9765,"kota_dna":40.734,"kota_vrha":43.7105,"tlocrt":59.59115313,"obujam":27.47445908},"geometry":{"type":"Polygon","coordinates":[[[16.497566,43.52878],[16.497566,43.528748],[16.497533,43.528748],[16.497532,43.528782],[16.497566,43.528783],[16.497566,43.52878]]]}},{"type":"Feature","properties":{"krov":"ROOF_FLAT","visina":2.6063,"kota_dna":40.965,"kota_vrha":43.5713,"tlocrt":49.96259549,"obujam":134.21980413},"geometry":{"type":"Polygon","coordinates":[[[16.497566,43.528748],[16.497566,43.52878],[16.497596,43.52878],[16.497598,43.528748],[16.497566,43.528748]]]}},{"type":"Feature","properties":{"krov":"ROOF_FLAT","visina":2.2045,"kota_dna":42.736,"kota_vrha":44.9405,"tlocrt":108.13266606,"obujam":74.14256018},"geometry":{"type":"Polygon","coordinates":[[[16.498532,43.524197],[16.498499,43.524162],[16.498435,43.524193],[16.498468,43.524229],[16.498532,43.524197]]]}},{"type":"Feature","properties":{"krov":"ROOF_FLAT","visina":3.3569,"kota_dna":25.876,"kota_vrha":29.2329,"tlocrt":99.05540576,"obujam":460.15363504},"geometry":{"type":"Polygon","coordinates":[[[16.492636,43.527265],[16.492628,43.527225],[16.49263,43.527225],[16.492629,43.527219],[16.49258,43.527227],[16.492592,43.527271],[16.492636,43.527265]]]}},{"type":"Feature","properties":{"krov":"ROOF_FLAT","visina":2.1617,"kota_dna":24.118,"kota_vrha":26.2797,"tlocrt":118.88107551,"obujam":4062.45715527},"geometry":{"type":"Polygon","coordinates":[[[16.493793,43.522893],[16.493791,43.522889],[16.493846,43.522878],[16.493834,43.522856],[16.493829,43.522857],[16.493708,43.522882],[16.493718,43.522906],[16.493793,43.522893]]]}},{"type":"Feature","properties":{"krov":"ROOF_FLAT","visina":7.539,"kota_dna":30.571,"kota_vrha":38.11,"tlocrt":1259.63973441,"obujam":984.10208497},"geometry":{"type":"Polygon","coordinates":[[[16.495185,43.529265],[16.495183,43.529259],[16.495188,43.529258],[16.495184,43.529243],[16.49492,43.529272],[16.494927,43.529302],[16.495177,43.529267],[16.495182,43.529266],[16.495185,43.529265]]]}},{"type":"Feature","properties":{"krov":"ROOF_FLAT","visina":4.0442,"kota_dna":25.702,"kota_vrha":29.7462,"tlocrt":181.66357347,"obujam":688.10891294},"geometry":{"type":"Polygon","coordinates":[[[16.493686,43.528885],[16.493686,43.528881],[16.493684,43.528831],[16.493816,43.528827],[16.493816,43.52882],[16.493683,43.528824],[16.493669,43.528824],[16.493673,43.528885],[16.493686,43.528885]]]}},{"type":"Feature","properties":{"krov":"ROOF_FLAT","visina":3.1072,"kota_dna":27.303,"kota_vrha":30.4102,"tlocrt":149.28085411,"obujam":116.18712683},"geometry":{"type":"Polygon","coordinates":[[[16.493499,43.528105],[16.493502,43.528092],[16.493535,43.528095],[16.493542,43.528053],[16.493457,43.528047],[16.493452,43.52809],[16.493476,43.528092],[16.493475,43.528102],[16.493499,43.528105]]]}},{"type":"Feature","properties":{"krov":"ROOF_FLAT","visina":2.8041,"kota_dna":28.346,"kota_vrha":31.1501,"tlocrt":102.9270149,"obujam":11.67033673},"geometry":{"type":"Polygon","coordinates":[[[16.493539,43.527851],[16.493547,43.527799],[16.493512,43.527797],[16.493505,43.527856],[16.49351,43.527857],[16.493507,43.527869],[16.493534,43.527871],[16.493537,43.527851],[16.493539,43.527851]]]}},{"type":"Feature","properties":{"krov":"ROOF_FLAT","visina":2.4,"kota_dna":25.755,"kota_vrha":28.155,"tlocrt":112.91984243,"obujam":43.40149237},"geometry":{"type":"Polygon","coordinates":[[[16.492722,43.527516],[16.492678,43.527519],[16.492678,43.527515],[16.49265,43.527518],[16.492654,43.527531],[16.49266,43.527548],[16.492673,43.527557],[16.492732,43.527564],[16.492738,43.52752],[16.492722,43.52752],[16.492722,43.527516]]]}},{"type":"Feature","properties":{"krov":"ROOF_FLAT","visina":3.028,"kota_dna":27.937,"kota_vrha":30.965,"tlocrt":193.17979142,"obujam":54.25388756},"geometry":{"type":"Polygon","coordinates":[[[16.492904,43.527528],[16.492893,43.52747],[16.492795,43.527479],[16.492806,43.527538],[16.492904,43.527528]]]}},{"type":"Feature","properties":{"krov":"ROOF_FLAT","visina":5.8117,"kota_dna":24.125,"kota_vrha":29.9367,"tlocrt":184.47744941,"obujam":79.5378627},"geometry":{"type":"Polygon","coordinates":[[[16.493217,43.528326],[16.493216,43.528266],[16.493163,43.528267],[16.493165,43.528327],[16.493217,43.528326]]]}},{"type":"Feature","properties":{"krov":"ROOF_FLAT","visina":4.456,"kota_dna":27.514,"kota_vrha":31.97,"tlocrt":309.66340364,"obujam":28.93858142},"geometry":{"type":"Polygon","coordinates":[[[16.49379,43.522536],[16.493784,43.522519],[16.493834,43.522509],[16.493878,43.522501],[16.493884,43.522519],[16.493889,43.522518],[16.493869,43.522452],[16.49375,43.522474],[16.493752,43.522482],[16.493755,43.52249],[16.493771,43.52252],[16.493748,43.522528],[16.493749,43.522531],[16.493758,43.522546],[16.49379,43.522536]]]}},{"type":"Feature","properties":{"krov":"ROOF_FLAT","visina":4.6596,"kota_dna":26.875,"kota_vrha":31.5346,"tlocrt":180.2213452,"obujam":57.92308663},"geometry":{"type":"Polygon","coordinates":[[[16.493749,43.522531],[16.493748,43.522528],[16.493771,43.52252],[16.493755,43.52249],[16.493752,43.522482],[16.493668,43.52251],[16.493691,43.522548],[16.493691,43.522549],[16.493749,43.522531]]]}},{"type":"Feature","properties":{"krov":"ROOF_FLAT","visina":2.8503,"kota_dna":22.66,"kota_vrha":25.5103,"tlocrt":148.41567322,"obujam":59.26059221},"geometry":{"type":"Polygon","coordinates":[[[16.493202,43.522988],[16.493199,43.522981],[16.49325,43.522967],[16.493239,43.522948],[16.493104,43.522984],[16.493118,43.52301],[16.493202,43.522988]]]}},{"type":"Feature","properties":{"krov":"ROOF_FLAT","visina":5.6637,"kota_dna":22.67,"kota_vrha":28.3337,"tlocrt":516.7321003,"obujam":759.5176656},"geometry":{"type":"Polygon","coordinates":[[[16.493248,43.523081],[16.493304,43.523065],[16.493306,43.523064],[16.49325,43.522967],[16.493199,43.522981],[16.493202,43.522988],[16.493204,43.522987],[16.49322,43.523016],[16.493234,43.523042],[16.493104,43.523078],[16.493125,43.523116],[16.493248,43.523081]]]}},{"type":"Feature","properties":{"krov":"ROOF_FLAT","visina":4.9083,"kota_dna":46.56,"kota_vrha":51.4683,"tlocrt":75.796211,"obujam":72.42131014},"geometry":{"type":"Polygon","coordinates":[[[16.4984,43.520916],[16.498356,43.520933],[16.498366,43.520948],[16.498412,43.520933],[16.4984,43.520916]]]}},{"type":"Feature","properties":{"krov":"ROOF_FLAT","visina":2.2798,"kota_dna":40.228,"kota_vrha":42.5078,"tlocrt":20.17262688,"obujam":837.79085803},"geometry":{"type":"Polygon","coordinates":[[[16.496817,43.520984],[16.496817,43.520978],[16.496798,43.520979],[16.496792,43.520985],[16.496792,43.520992],[16.496813,43.520992],[16.496814,43.520984],[16.496817,43.520984]]]}},{"type":"Feature","properties":{"krov":"ROOF_FLAT","visina":2.9281,"kota_dna":19.282,"kota_vrha":22.2101,"tlocrt":222.77366523,"obujam":57.42407441},"geometry":{"type":"Polygon","coordinates":[[[16.491846,43.528923],[16.491733,43.528924],[16.491722,43.528925],[16.491722,43.528921],[16.491686,43.528921],[16.491684,43.52896],[16.491863,43.528957],[16.491862,43.528922],[16.491846,43.528923]]]}},{"type":"Feature","properties":{"krov":"ROOF_FLAT","visina":4.4904,"kota_dna":17.202,"kota_vrha":21.6924,"tlocrt":347.61746896,"obujam":7.25629639},"geometry":{"type":"Polygon","coordinates":[[[16.49068,43.528909],[16.49068,43.528906],[16.490701,43.528906],[16.490703,43.528837],[16.490708,43.528822],[16.490717,43.52881],[16.490728,43.528803],[16.490741,43.528798],[16.490754,43.528796],[16.490766,43.528795],[16.490837,43.528796],[16.490837,43.528815],[16.490851,43.528816],[16.490853,43.528775],[16.490826,43.528773],[16.490788,43.528775],[16.49077,43.528778],[16.490747,43.528784],[16.490722,43.528797],[16.490704,43.52881],[16.49069,43.528824],[16.490679,43.528841],[16.490673,43.528858],[16.490671,43.528878],[16.490671,43.52891],[16.49068,43.528909]]]}},{"type":"Feature","properties":{"krov":"ROOF_FLAT","visina":5.5276,"kota_dna":21.887,"kota_vrha":27.4146,"tlocrt":419.60797266,"obujam":26.63663135},"geometry":{"type":"Polygon","coordinates":[[[16.490588,43.523297],[16.490489,43.523324],[16.490482,43.523326],[16.490501,43.523368],[16.490489,43.523371],[16.490505,43.523407],[16.490573,43.523388],[16.490578,43.523397],[16.490601,43.52339],[16.490597,43.523382],[16.490633,43.523372],[16.490592,43.523296],[16.490588,43.523297]]]}},{"type":"Feature","properties":{"krov":"ROOF_FLAT","visina":3.0966,"kota_dna":16.748,"kota_vrha":19.8446,"tlocrt":186.34611429,"obujam":1605.51790725},"geometry":{"type":"Polygon","coordinates":[[[16.490091,43.524326],[16.49009,43.524324],[16.490111,43.524317],[16.490127,43.524311],[16.490166,43.524298],[16.490175,43.524311],[16.490274,43.524276],[16.490268,43.524267],[16.490172,43.524298],[16.490164,43.524287],[16.490047,43.524329],[16.490054,43.524341],[16.490091,43.524326]]]}},{"type":"Feature","properties":{"krov":"ROOF_FLAT","visina":6.0629,"kota_dna":17.024,"kota_vrha":23.0869,"tlocrt":507.33352225,"obujam":126.08665699},"geometry":{"type":"Polygon","coordinates":[[[16.490274,43.524276],[16.490175,43.524311],[16.490195,43.524341],[16.490222,43.524381],[16.490233,43.524377],[16.490262,43.524417],[16.49035,43.524386],[16.490274,43.524276]]]}},{"type":"Feature","properties":{"krov":"ROOF_FLAT","visina":2.5023,"kota_dna":18.609,"kota_vrha":21.1113,"tlocrt":283.67142015,"obujam":6133.28996628},"geometry":{"type":"Polygon","coordinates":[[[16.490224,43.524541],[16.490278,43.524501],[16.490306,43.524521],[16.490354,43.524485],[16.490301,43.524448],[16.490293,43.524454],[16.490279,43.524445],[16.49024,43.524475],[16.490211,43.524454],[16.490158,43.524493],[16.490224,43.524541]]]}},{"type":"Feature","properties":{"krov":"ROOF_FLAT","visina":2.4231,"kota_dna":23.595,"kota_vrha":26.0181,"tlocrt":115.31212005,"obujam":1126.01389371},"geometry":{"type":"Polygon","coordinates":[[[16.488277,43.523776],[16.488255,43.523695],[16.488212,43.5237],[16.488218,43.523727],[16.488232,43.523729],[16.488246,43.52378],[16.488277,43.523776]]]}},{"type":"Feature","properties":{"krov":"ROOF_FLAT","visina":4.6968,"kota_dna":18.051,"kota_vrha":22.7478,"tlocrt":308.00959665,"obujam":48.44699974},"geometry":{"type":"Polygon","coordinates":[[[16.489346,43.524891],[16.489207,43.524936],[16.489223,43.524961],[16.489295,43.524937],[16.489319,43.524972],[16.489384,43.524952],[16.489346,43.524891]]]}},{"type":"Feature","properties":{"krov":"ROOF_FLAT","visina":18.9686,"kota_dna":16.326,"kota_vrha":35.2946,"tlocrt":5687.77304023,"obujam":35.06135022},"geometry":{"type":"Polygon","coordinates":[[[16.490525,43.528875],[16.490479,43.528875],[16.490483,43.529292],[16.490508,43.529292],[16.490518,43.529049],[16.490519,43.529013],[16.490525,43.528875]]]}},{"type":"Feature","properties":{"krov":"ROOF_FLAT","visina":5.1853,"kota_dna":21.992,"kota_vrha":27.1773,"tlocrt":498.08358278,"obujam":2421.26051941},"geometry":{"type":"Polygon","coordinates":[[[16.492196,43.529213],[16.492253,43.529213],[16.492313,43.529214],[16.492314,43.529198],[16.492333,43.529199],[16.492334,43.529168],[16.49231,43.529168],[16.492313,43.529117],[16.492282,43.529116],[16.492281,43.52911],[16.492219,43.529109],[16.492219,43.529118],[16.49218,43.529116],[16.492178,43.529181],[16.492187,43.529182],[16.492187,43.529213],[16.492196,43.529213]]]}},{"type":"Feature","properties":{"krov":"ROOF_FLAT","visina":3.5692,"kota_dna":44.365,"kota_vrha":47.9342,"tlocrt":434.59318247,"obujam":135.44464645},"geometry":{"type":"Polygon","coordinates":[[[16.499171,43.528638],[16.499135,43.528637],[16.499135,43.528642],[16.499106,43.528641],[16.499078,43.528641],[16.499076,43.528666],[16.499025,43.528665],[16.499024,43.528739],[16.499159,43.528741],[16.49916,43.528701],[16.499192,43.528701],[16.499193,43.528639],[16.499171,43.528638]]]}},{"type":"Feature","properties":{"krov":"ROOF_FLAT","visina":2.578,"kota_dna":32.619,"kota_vrha":35.197,"tlocrt":118.74707555,"obujam":402.83693297},"geometry":{"type":"Polygon","coordinates":[[[16.494343,43.527442],[16.494345,43.527444],[16.494305,43.527482],[16.494368,43.527503],[16.4944,43.527453],[16.494356,43.527437],[16.494343,43.527442]]]}},{"type":"Feature","properties":{"krov":"ROOF_FLAT","visina":2.6748,"kota_dna":32.723,"kota_vrha":35.3978,"tlocrt":98.71910578,"obujam":6116.58299919},"geometry":{"type":"Polygon","coordinates":[[[16.494439,43.52735],[16.49449,43.527359],[16.494538,43.527367],[16.494535,43.527359],[16.494527,43.527348],[16.494506,43.527335],[16.49447,43.527324],[16.494452,43.527319],[16.494439,43.52735]]]}},{"type":"Feature","properties":{"krov":"ROOF_FLAT","visina":5.6398,"kota_dna":32.108,"kota_vrha":37.7478,"tlocrt":150.95060801,"obujam":1969.80726864},"geometry":{"type":"Polygon","coordinates":[[[16.494841,43.527422],[16.49484,43.527414],[16.494784,43.527419],[16.494782,43.527411],[16.494726,43.527416],[16.494726,43.527433],[16.494841,43.527422]]]}},{"type":"Feature","properties":{"krov":"ROOF_FLAT","visina":5.8197,"kota_dna":33.394,"kota_vrha":39.2137,"tlocrt":167.14360061,"obujam":7319.74375596},"geometry":{"type":"Polygon","coordinates":[[[16.494506,43.527127],[16.494445,43.527117],[16.49444,43.527128],[16.494388,43.527119],[16.494386,43.527125],[16.494385,43.527127],[16.4944,43.52713],[16.494413,43.527132],[16.494417,43.527133],[16.494438,43.527136],[16.494446,43.527137],[16.49447,43.527142],[16.494481,43.527143],[16.494493,43.527146],[16.494494,43.527146],[16.4945,43.527147],[16.494506,43.527127]]]}},{"type":"Feature","properties":{"krov":"ROOF_FLAT","visina":7.4397,"kota_dna":35.3,"kota_vrha":42.7397,"tlocrt":227.8859868,"obujam":1581.33768826},"geometry":{"type":"Polygon","coordinates":[[[16.494845,43.526995],[16.494781,43.526982],[16.494768,43.52699],[16.494753,43.527036],[16.49476,43.527043],[16.494762,43.527036],[16.494779,43.527039],[16.494792,43.527002],[16.49484,43.52701],[16.494845,43.526995]]]}},{"type":"Feature","properties":{"krov":"ROOF_FLAT","visina":3.0032,"kota_dna":34.39,"kota_vrha":37.3932,"tlocrt":169.22283066,"obujam":1635.08704702},"geometry":{"type":"Polygon","coordinates":[[[16.495245,43.527338],[16.495241,43.527338],[16.495236,43.527296],[16.495201,43.527294],[16.495176,43.527292],[16.495151,43.527291],[16.495153,43.527277],[16.495145,43.527277],[16.495149,43.527305],[16.495152,43.527305],[16.495154,43.527347],[16.495245,43.527341],[16.495245,43.527338]]]}},{"type":"Feature","properties":{"krov":"ROOF_FLAT","visina":6.2048,"kota_dna":36.943,"kota_vrha":43.1478,"tlocrt":708.99037196,"obujam":289.60151156},"geometry":{"type":"Polygon","coordinates":[[[16.495032,43.526676],[16.495037,43.526659],[16.495046,43.52666],[16.495058,43.526622],[16.495049,43.52662],[16.495059,43.52659],[16.495007,43.526581],[16.494998,43.526612],[16.494889,43.526593],[16.494873,43.526645],[16.49487,43.526645],[16.494857,43.526684],[16.495047,43.526716],[16.495058,43.52668],[16.495032,43.526676]]]}},{"type":"Feature","properties":{"krov":"ROOF_FLAT","visina":2.7554,"kota_dna":37.396,"kota_vrha":40.1514,"tlocrt":167.2663901,"obujam":385.19602097},"geometry":{"type":"Polygon","coordinates":[[[16.495308,43.526588],[16.495304,43.526611],[16.495299,43.526639],[16.495259,43.526634],[16.495258,43.526642],[16.495341,43.52665],[16.495348,43.526642],[16.495375,43.526645],[16.495385,43.526596],[16.495308,43.526588]]]}},{"type":"Feature","properties":{"krov":"ROOF_FLAT","visina":6.835,"kota_dna":36.589,"kota_vrha":43.424,"tlocrt":725.78973041,"obujam":126.18493116},"geometry":{"type":"Polygon","coordinates":[[[16.495383,43.526527],[16.495397,43.526456],[16.495251,43.526438],[16.495244,43.526463],[16.495258,43.526464],[16.495254,43.526484],[16.495256,43.526485],[16.495254,43.526494],[16.495212,43.526488],[16.495206,43.526513],[16.495246,43.526518],[16.49524,43.526547],[16.495325,43.526558],[16.495323,43.526569],[16.495388,43.526576],[16.495398,43.526528],[16.495383,43.526527]]]}},{"type":"Feature","properties":{"krov":"ROOF_FLAT","visina":3.3589,"kota_dna":33.348,"kota_vrha":36.7069,"tlocrt":343.29000771,"obujam":131.28174657},"geometry":{"type":"Polygon","coordinates":[[[16.492902,43.526411],[16.492901,43.526409],[16.492966,43.52639],[16.493022,43.526373],[16.492993,43.526312],[16.492932,43.52633],[16.492925,43.526319],[16.492894,43.52633],[16.4929,43.526339],[16.492841,43.526357],[16.492875,43.52642],[16.492902,43.526411]]]}},{"type":"Feature","properties":{"krov":"ROOF_FLAT","visina":2.8972,"kota_dna":34.457,"kota_vrha":37.3542,"tlocrt":121.60963003,"obujam":514.1896169},"geometry":{"type":"Polygon","coordinates":[[[16.493274,43.526352],[16.493279,43.526336],[16.493293,43.526327],[16.493282,43.526306],[16.493201,43.526326],[16.493203,43.52633],[16.493221,43.526365],[16.493274,43.526352]]]}},{"type":"Feature","properties":{"krov":"ROOF_FLAT","visina":3.1821,"kota_dna":35.597,"kota_vrha":38.7791,"tlocrt":189.98675535,"obujam":41.11667475},"geometry":{"type":"Polygon","coordinates":[[[16.493778,43.525904],[16.493779,43.525901],[16.49382,43.525913],[16.493872,43.525928],[16.49387,43.525931],[16.493887,43.525935],[16.493906,43.525897],[16.493806,43.525858],[16.493784,43.525888],[16.493778,43.525889],[16.493769,43.5259],[16.493778,43.525904]]]}},{"type":"Feature","properties":{"krov":"ROOF_FLAT","visina":2.443,"kota_dna":32.033,"kota_vrha":34.476,"tlocrt":99.13027865,"obujam":96.96270081},"geometry":{"type":"Polygon","coordinates":[[[16.492417,43.52608],[16.492415,43.526077],[16.492464,43.526069],[16.492446,43.526029],[16.492385,43.52604],[16.492401,43.526083],[16.492417,43.52608]]]}},{"type":"Feature","properties":{"krov":"ROOF_FLAT","visina":2.8176,"kota_dna":18.758,"kota_vrha":21.5756,"tlocrt":64.52374466,"obujam":140.00726905},"geometry":{"type":"Polygon","coordinates":[[[16.491869,43.523839],[16.491882,43.523836],[16.491887,43.523846],[16.491916,43.523839],[16.49192,43.523848],[16.491928,43.523846],[16.491931,43.523841],[16.491931,43.523838],[16.491923,43.523821],[16.491917,43.523819],[16.491907,43.523819],[16.491871,43.523828],[16.491868,43.523831],[16.491867,43.523835],[16.491869,43.523839]]]}},{"type":"Feature","properties":{"krov":"ROOF_FLAT","visina":5.6965,"kota_dna":25.938,"kota_vrha":31.6345,"tlocrt":409.77989771,"obujam":158.57071035},"geometry":{"type":"Polygon","coordinates":[[[16.493947,43.524882],[16.493935,43.524819],[16.493987,43.524815],[16.493974,43.524755],[16.493899,43.524764],[16.493907,43.524798],[16.493875,43.524802],[16.493883,43.524835],[16.493889,43.524862],[16.493895,43.524887],[16.493947,43.524882]]]}},{"type":"Feature","properties":{"krov":"ROOF_FLAT","visina":3.314,"kota_dna":25.29,"kota_vrha":28.604,"tlocrt":343.60316756,"obujam":520.62023336},"geometry":{"type":"Polygon","coordinates":[[[16.494395,43.524695],[16.494403,43.524695],[16.494396,43.524662],[16.494368,43.524666],[16.494342,43.524554],[16.494309,43.524557],[16.49429,43.524559],[16.494278,43.52456],[16.494311,43.524704],[16.494395,43.524695]]]}},{"type":"Feature","properties":{"krov":"ROOF_FLAT","visina":3.4579,"kota_dna":24.137,"kota_vrha":27.5949,"tlocrt":128.60217164,"obujam":425.30327431},"geometry":{"type":"Polygon","coordinates":[[[16.494093,43.523407],[16.49405,43.523411],[16.494051,43.523415],[16.494011,43.523421],[16.494019,43.523453],[16.494102,43.523443],[16.494093,43.523407]]]}},{"type":"Feature","properties":{"krov":"ROOF_FLAT","visina":3.1062,"kota_dna":31.065,"kota_vrha":34.1712,"tlocrt":83.7311815,"obujam":113.36824473},"geometry":{"type":"Polygon","coordinates":[[[16.496108,43.52472],[16.496084,43.524684],[16.496104,43.524677],[16.496125,43.524669],[16.496121,43.524663],[16.496118,43.524664],[16.496117,43.524662],[16.496067,43.524679],[16.496094,43.524724],[16.496108,43.52472]]]}},{"type":"Feature","properties":{"krov":"ROOF_FLAT","visina":5.7712,"kota_dna":36.456,"kota_vrha":42.2272,"tlocrt":3911.1081176,"obujam":123.58138572},"geometry":{"type":"Polygon","coordinates":[[[16.497554,43.523938],[16.497358,43.523663],[16.497159,43.523689],[16.497491,43.52415],[16.497179,43.524263],[16.497238,43.524346],[16.497727,43.524169],[16.497554,43.523938]]]}},{"type":"Feature","properties":{"krov":"ROOF_FLAT","visina":13.3914,"kota_dna":35.087,"kota_vrha":48.4784,"tlocrt":425.80394134,"obujam":252.16119826},"geometry":{"type":"Polygon","coordinates":[[[16.498893,43.525255],[16.498849,43.525254],[16.498848,43.525295],[16.498847,43.525336],[16.498892,43.525337],[16.498893,43.525316],[16.49888,43.525315],[16.498881,43.525275],[16.498893,43.525276],[16.498893,43.525255]]]}},{"type":"Feature","properties":{"krov":"ROOF_FLAT","visina":8.617,"kota_dna":40.98,"kota_vrha":49.597,"tlocrt":665.047374,"obujam":148.96807544},"geometry":{"type":"Polygon","coordinates":[[[16.499443,43.52817],[16.499513,43.528175],[16.499572,43.528178],[16.499572,43.528183],[16.499575,43.528184],[16.499579,43.528159],[16.499606,43.528161],[16.49961,43.528135],[16.499581,43.528132],[16.499589,43.528083],[16.499457,43.528072],[16.499443,43.52817]]]}},{"type":"Feature","properties":{"krov":"ROOF_FLAT","visina":3.4357,"kota_dna":31.409,"kota_vrha":34.8447,"tlocrt":362.63545693,"obujam":130.29062625},"geometry":{"type":"Polygon","coordinates":[[[16.495307,43.525796],[16.495309,43.525796],[16.495303,43.525834],[16.4953,43.525833],[16.495294,43.525873],[16.495414,43.525885],[16.495421,43.525843],[16.495405,43.525841],[16.495411,43.525808],[16.495425,43.525809],[16.49543,43.525784],[16.495311,43.525773],[16.495307,43.525796]]]}},{"type":"Feature","properties":{"krov":"ROOF_FLAT","visina":6.1294,"kota_dna":21.657,"kota_vrha":27.7864,"tlocrt":122.0179478,"obujam":136.5904777},"geometry":{"type":"Polygon","coordinates":[[[16.489495,43.523851],[16.489504,43.52387],[16.489513,43.523889],[16.48955,43.52388],[16.489533,43.523842],[16.489495,43.523851]]]}},{"type":"Feature","properties":{"krov":"ROOF_FLAT","visina":5.1794,"kota_dna":36.195,"kota_vrha":41.3744,"tlocrt":82.48002446,"obujam":154.80092984},"geometry":{"type":"Polygon","coordinates":[[[16.495249,43.527047],[16.49529,43.527051],[16.495295,43.527025],[16.495253,43.527022],[16.495249,43.527047]]]}},{"type":"Feature","properties":{"krov":"ROOF_FLAT","visina":6.8966,"kota_dna":36.195,"kota_vrha":43.0916,"tlocrt":529.6051211,"obujam":576.53937477},"geometry":{"type":"Polygon","coordinates":[[[16.495226,43.527045],[16.495249,43.527047],[16.495253,43.527022],[16.495295,43.527025],[16.49529,43.527051],[16.495339,43.527055],[16.495359,43.527057],[16.495375,43.526966],[16.495241,43.526955],[16.495226,43.527045]]]}},{"type":"Feature","properties":{"krov":"ROOF_FLAT","visina":5.2411,"kota_dna":34.358,"kota_vrha":39.5991,"tlocrt":77.08324876,"obujam":782.41185492},"geometry":{"type":"Polygon","coordinates":[[[16.494319,43.526823],[16.49433,43.526861],[16.494349,43.526859],[16.494339,43.52682],[16.494319,43.526823]]]}},{"type":"Feature","properties":{"krov":"ROOF_FLAT","visina":2.6119,"kota_dna":38.546,"kota_vrha":41.1579,"tlocrt":24.95313573,"obujam":492.69854147},"geometry":{"type":"Polygon","coordinates":[[[16.499346,43.525926],[16.499348,43.525932],[16.499348,43.525936],[16.499348,43.525941],[16.499347,43.525945],[16.499345,43.525951],[16.499341,43.525956],[16.499364,43.525939],[16.499346,43.525926]]]}},{"type":"Feature","properties":{"krov":"ROOF_FLAT","visina":3.9642,"kota_dna":38.078,"kota_vrha":42.0422,"tlocrt":281.88832067,"obujam":25.67043193},"geometry":{"type":"Polygon","coordinates":[[[16.499341,43.525956],[16.499345,43.525951],[16.499347,43.525945],[16.499348,43.525941],[16.499348,43.525936],[16.499348,43.525932],[16.499346,43.525926],[16.499286,43.525885],[16.499211,43.525938],[16.499285,43.525995],[16.499341,43.525956]]]}},{"type":"Feature","properties":{"krov":"ROOF_NOT_FLAT","visina":5.731,"kota_dna":27.414,"kota_vrha":33.145,"tlocrt":1411.91930993,"obujam":191.42968661},"geometry":{"type":"Polygon","coordinates":[[[16.492056,43.522914],[16.491889,43.522572],[16.491767,43.522605],[16.491827,43.522729],[16.491848,43.52277],[16.491933,43.522946],[16.492056,43.522914]]]}},{"type":"Feature","properties":{"krov":"ROOF_NOT_FLAT","visina":7.4738,"kota_dna":27.073,"kota_vrha":34.5468,"tlocrt":4205.15446688,"obujam":236.86216808},"geometry":{"type":"Polygon","coordinates":[[[16.492844,43.52271],[16.492189,43.52288],[16.492056,43.522914],[16.491933,43.522946],[16.491928,43.522947],[16.492056,43.523054],[16.49208,43.523047],[16.49215,43.523029],[16.492246,43.523004],[16.492277,43.523068],[16.492453,43.523023],[16.492514,43.522993],[16.492527,43.522989],[16.492533,43.522984],[16.492638,43.522955],[16.4927,43.522939],[16.49277,43.522897],[16.492915,43.522861],[16.492844,43.52271]]]}},{"type":"Feature","properties":{"krov":"ROOF_NOT_FLAT","visina":9.6863,"kota_dna":28.427,"kota_vrha":38.1133,"tlocrt":194.8072831,"obujam":67.82584111},"geometry":{"type":"Polygon","coordinates":[[[16.493638,43.527813],[16.493594,43.52781],[16.493587,43.527854],[16.493587,43.527854],[16.493632,43.527858],[16.493638,43.527813]]]}},{"type":"Feature","properties":{"krov":"ROOF_NOT_FLAT","visina":9.086,"kota_dna":28.427,"kota_vrha":37.513,"tlocrt":193.46452295,"obujam":218.8925654},"geometry":{"type":"Polygon","coordinates":[[[16.493638,43.527813],[16.493632,43.527858],[16.493665,43.52786],[16.493667,43.52786],[16.493672,43.527801],[16.493639,43.5278],[16.493638,43.527813]]]}},{"type":"Feature","properties":{"krov":"ROOF_NOT_FLAT","visina":9.19,"kota_dna":28.441,"kota_vrha":37.631,"tlocrt":230.13086453,"obujam":328.23920672},"geometry":{"type":"Polygon","coordinates":[[[16.493594,43.52781],[16.493596,43.527797],[16.493548,43.527794],[16.493547,43.527799],[16.493539,43.527851],[16.493587,43.527854],[16.493594,43.52781]]]}},{"type":"Feature","properties":{"krov":"ROOF_NOT_FLAT","visina":4.3003,"kota_dna":37.272,"kota_vrha":41.5723,"tlocrt":377.40559235,"obujam":59.79093102},"geometry":{"type":"Polygon","coordinates":[[[16.49769,43.522563],[16.497618,43.522502],[16.497506,43.522576],[16.497577,43.522636],[16.49769,43.522563]]]}},{"type":"Feature","properties":{"krov":"ROOF_NOT_FLAT","visina":4.3211,"kota_dna":37.479,"kota_vrha":41.8001,"tlocrt":177.59165243,"obujam":525.51558746},"geometry":{"type":"Polygon","coordinates":[[[16.498196,43.521826],[16.498166,43.521795],[16.498079,43.521838],[16.498109,43.52187],[16.498196,43.521826]]]}},{"type":"Feature","properties":{"krov":"ROOF_NOT_FLAT","visina":6.9584,"kota_dna":37.815,"kota_vrha":44.7734,"tlocrt":793.67565163,"obujam":1608.32076377},"geometry":{"type":"Polygon","coordinates":[[[16.498661,43.521936],[16.498602,43.521867],[16.498369,43.521973],[16.498425,43.522042],[16.498661,43.521936]]]}},{"type":"Feature","properties":{"krov":"ROOF_NOT_FLAT","visina":2.7432,"kota_dna":46.796,"kota_vrha":49.5392,"tlocrt":53.89194148,"obujam":9.83403475},"geometry":{"type":"Polygon","coordinates":[[[16.498095,43.521359],[16.498072,43.521333],[16.49804,43.521348],[16.498062,43.521374],[16.498095,43.521359]]]}},{"type":"Feature","properties":{"krov":"ROOF_NOT_FLAT","visina":2.3673,"kota_dna":47.831,"kota_vrha":50.1983,"tlocrt":60.7955867,"obujam":61.36068796},"geometry":{"type":"Polygon","coordinates":[[[16.49847,43.520526],[16.498438,43.52053],[16.498435,43.52053],[16.498444,43.520569],[16.498482,43.520564],[16.498474,43.520526],[16.49847,43.520526]]]}},{"type":"Feature","properties":{"krov":"ROOF_NOT_FLAT","visina":2.8278,"kota_dna":40.08,"kota_vrha":42.9078,"tlocrt":36.70451236,"obujam":55.91223909},"geometry":{"type":"Polygon","coordinates":[[[16.496791,43.521005],[16.496768,43.521005],[16.496767,43.521031],[16.496791,43.521031],[16.496791,43.521005]]]}},{"type":"Feature","properties":{"krov":"ROOF_NOT_FLAT","visina":2.7278,"kota_dna":40.08,"kota_vrha":42.8078,"tlocrt":56.1947174,"obujam":11.92424417},"geometry":{"type":"Polygon","coordinates":[[[16.496838,43.521032],[16.496791,43.521031],[16.496789,43.521059],[16.496837,43.521059],[16.496838,43.521032]]]}},{"type":"Feature","properties":{"krov":"ROOF_NOT_FLAT","visina":2.6248,"kota_dna":40.453,"kota_vrha":43.0778,"tlocrt":88.98753714,"obujam":818.17235118},"geometry":{"type":"Polygon","coordinates":[[[16.496819,43.520984],[16.496839,43.520984],[16.496838,43.521031],[16.496856,43.521031],[16.496858,43.520955],[16.496829,43.520954],[16.496828,43.520961],[16.49682,43.520961],[16.496819,43.520984]]]}},{"type":"Feature","properties":{"krov":"ROOF_NOT_FLAT","visina":3.9814,"kota_dna":35.174,"kota_vrha":39.1554,"tlocrt":2489.31253849,"obujam":120.08641273},"geometry":{"type":"Polygon","coordinates":[[[16.488052,43.523201],[16.488693,43.523119],[16.488679,43.523051],[16.488129,43.523122],[16.488099,43.522991],[16.488037,43.522998],[16.488018,43.522913],[16.48826,43.522883],[16.488244,43.522814],[16.487908,43.522857],[16.487955,43.523057],[16.488015,43.523049],[16.488052,43.523201]]]}},{"type":"Feature","properties":{"krov":"ROOF_NOT_FLAT","visina":4.9623,"kota_dna":29.536,"kota_vrha":34.4983,"tlocrt":825.0855763,"obujam":97.87907412},"geometry":{"type":"Polygon","coordinates":[[[16.48928,43.523178],[16.48926,43.523128],[16.489259,43.523126],[16.489082,43.523165],[16.489026,43.523025],[16.488952,43.523041],[16.489032,43.523234],[16.48928,43.523178]]]}},{"type":"Feature","properties":{"krov":"ROOF_NOT_FLAT","visina":4.3543,"kota_dna":29.49,"kota_vrha":33.8443,"tlocrt":714.91202895,"obujam":615.29620739},"geometry":{"type":"Polygon","coordinates":[[[16.489327,43.523089],[16.489334,43.523111],[16.489295,43.52312],[16.48926,43.523128],[16.48928,43.523178],[16.489421,43.523147],[16.489345,43.522898],[16.489273,43.522909],[16.489327,43.523089]]]}},{"type":"Feature","properties":{"krov":"ROOF_NOT_FLAT","visina":5.3743,"kota_dna":26.788,"kota_vrha":32.1623,"tlocrt":94.32949741,"obujam":1099.80338994},"geometry":{"type":"Polygon","coordinates":[[[16.491933,43.522979],[16.491918,43.522963],[16.491881,43.522979],[16.491882,43.522981],[16.491892,43.522994],[16.491928,43.523007],[16.491933,43.522979]]]}},{"type":"Feature","properties":{"krov":"ROOF_NOT_FLAT","visina":3.455,"kota_dna":28.01,"kota_vrha":31.465,"tlocrt":110.07094602,"obujam":182.87822716},"geometry":{"type":"Polygon","coordinates":[[[16.4918,43.522839],[16.491782,43.522801],[16.491718,43.522819],[16.491737,43.522857],[16.4918,43.522839]]]}},{"type":"Feature","properties":{"krov":"ROOF_NOT_FLAT","visina":3.8726,"kota_dna":27.254,"kota_vrha":31.1266,"tlocrt":107.86433345,"obujam":266.94089202},"geometry":{"type":"Polygon","coordinates":[[[16.492035,43.523115],[16.49201,43.523083],[16.49195,43.523108],[16.491976,43.52314],[16.492035,43.523115]]]}},{"type":"Feature","properties":{"krov":"ROOF_NOT_FLAT","visina":5.3896,"kota_dna":26.122,"kota_vrha":31.5116,"tlocrt":273.19871392,"obujam":1122.82747274},"geometry":{"type":"Polygon","coordinates":[[[16.49215,43.523029],[16.49208,43.523047],[16.492136,43.523128],[16.492199,43.523106],[16.49215,43.523029]]]}},{"type":"Feature","properties":{"krov":"ROOF_NOT_FLAT","visina":5.5173,"kota_dna":27.381,"kota_vrha":32.8983,"tlocrt":476.21651831,"obujam":261.9029717},"geometry":{"type":"Polygon","coordinates":[[[16.491776,43.522743],[16.491827,43.522729],[16.491767,43.522605],[16.491655,43.522634],[16.491673,43.522671],[16.49171,43.522662],[16.491753,43.522749],[16.491776,43.522743]]]}},{"type":"Feature","properties":{"krov":"ROOF_NOT_FLAT","visina":3.4217,"kota_dna":27.397,"kota_vrha":30.8187,"tlocrt":138.21953764,"obujam":368.91154482},"geometry":{"type":"Polygon","coordinates":[[[16.493276,43.522129],[16.493253,43.522084],[16.493183,43.522102],[16.493204,43.522147],[16.493276,43.522129]]]}},{"type":"Feature","properties":{"krov":"ROOF_NOT_FLAT","visina":2.4987,"kota_dna":22.749,"kota_vrha":25.2477,"tlocrt":68.65478906,"obujam":206.68063472},"geometry":{"type":"Polygon","coordinates":[[[16.493266,43.523105],[16.493264,43.523102],[16.493315,43.52309],[16.493316,43.523092],[16.493319,43.523091],[16.493304,43.523065],[16.493248,43.523081],[16.493258,43.523101],[16.493261,43.5231],[16.493264,43.523106],[16.493266,43.523105]]]}},{"type":"Feature","properties":{"krov":"ROOF_NOT_FLAT","visina":3.1586,"kota_dna":27.55,"kota_vrha":30.7086,"tlocrt":484.17492811,"obujam":270.34397747},"geometry":{"type":"Polygon","coordinates":[[[16.493816,43.52212],[16.493794,43.522077],[16.493462,43.522165],[16.493483,43.522208],[16.493816,43.52212]]]}},{"type":"Feature","properties":{"krov":"ROOF_NOT_FLAT","visina":8.6815,"kota_dna":24.367,"kota_vrha":33.0485,"tlocrt":561.59584567,"obujam":210.32800306},"geometry":{"type":"Polygon","coordinates":[[[16.493708,43.522882],[16.493829,43.522857],[16.493818,43.522828],[16.49379,43.522757],[16.493788,43.522758],[16.493679,43.522781],[16.493647,43.522788],[16.493663,43.522832],[16.493683,43.522883],[16.493684,43.522886],[16.493708,43.522882]]]}},{"type":"Feature","properties":{"krov":"ROOF_NOT_FLAT","visina":7.5292,"kota_dna":24.681,"kota_vrha":32.2102,"tlocrt":411.18782142,"obujam":1540.10237497},"geometry":{"type":"Polygon","coordinates":[[[16.49379,43.522757],[16.493818,43.522828],[16.493919,43.52281],[16.493884,43.522707],[16.493815,43.522721],[16.493824,43.522751],[16.49379,43.522757]]]}},{"type":"Feature","properties":{"krov":"ROOF_NOT_FLAT","visina":5.7258,"kota_dna":24.21,"kota_vrha":29.9358,"tlocrt":151.62587472,"obujam":75.77358207},"geometry":{"type":"Polygon","coordinates":[[[16.493683,43.522883],[16.493663,43.522832],[16.493619,43.52284],[16.493635,43.522893],[16.493683,43.522883]]]}},{"type":"Feature","properties":{"krov":"ROOF_NOT_FLAT","visina":2.3784,"kota_dna":24.403,"kota_vrha":26.7814,"tlocrt":148.83406307,"obujam":740.99657883},"geometry":{"type":"Polygon","coordinates":[[[16.493788,43.522758],[16.493766,43.522716],[16.493658,43.522745],[16.493679,43.522781],[16.493788,43.522758]]]}},{"type":"Feature","properties":{"krov":"ROOF_NOT_FLAT","visina":2.9728,"kota_dna":29.872,"kota_vrha":32.8448,"tlocrt":216.18481606,"obujam":931.99078814},"geometry":{"type":"Polygon","coordinates":[[[16.494771,43.521686],[16.494744,43.521581],[16.49468,43.52159],[16.494703,43.52168],[16.494714,43.521678],[16.494718,43.521694],[16.494771,43.521686]]]}},{"type":"Feature","properties":{"krov":"ROOF_NOT_FLAT","visina":4.965,"kota_dna":25.055,"kota_vrha":30.02,"tlocrt":156.34843409,"obujam":776.14570635},"geometry":{"type":"Polygon","coordinates":[[[16.4934,43.528261],[16.493399,43.528202],[16.493347,43.528203],[16.493347,43.528262],[16.4934,43.528261]]]}},{"type":"Feature","properties":{"krov":"ROOF_NOT_FLAT","visina":2.3727,"kota_dna":24.964,"kota_vrha":27.3367,"tlocrt":42.06953922,"obujam":131.46601016},"geometry":{"type":"Polygon","coordinates":[[[16.4934,43.528261],[16.493347,43.528262],[16.493347,43.528278],[16.4934,43.528279],[16.4934,43.528261]]]}},{"type":"Feature","properties":{"krov":"ROOF_NOT_FLAT","visina":7.0598,"kota_dna":25.841,"kota_vrha":32.9008,"tlocrt":107.0419083,"obujam":1021.87984556},"geometry":{"type":"Polygon","coordinates":[[[16.493281,43.528204],[16.493279,43.528157],[16.493262,43.528157],[16.493262,43.528204],[16.493277,43.528204],[16.493281,43.528204]]]}},{"type":"Feature","properties":{"krov":"ROOF_NOT_FLAT","visina":8.3375,"kota_dna":25.178,"kota_vrha":33.5155,"tlocrt":332.77127677,"obujam":1052.06636226},"geometry":{"type":"Polygon","coordinates":[[[16.492986,43.527958],[16.492936,43.527958],[16.492936,43.527953],[16.492934,43.527953],[16.492881,43.527954],[16.49287,43.527954],[16.492872,43.527996],[16.493,43.527998],[16.492999,43.527958],[16.492986,43.527958]]]}},{"type":"Feature","properties":{"krov":"ROOF_NOT_FLAT","visina":9.7239,"kota_dna":25.571,"kota_vrha":35.2949,"tlocrt":688.23910615,"obujam":1282.90420573},"geometry":{"type":"Polygon","coordinates":[[[16.49275,43.527442],[16.49272,43.527313],[16.492683,43.527318],[16.49265,43.527323],[16.492585,43.527332],[16.492615,43.527459],[16.49275,43.527442]]]}},{"type":"Feature","properties":{"krov":"ROOF_NOT_FLAT","visina":3.0787,"kota_dna":28.003,"kota_vrha":31.0817,"tlocrt":164.62719447,"obujam":293.85907739},"geometry":{"type":"Polygon","coordinates":[[[16.493016,43.527542],[16.492897,43.527532],[16.492892,43.527572],[16.493013,43.527581],[16.493016,43.527542]]]}},{"type":"Feature","properties":{"krov":"ROOF_NOT_FLAT","visina":4.0507,"kota_dna":29.126,"kota_vrha":33.1767,"tlocrt":142.42000108,"obujam":68.33765842},"geometry":{"type":"Polygon","coordinates":[[[16.493174,43.527682],[16.493255,43.527694],[16.493264,43.527652],[16.493185,43.527641],[16.493174,43.527682]]]}},{"type":"Feature","properties":{"krov":"ROOF_NOT_FLAT","visina":3.4507,"kota_dna":29.126,"kota_vrha":32.5767,"tlocrt":83.06839286,"obujam":771.35139468},"geometry":{"type":"Polygon","coordinates":[[[16.493255,43.527694],[16.493174,43.527682],[16.49317,43.5277],[16.49325,43.527711],[16.493255,43.527694]]]}},{"type":"Feature","properties":{"krov":"ROOF_NOT_FLAT","visina":9.1909,"kota_dna":28.218,"kota_vrha":37.4089,"tlocrt":224.61071951,"obujam":388.43870333},"geometry":{"type":"Polygon","coordinates":[[[16.49366,43.527901],[16.493583,43.527896],[16.493581,43.52791],[16.493577,43.52791],[16.493577,43.527912],[16.493575,43.52793],[16.493654,43.527935],[16.49366,43.527901]]]}},{"type":"Feature","properties":{"krov":"ROOF_NOT_FLAT","visina":3.5991,"kota_dna":27.481,"kota_vrha":31.0801,"tlocrt":145.66065504,"obujam":260.14968741},"geometry":{"type":"Polygon","coordinates":[[[16.493562,43.527983],[16.493495,43.527977],[16.493486,43.528032],[16.493555,43.528037],[16.493562,43.527983]]]}},{"type":"Feature","properties":{"krov":"ROOF_NOT_FLAT","visina":2.3382,"kota_dna":24.101,"kota_vrha":26.4392,"tlocrt":84.05919696,"obujam":472.0820762},"geometry":{"type":"Polygon","coordinates":[[[16.493954,43.528695],[16.493955,43.528701],[16.493894,43.528705],[16.493899,43.528737],[16.493973,43.528732],[16.493967,43.528694],[16.493954,43.528695]]]}},{"type":"Feature","properties":{"krov":"ROOF_NOT_FLAT","visina":1.9097,"kota_dna":25.67,"kota_vrha":27.5797,"tlocrt":28.38075744,"obujam":58.81472272},"geometry":{"type":"Polygon","coordinates":[[[16.493687,43.528912],[16.493656,43.528913],[16.493656,43.528933],[16.493688,43.528933],[16.493687,43.528912]]]}},{"type":"Feature","properties":{"krov":"ROOF_NOT_FLAT","visina":3.942,"kota_dna":26.021,"kota_vrha":29.963,"tlocrt":199.29139925,"obujam":856.46425774},"geometry":{"type":"Polygon","coordinates":[[[16.493907,43.528907],[16.493965,43.528904],[16.493958,43.528826],[16.493902,43.528829],[16.493903,43.528849],[16.493883,43.52885],[16.493884,43.528877],[16.493885,43.5289],[16.493896,43.5289],[16.493896,43.528907],[16.493907,43.528907]]]}},{"type":"Feature","properties":{"krov":"ROOF_NOT_FLAT","visina":3.7262,"kota_dna":25.72,"kota_vrha":29.4462,"tlocrt":159.03161557,"obujam":9279.39150539},"geometry":{"type":"Polygon","coordinates":[[[16.493837,43.528827],[16.493837,43.528815],[16.493842,43.528815],[16.493841,43.528801],[16.493683,43.528806],[16.493683,43.528824],[16.493816,43.52882],[16.493816,43.528827],[16.493837,43.528827]]]}},{"type":"Feature","properties":{"krov":"ROOF_NOT_FLAT","visina":2.4456,"kota_dna":24.684,"kota_vrha":27.1296,"tlocrt":48.24178523,"obujam":179.74166871},"geometry":{"type":"Polygon","coordinates":[[[16.494204,43.528676],[16.494198,43.528664],[16.49416,43.528673],[16.494156,43.528664],[16.494136,43.528669],[16.494145,43.528689],[16.494204,43.528676]]]}},{"type":"Feature","properties":{"krov":"ROOF_NOT_FLAT","visina":2.0956,"kota_dna":25.034,"kota_vrha":27.1296,"tlocrt":140.21648332,"obujam":716.25914775},"geometry":{"type":"Polygon","coordinates":[[[16.494227,43.528672],[16.494245,43.528701],[16.494384,43.528662],[16.494371,43.528636],[16.494227,43.528672]]]}},{"type":"Feature","properties":{"krov":"ROOF_NOT_FLAT","visina":8.0527,"kota_dna":29.565,"kota_vrha":37.6177,"tlocrt":432.72805609,"obujam":383.61790043},"geometry":{"type":"Polygon","coordinates":[[[16.494615,43.529232],[16.494601,43.529154],[16.494464,43.529163],[16.494478,43.529243],[16.494615,43.529232]]]}},{"type":"Feature","properties":{"krov":"ROOF_NOT_FLAT","visina":7.3477,"kota_dna":32.769,"kota_vrha":40.1167,"tlocrt":151.90705939,"obujam":340.72616337},"geometry":{"type":"Polygon","coordinates":[[[16.495188,43.529258],[16.495183,43.529259],[16.495185,43.529265],[16.49523,43.529258],[16.495229,43.529253],[16.495188,43.529258]]]}},{"type":"Feature","properties":{"krov":"ROOF_NOT_FLAT","visina":5.9002,"kota_dna":33.82,"kota_vrha":39.7202,"tlocrt":118.89991386,"obujam":270.04528058},"geometry":{"type":"Polygon","coordinates":[[[16.49639,43.529111],[16.496389,43.529107],[16.496351,43.529112],[16.496351,43.529114],[16.49639,43.529111]]]}},{"type":"Feature","properties":{"krov":"ROOF_NOT_FLAT","visina":6.5889,"kota_dna":26.318,"kota_vrha":32.9069,"tlocrt":166.38603874,"obujam":1452.63881666},"geometry":{"type":"Polygon","coordinates":[[[16.491904,43.523112],[16.491833,43.523143],[16.491853,43.523166],[16.491927,43.523135],[16.491906,43.523111],[16.491904,43.523112]]]}},{"type":"Feature","properties":{"krov":"ROOF_NOT_FLAT","visina":6.6843,"kota_dna":27.28,"kota_vrha":33.9643,"tlocrt":1593.69846404,"obujam":137.39820874},"geometry":{"type":"Polygon","coordinates":[[[16.491235,43.522653],[16.490947,43.522096],[16.490907,43.522107],[16.490993,43.522275],[16.490964,43.522283],[16.491167,43.522672],[16.491235,43.522653]]]}},{"type":"Feature","properties":{"krov":"ROOF_NOT_FLAT","visina":3.1848,"kota_dna":53.026,"kota_vrha":56.2108,"tlocrt":94.45048736,"obujam":87.23533443},"geometry":{"type":"Polygon","coordinates":[[[16.498797,43.521393],[16.49878,43.521356],[16.498724,43.52137],[16.49874,43.521406],[16.498797,43.521393]]]}},{"type":"Feature","properties":{"krov":"ROOF_NOT_FLAT","visina":1.9877,"kota_dna":47.316,"kota_vrha":49.3037,"tlocrt":72.86417074,"obujam":752.75797879},"geometry":{"type":"Polygon","coordinates":[[[16.499261,43.522163],[16.499255,43.522142],[16.499202,43.522149],[16.4992,43.522149],[16.499214,43.522194],[16.499246,43.522189],[16.499242,43.52217],[16.499257,43.522168],[16.499256,43.522163],[16.499261,43.522163]]]}},{"type":"Feature","properties":{"krov":"ROOF_NOT_FLAT","visina":3.0994,"kota_dna":47.544,"kota_vrha":50.6434,"tlocrt":296.959644,"obujam":644.21613216},"geometry":{"type":"Polygon","coordinates":[[[16.499463,43.521968],[16.499492,43.521963],[16.49951,43.521959],[16.499473,43.521836],[16.499388,43.521851],[16.499408,43.521913],[16.49942,43.521911],[16.499438,43.521972],[16.499463,43.521968]]]}},{"type":"Feature","properties":{"krov":"ROOF_NOT_FLAT","visina":2.59,"kota_dna":47.782,"kota_vrha":50.372,"tlocrt":56.39256159,"obujam":946.99250812},"geometry":{"type":"Polygon","coordinates":[[[16.499492,43.521963],[16.499463,43.521968],[16.499477,43.522009],[16.499505,43.522005],[16.499492,43.521963]]]}},{"type":"Feature","properties":{"krov":"ROOF_NOT_FLAT","visina":13.0297,"kota_dna":23.043,"kota_vrha":36.0727,"tlocrt":428.55514006,"obujam":980.41087338},"geometry":{"type":"Polygon","coordinates":[[[16.493338,43.529221],[16.493338,43.529157],[16.493265,43.529158],[16.493265,43.52916],[16.493266,43.529232],[16.493338,43.529232],[16.493338,43.529221]]]}},{"type":"Feature","properties":{"krov":"ROOF_NOT_FLAT","visina":13.2207,"kota_dna":22.202,"kota_vrha":35.4227,"tlocrt":373.02763218,"obujam":101.56945361},"geometry":{"type":"Polygon","coordinates":[[[16.493401,43.529157],[16.493338,43.529157],[16.493338,43.529221],[16.493402,43.529221],[16.493402,43.529157],[16.493401,43.529157]]]}},{"type":"Feature","properties":{"krov":"ROOF_NOT_FLAT","visina":13.0145,"kota_dna":22.175,"kota_vrha":35.1895,"tlocrt":631.57138787,"obujam":292.61762822},"geometry":{"type":"Polygon","coordinates":[[[16.493338,43.529157],[16.493401,43.529157],[16.4934,43.529108],[16.493384,43.529108],[16.493384,43.529126],[16.493366,43.529139],[16.493345,43.529127],[16.493345,43.529108],[16.493329,43.529108],[16.493329,43.529121],[16.493286,43.529121],[16.493286,43.529127],[16.493264,43.529141],[16.493241,43.529127],[16.493241,43.52916],[16.493265,43.52916],[16.493265,43.529158],[16.493338,43.529157]]]}},{"type":"Feature","properties":{"krov":"ROOF_NOT_FLAT","visina":8.7726,"kota_dna":27.28,"kota_vrha":36.0526,"tlocrt":4134.56365439,"obujam":143.11685086},"geometry":{"type":"Polygon","coordinates":[[[16.491212,43.522055],[16.491196,43.522025],[16.491073,43.52206],[16.491001,43.522081],[16.490947,43.522096],[16.491235,43.522653],[16.491361,43.522617],[16.491487,43.522581],[16.491212,43.522055]]]}},{"type":"Feature","properties":{"krov":"ROOF_NOT_FLAT","visina":7.2026,"kota_dna":26.315,"kota_vrha":33.5176,"tlocrt":260.11595461,"obujam":245.85343324},"geometry":{"type":"Polygon","coordinates":[[[16.491904,43.523112],[16.491903,43.523111],[16.491901,43.523109],[16.491876,43.523079],[16.491858,43.523058],[16.491842,43.523065],[16.491851,43.523077],[16.491799,43.5231],[16.49183,43.523139],[16.491833,43.523143],[16.491904,43.523112]]]}},{"type":"Feature","properties":{"krov":"ROOF_NOT_FLAT","visina":6.0603,"kota_dna":34.902,"kota_vrha":40.9623,"tlocrt":1185.82806184,"obujam":118.66297994},"geometry":{"type":"Polygon","coordinates":[[[16.497431,43.522604],[16.4974,43.522572],[16.497029,43.522762],[16.497061,43.522794],[16.497096,43.52283],[16.497468,43.522641],[16.497431,43.522604]]]}},{"type":"Feature","properties":{"krov":"ROOF_NOT_FLAT","visina":10.2371,"kota_dna":46.474,"kota_vrha":56.7111,"tlocrt":429.44488139,"obujam":1048.69073805},"geometry":{"type":"Polygon","coordinates":[[[16.4984,43.520916],[16.498407,43.520913],[16.498389,43.520886],[16.498392,43.520864],[16.498366,43.52083],[16.498372,43.520828],[16.498367,43.520821],[16.498366,43.520821],[16.498299,43.520846],[16.498296,43.520847],[16.498325,43.520889],[16.498356,43.520933],[16.4984,43.520916]]]}},{"type":"Feature","properties":{"krov":"ROOF_NOT_FLAT","visina":10.1721,"kota_dna":46.539,"kota_vrha":56.7111,"tlocrt":431.08611665,"obujam":42.55461829},"geometry":{"type":"Polygon","coordinates":[[[16.498372,43.520828],[16.498366,43.52083],[16.498392,43.520864],[16.498389,43.520886],[16.498407,43.520913],[16.498423,43.520908],[16.498484,43.520885],[16.49843,43.520806],[16.498372,43.520828]]]}},{"type":"Feature","properties":{"krov":"ROOF_NOT_FLAT","visina":4.947,"kota_dna":47.288,"kota_vrha":52.235,"tlocrt":119.73520137,"obujam":109.07477623},"geometry":{"type":"Polygon","coordinates":[[[16.4985,43.520652],[16.498495,43.520608],[16.498466,43.52061],[16.498438,43.520612],[16.498445,43.520656],[16.498471,43.520654],[16.498473,43.520654],[16.4985,43.520652]]]}},{"type":"Feature","properties":{"krov":"ROOF_NOT_FLAT","visina":5.318,"kota_dna":47.117,"kota_vrha":52.435,"tlocrt":105.42785707,"obujam":493.20276342},"geometry":{"type":"Polygon","coordinates":[[[16.4985,43.520652],[16.498473,43.520654],[16.498471,43.520654],[16.498445,43.520656],[16.498448,43.520685],[16.498477,43.520684],[16.498506,43.520682],[16.498503,43.520652],[16.4985,43.520652]]]}},{"type":"Feature","properties":{"krov":"ROOF_NOT_FLAT","visina":10.22,"kota_dna":23.627,"kota_vrha":33.847,"tlocrt":696.28401658,"obujam":175.46652735},"geometry":{"type":"Polygon","coordinates":[[[16.491139,43.523183],[16.491103,43.523122],[16.491004,43.523151],[16.491038,43.523206],[16.49101,43.523214],[16.491015,43.523223],[16.491043,43.523268],[16.491167,43.523228],[16.491139,43.523183]]]}},{"type":"Feature","properties":{"krov":"ROOF_NOT_FLAT","visina":5.5333,"kota_dna":27.91,"kota_vrha":33.4433,"tlocrt":971.65423347,"obujam":1089.04317485},"geometry":{"type":"Polygon","coordinates":[[[16.491764,43.522506],[16.491645,43.522267],[16.491584,43.522283],[16.49152,43.522299],[16.491637,43.522538],[16.491701,43.522522],[16.491764,43.522506]]]}},{"type":"Feature","properties":{"krov":"ROOF_NOT_FLAT","visina":4.047,"kota_dna":25.983,"kota_vrha":30.03,"tlocrt":92.03427411,"obujam":58.40006949},"geometry":{"type":"Polygon","coordinates":[[[16.491653,43.522984],[16.491642,43.522968],[16.491592,43.522986],[16.491603,43.523003],[16.491614,43.523019],[16.491665,43.523001],[16.491653,43.522984]]]}},{"type":"Feature","properties":{"krov":"ROOF_NOT_FLAT","visina":9.5633,"kota_dna":27.09,"kota_vrha":36.6533,"tlocrt":5824.3652817,"obujam":59.85848161},"geometry":{"type":"Polygon","coordinates":[[[16.492844,43.52271],[16.493127,43.522637],[16.493072,43.522526],[16.493017,43.522416],[16.49208,43.52266],[16.492135,43.522771],[16.492189,43.52288],[16.492844,43.52271]]]}},{"type":"Feature","properties":{"krov":"ROOF_NOT_FLAT","visina":3.8128,"kota_dna":22.794,"kota_vrha":26.6068,"tlocrt":75.25225474,"obujam":393.09259059},"geometry":{"type":"Polygon","coordinates":[[[16.493316,43.523092],[16.493315,43.52309],[16.493264,43.523102],[16.493266,43.523105],[16.493272,43.523117],[16.493281,43.523131],[16.493328,43.523118],[16.493321,43.523103],[16.493316,43.523092]]]}},{"type":"Feature","properties":{"krov":"ROOF_NOT_FLAT","visina":4.0182,"kota_dna":24.132,"kota_vrha":28.1502,"tlocrt":94.81877801,"obujam":859.22933239},"geometry":{"type":"Polygon","coordinates":[[[16.493846,43.522878],[16.493791,43.522889],[16.493793,43.522893],[16.493797,43.522906],[16.493804,43.522925],[16.493863,43.522911],[16.493855,43.522894],[16.493846,43.522878]]]}},{"type":"Feature","properties":{"krov":"ROOF_NOT_FLAT","visina":4.3397,"kota_dna":26.505,"kota_vrha":30.8447,"tlocrt":358.80284076,"obujam":1174.87864238},"geometry":{"type":"Polygon","coordinates":[[[16.494394,43.52273],[16.49439,43.522687],[16.494243,43.522698],[16.494247,43.522741],[16.494251,43.522784],[16.494398,43.522774],[16.494394,43.52273]]]}},{"type":"Feature","properties":{"krov":"ROOF_NOT_FLAT","visina":8.733,"kota_dna":28.802,"kota_vrha":37.535,"tlocrt":415.05922403,"obujam":9247.53520163},"geometry":{"type":"Polygon","coordinates":[[[16.493884,43.522519],[16.493878,43.522501],[16.493834,43.522509],[16.493784,43.522519],[16.49379,43.522536],[16.493814,43.522602],[16.493863,43.522594],[16.493908,43.522587],[16.493884,43.522519]]]}},{"type":"Feature","properties":{"krov":"ROOF_NOT_FLAT","visina":4.8415,"kota_dna":28.414,"kota_vrha":33.2555,"tlocrt":131.35406042,"obujam":150.38806584},"geometry":{"type":"Polygon","coordinates":[[[16.493998,43.522478],[16.493986,43.522442],[16.493961,43.522448],[16.493937,43.522454],[16.493958,43.522508],[16.493981,43.522503],[16.494005,43.522498],[16.493998,43.522478]]]}},{"type":"Feature","properties":{"krov":"ROOF_NOT_FLAT","visina":9.1423,"kota_dna":24.291,"kota_vrha":33.4333,"tlocrt":145.7270485,"obujam":416.9272921},"geometry":{"type":"Polygon","coordinates":[[[16.493343,43.528321],[16.493283,43.528323],[16.493275,43.528324],[16.493278,43.528343],[16.493285,43.528342],[16.493344,43.528339],[16.493343,43.528321]]]}},{"type":"Feature","properties":{"krov":"ROOF_NOT_FLAT","visina":8.2974,"kota_dna":25.577,"kota_vrha":33.8744,"tlocrt":284.09641063,"obujam":200.71568763},"geometry":{"type":"Polygon","coordinates":[[[16.492986,43.527933],[16.492985,43.527889],[16.492933,43.527892],[16.492878,43.527895],[16.49288,43.527937],[16.492934,43.527935],[16.492986,43.527933]]]}},{"type":"Feature","properties":{"krov":"ROOF_NOT_FLAT","visina":7.9324,"kota_dna":25.542,"kota_vrha":33.4744,"tlocrt":200.88405076,"obujam":366.58520686},"geometry":{"type":"Polygon","coordinates":[[[16.492986,43.527933],[16.492934,43.527935],[16.49288,43.527937],[16.492881,43.527954],[16.492934,43.527953],[16.492936,43.527953],[16.492936,43.527958],[16.492986,43.527958],[16.492986,43.527933]]]}},{"type":"Feature","properties":{"krov":"ROOF_NOT_FLAT","visina":11.6131,"kota_dna":26.703,"kota_vrha":38.3161,"tlocrt":745.07613243,"obujam":68.34334559},"geometry":{"type":"Polygon","coordinates":[[[16.493147,43.527848],[16.493102,43.527847],[16.493099,43.527872],[16.493071,43.527872],[16.493074,43.527835],[16.493026,43.527834],[16.493029,43.527888],[16.49303,43.527902],[16.493035,43.527916],[16.493047,43.527933],[16.493172,43.527933],[16.493171,43.527902],[16.493184,43.527902],[16.493183,43.527889],[16.493181,43.527849],[16.493147,43.527848]]]}},{"type":"Feature","properties":{"krov":"ROOF_NOT_FLAT","visina":11.0997,"kota_dna":27.828,"kota_vrha":38.9277,"tlocrt":720.45258923,"obujam":106.6141919},"geometry":{"type":"Polygon","coordinates":[[[16.493507,43.527869],[16.49351,43.527857],[16.493505,43.527856],[16.493379,43.52784],[16.493375,43.527855],[16.493363,43.527902],[16.493362,43.527904],[16.49335,43.52795],[16.493481,43.527968],[16.493487,43.527945],[16.493494,43.52792],[16.493507,43.527869]]]}},{"type":"Feature","properties":{"krov":"ROOF_NOT_FLAT","visina":9.4211,"kota_dna":27.7,"kota_vrha":37.1211,"tlocrt":370.43049627,"obujam":209.18041524},"geometry":{"type":"Polygon","coordinates":[[[16.493375,43.527855],[16.493302,43.527846],[16.493298,43.527864],[16.493278,43.527941],[16.49335,43.52795],[16.493362,43.527904],[16.493363,43.527902],[16.493375,43.527855]]]}},{"type":"Feature","properties":{"krov":"ROOF_NOT_FLAT","visina":5.0269,"kota_dna":25.773,"kota_vrha":30.7999,"tlocrt":254.43813929,"obujam":457.03161559},"geometry":{"type":"Polygon","coordinates":[[[16.49272,43.527313],[16.492697,43.527216],[16.49263,43.527225],[16.492628,43.527225],[16.492636,43.527265],[16.49265,43.527323],[16.492683,43.527318],[16.49272,43.527313]]]}},{"type":"Feature","properties":{"krov":"ROOF_NOT_FLAT","visina":4.1447,"kota_dna":29.747,"kota_vrha":33.8917,"tlocrt":183.18567499,"obujam":1160.42188745},"geometry":{"type":"Polygon","coordinates":[[[16.493094,43.527525],[16.493091,43.527541],[16.493085,43.527575],[16.493184,43.527584],[16.49319,43.527549],[16.493192,43.527534],[16.493094,43.527525]]]}},{"type":"Feature","properties":{"krov":"ROOF_NOT_FLAT","visina":9.2437,"kota_dna":28.323,"kota_vrha":37.5667,"tlocrt":396.06831413,"obujam":319.36456869},"geometry":{"type":"Polygon","coordinates":[[[16.49366,43.527901],[16.493665,43.52786],[16.493632,43.527858],[16.493587,43.527854],[16.493587,43.527854],[16.493539,43.527851],[16.493537,43.527851],[16.493534,43.527871],[16.493529,43.527907],[16.493577,43.52791],[16.493581,43.52791],[16.493583,43.527896],[16.49366,43.527901]]]}},{"type":"Feature","properties":{"krov":"ROOF_NOT_FLAT","visina":10.0031,"kota_dna":26.428,"kota_vrha":36.4311,"tlocrt":722.91664705,"obujam":1013.70207428},"geometry":{"type":"Polygon","coordinates":[[[16.493908,43.528108],[16.493905,43.52806],[16.493807,43.528061],[16.493804,43.528061],[16.493805,43.528069],[16.493785,43.528068],[16.493776,43.528114],[16.493762,43.528182],[16.493914,43.528198],[16.493909,43.528128],[16.493908,43.528108]]]}},{"type":"Feature","properties":{"krov":"ROOF_NOT_FLAT","visina":8.3631,"kota_dna":26.768,"kota_vrha":35.1311,"tlocrt":500.38388061,"obujam":58.26281557},"geometry":{"type":"Polygon","coordinates":[[[16.493888,43.527987],[16.493889,43.52801],[16.493896,43.52801],[16.493898,43.528034],[16.493898,43.528045],[16.493899,43.528056],[16.493904,43.528056],[16.493905,43.52806],[16.493908,43.528108],[16.494004,43.528105],[16.494001,43.528057],[16.493988,43.528057],[16.493987,43.528043],[16.493983,43.527986],[16.493888,43.527987]]]}},{"type":"Feature","properties":{"krov":"ROOF_NOT_FLAT","visina":7.1962,"kota_dna":26.17,"kota_vrha":33.3662,"tlocrt":408.11118279,"obujam":1358.8709499},"geometry":{"type":"Polygon","coordinates":[[[16.494314,43.528805],[16.494293,43.528765],[16.494175,43.528798],[16.494196,43.528838],[16.494216,43.528876],[16.494335,43.528843],[16.494314,43.528805]]]}},{"type":"Feature","properties":{"krov":"ROOF_NOT_FLAT","visina":4.2982,"kota_dna":24.141,"kota_vrha":28.4392,"tlocrt":105.08294675,"obujam":1052.45577027},"geometry":{"type":"Polygon","coordinates":[[[16.493954,43.528695],[16.493951,43.52868],[16.493948,43.528661],[16.49389,43.528665],[16.493892,43.528684],[16.493894,43.528705],[16.493955,43.528701],[16.493954,43.528695]]]}},{"type":"Feature","properties":{"krov":"ROOF_NOT_FLAT","visina":8.9339,"kota_dna":25.685,"kota_vrha":34.6189,"tlocrt":768.53026683,"obujam":800.65439773},"geometry":{"type":"Polygon","coordinates":[[[16.493886,43.528922],[16.493886,43.52891],[16.493885,43.5289],[16.493884,43.528877],[16.493883,43.52885],[16.493882,43.528826],[16.493877,43.528826],[16.493837,43.528827],[16.493816,43.528827],[16.493684,43.528831],[16.493686,43.528881],[16.493686,43.528885],[16.493687,43.528912],[16.493688,43.528933],[16.493688,43.528935],[16.493887,43.52893],[16.493886,43.528922]]]}},{"type":"Feature","properties":{"krov":"ROOF_NOT_FLAT","visina":6.1403,"kota_dna":26.131,"kota_vrha":32.2713,"tlocrt":42.1265191,"obujam":62.73155209},"geometry":{"type":"Polygon","coordinates":[[[16.493897,43.528919],[16.493896,43.528909],[16.493896,43.528907],[16.493896,43.5289],[16.493885,43.5289],[16.493886,43.52891],[16.493886,43.528922],[16.493897,43.528922],[16.493897,43.528919]]]}},{"type":"Feature","properties":{"krov":"ROOF_NOT_FLAT","visina":5.243,"kota_dna":25.945,"kota_vrha":31.188,"tlocrt":101.91825875,"obujam":146.96833896},"geometry":{"type":"Polygon","coordinates":[[[16.493902,43.528829],[16.493901,43.528815],[16.493877,43.528815],[16.493842,43.528815],[16.493837,43.528815],[16.493837,43.528827],[16.493877,43.528826],[16.493882,43.528826],[16.493883,43.52885],[16.493903,43.528849],[16.493902,43.528829]]]}},{"type":"Feature","properties":{"krov":"ROOF_NOT_FLAT","visina":13.5766,"kota_dna":33.731,"kota_vrha":47.3076,"tlocrt":1759.80180073,"obujam":650.09156089},"geometry":{"type":"Polygon","coordinates":[[[16.495706,43.529025],[16.495699,43.529004],[16.495747,43.528977],[16.495726,43.528897],[16.495654,43.528839],[16.495416,43.528997],[16.495489,43.529055],[16.495706,43.529025]]]}},{"type":"Feature","properties":{"krov":"ROOF_NOT_FLAT","visina":6.6651,"kota_dna":26.329,"kota_vrha":32.9941,"tlocrt":472.66247073,"obujam":4.11929781},"geometry":{"type":"Polygon","coordinates":[[[16.491933,43.522979],[16.491928,43.523007],[16.491892,43.522994],[16.491861,43.523007],[16.491865,43.523012],[16.491843,43.52302],[16.491849,43.523028],[16.491837,43.523033],[16.491858,43.523058],[16.491876,43.523079],[16.491901,43.523109],[16.491903,43.523111],[16.492005,43.523068],[16.491978,43.523035],[16.491933,43.522979]]]}},{"type":"Feature","properties":{"krov":"ROOF_NOT_FLAT","visina":7.1395,"kota_dna":22.655,"kota_vrha":29.7945,"tlocrt":376.42350546,"obujam":71.63457155},"geometry":{"type":"Polygon","coordinates":[[[16.493202,43.522988],[16.493118,43.52301],[16.493075,43.523022],[16.49309,43.523051],[16.493104,43.523078],[16.493234,43.523042],[16.49322,43.523016],[16.493204,43.522987],[16.493202,43.522988]]]}},{"type":"Feature","properties":{"krov":"ROOF_NOT_FLAT","visina":4.1105,"kota_dna":24.643,"kota_vrha":28.7535,"tlocrt":112.49597853,"obujam":329.30475123},"geometry":{"type":"Polygon","coordinates":[[[16.494221,43.528713],[16.494213,43.528696],[16.494204,43.528676],[16.494145,43.528689],[16.494143,43.528689],[16.494152,43.52871],[16.49416,43.528729],[16.494221,43.528714],[16.494221,43.528713]]]}},{"type":"Feature","properties":{"krov":"ROOF_NOT_FLAT","visina":11.1337,"kota_dna":23.3,"kota_vrha":34.4337,"tlocrt":155.71692847,"obujam":25.21686613},"geometry":{"type":"Polygon","coordinates":[[[16.493286,43.529121],[16.493286,43.529109],[16.493264,43.529109],[16.493241,43.529109],[16.493241,43.529127],[16.493264,43.529141],[16.493286,43.529127],[16.493286,43.529121]]]}},{"type":"Feature","properties":{"krov":"ROOF_NOT_FLAT","visina":11.8097,"kota_dna":22.624,"kota_vrha":34.4337,"tlocrt":154.45739079,"obujam":38.45996512},"geometry":{"type":"Polygon","coordinates":[[[16.493384,43.529108],[16.493384,43.529106],[16.493365,43.529107],[16.493345,43.529107],[16.493345,43.529108],[16.493345,43.529127],[16.493366,43.529139],[16.493384,43.529126],[16.493384,43.529108]]]}},{"type":"Feature","properties":{"krov":"ROOF_NOT_FLAT","visina":7.1373,"kota_dna":27.283,"kota_vrha":34.4203,"tlocrt":549.4731822,"obujam":1614.49816923},"geometry":{"type":"Polygon","coordinates":[[[16.491582,43.522888],[16.491567,43.52283],[16.491573,43.522829],[16.491561,43.522779],[16.491447,43.522796],[16.49144,43.522803],[16.49143,43.522814],[16.491435,43.522833],[16.491428,43.522834],[16.491438,43.522869],[16.491445,43.522868],[16.491458,43.522916],[16.491557,43.522903],[16.491554,43.522891],[16.491566,43.52289],[16.491582,43.522888]]]}},{"type":"Feature","properties":{"krov":"ROOF_NOT_FLAT","visina":11.0732,"kota_dna":27.812,"kota_vrha":38.8852,"tlocrt":11107.9256232,"obujam":1469.47533263},"geometry":{"type":"Polygon","coordinates":[[[16.492576,43.521794],[16.492478,43.52182],[16.492458,43.521825],[16.492235,43.521884],[16.492169,43.521901],[16.491756,43.52201],[16.491775,43.522049],[16.491795,43.522089],[16.491814,43.522127],[16.491829,43.522158],[16.491845,43.522191],[16.491864,43.522229],[16.49188,43.522261],[16.491885,43.522271],[16.4919,43.522302],[16.491919,43.522339],[16.491937,43.522377],[16.491954,43.52241],[16.491974,43.522451],[16.492915,43.522204],[16.492897,43.522166],[16.492878,43.522129],[16.492861,43.522095],[16.492841,43.522055],[16.492827,43.522026],[16.492807,43.521987],[16.492786,43.521944],[16.49277,43.521911],[16.492755,43.52188],[16.49273,43.521831],[16.492714,43.521799],[16.492696,43.521763],[16.492576,43.521794]]]}},{"type":"Feature","properties":{"krov":"ROOF_NOT_FLAT","visina":3.0693,"kota_dna":26.29,"kota_vrha":29.3593,"tlocrt":163.66447894,"obujam":1580.49662744},"geometry":{"type":"Polygon","coordinates":[[[16.494496,43.522767],[16.494486,43.522739],[16.494412,43.522754],[16.494423,43.522781],[16.494437,43.522815],[16.494508,43.522799],[16.494496,43.522767]]]}},{"type":"Feature","properties":{"krov":"ROOF_NOT_FLAT","visina":11.7733,"kota_dna":24.125,"kota_vrha":35.8983,"tlocrt":764.88514252,"obujam":1155.85879811},"geometry":{"type":"Polygon","coordinates":[[[16.493275,43.528324],[16.493283,43.528323],[16.493343,43.528321],[16.493347,43.528321],[16.493347,43.528278],[16.493347,43.528262],[16.493347,43.528203],[16.493347,43.528201],[16.493344,43.528201],[16.493281,43.528204],[16.493277,43.528204],[16.493262,43.528204],[16.493214,43.528206],[16.493216,43.528266],[16.493217,43.528326],[16.493235,43.528325],[16.493275,43.528324]]]}},{"type":"Feature","properties":{"krov":"ROOF_NOT_FLAT","visina":2.9937,"kota_dna":26.948,"kota_vrha":29.9417,"tlocrt":90.8068498,"obujam":813.60118036},"geometry":{"type":"Polygon","coordinates":[[[16.49294,43.527801],[16.492937,43.527787],[16.49288,43.527792],[16.492882,43.527807],[16.492886,43.527824],[16.492888,43.527837],[16.492947,43.527831],[16.492944,43.527818],[16.49294,43.527801]]]}},{"type":"Feature","properties":{"krov":"ROOF_NOT_FLAT","visina":7.2581,"kota_dna":27.073,"kota_vrha":34.3311,"tlocrt":245.31367146,"obujam":304.04586923},"geometry":{"type":"Polygon","coordinates":[[[16.493905,43.52806],[16.493904,43.528056],[16.493899,43.528056],[16.493898,43.528045],[16.493898,43.528034],[16.493896,43.52801],[16.493889,43.52801],[16.493807,43.52801],[16.493807,43.528024],[16.493807,43.528045],[16.493807,43.528061],[16.493905,43.52806]]]}},{"type":"Feature","properties":{"krov":"ROOF_NOT_FLAT","visina":6.3961,"kota_dna":27,"kota_vrha":33.3961,"tlocrt":1657.54269203,"obujam":1508.36440533},"geometry":{"type":"Polygon","coordinates":[[[16.490317,43.522849],[16.490075,43.522482],[16.490045,43.522493],[16.490004,43.522507],[16.489965,43.522522],[16.489933,43.522533],[16.490174,43.522899],[16.490207,43.522887],[16.490246,43.522874],[16.490285,43.52286],[16.490317,43.522849]]]}},{"type":"Feature","properties":{"krov":"ROOF_NOT_FLAT","visina":5.6048,"kota_dna":36.556,"kota_vrha":42.1608,"tlocrt":368.85548251,"obujam":53.58482455},"geometry":{"type":"Polygon","coordinates":[[[16.498325,43.521808],[16.498307,43.521788],[16.498151,43.521861],[16.498171,43.521883],[16.498187,43.521901],[16.498342,43.521828],[16.498325,43.521808]]]}},{"type":"Feature","properties":{"krov":"ROOF_NOT_FLAT","visina":9.3445,"kota_dna":16.982,"kota_vrha":26.3265,"tlocrt":559.93862421,"obujam":2947.16244659},"geometry":{"type":"Polygon","coordinates":[[[16.49018,43.524396],[16.490165,43.524376],[16.49018,43.524371],[16.490194,43.524392],[16.490196,43.524394],[16.490224,43.524384],[16.490222,43.524381],[16.490195,43.524341],[16.490175,43.524311],[16.490166,43.524298],[16.490127,43.524311],[16.490144,43.524337],[16.490128,43.524343],[16.490111,43.524317],[16.49009,43.524324],[16.490091,43.524326],[16.49011,43.524354],[16.490104,43.524357],[16.490083,43.524365],[16.49012,43.52442],[16.490182,43.524399],[16.49018,43.524396]]]}},{"type":"Feature","properties":{"krov":"ROOF_NOT_FLAT","visina":10.3938,"kota_dna":23.772,"kota_vrha":34.1658,"tlocrt":718.42306183,"obujam":1983.93261023},"geometry":{"type":"Polygon","coordinates":[[[16.49271,43.527735],[16.492716,43.527708],[16.492719,43.527697],[16.492722,43.527679],[16.492728,43.527655],[16.49268,43.527649],[16.492684,43.527635],[16.492651,43.527632],[16.492621,43.527629],[16.492618,43.527645],[16.49261,43.527685],[16.492593,43.527771],[16.4927,43.527782],[16.49271,43.527735]]]}},{"type":"Feature","properties":{"krov":"ROOF_NOT_FLAT","visina":5.3416,"kota_dna":19.281,"kota_vrha":24.6226,"tlocrt":283.83736281,"obujam":687.33390498},"geometry":{"type":"Polygon","coordinates":[[[16.491846,43.528923],[16.491845,43.528903],[16.491844,43.528869],[16.491843,43.528847],[16.491731,43.528849],[16.491732,43.52887],[16.491733,43.528905],[16.491733,43.528924],[16.491846,43.528923]]]}},{"type":"Feature","properties":{"krov":"ROOF_NOT_FLAT","visina":6.546,"kota_dna":19.782,"kota_vrha":26.328,"tlocrt":285.35168441,"obujam":21354.8630407},"geometry":{"type":"Polygon","coordinates":[[[16.490489,43.524575],[16.490459,43.524538],[16.490455,43.52454],[16.490342,43.524589],[16.490344,43.524593],[16.490373,43.524627],[16.490491,43.524577],[16.49049,43.524575],[16.490489,43.524575]]]}},{"type":"Feature","properties":{"krov":"ROOF_NOT_FLAT","visina":4.6253,"kota_dna":27.174,"kota_vrha":31.7993,"tlocrt":120.49394222,"obujam":480.84852004},"geometry":{"type":"Polygon","coordinates":[[[16.4921,43.526322],[16.49206,43.526286],[16.492038,43.526299],[16.492015,43.526312],[16.492054,43.526347],[16.492077,43.526334],[16.4921,43.526322]]]}},{"type":"Feature","properties":{"krov":"ROOF_NOT_FLAT","visina":7.121,"kota_dna":25.964,"kota_vrha":33.085,"tlocrt":147.49656667,"obujam":50.50894182},"geometry":{"type":"Polygon","coordinates":[[[16.492754,43.527683],[16.492722,43.527679],[16.492719,43.527697],[16.492716,43.527708],[16.49271,43.527735],[16.492742,43.527738],[16.492748,43.52771],[16.492754,43.527683]]]}},{"type":"Feature","properties":{"krov":"ROOF_NOT_FLAT","visina":9.3691,"kota_dna":27.549,"kota_vrha":36.9181,"tlocrt":462.24830512,"obujam":85.49122266},"geometry":{"type":"Polygon","coordinates":[[[16.491117,43.525013],[16.491031,43.525052],[16.491065,43.525095],[16.491092,43.525129],[16.491097,43.525135],[16.491183,43.525094],[16.491152,43.525055],[16.491117,43.525013]]]}},{"type":"Feature","properties":{"krov":"ROOF_NOT_FLAT","visina":3.1393,"kota_dna":22.807,"kota_vrha":25.9463,"tlocrt":107.42860841,"obujam":705.84629964},"geometry":{"type":"Polygon","coordinates":[[[16.487993,43.523923],[16.488011,43.523911],[16.48803,43.523899],[16.487981,43.523858],[16.487962,43.523871],[16.487943,43.523884],[16.487991,43.523924],[16.487993,43.523923]]]}},{"type":"Feature","properties":{"krov":"ROOF_NOT_FLAT","visina":5.1486,"kota_dna":22.794,"kota_vrha":27.9426,"tlocrt":218.15042644,"obujam":884.15810613},"geometry":{"type":"Polygon","coordinates":[[[16.489129,43.523754],[16.489172,43.52374],[16.489221,43.523725],[16.489205,43.523698],[16.489189,43.523673],[16.489087,43.523708],[16.489102,43.523734],[16.489117,43.523758],[16.489129,43.523754]]]}},{"type":"Feature","properties":{"krov":"ROOF_NOT_FLAT","visina":5.0417,"kota_dna":22.54,"kota_vrha":27.5817,"tlocrt":125.47393045,"obujam":740.00142015},"geometry":{"type":"Polygon","coordinates":[[[16.490231,43.523159],[16.490224,43.523139],[16.490217,43.523116],[16.49016,43.523127],[16.490168,43.523148],[16.490176,43.52317],[16.490231,43.52316],[16.490231,43.523159]]]}},{"type":"Feature","properties":{"krov":"ROOF_NOT_FLAT","visina":7.8492,"kota_dna":20.868,"kota_vrha":28.7172,"tlocrt":606.89141927,"obujam":863.37707593},"geometry":{"type":"Polygon","coordinates":[[[16.490813,43.523512],[16.490819,43.52351],[16.490814,43.523499],[16.490809,43.523489],[16.490832,43.523485],[16.49083,43.523478],[16.490815,43.52344],[16.490801,43.523402],[16.490726,43.523416],[16.490724,43.523416],[16.490732,43.523443],[16.490656,43.523458],[16.49066,43.52347],[16.490674,43.523515],[16.490723,43.523505],[16.490731,43.523528],[16.490813,43.523512]]]}},{"type":"Feature","properties":{"krov":"ROOF_NOT_FLAT","visina":6.2072,"kota_dna":20.749,"kota_vrha":26.9562,"tlocrt":98.21368254,"obujam":146.48304501},"geometry":{"type":"Polygon","coordinates":[[[16.49083,43.523478],[16.490832,43.523485],[16.490809,43.523489],[16.490814,43.523499],[16.490819,43.52351],[16.490813,43.523512],[16.490813,43.523514],[16.490857,43.523505],[16.490852,43.523492],[16.490846,43.523475],[16.49083,43.523478]]]}},{"type":"Feature","properties":{"krov":"ROOF_NOT_FLAT","visina":8.8731,"kota_dna":21.873,"kota_vrha":30.7461,"tlocrt":695.56072758,"obujam":357.42712646},"geometry":{"type":"Polygon","coordinates":[[[16.489513,43.523889],[16.489504,43.52387],[16.489495,43.523851],[16.489485,43.523832],[16.489326,43.523868],[16.489342,43.523907],[16.489364,43.523961],[16.48953,43.523925],[16.489513,43.523889]]]}},{"type":"Feature","properties":{"krov":"ROOF_NOT_FLAT","visina":1.9362,"kota_dna":22.064,"kota_vrha":24.0002,"tlocrt":15.8852087,"obujam":153.70111098},"geometry":{"type":"Polygon","coordinates":[[[16.49054,43.524669],[16.490539,43.524678],[16.490538,43.524686],[16.490555,43.524687],[16.490556,43.524679],[16.490557,43.52467],[16.49054,43.524669]]]}},{"type":"Feature","properties":{"krov":"ROOF_NOT_FLAT","visina":4.4576,"kota_dna":23.916,"kota_vrha":28.3736,"tlocrt":102.58253078,"obujam":416.52830599},"geometry":{"type":"Polygon","coordinates":[[[16.488576,43.523757],[16.488594,43.523754],[16.48862,43.523751],[16.488612,43.52371],[16.488586,43.523713],[16.488562,43.523715],[16.48857,43.523757],[16.488576,43.523757]]]}},{"type":"Feature","properties":{"krov":"ROOF_NOT_FLAT","visina":8.8297,"kota_dna":15.899,"kota_vrha":24.7287,"tlocrt":784.40059777,"obujam":809.40129154},"geometry":{"type":"Polygon","coordinates":[[[16.489612,43.52463],[16.489578,43.524586],[16.489562,43.524566],[16.489541,43.524538],[16.489486,43.524558],[16.489518,43.524601],[16.489492,43.524611],[16.489459,43.52457],[16.489408,43.524591],[16.489441,43.524635],[16.489421,43.524643],[16.489429,43.524652],[16.48947,43.524704],[16.489616,43.524635],[16.489612,43.52463]]]}},{"type":"Feature","properties":{"krov":"ROOF_NOT_FLAT","visina":9.4983,"kota_dna":17.743,"kota_vrha":27.2413,"tlocrt":625.08920647,"obujam":158.44152971},"geometry":{"type":"Polygon","coordinates":[[[16.48953,43.524859],[16.489489,43.524789],[16.489486,43.52479],[16.489431,43.524806],[16.48943,43.524803],[16.489412,43.524808],[16.48934,43.524831],[16.489337,43.524832],[16.489381,43.524907],[16.489456,43.524883],[16.48953,43.524859]]]}},{"type":"Feature","properties":{"krov":"ROOF_NOT_FLAT","visina":7.0887,"kota_dna":30.642,"kota_vrha":37.7307,"tlocrt":256.69933571,"obujam":190.66021318},"geometry":{"type":"Polygon","coordinates":[[[16.491717,43.525367],[16.491724,43.525318],[16.49172,43.525317],[16.491634,43.525309],[16.491631,43.525309],[16.49163,43.525317],[16.491622,43.52536],[16.491621,43.525364],[16.491716,43.525372],[16.491717,43.525369],[16.491717,43.525367]]]}},{"type":"Feature","properties":{"krov":"ROOF_NOT_FLAT","visina":7.0463,"kota_dna":30.653,"kota_vrha":37.6993,"tlocrt":413.79702564,"obujam":894.27078884},"geometry":{"type":"Polygon","coordinates":[[[16.491716,43.525372],[16.491621,43.525364],[16.491622,43.52536],[16.49163,43.525317],[16.491582,43.525313],[16.491579,43.525312],[16.491573,43.525359],[16.491572,43.52537],[16.491585,43.525371],[16.491579,43.525408],[16.49171,43.525419],[16.491716,43.525372]]]}},{"type":"Feature","properties":{"krov":"ROOF_NOT_FLAT","visina":4.0196,"kota_dna":21.689,"kota_vrha":25.7086,"tlocrt":222.43594971,"obujam":974.01463064},"geometry":{"type":"Polygon","coordinates":[[[16.490517,43.525767],[16.490508,43.525758],[16.49052,43.525752],[16.49057,43.525728],[16.490534,43.525684],[16.4905,43.525699],[16.490482,43.525707],[16.490456,43.525718],[16.490461,43.525725],[16.490449,43.525731],[16.490442,43.525734],[16.490445,43.525737],[16.490488,43.525786],[16.490521,43.525773],[16.490517,43.525767]]]}},{"type":"Feature","properties":{"krov":"ROOF_NOT_FLAT","visina":7.8347,"kota_dna":25.836,"kota_vrha":33.6707,"tlocrt":368.97238872,"obujam":798.60860162},"geometry":{"type":"Polygon","coordinates":[[[16.491278,43.525624],[16.491277,43.525618],[16.491264,43.525572],[16.491182,43.525585],[16.491195,43.525631],[16.491206,43.525672],[16.491288,43.525659],[16.491278,43.525624]]]}},{"type":"Feature","properties":{"krov":"ROOF_NOT_FLAT","visina":2.5322,"kota_dna":21.644,"kota_vrha":24.1762,"tlocrt":79.99927496,"obujam":145.16691796},"geometry":{"type":"Polygon","coordinates":[[[16.491167,43.526501],[16.491153,43.526487],[16.491106,43.526512],[16.49112,43.526526],[16.491135,43.526541],[16.491183,43.526517],[16.491167,43.526501]]]}},{"type":"Feature","properties":{"krov":"ROOF_NOT_FLAT","visina":3.3017,"kota_dna":21.864,"kota_vrha":25.1657,"tlocrt":146.77062037,"obujam":812.29161449},"geometry":{"type":"Polygon","coordinates":[[[16.491084,43.526416],[16.491062,43.526393],[16.490997,43.526424],[16.491017,43.526447],[16.49104,43.526474],[16.491094,43.526448],[16.491074,43.526425],[16.491086,43.526418],[16.491084,43.526416]]]}},{"type":"Feature","properties":{"krov":"ROOF_NOT_FLAT","visina":6.631,"kota_dna":28.362,"kota_vrha":34.993,"tlocrt":485.18080668,"obujam":76.05523707},"geometry":{"type":"Polygon","coordinates":[[[16.491855,43.526094],[16.491866,43.526089],[16.491918,43.526069],[16.491921,43.526068],[16.491852,43.525972],[16.491844,43.525976],[16.491798,43.525995],[16.491763,43.526009],[16.491746,43.526016],[16.491805,43.526101],[16.491812,43.526111],[16.491855,43.526094]]]}},{"type":"Feature","properties":{"krov":"ROOF_NOT_FLAT","visina":4.0079,"kota_dna":19.659,"kota_vrha":23.6669,"tlocrt":81.77083698,"obujam":4270.21005381},"geometry":{"type":"Polygon","coordinates":[[[16.491307,43.528984],[16.491328,43.528984],[16.49135,43.528985],[16.491353,43.528985],[16.491354,43.528946],[16.49133,43.528945],[16.491306,43.528944],[16.491307,43.528984]]]}},{"type":"Feature","properties":{"krov":"ROOF_NOT_FLAT","visina":8.8428,"kota_dna":21.694,"kota_vrha":30.5368,"tlocrt":485.45804285,"obujam":68.92339318},"geometry":{"type":"Polygon","coordinates":[[[16.491132,43.529189],[16.491133,43.529219],[16.491135,43.52925],[16.491304,43.52925],[16.491305,43.529229],[16.491288,43.529228],[16.491289,43.529189],[16.491132,43.529189]]]}},{"type":"Feature","properties":{"krov":"ROOF_NOT_FLAT","visina":5.7627,"kota_dna":23.61,"kota_vrha":29.3727,"tlocrt":205.57539488,"obujam":67.18124508},"geometry":{"type":"Polygon","coordinates":[[[16.4927,43.527782],[16.492593,43.527771],[16.492587,43.527804],[16.492691,43.527825],[16.4927,43.527782]]]}},{"type":"Feature","properties":{"krov":"ROOF_NOT_FLAT","visina":2.9793,"kota_dna":26.044,"kota_vrha":29.0233,"tlocrt":43.5787186,"obujam":149.5159412},"geometry":{"type":"Polygon","coordinates":[[[16.492728,43.527655],[16.492722,43.527679],[16.492754,43.527683],[16.492759,43.527658],[16.492728,43.527655]]]}},{"type":"Feature","properties":{"krov":"ROOF_NOT_FLAT","visina":2.322,"kota_dna":22.482,"kota_vrha":24.804,"tlocrt":75.30084625,"obujam":247.06083442},"geometry":{"type":"Polygon","coordinates":[[[16.489172,43.52374],[16.489129,43.523754],[16.48915,43.523796],[16.489195,43.523783],[16.489172,43.52374]]]}},{"type":"Feature","properties":{"krov":"ROOF_NOT_FLAT","visina":3.7677,"kota_dna":22.707,"kota_vrha":26.4747,"tlocrt":186.91494844,"obujam":200.13027112},"geometry":{"type":"Polygon","coordinates":[[[16.489189,43.523673],[16.489205,43.523698],[16.489221,43.523725],[16.489223,43.523728],[16.489297,43.523704],[16.489263,43.523643],[16.489186,43.523668],[16.489189,43.523673]]]}},{"type":"Feature","properties":{"krov":"ROOF_NOT_FLAT","visina":8.222,"kota_dna":23.37,"kota_vrha":31.592,"tlocrt":510.00974164,"obujam":249.91592917},"geometry":{"type":"Polygon","coordinates":[[[16.490276,43.523045],[16.490261,43.523003],[16.490121,43.523029],[16.490154,43.523119],[16.490295,43.523094],[16.490276,43.523045]]]}},{"type":"Feature","properties":{"krov":"ROOF_NOT_FLAT","visina":6.0677,"kota_dna":20.822,"kota_vrha":26.8897,"tlocrt":248.29474048,"obujam":72.46082085},"geometry":{"type":"Polygon","coordinates":[[[16.490607,43.523495],[16.490512,43.523512],[16.490508,43.523513],[16.490521,43.523551],[16.490643,43.523528],[16.490636,43.523506],[16.490615,43.523509],[16.49061,43.523494],[16.490607,43.523495]]]}},{"type":"Feature","properties":{"krov":"ROOF_NOT_FLAT","visina":3.9748,"kota_dna":15.471,"kota_vrha":19.4458,"tlocrt":158.57806864,"obujam":677.48052614},"geometry":{"type":"Polygon","coordinates":[[[16.489833,43.524152],[16.489804,43.524097],[16.489733,43.524117],[16.489763,43.524172],[16.489833,43.524152]]]}},{"type":"Feature","properties":{"krov":"ROOF_NOT_FLAT","visina":1.7324,"kota_dna":17.897,"kota_vrha":19.6294,"tlocrt":27.28816559,"obujam":136.30132987},"geometry":{"type":"Polygon","coordinates":[[[16.490609,43.524307],[16.490623,43.524341],[16.490636,43.524338],[16.490629,43.524305],[16.490609,43.524307]]]}},{"type":"Feature","properties":{"krov":"ROOF_NOT_FLAT","visina":2.3026,"kota_dna":18.283,"kota_vrha":20.5856,"tlocrt":36.59384008,"obujam":2304.35170662},"geometry":{"type":"Polygon","coordinates":[[[16.490587,43.524347],[16.490544,43.524356],[16.490551,43.524374],[16.490593,43.524364],[16.490587,43.524347]]]}},{"type":"Feature","properties":{"krov":"ROOF_NOT_FLAT","visina":2.8596,"kota_dna":17.726,"kota_vrha":20.5856,"tlocrt":118.12792622,"obujam":1686.72711256},"geometry":{"type":"Polygon","coordinates":[[[16.490587,43.524347],[16.490623,43.524341],[16.490609,43.524307],[16.490606,43.524298],[16.490527,43.524315],[16.490544,43.524356],[16.490587,43.524347]]]}},{"type":"Feature","properties":{"krov":"ROOF_NOT_FLAT","visina":3.5872,"kota_dna":19.581,"kota_vrha":23.1682,"tlocrt":197.13743945,"obujam":422.67703115},"geometry":{"type":"Polygon","coordinates":[[[16.490421,43.524533],[16.490443,43.524523],[16.490455,43.52454],[16.490459,43.524538],[16.490489,43.524575],[16.49053,43.524557],[16.490465,43.524479],[16.4904,43.524506],[16.490421,43.524533]]]}},{"type":"Feature","properties":{"krov":"ROOF_NOT_FLAT","visina":2.2454,"kota_dna":21.88,"kota_vrha":24.1254,"tlocrt":52.73532006,"obujam":77.37967669},"geometry":{"type":"Polygon","coordinates":[[[16.490482,43.524657],[16.490445,43.524656],[16.490443,43.524691],[16.49048,43.524694],[16.490482,43.524657]]]}},{"type":"Feature","properties":{"krov":"ROOF_NOT_FLAT","visina":3.8838,"kota_dna":22.13,"kota_vrha":26.0138,"tlocrt":102.06968835,"obujam":981.47989431},"geometry":{"type":"Polygon","coordinates":[[[16.490538,43.524686],[16.490539,43.524678],[16.49054,43.524669],[16.49054,43.524659],[16.490482,43.524657],[16.49048,43.524694],[16.490538,43.524695],[16.490538,43.524686]]]}},{"type":"Feature","properties":{"krov":"ROOF_NOT_FLAT","visina":3.1476,"kota_dna":22.175,"kota_vrha":25.3226,"tlocrt":61.24964967,"obujam":214.77238819},"geometry":{"type":"Polygon","coordinates":[[[16.490626,43.524702],[16.490687,43.524689],[16.490688,43.524689],[16.490682,43.524675],[16.490617,43.524688],[16.490622,43.524702],[16.490626,43.524702]]]}},{"type":"Feature","properties":{"krov":"ROOF_NOT_FLAT","visina":4.4093,"kota_dna":22.253,"kota_vrha":26.6623,"tlocrt":83.7200321,"obujam":922.59075514},"geometry":{"type":"Polygon","coordinates":[[[16.490641,43.524738],[16.490626,43.524702],[16.490622,43.524702],[16.490594,43.524708],[16.490607,43.524745],[16.490641,43.524738]]]}},{"type":"Feature","properties":{"krov":"ROOF_NOT_FLAT","visina":9.1791,"kota_dna":22.779,"kota_vrha":31.9581,"tlocrt":818.69607322,"obujam":217.63460908},"geometry":{"type":"Polygon","coordinates":[[[16.490806,43.524788],[16.49093,43.524792],[16.490932,43.524792],[16.490936,43.524685],[16.490716,43.52468],[16.490708,43.524785],[16.490806,43.524788]]]}},{"type":"Feature","properties":{"krov":"ROOF_NOT_FLAT","visina":2.6986,"kota_dna":22.812,"kota_vrha":25.5106,"tlocrt":58.10757921,"obujam":323.7605261},"geometry":{"type":"Polygon","coordinates":[[[16.488055,43.523919],[16.488031,43.523898],[16.48803,43.523899],[16.488011,43.523911],[16.487993,43.523923],[16.488018,43.523942],[16.488055,43.523919]]]}},{"type":"Feature","properties":{"krov":"ROOF_NOT_FLAT","visina":5.5226,"kota_dna":17.651,"kota_vrha":23.1736,"tlocrt":85.3647357,"obujam":186.02237647},"geometry":{"type":"Polygon","coordinates":[[[16.489396,43.524806],[16.489389,43.524794],[16.48933,43.524813],[16.489336,43.524824],[16.489396,43.524806]]]}},{"type":"Feature","properties":{"krov":"ROOF_NOT_FLAT","visina":3.1767,"kota_dna":20.672,"kota_vrha":23.8487,"tlocrt":48.3259803,"obujam":168.23876985},"geometry":{"type":"Polygon","coordinates":[[[16.489491,43.524919],[16.489439,43.524935],[16.489446,43.524947],[16.489499,43.52493],[16.489491,43.524919]]]}},{"type":"Feature","properties":{"krov":"ROOF_NOT_FLAT","visina":6.8277,"kota_dna":17.73,"kota_vrha":24.5577,"tlocrt":363.16387943,"obujam":2338.42256848},"geometry":{"type":"Polygon","coordinates":[[[16.489207,43.524936],[16.489346,43.524891],[16.48935,43.524889],[16.489321,43.524844],[16.489172,43.524892],[16.489199,43.524939],[16.489207,43.524936]]]}},{"type":"Feature","properties":{"krov":"ROOF_NOT_FLAT","visina":8.8459,"kota_dna":18.276,"kota_vrha":27.1219,"tlocrt":429.37423267,"obujam":528.39316853},"geometry":{"type":"Polygon","coordinates":[[[16.489439,43.524935],[16.489491,43.524919],[16.489552,43.5249],[16.48953,43.524859],[16.489456,43.524883],[16.489381,43.524907],[16.489404,43.524946],[16.489439,43.524935]]]}},{"type":"Feature","properties":{"krov":"ROOF_NOT_FLAT","visina":7.0721,"kota_dna":24.532,"kota_vrha":31.6041,"tlocrt":421.2903065,"obujam":548.8464563},"geometry":{"type":"Polygon","coordinates":[[[16.489922,43.525098],[16.48992,43.525084],[16.489905,43.524997],[16.489842,43.525002],[16.489843,43.525006],[16.489852,43.525059],[16.489795,43.525064],[16.489791,43.525065],[16.4898,43.525109],[16.489922,43.525098]]]}},{"type":"Feature","properties":{"krov":"ROOF_NOT_FLAT","visina":3.9744,"kota_dna":23.371,"kota_vrha":27.3454,"tlocrt":339.94947866,"obujam":982.54452873},"geometry":{"type":"Polygon","coordinates":[[[16.489708,43.525323],[16.489634,43.525187],[16.489554,43.525208],[16.48955,43.525211],[16.489548,43.525216],[16.489549,43.525223],[16.489563,43.525243],[16.489697,43.525332],[16.489708,43.525323]]]}},{"type":"Feature","properties":{"krov":"ROOF_NOT_FLAT","visina":2.4038,"kota_dna":25.722,"kota_vrha":28.1258,"tlocrt":55.29552057,"obujam":1012.31960825},"geometry":{"type":"Polygon","coordinates":[[[16.490109,43.525192],[16.490108,43.525192],[16.490109,43.525168],[16.490059,43.525164],[16.490056,43.525191],[16.490109,43.525196],[16.490109,43.525192]]]}},{"type":"Feature","properties":{"krov":"ROOF_NOT_FLAT","visina":2.7941,"kota_dna":27.433,"kota_vrha":30.2271,"tlocrt":85.93793726,"obujam":1817.0597021},"geometry":{"type":"Polygon","coordinates":[[[16.491031,43.525052],[16.491117,43.525013],[16.491106,43.525],[16.491015,43.525042],[16.491024,43.525055],[16.491031,43.525052]]]}},{"type":"Feature","properties":{"krov":"ROOF_NOT_FLAT","visina":2.6387,"kota_dna":21.884,"kota_vrha":24.5227,"tlocrt":53.23905046,"obujam":760.72644034},"geometry":{"type":"Polygon","coordinates":[[[16.490445,43.525737],[16.490442,43.525734],[16.490449,43.525731],[16.490418,43.525697],[16.490398,43.525706],[16.490431,43.525743],[16.490445,43.525737]]]}},{"type":"Feature","properties":{"krov":"ROOF_NOT_FLAT","visina":2.9599,"kota_dna":22.092,"kota_vrha":25.0519,"tlocrt":103.7866335,"obujam":755.82256024},"geometry":{"type":"Polygon","coordinates":[[[16.4905,43.525699],[16.490473,43.525667],[16.490414,43.525693],[16.490418,43.525697],[16.490449,43.525731],[16.490461,43.525725],[16.490456,43.525718],[16.490482,43.525707],[16.4905,43.525699]]]}},{"type":"Feature","properties":{"krov":"ROOF_NOT_FLAT","visina":2.2805,"kota_dna":22.863,"kota_vrha":25.1435,"tlocrt":56.72446227,"obujam":43.93467342},"geometry":{"type":"Polygon","coordinates":[[[16.490534,43.525684],[16.490502,43.52565],[16.490471,43.525665],[16.490473,43.525667],[16.4905,43.525699],[16.490534,43.525684]]]}},{"type":"Feature","properties":{"krov":"ROOF_NOT_FLAT","visina":1.8602,"kota_dna":22.496,"kota_vrha":24.3562,"tlocrt":43.09203888,"obujam":149.85734624},"geometry":{"type":"Polygon","coordinates":[[[16.49057,43.525728],[16.49052,43.525752],[16.490508,43.525758],[16.490517,43.525767],[16.49058,43.525739],[16.49057,43.525728]]]}},{"type":"Feature","properties":{"krov":"ROOF_NOT_FLAT","visina":2.6729,"kota_dna":24.074,"kota_vrha":26.7469,"tlocrt":126.38286893,"obujam":367.4857851},"geometry":{"type":"Polygon","coordinates":[[[16.490486,43.525546],[16.490474,43.525514],[16.490369,43.525536],[16.49038,43.525568],[16.490486,43.525546]]]}},{"type":"Feature","properties":{"krov":"ROOF_NOT_FLAT","visina":3.7325,"kota_dna":24.045,"kota_vrha":27.7775,"tlocrt":222.96900113,"obujam":605.98789147},"geometry":{"type":"Polygon","coordinates":[[[16.490697,43.525594],[16.490709,43.525594],[16.490704,43.52553],[16.490644,43.525533],[16.490645,43.52554],[16.490588,43.525541],[16.490593,43.525597],[16.490697,43.525594]]]}},{"type":"Feature","properties":{"krov":"ROOF_NOT_FLAT","visina":6.669,"kota_dna":26.731,"kota_vrha":33.4,"tlocrt":118.92008584,"obujam":156.95446173},"geometry":{"type":"Polygon","coordinates":[[[16.491264,43.525572],[16.491277,43.525618],[16.491278,43.525624],[16.491308,43.525619],[16.491293,43.525568],[16.491264,43.525572]]]}},{"type":"Feature","properties":{"krov":"ROOF_NOT_FLAT","visina":8.7769,"kota_dna":25.016,"kota_vrha":33.7929,"tlocrt":365.0234422,"obujam":882.56460168},"geometry":{"type":"Polygon","coordinates":[[[16.491206,43.525672],[16.491195,43.525631],[16.491182,43.525585],[16.491111,43.525597],[16.491135,43.525681],[16.491206,43.525672]]]}},{"type":"Feature","properties":{"krov":"ROOF_NOT_FLAT","visina":3.3184,"kota_dna":26.55,"kota_vrha":29.8684,"tlocrt":101.98013571,"obujam":632.75228478},"geometry":{"type":"Polygon","coordinates":[[[16.491431,43.525637],[16.491358,43.525648],[16.491367,43.52568],[16.491441,43.525668],[16.491431,43.525637]]]}},{"type":"Feature","properties":{"krov":"ROOF_NOT_FLAT","visina":4.6355,"kota_dna":27.584,"kota_vrha":32.2195,"tlocrt":219.30520644,"obujam":155.2050554},"geometry":{"type":"Polygon","coordinates":[[[16.491844,43.525976],[16.491803,43.525922],[16.491724,43.525954],[16.491754,43.525997],[16.491763,43.526009],[16.491798,43.525995],[16.491844,43.525976]]]}},{"type":"Feature","properties":{"krov":"ROOF_NOT_FLAT","visina":4.2867,"kota_dna":25.679,"kota_vrha":29.9657,"tlocrt":131.68338577,"obujam":1080.55844273},"geometry":{"type":"Polygon","coordinates":[[[16.491901,43.526353],[16.491853,43.526298],[16.491842,43.526303],[16.491856,43.526318],[16.491826,43.526332],[16.491861,43.526371],[16.491901,43.526353]]]}},{"type":"Feature","properties":{"krov":"ROOF_NOT_FLAT","visina":5.9165,"kota_dna":27.148,"kota_vrha":33.0645,"tlocrt":55.98244478,"obujam":13.48187925},"geometry":{"type":"Polygon","coordinates":[[[16.491963,43.526227],[16.491982,43.526248],[16.491996,43.526242],[16.491977,43.52622],[16.491963,43.526227]]]}},{"type":"Feature","properties":{"krov":"ROOF_NOT_FLAT","visina":9.8776,"kota_dna":26.038,"kota_vrha":35.9156,"tlocrt":713.19112641,"obujam":1041.52060301},"geometry":{"type":"Polygon","coordinates":[[[16.491982,43.526248],[16.491963,43.526227],[16.491931,43.52619],[16.491809,43.526247],[16.491853,43.526298],[16.491901,43.526353],[16.492025,43.526296],[16.491982,43.526248]]]}},{"type":"Feature","properties":{"krov":"ROOF_NOT_FLAT","visina":1.5966,"kota_dna":17.35,"kota_vrha":18.9466,"tlocrt":59.26662224,"obujam":1302.21434954},"geometry":{"type":"Polygon","coordinates":[[[16.491094,43.528733],[16.491096,43.528703],[16.491031,43.528703],[16.49103,43.528733],[16.491094,43.528733]]]}},{"type":"Feature","properties":{"krov":"ROOF_NOT_FLAT","visina":7.3333,"kota_dna":21.694,"kota_vrha":29.0273,"tlocrt":264.99255888,"obujam":1524.76629275},"geometry":{"type":"Polygon","coordinates":[[[16.491135,43.52925],[16.491133,43.529219],[16.491132,43.529189],[16.491068,43.52919],[16.491065,43.52926],[16.491135,43.529259],[16.491135,43.52925]]]}},{"type":"Feature","properties":{"krov":"ROOF_NOT_FLAT","visina":2.8737,"kota_dna":19.054,"kota_vrha":21.9277,"tlocrt":87.71682309,"obujam":325.00265624},"geometry":{"type":"Polygon","coordinates":[[[16.491843,43.528847],[16.491842,43.528833],[16.491731,43.528835],[16.491731,43.528849],[16.491843,43.528847]]]}},{"type":"Feature","properties":{"krov":"ROOF_NOT_FLAT","visina":2.8583,"kota_dna":23.157,"kota_vrha":26.0153,"tlocrt":75.91013454,"obujam":1808.00215887},"geometry":{"type":"Polygon","coordinates":[[[16.49197,43.529272],[16.491911,43.52927],[16.491908,43.529302],[16.491969,43.529303],[16.49197,43.529272]]]}},{"type":"Feature","properties":{"krov":"ROOF_NOT_FLAT","visina":2.1012,"kota_dna":23.67,"kota_vrha":25.7712,"tlocrt":65.4980244,"obujam":1274.5005583},"geometry":{"type":"Polygon","coordinates":[[[16.492253,43.529213],[16.492196,43.529213],[16.492196,43.529246],[16.492254,43.529246],[16.492253,43.529213]]]}},{"type":"Feature","properties":{"krov":"ROOF_NOT_FLAT","visina":9.6172,"kota_dna":23.537,"kota_vrha":33.1542,"tlocrt":578.74563004,"obujam":1394.43578839},"geometry":{"type":"Polygon","coordinates":[[[16.492649,43.529156],[16.492501,43.529154],[16.492495,43.529251],[16.492645,43.529253],[16.492649,43.529156]]]}},{"type":"Feature","properties":{"krov":"ROOF_NOT_FLAT","visina":2.8597,"kota_dna":23.87,"kota_vrha":26.7297,"tlocrt":63.71661992,"obujam":399.74501914},"geometry":{"type":"Polygon","coordinates":[[[16.488555,43.523716],[16.488552,43.523699],[16.488478,43.523707],[16.488481,43.523724],[16.488555,43.523716]]]}},{"type":"Feature","properties":{"krov":"ROOF_NOT_FLAT","visina":13.2055,"kota_dna":34.826,"kota_vrha":48.0315,"tlocrt":454.72198691,"obujam":239.20585815},"geometry":{"type":"Polygon","coordinates":[[[16.497916,43.529014],[16.497916,43.529031],[16.498041,43.529028],[16.498041,43.529014],[16.497916,43.529014]]]}},{"type":"Feature","properties":{"krov":"ROOF_NOT_FLAT","visina":9.3499,"kota_dna":32.32,"kota_vrha":41.6699,"tlocrt":569.24391627,"obujam":1062.55941989},"geometry":{"type":"Polygon","coordinates":[[[16.494105,43.527271],[16.494082,43.527266],[16.494053,43.52726],[16.49406,43.527244],[16.494066,43.527246],[16.494082,43.527212],[16.494089,43.527197],[16.494084,43.527196],[16.494032,43.527184],[16.49402,43.527181],[16.494019,43.527182],[16.494013,43.527197],[16.493976,43.52728],[16.494036,43.527295],[16.494066,43.527303],[16.49409,43.527309],[16.494099,43.527291],[16.494109,43.527272],[16.494105,43.527271]]]}},{"type":"Feature","properties":{"krov":"ROOF_NOT_FLAT","visina":7.8781,"kota_dna":33.004,"kota_vrha":40.8821,"tlocrt":410.10398134,"obujam":61.45690431},"geometry":{"type":"Polygon","coordinates":[[[16.493851,43.527015],[16.493857,43.526995],[16.493861,43.526981],[16.493866,43.526959],[16.493779,43.526946],[16.49377,43.526983],[16.493766,43.526999],[16.493762,43.527016],[16.493754,43.52705],[16.493778,43.527053],[16.493806,43.527057],[16.493813,43.527031],[16.493846,43.527036],[16.493851,43.527015]]]}},{"type":"Feature","properties":{"krov":"ROOF_NOT_FLAT","visina":8.5942,"kota_dna":32.979,"kota_vrha":41.5732,"tlocrt":435.89373177,"obujam":32.24268308},"geometry":{"type":"Polygon","coordinates":[[[16.493754,43.52705],[16.493762,43.527016],[16.493766,43.526999],[16.49377,43.526983],[16.493779,43.526946],[16.493693,43.526932],[16.493678,43.526987],[16.493672,43.527007],[16.493671,43.52701],[16.493678,43.527012],[16.493685,43.527013],[16.49371,43.527002],[16.493729,43.527022],[16.493722,43.52705],[16.493753,43.527053],[16.493754,43.52705]]]}},{"type":"Feature","properties":{"krov":"ROOF_NOT_FLAT","visina":10.9627,"kota_dna":36.496,"kota_vrha":47.4587,"tlocrt":6485.68327522,"obujam":761.71608148},"geometry":{"type":"Polygon","coordinates":[[[16.499212,43.526579],[16.499214,43.526514],[16.499215,43.526474],[16.499216,43.526434],[16.499242,43.526434],[16.499242,43.526431],[16.499266,43.526431],[16.499266,43.526427],[16.499271,43.526242],[16.498935,43.526238],[16.498868,43.526237],[16.498801,43.526236],[16.498462,43.526232],[16.498458,43.526416],[16.498458,43.52642],[16.498506,43.526421],[16.498503,43.526601],[16.498735,43.526603],[16.498737,43.526513],[16.49873,43.526513],[16.498734,43.52642],[16.498734,43.526417],[16.498992,43.52642],[16.498992,43.526423],[16.498989,43.526517],[16.498986,43.526517],[16.498985,43.526522],[16.498991,43.526522],[16.499031,43.526522],[16.499029,43.526581],[16.499029,43.526608],[16.499211,43.52661],[16.499212,43.526579]]]}},{"type":"Feature","properties":{"krov":"ROOF_NOT_FLAT","visina":12.231,"kota_dna":33.843,"kota_vrha":46.074,"tlocrt":778.77000856,"obujam":41.00934419},"geometry":{"type":"Polygon","coordinates":[[[16.497622,43.529037],[16.497622,43.529013],[16.497494,43.529015],[16.497495,43.529039],[16.497622,43.529037]]]}},{"type":"Feature","properties":{"krov":"ROOF_NOT_FLAT","visina":11.408,"kota_dna":26.625,"kota_vrha":38.033,"tlocrt":672.42044557,"obujam":701.56231771},"geometry":{"type":"Polygon","coordinates":[[[16.495193,43.523665],[16.495244,43.523658],[16.495304,43.523649],[16.495277,43.523546],[16.495216,43.523555],[16.495156,43.523564],[16.495156,43.523565],[16.495159,43.523576],[16.495162,43.523587],[16.495163,43.523592],[16.495167,43.523607],[16.495169,43.523614],[16.49517,43.523619],[16.495174,43.523634],[16.495174,43.523636],[16.495181,43.523663],[16.495182,43.523667],[16.495193,43.523665]]]}},{"type":"Feature","properties":{"krov":"ROOF_NOT_FLAT","visina":9.9564,"kota_dna":33.079,"kota_vrha":43.0354,"tlocrt":540.44043612,"obujam":129.15247317},"geometry":{"type":"Polygon","coordinates":[[[16.494479,43.527217],[16.494487,43.527192],[16.494495,43.527166],[16.4945,43.527147],[16.494494,43.527146],[16.494493,43.527146],[16.494481,43.527143],[16.49447,43.527142],[16.494446,43.527137],[16.494438,43.527136],[16.494417,43.527133],[16.494413,43.527132],[16.4944,43.52713],[16.494385,43.527127],[16.494383,43.527127],[16.494369,43.527172],[16.494369,43.527173],[16.494363,43.527191],[16.494358,43.527207],[16.494476,43.527227],[16.494479,43.527217]]]}},{"type":"Feature","properties":{"krov":"ROOF_NOT_FLAT","visina":12.6645,"kota_dna":33.051,"kota_vrha":45.7155,"tlocrt":367.12344752,"obujam":1120.0976335},"geometry":{"type":"Polygon","coordinates":[[[16.494738,43.527173],[16.494723,43.52717],[16.494702,43.527178],[16.494685,43.527237],[16.49469,43.527244],[16.494687,43.527258],[16.494697,43.527269],[16.494705,43.527272],[16.49471,43.527256],[16.494712,43.527252],[16.494719,43.52723],[16.494731,43.527195],[16.494738,43.527173]]]}},{"type":"Feature","properties":{"krov":"ROOF_NOT_FLAT","visina":10.4974,"kota_dna":35.258,"kota_vrha":45.7554,"tlocrt":920.20582647,"obujam":48.57226724},"geometry":{"type":"Polygon","coordinates":[[[16.493816,43.526034],[16.493765,43.52602],[16.493762,43.526019],[16.49371,43.526005],[16.493698,43.526002],[16.493675,43.526048],[16.493676,43.526048],[16.493736,43.526064],[16.493727,43.526081],[16.493668,43.526065],[16.493666,43.526064],[16.493631,43.526136],[16.493647,43.526141],[16.493694,43.526154],[16.49369,43.526163],[16.493745,43.526177],[16.493751,43.526166],[16.493816,43.526034]]]}},{"type":"Feature","properties":{"krov":"ROOF_NOT_FLAT","visina":10.9777,"kota_dna":34.999,"kota_vrha":45.9767,"tlocrt":641.17730331,"obujam":995.71545437},"geometry":{"type":"Polygon","coordinates":[[[16.493488,43.526105],[16.493538,43.526119],[16.493551,43.526122],[16.493587,43.526132],[16.493591,43.526133],[16.493636,43.526034],[16.493535,43.526007],[16.493519,43.526003],[16.493493,43.526056],[16.493509,43.52606],[16.493488,43.526105]]]}},{"type":"Feature","properties":{"krov":"ROOF_NOT_FLAT","visina":8.8995,"kota_dna":25.433,"kota_vrha":34.3325,"tlocrt":424.10858455,"obujam":1214.13338519},"geometry":{"type":"Polygon","coordinates":[[[16.492539,43.526972],[16.492537,43.526969],[16.492514,43.52694],[16.492501,43.526923],[16.492495,43.526915],[16.492442,43.526936],[16.492448,43.526944],[16.4924,43.526963],[16.492405,43.526972],[16.492391,43.526979],[16.492418,43.527016],[16.492419,43.527017],[16.492421,43.52702],[16.49248,43.526996],[16.492539,43.526972]]]}},{"type":"Feature","properties":{"krov":"ROOF_NOT_FLAT","visina":3.4849,"kota_dna":24.784,"kota_vrha":28.2689,"tlocrt":178.40351449,"obujam":225.20574829},"geometry":{"type":"Polygon","coordinates":[[[16.493282,43.524668],[16.493209,43.524659],[16.493132,43.524659],[16.493131,43.52468],[16.493172,43.524684],[16.493204,43.52469],[16.493275,43.524705],[16.493282,43.524668]]]}},{"type":"Feature","properties":{"krov":"ROOF_NOT_FLAT","visina":7.1996,"kota_dna":42.137,"kota_vrha":49.3366,"tlocrt":341.98451797,"obujam":1216.60511617},"geometry":{"type":"Polygon","coordinates":[[[16.499262,43.528284],[16.499265,43.528265],[16.499269,43.528244],[16.499279,43.528193],[16.49927,43.528193],[16.499272,43.528183],[16.499245,43.528181],[16.499211,43.528177],[16.499202,43.528237],[16.499198,43.528259],[16.499195,43.528282],[16.499261,43.528288],[16.499262,43.528284]]]}},{"type":"Feature","properties":{"krov":"ROOF_NOT_FLAT","visina":3.4172,"kota_dna":34.808,"kota_vrha":38.2252,"tlocrt":174.58874826,"obujam":256.49912486},"geometry":{"type":"Polygon","coordinates":[[[16.496675,43.523747],[16.496676,43.523693],[16.496622,43.523693],[16.496582,43.523693],[16.496583,43.523748],[16.496623,43.523747],[16.496675,43.523747]]]}},{"type":"Feature","properties":{"krov":"ROOF_NOT_FLAT","visina":13.9831,"kota_dna":34.606,"kota_vrha":48.5891,"tlocrt":260.92794202,"obujam":1541.17033186},"geometry":{"type":"Polygon","coordinates":[[[16.496639,43.52909],[16.496635,43.529074],[16.496634,43.52907],[16.496611,43.529074],[16.496589,43.529077],[16.496589,43.52908],[16.496593,43.529094],[16.496639,43.52909]]]}},{"type":"Feature","properties":{"krov":"ROOF_NOT_FLAT","visina":14.3174,"kota_dna":33.004,"kota_vrha":47.3214,"tlocrt":1004.81797657,"obujam":1535.79341936},"geometry":{"type":"Polygon","coordinates":[[[16.497151,43.529047],[16.497146,43.529022],[16.49704,43.52903],[16.497043,43.529056],[16.497151,43.529047]]]}},{"type":"Feature","properties":{"krov":"ROOF_NOT_FLAT","visina":12.947,"kota_dna":33.199,"kota_vrha":46.146,"tlocrt":680.94908941,"obujam":1310.08471571},"geometry":{"type":"Polygon","coordinates":[[[16.497425,43.529041],[16.497424,43.529016],[16.497421,43.529016],[16.497321,43.529017],[16.497322,43.529043],[16.497425,43.529041]]]}},{"type":"Feature","properties":{"krov":"ROOF_NOT_FLAT","visina":11.6995,"kota_dna":33.686,"kota_vrha":45.3855,"tlocrt":230.34145027,"obujam":1596.73460521},"geometry":{"type":"Polygon","coordinates":[[[16.497322,43.529043],[16.497321,43.529017],[16.497291,43.529016],[16.497292,43.529044],[16.497322,43.529043]]]}},{"type":"Feature","properties":{"krov":"ROOF_NOT_FLAT","visina":15.4092,"kota_dna":34.139,"kota_vrha":49.5482,"tlocrt":933.57876,"obujam":261.06798131},"geometry":{"type":"Polygon","coordinates":[[[16.497826,43.529033],[16.497826,43.529017],[16.497749,43.529016],[16.497749,43.529022],[16.4977,43.529021],[16.4977,43.52902],[16.497694,43.529019],[16.497694,43.529035],[16.497826,43.529033]]]}},{"type":"Feature","properties":{"krov":"ROOF_NOT_FLAT","visina":3.7362,"kota_dna":40.701,"kota_vrha":44.4372,"tlocrt":73.86262131,"obujam":1010.29559577},"geometry":{"type":"Polygon","coordinates":[[[16.497528,43.528735],[16.497528,43.528734],[16.497508,43.528734],[16.497486,43.528734],[16.497485,43.528769],[16.497487,43.528769],[16.497507,43.528769],[16.497528,43.528769],[16.497528,43.528735]]]}},{"type":"Feature","properties":{"krov":"ROOF_NOT_FLAT","visina":2.4759,"kota_dna":38.938,"kota_vrha":41.4139,"tlocrt":96.22742358,"obujam":1067.55421072},"geometry":{"type":"Polygon","coordinates":[[[16.497164,43.528253],[16.497134,43.528251],[16.497133,43.528276],[16.497163,43.528277],[16.497163,43.528304],[16.497201,43.528304],[16.497202,43.528255],[16.497164,43.528253]]]}},{"type":"Feature","properties":{"krov":"ROOF_NOT_FLAT","visina":11.93,"kota_dna":38.255,"kota_vrha":50.185,"tlocrt":1819.02980401,"obujam":281.6465431},"geometry":{"type":"Polygon","coordinates":[[[16.497069,43.528446],[16.497069,43.528423],[16.497069,43.528417],[16.497069,43.528356],[16.497021,43.528356],[16.497021,43.528375],[16.496946,43.528375],[16.496946,43.528363],[16.496821,43.528363],[16.496821,43.528373],[16.496745,43.528373],[16.496745,43.528356],[16.496683,43.528356],[16.496681,43.52842],[16.496679,43.528482],[16.496742,43.528482],[16.496742,43.52847],[16.496772,43.52847],[16.496772,43.528461],[16.496804,43.528461],[16.496804,43.528473],[16.496956,43.528473],[16.496956,43.528464],[16.496987,43.528464],[16.496987,43.528474],[16.497017,43.528474],[16.497017,43.528486],[16.497069,43.528486],[16.497069,43.528446]]]}},{"type":"Feature","properties":{"krov":"ROOF_NOT_FLAT","visina":6.917,"kota_dna":32.644,"kota_vrha":39.561,"tlocrt":281.16340409,"obujam":577.51873532},"geometry":{"type":"Polygon","coordinates":[[[16.493718,43.527064],[16.493694,43.527061],[16.493669,43.527057],[16.49368,43.527015],[16.493685,43.527013],[16.493678,43.527012],[16.493671,43.52701],[16.493672,43.527007],[16.493638,43.527002],[16.49362,43.527075],[16.493662,43.527081],[16.493712,43.527089],[16.493718,43.527064]]]}},{"type":"Feature","properties":{"krov":"ROOF_NOT_FLAT","visina":2.6489,"kota_dna":32.49,"kota_vrha":35.1389,"tlocrt":36.15501037,"obujam":1142.44361465},"geometry":{"type":"Polygon","coordinates":[[[16.493768,43.527107],[16.49377,43.5271],[16.493755,43.527097],[16.493743,43.527095],[16.49374,43.527095],[16.493734,43.527117],[16.493749,43.527119],[16.493764,43.527122],[16.493768,43.527107]]]}},{"type":"Feature","properties":{"krov":"ROOF_NOT_FLAT","visina":2.3893,"kota_dna":32.813,"kota_vrha":35.2023,"tlocrt":61.34760377,"obujam":147.26068605},"geometry":{"type":"Polygon","coordinates":[[[16.493743,43.527095],[16.493755,43.527097],[16.49377,43.5271],[16.493768,43.527107],[16.493799,43.527111],[16.493804,43.527094],[16.493809,43.527079],[16.493749,43.527069],[16.493745,43.527085],[16.493743,43.527095]]]}},{"type":"Feature","properties":{"krov":"ROOF_NOT_FLAT","visina":7.9809,"kota_dna":32.975,"kota_vrha":40.9559,"tlocrt":189.16986851,"obujam":32.3030044},"geometry":{"type":"Polygon","coordinates":[[[16.493722,43.52705],[16.493729,43.527022],[16.49371,43.527002],[16.493685,43.527013],[16.49368,43.527015],[16.493669,43.527057],[16.493694,43.527061],[16.493718,43.527064],[16.493722,43.52705]]]}},{"type":"Feature","properties":{"krov":"ROOF_NOT_FLAT","visina":5.9835,"kota_dna":33.244,"kota_vrha":39.2275,"tlocrt":139.56839152,"obujam":14.48685188},"geometry":{"type":"Polygon","coordinates":[[[16.493878,43.526961],[16.49388,43.526961],[16.493874,43.526983],[16.493889,43.526987],[16.493906,43.526992],[16.493909,43.526993],[16.493938,43.526943],[16.493917,43.526937],[16.493896,43.526931],[16.493878,43.526961]]]}},{"type":"Feature","properties":{"krov":"ROOF_NOT_FLAT","visina":10.8154,"kota_dna":34.016,"kota_vrha":44.8314,"tlocrt":524.08930914,"obujam":1049.93069839},"geometry":{"type":"Polygon","coordinates":[[[16.494101,43.526952],[16.494065,43.526945],[16.494037,43.526939],[16.494025,43.526971],[16.494004,43.527027],[16.494096,43.527045],[16.494107,43.527014],[16.494118,43.527017],[16.494123,43.527003],[16.494128,43.52699],[16.494116,43.526988],[16.494127,43.526957],[16.494101,43.526952]]]}},{"type":"Feature","properties":{"krov":"ROOF_NOT_FLAT","visina":9.122,"kota_dna":34.166,"kota_vrha":43.288,"tlocrt":916.89320628,"obujam":104.46916994},"geometry":{"type":"Polygon","coordinates":[[[16.49433,43.526861],[16.494319,43.526823],[16.494295,43.526732],[16.494251,43.526738],[16.494217,43.526742],[16.49415,43.526751],[16.494146,43.526736],[16.494145,43.526733],[16.494113,43.526738],[16.494127,43.526794],[16.494152,43.52679],[16.494155,43.526801],[16.494156,43.526805],[16.494167,43.526845],[16.494169,43.526845],[16.494226,43.526837],[16.494233,43.526862],[16.49424,43.526887],[16.49428,43.526881],[16.494277,43.526871],[16.49433,43.526863],[16.49433,43.526861]]]}},{"type":"Feature","properties":{"krov":"ROOF_NOT_FLAT","visina":3.3754,"kota_dna":32.989,"kota_vrha":36.3644,"tlocrt":47.76704724,"obujam":137.93644005},"geometry":{"type":"Polygon","coordinates":[[[16.494197,43.527117],[16.494202,43.527105],[16.494203,43.527104],[16.494208,43.527091],[16.49418,43.527085],[16.494174,43.527098],[16.494168,43.527113],[16.494192,43.527119],[16.494193,43.527116],[16.494197,43.527117]]]}},{"type":"Feature","properties":{"krov":"ROOF_NOT_FLAT","visina":3.6411,"kota_dna":33.041,"kota_vrha":36.6821,"tlocrt":76.43660745,"obujam":1296.35854628},"geometry":{"type":"Polygon","coordinates":[[[16.494208,43.527091],[16.494203,43.527104],[16.494202,43.527105],[16.494197,43.527117],[16.494196,43.52712],[16.494245,43.527132],[16.494252,43.527117],[16.494258,43.527103],[16.494209,43.527089],[16.494208,43.527091]]]}},{"type":"Feature","properties":{"krov":"ROOF_NOT_FLAT","visina":9.2988,"kota_dna":32.563,"kota_vrha":41.8618,"tlocrt":293.72604245,"obujam":116.7043079},"geometry":{"type":"Polygon","coordinates":[[[16.494138,43.527185],[16.494143,43.527175],[16.4941,43.527165],[16.494084,43.527196],[16.494089,43.527197],[16.494082,43.527212],[16.494066,43.527246],[16.494106,43.527256],[16.494121,43.527222],[16.494138,43.527185]]]}},{"type":"Feature","properties":{"krov":"ROOF_NOT_FLAT","visina":5.661,"kota_dna":31.614,"kota_vrha":37.275,"tlocrt":220.76452584,"obujam":432.28575357},"geometry":{"type":"Polygon","coordinates":[[[16.493671,43.52745],[16.493746,43.527476],[16.493764,43.527447],[16.493782,43.52742],[16.493708,43.527395],[16.493689,43.527422],[16.493671,43.52745]]]}},{"type":"Feature","properties":{"krov":"ROOF_NOT_FLAT","visina":6.3768,"kota_dna":31.555,"kota_vrha":37.9318,"tlocrt":307.22525662,"obujam":262.26913964},"geometry":{"type":"Polygon","coordinates":[[[16.493723,43.527591],[16.493843,43.527628],[16.493868,43.527587],[16.493836,43.527577],[16.493843,43.527564],[16.493824,43.527558],[16.493804,43.527552],[16.493797,43.527564],[16.493776,43.527557],[16.493756,43.527589],[16.493729,43.527581],[16.493723,43.527591]]]}},{"type":"Feature","properties":{"krov":"ROOF_NOT_FLAT","visina":6.5212,"kota_dna":32.63,"kota_vrha":39.1512,"tlocrt":454.66739581,"obujam":384.50803651},"geometry":{"type":"Polygon","coordinates":[[[16.494538,43.527367],[16.49449,43.527359],[16.494439,43.52735],[16.494428,43.527348],[16.494397,43.527445],[16.494458,43.527457],[16.494514,43.527467],[16.494545,43.527368],[16.494538,43.527367]]]}},{"type":"Feature","properties":{"krov":"ROOF_NOT_FLAT","visina":5.0563,"kota_dna":31.831,"kota_vrha":36.8873,"tlocrt":228.31947602,"obujam":364.77243615},"geometry":{"type":"Polygon","coordinates":[[[16.494615,43.527596],[16.494559,43.527584],[16.494503,43.527572],[16.494482,43.527624],[16.494488,43.527625],[16.494524,43.527633],[16.494539,43.527636],[16.494596,43.527648],[16.494615,43.527596]]]}},{"type":"Feature","properties":{"krov":"ROOF_NOT_FLAT","visina":9.1751,"kota_dna":31.951,"kota_vrha":41.1261,"tlocrt":590.75553112,"obujam":443.43132635},"geometry":{"type":"Polygon","coordinates":[[[16.494503,43.527572],[16.494559,43.527584],[16.494615,43.527596],[16.494618,43.527597],[16.494655,43.527503],[16.494595,43.527491],[16.494603,43.52747],[16.494545,43.527458],[16.4945,43.527571],[16.494503,43.527572]]]}},{"type":"Feature","properties":{"krov":"ROOF_NOT_FLAT","visina":9.4394,"kota_dna":32.089,"kota_vrha":41.5284,"tlocrt":715.71497824,"obujam":226.66070824},"geometry":{"type":"Polygon","coordinates":[[[16.494839,43.527525],[16.494873,43.527522],[16.494902,43.52752],[16.494894,43.527466],[16.494886,43.527417],[16.494841,43.527422],[16.494726,43.527433],[16.494734,43.527479],[16.494743,43.527533],[16.494839,43.527525]]]}},{"type":"Feature","properties":{"krov":"ROOF_NOT_FLAT","visina":3.7554,"kota_dna":32.133,"kota_vrha":35.8884,"tlocrt":85.44997298,"obujam":1284.7564433},"geometry":{"type":"Polygon","coordinates":[[[16.494902,43.52752],[16.494873,43.527522],[16.494839,43.527525],[16.494844,43.527555],[16.494877,43.527552],[16.494908,43.52755],[16.494902,43.52752]]]}},{"type":"Feature","properties":{"krov":"ROOF_NOT_FLAT","visina":11.5291,"kota_dna":33.143,"kota_vrha":44.6721,"tlocrt":149.99989223,"obujam":127.82996076},"geometry":{"type":"Polygon","coordinates":[[[16.494641,43.527192],[16.494613,43.527188],[16.494612,43.52719],[16.494611,43.527196],[16.494603,43.52722],[16.494632,43.527225],[16.49464,43.527201],[16.494643,43.527192],[16.494641,43.527192]]]}},{"type":"Feature","properties":{"krov":"ROOF_NOT_FLAT","visina":11.8645,"kota_dna":33.126,"kota_vrha":44.9905,"tlocrt":389.21000739,"obujam":70.46754932},"geometry":{"type":"Polygon","coordinates":[[[16.494603,43.52722],[16.494611,43.527196],[16.494612,43.52719],[16.494613,43.527188],[16.494624,43.527153],[16.494626,43.527145],[16.494575,43.527137],[16.494563,43.527176],[16.494562,43.527182],[16.494548,43.527229],[16.494598,43.527237],[16.494603,43.52722]]]}},{"type":"Feature","properties":{"krov":"ROOF_NOT_FLAT","visina":12.1752,"kota_dna":33.17,"kota_vrha":45.3452,"tlocrt":487.14630162,"obujam":9.7208576},"geometry":{"type":"Polygon","coordinates":[[[16.494575,43.527137],[16.494578,43.527127],[16.494509,43.527116],[16.494506,43.527127],[16.4945,43.527147],[16.494495,43.527166],[16.494487,43.527192],[16.494479,43.527217],[16.494548,43.527229],[16.494562,43.527182],[16.494563,43.527176],[16.494575,43.527137]]]}},{"type":"Feature","properties":{"krov":"ROOF_NOT_FLAT","visina":9.4062,"kota_dna":33.109,"kota_vrha":42.5152,"tlocrt":206.63373013,"obujam":71.81172703},"geometry":{"type":"Polygon","coordinates":[[[16.494385,43.527127],[16.494386,43.527125],[16.494356,43.52712],[16.494341,43.527168],[16.494335,43.527187],[16.494363,43.527191],[16.494369,43.527173],[16.494369,43.527172],[16.494383,43.527127],[16.494385,43.527127]]]}},{"type":"Feature","properties":{"krov":"ROOF_NOT_FLAT","visina":14.4805,"kota_dna":32.824,"kota_vrha":47.3045,"tlocrt":773.46881316,"obujam":66.12447693},"geometry":{"type":"Polygon","coordinates":[[[16.494794,43.52719],[16.494776,43.52724],[16.494774,43.527244],[16.494755,43.527298],[16.494751,43.527311],[16.494788,43.527318],[16.494793,43.527304],[16.494856,43.527315],[16.494874,43.527261],[16.494891,43.527208],[16.494794,43.52719]]]}},{"type":"Feature","properties":{"krov":"ROOF_NOT_FLAT","visina":14.8117,"kota_dna":32.824,"kota_vrha":47.6357,"tlocrt":595.53144775,"obujam":153.19252411},"geometry":{"type":"Polygon","coordinates":[[[16.494794,43.52719],[16.494787,43.527179],[16.494738,43.527173],[16.494731,43.527195],[16.494719,43.52723],[16.494712,43.527252],[16.49471,43.527256],[16.494705,43.527272],[16.494699,43.527288],[16.494755,43.527298],[16.494774,43.527244],[16.494776,43.52724],[16.494794,43.52719]]]}},{"type":"Feature","properties":{"krov":"ROOF_NOT_FLAT","visina":13.277,"kota_dna":33.8,"kota_vrha":47.077,"tlocrt":1040.02031212,"obujam":179.16307742},"geometry":{"type":"Polygon","coordinates":[[[16.494845,43.526995],[16.49484,43.52701],[16.494792,43.527002],[16.494779,43.527039],[16.494762,43.527036],[16.49476,43.527043],[16.494757,43.527051],[16.494751,43.527066],[16.49475,43.52707],[16.494757,43.527071],[16.494774,43.527074],[16.494763,43.527107],[16.494762,43.52711],[16.494922,43.527139],[16.494941,43.527085],[16.494964,43.527017],[16.494845,43.526995]]]}},{"type":"Feature","properties":{"krov":"ROOF_NOT_FLAT","visina":13.1787,"kota_dna":35.697,"kota_vrha":48.8757,"tlocrt":602.16354617,"obujam":534.00554277},"geometry":{"type":"Polygon","coordinates":[[[16.494852,43.526907],[16.494864,43.52687],[16.494866,43.526861],[16.494879,43.526821],[16.494794,43.526807],[16.494779,43.526856],[16.494768,43.52689],[16.494764,43.526903],[16.494848,43.526918],[16.494852,43.526907]]]}},{"type":"Feature","properties":{"krov":"ROOF_NOT_FLAT","visina":13.1447,"kota_dna":35.693,"kota_vrha":48.8377,"tlocrt":592.49529159,"obujam":78.48353708},"geometry":{"type":"Polygon","coordinates":[[[16.494931,43.52683],[16.49493,43.526832],[16.494923,43.526852],[16.494918,43.52687],[16.494915,43.526878],[16.494903,43.526916],[16.494899,43.526926],[16.494984,43.526939],[16.494998,43.526892],[16.495013,43.526844],[16.494931,43.52683]]]}},{"type":"Feature","properties":{"krov":"ROOF_NOT_FLAT","visina":12.6865,"kota_dna":35.771,"kota_vrha":48.4575,"tlocrt":412.58890624,"obujam":1001.41749088},"geometry":{"type":"Polygon","coordinates":[[[16.494931,43.52683],[16.494904,43.526825],[16.494879,43.526821],[16.494866,43.526861],[16.494864,43.52687],[16.494852,43.526907],[16.494903,43.526916],[16.494915,43.526878],[16.494918,43.52687],[16.494923,43.526852],[16.49493,43.526832],[16.494931,43.52683]]]}},{"type":"Feature","properties":{"krov":"ROOF_NOT_FLAT","visina":4.2522,"kota_dna":35.241,"kota_vrha":39.4932,"tlocrt":89.92536249,"obujam":831.32608489},"geometry":{"type":"Polygon","coordinates":[[[16.495209,43.527261],[16.49521,43.527257],[16.495183,43.527255],[16.495157,43.527253],[16.495153,43.527277],[16.495151,43.527291],[16.495176,43.527292],[16.495201,43.527294],[16.495209,43.527261]]]}},{"type":"Feature","properties":{"krov":"ROOF_NOT_FLAT","visina":8.8568,"kota_dna":34.985,"kota_vrha":43.8418,"tlocrt":454.58499448,"obujam":869.46204659},"geometry":{"type":"Polygon","coordinates":[[[16.495126,43.527305],[16.495126,43.527274],[16.495127,43.52723],[16.495123,43.52723],[16.495072,43.527229],[16.495062,43.527229],[16.495016,43.527229],[16.495015,43.527243],[16.495066,43.527243],[16.495063,43.527293],[16.495016,43.527292],[16.495014,43.527306],[16.495022,43.527306],[16.495069,43.527308],[16.495091,43.527308],[16.495126,43.527309],[16.495126,43.527305]]]}},{"type":"Feature","properties":{"krov":"ROOF_NOT_FLAT","visina":10.2533,"kota_dna":35.567,"kota_vrha":45.8203,"tlocrt":591.1371084,"obujam":159.71617697},"geometry":{"type":"Polygon","coordinates":[[[16.495118,43.527029],[16.495056,43.527023],[16.495036,43.527123],[16.4951,43.527129],[16.495153,43.527134],[16.495171,43.527034],[16.495118,43.527029]]]}},{"type":"Feature","properties":{"krov":"ROOF_NOT_FLAT","visina":4.2925,"kota_dna":35.951,"kota_vrha":40.2435,"tlocrt":66.1295682,"obujam":1101.2581018},"geometry":{"type":"Polygon","coordinates":[[[16.495371,43.527121],[16.495327,43.527118],[16.495324,43.52713],[16.495323,43.527134],[16.495327,43.527135],[16.495325,43.527144],[16.495366,43.527147],[16.495369,43.527134],[16.495371,43.527121]]]}},{"type":"Feature","properties":{"krov":"ROOF_NOT_FLAT","visina":9.2656,"kota_dna":36.642,"kota_vrha":45.9076,"tlocrt":200.19419796,"obujam":1468.76161708},"geometry":{"type":"Polygon","coordinates":[[[16.495375,43.526852],[16.495346,43.52685],[16.495328,43.526848],[16.495324,43.526873],[16.495322,43.526887],[16.495336,43.526888],[16.495335,43.526899],[16.495343,43.526899],[16.495372,43.526901],[16.495373,43.526877],[16.495375,43.526852]]]}},{"type":"Feature","properties":{"krov":"ROOF_NOT_FLAT","visina":10.3368,"kota_dna":36.633,"kota_vrha":46.9698,"tlocrt":595.22548387,"obujam":50.66323414},"geometry":{"type":"Polygon","coordinates":[[[16.495318,43.526913],[16.495322,43.526887],[16.495324,43.526873],[16.495328,43.526848],[16.495332,43.526823],[16.495302,43.526821],[16.495237,43.526815],[16.49522,43.526814],[16.495212,43.526863],[16.495206,43.526903],[16.495221,43.526905],[16.495268,43.526909],[16.495318,43.526914],[16.495318,43.526913]]]}},{"type":"Feature","properties":{"krov":"ROOF_NOT_FLAT","visina":9.752,"kota_dna":36.491,"kota_vrha":46.243,"tlocrt":546.36788934,"obujam":1082.31851142},"geometry":{"type":"Polygon","coordinates":[[[16.49522,43.526814],[16.495107,43.526804],[16.495099,43.526854],[16.495099,43.526855],[16.495093,43.526894],[16.495206,43.526903],[16.495212,43.526863],[16.49522,43.526814]]]}},{"type":"Feature","properties":{"krov":"ROOF_NOT_FLAT","visina":3.9389,"kota_dna":34.92,"kota_vrha":38.8589,"tlocrt":190.85643574,"obujam":1982.85813509},"geometry":{"type":"Polygon","coordinates":[[[16.494467,43.526461],[16.494443,43.526568],[16.494467,43.52657],[16.494493,43.526573],[16.494513,43.526465],[16.494487,43.526463],[16.494467,43.526461]]]}},{"type":"Feature","properties":{"krov":"ROOF_NOT_FLAT","visina":5.0839,"kota_dna":37.363,"kota_vrha":42.4469,"tlocrt":116.59573075,"obujam":2209.75153592},"geometry":{"type":"Polygon","coordinates":[[[16.495308,43.526588],[16.495309,43.526586],[16.495269,43.526582],[16.495264,43.526608],[16.495259,43.526634],[16.495299,43.526639],[16.495304,43.526611],[16.495308,43.526588]]]}},{"type":"Feature","properties":{"krov":"ROOF_NOT_FLAT","visina":10.4501,"kota_dna":35.101,"kota_vrha":45.5511,"tlocrt":474.63425017,"obujam":8.86492206},"geometry":{"type":"Polygon","coordinates":[[[16.495017,43.526226],[16.49497,43.52622],[16.494977,43.526194],[16.494978,43.526189],[16.494899,43.526178],[16.494898,43.526182],[16.494889,43.526226],[16.494886,43.526241],[16.494885,43.526243],[16.494946,43.526251],[16.494944,43.52626],[16.494968,43.526263],[16.49497,43.526255],[16.495009,43.52626],[16.495017,43.526226]]]}},{"type":"Feature","properties":{"krov":"ROOF_NOT_FLAT","visina":10.0991,"kota_dna":34.918,"kota_vrha":45.0171,"tlocrt":792.83189241,"obujam":70.87628267},"geometry":{"type":"Polygon","coordinates":[[[16.494978,43.526189],[16.494983,43.52617],[16.494911,43.52616],[16.494918,43.526118],[16.494793,43.526101],[16.49478,43.526168],[16.494771,43.526211],[16.494819,43.526217],[16.494889,43.526226],[16.494898,43.526182],[16.494899,43.526178],[16.494978,43.526189]]]}},{"type":"Feature","properties":{"krov":"ROOF_NOT_FLAT","visina":9.8416,"kota_dna":33.924,"kota_vrha":43.7656,"tlocrt":523.71378135,"obujam":418.60034041},"geometry":{"type":"Polygon","coordinates":[[[16.493204,43.52662],[16.493169,43.526578],[16.493192,43.526567],[16.49319,43.526565],[16.493178,43.52655],[16.493159,43.526528],[16.493064,43.52657],[16.493095,43.526609],[16.493097,43.526611],[16.49313,43.526652],[16.493132,43.526654],[16.493204,43.52662]]]}},{"type":"Feature","properties":{"krov":"ROOF_NOT_FLAT","visina":8.3495,"kota_dna":33.76,"kota_vrha":42.1095,"tlocrt":379.74262631,"obujam":1567.16961469},"geometry":{"type":"Polygon","coordinates":[[[16.4931,43.526667],[16.49313,43.526652],[16.493097,43.526611],[16.493095,43.526609],[16.493064,43.52657],[16.492995,43.5266],[16.493029,43.526642],[16.493031,43.526645],[16.493044,43.526661],[16.493063,43.526684],[16.4931,43.526667]]]}},{"type":"Feature","properties":{"krov":"ROOF_NOT_FLAT","visina":2.7876,"kota_dna":32.956,"kota_vrha":35.7436,"tlocrt":30.97257398,"obujam":992.94652742},"geometry":{"type":"Polygon","coordinates":[[[16.493037,43.52672],[16.493029,43.526714],[16.493019,43.526708],[16.492998,43.526724],[16.493008,43.526731],[16.493016,43.526736],[16.493037,43.52672]]]}},{"type":"Feature","properties":{"krov":"ROOF_NOT_FLAT","visina":3.1945,"kota_dna":33.175,"kota_vrha":36.3695,"tlocrt":49.08834906,"obujam":243.43430929},"geometry":{"type":"Polygon","coordinates":[[[16.492838,43.526487],[16.492844,43.526498],[16.492845,43.526501],[16.492872,43.526495],[16.492877,43.526503],[16.492888,43.526501],[16.492883,43.526489],[16.492878,43.526477],[16.492838,43.526487]]]}},{"type":"Feature","properties":{"krov":"ROOF_NOT_FLAT","visina":3.7929,"kota_dna":32.933,"kota_vrha":36.7259,"tlocrt":139.61928596,"obujam":112.42056213},"geometry":{"type":"Polygon","coordinates":[[[16.492877,43.526503],[16.492872,43.526495],[16.492845,43.526501],[16.492844,43.526498],[16.492838,43.526487],[16.492793,43.526501],[16.492808,43.526526],[16.492823,43.52655],[16.492893,43.52653],[16.492879,43.526505],[16.492877,43.526503]]]}},{"type":"Feature","properties":{"krov":"ROOF_NOT_FLAT","visina":10.1909,"kota_dna":33.596,"kota_vrha":43.7869,"tlocrt":631.32393122,"obujam":116.22605468},"geometry":{"type":"Polygon","coordinates":[[[16.493072,43.526464],[16.493022,43.526373],[16.492966,43.52639],[16.492901,43.526409],[16.492902,43.526411],[16.49292,43.526443],[16.49293,43.52644],[16.492958,43.526451],[16.492948,43.526473],[16.492938,43.526475],[16.492952,43.526499],[16.493018,43.526481],[16.493073,43.526465],[16.493072,43.526464]]]}},{"type":"Feature","properties":{"krov":"ROOF_NOT_FLAT","visina":9.922,"kota_dna":35.47,"kota_vrha":45.392,"tlocrt":366.83684348,"obujam":280.85275714},"geometry":{"type":"Polygon","coordinates":[[[16.49384,43.525988],[16.493788,43.525974],[16.493747,43.525963],[16.493733,43.525959],[16.49371,43.526005],[16.493762,43.526019],[16.493765,43.52602],[16.493816,43.526034],[16.49384,43.525988]]]}},{"type":"Feature","properties":{"krov":"ROOF_NOT_FLAT","visina":9.5588,"kota_dna":35.532,"kota_vrha":45.0908,"tlocrt":384.9295999,"obujam":31.61053252},"geometry":{"type":"Polygon","coordinates":[[[16.493854,43.525962],[16.49387,43.525931],[16.493872,43.525928],[16.49382,43.525913],[16.493779,43.525901],[16.493778,43.525904],[16.493747,43.525963],[16.493788,43.525974],[16.49384,43.525988],[16.493854,43.525962]]]}},{"type":"Feature","properties":{"krov":"ROOF_NOT_FLAT","visina":12.7613,"kota_dna":34.948,"kota_vrha":47.7093,"tlocrt":806.81664381,"obujam":1084.96593117},"geometry":{"type":"Polygon","coordinates":[[[16.493179,43.526003],[16.493173,43.525965],[16.493172,43.525957],[16.493171,43.525955],[16.493171,43.52595],[16.493191,43.525949],[16.493184,43.525903],[16.493182,43.525895],[16.493083,43.525904],[16.493084,43.525914],[16.493031,43.525918],[16.493049,43.526015],[16.493117,43.526008],[16.49312,43.526019],[16.49316,43.526015],[16.493158,43.526005],[16.493179,43.526003]]]}},{"type":"Feature","properties":{"krov":"ROOF_NOT_FLAT","visina":13.5353,"kota_dna":35.021,"kota_vrha":48.5563,"tlocrt":89.79621314,"obujam":70.54040349},"geometry":{"type":"Polygon","coordinates":[[[16.493191,43.525949],[16.493171,43.52595],[16.493171,43.525955],[16.493172,43.525957],[16.493173,43.525965],[16.493193,43.525962],[16.493192,43.525955],[16.493191,43.525949]]]}},{"type":"Feature","properties":{"krov":"ROOF_NOT_FLAT","visina":12.6366,"kota_dna":34.926,"kota_vrha":47.5626,"tlocrt":868.64407464,"obujam":53.79585781},"geometry":{"type":"Polygon","coordinates":[[[16.493184,43.525903],[16.493191,43.525949],[16.493192,43.525955],[16.493193,43.525962],[16.493173,43.525965],[16.493179,43.526003],[16.49318,43.526011],[16.49324,43.526007],[16.493241,43.526017],[16.493281,43.526013],[16.493279,43.526002],[16.49335,43.525996],[16.493334,43.5259],[16.493279,43.525904],[16.493277,43.525893],[16.493184,43.525903]]]}},{"type":"Feature","properties":{"krov":"ROOF_NOT_FLAT","visina":4.2202,"kota_dna":26.285,"kota_vrha":30.5052,"tlocrt":87.32779302,"obujam":84.23885512},"geometry":{"type":"Polygon","coordinates":[[[16.492608,43.52707],[16.492622,43.527066],[16.492647,43.527059],[16.492621,43.527023],[16.492618,43.527024],[16.492607,43.527029],[16.49261,43.527032],[16.492601,43.527036],[16.492591,43.52704],[16.492578,43.527045],[16.492598,43.527073],[16.492608,43.52707]]]}},{"type":"Feature","properties":{"krov":"ROOF_NOT_FLAT","visina":8.5663,"kota_dna":25.62,"kota_vrha":34.1863,"tlocrt":356.13689068,"obujam":82.96183173},"geometry":{"type":"Polygon","coordinates":[[[16.492504,43.52704],[16.492511,43.527037],[16.492569,43.527014],[16.492571,43.527013],[16.492566,43.527007],[16.492544,43.526978],[16.492539,43.526972],[16.49248,43.526996],[16.492421,43.52702],[16.492419,43.527017],[16.492417,43.527018],[16.49245,43.527061],[16.492504,43.52704]]]}},{"type":"Feature","properties":{"krov":"ROOF_NOT_FLAT","visina":10.0807,"kota_dna":33.666,"kota_vrha":43.7467,"tlocrt":770.20932267,"obujam":8316.44495572},"geometry":{"type":"Polygon","coordinates":[[[16.492768,43.525795],[16.492742,43.52574],[16.492608,43.525774],[16.492611,43.525781],[16.492585,43.525788],[16.492608,43.525834],[16.492635,43.52589],[16.492794,43.525852],[16.492768,43.525795]]]}},{"type":"Feature","properties":{"krov":"ROOF_NOT_FLAT","visina":4.3387,"kota_dna":32.004,"kota_vrha":36.3427,"tlocrt":70.0940647,"obujam":5386.87932354},"geometry":{"type":"Polygon","coordinates":[[[16.492452,43.526121],[16.492451,43.526115],[16.49245,43.526114],[16.492447,43.5261],[16.492446,43.526099],[16.492426,43.526105],[16.492404,43.526112],[16.492409,43.526125],[16.492413,43.526137],[16.492454,43.526129],[16.492452,43.526121]]]}},{"type":"Feature","properties":{"krov":"ROOF_NOT_FLAT","visina":3.5018,"kota_dna":32.319,"kota_vrha":35.8208,"tlocrt":32.24541158,"obujam":601.70902964},"geometry":{"type":"Polygon","coordinates":[[[16.492447,43.5261],[16.49245,43.526114],[16.492451,43.526115],[16.492452,43.526121],[16.492471,43.526118],[16.49247,43.526111],[16.492469,43.526095],[16.492447,43.5261]]]}},{"type":"Feature","properties":{"krov":"ROOF_NOT_FLAT","visina":5.6209,"kota_dna":33.091,"kota_vrha":38.7119,"tlocrt":143.73097449,"obujam":224.92338244},"geometry":{"type":"Polygon","coordinates":[[[16.492535,43.526088],[16.492512,43.526039],[16.492486,43.526046],[16.492461,43.526052],[16.492483,43.526101],[16.49251,43.526094],[16.492535,43.526088]]]}},{"type":"Feature","properties":{"krov":"ROOF_NOT_FLAT","visina":9.4117,"kota_dna":31.521,"kota_vrha":40.9327,"tlocrt":673.09453288,"obujam":223.78653071},"geometry":{"type":"Polygon","coordinates":[[[16.492061,43.525656],[16.492084,43.525653],[16.492098,43.525651],[16.492166,43.525643],[16.492141,43.52554],[16.492074,43.525549],[16.49206,43.525551],[16.492042,43.525553],[16.491981,43.525561],[16.492001,43.525663],[16.492061,43.525656]]]}},{"type":"Feature","properties":{"krov":"ROOF_NOT_FLAT","visina":9.7378,"kota_dna":30.984,"kota_vrha":40.7218,"tlocrt":620.38425492,"obujam":236.32119102},"geometry":{"type":"Polygon","coordinates":[[[16.495081,43.5257],[16.495082,43.525644],[16.495082,43.52564],[16.49498,43.525641],[16.494978,43.525697],[16.494962,43.525697],[16.494962,43.5257],[16.494961,43.525755],[16.495081,43.525755],[16.495081,43.5257]]]}},{"type":"Feature","properties":{"krov":"ROOF_NOT_FLAT","visina":10.6406,"kota_dna":30.383,"kota_vrha":41.0236,"tlocrt":663.8350304,"obujam":241.8369428},"geometry":{"type":"Polygon","coordinates":[[[16.49512,43.525457],[16.49499,43.525445],[16.494985,43.525445],[16.494979,43.525485],[16.494977,43.525495],[16.494975,43.525509],[16.494969,43.525544],[16.495102,43.525557],[16.495111,43.525507],[16.49512,43.525457]]]}},{"type":"Feature","properties":{"krov":"ROOF_NOT_FLAT","visina":6.2658,"kota_dna":29.314,"kota_vrha":35.5798,"tlocrt":104.48488375,"obujam":182.75737773},"geometry":{"type":"Polygon","coordinates":[[[16.495112,43.524996],[16.495118,43.524997],[16.495151,43.524998],[16.495189,43.525],[16.49519,43.524988],[16.495153,43.524986],[16.495114,43.524984],[16.495112,43.524996]]]}},{"type":"Feature","properties":{"krov":"ROOF_NOT_FLAT","visina":7.5769,"kota_dna":28.601,"kota_vrha":36.1779,"tlocrt":682.42418271,"obujam":29.48561229},"geometry":{"type":"Polygon","coordinates":[[[16.495189,43.525],[16.495151,43.524998],[16.495118,43.524997],[16.495112,43.524996],[16.49505,43.524993],[16.495034,43.525127],[16.495103,43.525131],[16.495175,43.525135],[16.495189,43.525]]]}},{"type":"Feature","properties":{"krov":"ROOF_NOT_FLAT","visina":2.7422,"kota_dna":29.379,"kota_vrha":32.1212,"tlocrt":45.19634161,"obujam":37.93498729},"geometry":{"type":"Polygon","coordinates":[[[16.494665,43.525133],[16.494657,43.525101],[16.494643,43.525102],[16.494633,43.525103],[16.494627,43.525104],[16.494639,43.52514],[16.494651,43.525137],[16.494665,43.525135],[16.494665,43.525133]]]}},{"type":"Feature","properties":{"krov":"ROOF_NOT_FLAT","visina":6.8654,"kota_dna":24.853,"kota_vrha":31.7184,"tlocrt":248.03895677,"obujam":13.95312195},"geometry":{"type":"Polygon","coordinates":[[[16.49336,43.524718],[16.493436,43.524716],[16.493436,43.524714],[16.493435,43.524691],[16.493434,43.524668],[16.493332,43.524671],[16.493332,43.524673],[16.493335,43.524694],[16.493337,43.524715],[16.493337,43.524719],[16.49336,43.524718]]]}},{"type":"Feature","properties":{"krov":"ROOF_NOT_FLAT","visina":5.1904,"kota_dna":24.864,"kota_vrha":30.0544,"tlocrt":172.19139761,"obujam":131.0534655},"geometry":{"type":"Polygon","coordinates":[[[16.493524,43.524714],[16.493522,43.524689],[16.49352,43.524665],[16.493434,43.524668],[16.493435,43.524691],[16.493436,43.524714],[16.493439,43.524713],[16.493439,43.524718],[16.493524,43.524714]]]}},{"type":"Feature","properties":{"krov":"ROOF_NOT_FLAT","visina":3.5033,"kota_dna":27.422,"kota_vrha":30.9253,"tlocrt":180.27221376,"obujam":285.1106998},"geometry":{"type":"Polygon","coordinates":[[[16.492859,43.524724],[16.492851,43.524686],[16.49275,43.524697],[16.492757,43.524736],[16.49276,43.524753],[16.492862,43.524742],[16.492859,43.524724]]]}},{"type":"Feature","properties":{"krov":"ROOF_NOT_FLAT","visina":4.1101,"kota_dna":23.874,"kota_vrha":27.9841,"tlocrt":99.00479298,"obujam":16.04877746},"geometry":{"type":"Polygon","coordinates":[[[16.492896,43.524439],[16.492863,43.524441],[16.492854,43.524442],[16.492858,43.524462],[16.492862,43.524483],[16.492914,43.52448],[16.492912,43.524459],[16.49291,43.524438],[16.492896,43.524439]]]}},{"type":"Feature","properties":{"krov":"ROOF_NOT_FLAT","visina":3.2183,"kota_dna":21.594,"kota_vrha":24.8123,"tlocrt":180.19299444,"obujam":36.54499225},"geometry":{"type":"Polygon","coordinates":[[[16.492197,43.524264],[16.492218,43.524322],[16.492263,43.524311],[16.492306,43.524301],[16.492287,43.524244],[16.492242,43.524253],[16.492196,43.524262],[16.492197,43.524264]]]}},{"type":"Feature","properties":{"krov":"ROOF_NOT_FLAT","visina":6.8888,"kota_dna":18.773,"kota_vrha":25.6618,"tlocrt":410.30047639,"obujam":28.45343234},"geometry":{"type":"Polygon","coordinates":[[[16.49192,43.523848],[16.491916,43.523839],[16.491887,43.523846],[16.491882,43.523836],[16.491869,43.523839],[16.491862,43.52384],[16.491843,43.523845],[16.491846,43.523854],[16.491826,43.523859],[16.491839,43.523891],[16.491844,43.523902],[16.491829,43.523905],[16.49183,43.523909],[16.491848,43.523948],[16.491953,43.523923],[16.491936,43.523884],[16.49192,43.523848]]]}},{"type":"Feature","properties":{"krov":"ROOF_NOT_FLAT","visina":7.1165,"kota_dna":26.275,"kota_vrha":33.3915,"tlocrt":389.85062725,"obujam":13.82891637},"geometry":{"type":"Polygon","coordinates":[[[16.493719,43.524905],[16.493709,43.524859],[16.493699,43.52481],[16.493604,43.524821],[16.493617,43.52487],[16.493628,43.524915],[16.493719,43.524905]]]}},{"type":"Feature","properties":{"krov":"ROOF_NOT_FLAT","visina":7.0032,"kota_dna":26.197,"kota_vrha":33.2002,"tlocrt":247.11940866,"obujam":552.58013017},"geometry":{"type":"Polygon","coordinates":[[[16.49376,43.5249],[16.493756,43.524877],[16.493752,43.524855],[16.493751,43.524849],[16.493746,43.524825],[16.493742,43.524804],[16.493699,43.52481],[16.493709,43.524859],[16.493719,43.524905],[16.49376,43.5249]]]}},{"type":"Feature","properties":{"krov":"ROOF_NOT_FLAT","visina":10.0046,"kota_dna":25.636,"kota_vrha":35.6406,"tlocrt":695.14226143,"obujam":60.27198602},"geometry":{"type":"Polygon","coordinates":[[[16.494015,43.524874],[16.494012,43.524847],[16.494045,43.524843],[16.494075,43.52484],[16.494072,43.524825],[16.49408,43.524824],[16.494076,43.524809],[16.494075,43.524806],[16.494069,43.524778],[16.494062,43.524746],[16.493974,43.524755],[16.493987,43.524815],[16.493935,43.524819],[16.493947,43.524882],[16.493948,43.524884],[16.494016,43.524878],[16.494015,43.524874]]]}},{"type":"Feature","properties":{"krov":"ROOF_NOT_FLAT","visina":8.6856,"kota_dna":26.382,"kota_vrha":35.0676,"tlocrt":412.30380322,"obujam":101.27900008},"geometry":{"type":"Polygon","coordinates":[[[16.493895,43.524887],[16.493889,43.524862],[16.493883,43.524835],[16.493846,43.524839],[16.493772,43.524847],[16.493751,43.524849],[16.493752,43.524855],[16.493756,43.524877],[16.49376,43.5249],[16.493762,43.524906],[16.493896,43.52489],[16.493895,43.524887]]]}},{"type":"Feature","properties":{"krov":"ROOF_NOT_FLAT","visina":4.2609,"kota_dna":23.993,"kota_vrha":28.2539,"tlocrt":85.89447084,"obujam":391.29533575},"geometry":{"type":"Polygon","coordinates":[[[16.493809,43.524582],[16.493804,43.524567],[16.493799,43.524549],[16.493749,43.524557],[16.493755,43.524574],[16.49376,43.52459],[16.493809,43.524582]]]}},{"type":"Feature","properties":{"krov":"ROOF_NOT_FLAT","visina":8.3246,"kota_dna":23.347,"kota_vrha":31.6716,"tlocrt":437.31806679,"obujam":46.95585111},"geometry":{"type":"Polygon","coordinates":[[[16.493719,43.524508],[16.493715,43.524509],[16.49371,43.524509],[16.493692,43.524414],[16.493685,43.524414],[16.493635,43.52442],[16.493642,43.524463],[16.493646,43.524463],[16.493652,43.524505],[16.493647,43.524505],[16.493654,43.524544],[16.49372,43.524537],[16.493724,43.524537],[16.493719,43.524508]]]}},{"type":"Feature","properties":{"krov":"ROOF_NOT_FLAT","visina":8.868,"kota_dna":23.339,"kota_vrha":32.207,"tlocrt":408.23828185,"obujam":349.34924314},"geometry":{"type":"Polygon","coordinates":[[[16.493719,43.524508],[16.493767,43.524503],[16.493788,43.52445],[16.493779,43.524405],[16.493737,43.524409],[16.493697,43.524413],[16.493692,43.524414],[16.49371,43.524509],[16.493715,43.524509],[16.493719,43.524508]]]}},{"type":"Feature","properties":{"krov":"ROOF_NOT_FLAT","visina":8.4914,"kota_dna":23.249,"kota_vrha":31.7404,"tlocrt":83.63387512,"obujam":35.17460311},"geometry":{"type":"Polygon","coordinates":[[[16.493692,43.524414],[16.493697,43.524413],[16.493737,43.524409],[16.493736,43.524403],[16.493695,43.524407],[16.493684,43.524408],[16.493685,43.524414],[16.493692,43.524414]]]}},{"type":"Feature","properties":{"krov":"ROOF_NOT_FLAT","visina":3.6526,"kota_dna":25.031,"kota_vrha":28.6836,"tlocrt":44.91545662,"obujam":71.40521021},"geometry":{"type":"Polygon","coordinates":[[[16.494278,43.52456],[16.49429,43.524559],[16.494309,43.524557],[16.494305,43.524537],[16.494286,43.524539],[16.494269,43.52454],[16.494274,43.524561],[16.494278,43.52456]]]}},{"type":"Feature","properties":{"krov":"ROOF_NOT_FLAT","visina":6.2219,"kota_dna":25.576,"kota_vrha":31.7979,"tlocrt":1086.18092878,"obujam":557.46740967},"geometry":{"type":"Polygon","coordinates":[[[16.49512,43.523939],[16.495109,43.523884],[16.494778,43.523922],[16.494789,43.523976],[16.4948,43.524032],[16.495132,43.523995],[16.49512,43.523939]]]}},{"type":"Feature","properties":{"krov":"ROOF_NOT_FLAT","visina":10.2085,"kota_dna":26.653,"kota_vrha":36.8615,"tlocrt":389.57916338,"obujam":27.36533818},"geometry":{"type":"Polygon","coordinates":[[[16.495171,43.523748],[16.495258,43.523734],[16.495248,43.523694],[16.495193,43.523665],[16.495182,43.523667],[16.495181,43.523663],[16.495146,43.523667],[16.495156,43.523706],[16.495167,43.523748],[16.495171,43.523748]]]}},{"type":"Feature","properties":{"krov":"ROOF_NOT_FLAT","visina":5.6545,"kota_dna":31.113,"kota_vrha":36.7675,"tlocrt":111.72352862,"obujam":66.0009919},"geometry":{"type":"Polygon","coordinates":[[[16.496125,43.524669],[16.496104,43.524677],[16.496084,43.524684],[16.496108,43.52472],[16.496109,43.524721],[16.496129,43.524713],[16.49615,43.524705],[16.496127,43.524669],[16.496125,43.524669]]]}},{"type":"Feature","properties":{"krov":"ROOF_NOT_FLAT","visina":4.4941,"kota_dna":31.129,"kota_vrha":35.6231,"tlocrt":83.98794696,"obujam":57.48016002},"geometry":{"type":"Polygon","coordinates":[[[16.496088,43.524616],[16.496077,43.524598],[16.496075,43.524596],[16.496074,43.524593],[16.496066,43.524581],[16.496027,43.524595],[16.49605,43.52463],[16.496088,43.524616]]]}},{"type":"Feature","properties":{"krov":"ROOF_NOT_FLAT","visina":10.6185,"kota_dna":31.402,"kota_vrha":42.0205,"tlocrt":602.37265753,"obujam":70.20837585},"geometry":{"type":"Polygon","coordinates":[[[16.496179,43.52462],[16.496266,43.524592],[16.496237,43.524543],[16.496211,43.524501],[16.496208,43.524502],[16.496095,43.524539],[16.496121,43.524577],[16.496122,43.52458],[16.496123,43.524581],[16.496125,43.524583],[16.496145,43.524577],[16.496172,43.524618],[16.496174,43.524621],[16.496179,43.52462]]]}},{"type":"Feature","properties":{"krov":"ROOF_NOT_FLAT","visina":10.4634,"kota_dna":31.177,"kota_vrha":41.6404,"tlocrt":394.765752,"obujam":11.71955657},"geometry":{"type":"Polygon","coordinates":[[[16.496121,43.524663],[16.496155,43.524652],[16.496192,43.52464],[16.496179,43.52462],[16.496174,43.524621],[16.496172,43.524618],[16.496145,43.524577],[16.496125,43.524583],[16.496123,43.524581],[16.496122,43.52458],[16.496121,43.524577],[16.496074,43.524593],[16.496075,43.524596],[16.496077,43.524598],[16.496088,43.524616],[16.496105,43.524644],[16.496117,43.524662],[16.496118,43.524664],[16.496121,43.524663]]]}},{"type":"Feature","properties":{"krov":"ROOF_NOT_FLAT","visina":7.608,"kota_dna":33.488,"kota_vrha":41.096,"tlocrt":872.89819762,"obujam":50.91226474},"geometry":{"type":"Polygon","coordinates":[[[16.496394,43.526229],[16.496165,43.526226],[16.496164,43.5263],[16.496163,43.526348],[16.496392,43.52635],[16.496393,43.526303],[16.496394,43.526229]]]}},{"type":"Feature","properties":{"krov":"ROOF_NOT_FLAT","visina":7.0878,"kota_dna":35.35,"kota_vrha":42.4378,"tlocrt":5235.70049425,"obujam":428.01062828},"geometry":{"type":"Polygon","coordinates":[[[16.496882,43.526951],[16.495686,43.526935],[16.495683,43.527026],[16.49568,43.527118],[16.496878,43.527133],[16.49688,43.527042],[16.496882,43.526951]]]}},{"type":"Feature","properties":{"krov":"ROOF_NOT_FLAT","visina":18.5829,"kota_dna":30.697,"kota_vrha":49.2799,"tlocrt":6471.10318101,"obujam":746.27506559},"geometry":{"type":"Polygon","coordinates":[[[16.497933,43.526406],[16.497845,43.526405],[16.497847,43.526362],[16.497491,43.526357],[16.49749,43.526401],[16.49738,43.526398],[16.497377,43.526539],[16.497373,43.52669],[16.497991,43.526697],[16.497995,43.526546],[16.497998,43.526407],[16.497933,43.526406]]]}},{"type":"Feature","properties":{"krov":"ROOF_NOT_FLAT","visina":9.7609,"kota_dna":37.835,"kota_vrha":47.5959,"tlocrt":1804.6913788,"obujam":3.14589495},"geometry":{"type":"Polygon","coordinates":[[[16.498248,43.526453],[16.498142,43.526451],[16.498109,43.52645],[16.498041,43.526449],[16.498037,43.526449],[16.49803,43.526718],[16.498037,43.526718],[16.498134,43.526719],[16.498242,43.52672],[16.498248,43.526453]]]}},{"type":"Feature","properties":{"krov":"ROOF_NOT_FLAT","visina":12.541,"kota_dna":34.75,"kota_vrha":47.291,"tlocrt":2150.74757521,"obujam":142.08859524},"geometry":{"type":"Polygon","coordinates":[[[16.497689,43.52582],[16.497688,43.52587],[16.497687,43.525887],[16.497686,43.525927],[16.498185,43.525934],[16.498187,43.525877],[16.498188,43.525827],[16.497689,43.52582]]]}},{"type":"Feature","properties":{"krov":"ROOF_NOT_FLAT","visina":14.2216,"kota_dna":34.03,"kota_vrha":48.2516,"tlocrt":1326.71953896,"obujam":87.75006393},"geometry":{"type":"Polygon","coordinates":[[[16.497686,43.525927],[16.497687,43.525887],[16.497688,43.52587],[16.497689,43.52582],[16.497656,43.52582],[16.497564,43.525818],[16.497564,43.525821],[16.497561,43.525887],[16.497538,43.525885],[16.497429,43.525962],[16.497684,43.525966],[16.497686,43.525927]]]}},{"type":"Feature","properties":{"krov":"ROOF_NOT_FLAT","visina":15.7073,"kota_dna":33.48,"kota_vrha":49.1873,"tlocrt":4217.92716814,"obujam":24.26566512},"geometry":{"type":"Polygon","coordinates":[[[16.497563,43.52529],[16.497562,43.525344],[16.497561,43.525344],[16.497452,43.525343],[16.49745,43.525444],[16.497449,43.525501],[16.497447,43.525552],[16.497446,43.52561],[16.497443,43.525765],[16.497468,43.525766],[16.497566,43.525767],[16.497577,43.525767],[16.497657,43.525768],[16.497709,43.525769],[16.497719,43.525292],[16.497592,43.52529],[16.497563,43.52529]]]}},{"type":"Feature","properties":{"krov":"ROOF_NOT_FLAT","visina":3.719,"kota_dna":31.882,"kota_vrha":35.601,"tlocrt":359.77247469,"obujam":270.13763781},"geometry":{"type":"Polygon","coordinates":[[[16.497078,43.524703],[16.49707,43.524676],[16.497003,43.524687],[16.496999,43.524678],[16.496964,43.524683],[16.496967,43.524693],[16.496917,43.524702],[16.496926,43.52473],[16.496942,43.524776],[16.497092,43.524749],[16.497078,43.524703]]]}},{"type":"Feature","properties":{"krov":"ROOF_NOT_FLAT","visina":7.7439,"kota_dna":37.891,"kota_vrha":45.6349,"tlocrt":512.2897952,"obujam":35.46294135},"geometry":{"type":"Polygon","coordinates":[[[16.497572,43.523431],[16.497545,43.523323],[16.497483,43.523331],[16.497424,43.523339],[16.497452,43.523446],[16.49751,43.523439],[16.497572,43.523431]]]}},{"type":"Feature","properties":{"krov":"ROOF_NOT_FLAT","visina":16.3193,"kota_dna":35.119,"kota_vrha":51.4383,"tlocrt":4831.84510722,"obujam":20.71218732},"geometry":{"type":"Polygon","coordinates":[[[16.498847,43.525336],[16.498848,43.525295],[16.498849,43.525254],[16.49885,43.5252],[16.49812,43.52519],[16.498117,43.525286],[16.498115,43.525382],[16.498404,43.525386],[16.49848,43.525386],[16.498553,43.525387],[16.498631,43.525388],[16.498845,43.52539],[16.498847,43.525336]]]}},{"type":"Feature","properties":{"krov":"ROOF_NOT_FLAT","visina":15.3036,"kota_dna":35.623,"kota_vrha":50.9266,"tlocrt":2031.23369026,"obujam":76.20301206},"geometry":{"type":"Polygon","coordinates":[[[16.498916,43.52523],[16.498988,43.525231],[16.499012,43.525231],[16.499064,43.525232],[16.499073,43.524941],[16.498994,43.52494],[16.498925,43.52494],[16.498916,43.52523]]]}},{"type":"Feature","properties":{"krov":"ROOF_NOT_FLAT","visina":17.8823,"kota_dna":34.922,"kota_vrha":52.8043,"tlocrt":738.73923426,"obujam":26.99192167},"geometry":{"type":"Polygon","coordinates":[[[16.499064,43.525232],[16.499012,43.525231],[16.498988,43.525231],[16.498916,43.52523],[16.498916,43.525256],[16.498954,43.525256],[16.499011,43.525257],[16.499119,43.525258],[16.49912,43.525234],[16.499064,43.525232]]]}},{"type":"Feature","properties":{"krov":"ROOF_NOT_FLAT","visina":17.8679,"kota_dna":34.878,"kota_vrha":52.7459,"tlocrt":1093.60453346,"obujam":220.20368094},"geometry":{"type":"Polygon","coordinates":[[[16.499117,43.525339],[16.499009,43.525338],[16.498952,43.525338],[16.498917,43.525337],[16.498915,43.525414],[16.499008,43.525415],[16.499115,43.525416],[16.499117,43.525339]]]}},{"type":"Feature","properties":{"krov":"ROOF_NOT_FLAT","visina":18.7801,"kota_dna":34.899,"kota_vrha":53.6791,"tlocrt":1313.68687911,"obujam":108.82326622},"geometry":{"type":"Polygon","coordinates":[[[16.499119,43.525258],[16.499011,43.525257],[16.498954,43.525256],[16.498916,43.525256],[16.498893,43.525255],[16.498893,43.525276],[16.498881,43.525275],[16.49888,43.525315],[16.498893,43.525316],[16.498892,43.525337],[16.498917,43.525337],[16.498952,43.525338],[16.499009,43.525338],[16.499117,43.525339],[16.499119,43.525258]]]}},{"type":"Feature","properties":{"krov":"ROOF_NOT_FLAT","visina":14.4241,"kota_dna":37.702,"kota_vrha":52.1261,"tlocrt":1541.92713904,"obujam":17.33002292},"geometry":{"type":"Polygon","coordinates":[[[16.499546,43.525589],[16.499544,43.525641],[16.499544,43.525657],[16.499543,43.525697],[16.499846,43.525701],[16.499848,43.525645],[16.49985,43.525594],[16.499546,43.525589]]]}},{"type":"Feature","properties":{"krov":"ROOF_NOT_FLAT","visina":15.6205,"kota_dna":37.858,"kota_vrha":53.4785,"tlocrt":981.95393396,"obujam":34.34193515},"geometry":{"type":"Polygon","coordinates":[[[16.499398,43.525588],[16.49936,43.525588],[16.499294,43.525587],[16.499292,43.525654],[16.49929,43.525733],[16.499394,43.525735],[16.499396,43.525656],[16.499398,43.525588]]]}},{"type":"Feature","properties":{"krov":"ROOF_NOT_FLAT","visina":15.7189,"kota_dna":37.702,"kota_vrha":53.4209,"tlocrt":663.17877748,"obujam":13.11799467},"geometry":{"type":"Polygon","coordinates":[[[16.499543,43.525697],[16.499544,43.525657],[16.499544,43.525641],[16.499546,43.525589],[16.499512,43.525587],[16.499508,43.525657],[16.499503,43.525736],[16.499542,43.525737],[16.499543,43.525697]]]}},{"type":"Feature","properties":{"krov":"ROOF_NOT_FLAT","visina":18.4237,"kota_dna":37.396,"kota_vrha":55.8197,"tlocrt":5125.09906624,"obujam":62.84585693},"geometry":{"type":"Polygon","coordinates":[[[16.499332,43.525214],[16.499331,43.525271],[16.499329,43.525323],[16.499328,43.525379],[16.499324,43.525536],[16.499361,43.525536],[16.499399,43.525537],[16.499458,43.525538],[16.499513,43.525538],[16.499588,43.525539],[16.499601,43.525008],[16.49947,43.525007],[16.499337,43.525005],[16.499332,43.525214]]]}},{"type":"Feature","properties":{"krov":"ROOF_NOT_FLAT","visina":4.4634,"kota_dna":39.485,"kota_vrha":43.9484,"tlocrt":415.56717524,"obujam":93.05513091},"geometry":{"type":"Polygon","coordinates":[[[16.499819,43.525868],[16.499716,43.525868],[16.499711,43.525868],[16.499711,43.525928],[16.499711,43.525988],[16.499716,43.525988],[16.499818,43.525988],[16.499823,43.525988],[16.499824,43.525929],[16.499824,43.525868],[16.499819,43.525868]]]}},{"type":"Feature","properties":{"krov":"ROOF_NOT_FLAT","visina":3.7427,"kota_dna":39.749,"kota_vrha":43.4917,"tlocrt":85.41662819,"obujam":47.84812229},"geometry":{"type":"Polygon","coordinates":[[[16.49924,43.526491],[16.499239,43.526515],[16.499238,43.526539],[16.499272,43.526541],[16.499273,43.526516],[16.499274,43.526492],[16.49924,43.526491]]]}},{"type":"Feature","properties":{"krov":"ROOF_NOT_FLAT","visina":4.1186,"kota_dna":39.736,"kota_vrha":43.8546,"tlocrt":147.99364847,"obujam":77.026925},"geometry":{"type":"Polygon","coordinates":[[[16.499238,43.526539],[16.499239,43.526515],[16.49924,43.526491],[16.49924,43.526475],[16.499215,43.526474],[16.499214,43.526514],[16.499212,43.526579],[16.499237,43.526579],[16.499238,43.526539]]]}},{"type":"Feature","properties":{"krov":"ROOF_NOT_FLAT","visina":6.724,"kota_dna":37.638,"kota_vrha":44.362,"tlocrt":485.28989524,"obujam":16.75849454},"geometry":{"type":"Polygon","coordinates":[[[16.498801,43.526236],[16.498868,43.526237],[16.498935,43.526238],[16.498936,43.526142],[16.498869,43.526141],[16.498803,43.526141],[16.498801,43.526236]]]}},{"type":"Feature","properties":{"krov":"ROOF_NOT_FLAT","visina":4.7515,"kota_dna":39.393,"kota_vrha":44.1445,"tlocrt":678.94574161,"obujam":80.26567051},"geometry":{"type":"Polygon","coordinates":[[[16.499464,43.526283],[16.499553,43.526284],[16.499556,43.526284],[16.499642,43.526285],[16.499647,43.526138],[16.499556,43.526137],[16.499508,43.526136],[16.499508,43.526151],[16.499465,43.52615],[16.499464,43.526283]]]}},{"type":"Feature","properties":{"krov":"ROOF_NOT_FLAT","visina":5.3596,"kota_dna":39.765,"kota_vrha":45.1246,"tlocrt":846.45069993,"obujam":54.62411583},"geometry":{"type":"Polygon","coordinates":[[[16.499642,43.526285],[16.499556,43.526284],[16.499553,43.526284],[16.499464,43.526283],[16.49946,43.526455],[16.499552,43.526456],[16.499639,43.526457],[16.499642,43.526285]]]}},{"type":"Feature","properties":{"krov":"ROOF_NOT_FLAT","visina":4.964,"kota_dna":44.267,"kota_vrha":49.231,"tlocrt":284.40257983,"obujam":23.88850898},"geometry":{"type":"Polygon","coordinates":[[[16.499171,43.528638],[16.499171,43.528601],[16.499111,43.528601],[16.49911,43.528564],[16.49911,43.528561],[16.499106,43.528561],[16.499057,43.52856],[16.499046,43.52856],[16.499045,43.528641],[16.499078,43.528641],[16.499106,43.528641],[16.499135,43.528642],[16.499135,43.528637],[16.499171,43.528638]]]}},{"type":"Feature","properties":{"krov":"ROOF_NOT_FLAT","visina":6.7871,"kota_dna":44.58,"kota_vrha":51.3671,"tlocrt":224.51266033,"obujam":50.56168422},"geometry":{"type":"Polygon","coordinates":[[[16.499171,43.528601],[16.499186,43.528601],[16.499223,43.5286],[16.499223,43.528564],[16.499186,43.528564],[16.499183,43.528564],[16.49911,43.528564],[16.499111,43.528601],[16.499171,43.528601]]]}},{"type":"Feature","properties":{"krov":"ROOF_NOT_FLAT","visina":8.3809,"kota_dna":44,"kota_vrha":52.3809,"tlocrt":563.09562908,"obujam":70.85375051},"geometry":{"type":"Polygon","coordinates":[[[16.49911,43.528537],[16.49911,43.528561],[16.49911,43.528564],[16.499183,43.528564],[16.499186,43.528564],[16.499223,43.528564],[16.499227,43.528564],[16.499227,43.528444],[16.499181,43.528444],[16.499118,43.528445],[16.499118,43.528481],[16.499109,43.528481],[16.49911,43.528537]]]}},{"type":"Feature","properties":{"krov":"ROOF_NOT_FLAT","visina":9.3812,"kota_dna":44.941,"kota_vrha":54.3222,"tlocrt":705.11265656,"obujam":96.00067176},"geometry":{"type":"Polygon","coordinates":[[[16.499453,43.528404],[16.499391,43.528396],[16.499359,43.528532],[16.49942,43.528539],[16.499483,43.528547],[16.499514,43.528413],[16.499453,43.528404]]]}},{"type":"Feature","properties":{"krov":"ROOF_NOT_FLAT","visina":12.6254,"kota_dna":42.589,"kota_vrha":55.2144,"tlocrt":732.72991221,"obujam":13.30759842},"geometry":{"type":"Polygon","coordinates":[[[16.499572,43.528183],[16.499572,43.528178],[16.499513,43.528175],[16.499443,43.52817],[16.499435,43.528169],[16.49942,43.528263],[16.499501,43.528269],[16.499559,43.528274],[16.499572,43.528183]]]}},{"type":"Feature","properties":{"krov":"ROOF_NOT_FLAT","visina":9.5255,"kota_dna":45.282,"kota_vrha":54.8075,"tlocrt":526.37442964,"obujam":171.70220465},"geometry":{"type":"Polygon","coordinates":[[[16.499759,43.528395],[16.499773,43.528339],[16.499703,43.528331],[16.499635,43.528323],[16.499616,43.528406],[16.499621,43.528406],[16.499622,43.528402],[16.499679,43.528408],[16.499684,43.528387],[16.499689,43.528387],[16.499759,43.528395]]]}},{"type":"Feature","properties":{"krov":"ROOF_NOT_FLAT","visina":10.1206,"kota_dna":45.283,"kota_vrha":55.4036,"tlocrt":579.0067394,"obujam":51.11994551},"geometry":{"type":"Polygon","coordinates":[[[16.499759,43.528395],[16.499689,43.528387],[16.499684,43.528387],[16.499679,43.528408],[16.499622,43.528402],[16.499621,43.528406],[16.499616,43.528406],[16.49961,43.528405],[16.499599,43.528459],[16.499672,43.528468],[16.499697,43.528471],[16.499699,43.528462],[16.49975,43.528468],[16.499764,43.528396],[16.499759,43.528395]]]}},{"type":"Feature","properties":{"krov":"ROOF_NOT_FLAT","visina":5.0419,"kota_dna":48.845,"kota_vrha":53.8869,"tlocrt":242.36467561,"obujam":832.78707359},"geometry":{"type":"Polygon","coordinates":[[[16.499195,43.523819],[16.499178,43.52378],[16.499101,43.523797],[16.499118,43.523836],[16.499133,43.523873],[16.499211,43.523857],[16.499195,43.523819]]]}},{"type":"Feature","properties":{"krov":"ROOF_NOT_FLAT","visina":9.6964,"kota_dna":27.303,"kota_vrha":36.9994,"tlocrt":374.93214405,"obujam":161.89557624},"geometry":{"type":"Polygon","coordinates":[[[16.495293,43.523728],[16.495298,43.523728],[16.495311,43.523721],[16.495303,43.523689],[16.495313,43.523687],[16.495304,43.523649],[16.495244,43.523658],[16.495193,43.523665],[16.495248,43.523694],[16.495258,43.523734],[16.495263,43.523733],[16.495293,43.523728]]]}},{"type":"Feature","properties":{"krov":"ROOF_NOT_FLAT","visina":9.1681,"kota_dna":34.174,"kota_vrha":43.3421,"tlocrt":157.45045612,"obujam":644.07528594},"geometry":{"type":"Polygon","coordinates":[[[16.49403,43.526938],[16.494037,43.526939],[16.494065,43.526945],[16.494101,43.526952],[16.494102,43.52695],[16.494102,43.526947],[16.494102,43.526945],[16.494102,43.526943],[16.494101,43.52694],[16.494101,43.526938],[16.4941,43.526936],[16.494098,43.526934],[16.494097,43.526932],[16.494095,43.52693],[16.494093,43.526928],[16.494091,43.526926],[16.494088,43.526925],[16.494086,43.526923],[16.494083,43.526922],[16.49408,43.526921],[16.494077,43.52692],[16.494074,43.52692],[16.494071,43.526919],[16.494067,43.526919],[16.494064,43.526919],[16.494061,43.526919],[16.494058,43.526919],[16.494055,43.52692],[16.494052,43.526921],[16.494049,43.526922],[16.494046,43.526923],[16.494043,43.526924],[16.494041,43.526926],[16.494038,43.526927],[16.494036,43.526929],[16.494034,43.526931],[16.494033,43.526933],[16.494031,43.526935],[16.49403,43.526938]]]}},{"type":"Feature","properties":{"krov":"ROOF_NOT_FLAT","visina":13.7682,"kota_dna":32.223,"kota_vrha":45.9912,"tlocrt":661.24259478,"obujam":85.71446455},"geometry":{"type":"Polygon","coordinates":[[[16.496855,43.529049],[16.496784,43.529057],[16.496774,43.529058],[16.496778,43.529078],[16.496897,43.529068],[16.496892,43.529045],[16.496855,43.529049]]]}},{"type":"Feature","properties":{"krov":"ROOF_NOT_FLAT","visina":2.3343,"kota_dna":41.828,"kota_vrha":44.1623,"tlocrt":146.73148621,"obujam":115.25813634},"geometry":{"type":"Polygon","coordinates":[[[16.498979,43.528184],[16.498923,43.528179],[16.498914,43.52822],[16.498934,43.528224],[16.498924,43.528278],[16.49896,43.528282],[16.498979,43.528184]]]}},{"type":"Feature","properties":{"krov":"ROOF_NOT_FLAT","visina":3.2581,"kota_dna":42.353,"kota_vrha":45.6111,"tlocrt":120.8540241,"obujam":97.3751587},"geometry":{"type":"Polygon","coordinates":[[[16.498865,43.52836],[16.498799,43.52833],[16.49877,43.528364],[16.498836,43.528394],[16.498865,43.52836]]]}},{"type":"Feature","properties":{"krov":"ROOF_NOT_FLAT","visina":12.5476,"kota_dna":39.6,"kota_vrha":52.1476,"tlocrt":3241.10372687,"obujam":86.60802587},"geometry":{"type":"Polygon","coordinates":[[[16.497794,43.528249],[16.497877,43.528378],[16.498206,43.528381],[16.498205,43.528561],[16.498293,43.528629],[16.498302,43.528256],[16.497794,43.528249]]]}},{"type":"Feature","properties":{"krov":"ROOF_NOT_FLAT","visina":12.5476,"kota_dna":39.6,"kota_vrha":52.1476,"tlocrt":2753.0034588,"obujam":163.43298589},"geometry":{"type":"Polygon","coordinates":[[[16.498205,43.528561],[16.497871,43.528559],[16.497877,43.528378],[16.497794,43.528249],[16.497791,43.528336],[16.49779,43.528369],[16.497783,43.528621],[16.498293,43.528629],[16.498205,43.528561]]]}},{"type":"Feature","properties":{"krov":"ROOF_NOT_FLAT","visina":3.1782,"kota_dna":40.086,"kota_vrha":43.2642,"tlocrt":582.98093227,"obujam":110.93003935},"geometry":{"type":"Polygon","coordinates":[[[16.498488,43.528281],[16.498368,43.528279],[16.498365,43.528466],[16.498483,43.528468],[16.498488,43.528281]]]}},{"type":"Feature","properties":{"krov":"ROOF_NOT_FLAT","visina":2.9893,"kota_dna":39.185,"kota_vrha":42.1743,"tlocrt":282.76776243,"obujam":267.03680978},"geometry":{"type":"Polygon","coordinates":[[[16.497423,43.528236],[16.497215,43.528234],[16.497215,43.528277],[16.497422,43.528279],[16.497423,43.528236]]]}},{"type":"Feature","properties":{"krov":"ROOF_NOT_FLAT","visina":2.9475,"kota_dna":39.825,"kota_vrha":42.7725,"tlocrt":285.87143273,"obujam":361.84747},"geometry":{"type":"Polygon","coordinates":[[[16.497421,43.52839],[16.497211,43.528387],[16.497212,43.528431],[16.497419,43.528434],[16.497421,43.52839]]]}},{"type":"Feature","properties":{"krov":"ROOF_NOT_FLAT","visina":2.9492,"kota_dna":39.548,"kota_vrha":42.4972,"tlocrt":293.4986043,"obujam":89.82032441},"geometry":{"type":"Polygon","coordinates":[[[16.497424,43.528332],[16.497214,43.528327],[16.49721,43.528371],[16.497423,43.528376],[16.497424,43.528332]]]}},{"type":"Feature","properties":{"krov":"ROOF_NOT_FLAT","visina":3.0078,"kota_dna":40.04,"kota_vrha":43.0478,"tlocrt":294.62932206,"obujam":32.71956555},"geometry":{"type":"Polygon","coordinates":[[[16.497417,43.528487],[16.497213,43.528484],[16.497211,43.52853],[16.497416,43.528533],[16.497417,43.528487]]]}},{"type":"Feature","properties":{"krov":"ROOF_NOT_FLAT","visina":4.0705,"kota_dna":33.882,"kota_vrha":37.9525,"tlocrt":217.21989589,"obujam":49.56397387},"geometry":{"type":"Polygon","coordinates":[[[16.495937,43.528711],[16.495933,43.528619],[16.495831,43.528682],[16.495865,43.528715],[16.495937,43.528711]]]}},{"type":"Feature","properties":{"krov":"ROOF_NOT_FLAT","visina":1.9145,"kota_dna":33.237,"kota_vrha":35.1515,"tlocrt":66.79887833,"obujam":151.88034312},"geometry":{"type":"Polygon","coordinates":[[[16.493641,43.526784],[16.493624,43.526803],[16.493695,43.526835],[16.493712,43.526817],[16.493641,43.526784]]]}},{"type":"Feature","properties":{"krov":"ROOF_NOT_FLAT","visina":3.1472,"kota_dna":33.082,"kota_vrha":36.2292,"tlocrt":69.90944474,"obujam":8.25476308},"geometry":{"type":"Polygon","coordinates":[[[16.493906,43.526992],[16.493889,43.526987],[16.493874,43.526983],[16.493861,43.526981],[16.493857,43.526995],[16.493851,43.527015],[16.49389,43.527025],[16.493906,43.526992]]]}},{"type":"Feature","properties":{"krov":"ROOF_NOT_FLAT","visina":5.5092,"kota_dna":33.136,"kota_vrha":38.6452,"tlocrt":44.02233404,"obujam":13.07408439},"geometry":{"type":"Polygon","coordinates":[[[16.493878,43.526961],[16.493874,43.526961],[16.493866,43.526959],[16.493861,43.526981],[16.493874,43.526983],[16.49388,43.526961],[16.493878,43.526961]]]}},{"type":"Feature","properties":{"krov":"ROOF_NOT_FLAT","visina":3.9032,"kota_dna":32.964,"kota_vrha":36.8672,"tlocrt":203.42968013,"obujam":56.58172252},"geometry":{"type":"Polygon","coordinates":[[[16.493693,43.526932],[16.493779,43.526946],[16.493866,43.526959],[16.493874,43.526961],[16.493883,43.526941],[16.493871,43.526938],[16.493872,43.526933],[16.493817,43.526924],[16.493816,43.526927],[16.493699,43.52691],[16.493693,43.526932]]]}},{"type":"Feature","properties":{"krov":"ROOF_NOT_FLAT","visina":10.3419,"kota_dna":34.175,"kota_vrha":44.5169,"tlocrt":276.24566816,"obujam":410.68965744},"geometry":{"type":"Polygon","coordinates":[[[16.494004,43.527027],[16.494025,43.526971],[16.49397,43.52696],[16.493969,43.526964],[16.493948,43.52702],[16.494002,43.527031],[16.494004,43.527027]]]}},{"type":"Feature","properties":{"krov":"ROOF_NOT_FLAT","visina":3.4022,"kota_dna":34.51,"kota_vrha":37.9122,"tlocrt":39.21062226,"obujam":368.63321745},"geometry":{"type":"Polygon","coordinates":[[[16.494251,43.526738],[16.494247,43.526719],[16.494212,43.526724],[16.494212,43.526727],[16.494217,43.526742],[16.494251,43.526738]]]}},{"type":"Feature","properties":{"krov":"ROOF_NOT_FLAT","visina":3.2802,"kota_dna":34.139,"kota_vrha":37.4192,"tlocrt":69.79370408,"obujam":248.05188763},"geometry":{"type":"Polygon","coordinates":[[[16.494233,43.526862],[16.494226,43.526837],[16.494169,43.526845],[16.494175,43.526869],[16.494233,43.526862]]]}},{"type":"Feature","properties":{"krov":"ROOF_NOT_FLAT","visina":8.522,"kota_dna":34.371,"kota_vrha":42.893,"tlocrt":69.80214723,"obujam":536.60855352},"geometry":{"type":"Polygon","coordinates":[[[16.494156,43.526805],[16.494155,43.526801],[16.494152,43.52679],[16.494127,43.526794],[16.494132,43.526809],[16.494156,43.526805]]]}},{"type":"Feature","properties":{"krov":"ROOF_NOT_FLAT","visina":2.8279,"kota_dna":32.944,"kota_vrha":35.7719,"tlocrt":43.72549901,"obujam":32.09544007},"geometry":{"type":"Polygon","coordinates":[[[16.494245,43.527132],[16.494196,43.52712],[16.494197,43.527117],[16.494193,43.527116],[16.494192,43.527119],[16.494187,43.527128],[16.494242,43.527142],[16.494245,43.527132]]]}},{"type":"Feature","properties":{"krov":"ROOF_NOT_FLAT","visina":6.9615,"kota_dna":32.701,"kota_vrha":39.6625,"tlocrt":444.52382036,"obujam":34.55470383},"geometry":{"type":"Polygon","coordinates":[[[16.494042,43.5271],[16.494032,43.527136],[16.493967,43.527126],[16.493952,43.527171],[16.494019,43.527182],[16.49402,43.527181],[16.494032,43.527184],[16.494082,43.527192],[16.494114,43.527085],[16.494049,43.527074],[16.494042,43.5271]]]}},{"type":"Feature","properties":{"krov":"ROOF_NOT_FLAT","visina":8.7014,"kota_dna":32.366,"kota_vrha":41.0674,"tlocrt":115.57383893,"obujam":156.17165728},"geometry":{"type":"Polygon","coordinates":[[[16.494112,43.527257],[16.494106,43.527256],[16.494066,43.527246],[16.49406,43.527244],[16.494053,43.52726],[16.494082,43.527266],[16.494105,43.527271],[16.494112,43.527257]]]}},{"type":"Feature","properties":{"krov":"ROOF_NOT_FLAT","visina":8.311,"kota_dna":32.874,"kota_vrha":41.185,"tlocrt":150.32416984,"obujam":35.92872313},"geometry":{"type":"Polygon","coordinates":[[[16.494143,43.527175],[16.494138,43.527185],[16.494204,43.527202],[16.494214,43.527181],[16.494148,43.527164],[16.494143,43.527175]]]}},{"type":"Feature","properties":{"krov":"ROOF_NOT_FLAT","visina":9.3646,"kota_dna":32.466,"kota_vrha":41.8306,"tlocrt":344.33188479,"obujam":77.58381431},"geometry":{"type":"Polygon","coordinates":[[[16.494204,43.527202],[16.494138,43.527185],[16.494121,43.527222],[16.494106,43.527256],[16.494112,43.527257],[16.494171,43.527272],[16.494204,43.527202]]]}},{"type":"Feature","properties":{"krov":"ROOF_NOT_FLAT","visina":3.6272,"kota_dna":31.651,"kota_vrha":35.2782,"tlocrt":88.43301463,"obujam":69.11096483},"geometry":{"type":"Polygon","coordinates":[[[16.493746,43.527476],[16.493671,43.52745],[16.493658,43.527469],[16.493733,43.527494],[16.493746,43.527476]]]}},{"type":"Feature","properties":{"krov":"ROOF_NOT_FLAT","visina":7.4038,"kota_dna":31.558,"kota_vrha":38.9618,"tlocrt":318.51699626,"obujam":26.9454604},"geometry":{"type":"Polygon","coordinates":[[[16.493843,43.527628],[16.493723,43.527591],[16.493719,43.52759],[16.493696,43.52763],[16.493818,43.527668],[16.493843,43.527628]]]}},{"type":"Feature","properties":{"krov":"ROOF_NOT_FLAT","visina":1.5165,"kota_dna":29.772,"kota_vrha":31.2885,"tlocrt":83.09340845,"obujam":586.29690059},"geometry":{"type":"Polygon","coordinates":[[[16.494362,43.527763],[16.494273,43.527752],[16.494265,43.527785],[16.494355,43.527795],[16.494362,43.527763]]]}},{"type":"Feature","properties":{"krov":"ROOF_NOT_FLAT","visina":5.6168,"kota_dna":32.09,"kota_vrha":37.7068,"tlocrt":109.05529181,"obujam":213.89472907},"geometry":{"type":"Polygon","coordinates":[[[16.49421,43.527576],[16.494171,43.527555],[16.494148,43.527576],[16.494181,43.527594],[16.4942,43.527605],[16.494223,43.527583],[16.49421,43.527576]]]}},{"type":"Feature","properties":{"krov":"ROOF_NOT_FLAT","visina":6.8607,"kota_dna":32.277,"kota_vrha":39.1377,"tlocrt":424.75211848,"obujam":182.97708947},"geometry":{"type":"Polygon","coordinates":[[[16.494305,43.527482],[16.494345,43.527444],[16.494343,43.527442],[16.494284,43.527411],[16.494282,43.527413],[16.494258,43.527435],[16.494205,43.527407],[16.494194,43.527417],[16.494159,43.527452],[16.494274,43.527513],[16.494305,43.527482]]]}},{"type":"Feature","properties":{"krov":"ROOF_NOT_FLAT","visina":2.3697,"kota_dna":32.153,"kota_vrha":34.5227,"tlocrt":57.62585087,"obujam":106.77469939},"geometry":{"type":"Polygon","coordinates":[[[16.494474,43.527549],[16.494432,43.52754],[16.494417,43.527572],[16.494459,43.527581],[16.494474,43.527549]]]}},{"type":"Feature","properties":{"krov":"ROOF_NOT_FLAT","visina":2.3638,"kota_dna":32.427,"kota_vrha":34.7908,"tlocrt":114.54330599,"obujam":34.5459139},"geometry":{"type":"Polygon","coordinates":[[[16.494432,43.52754],[16.494474,43.527549],[16.494505,43.527476],[16.494465,43.527465],[16.494432,43.52754]]]}},{"type":"Feature","properties":{"krov":"ROOF_NOT_FLAT","visina":2.5468,"kota_dna":31.984,"kota_vrha":34.5308,"tlocrt":103.21736899,"obujam":17.12522442},"geometry":{"type":"Polygon","coordinates":[[[16.494844,43.527555],[16.494839,43.527525],[16.494743,43.527533],[16.494746,43.527558],[16.494809,43.527553],[16.49481,43.527559],[16.494844,43.527555]]]}},{"type":"Feature","properties":{"krov":"ROOF_NOT_FLAT","visina":8.8982,"kota_dna":33.211,"kota_vrha":42.1092,"tlocrt":119.31229461,"obujam":239.30795481},"geometry":{"type":"Polygon","coordinates":[[[16.494624,43.527153],[16.494613,43.527188],[16.494641,43.527192],[16.494652,43.527158],[16.494624,43.527153]]]}},{"type":"Feature","properties":{"krov":"ROOF_NOT_FLAT","visina":2.2423,"kota_dna":34.711,"kota_vrha":36.9533,"tlocrt":32.39211129,"obujam":472.19202141},"geometry":{"type":"Polygon","coordinates":[[[16.494523,43.526988],[16.494498,43.526985],[16.494491,43.527011],[16.494516,43.527014],[16.494523,43.526988]]]}},{"type":"Feature","properties":{"krov":"ROOF_NOT_FLAT","visina":5.5231,"kota_dna":35.021,"kota_vrha":40.5441,"tlocrt":87.01474179,"obujam":75.54882054},"geometry":{"type":"Polygon","coordinates":[[[16.494563,43.526993],[16.494529,43.526989],[16.494523,43.526988],[16.494516,43.527014],[16.494556,43.527019],[16.494563,43.526993]]]}},{"type":"Feature","properties":{"krov":"ROOF_NOT_FLAT","visina":10.0323,"kota_dna":34.7,"kota_vrha":44.7323,"tlocrt":370.35182057,"obujam":81.92100089},"geometry":{"type":"Polygon","coordinates":[[[16.494571,43.526873],[16.494551,43.526961],[16.494608,43.526966],[16.494628,43.526877],[16.494571,43.52687],[16.494571,43.526873]]]}},{"type":"Feature","properties":{"krov":"ROOF_NOT_FLAT","visina":10.032,"kota_dna":34.572,"kota_vrha":44.604,"tlocrt":530.05938792,"obujam":46.5095172},"geometry":{"type":"Polygon","coordinates":[[[16.494555,43.526871],[16.494555,43.526868],[16.494485,43.526859],[16.494456,43.52698],[16.494498,43.526985],[16.494523,43.526988],[16.494529,43.526989],[16.494555,43.526871]]]}},{"type":"Feature","properties":{"krov":"ROOF_NOT_FLAT","visina":1.3095,"kota_dna":34.668,"kota_vrha":35.9775,"tlocrt":14.50330358,"obujam":9.87993435},"geometry":{"type":"Polygon","coordinates":[[[16.49476,43.527043],[16.494747,43.52704],[16.494738,43.527064],[16.494751,43.527066],[16.494757,43.527051],[16.49476,43.527043]]]}},{"type":"Feature","properties":{"krov":"ROOF_NOT_FLAT","visina":3.8997,"kota_dna":35.008,"kota_vrha":38.9077,"tlocrt":197.43964428,"obujam":31.1708916},"geometry":{"type":"Polygon","coordinates":[[[16.494794,43.526807],[16.494803,43.526779],[16.494804,43.526775],[16.494769,43.526769],[16.494733,43.526884],[16.494768,43.52689],[16.494779,43.526856],[16.494794,43.526807]]]}},{"type":"Feature","properties":{"krov":"ROOF_NOT_FLAT","visina":3.0684,"kota_dna":35.762,"kota_vrha":38.8304,"tlocrt":133.93148165,"obujam":14.24799731},"geometry":{"type":"Polygon","coordinates":[[[16.494803,43.526779],[16.494794,43.526807],[16.494879,43.526821],[16.494904,43.526825],[16.494913,43.526796],[16.494803,43.526779]]]}},{"type":"Feature","properties":{"krov":"ROOF_NOT_FLAT","visina":2.518,"kota_dna":35.358,"kota_vrha":37.876,"tlocrt":51.78528556,"obujam":224.8639477},"geometry":{"type":"Polygon","coordinates":[[[16.49529,43.527241],[16.495246,43.527243],[16.495248,43.527262],[16.49525,43.527269],[16.495293,43.527266],[16.49529,43.527241]]]}},{"type":"Feature","properties":{"krov":"ROOF_NOT_FLAT","visina":4.886,"kota_dna":34.972,"kota_vrha":39.858,"tlocrt":269.08675794,"obujam":72.60812981},"geometry":{"type":"Polygon","coordinates":[[[16.495373,43.527307],[16.49537,43.527274],[16.495365,43.527228],[16.495289,43.527232],[16.49529,43.527241],[16.495293,43.527266],[16.49525,43.527269],[16.495256,43.527314],[16.495373,43.527307]]]}},{"type":"Feature","properties":{"krov":"ROOF_NOT_FLAT","visina":3.1301,"kota_dna":34.699,"kota_vrha":37.8291,"tlocrt":84.61542083,"obujam":370.99269447},"geometry":{"type":"Polygon","coordinates":[[[16.495245,43.527338],[16.495259,43.527338],[16.495256,43.527314],[16.49525,43.527269],[16.495248,43.527262],[16.495231,43.527261],[16.495236,43.527296],[16.495241,43.527338],[16.495245,43.527338]]]}},{"type":"Feature","properties":{"krov":"ROOF_NOT_FLAT","visina":2.6149,"kota_dna":35.143,"kota_vrha":37.7579,"tlocrt":47.67054761,"obujam":606.02903208},"geometry":{"type":"Polygon","coordinates":[[[16.495231,43.527261],[16.495209,43.527261],[16.495201,43.527294],[16.495236,43.527296],[16.495231,43.527261]]]}},{"type":"Feature","properties":{"krov":"ROOF_NOT_FLAT","visina":3.5009,"kota_dna":34.39,"kota_vrha":37.8909,"tlocrt":115.31730412,"obujam":27.5008551},"geometry":{"type":"Polygon","coordinates":[[[16.495154,43.527347],[16.495152,43.527305],[16.495149,43.527305],[16.495126,43.527305],[16.495126,43.527309],[16.495091,43.527308],[16.495091,43.527331],[16.495085,43.527331],[16.495087,43.527352],[16.495154,43.527347]]]}},{"type":"Feature","properties":{"krov":"ROOF_NOT_FLAT","visina":3.0039,"kota_dna":35.427,"kota_vrha":38.4309,"tlocrt":59.74468649,"obujam":104.35329349},"geometry":{"type":"Polygon","coordinates":[[[16.495127,43.52723],[16.495126,43.527274],[16.495145,43.527275],[16.495152,43.527276],[16.495151,43.52723],[16.495127,43.52723]]]}},{"type":"Feature","properties":{"krov":"ROOF_NOT_FLAT","visina":8.8132,"kota_dna":34.878,"kota_vrha":43.6912,"tlocrt":227.04842347,"obujam":105.33787485},"geometry":{"type":"Polygon","coordinates":[[[16.495015,43.527243],[16.495003,43.527243],[16.495002,43.527291],[16.495016,43.527292],[16.495063,43.527293],[16.495066,43.527243],[16.495015,43.527243]]]}},{"type":"Feature","properties":{"krov":"ROOF_NOT_FLAT","visina":8.2424,"kota_dna":34.62,"kota_vrha":42.8624,"tlocrt":157.23152318,"obujam":89.62884785},"geometry":{"type":"Polygon","coordinates":[[[16.495091,43.527308],[16.495069,43.527308],[16.495022,43.527306],[16.495022,43.52733],[16.495085,43.527331],[16.495091,43.527331],[16.495091,43.527308]]]}},{"type":"Feature","properties":{"krov":"ROOF_NOT_FLAT","visina":3.0484,"kota_dna":36.084,"kota_vrha":39.1324,"tlocrt":58.42326128,"obujam":113.76574842},"geometry":{"type":"Polygon","coordinates":[[[16.495335,43.527074],[16.495334,43.52708],[16.495379,43.527084],[16.495372,43.527115],[16.495392,43.527117],[16.495395,43.527117],[16.4954,43.52708],[16.495335,43.527074]]]}},{"type":"Feature","properties":{"krov":"ROOF_NOT_FLAT","visina":2.5851,"kota_dna":36.093,"kota_vrha":38.6781,"tlocrt":66.83459141,"obujam":145.76398836},"geometry":{"type":"Polygon","coordinates":[[[16.495372,43.527115],[16.495379,43.527084],[16.495334,43.52708],[16.495327,43.527118],[16.495371,43.527121],[16.495372,43.527115]]]}},{"type":"Feature","properties":{"krov":"ROOF_NOT_FLAT","visina":1.6189,"kota_dna":36.504,"kota_vrha":38.1229,"tlocrt":36.25396613,"obujam":251.13952412},"geometry":{"type":"Polygon","coordinates":[[[16.495372,43.526901],[16.495343,43.526899],[16.495341,43.526931],[16.495373,43.526933],[16.495372,43.526901]]]}},{"type":"Feature","properties":{"krov":"ROOF_NOT_FLAT","visina":8.6711,"kota_dna":36.455,"kota_vrha":45.1261,"tlocrt":114.24845775,"obujam":259.72347276},"geometry":{"type":"Polygon","coordinates":[[[16.495099,43.526855],[16.495074,43.526853],[16.495069,43.526892],[16.495093,43.526894],[16.495099,43.526855]]]}},{"type":"Feature","properties":{"krov":"ROOF_NOT_FLAT","visina":9.2098,"kota_dna":36.523,"kota_vrha":45.7328,"tlocrt":153.50851194,"obujam":304.90048222},"geometry":{"type":"Polygon","coordinates":[[[16.495107,43.526804],[16.495083,43.526802],[16.495074,43.526853],[16.495099,43.526855],[16.495099,43.526854],[16.495107,43.526804]]]}},{"type":"Feature","properties":{"krov":"ROOF_NOT_FLAT","visina":2.5758,"kota_dna":34.814,"kota_vrha":37.3898,"tlocrt":114.46429515,"obujam":709.13324151},"geometry":{"type":"Polygon","coordinates":[[[16.494467,43.526461],[16.494427,43.526458],[16.494421,43.526489],[16.494445,43.526492],[16.494429,43.526566],[16.494443,43.526568],[16.494467,43.526461]]]}},{"type":"Feature","properties":{"krov":"ROOF_NOT_FLAT","visina":5.5594,"kota_dna":37.24,"kota_vrha":42.7994,"tlocrt":120.45067104,"obujam":74.9820725},"geometry":{"type":"Polygon","coordinates":[[[16.495251,43.526632],[16.495193,43.526626],[16.495191,43.526625],[16.495187,43.526654],[16.495194,43.526655],[16.495246,43.52666],[16.495251,43.526632]]]}},{"type":"Feature","properties":{"krov":"ROOF_NOT_FLAT","visina":2.309,"kota_dna":37.585,"kota_vrha":39.894,"tlocrt":41.01926182,"obujam":15.92643851},"geometry":{"type":"Polygon","coordinates":[[[16.495181,43.526345],[16.495168,43.526374],[16.495199,43.52638],[16.495209,43.526352],[16.495181,43.526345]]]}},{"type":"Feature","properties":{"krov":"ROOF_NOT_FLAT","visina":2.8033,"kota_dna":37.601,"kota_vrha":40.4043,"tlocrt":121.65476082,"obujam":890.38712967},"geometry":{"type":"Polygon","coordinates":[[[16.495168,43.526374],[16.495181,43.526345],[16.495114,43.526328],[16.49509,43.526373],[16.495161,43.52639],[16.495168,43.526374]]]}},{"type":"Feature","properties":{"krov":"ROOF_NOT_FLAT","visina":2.9311,"kota_dna":37.591,"kota_vrha":40.5221,"tlocrt":93.17452618,"obujam":150.55957044},"geometry":{"type":"Polygon","coordinates":[[[16.495083,43.526321],[16.495038,43.526311],[16.495014,43.526359],[16.495059,43.526371],[16.495083,43.526321]]]}},{"type":"Feature","properties":{"krov":"ROOF_NOT_FLAT","visina":4.0682,"kota_dna":37.297,"kota_vrha":41.3652,"tlocrt":71.88756281,"obujam":113.26090257},"geometry":{"type":"Polygon","coordinates":[[[16.494889,43.526226],[16.494819,43.526217],[16.494817,43.526225],[16.494874,43.526233],[16.494872,43.526239],[16.494886,43.526241],[16.494889,43.526226]]]}},{"type":"Feature","properties":{"krov":"ROOF_NOT_FLAT","visina":4.3586,"kota_dna":35.06,"kota_vrha":39.4186,"tlocrt":84.22513409,"obujam":36.43620591},"geometry":{"type":"Polygon","coordinates":[[[16.494978,43.526189],[16.494977,43.526194],[16.49497,43.52622],[16.495017,43.526226],[16.495025,43.526196],[16.494978,43.526189]]]}},{"type":"Feature","properties":{"krov":"ROOF_NOT_FLAT","visina":3.0496,"kota_dna":33.904,"kota_vrha":36.9536,"tlocrt":115.41698239,"obujam":121.86372688},"geometry":{"type":"Polygon","coordinates":[[[16.493178,43.52655],[16.49319,43.526565],[16.493192,43.526567],[16.493226,43.526609],[16.493229,43.526611],[16.493263,43.526595],[16.493213,43.526533],[16.493178,43.52655]]]}},{"type":"Feature","properties":{"krov":"ROOF_NOT_FLAT","visina":9.1181,"kota_dna":33.971,"kota_vrha":43.0891,"tlocrt":151.38235738,"obujam":46.16071989},"geometry":{"type":"Polygon","coordinates":[[[16.493226,43.526609],[16.493192,43.526567],[16.493169,43.526578],[16.493204,43.52662],[16.493226,43.526609]]]}},{"type":"Feature","properties":{"krov":"ROOF_NOT_FLAT","visina":6.1316,"kota_dna":33.73,"kota_vrha":39.8616,"tlocrt":43.7016144,"obujam":130.08284964},"geometry":{"type":"Polygon","coordinates":[[[16.493044,43.526661],[16.493031,43.526645],[16.493019,43.52665],[16.493032,43.526667],[16.493044,43.526661]]]}},{"type":"Feature","properties":{"krov":"ROOF_NOT_FLAT","visina":3.5536,"kota_dna":32.76,"kota_vrha":36.3136,"tlocrt":208.69530678,"obujam":17.42277878},"geometry":{"type":"Polygon","coordinates":[[[16.492895,43.526462],[16.492873,43.526418],[16.492802,43.526439],[16.492805,43.526443],[16.492753,43.526458],[16.492776,43.526496],[16.492895,43.526462]]]}},{"type":"Feature","properties":{"krov":"ROOF_NOT_FLAT","visina":2.4884,"kota_dna":34.003,"kota_vrha":36.4914,"tlocrt":110.07782577,"obujam":216.63443572},"geometry":{"type":"Polygon","coordinates":[[[16.493035,43.52637],[16.493083,43.52646],[16.493089,43.526471],[16.493112,43.526463],[16.493056,43.526364],[16.493035,43.52637]]]}},{"type":"Feature","properties":{"krov":"ROOF_NOT_FLAT","visina":8.9281,"kota_dna":33.734,"kota_vrha":42.6621,"tlocrt":145.54771843,"obujam":15.2190338},"geometry":{"type":"Polygon","coordinates":[[[16.492938,43.526475],[16.492948,43.526473],[16.492958,43.526451],[16.49293,43.52644],[16.49292,43.526443],[16.492914,43.526445],[16.492902,43.526455],[16.492902,43.526469],[16.492916,43.526479],[16.492933,43.526477],[16.492938,43.526475]]]}},{"type":"Feature","properties":{"krov":"ROOF_NOT_FLAT","visina":2.9204,"kota_dna":34.324,"kota_vrha":37.2444,"tlocrt":152.20409213,"obujam":58.55017805},"geometry":{"type":"Polygon","coordinates":[[[16.493274,43.526352],[16.493221,43.526365],[16.493191,43.526372],[16.493199,43.526387],[16.493142,43.526403],[16.493153,43.526426],[16.493244,43.526403],[16.493275,43.526355],[16.493274,43.526352]]]}},{"type":"Feature","properties":{"krov":"ROOF_NOT_FLAT","visina":2.8898,"kota_dna":34.318,"kota_vrha":37.2078,"tlocrt":63.12005446,"obujam":765.79670027},"geometry":{"type":"Polygon","coordinates":[[[16.493191,43.526372],[16.493221,43.526365],[16.493203,43.52633],[16.493168,43.526337],[16.493186,43.526374],[16.493191,43.526372]]]}},{"type":"Feature","properties":{"krov":"ROOF_NOT_FLAT","visina":3.0627,"kota_dna":34.425,"kota_vrha":37.4877,"tlocrt":228.62434932,"obujam":60.59397819},"geometry":{"type":"Polygon","coordinates":[[[16.493241,43.52631],[16.493293,43.5263],[16.493302,43.526301],[16.493351,43.526191],[16.493342,43.526189],[16.493284,43.526201],[16.493232,43.526308],[16.493241,43.52631]]]}},{"type":"Feature","properties":{"krov":"ROOF_NOT_FLAT","visina":8.7212,"kota_dna":35.444,"kota_vrha":44.1652,"tlocrt":131.25363265,"obujam":106.70928441},"geometry":{"type":"Polygon","coordinates":[[[16.493676,43.526048],[16.493668,43.526065],[16.493727,43.526081],[16.493736,43.526064],[16.493676,43.526048]]]}},{"type":"Feature","properties":{"krov":"ROOF_NOT_FLAT","visina":3.7125,"kota_dna":35.166,"kota_vrha":38.8785,"tlocrt":165.46487144,"obujam":108.69793904},"geometry":{"type":"Polygon","coordinates":[[[16.493577,43.526153],[16.493541,43.526144],[16.493479,43.526129],[16.493481,43.526124],[16.493467,43.526121],[16.493449,43.526158],[16.493562,43.526186],[16.493577,43.526153]]]}},{"type":"Feature","properties":{"krov":"ROOF_NOT_FLAT","visina":6.825,"kota_dna":35.232,"kota_vrha":42.057,"tlocrt":89.23025169,"obujam":64.29260783},"geometry":{"type":"Polygon","coordinates":[[[16.493587,43.526132],[16.493551,43.526122],[16.493541,43.526144],[16.493577,43.526153],[16.493587,43.526132]]]}},{"type":"Feature","properties":{"krov":"ROOF_NOT_FLAT","visina":9.2065,"kota_dna":35.231,"kota_vrha":44.4375,"tlocrt":171.80295423,"obujam":149.26620205},"geometry":{"type":"Polygon","coordinates":[[[16.493551,43.526122],[16.493538,43.526119],[16.493488,43.526105],[16.493481,43.526124],[16.493479,43.526129],[16.493541,43.526144],[16.493551,43.526122]]]}},{"type":"Feature","properties":{"krov":"ROOF_NOT_FLAT","visina":3.3577,"kota_dna":34.609,"kota_vrha":37.9667,"tlocrt":205.35313407,"obujam":105.13156742},"geometry":{"type":"Polygon","coordinates":[[[16.493019,43.526],[16.493005,43.525914],[16.492936,43.52592],[16.49295,43.526007],[16.493019,43.526]]]}},{"type":"Feature","properties":{"krov":"ROOF_NOT_FLAT","visina":2.6426,"kota_dna":26.097,"kota_vrha":28.7396,"tlocrt":53.05726664,"obujam":9.11350789},"geometry":{"type":"Polygon","coordinates":[[[16.492514,43.52694],[16.492537,43.526969],[16.492539,43.526972],[16.492544,43.526978],[16.492564,43.526971],[16.492537,43.526932],[16.492514,43.52694]]]}},{"type":"Feature","properties":{"krov":"ROOF_NOT_FLAT","visina":5.4891,"kota_dna":26.184,"kota_vrha":31.6731,"tlocrt":51.89537111,"obujam":1529.49877761},"geometry":{"type":"Polygon","coordinates":[[[16.492607,43.527029],[16.492596,43.527015],[16.492576,43.527023],[16.492591,43.52704],[16.492601,43.527036],[16.49261,43.527032],[16.492607,43.527029]]]}},{"type":"Feature","properties":{"krov":"ROOF_NOT_FLAT","visina":5.9642,"kota_dna":26.063,"kota_vrha":32.0272,"tlocrt":149.18817494,"obujam":597.67935165},"geometry":{"type":"Polygon","coordinates":[[[16.492578,43.527045],[16.492591,43.52704],[16.492576,43.527023],[16.492569,43.527014],[16.492511,43.527037],[16.492504,43.52704],[16.492525,43.527066],[16.492578,43.527045]]]}},{"type":"Feature","properties":{"krov":"ROOF_NOT_FLAT","visina":3.2059,"kota_dna":35.744,"kota_vrha":38.9499,"tlocrt":91.89803492,"obujam":322.14717219},"geometry":{"type":"Polygon","coordinates":[[[16.493103,43.525566],[16.493154,43.525565],[16.493151,43.525524],[16.493099,43.525526],[16.493099,43.525537],[16.4931,43.525566],[16.493103,43.525566]]]}},{"type":"Feature","properties":{"krov":"ROOF_NOT_FLAT","visina":3.2415,"kota_dna":35.224,"kota_vrha":38.4655,"tlocrt":154.49600043,"obujam":757.56433238},"geometry":{"type":"Polygon","coordinates":[[[16.493078,43.525584],[16.493103,43.525584],[16.493103,43.525566],[16.4931,43.525566],[16.493099,43.525537],[16.493008,43.525538],[16.493008,43.525556],[16.493009,43.525582],[16.493009,43.525585],[16.493078,43.525584]]]}},{"type":"Feature","properties":{"krov":"ROOF_NOT_FLAT","visina":2.9927,"kota_dna":31.956,"kota_vrha":34.9487,"tlocrt":147.64414782,"obujam":162.17596059},"geometry":{"type":"Polygon","coordinates":[[[16.492413,43.526137],[16.492409,43.526125],[16.492404,43.526112],[16.492294,43.526147],[16.492315,43.526176],[16.492416,43.526147],[16.492413,43.526137]]]}},{"type":"Feature","properties":{"krov":"ROOF_NOT_FLAT","visina":5.4427,"kota_dna":31.774,"kota_vrha":37.2167,"tlocrt":126.94893229,"obujam":249.73251351},"geometry":{"type":"Polygon","coordinates":[[[16.492293,43.52595],[16.492281,43.525928],[16.492222,43.525943],[16.492228,43.525958],[16.492214,43.525962],[16.492218,43.525972],[16.492293,43.52595]]]}},{"type":"Feature","properties":{"krov":"ROOF_NOT_FLAT","visina":8.6376,"kota_dna":31.79,"kota_vrha":40.4276,"tlocrt":567.91787632,"obujam":188.8392413},"geometry":{"type":"Polygon","coordinates":[[[16.492293,43.52595],[16.492218,43.525972],[16.492171,43.525985],[16.492231,43.526092],[16.492356,43.526054],[16.492298,43.525949],[16.492293,43.52595]]]}},{"type":"Feature","properties":{"krov":"ROOF_NOT_FLAT","visina":2.6055,"kota_dna":31.932,"kota_vrha":34.5375,"tlocrt":193.16418253,"obujam":1023.46722364},"geometry":{"type":"Polygon","coordinates":[[[16.492231,43.52566],[16.492211,43.525526],[16.492168,43.525528],[16.492194,43.525665],[16.492231,43.52566]]]}},{"type":"Feature","properties":{"krov":"ROOF_NOT_FLAT","visina":5.3572,"kota_dna":31.476,"kota_vrha":36.8332,"tlocrt":78.03336324,"obujam":55.87036792},"geometry":{"type":"Polygon","coordinates":[[[16.492205,43.52533],[16.492264,43.525331],[16.492265,43.525319],[16.492206,43.525317],[16.492205,43.52533]]]}},{"type":"Feature","properties":{"krov":"ROOF_NOT_FLAT","visina":7.8869,"kota_dna":31.363,"kota_vrha":39.2499,"tlocrt":530.91894573,"obujam":428.33757331},"geometry":{"type":"Polygon","coordinates":[[[16.492264,43.525331],[16.492205,43.52533],[16.492112,43.525329],[16.49211,43.52542],[16.492263,43.525425],[16.49227,43.525331],[16.492264,43.525331]]]}},{"type":"Feature","properties":{"krov":"ROOF_NOT_FLAT","visina":8.4866,"kota_dna":32.11,"kota_vrha":40.5966,"tlocrt":426.40367927,"obujam":10.68452758},"geometry":{"type":"Polygon","coordinates":[[[16.495413,43.525924],[16.495361,43.525919],[16.495362,43.525908],[16.495288,43.525903],[16.495279,43.525971],[16.49535,43.525977],[16.495348,43.525989],[16.495353,43.525989],[16.495402,43.525993],[16.495413,43.525924]]]}},{"type":"Feature","properties":{"krov":"ROOF_NOT_FLAT","visina":2.2204,"kota_dna":30.99,"kota_vrha":33.2104,"tlocrt":52.39709789,"obujam":283.69821321},"geometry":{"type":"Polygon","coordinates":[[[16.495082,43.525644],[16.495081,43.5257],[16.495099,43.5257],[16.495103,43.525644],[16.495082,43.525644]]]}},{"type":"Feature","properties":{"krov":"ROOF_NOT_FLAT","visina":5.8492,"kota_dna":30.65,"kota_vrha":36.4992,"tlocrt":63.03272405,"obujam":24.54064464},"geometry":{"type":"Polygon","coordinates":[[[16.494979,43.525485],[16.494955,43.525483],[16.494951,43.525507],[16.494975,43.525509],[16.494977,43.525495],[16.494979,43.525485]]]}},{"type":"Feature","properties":{"krov":"ROOF_NOT_FLAT","visina":8.402,"kota_dna":29.636,"kota_vrha":38.038,"tlocrt":161.67349731,"obujam":73.09723784},"geometry":{"type":"Polygon","coordinates":[[[16.495145,43.525403],[16.495145,43.525402],[16.495083,43.525394],[16.495082,43.525396],[16.495076,43.525419],[16.495141,43.525427],[16.495145,43.525403]]]}},{"type":"Feature","properties":{"krov":"ROOF_NOT_FLAT","visina":3.0638,"kota_dna":29.291,"kota_vrha":32.3548,"tlocrt":38.84435346,"obujam":224.54758075},"geometry":{"type":"Polygon","coordinates":[[[16.495006,43.525282],[16.494971,43.525279],[16.494966,43.525298],[16.494984,43.5253],[16.495002,43.525302],[16.495006,43.525282]]]}},{"type":"Feature","properties":{"krov":"ROOF_NOT_FLAT","visina":6.5689,"kota_dna":26.833,"kota_vrha":33.4019,"tlocrt":104.44266464,"obujam":17.44710472},"geometry":{"type":"Polygon","coordinates":[[[16.494679,43.525009],[16.494676,43.524996],[16.494612,43.525003],[16.494614,43.525017],[16.494679,43.525009]]]}},{"type":"Feature","properties":{"krov":"ROOF_NOT_FLAT","visina":5.6341,"kota_dna":24.784,"kota_vrha":30.4181,"tlocrt":114.90250417,"obujam":249.47641026},"geometry":{"type":"Polygon","coordinates":[[[16.493318,43.524672],[16.493282,43.524668],[16.493275,43.524705],[16.493321,43.524715],[16.493318,43.524672]]]}},{"type":"Feature","properties":{"krov":"ROOF_NOT_FLAT","visina":3.0613,"kota_dna":27.218,"kota_vrha":30.2793,"tlocrt":70.00043833,"obujam":28.68849188},"geometry":{"type":"Polygon","coordinates":[[[16.493439,43.524718],[16.493439,43.524713],[16.493436,43.524714],[16.493436,43.524716],[16.49336,43.524718],[16.493359,43.524726],[16.493436,43.524736],[16.493439,43.524736],[16.493439,43.524718]]]}},{"type":"Feature","properties":{"krov":"ROOF_NOT_FLAT","visina":2.8101,"kota_dna":28.828,"kota_vrha":31.6381,"tlocrt":198.09022474,"obujam":27.88717197},"geometry":{"type":"Polygon","coordinates":[[[16.493025,43.524983],[16.493025,43.524954],[16.492821,43.524956],[16.492822,43.524985],[16.493025,43.524983]]]}},{"type":"Feature","properties":{"krov":"ROOF_NOT_FLAT","visina":3.1661,"kota_dna":27.782,"kota_vrha":30.9481,"tlocrt":324.51895908,"obujam":62.70722746},"geometry":{"type":"Polygon","coordinates":[[[16.492603,43.524867],[16.492751,43.524852],[16.492738,43.52478],[16.492586,43.524792],[16.4926,43.524867],[16.492603,43.524867]]]}},{"type":"Feature","properties":{"krov":"ROOF_NOT_FLAT","visina":3.0271,"kota_dna":24.505,"kota_vrha":27.5321,"tlocrt":139.48972003,"obujam":180.95955927},"geometry":{"type":"Polygon","coordinates":[[[16.492926,43.52455],[16.492923,43.524521],[16.492802,43.524528],[16.492805,43.524557],[16.492926,43.52455]]]}},{"type":"Feature","properties":{"krov":"ROOF_NOT_FLAT","visina":4.7295,"kota_dna":24.698,"kota_vrha":29.4275,"tlocrt":294.05226075,"obujam":150.89748281},"geometry":{"type":"Polygon","coordinates":[[[16.492926,43.52455],[16.492805,43.524557],[16.492813,43.524638],[16.492936,43.524632],[16.492926,43.52455]]]}},{"type":"Feature","properties":{"krov":"ROOF_NOT_FLAT","visina":2.5496,"kota_dna":23.746,"kota_vrha":26.2956,"tlocrt":24.97610551,"obujam":224.72013616},"geometry":{"type":"Polygon","coordinates":[[[16.492896,43.524439],[16.492894,43.524429],[16.492863,43.524431],[16.492863,43.524441],[16.492896,43.524439]]]}},{"type":"Feature","properties":{"krov":"ROOF_NOT_FLAT","visina":2.525,"kota_dna":23.874,"kota_vrha":26.399,"tlocrt":59.87958647,"obujam":381.07881521},"geometry":{"type":"Polygon","coordinates":[[[16.492862,43.524483],[16.492858,43.524462],[16.492854,43.524442],[16.492822,43.524446],[16.492829,43.524486],[16.492862,43.524483]]]}},{"type":"Feature","properties":{"krov":"ROOF_NOT_FLAT","visina":5.8939,"kota_dna":24.761,"kota_vrha":30.6549,"tlocrt":49.57527407,"obujam":247.36600109},"geometry":{"type":"Polygon","coordinates":[[[16.492646,43.524565],[16.49265,43.524588],[16.492665,43.524587],[16.492661,43.524563],[16.492646,43.524565]]]}},{"type":"Feature","properties":{"krov":"ROOF_NOT_FLAT","visina":8.8208,"kota_dna":24.493,"kota_vrha":33.3138,"tlocrt":588.77186715,"obujam":110.77658605},"geometry":{"type":"Polygon","coordinates":[[[16.49265,43.524588],[16.492646,43.524565],[16.492636,43.524506],[16.492515,43.524518],[16.492536,43.524641],[16.492658,43.524629],[16.49265,43.524588]]]}},{"type":"Feature","properties":{"krov":"ROOF_NOT_FLAT","visina":4.1641,"kota_dna":25.203,"kota_vrha":29.3671,"tlocrt":195.33345393,"obujam":64.40315263},"geometry":{"type":"Polygon","coordinates":[[[16.492518,43.524661],[16.49251,43.524615],[16.492386,43.524631],[16.492396,43.524674],[16.492397,43.524677],[16.492518,43.524661]]]}},{"type":"Feature","properties":{"krov":"ROOF_NOT_FLAT","visina":3.2303,"kota_dna":22.239,"kota_vrha":25.4693,"tlocrt":89.6435749,"obujam":9.2859197},"geometry":{"type":"Polygon","coordinates":[[[16.492832,43.52427],[16.492831,43.524246],[16.492744,43.524252],[16.49275,43.524278],[16.492832,43.52427]]]}},{"type":"Feature","properties":{"krov":"ROOF_NOT_FLAT","visina":2.2606,"kota_dna":21.506,"kota_vrha":23.7666,"tlocrt":83.04656927,"obujam":242.47206397},"geometry":{"type":"Polygon","coordinates":[[[16.492218,43.524322],[16.492197,43.524264],[16.492158,43.52427],[16.492182,43.524328],[16.492218,43.524322]]]}},{"type":"Feature","properties":{"krov":"ROOF_NOT_FLAT","visina":6.1934,"kota_dna":18.789,"kota_vrha":24.9824,"tlocrt":33.55694117,"obujam":188.49892064},"geometry":{"type":"Polygon","coordinates":[[[16.491839,43.523891],[16.491824,43.523894],[16.491829,43.523905],[16.491844,43.523902],[16.491839,43.523891]]]}},{"type":"Feature","properties":{"krov":"ROOF_NOT_FLAT","visina":3.7778,"kota_dna":17.968,"kota_vrha":21.7458,"tlocrt":310.6322251,"obujam":146.46185004},"geometry":{"type":"Polygon","coordinates":[[[16.491754,43.523969],[16.491728,43.523906],[16.491587,43.523935],[16.491613,43.524],[16.491754,43.523969]]]}},{"type":"Feature","properties":{"krov":"ROOF_NOT_FLAT","visina":2.4649,"kota_dna":19.059,"kota_vrha":21.5239,"tlocrt":119.50626871,"obujam":129.92382715},"geometry":{"type":"Polygon","coordinates":[[[16.49203,43.523589],[16.491999,43.523549],[16.491928,43.523563],[16.491947,43.52361],[16.491962,43.523607],[16.49196,43.523604],[16.49203,43.523589]]]}},{"type":"Feature","properties":{"krov":"ROOF_NOT_FLAT","visina":3.8233,"kota_dna":17.656,"kota_vrha":21.4793,"tlocrt":90.96185647,"obujam":37.89943659},"geometry":{"type":"Polygon","coordinates":[[[16.491351,43.523537],[16.491365,43.523557],[16.49143,43.523531],[16.491415,43.523513],[16.491351,43.523537]]]}},{"type":"Feature","properties":{"krov":"ROOF_NOT_FLAT","visina":3.7754,"kota_dna":17.631,"kota_vrha":21.4064,"tlocrt":87.41988977,"obujam":75.02698773},"geometry":{"type":"Polygon","coordinates":[[[16.491325,43.523575],[16.491309,43.523556],[16.491251,43.523587],[16.491268,43.523604],[16.491325,43.523575]]]}},{"type":"Feature","properties":{"krov":"ROOF_NOT_FLAT","visina":4.2946,"kota_dna":17.549,"kota_vrha":21.8436,"tlocrt":96.97770238,"obujam":28.9872535},"geometry":{"type":"Polygon","coordinates":[[[16.491365,43.523557],[16.491351,43.523537],[16.491347,43.523531],[16.491304,43.52355],[16.491309,43.523556],[16.491325,43.523575],[16.49133,43.523581],[16.491371,43.523564],[16.491365,43.523557]]]}},{"type":"Feature","properties":{"krov":"ROOF_NOT_FLAT","visina":2.7218,"kota_dna":23.565,"kota_vrha":26.2868,"tlocrt":96.05385465,"obujam":28.99221649},"geometry":{"type":"Polygon","coordinates":[[[16.491594,43.52335],[16.491581,43.523326],[16.491548,43.523334],[16.491545,43.523328],[16.491501,43.52334],[16.49152,43.523373],[16.491594,43.52335]]]}},{"type":"Feature","properties":{"krov":"ROOF_NOT_FLAT","visina":3.3755,"kota_dna":25.265,"kota_vrha":28.6405,"tlocrt":94.30458314,"obujam":24.28735812},"geometry":{"type":"Polygon","coordinates":[[[16.491804,43.523227],[16.49177,43.523185],[16.491732,43.523203],[16.491766,43.523244],[16.491804,43.523227]]]}},{"type":"Feature","properties":{"krov":"ROOF_NOT_FLAT","visina":3.2004,"kota_dna":20.096,"kota_vrha":23.2964,"tlocrt":324.57166657,"obujam":211.34863412},"geometry":{"type":"Polygon","coordinates":[[[16.492323,43.523509],[16.492267,43.523377],[16.492193,43.523394],[16.492249,43.523525],[16.492323,43.523509]]]}},{"type":"Feature","properties":{"krov":"ROOF_NOT_FLAT","visina":4.0545,"kota_dna":20.655,"kota_vrha":24.7095,"tlocrt":228.56026781,"obujam":801.62257716},"geometry":{"type":"Polygon","coordinates":[[[16.492585,43.523269],[16.492552,43.5232],[16.492468,43.523222],[16.492501,43.523291],[16.492585,43.523269]]]}},{"type":"Feature","properties":{"krov":"ROOF_NOT_FLAT","visina":5.219,"kota_dna":26.344,"kota_vrha":31.563,"tlocrt":54.23678609,"obujam":35.63837448},"geometry":{"type":"Polygon","coordinates":[[[16.493772,43.524847],[16.493766,43.524822],[16.493746,43.524825],[16.493751,43.524849],[16.493772,43.524847]]]}},{"type":"Feature","properties":{"krov":"ROOF_NOT_FLAT","visina":6.2199,"kota_dna":26.091,"kota_vrha":32.3109,"tlocrt":104.26331342,"obujam":29.41097029},"geometry":{"type":"Polygon","coordinates":[[[16.493883,43.524835],[16.493875,43.524802],[16.493874,43.524799],[16.493838,43.524803],[16.493846,43.524839],[16.493883,43.524835]]]}},{"type":"Feature","properties":{"krov":"ROOF_NOT_FLAT","visina":2.0515,"kota_dna":25.701,"kota_vrha":27.7525,"tlocrt":32.24520844,"obujam":455.95034426},"geometry":{"type":"Polygon","coordinates":[[[16.494069,43.524778],[16.494075,43.524806],[16.494076,43.524809],[16.494097,43.524807],[16.494091,43.524776],[16.494069,43.524778]]]}},{"type":"Feature","properties":{"krov":"ROOF_NOT_FLAT","visina":3.0542,"kota_dna":26.006,"kota_vrha":29.0602,"tlocrt":164.08464016,"obujam":80.3410144},"geometry":{"type":"Polygon","coordinates":[[[16.494193,43.524866],[16.494192,43.524855],[16.494187,43.524855],[16.494181,43.524828],[16.494187,43.524827],[16.494186,43.524817],[16.494087,43.524824],[16.494094,43.524874],[16.494193,43.524866]]]}},{"type":"Feature","properties":{"krov":"ROOF_NOT_FLAT","visina":7.898,"kota_dna":26.234,"kota_vrha":34.132,"tlocrt":105.27478641,"obujam":374.87867077},"geometry":{"type":"Polygon","coordinates":[[[16.494045,43.524843],[16.494012,43.524847],[16.494015,43.524874],[16.494049,43.524871],[16.494045,43.524843]]]}},{"type":"Feature","properties":{"krov":"ROOF_NOT_FLAT","visina":3.1273,"kota_dna":24.884,"kota_vrha":28.0113,"tlocrt":82.42882744,"obujam":395.48324015},"geometry":{"type":"Polygon","coordinates":[[[16.493921,43.524646],[16.493909,43.524602],[16.493866,43.524608],[16.493879,43.524652],[16.493921,43.524646]]]}},{"type":"Feature","properties":{"krov":"ROOF_NOT_FLAT","visina":1.9671,"kota_dna":23.993,"kota_vrha":25.9601,"tlocrt":31.39261199,"obujam":165.31972312},"geometry":{"type":"Polygon","coordinates":[[[16.493799,43.524549],[16.493804,43.524567],[16.493809,43.524582],[16.49383,43.524576],[16.493823,43.524547],[16.493799,43.524549]]]}},{"type":"Feature","properties":{"krov":"ROOF_NOT_FLAT","visina":3.5045,"kota_dna":25.351,"kota_vrha":28.8555,"tlocrt":146.72868551,"obujam":200.53442273},"geometry":{"type":"Polygon","coordinates":[[[16.494395,43.524695],[16.494311,43.524704],[16.49432,43.524749],[16.494403,43.52474],[16.494395,43.524695]]]}},{"type":"Feature","properties":{"krov":"ROOF_NOT_FLAT","visina":4.3657,"kota_dna":25.286,"kota_vrha":29.6517,"tlocrt":283.2239291,"obujam":64.46459518},"geometry":{"type":"Polygon","coordinates":[[[16.494396,43.524662],[16.494434,43.524658],[16.494409,43.524544],[16.494341,43.524551],[16.494342,43.524554],[16.494368,43.524666],[16.494396,43.524662]]]}},{"type":"Feature","properties":{"krov":"ROOF_NOT_FLAT","visina":3.2337,"kota_dna":23.579,"kota_vrha":26.8127,"tlocrt":45.80413086,"obujam":64.26162608},"geometry":{"type":"Polygon","coordinates":[[[16.494146,43.524277],[16.494158,43.524313],[16.494175,43.52431],[16.494164,43.524273],[16.494146,43.524277]]]}},{"type":"Feature","properties":{"krov":"ROOF_NOT_FLAT","visina":4.0064,"kota_dna":23.474,"kota_vrha":27.4804,"tlocrt":93.79815331,"obujam":25.13404516},"geometry":{"type":"Polygon","coordinates":[[[16.494158,43.524313],[16.494146,43.524277],[16.494101,43.524283],[16.494105,43.524297],[16.494088,43.524299],[16.494097,43.524323],[16.494158,43.524313]]]}},{"type":"Feature","properties":{"krov":"ROOF_NOT_FLAT","visina":2.5013,"kota_dna":26.133,"kota_vrha":28.6343,"tlocrt":107.7828702,"obujam":211.69238132},"geometry":{"type":"Polygon","coordinates":[[[16.495181,43.524067],[16.495182,43.523994],[16.495132,43.523997],[16.495135,43.524066],[16.495181,43.524067]]]}},{"type":"Feature","properties":{"krov":"ROOF_NOT_FLAT","visina":3.0523,"kota_dna":29.597,"kota_vrha":32.6493,"tlocrt":99.22090924,"obujam":237.11485713},"geometry":{"type":"Polygon","coordinates":[[[16.495673,43.523664],[16.495666,43.523615],[16.495614,43.523619],[16.495622,43.523668],[16.495673,43.523664]]]}},{"type":"Feature","properties":{"krov":"ROOF_NOT_FLAT","visina":2.684,"kota_dna":29.765,"kota_vrha":32.449,"tlocrt":121.22276152,"obujam":34.66230466},"geometry":{"type":"Polygon","coordinates":[[[16.49578,43.523955],[16.495772,43.523915],[16.495688,43.523923],[16.495695,43.523964],[16.49578,43.523955]]]}},{"type":"Feature","properties":{"krov":"ROOF_NOT_FLAT","visina":2.7003,"kota_dna":29.242,"kota_vrha":31.9423,"tlocrt":103.36994972,"obujam":320.3387968},"geometry":{"type":"Polygon","coordinates":[[[16.495921,43.524447],[16.495885,43.524429],[16.495837,43.524483],[16.495873,43.524499],[16.495921,43.524447]]]}},{"type":"Feature","properties":{"krov":"ROOF_NOT_FLAT","visina":3.6541,"kota_dna":29.291,"kota_vrha":32.9451,"tlocrt":371.78382858,"obujam":80.73192533},"geometry":{"type":"Polygon","coordinates":[[[16.495637,43.524819],[16.495671,43.524868],[16.495672,43.52487],[16.495858,43.524805],[16.495826,43.524753],[16.495637,43.524819]]]}},{"type":"Feature","properties":{"krov":"ROOF_NOT_FLAT","visina":3.2854,"kota_dna":29.056,"kota_vrha":32.3414,"tlocrt":89.17408656,"obujam":13.68241691},"geometry":{"type":"Polygon","coordinates":[[[16.495671,43.524868],[16.495637,43.524819],[16.495607,43.52483],[16.495639,43.524879],[16.495671,43.524868]]]}},{"type":"Feature","properties":{"krov":"ROOF_NOT_FLAT","visina":4.3708,"kota_dna":32.306,"kota_vrha":36.6768,"tlocrt":107.24029054,"obujam":72.73920174},"geometry":{"type":"Polygon","coordinates":[[[16.496892,43.525314],[16.496847,43.525313],[16.496843,43.525357],[16.496891,43.525359],[16.496892,43.525314]]]}},{"type":"Feature","properties":{"krov":"ROOF_NOT_FLAT","visina":2.9689,"kota_dna":35.665,"kota_vrha":38.6339,"tlocrt":109.9807736,"obujam":147.91358676},"geometry":{"type":"Polygon","coordinates":[[[16.496616,43.527311],[16.496492,43.527308],[16.496493,43.527328],[16.496615,43.52733],[16.496616,43.527311]]]}},{"type":"Feature","properties":{"krov":"ROOF_NOT_FLAT","visina":7.0592,"kota_dna":35.519,"kota_vrha":42.5782,"tlocrt":3159.63835229,"obujam":159.3795996},"geometry":{"type":"Polygon","coordinates":[[[16.496477,43.527304],[16.495513,43.527292],[16.495509,43.527414],[16.496477,43.527426],[16.496477,43.527304]]]}},{"type":"Feature","properties":{"krov":"ROOF_NOT_FLAT","visina":2.9303,"kota_dna":32.725,"kota_vrha":35.6553,"tlocrt":78.85023429,"obujam":165.11199437},"geometry":{"type":"Polygon","coordinates":[[[16.495982,43.527616],[16.495969,43.527571],[16.495928,43.527577],[16.495941,43.52762],[16.495982,43.527616]]]}},{"type":"Feature","properties":{"krov":"ROOF_NOT_FLAT","visina":3.3257,"kota_dna":32.839,"kota_vrha":36.1647,"tlocrt":551.36269819,"obujam":102.76250464},"geometry":{"type":"Polygon","coordinates":[[[16.495969,43.527571],[16.495982,43.527616],[16.49599,43.52764],[16.496255,43.527598],[16.496232,43.527525],[16.495968,43.527567],[16.495969,43.527571]]]}},{"type":"Feature","properties":{"krov":"ROOF_NOT_FLAT","visina":8.2655,"kota_dna":32.701,"kota_vrha":40.9665,"tlocrt":679.25539662,"obujam":830.80453078},"geometry":{"type":"Polygon","coordinates":[[[16.49785,43.526255],[16.497847,43.526362],[16.497845,43.526405],[16.497933,43.526406],[16.497937,43.526237],[16.497851,43.526233],[16.49785,43.526255]]]}},{"type":"Feature","properties":{"krov":"ROOF_NOT_FLAT","visina":14.0201,"kota_dna":30.697,"kota_vrha":44.7171,"tlocrt":1768.88837312,"obujam":70.44625008},"geometry":{"type":"Polygon","coordinates":[[[16.49785,43.526255],[16.497495,43.526251],[16.497491,43.526357],[16.497847,43.526362],[16.49785,43.526255]]]}},{"type":"Feature","properties":{"krov":"ROOF_NOT_FLAT","visina":7.4191,"kota_dna":37.046,"kota_vrha":44.4651,"tlocrt":291.27383402,"obujam":214.82314393},"geometry":{"type":"Polygon","coordinates":[[[16.498144,43.526334],[16.498112,43.526333],[16.498112,43.526337],[16.498109,43.52645],[16.498142,43.526451],[16.498144,43.526334]]]}},{"type":"Feature","properties":{"krov":"ROOF_NOT_FLAT","visina":7.7631,"kota_dna":36.702,"kota_vrha":44.4651,"tlocrt":762.49463342,"obujam":181.76627125},"geometry":{"type":"Polygon","coordinates":[[[16.498145,43.526265],[16.498144,43.526334],[16.498142,43.526451],[16.498248,43.526453],[16.498252,43.526267],[16.498145,43.526265]]]}},{"type":"Feature","properties":{"krov":"ROOF_NOT_FLAT","visina":6.0291,"kota_dna":39.482,"kota_vrha":45.5111,"tlocrt":159.21808604,"obujam":102.84919926},"geometry":{"type":"Polygon","coordinates":[[[16.498134,43.526719],[16.498037,43.526718],[16.498036,43.526729],[16.498134,43.526757],[16.498134,43.526719]]]}},{"type":"Feature","properties":{"krov":"ROOF_NOT_FLAT","visina":5.4374,"kota_dna":39.542,"kota_vrha":44.9794,"tlocrt":213.57081285,"obujam":1132.02675046},"geometry":{"type":"Polygon","coordinates":[[[16.497747,43.523823],[16.497641,43.523728],[16.497618,43.523742],[16.497723,43.523837],[16.497747,43.523823]]]}},{"type":"Feature","properties":{"krov":"ROOF_NOT_FLAT","visina":2.7763,"kota_dna":41.116,"kota_vrha":43.8923,"tlocrt":135.49997984,"obujam":980.81588887},"geometry":{"type":"Polygon","coordinates":[[[16.498595,43.524551],[16.498586,43.524527],[16.498569,43.52453],[16.498563,43.524514],[16.498516,43.524524],[16.498522,43.524539],[16.498474,43.524549],[16.498484,43.524574],[16.498595,43.524551]]]}},{"type":"Feature","properties":{"krov":"ROOF_NOT_FLAT","visina":17.6311,"kota_dna":37.615,"kota_vrha":55.2461,"tlocrt":1186.52267088,"obujam":17.52587685},"geometry":{"type":"Polygon","coordinates":[[[16.499512,43.525587],[16.499513,43.525573],[16.499398,43.525571],[16.499398,43.525588],[16.499396,43.525656],[16.499394,43.525735],[16.499503,43.525736],[16.499508,43.525657],[16.499512,43.525587]]]}},{"type":"Feature","properties":{"krov":"ROOF_NOT_FLAT","visina":4.5367,"kota_dna":38.805,"kota_vrha":43.3417,"tlocrt":111.73573847,"obujam":89.06360471},"geometry":{"type":"Polygon","coordinates":[[[16.498485,43.526664],[16.498426,43.526663],[16.498425,43.526697],[16.498487,43.526698],[16.498485,43.526664]]]}},{"type":"Feature","properties":{"krov":"ROOF_NOT_FLAT","visina":3.0962,"kota_dna":38.721,"kota_vrha":41.8172,"tlocrt":174.0973438,"obujam":205.70879319},"geometry":{"type":"Polygon","coordinates":[[[16.498787,43.526668],[16.498664,43.526666],[16.498663,43.526706],[16.498788,43.526707],[16.498787,43.526668]]]}},{"type":"Feature","properties":{"krov":"ROOF_NOT_FLAT","visina":4.1253,"kota_dna":39.828,"kota_vrha":43.9533,"tlocrt":112.69798851,"obujam":109.35197891},"geometry":{"type":"Polygon","coordinates":[[[16.498991,43.526522],[16.498988,43.52658],[16.499029,43.526581],[16.499031,43.526522],[16.498991,43.526522]]]}},{"type":"Feature","properties":{"krov":"ROOF_NOT_FLAT","visina":11.055,"kota_dna":38.751,"kota_vrha":49.806,"tlocrt":1109.19256501,"obujam":84.73755593},"geometry":{"type":"Polygon","coordinates":[[[16.498737,43.526513],[16.498986,43.526517],[16.498989,43.526517],[16.498992,43.526423],[16.498992,43.52642],[16.498734,43.526417],[16.498734,43.52642],[16.49873,43.526513],[16.498737,43.526513]]]}},{"type":"Feature","properties":{"krov":"ROOF_NOT_FLAT","visina":2.9633,"kota_dna":41.985,"kota_vrha":44.9483,"tlocrt":98.8027463,"obujam":394.46986014},"geometry":{"type":"Polygon","coordinates":[[[16.499541,43.526652],[16.499458,43.526651],[16.499458,43.52668],[16.49954,43.526681],[16.499541,43.526652]]]}},{"type":"Feature","properties":{"krov":"ROOF_NOT_FLAT","visina":2.619,"kota_dna":41.966,"kota_vrha":44.585,"tlocrt":78.62717987,"obujam":243.42935065},"geometry":{"type":"Polygon","coordinates":[[[16.499795,43.526617],[16.499741,43.526617],[16.499738,43.526617],[16.49974,43.526644],[16.499813,43.526645],[16.499813,43.526618],[16.499795,43.526617]]]}},{"type":"Feature","properties":{"krov":"ROOF_NOT_FLAT","visina":2.0196,"kota_dna":43.432,"kota_vrha":45.4516,"tlocrt":56.94509123,"obujam":258.19001347},"geometry":{"type":"Polygon","coordinates":[[[16.499259,43.528332],[16.49926,43.528367],[16.499307,43.528366],[16.499303,43.528331],[16.499259,43.528332]]]}},{"type":"Feature","properties":{"krov":"ROOF_NOT_FLAT","visina":2.4119,"kota_dna":43.432,"kota_vrha":45.8439,"tlocrt":48.2352855,"obujam":247.22819838},"geometry":{"type":"Polygon","coordinates":[[[16.49926,43.528367],[16.499259,43.528332],[16.499235,43.528333],[16.499236,43.528374],[16.499261,43.528374],[16.49926,43.528367]]]}},{"type":"Feature","properties":{"krov":"ROOF_NOT_FLAT","visina":4.296,"kota_dna":42.066,"kota_vrha":46.362,"tlocrt":209.53898893,"obujam":40.11103216},"geometry":{"type":"Polygon","coordinates":[[[16.499332,43.528199],[16.499279,43.528193],[16.499269,43.528244],[16.499265,43.528265],[16.499262,43.528284],[16.499316,43.52829],[16.499332,43.528199]]]}},{"type":"Feature","properties":{"krov":"ROOF_NOT_FLAT","visina":8.5799,"kota_dna":41.811,"kota_vrha":50.3909,"tlocrt":567.87747257,"obujam":156.59280738},"geometry":{"type":"Polygon","coordinates":[[[16.499211,43.528177],[16.499245,43.528181],[16.499272,43.528183],[16.49927,43.528193],[16.499279,43.528193],[16.499332,43.528199],[16.499338,43.528199],[16.499359,43.52808],[16.499296,43.528075],[16.499294,43.528088],[16.499228,43.528082],[16.499211,43.528177]]]}},{"type":"Feature","properties":{"krov":"ROOF_NOT_FLAT","visina":3.1301,"kota_dna":44.152,"kota_vrha":47.2821,"tlocrt":62.67977893,"obujam":115.3494745},"geometry":{"type":"Polygon","coordinates":[[[16.49911,43.528537],[16.499083,43.528536],[16.499083,43.528543],[16.499058,43.528542],[16.499057,43.52856],[16.499106,43.528561],[16.49911,43.528561],[16.49911,43.528537]]]}},{"type":"Feature","properties":{"krov":"ROOF_NOT_FLAT","visina":2.4351,"kota_dna":44.148,"kota_vrha":46.5831,"tlocrt":64.55836409,"obujam":7.86800307},"geometry":{"type":"Polygon","coordinates":[[[16.499806,43.528258],[16.499805,43.52826],[16.499788,43.528258],[16.499781,43.528286],[16.499833,43.528294],[16.499841,43.528263],[16.499806,43.528258]]]}},{"type":"Feature","properties":{"krov":"ROOF_NOT_FLAT","visina":10.4159,"kota_dna":44.073,"kota_vrha":54.4889,"tlocrt":588.85333337,"obujam":110.21893817},"geometry":{"type":"Polygon","coordinates":[[[16.499786,43.528126],[16.499714,43.528114],[16.499696,43.528176],[16.499687,43.528174],[16.499679,43.5282],[16.499687,43.528201],[16.499675,43.528241],[16.499749,43.528252],[16.499786,43.528126]]]}},{"type":"Feature","properties":{"krov":"ROOF_NOT_FLAT","visina":2.0933,"kota_dna":31.771,"kota_vrha":33.8643,"tlocrt":38.37850874,"obujam":12.81395896},"geometry":{"type":"Polygon","coordinates":[[[16.494524,43.527633],[16.494488,43.527625],[16.494478,43.527648],[16.494513,43.527655],[16.494524,43.527633]]]}},{"type":"Feature","properties":{"krov":"ROOF_NOT_FLAT","visina":5.6307,"kota_dna":33.982,"kota_vrha":39.6127,"tlocrt":153.48160769,"obujam":105.04288324},"geometry":{"type":"Polygon","coordinates":[[[16.493083,43.52646],[16.493035,43.52637],[16.493022,43.526373],[16.493072,43.526464],[16.493083,43.52646]]]}},{"type":"Feature","properties":{"krov":"ROOF_NOT_FLAT","visina":3.4094,"kota_dna":35.042,"kota_vrha":38.4514,"tlocrt":166.61566998,"obujam":516.09030423},"geometry":{"type":"Polygon","coordinates":[[[16.493018,43.525617],[16.493,43.525617],[16.493,43.525582],[16.492999,43.525562],[16.492921,43.525563],[16.492921,43.525566],[16.492922,43.5256],[16.492934,43.525601],[16.492935,43.525614],[16.492955,43.525614],[16.492955,43.525604],[16.492968,43.525605],[16.49297,43.525629],[16.493018,43.525628],[16.493018,43.525617]]]}},{"type":"Feature","properties":{"krov":"ROOF_NOT_FLAT","visina":3.2613,"kota_dna":27.703,"kota_vrha":30.9643,"tlocrt":112.71193867,"obujam":259.40848111},"geometry":{"type":"Polygon","coordinates":[[[16.494639,43.52514],[16.494627,43.525104],[16.494633,43.525103],[16.494628,43.52508],[16.494605,43.525081],[16.494603,43.525071],[16.494581,43.525074],[16.494601,43.525145],[16.494639,43.52514]]]}},{"type":"Feature","properties":{"krov":"ROOF_NOT_FLAT","visina":5.8834,"kota_dna":37.267,"kota_vrha":43.1504,"tlocrt":172.48902644,"obujam":275.83081128},"geometry":{"type":"Polygon","coordinates":[[[16.495193,43.526626],[16.495251,43.526632],[16.495263,43.526579],[16.495203,43.526573],[16.495193,43.526626]]]}},{"type":"Feature","properties":{"krov":"ROOF_NOT_FLAT","visina":6.0258,"kota_dna":37.064,"kota_vrha":43.0898,"tlocrt":137.18784279,"obujam":46.38657787},"geometry":{"type":"Polygon","coordinates":[[[16.495246,43.52666],[16.495194,43.526655],[16.495187,43.526697],[16.495237,43.526702],[16.495246,43.52666]]]}},{"type":"Feature","properties":{"krov":"ROOF_NOT_FLAT","visina":2.0788,"kota_dna":35.951,"kota_vrha":38.0298,"tlocrt":29.58795651,"obujam":453.91690979},"geometry":{"type":"Polygon","coordinates":[[[16.495392,43.527117],[16.495372,43.527115],[16.495371,43.527121],[16.495369,43.527134],[16.495366,43.527147],[16.495387,43.527148],[16.495392,43.527117]]]}},{"type":"Feature","properties":{"krov":"ROOF_NOT_FLAT","visina":14.6393,"kota_dna":34.03,"kota_vrha":48.6693,"tlocrt":883.22311635,"obujam":1215.35487746},"geometry":{"type":"Polygon","coordinates":[[[16.497564,43.525821],[16.497467,43.52582],[16.497467,43.525817],[16.497433,43.525816],[16.497429,43.525962],[16.497538,43.525885],[16.497561,43.525887],[16.497564,43.525821]]]}},{"type":"Feature","properties":{"krov":"ROOF_NOT_FLAT","visina":9.8066,"kota_dna":44.139,"kota_vrha":53.9456,"tlocrt":483.02853517,"obujam":61.66592704},"geometry":{"type":"Polygon","coordinates":[[[16.499806,43.528258],[16.499841,43.528134],[16.499786,43.528126],[16.499749,43.528252],[16.499788,43.528258],[16.499805,43.52826],[16.499806,43.528258]]]}},{"type":"Feature","properties":{"krov":"ROOF_NOT_FLAT","visina":9.8552,"kota_dna":34.19,"kota_vrha":44.0452,"tlocrt":219.72156686,"obujam":474.43218562},"geometry":{"type":"Polygon","coordinates":[[[16.494037,43.526939],[16.49403,43.526938],[16.493968,43.526925],[16.493955,43.526961],[16.493969,43.526964],[16.49397,43.52696],[16.494025,43.526971],[16.494037,43.526939]]]}},{"type":"Feature","properties":{"krov":"ROOF_NOT_FLAT","visina":13.5428,"kota_dna":33.38,"kota_vrha":46.9228,"tlocrt":288.5452113,"obujam":46.29251499},"geometry":{"type":"Polygon","coordinates":[[[16.497043,43.529056],[16.49704,43.52903],[16.496984,43.529034],[16.496988,43.529061],[16.497043,43.529056]]]}},{"type":"Feature","properties":{"krov":"ROOF_NOT_FLAT","visina":12.1908,"kota_dna":34.732,"kota_vrha":46.9228,"tlocrt":271.26496576,"obujam":122.79681733},"geometry":{"type":"Polygon","coordinates":[[[16.497146,43.529022],[16.497151,43.529047],[16.497156,43.529046],[16.497209,43.529045],[16.497205,43.529018],[16.497146,43.529022]]]}},{"type":"Feature","properties":{"krov":"ROOF_NOT_FLAT","visina":16.6939,"kota_dna":31.849,"kota_vrha":48.5429,"tlocrt":1022.57015437,"obujam":1152.07515731},"geometry":{"type":"Polygon","coordinates":[[[16.496689,43.529086],[16.496685,43.529068],[16.496635,43.529074],[16.496639,43.52909],[16.496689,43.529086]]]}},{"type":"Feature","properties":{"krov":"ROOF_NOT_FLAT","visina":16.6939,"kota_dna":31.849,"kota_vrha":48.5429,"tlocrt":1022.57015437,"obujam":1152.07515731},"geometry":{"type":"Polygon","coordinates":[[[16.496593,43.529094],[16.496589,43.52908],[16.496557,43.529084],[16.49656,43.529097],[16.496593,43.529094]]]}}]}